case,case_name,replicate,n,n_train,n_validation,n_test,n_eval,tau,epoch,data_seed,init_seed,training_seed,test_seed,eval_seed,theta_error_l2,m_l2_error,q_l2_error,linear_error_mse,nonlinear_error_mse,cross_error_moment,cancellation_fraction,q_mse,decomposition_residual,max_float32_prediction_gap,optimizer_steps,learning_rate,model_instance,fit_calls,theta_hat_1,theta_true_1,theta_error_1,abs_theta_error_1,theta_hat_2,theta_true_2,theta_error_2,abs_theta_error_2,train_check_loss,validation_check_loss,test_check_loss,stopping_validation_check_loss,state_sha256
2,additive,3,1000,800,200,10000,10000,0.5,1,41260907,41760907,1041760907,2041260907,3041260907,1.23464424787594,5.270794538670084,5.5122980292273684,0.3363591363362108,27.781275068874383,1.1338976789066662,-0.08065384666655483,30.38542956302393,3.552713678800501e-15,2.089647277436768e-07,7,0.005,1,1,-0.1775856614112854,1.0,-1.1775856614112854,1.1775856614112854,-0.6290034651756287,-1.0,0.37099653482437134,0.37099653482437134,2.642586896245066,2.683432553524467,2.6370261624903004,2.728229522705078,507c64ab92cd9ce18993bfac2162d62043b1e834da623c45a5c411a76ad10511
2,additive,3,1000,800,200,10000,10000,0.5,2,41260907,41760907,1041760907,2041260907,3041260907,1.2130050356993711,4.489451617874537,4.679158388849055,0.29979880270239817,20.155175829236295,0.7197742979988947,-0.07037645472070433,21.894523227936485,3.552713678800501e-15,1.0764440050436974e-07,14,0.005,1,1,-0.14309097826480865,1.0,-1.1430909782648087,1.1430909782648087,-0.5941376686096191,-1.0,0.40586233139038086,0.40586233139038086,2.23247928916343,2.270584629922601,2.2266300017149097,2.3123302459716797,dc019c530d5066762f7fcf7aab047d8d5699a5f6dc046f24a08338138d04304d
2,additive,3,1000,800,200,10000,10000,0.5,3,41260907,41760907,1041760907,2041260907,3041260907,1.192893595071944,2.545852908269787,2.6816274137362064,0.27079238522034405,6.481367030545733,0.21948308516772785,-0.06501122726908427,7.191125586101534,1.7763568394002505e-15,3.511197963490531e-07,21,0.005,1,1,-0.10875535011291504,1.0,-1.108755350112915,1.108755350112915,-0.5599355697631836,-1.0,0.4400644302368164,0.4400644302368164,1.2903851418677408,1.3039892784015554,1.275647402973377,1.35294508934021,6a3d7c9aee1154b0d057df26c9ceef1cc4d9cc8325e1514ad0beef39b3798bfc
2,additive,3,1000,800,200,10000,10000,0.5,4,41260907,41760907,1041760907,2041260907,3041260907,1.1763330043158302,2.4723197023283214,2.4675115714771594,0.2518668312567466,6.112364710520799,-0.13780909320193244,0.043307378839784326,6.08861335537368,-8.881784197001252e-16,5.950759973671893e-07,28,0.005,1,1,-0.07953614741563797,1.0,-1.079536147415638,1.079536147415638,-0.5327088236808777,-1.0,0.4672911763191223,0.4672911763191223,1.13440572056487,1.1387986087925903,1.158712358385834,1.1858402490615845,b1ec6bef2e926f9656a97072bb78d298f5bd4956c276f77b3693537e53446b21
2,additive,3,1000,800,200,10000,10000,0.5,5,41260907,41760907,1041760907,2041260907,3041260907,1.1674566497421512,1.5934643207709824,1.6488662462083814,0.2449967903970996,2.5391285415701286,-0.03268271704095507,0.02347790644745283,2.7187598978853185,4.440892098500626e-16,5.849468145413539e-07,35,0.005,1,1,-0.06631843745708466,1.0,-1.0663184374570847,1.0663184374570847,-0.5246895551681519,-1.0,0.47531044483184814,0.47531044483184814,0.8747671656130485,0.8789207341190601,0.8867403327476197,0.9234474301338196,c89a19bbd4e844b78194cc886b03b6c50a16fcb20fb29c3fbae29c0549fc1105
2,additive,3,1000,800,200,10000,10000,0.5,6,41260907,41760907,1041760907,2041260907,3041260907,1.158114648400496,1.480582095902419,1.5533960874773398,0.2388816956811942,2.1921233427068,-0.008982816899043247,0.007390208376532019,2.4130394045899073,0.0,4.579321437603312e-07,42,0.005,1,1,-0.05343068763613701,1.0,-1.053430687636137,1.053430687636137,-0.5188416838645935,-1.0,0.4811583161354065,0.4811583161354065,0.8624606671823214,0.8605702695675308,0.8592174269975159,0.9012976288795471,1da8b7949c108bd860518eae95904c080ff1614b6728d9e8d564b850a234dc56
2,additive,3,1000,800,200,10000,10000,0.5,7,41260907,41760907,1041760907,2041260907,3041260907,1.1470561944704674,1.2626192566304395,1.3266093549723554,0.23209754871418817,1.5942073872140037,-0.033206277614011376,0.036364439432601973,1.7598923807001692,2.220446049250313e-16,5.798311164539882e-07,49,0.005,1,1,-0.03788921609520912,1.0,-1.0378892160952091,1.0378892160952091,-0.5116109251976013,-1.0,0.4883890748023987,0.4883890748023987,0.7709854611814765,0.7676255836753917,0.7883021816382059,0.8000196814537048,b73764a886f13991360bf54e62ddd2f390b2b2161bcc7ad9294e165d54312f42
2,additive,3,1000,800,200,10000,10000,0.5,8,41260907,41760907,1041760907,2041260907,3041260907,1.1371923966910205,1.0669825580095165,1.1645122266106582,0.22729350431023618,1.138451779096531,-0.004828278740526809,0.007070540604003356,1.356088725925713,-4.440892098500626e-16,5.006055570078161e-07,56,0.005,1,1,-0.026483213528990746,1.0,-1.0264832135289907,1.0264832135289907,-0.5105730295181274,-1.0,0.48942697048187256,0.48942697048187256,0.7283344538072782,0.720642897277601,0.7451290810015107,0.7475335597991943,d4c88fe8c9fa2952eda6de04913b83f0b90a19ce75a4a745f2055e601d02ba31
2,additive,3,1000,800,200,10000,10000,0.5,9,41260907,41760907,1041760907,2041260907,3041260907,1.1257173330600918,0.9323564959527275,1.0338918258385867,0.22214619074673655,0.8692886355452484,-0.011251259378069206,0.02061737285091767,1.0689323075358466,2.220446049250313e-16,5.031894030338435e-07,63,0.005,1,1,-0.014130900613963604,1.0,-1.0141309006139636,1.0141309006139636,-0.5113508105278015,-1.0,0.4886491894721985,0.4886491894721985,0.7001741555693505,0.6998874907486339,0.7088095564646754,0.7230165004730225,c0b7800f407009ef88ae6154a7d15acf2daad5214bb408e9987018e6098242fa
2,additive,3,1000,800,200,10000,10000,0.5,10,41260907,41760907,1041760907,2041260907,3041260907,1.1123317007995415,0.8929483061525445,0.9880796639169163,0.21632801117866807,0.7973566774606983,-0.018691633196600062,0.03687859431257502,0.9763014222461661,-2.220446049250313e-16,5.639954956393467e-07,70,0.005,1,1,0.0001613198546692729,1.0,-0.9998386801453307,0.9998386801453307,-0.5125531554222107,-1.0,0.4874468445777893,0.4874468445777893,0.6797340727382835,0.6872807935071447,0.6952646250814303,0.7075667977333069,5e072c64323b961755c27bd130998916fef913c2d0d72dd3771f26cab7e6be8d
2,additive,3,1000,800,200,10000,10000,0.5,11,41260907,41760907,1041760907,2041260907,3041260907,1.0994928068716872,0.8138943829208055,0.9289918723044649,0.21131896694002775,0.6624240665500388,-0.005358567341155676,0.01226577411381809,0.8630258988077553,1.1102230246251565e-16,5.439400201368016e-07,77,0.005,1,1,0.011892304755747318,1.0,-0.9881076952442527,0.9881076952442527,-0.517788827419281,-1.0,0.482211172580719,0.482211172580719,0.6671005734179362,0.6835071631678722,0.6822576719055875,0.7028748393058777,190aaf56ed139b7185bb61d93b3bf584126cdb94941b02b6ee3ae6e520a22c4e
2,additive,3,1000,800,200,10000,10000,0.5,12,41260907,41760907,1041760907,2041260907,3041260907,1.0848388566665335,0.8021644817831892,0.9190456935714034,0.20541551189245574,0.6434678558344925,-0.002119190427403181,0.0049928895015995635,0.844644986872142,0.0,5.297175498242268e-07,84,0.005,1,1,0.026496531441807747,1.0,-0.9735034685581923,0.9735034685581923,-0.5212867856025696,-1.0,0.4787132143974304,0.4787132143974304,0.658187526754104,0.674113990328053,0.6800629393794617,0.692294716835022,c9dee550a15e170156c1acce9d6110c179bc9b0663d6813854c6e9fe8228f9e9
2,additive,3,1000,800,200,10000,10000,0.5,13,41260907,41760907,1041760907,2041260907,3041260907,1.0690897648287776,0.764472048885992,0.8699165089714571,0.19932930650254765,0.5844175135279465,-0.013496043724703486,0.03443980474250187,0.7567547325810873,1.1102230246251565e-16,5.42027686734059e-07,91,0.005,1,1,0.041483912616968155,1.0,-0.9585160873830318,0.9585160873830318,-0.5265025496482849,-1.0,0.4734974503517151,0.4734974503517151,0.6514670586803607,0.6773966999499871,0.6671915784877139,0.6952617168426514,5b035b76a666acf1bbd94b40b33fc00b240d735040e8545d8eb17c11bd8e9275
2,additive,3,1000,800,200,10000,10000,0.5,14,41260907,41760907,1041760907,2041260907,3041260907,1.053777725166125,0.7387139614073411,0.8494990526127044,0.19345602219437855,0.5456983167781266,-0.008752849291311413,0.023683414490886182,0.7216486403898823,0.0,5.762251653607109e-07,98,0.005,1,1,0.05638214200735092,1.0,-0.9436178579926491,0.9436178579926491,-0.5309234261512756,-1.0,0.46907657384872437,0.46907657384872437,0.6415540414476476,0.6671669554147838,0.6629225994082161,0.6858698129653931,a7ce7ee4092cb6c5a40143114217949a18f7038a6bdf71d83e5a7fea618459e5
2,additive,3,1000,800,200,10000,10000,0.5,15,41260907,41760907,1041760907,2041260907,3041260907,1.0379183588191243,0.7335381767321714,0.8571745649090867,0.1875093216801445,0.5380782567235582,0.0045803281616896415,-0.012625155937113457,0.7347482347270821,1.1102230246251565e-16,5.49836247643043e-07,105,0.005,1,1,0.07166685163974762,1.0,-0.9283331483602524,0.9283331483602524,-0.5358102917671204,-1.0,0.46418970823287964,0.46418970823287964,0.6383239379367457,0.6651146203712631,0.6661098985481235,0.6854428052902222,be6c9f6f238384eb941425699b4ecd42a31cd6f042887bcdeede0257a15c90aa
2,additive,3,1000,800,200,10000,10000,0.5,16,41260907,41760907,1041760907,2041260907,3041260907,1.0194037655437385,0.7121636702796461,0.8141283408504311,0.18066694507874903,0.5071770932661765,-0.01251954148452491,0.036402267917155,0.6628049553758757,-1.1102230246251565e-16,5.273824612572753e-07,112,0.005,1,1,0.08984474092721939,1.0,-0.9101552590727806,0.9101552590727806,-0.5408688187599182,-1.0,0.4591311812400818,0.4591311812400818,0.6323397212096995,0.664631249376757,0.6547116966180831,0.6856199502944946,16537c4795056c35e56f1087a87cc54dbac1200510b6cb76c79de05968217770
2,additive,3,1000,800,200,10000,10000,0.5,17,41260907,41760907,1041760907,2041260907,3041260907,1.001093196307647,0.6954065832187515,0.7972612867127481,0.1740803110086493,0.48359031598397834,-0.011022533850880395,0.03351992136636492,0.6356255592908667,-1.1102230246251565e-16,5.360625827677268e-07,119,0.005,1,1,0.10765325278043747,1.0,-0.8923467472195625,0.8923467472195625,-0.5462325811386108,-1.0,0.45376741886138916,0.45376741886138916,0.6270352872672229,0.6610751809986459,0.6509892579281394,0.6822865009307861,dee39f12474d7bbc4b3b1bdce3c1483dd62d7b871f77d8798d7ef13b243e5e6f
2,additive,3,1000,800,200,10000,10000,0.5,18,41260907,41760907,1041760907,2041260907,3041260907,0.9845931029198562,0.6895415379655048,0.8147695410774803,0.16828841085977492,0.47546753257983365,0.010046730813999715,-0.031212856102950173,0.6638494050676079,0.0,5.528332334137076e-07,126,0.005,1,1,0.1235509067773819,1.0,-0.8764490932226181,0.8764490932226181,-0.5513792634010315,-1.0,0.4486207365989685,0.4486207365989685,0.6250470817315016,0.6596117051293549,0.6575718623518595,0.6805421113967896,8d2256aec697933c2f6c77d1d422057958389b584025ee46b3239c4edba6c0a0
2,additive,3,1000,800,200,10000,10000,0.5,19,41260907,41760907,1041760907,2041260907,3041260907,0.9670646022619136,0.6617857005772972,0.76679185047,0.16225028816487708,0.43796031348858405,-0.0061204298531271645,0.020394274397241882,0.5879697419472067,-1.1102230246251565e-16,5.67010348007102e-07,133,0.005,1,1,0.14072643220424652,1.0,-0.8592735677957535,0.8592735677957535,-0.5563076734542847,-1.0,0.44369232654571533,0.44369232654571533,0.6163140801684905,0.6546889588401725,0.6449917224984831,0.6753844022750854,11baa10afbf79f704d9e45aca05e2cbad2f6af1783fa84f05b1edbd400514e60
2,additive,3,1000,800,200,10000,10000,0.5,20,41260907,41760907,1041760907,2041260907,3041260907,0.9504651586061375,0.6471804516896308,0.7588538635531746,0.15671293513183515,0.4188425370491945,0.00015185702427533885,-0.0005276885777834294,0.5758591862295802,-1.1102230246251565e-16,5.700578924461297e-07,140,0.005,1,1,0.15578636527061462,1.0,-0.8442136347293854,0.8442136347293854,-0.5633223652839661,-1.0,0.43667763471603394,0.43667763471603394,0.6106231770476618,0.6494322452613142,0.6439627964406774,0.6693217158317566,e0def1d9cc479478435852e34266b49e4eee13c89126f0f64b1a551a2c6b0391
2,additive,3,1000,800,200,10000,10000,0.5,21,41260907,41760907,1041760907,2041260907,3041260907,0.9320246827832898,0.6531150929365325,0.7626159691437939,0.15064307113863185,0.4265593246214955,0.002190360316500428,-0.007589574584547267,0.5815831163931281,-1.1102230246251565e-16,5.625766839045809e-07,147,0.005,1,1,0.17347989976406097,1.0,-0.826520100235939,0.826520100235939,-0.5692628026008606,-1.0,0.4307371973991394,0.4307371973991394,0.6111699381996831,0.6525676775824798,0.6440726110135593,0.6730293035507202,652025594e6e7f6bceaf6ecf8b31b166b2630ba71677ec6645ab40be269da20e
2,additive,3,1000,800,200,10000,10000,0.5,22,41260907,41760907,1041760907,2041260907,3041260907,0.9139323870250438,0.6362399545710262,0.7253366567039025,0.14484287949963778,0.40480127979254155,-0.011765446866892251,0.042811141237427346,0.5261132655583948,-1.1102230246251565e-16,5.351852827573111e-07,154,0.005,1,1,0.18987219035625458,1.0,-0.8101278096437454,0.8101278096437454,-0.5769570469856262,-1.0,0.4230429530143738,0.4230429530143738,0.6081247292800023,0.6521255204097253,0.6358524488210944,0.6683502197265625,fed026784b9ab29650759d4edcd2c86bf535b48eb1e7fd597793df517196f050
2,additive,3,1000,800,200,10000,10000,0.5,23,41260907,41760907,1041760907,2041260907,3041260907,0.8949147937648223,0.6124149132695129,0.7182464526208252,0.13886111555118533,0.37505202599490506,0.0009824125781544833,-0.003823263110956564,0.5158779667023993,0.0,5.636355719929043e-07,161,0.005,1,1,0.20834839344024658,1.0,-0.7916516065597534,0.7916516065597534,-0.5826749205589294,-1.0,0.41732507944107056,0.41732507944107056,0.5983003572867451,0.6370282252705689,0.6343394807148488,0.6546813249588013,2601ca40ff684c07b431dec6a895fe4a77a012fe15ea74c3954aef8b5d90e3d7
2,additive,3,1000,800,200,10000,10000,0.5,24,41260907,41760907,1041760907,2041260907,3041260907,0.8771109157931086,0.6172656073058718,0.709264679693088,0.13339099041508404,0.3810168299626867,-0.005675717258815946,0.022066994450620186,0.5030563858601388,-1.1102230246251565e-16,5.531192126539963e-07,168,0.005,1,1,0.22414740920066833,1.0,-0.7758525907993317,0.7758525907993317,-0.5908834934234619,-1.0,0.4091165065765381,0.4091165065765381,0.6007615515218038,0.6416755624036321,0.6334914064842768,0.6563684344291687,88d057d580b0f2cc3370b92bd4b945d32af0a62d63f237e67cd186c5e7f99990
2,additive,3,1000,800,200,10000,10000,0.5,25,41260907,41760907,1041760907,2041260907,3041260907,0.8584769894125784,0.6180616156414046,0.709587823928122,0.1278201273764485,0.38200016072926335,-0.0031527041193321597,0.012367903721706902,0.5035148798670476,0.0,5.036474970410154e-07,175,0.005,1,1,0.2428566962480545,1.0,-0.7571433037519455,0.7571433037519455,-0.5953807234764099,-1.0,0.4046192765235901,0.4046192765235901,0.5959253338842448,0.6412977071275415,0.6309630935677455,0.6586501002311707,73db3dcc56825024c5fb186f77028eee6e2cd5510a424d5b7958eb9ee7d3648e
2,additive,3,1000,800,200,10000,10000,0.5,26,41260907,41760907,1041760907,2041260907,3041260907,0.8431913500195501,0.6188013741993779,0.7018848278971508,0.12328618519000022,0.3829151407110385,-0.006779507134412886,0.026785813420560915,0.49264231163221295,0.0,5.364401438612276e-07,182,0.005,1,1,0.2554177939891815,1.0,-0.7445822060108185,0.7445822060108185,-0.604312002658844,-1.0,0.395687997341156,0.395687997341156,0.5973465151818246,0.6415516154697047,0.6318711179178469,0.6539418697357178,42acc59c1b7caa3e236685b09811ba25d44f779ae503c4a93ffa0d985a954dad
2,additive,3,1000,800,200,10000,10000,0.5,27,41260907,41760907,1041760907,2041260907,3041260907,0.8247232870368453,0.6414931606796204,0.7322122326619519,0.11801078091685645,0.4115134751987293,0.0033052487721073973,-0.012483842747275094,0.5361347536598005,-1.1102230246251565e-16,5.39281042932771e-07,189,0.005,1,1,0.2738017439842224,1.0,-0.7261982560157776,0.7261982560157776,-0.6090977191925049,-1.0,0.3909022808074951,0.3909022808074951,0.59799398388271,0.6437195351358984,0.63499918654954,0.6606709361076355,c257d809b6a5d61bff53aeeccc8a8c6424ade98ed6e90ab5e249062aa4edcccc
2,additive,3,1000,800,200,10000,10000,0.5,28,41260907,41760907,1041760907,2041260907,3041260907,0.8069624481546378,0.5690229139481094,0.6587178359164184,0.11300025463303755,0.32378707659799755,-0.0014390719383127997,0.006589348341477489,0.4339091873544095,0.0,5.574193195911903e-07,196,0.005,1,1,0.28981640934944153,1.0,-0.7101835906505585,0.7101835906505585,-0.6168190240859985,-1.0,0.38318097591400146,0.38318097591400146,0.5833327827564316,0.6280729788331412,0.6233405733872861,0.6405136585235596,96d2bd06bc159545852d9fa804a193072aa5faa9caaaf23d5b662091c444fae9
2,additive,3,1000,800,200,10000,10000,0.5,29,41260907,41760907,1041760907,2041260907,3041260907,0.787741082825951,0.5504680494252693,0.6424361038987354,0.10784751151279325,0.3030150734380607,0.000930781320866425,-0.004530864356888384,0.4127241475925868,-5.551115123125783e-17,5.945540326734999e-07,203,0.005,1,1,0.3093126714229584,1.0,-0.6906873285770416,0.6906873285770416,-0.6212031841278076,-1.0,0.3787968158721924,0.3787968158721924,0.5773591735435744,0.6269363636867721,0.618331241953688,0.6399394273757935,1312b0cec23ed9eb04b1cff24470ad92fd9af29f01e5dce61b52785bd9a0ee71
2,additive,3,1000,800,200,10000,10000,0.5,30,41260907,41760907,1041760907,2041260907,3041260907,0.7658467173125041,0.567281807920545,0.6571721285424101,0.10201935832823666,0.321808649597602,0.004023599303561735,-0.01898694389383433,0.4318752065329621,-1.1102230246251565e-16,5.378316263460192e-07,210,0.005,1,1,0.32949793338775635,1.0,-0.6705020666122437,0.6705020666122437,-0.6299349069595337,-1.0,0.3700650930404663,0.3700650930404663,0.5762753040838365,0.6230038517680404,0.6227395129914121,0.6353446245193481,22a60257f10d9c66b330e39baecd84b34ebc5b4ddd0f612a2229057754ae8471
2,additive,3,1000,800,200,10000,10000,0.5,31,41260907,41760907,1041760907,2041260907,3041260907,0.7444625074882463,0.5491768995026884,0.6239112681574615,0.09657804165541059,0.301595266947386,-0.004454019034472372,0.022372263224281274,0.3892652705338518,0.0,5.771745534843831e-07,217,0.005,1,1,0.35000428557395935,1.0,-0.6499957144260406,0.6499957144260406,-0.6370537281036377,-1.0,0.3629462718963623,0.3629462718963623,0.573104881041647,0.6226806418147924,0.615740046162549,0.6328837871551514,ab3f4453ad5802e1a23d53a4baad838bf9b411d59a0324750f6308f1cbe7be82
2,additive,3,1000,800,200,10000,10000,0.5,32,41260907,41760907,1041760907,2041260907,3041260907,0.7251181279740978,0.689583336824883,0.771306520804007,0.09193055999524279,0.47552517842654013,0.01372900530649957,-0.048387933637548196,0.5949137490347821,1.1102230246251565e-16,5.320927876084625e-07,224,0.005,1,1,0.3694155812263489,1.0,-0.6305844187736511,0.6305844187736511,-0.6420061588287354,-1.0,0.35799384117126465,0.35799384117126465,0.6005621579125661,0.654519191648046,0.6437660267609248,0.670992374420166,c2cc2004698e6ce5d47c9896e8aa76ea0a4ff014ef204b519ce41edcf1f765b0
2,additive,3,1000,800,200,10000,10000,0.5,33,41260907,41760907,1041760907,2041260907,3041260907,0.7081423596911505,0.5851389191738338,0.6460813753778507,0.08751086273521483,0.34238755473192234,-0.0062386369285009425,0.02902377247749624,0.41742114361013527,-5.551115123125783e-17,5.231399491378852e-07,231,0.005,1,1,0.38285571336746216,1.0,-0.6171442866325378,0.6171442866325378,-0.6527270078659058,-1.0,0.34727299213409424,0.34727299213409424,0.5741441977995231,0.6180456992820151,0.621029650775296,0.6268593072891235,6e5c8177ba3cb8836b7f2f328568ddc6743cc7e51deaa43a242ccce7748503f2
2,additive,3,1000,800,200,10000,10000,0.5,34,41260907,41760907,1041760907,2041260907,3041260907,0.690169911912283,0.5962209600243462,0.6731829478852969,0.08363581519185821,0.35547943317235303,0.00703001647966353,-0.03201900414914624,0.45317528132353835,5.551115123125783e-17,5.307179318236876e-07,238,0.005,1,1,0.4022698998451233,1.0,-0.5977301001548767,0.5977301001548767,-0.6549590826034546,-1.0,0.3450409173965454,0.3450409173965454,0.5710945900979266,0.628561396817872,0.6230675363152309,0.6438350081443787,0b54603a09ba733ad2fd6563d7d55d3bb3ec11e7da5f19f09fb7e822274b94b5
2,additive,3,1000,800,200,10000,10000,0.5,35,41260907,41760907,1041760907,2041260907,3041260907,0.672869374175037,0.5461067123168766,0.6091859472066531,0.0796082722273625,0.2982325412375478,-0.003366647595421547,0.0178204549399966,0.3711075182740672,0.0,5.534698832576623e-07,245,0.005,1,1,0.4179717004299164,1.0,-0.5820282995700836,0.5820282995700836,-0.6623666882514954,-1.0,0.33763331174850464,0.33763331174850464,0.5630839272066681,0.6150215890245322,0.6125717493400493,0.6242679357528687,5548257a5421bcbdc3e14838c0182eba1d8015bb027eabb53b529c437e955242
2,additive,3,1000,800,200,10000,10000,0.5,36,41260907,41760907,1041760907,2041260907,3041260907,0.6542567439566174,0.5497253013982542,0.6153585501558484,0.07564179491801774,0.30219790699740134,0.0004132216672443276,-0.0021872855877746213,0.3786661452499077,-5.551115123125783e-17,5.528757220929492e-07,252,0.005,1,1,0.43630579113960266,1.0,-0.5636942088603973,0.5636942088603973,-0.6678844690322876,-1.0,0.3321155309677124,0.3321155309677124,0.5608398434867314,0.6145882552076742,0.6131533388324946,0.6230396628379822,083e07a0ef8d10d058545ee1f7f8fad0fb313040e66ee906bc16be2aa0f7acc2
2,additive,3,1000,800,200,10000,10000,0.5,37,41260907,41760907,1041760907,2041260907,3041260907,0.6366436276066638,0.5469616792669335,0.608082231251386,0.07187349695778796,0.2991670785865039,-0.0006382877903138631,0.0034405282461495617,0.36976399996366416,5.551115123125783e-17,5.637450346540618e-07,259,0.005,1,1,0.45284631848335266,1.0,-0.5471536815166473,0.5471536815166473,-0.674518883228302,-1.0,0.325481116771698,0.325481116771698,0.55825708043621,0.6167673171657865,0.6110862259540449,0.6253376603126526,c9a3bcfd08bffc03da3c097b5f1b5f1c16cbd4d6a217b8efa879aa225b7498b4
2,additive,3,1000,800,200,10000,10000,0.5,38,41260907,41760907,1041760907,2041260907,3041260907,0.6189677050617534,0.5575001107650207,0.6187970788683966,0.06782439369072561,0.3108063735030104,0.0021395288111623586,-0.011301399656555721,0.38290982481606073,0.0,5.573651531420865e-07,266,0.005,1,1,0.4674118161201477,1.0,-0.5325881838798523,0.5325881838798523,-0.6846100091934204,-1.0,0.3153899908065796,0.3153899908065796,0.5556792568634292,0.6144784271716095,0.6136723230974169,0.6246238946914673,99cbf4e10fb6f4b1676615db948a4a086ae548bf4886157d35dcf7618ff4a288
2,additive,3,1000,800,200,10000,10000,0.5,39,41260907,41760907,1041760907,2041260907,3041260907,0.602754578228294,0.5618341193739885,0.5984843807517731,0.0643111059404428,0.3156575776927452,-0.010892564814677359,0.05733401347987278,0.35818355400383334,0.0,5.814094325984343e-07,273,0.005,1,1,0.48132386803627014,1.0,-0.5186761319637299,0.5186761319637299,-0.6929362416267395,-1.0,0.3070637583732605,0.3070637583732605,0.5607118530974315,0.612141793795484,0.6114241974043505,0.61854088306427,4be62ef7cbdee507863ebb2b1d2e1051902274dc423d4e1bfc433efa07e1cc5d
2,additive,3,1000,800,200,10000,10000,0.5,40,41260907,41760907,1041760907,2041260907,3041260907,0.585380609373452,0.6010435866780197,0.6583771485482053,0.06120884355004712,0.36125339308677823,0.005499116546820116,-0.026033647838433885,0.4334604697304656,0.0,6.061913175869904e-07,280,0.005,1,1,0.49928274750709534,1.0,-0.5007172524929047,0.5007172524929047,-0.6967629790306091,-1.0,0.30323702096939087,0.30323702096939087,0.5637661602226016,0.6238573245560863,0.6181352736417928,0.6342475414276123,c30a6bec9ba84a6d92adc266f3b0ee4584be3faf9cbcc22322a26c08d34d72aa
2,additive,3,1000,800,200,10000,10000,0.5,41,41260907,41760907,1041760907,2041260907,3041260907,0.5685391809153716,0.6433322440637771,0.6703464879155291,0.0576751776335763,0.4138763762521353,-0.011093570012513477,0.047051355980483905,0.44936441386068454,-5.551115123125783e-17,5.485278506967006e-07,287,0.005,1,1,0.5133621692657471,1.0,-0.48663783073425293,0.48663783073425293,-0.7060264945030212,-1.0,0.29397350549697876,0.29397350549697876,0.5699140396996296,0.6229925249055914,0.626925344673354,0.6268258690834045,83fc3333fea11392f0b33b9c166f3acb7ae24a5d685cd6aca509e5ee3181d914
2,additive,3,1000,800,200,10000,10000,0.5,42,41260907,41760907,1041760907,2041260907,3041260907,0.5491054546031177,0.573029918623578,0.6317086747483084,0.05501385840109299,0.32836328763774447,0.007839351856713306,-0.04089629200755306,0.39905584975226405,0.0,5.626425014781944e-07,294,0.005,1,1,0.5357592105865479,1.0,-0.46424078941345215,0.46424078941345215,-0.7067470550537109,-1.0,0.29325294494628906,0.29325294494628906,0.554914085307398,0.615769918272598,0.613191547877097,0.6253809332847595,d6b77aeb0d449ba74db0a88608334bcfe2b7337059f5c84ff7b41493f1566273
2,additive,3,1000,800,200,10000,10000,0.5,43,41260907,41760907,1041760907,2041260907,3041260907,0.5337405558978459,0.5377310821059994,0.5793926705220401,0.05240355095402632,0.28915471666288906,-0.002931200481127037,0.01716369216636624,0.33569586665466133,5.551115123125783e-17,5.150354400740298e-07,301,0.005,1,1,0.5505319237709045,1.0,-0.44946807622909546,0.44946807622909546,-0.7121503353118896,-1.0,0.28784966468811035,0.28784966468811035,0.5467463201519208,0.6080279098469995,0.6063439888463276,0.6159536838531494,252577ddb1d1364c4e1706e0137b5b1186ee83bd5b57c185e3d9a9e65c13eef3
2,additive,3,1000,800,200,10000,10000,0.5,44,41260907,41760907,1041760907,2041260907,3041260907,0.5177693050620167,0.5779668048237586,0.5997932740252004,0.04979675356314919,0.3340456274781847,-0.012045204737732334,0.06276120268457407,0.35975197156586924,-5.551115123125783e-17,5.56317736766232e-07,308,0.005,1,1,0.5659310817718506,1.0,-0.4340689182281494,0.4340689182281494,-0.7177426218986511,-1.0,0.2822573781013489,0.2822573781013489,0.5494798444802397,0.6090904694339433,0.6131869861881345,0.6154767274856567,ed85e5642acb50bac486c73a90de0be223564287a1589c551f90a9d5c513014c
2,additive,3,1000,800,200,10000,10000,0.5,45,41260907,41760907,1041760907,2041260907,3041260907,0.5025356891303943,0.5919795507587571,0.6541514742931411,0.048172384777487705,0.3504397885165399,0.014650989012931239,-0.07350999289288768,0.42791415131989013,5.551115123125783e-17,5.584599271912793e-07,315,0.005,1,1,0.5834231376647949,1.0,-0.4165768623352051,0.4165768623352051,-0.7189202308654785,-1.0,0.2810797691345215,0.2810797691345215,0.5586456078067085,0.6225973882004028,0.6191149430281876,0.6346384286880493,1632331f190e2cac7e5c7277235626a292afe91e71b844a8b76ba0e79a2be9e9
2,additive,3,1000,800,200,10000,10000,0.5,46,41260907,41760907,1041760907,2041260907,3041260907,0.48932633963133676,0.6815655203613953,0.6726759705711913,0.04509320299601776,0.4645315585454995,-0.0285659000788115,0.11210562058407494,0.4524929613838943,0.0,5.362335127045981e-07,322,0.005,1,1,0.5922271609306335,1.0,-0.40777283906936646,0.40777283906936646,-0.7295160293579102,-1.0,0.27048397064208984,0.27048397064208984,0.5719788366134972,0.6289504034170236,0.6292424793768377,0.6324447393417358,0f785d27eea3d6836ed905c4241bf2e8131ed17b5411ce50af76676a44e259d6
2,additive,3,1000,800,200,10000,10000,0.5,47,41260907,41760907,1041760907,2041260907,3041260907,0.47307184109156547,0.6623221369234009,0.7258378538949514,0.04371037689829356,0.4386706130587803,0.02222980009487743,-0.09216698235498715,0.5268405901468288,1.1102230246251565e-16,5.468324673074676e-07,329,0.005,1,1,0.6114547848701477,1.0,-0.3885452151298523,0.3885452151298523,-0.7301304340362549,-1.0,0.2698695659637451,0.2698695659637451,0.572584293707592,0.6377839363755406,0.6313443667880883,0.6496121883392334,1e94b8bd0ac6709f6ecccaf13082b79f5ef333f7fd37b79c15b0d186a36f4e6c
2,additive,3,1000,800,200,10000,10000,0.5,48,41260907,41760907,1041760907,2041260907,3041260907,0.4598591866869701,0.6290944254495506,0.6314491017573243,0.04062710392686781,0.39575979613170015,-0.01882946597421816,0.08629711832179673,0.39872796811013167,5.551115123125783e-17,5.745264903822545e-07,336,0.005,1,1,0.6198865175247192,1.0,-0.38011348247528076,0.38011348247528076,-0.7411869168281555,-1.0,0.2588130831718445,0.2588130831718445,0.5539715368048255,0.6099445269351557,0.6196326446305102,0.6155987977981567,12d39ea2938c82b79c9697a1ee9f71feaad57ed7e993e87820adf6e38f0263d3
2,additive,3,1000,800,200,10000,10000,0.5,49,41260907,41760907,1041760907,2041260907,3041260907,0.4446350165296287,0.5671801211897814,0.617535076345316,0.03981904494929877,0.3216932898728552,0.009918617847330663,-0.0548729152061167,0.3813495705168153,-5.551115123125783e-17,5.654567356572215e-07,343,0.005,1,1,0.6389244794845581,1.0,-0.3610755205154419,0.3610755205154419,-0.7405298352241516,-1.0,0.2594701647758484,0.2594701647758484,0.5447119788319963,0.6148166635656421,0.6111283981794499,0.625619649887085,44cb78855d2c339c2789b69af8d820ac82d93fbaa43a4ef2fcb95ff8070ca3fd
2,additive,3,1000,800,200,10000,10000,0.5,50,41260907,41760907,1041760907,2041260907,3041260907,0.42996831811810704,0.5588051940261242,0.5671114446608405,0.03767140047200461,0.3122632448705743,-0.014159627338636656,0.08092726757463337,0.3216153906653056,0.0,5.753443108602596e-07,350,0.005,1,1,0.6522790193557739,1.0,-0.3477209806442261,0.3477209806442261,-0.7470911741256714,-1.0,0.2529088258743286,0.2529088258743286,0.5388042419445501,0.6057469138847789,0.6059461464998123,0.6120133399963379,d0a8b4817bec54fa0f0dd10251fe3103e1de7ff2fec4bd883bb82db43afd24b7
2,additive,3,1000,800,200,10000,10000,0.5,51,41260907,41760907,1041760907,2041260907,3041260907,0.4156187227518917,0.5744993776931931,0.6241850842696935,0.03640058918476168,0.33004953496986617,0.011578447635068323,-0.06319248853730863,0.3896070194247645,0.0,5.609146604967918e-07,357,0.005,1,1,0.6677751541137695,1.0,-0.33222484588623047,0.33222484588623047,-0.7502689957618713,-1.0,0.24973100423812866,0.24973100423812866,0.5428585232534323,0.6159537061289885,0.6124328691808477,0.6258381605148315,8144eda800a09d30e1ecfaeaf4beda841241b6b7e7068b204ba38db8b5f4ac33
2,additive,3,1000,800,200,10000,10000,0.5,52,41260907,41760907,1041760907,2041260907,3041260907,0.40092404635701984,0.6034892048561493,0.5971923545679664,0.033820979617340104,0.36419922037790736,-0.020690745820407908,0.10396832030462255,0.3566387083544317,5.551115123125783e-17,5.622906051883092e-07,364,0.005,1,1,0.6793558597564697,1.0,-0.3206441402435303,0.3206441402435303,-0.7593188285827637,-1.0,0.24068117141723633,0.24068117141723633,0.5420535556352428,0.6065707730654831,0.6125133564401734,0.6112871170043945,7bc5cf4db5ded2708fa2ae2957c93a89f2f9f3ec265b0b3309a2d0237d029bb0
2,additive,3,1000,800,200,10000,10000,0.5,53,41260907,41760907,1041760907,2041260907,3041260907,0.38630375377536075,0.6047960414182394,0.6577105259193192,0.03315167195515632,0.36577825171517275,0.016826606117369233,-0.08435870622367521,0.43258313590506753,-5.551115123125783e-17,5.651373307102858e-07,371,0.005,1,1,0.6966350078582764,1.0,-0.30336499214172363,0.30336499214172363,-0.7608342170715332,-1.0,0.2391657829284668,0.2391657829284668,0.5474620140238193,0.6248399849531101,0.6193553366803765,0.6372126340866089,c648339f0ca541010d1d290729f22d45290d1ae7fe9d33ef55d431a51fcf0e1a
2,additive,3,1000,800,200,10000,10000,0.5,54,41260907,41760907,1041760907,2041260907,3041260907,0.37300116265646216,0.5817590827010609,0.5649162101515244,0.03117543321207089,0.3384436303051799,-0.025244369512644756,0.13659668563857263,0.31913032449196127,0.0,5.656853492297387e-07,378,0.005,1,1,0.7079168558120728,1.0,-0.29208314418792725,0.29208314418792725,-0.7680144309997559,-1.0,0.23198556900024414,0.23198556900024414,0.5423132735815287,0.6090253824087608,0.6067699599153317,0.6133173108100891,dab6655a075cde32eec4985214be5b5eddb8e02d6c1c22b9e9f7cb71551ce9a1
2,additive,3,1000,800,200,10000,10000,0.5,55,41260907,41760907,1041760907,2041260907,3041260907,0.3624726000327245,0.5534071514288369,0.5884688272929629,0.031422934644517696,0.30625947525257957,0.004306575399228832,-0.02550666112896544,0.34629556069555495,5.551115123125783e-17,5.247463761293147e-07,385,0.005,1,1,0.7221856713294983,1.0,-0.2778143286705017,0.2778143286705017,-0.7671790719032288,-1.0,0.23282092809677124,0.23282092809677124,0.534134204190759,0.6128768972683055,0.6067635385668307,0.6207311153411865,667c08190f71c421749a19448f2e54d610cc2e2017109bfa5d6c2e6e8dfe065c
2,additive,3,1000,800,200,10000,10000,0.5,56,41260907,41760907,1041760907,2041260907,3041260907,0.3498384883237754,0.5965460067627383,0.5741936711965703,0.030132922259486633,0.35586713818456894,-0.028150844200930294,0.1458592735376543,0.32969837204219504,5.551115123125783e-17,5.335965092001516e-07,392,0.005,1,1,0.7344200611114502,1.0,-0.2655799388885498,0.2655799388885498,-0.7722846865653992,-1.0,0.22771531343460083,0.22771531343460083,0.5398493523486129,0.6130515507864893,0.6080381372904602,0.6176278591156006,217add11fd56f871a8e0d6a7d2a387a1675bca399e02fbb3f7cadcd5a34e310b
2,additive,3,1000,800,200,10000,10000,0.5,57,41260907,41760907,1041760907,2041260907,3041260907,0.338623582449612,0.5463601040172863,0.5736262668727883,0.030289833408402182,0.2985093632617799,0.0001239486881146489,-0.0007539476335094676,0.32904709404641136,-5.551115123125783e-17,5.072171642694911e-07,399,0.005,1,1,0.7488844990730286,1.0,-0.25111550092697144,0.25111550092697144,-0.7728284001350403,-1.0,0.22717159986495972,0.22717159986495972,0.5281742283112162,0.6087261959687225,0.6041960481040253,0.6157437562942505,364d2bacdf77a55d0723d6fac614e5f9c8200d6d365248b1c2642d8e80932b76
2,additive,3,1000,800,200,10000,10000,0.5,58,41260907,41760907,1041760907,2041260907,3041260907,0.3273592285710329,0.5564980761678411,0.5747474120650553,0.029700958703127743,0.3096901087785082,-0.00452823990307872,0.026684496658555917,0.3303345876754785,0.0,5.716968622948571e-07,406,0.005,1,1,0.7611716985702515,1.0,-0.23882830142974854,0.23882830142974854,-0.7761136293411255,-1.0,0.2238863706588745,0.2238863706588745,0.5269813207135041,0.6055464118553583,0.6051212119259571,0.6130337119102478,62ca78fc0ee21adaf23ab9db1a685fd75f4ba16d4b83f67bddfb75ff74ca2bf1
2,additive,3,1000,800,200,10000,10000,0.5,59,41260907,41760907,1041760907,2041260907,3041260907,0.31636584186139316,0.5583880785797473,0.5589321189829797,0.029018398940889294,0.311797246299982,-0.01420526580503383,0.08336040908564667,0.3124051136308037,5.551115123125783e-17,5.52687016153186e-07,413,0.005,1,1,0.772784948348999,1.0,-0.22721505165100098,0.22721505165100098,-0.7798621654510498,-1.0,0.2201378345489502,0.2201378345489502,0.5230741906265972,0.6030465834177625,0.6037084376976929,0.608860969543457,468b35184f70faa866e6f6a2ae34063720a2413a0c9a79f8128e11ea66d8686e
2,additive,3,1000,800,200,10000,10000,0.5,60,41260907,41760907,1041760907,2041260907,3041260907,0.3037379319154885,0.5775906035194714,0.5791955956333127,0.027846872570954258,0.33361090527398723,-0.012995119921956816,0.07190394407576685,0.33546753800102785,0.0,5.665092785989145e-07,420,0.005,1,1,0.7849667072296143,1.0,-0.21503329277038574,0.21503329277038574,-0.7854833006858826,-1.0,0.21451669931411743,0.21451669931411743,0.5228919981214478,0.6041885747992731,0.6069443989194044,0.6111434698104858,4fe5f726790e05899d171c3e4937c48081af7ce326b71e288749818d9bff48fb
2,additive,3,1000,800,200,10000,10000,0.5,61,41260907,41760907,1041760907,2041260907,3041260907,0.2916620251514415,0.5753038788891549,0.5647672172257859,0.026559183871381294,0.3309745530649075,-0.019285863641665305,0.10788276265577688,0.3189620096529581,-5.551115123125783e-17,5.644837752782905e-07,427,0.005,1,1,0.7960523366928101,1.0,-0.20394766330718994,0.20394766330718994,-0.7915003895759583,-1.0,0.20849961042404175,0.20849961042404175,0.521669887550464,0.6051191657400713,0.6048714486858117,0.6106992959976196,bc8d5a53d0e0e03f3cc008a0c4ff38a8de458b865d4b1f745dbbc6bd10ac41cc
2,additive,3,1000,800,200,10000,10000,0.5,62,41260907,41760907,1041760907,2041260907,3041260907,0.2793648855764904,0.5933614817117621,0.5831087120452035,0.0253982549488755,0.3520778479791777,-0.018730166432518548,0.0992389520143399,0.34001577006301614,5.551115123125783e-17,5.476487388023088e-07,434,0.005,1,1,0.8076711297035217,1.0,-0.19232887029647827,0.19232887029647827,-0.7973812818527222,-1.0,0.20261871814727783,0.20261871814727783,0.5208292774059953,0.607840036070546,0.6080967716963922,0.6141546964645386,9e94414fd17caf10fc8cccbf00915d81b957c982e8c6b6664a38c6a2c8a34224
2,additive,3,1000,800,200,10000,10000,0.5,63,41260907,41760907,1041760907,2041260907,3041260907,0.26708140435320493,0.5714313606272919,0.5691613740623119,0.02436432229529967,0.3265337999083581,-0.013476726239579438,0.07681275781668435,0.3239446697244989,0.0,5.654103212293649e-07,441,0.005,1,1,0.8195569515228271,1.0,-0.18044304847717285,0.18044304847717285,-0.8030919432640076,-1.0,0.19690805673599243,0.19690805673599243,0.5205258690090466,0.6045628958363822,0.6040122341059263,0.6102243065834045,e137942701f8118d1128b221b12e481a1654e3aab9c4987dbb7eb47b6ef54d84
2,additive,3,1000,800,200,10000,10000,0.5,64,41260907,41760907,1041760907,2041260907,3041260907,0.25762887433480963,0.591706350684831,0.5810833980389937,0.02349769168197685,0.35011640544076017,-0.017978090823096753,0.09623882482780471,0.3376579154765435,0.0,5.817224320026071e-07,448,0.005,1,1,0.8284410238265991,1.0,-0.17155897617340088,0.17155897617340088,-0.8078017830848694,-1.0,0.19219821691513062,0.19219821691513062,0.5176874322365594,0.608590809846673,0.6068475996317139,0.6138277649879456,71b731ee4ea5626228a3ef6c93ffc036614a55c0dafea42412fab0c4e94e6005
2,additive,3,1000,800,200,10000,10000,0.5,65,41260907,41760907,1041760907,2041260907,3041260907,0.248651414684331,0.5682506606267425,0.5636709846381646,0.023003158847789418,0.3229088133027292,-0.014093496613780348,0.08148602967490103,0.3177249789229579,0.0,5.769414439527054e-07,455,0.005,1,1,0.8378294706344604,1.0,-0.16217052936553955,0.16217052936553955,-0.8115106225013733,-1.0,0.1884893774986267,0.1884893774986267,0.5157244664411378,0.6071365728261406,0.603536934936599,0.6127095222473145,4f3221da75bb5a0cb049845566a3b47a83fb9ab37ce17a2597fc120d80175343
2,additive,3,1000,800,200,10000,10000,0.5,66,41260907,41760907,1041760907,2041260907,3041260907,0.2418171853431143,0.5875355677834688,0.5646120094330059,0.022752020568109998,0.3451980434106431,-0.02458167139138819,0.13361417104038137,0.31878672119597673,5.551115123125783e-17,5.203807678100247e-07,462,0.005,1,1,0.8453508019447327,1.0,-0.15464919805526733,0.15464919805526733,-0.8140990138053894,-1.0,0.1859009861946106,0.1859009861946106,0.5181553669355774,0.6079357015138389,0.6056385373273865,0.6143149137496948,ca9009bfe98bb694a8cb31472e349fd91e8bebe24c995d90762920a8c33f70ea
2,additive,3,1000,800,200,10000,10000,0.5,67,41260907,41760907,1041760907,2041260907,3041260907,0.235014956133444,0.6106924680696423,0.6103642816273739,0.023215212743353295,0.37294529055699105,-0.01180797350692212,0.05961206838416219,0.37254455628650013,0.0,5.154971329801583e-07,469,0.005,1,1,0.8550202250480652,1.0,-0.14497977495193481,0.14497977495193481,-0.8150327205657959,-1.0,0.1849672794342041,0.1849672794342041,0.5203956961841887,0.6146966526229712,0.6125688585008349,0.6221156120300293,86029d310d5813df107679b6c81ffd3294fc91a2c01daf9f82123fa5b2f99f32
2,additive,3,1000,800,200,10000,10000,0.5,68,41260907,41760907,1041760907,2041260907,3041260907,0.22803072493367577,0.5694897149818172,0.5891329157350848,0.02335550919956598,0.3243185354700714,-0.000298226133557477,0.0017155501719482904,0.34707759240252245,5.551115123125783e-17,5.589521645532614e-07,476,0.005,1,1,0.8639645576477051,1.0,-0.13603544235229492,0.13603544235229492,-0.8169907927513123,-1.0,0.18300920724868774,0.18300920724868774,0.5183817405717922,0.6142838129411518,0.6062125865664113,0.6209800243377686,e99aeb851d6c0958c91e1969a74aba203e37d03d00d2fc49c7c917453d4d322c
2,additive,3,1000,800,200,10000,10000,0.5,69,41260907,41760907,1041760907,2041260907,3041260907,0.2222406557576979,0.6258597764535623,0.6015079102613187,0.02197040797800299,0.3917004597825029,-0.02592955082678367,0.12536319498232368,0.3618117661069386,5.551115123125783e-17,5.647062391034297e-07,483,0.005,1,1,0.8667463660240173,1.0,-0.13325363397598267,0.13325363397598267,-0.8221394419670105,-1.0,0.1778605580329895,0.1778605580329895,0.5166657926888901,0.6112940876341816,0.6112789183357332,0.614742636680603,c6277bf3c60b614e9eb984366356423a5287775cd9f75056536ab43915bfd74e
2,additive,3,1000,800,200,10000,10000,0.5,70,41260907,41760907,1041760907,2041260907,3041260907,0.2136071871284941,0.5793377048965146,0.5664688943824866,0.021245184489995805,0.335632176314761,-0.01799517625092006,0.10084795634187062,0.3208870083029167,5.551115123125783e-17,5.491408856528324e-07,490,0.005,1,1,0.8750038146972656,1.0,-0.12499618530273438,0.12499618530273438,-0.8267834186553955,-1.0,0.1732165813446045,0.1732165813446045,0.513200433618688,0.6092045267345509,0.603637311991317,0.6111403703689575,3d0b33da6124e309e024e13e591112125b42ecf5e291b81c46c12c67fc2c7721
2,additive,3,1000,800,200,10000,10000,0.5,71,41260907,41760907,1041760907,2041260907,3041260907,0.20542698431797943,0.5961912665554477,0.6082672071766894,0.02077158139123577,0.3554440263169889,-0.0031133061908475723,0.016550648761292794,0.3699889953265295,0.0,5.735864316847028e-07,497,0.005,1,1,0.883521556854248,1.0,-0.11647844314575195,0.11647844314575195,-0.8307870626449585,-1.0,0.1692129373550415,0.1692129373550415,0.5157161379142469,0.6121564994113418,0.6105690263529366,0.6182115077972412,d7874ca7340f4906386695a6435bb5571ced5c4c8cedea69ae4925e0fbea4795
2,additive,3,1000,800,200,10000,10000,0.5,72,41260907,41760907,1041760907,2041260907,3041260907,0.19835725800515264,0.5838585840140788,0.5638142062740352,0.021018092380996466,0.34089084612692505,-0.022011239655750647,0.12163965745913105,0.3178864591964203,5.551115123125783e-17,5.26133858258504e-07,504,0.005,1,1,0.8931086659431458,1.0,-0.10689133405685425,0.10689133405685425,-0.8329076766967773,-1.0,0.16709232330322266,0.16709232330322266,0.5114566227909799,0.6045494080911147,0.6043986990860067,0.6094828844070435,9e6beb433425a5036817c5aaf60fd709216481996f08b779e1faf59a9d455f62
2,additive,3,1000,800,200,10000,10000,0.5,73,41260907,41760907,1041760907,2041260907,3041260907,0.19273896572838597,0.6452245259056747,0.595813205903187,0.02100004675602148,0.41631468883020273,-0.041160679628795334,0.18824282046484936,0.35499337632863354,0.0,5.778084428698094e-07,511,0.005,1,1,0.9000885486602783,1.0,-0.09991145133972168,0.09991145133972168,-0.8351788520812988,-1.0,0.16482114791870117,0.16482114791870117,0.5233654883392517,0.6151736191570436,0.6125559803537292,0.6181544065475464,5a45ef14fcc8028d05974514f80200b6df08998a3a85eb4160a4751d3c94f44f
2,additive,3,1000,800,200,10000,10000,0.5,74,41260907,41760907,1041760907,2041260907,3041260907,0.18945915399616653,0.5999884297746432,0.595463035862452,0.022202580337719196,0.35998611586344187,-0.013806234561316626,0.07224826217282919,0.3545762270785278,0.0,5.723451952377445e-07,518,0.005,1,1,0.9083443880081177,1.0,-0.09165561199188232,0.09165561199188232,-0.8341867923736572,-1.0,0.16581320762634277,0.16581320762634277,0.5101639537297109,0.6095882201935878,0.6086185823626985,0.6129713654518127,d8c25b379b1cfdbc39645e6eee9a6004fbe60170c5ac8430bf2f1de2339c7ae0
2,additive,3,1000,800,200,10000,10000,0.5,75,41260907,41760907,1041760907,2041260907,3041260907,0.18690052319630332,0.5823513163595576,0.6079672050945204,0.023567832125650966,0.3391330556657096,0.0034616173395409944,-0.019088000366474147,0.3696241224704426,0.0,5.313810049756285e-07,525,0.005,1,1,0.9163146615028381,1.0,-0.08368533849716187,0.08368533849716187,-0.8328815698623657,-1.0,0.16711843013763428,0.16711843013763428,0.5164098929364116,0.6169031856430908,0.6085626025506122,0.6218354105949402,b6b12cdc206e079a7746131b44d145bd93691caa192bdc18f6030c0f709c9286
2,additive,3,1000,800,200,10000,10000,0.5,76,41260907,41760907,1041760907,2041260907,3041260907,0.1820780829420515,0.6151537361713003,0.5810272012660544,0.022788388347299123,0.3784141191255098,-0.03180494943087236,0.15854810893986201,0.33759260861106416,-5.551115123125783e-17,5.278475239123281e-07,532,0.005,1,1,0.9199500679969788,1.0,-0.08004993200302124,0.08004993200302124,-0.8364627361297607,-1.0,0.16353726387023926,0.16353726387023926,0.5119797552544945,0.6137822219962763,0.6081385060405038,0.6172829866409302,5be9d791ea43d6dd0431ed9eb34baa63b421953ad20c841bb074ad1d969ef6de
2,additive,3,1000,800,200,10000,10000,0.5,77,41260907,41760907,1041760907,2041260907,3041260907,0.17783449345959446,0.6698826287303941,0.6121411735309756,0.022866292201545353,0.44874273627474304,-0.04844610607220415,0.20545029101214474,0.3747168163318801,0.0,5.583254178986863e-07,539,0.005,1,1,0.9258544445037842,1.0,-0.07414555549621582,0.07414555549621582,-0.8383598327636719,-1.0,0.16164016723632812,0.16164016723632812,0.5241050807871477,0.6180697029966851,0.6159579890093091,0.6211390495300293,cbd3a95acfbf16aad3392d105382f389cef36ed7225151d8482a7374e150222d
2,additive,3,1000,800,200,10000,10000,0.5,78,41260907,41760907,1041760907,2041260907,3041260907,0.1785275605995867,0.6268798815011762,0.6703246242486229,0.02569463075856464,0.3929783858309287,0.015331042642282165,-0.0732363540749232,0.44933510187405756,-1.1102230246251565e-16,5.79210730933255e-07,546,0.005,1,1,0.9350025653839111,1.0,-0.06499743461608887,0.06499743461608887,-0.833724856376648,-1.0,0.16627514362335205,0.16627514362335205,0.5257260116350679,0.6294314050460861,0.6192909411843064,0.637658953666687,b670092e6ae0560ae9824fe0b755cd5639e077f621df8e7affeab2192c305227
2,additive,3,1000,800,200,10000,10000,0.5,79,41260907,41760907,1041760907,2041260907,3041260907,0.17408400777096955,0.6046059971570197,0.5754047714728109,0.02501986591750001,0.3655484117982341,-0.029738813341028198,0.15228483744229168,0.3310906510336777,0.0,5.229192190370213e-07,553,0.005,1,1,0.9387736916542053,1.0,-0.06122630834579468,0.06122630834579468,-0.8370380997657776,-1.0,0.1629619002342224,0.1629619002342224,0.5074685010664366,0.6097996911707879,0.6052952889212821,0.6136020421981812,a3461eb0296496f8696596846e81ef4bc1eb5bb24010f810c9ce0e0b15dde4a2
2,additive,3,1000,800,200,10000,10000,0.5,80,41260907,41760907,1041760907,2041260907,3041260907,0.17233899633416389,0.6292418115110034,0.5938425274059627,0.025275695223339265,0.39594525735364916,-0.034286002610543403,0.1627934337111438,0.3526489473559016,-5.551115123125783e-17,5.678207433135185e-07,560,0.005,1,1,0.9421842098236084,1.0,-0.0578157901763916,0.0578157901763916,-0.837648332118988,-1.0,0.16235166788101196,0.16235166788101196,0.5069438165526631,0.6105975996286478,0.6098561721497826,0.6148186922073364,c064a71a21c8a0a5c534c9264e64492762bbcb53a95f94136c19452600a846ba
2,additive,3,1000,800,200,10000,10000,0.5,81,41260907,41760907,1041760907,2041260907,3041260907,0.1713968552798651,0.5729400291952637,0.6007553461687044,0.027120048746389243,0.3282602770542696,0.0027633300748104786,-0.015551395922578424,0.3609069859502798,5.551115123125783e-17,5.252713073389259e-07,567,0.005,1,1,0.9504550099372864,1.0,-0.04954499006271362,0.04954499006271362,-0.8359202146530151,-1.0,0.16407978534698486,0.16407978534698486,0.5104963687591706,0.6150977461754988,0.6075265768659046,0.6213797330856323,2d9d9616839e0c602e8678d95a1564e7518d56a618058940917b232c5082bb38
2,additive,3,1000,800,200,10000,10000,0.5,82,41260907,41760907,1041760907,2041260907,3041260907,0.1682650708217312,0.6116683672943564,0.5797659215907286,0.025733455472027607,0.3741381915485436,-0.03187156159131214,0.15940895949380737,0.3361285238379469,-5.551115123125783e-17,5.549731199039343e-07,574,0.005,1,1,0.9498056769371033,1.0,-0.05019432306289673,0.05019432306289673,-0.8393959403038025,-1.0,0.1606040596961975,0.1606040596961975,0.5039956877473363,0.6119752139294085,0.6063124309363013,0.614784300327301,83d817f4401d0676dd358a257d2cabcb02ff4b62f146dd290fa0789f100174ed
2,additive,3,1000,800,200,10000,10000,0.5,83,41260907,41760907,1041760907,2041260907,3041260907,0.16435120434295836,0.6677083363165114,0.6214683719642986,0.024051364849647774,0.44583442238656346,-0.041831424942127764,0.17804933061786413,0.3862229373519558,1.1102230246251565e-16,5.161283596066824e-07,581,0.005,1,1,0.9490169882774353,1.0,-0.0509830117225647,0.0509830117225647,-0.8437564373016357,-1.0,0.15624356269836426,0.15624356269836426,0.5095190118768934,0.6185207088426317,0.6151942673245292,0.6218770742416382,f71a9bcef9e9f6e2ea34a12ecc34586761192f71324b63b9792fa38709ac6515
2,additive,3,1000,800,200,10000,10000,0.5,84,41260907,41760907,1041760907,2041260907,3041260907,0.16199948451417037,0.5968980915295022,0.6238940664975909,0.024745687042722363,0.356287331671562,0.004105393748308003,-0.02154875586457462,0.3892438062109004,0.0,5.739937858351141e-07,588,0.005,1,1,0.9552469253540039,1.0,-0.044753074645996094,0.044753074645996094,-0.8443048000335693,-1.0,0.15569519996643066,0.15569519996643066,0.5096815488385807,0.6262596219021049,0.6113702511896051,0.6306681632995605,85e809bbcef5c2205db15c3970577daa748255bdc915a5f8110485102cfaa2e2
2,additive,3,1000,800,200,10000,10000,0.5,85,41260907,41760907,1041760907,2041260907,3041260907,0.15656288419191927,0.644455294298196,0.6113982246351224,0.02300944336246152,0.41532262634897443,-0.0322621403122282,0.14720410639115275,0.3738077890869796,5.551115123125783e-17,5.155010001089977e-07,595,0.005,1,1,0.9563201069831848,1.0,-0.043679893016815186,0.043679893016815186,-0.8496537208557129,-1.0,0.1503462791442871,0.1503462791442871,0.5011480738922449,0.6222069298608938,0.612972050186443,0.6226812601089478,c75cf6834edee86f931211794e4a686af8002a5a1161d8b90936bf410a89850e
2,additive,3,1000,800,200,10000,10000,0.5,86,41260907,41760907,1041760907,2041260907,3041260907,0.15511065910329835,0.6176052500851728,0.6135119165235594,0.023864904479268836,0.38143624493276884,-0.014452138847813404,0.07131555816596541,0.3763968717164109,5.551115123125783e-17,5.514760275104891e-07,602,0.005,1,1,0.962128758430481,1.0,-0.03787124156951904,0.03787124156951904,-0.849583625793457,-1.0,0.15041637420654297,0.15041637420654297,0.4986523497522826,0.6192601151032796,0.6108124304483236,0.621662974357605,a2eac795a0a3b23592ca503ff9ced0a1d655bf7b54842f3f5989a764d3f566d3
2,additive,3,1000,800,200,10000,10000,0.5,87,41260907,41760907,1041760907,2041260907,3041260907,0.1520674734628384,0.6321377922613768,0.6077839852536843,0.023398237358526884,0.39959818840508754,-0.026797526516381884,0.12670332364159173,0.36940137273085066,5.551115123125783e-17,5.655298398465902e-07,609,0.005,1,1,0.9648765325546265,1.0,-0.035123467445373535,0.035123467445373535,-0.852044403553009,-1.0,0.14795559644699097,0.14795559644699097,0.4989399419339663,0.6145027850645127,0.6113364329314575,0.6172872185707092,cc51682d5e80d220fd5212260c2b4dbcdd4d0b3d823051446d28c5f1f09c1184
2,additive,3,1000,800,200,10000,10000,0.5,88,41260907,41760907,1041760907,2041260907,3041260907,0.14852914992576877,0.6436321466262555,0.5999166194550944,0.02253187596623292,0.41426234017072167,-0.038447132919262994,0.17604231694866626,0.35989995029842864,5.551115123125783e-17,5.544581824779016e-07,616,0.005,1,1,0.9666336178779602,1.0,-0.033366382122039795,0.033366382122039795,-0.8552671670913696,-1.0,0.14473283290863037,0.14473283290863037,0.5028337725733827,0.6183113040432302,0.611323121357967,0.6213490962982178,30d692c2773780cc05c97c8712f4afb8505a396c0aa6e88cbf48aa393d599a06
2,additive,3,1000,800,200,10000,10000,0.5,89,41260907,41760907,1041760907,2041260907,3041260907,0.15026194358010153,0.6184044295439984,0.6304281606386285,0.02472728393261376,0.38242403847963813,-0.004855828343023783,0.023852695917844148,0.3974396657262043,0.0,5.635827893257783e-07,623,0.005,1,1,0.9737452864646912,1.0,-0.026254713535308838,0.026254713535308838,-0.8520495295524597,-1.0,0.14795047044754028,0.14795047044754028,0.5044944030205467,0.6234126884875687,0.6141991243215068,0.6266501545906067,91f2a65a7d92375b7c7f65a23488c1ec5d1ad9b463df3ab4ff4a52d1f30fb939
2,additive,3,1000,800,200,10000,10000,0.5,90,41260907,41760907,1041760907,2041260907,3041260907,0.14915962670177246,0.642541041784981,0.6066968853604562,0.024130740977401036,0.4128589903781286,-0.034454310324725596,0.1576893361674624,0.36808111070607846,0.0,5.225615407056239e-07,630,0.005,1,1,0.9728574156761169,1.0,-0.027142584323883057,0.027142584323883057,-0.8533307313919067,-1.0,0.14666926860809326,0.14666926860809326,0.5000057518327181,0.6205077513057397,0.6123101363520056,0.6248880624771118,7fe8cc8a2d8228c8f5042f9c42ceaeceb288ada87cb3197c7e5f1a31b5ec02f0
2,additive,3,1000,800,200,10000,10000,0.5,91,41260907,41760907,1041760907,2041260907,3041260907,0.14730350206151496,0.6225038587559547,0.5966284945078092,0.024529344788018853,0.3875110541660536,-0.028037419247708795,0.1360906324665216,0.35596556045865485,5.551115123125783e-17,5.684537800476619e-07,637,0.005,1,1,0.9778687953948975,1.0,-0.02213120460510254,0.02213120460510254,-0.8543685078620911,-1.0,0.14563149213790894,0.14563149213790894,0.49603368655805435,0.6132643934376231,0.6100535728822579,0.6158971190452576,829f0b49c32e1b203291ef5b74b42b2fb3a0d3b4fc1ac4171739e6708c93eb55
2,additive,3,1000,800,200,10000,10000,0.5,92,41260907,41760907,1041760907,2041260907,3041260907,0.14593600867352943,0.6223007911045256,0.5850188411181078,0.024954050393854094,0.3872582746093185,-0.034982640269999435,0.16973117079762323,0.3422470444631738,0.0,5.5644314400638e-07,644,0.005,1,1,0.9823347330093384,1.0,-0.01766526699066162,0.01766526699066162,-0.8551371097564697,-1.0,0.14486289024353027,0.14486289024353027,0.499105348468357,0.6180893555647985,0.6078196474012971,0.6188175678253174,e0a6f87c36537fd03807718e4936188e8cf86ebb64eeca910c1ecf40632a7bdf
2,additive,3,1000,800,200,10000,10000,0.5,93,41260907,41760907,1041760907,2041260907,3041260907,0.14403659662633092,0.6198868274441107,0.6358841090673576,0.025010632356533075,0.3842596788387247,-0.002460855515435328,0.012025575509000382,0.40434860016438706,-5.551115123125783e-17,5.629071768709082e-07,651,0.005,1,1,0.9860973358154297,1.0,-0.013902664184570312,0.013902664184570312,-0.8566359281539917,-1.0,0.1433640718460083,0.1433640718460083,0.500808981897629,0.6220845702243705,0.6138331697727314,0.6240087747573853,b5e4ce807c369f7da5b52b77ded24c4d14008a355e2b87772e9b65e9d00e1026
2,additive,3,1000,800,200,10000,10000,0.5,94,41260907,41760907,1041760907,2041260907,3041260907,0.1405421151585455,0.6204103089083858,0.6326233031205184,0.023573179254077824,0.38490895139979864,-0.00413494350138057,0.020245407037813735,0.4002122436511153,0.0,5.617618832332028e-07,658,0.005,1,1,0.9851949214935303,1.0,-0.014805078506469727,0.014805078506469727,-0.8602398633956909,-1.0,0.13976013660430908,0.13976013660430908,0.501204470786848,0.6268527090334043,0.6146623248859209,0.629638671875,01cfcdb66ed23c7f2ec262cdfbe6f90de72617a1a85a047efa182031edf5404d
2,additive,3,1000,800,200,10000,10000,0.5,95,41260907,41760907,1041760907,2041260907,3041260907,0.1348488205327749,0.7104797336620297,0.648947151265594,0.02114182732141493,0.5047814519444687,-0.052395437065076864,0.19925125633614726,0.42113240513572975,-5.551115123125783e-17,5.044069038007137e-07,665,0.005,1,1,0.9828042387962341,1.0,-0.01719576120376587,0.01719576120376587,-0.866252064704895,-1.0,0.13374793529510498,0.13374793529510498,0.5129168428824649,0.6315576647502916,0.623114976883925,0.6323999166488647,27794e9e0d28a471dd19c1cdf55d2b3dff2d505fab713e94b3e01fe7577404f3
2,additive,3,1000,800,200,10000,10000,0.5,96,41260907,41760907,1041760907,2041260907,3041260907,0.13603470631590112,0.6498995699028016,0.6810007680107392,0.02242736672246632,0.42236945095984657,0.009482614174451832,-0.0426379587150041,0.4637620460312165,-5.551115123125783e-17,5.614421851873885e-07,672,0.005,1,1,0.9875096678733826,1.0,-0.012490332126617432,0.012490332126617432,-0.8645399212837219,-1.0,0.13546007871627808,0.13546007871627808,0.5106806914871506,0.6334642181028003,0.6218907483429986,0.6367522478103638,abfffcfe6d50d74b51aa65383338921974c1a61a633dcbe2f1a3fb4ee821f092
2,additive,3,1000,800,200,10000,10000,0.5,97,41260907,41760907,1041760907,2041260907,3041260907,0.13094231067124168,0.6388151679605599,0.6031993029284393,0.020265730493228187,0.4080848188164784,-0.0322505751281758,0.15058029074620352,0.36384939905335506,1.1102230246251565e-16,5.371050146862899e-07,679,0.005,1,1,0.9851159453392029,1.0,-0.01488405466079712,0.01488405466079712,-0.8699063658714294,-1.0,0.13009363412857056,0.13009363412857056,0.4969271620175648,0.6205345976193969,0.613178451316984,0.621886134147644,4648cbe770e68043a95413127a556de82fb04093923281a87ba02e8481b18cd4
2,additive,3,1000,800,200,10000,10000,0.5,98,41260907,41760907,1041760907,2041260907,3041260907,0.12822064409617864,0.6171343653659594,0.5918412996985508,0.019959242199114022,0.3808548249156456,-0.025268971542944958,0.1260882469761723,0.3502761240288698,1.1102230246251565e-16,5.301726062612033e-07,686,0.005,1,1,0.9884249567985535,1.0,-0.011575043201446533,0.011575043201446533,-0.8723028898239136,-1.0,0.12769711017608643,0.12769711017608643,0.49392869020839847,0.6232806639887234,0.6090918104550348,0.6261686682701111,d92e0ebbe3f5da083453186de1865e760e1caef031df710b2c52dad6a1969b88
2,additive,3,1000,800,200,10000,10000,0.5,99,41260907,41760907,1041760907,2041260907,3041260907,0.12806061819851958,0.6452437793237041,0.6349499719495354,0.020337518492124854,0.416339534755937,-0.016757793184673037,0.07675142561316813,0.40316146687871585,1.1102230246251565e-16,5.189351970358302e-07,693,0.005,1,1,0.990929901599884,1.0,-0.009070098400115967,0.009070098400115967,-0.8722609877586365,-1.0,0.12773901224136353,0.12773901224136353,0.49205823928132914,0.6218563243953616,0.6146143711844292,0.6229736804962158,8bbcc01574cfd9d98cda4cb9eb7794f1dba48bb4ce7030f82cdc8aa6153770d4
2,additive,3,1000,800,200,10000,10000,0.5,100,41260907,41760907,1041760907,2041260907,3041260907,0.1251462441283244,0.6127860361363372,0.600180035032117,0.02005998536437753,0.3755067260836843,-0.017675318498454287,0.08936706748527837,0.3602160744511532,0.0,5.738381307907048e-07,700,0.005,1,1,0.9950371980667114,1.0,-0.004962801933288574,0.004962801933288574,-0.8749521970748901,-1.0,0.12504780292510986,0.12504780292510986,0.49175157058167085,0.6203449969471266,0.609671378299875,0.6211984157562256,398c2a72a496d08564baf4db6f0745a8fb15c5a0f27d7844a32206b4427d8f60
2,additive,3,1000,800,200,10000,10000,0.5,101,41260907,41760907,1041760907,2041260907,3041260907,0.12273025042373495,0.6770432859514539,0.6390319514742686,0.01977009025907083,0.45838761105194226,-0.03489793315300055,0.14596829898302327,0.408361835005012,0.0,5.450045890142974e-07,707,0.005,1,1,0.9982103705406189,1.0,-0.0017896294593811035,0.0017896294593811035,-0.8772827982902527,-1.0,0.12271720170974731,0.12271720170974731,0.4946464431222541,0.6279480209590149,0.6192571460668552,0.6326651573181152,de0fb9ea68130f84d9372184add9854652bb7aaf2753883321d5a8e12f40f849
2,additive,3,1000,800,200,10000,10000,0.5,102,41260907,41760907,1041760907,2041260907,3041260907,0.1227739047177902,0.6278972396257407,0.6527399891990076,0.02046228938753165,0.39425494352962487,0.005676130291182048,-0.027373496159084885,0.42606949349952056,-5.551115123125783e-17,5.728175000996316e-07,714,0.005,1,1,1.0027647018432617,1.0,0.0027647018432617188,0.0027647018432617188,-0.877257227897644,-1.0,0.12274277210235596,0.12274277210235596,0.49916204379603374,0.6278861376410874,0.6177786423652702,0.6303755044937134,9e033bdca6c95d39da2a9554038ea8146559699cefc2da8c072d7b89a0f5ead6
2,additive,3,1000,800,200,10000,10000,0.5,103,41260907,41760907,1041760907,2041260907,3041260907,0.11798236844319326,0.6853573787415149,0.6369823728997173,0.018213203674426057,0.46971473659544033,-0.04109069844245598,0.16842937266404243,0.4057465433849545,5.551115123125783e-17,5.598214531943313e-07,721,0.005,1,1,0.9978929758071899,1.0,-0.0021070241928100586,0.0021070241928100586,-0.8820364475250244,-1.0,0.11796355247497559,0.11796355247497559,0.4994627682983904,0.6248278668066601,0.6205705156885417,0.6259035468101501,484e9ed8a8decb508990397f609c40d1d6b635bed20a49a6bb69650f08ac121e
2,additive,3,1000,800,200,10000,10000,0.5,104,41260907,41760907,1041760907,2041260907,3041260907,0.1161869119364168,0.6644601205727478,0.6287104070554507,0.017779772542732206,0.44150725183155065,-0.0320051242172261,0.13936872813173332,0.3952767759398305,-1.6653345369377348e-16,5.658302963951201e-07,728,0.005,1,1,0.9987329244613647,1.0,-0.001267075538635254,0.001267075538635254,-0.8838199973106384,-1.0,0.11618000268936157,0.11618000268936157,0.491466828674335,0.6215338536897491,0.6179830833141671,0.6242479085922241,3922e7f89791fe191ab586b788aa743500cb6ab92fb173cfb372489d6f491d00
2,additive,3,1000,800,200,10000,10000,0.5,105,41260907,41760907,1041760907,2041260907,3041260907,0.1158161437669967,0.6149556447038714,0.630301566107412,0.018317889348530354,0.3781704449531541,0.00039586496788588955,-0.0019968555623867583,0.3972800642374562,0.0,5.587632383452501e-07,735,0.005,1,1,1.0034101009368896,1.0,0.0034101009368896484,0.0034101009368896484,-0.8842340707778931,-1.0,0.11576592922210693,0.11576592922210693,0.49250291969461135,0.6214865229716942,0.6140841315796318,0.6234029531478882,8643ae2e7bf6f6c200caff33aecf81c2e2397aadc57e2d36123ecd5a6ee63451
2,additive,3,1000,800,200,10000,10000,0.5,106,41260907,41760907,1041760907,2041260907,3041260907,0.11187365378667606,0.6426566834449384,0.6311800789300686,0.017574769589945305,0.41300761277644776,-0.016097045164112707,0.07476871243847287,0.3983882920381676,-5.551115123125783e-17,5.845446668928389e-07,742,0.005,1,1,1.0070866346359253,1.0,0.007086634635925293,0.007086634635925293,-0.8883510231971741,-1.0,0.11164897680282593,0.11164897680282593,0.48532620048457104,0.6243307718545403,0.6148557303819614,0.6265922784805298,941d03fd005b234b622a0fe5d4f10c22f04444925264844730e3374b2dde672c
2,additive,3,1000,800,200,10000,10000,0.5,107,41260907,41760907,1041760907,2041260907,3041260907,0.10739273708609158,0.6504447930618715,0.6126329910227941,0.016489232633819188,0.4230784288213008,-0.032124239882792525,0.14616289003813543,0.37531918168953493,0.0,5.71698466345083e-07,749,0.005,1,1,1.0093305110931396,1.0,0.009330511093139648,0.009330511093139648,-0.8930133581161499,-1.0,0.1069866418838501,0.1069866418838501,0.49575800172660467,0.6236841047825873,0.614105539370134,0.6247324347496033,17737e5c11c93683247b509d8dbd899db81f7b4c020040c5a07e37b3f130853e
2,additive,3,1000,800,200,10000,10000,0.5,108,41260907,41760907,1041760907,2041260907,3041260907,0.1046756374310063,0.6513453692002981,0.6213658002328843,0.016061466052157528,0.4242507899786726,-0.02710839916588875,0.12313261234313974,0.3860954576990527,5.551115123125783e-17,5.636583910728632e-07,756,0.005,1,1,1.0127875804901123,1.0,0.012787580490112305,0.012787580490112305,-0.8961083889007568,-1.0,0.10389161109924316,0.10389161109924316,0.4874145977163653,0.6185153927345746,0.6159431183800907,0.6196048259735107,cca7417ad878a5642c0a46db8e9884b0ea2d87d7ce48137be4c4201e720277d7
2,additive,3,1000,800,200,10000,10000,0.5,109,41260907,41760907,1041760907,2041260907,3041260907,0.10680247415386249,0.6398334594735299,0.6641514848449617,0.017465193097346888,0.4093868558618652,0.007122572931277674,-0.033372560579922494,0.44109719482176735,-1.1102230246251565e-16,5.748336491251393e-07,763,0.005,1,1,1.0207220315933228,1.0,0.020722031593322754,0.020722031593322754,-0.8952270746231079,-1.0,0.10477292537689209,0.10477292537689209,0.4978658589102353,0.6257333967630047,0.6187386442422219,0.6267714500427246,d238945d363629047114ca324a1437031c65ede816d50720311533f43abe856c
2,additive,3,1000,800,200,10000,10000,0.5,110,41260907,41760907,1041760907,2041260907,3041260907,0.10316832844664645,0.6989163154161832,0.6613124961657822,0.016516182633950365,0.4884840159549336,-0.03383299050193311,0.13399198890009245,0.4373342175850177,-5.551115123125783e-17,5.613983766750152e-07,770,0.005,1,1,1.0226961374282837,1.0,0.02269613742828369,0.02269613742828369,-0.8993591070175171,-1.0,0.10064089298248291,0.10064089298248291,0.49125480384206116,0.6261482176261332,0.6238941239004927,0.6271088123321533,d137947cc7c06c83efe82386c89428d8391bed7aedcd5131ce58c17e4fbd9f34
2,additive,3,1000,800,200,10000,10000,0.5,111,41260907,41760907,1041760907,2041260907,3041260907,0.10269425391355638,0.663707589186529,0.6326403991876874,0.01665300311271184,0.44050776394379426,-0.028463446186074735,0.1245226985217504,0.40023387468435656,-5.551115123125783e-17,5.81104313113201e-07,777,0.005,1,1,1.0265332460403442,1.0,0.02653324604034424,0.02653324604034424,-0.90079265832901,-1.0,0.09920734167098999,0.09920734167098999,0.48600104651040354,0.6233275991774,0.6173839457429656,0.62340247631073,b6fdfed808722a59eb1651dc98550b23ec1d294602d9ac45f7cf2e21c28b6e03
2,additive,3,1000,800,200,10000,10000,0.5,112,41260907,41760907,1041760907,2041260907,3041260907,0.10326701293434087,0.6305739472159595,0.6326249537285552,0.017090669479443484,0.39762350290751564,-0.007249920153451242,0.034963455006724625,0.40021433208005663,0.0,5.772698798978126e-07,784,0.005,1,1,1.0306779146194458,1.0,0.0306779146194458,0.0306779146194458,-0.9013950228691101,-1.0,0.09860497713088989,0.09860497713088989,0.4837669097399616,0.6235989494049099,0.6152848554305157,0.6273230314254761,80ed31b7299968efaa5f618b7bd9d8cc200ada670afdc7175936b05ac316e5d7
2,additive,3,1000,800,200,10000,10000,0.5,113,41260907,41760907,1041760907,2041260907,3041260907,0.10291604680834901,0.700974392053422,0.7229262187981451,0.017163003263353904,0.49136509831466463,0.007047108123882487,-0.027715707753473352,0.5226223178257836,1.1102230246251565e-16,5.828266989027497e-07,791,0.005,1,1,1.0342042446136475,1.0,0.03420424461364746,0.03420424461364746,-0.9029341340065002,-1.0,0.09706586599349976,0.09706586599349976,0.5068684346434609,0.6415937178260153,0.633175909098436,0.64766526222229,07b7bdbe508de43557e42c2a27640feb82a8648ccf46fe7a2d45acfb8edabebd
2,additive,3,1000,800,200,10000,10000,0.5,114,41260907,41760907,1041760907,2041260907,3041260907,0.09569111354616383,0.6835789758061367,0.6395840848981343,0.014879014320260541,0.4672802161641668,-0.036545714414721736,0.1515918895838792,0.40906780165498385,-5.551115123125783e-17,5.803950209326558e-07,798,0.005,1,1,1.0327898263931274,1.0,0.03278982639312744,0.03278982639312744,-0.9101021885871887,-1.0,0.08989781141281128,0.08989781141281128,0.4932737114313525,0.6313547823693239,0.620036898680695,0.6369964480400085,3db2579d5fb6d4cecccb220fa75def83b9834a0628904203d66e3ff939366823
2,additive,3,1000,800,200,10000,10000,0.5,115,41260907,41760907,1041760907,2041260907,3041260907,0.09553114160207672,0.6785586236679658,0.6473932852085452,0.01488287995015791,0.46044180575416405,-0.028103309985604563,0.11824889735723242,0.4191180657331128,-5.551115123125783e-17,5.294841454173138e-07,805,0.005,1,1,1.0341452360153198,1.0,0.034145236015319824,0.034145236015319824,-0.9107794761657715,-1.0,0.08922052383422852,0.08922052383422852,0.48391996894680617,0.6263965521456464,0.6210492347694166,0.6292593479156494,5a2ca7faa1f624c906a1085f9fe8388cfd755a897003520a3d45aa6552d7233b
2,additive,3,1000,800,200,10000,10000,0.5,116,41260907,41760907,1041760907,2041260907,3041260907,0.10085640573200748,0.6691364742972058,0.6981785912875869,0.01669601940760251,0.4477436212348951,0.011506852344910801,-0.04955155132319207,0.48745334533231927,5.551115123125783e-17,5.747259113064729e-07,812,0.005,1,1,1.0393614768981934,1.0,0.03936147689819336,0.03936147689819336,-0.9071415662765503,-1.0,0.09285843372344971,0.09285843372344971,0.4992542499036807,0.6369131851623461,0.6261155016358814,0.6413142681121826,83b3e8362f6896d3fd4a07c5c7076b057fbb0d9006d8575dbf7cddd0897a8357
2,additive,3,1000,800,200,10000,10000,0.5,117,41260907,41760907,1041760907,2041260907,3041260907,0.09917078121313518,0.6828010809757021,0.6437702491560835,0.016139412676776318,0.46621731618158735,-0.033958297579938845,0.1408015916365921,0.4144401336984858,-1.6653345369377348e-16,5.874138366834813e-07,819,0.005,1,1,1.0385849475860596,1.0,0.03858494758605957,0.03858494758605957,-0.9086433053016663,-1.0,0.09135669469833374,0.09135669469833374,0.4864110059032159,0.6331612229513238,0.6202731564946412,0.6379553079605103,a90e7fad7fe8d58ca0e548d28889496da9e0468029bceab5f3f7ea728d2f4f52
2,additive,3,1000,800,200,10000,10000,0.5,118,41260907,41760907,1041760907,2041260907,3041260907,0.09951299318316692,0.6721493902580067,0.6398520428943,0.01625280744763718,0.45178480282421024,-0.029313486737919153,0.1252612443726186,0.4094106367960091,-5.551115123125783e-17,5.680436423460833e-07,826,0.005,1,1,1.0387853384017944,1.0,0.038785338401794434,0.038785338401794434,-0.9083564877510071,-1.0,0.09164351224899292,0.09164351224899292,0.4814573655607752,0.6339530756964611,0.62036096950115,0.6379089951515198,fb22d6df38511c171e789d823194f3df5b11935bc29335ee8e55e35c7d85217c
2,additive,3,1000,800,200,10000,10000,0.5,119,41260907,41760907,1041760907,2041260907,3041260907,0.10014594876324881,0.6560698081718003,0.6255000294438567,0.016472222313169475,0.43042759319458274,-0.027824764336743225,0.12452349887470723,0.3912502868342657,-5.551115123125783e-17,5.763984525231081e-07,833,0.005,1,1,1.0394880771636963,1.0,0.03948807716369629,0.03948807716369629,-0.9079679250717163,-1.0,0.09203207492828369,0.09203207492828369,0.4824150292258898,0.6295918323289473,0.6161313205605954,0.6317643523216248,fd11a423963808a7695813549575e8b8182ec0e2967f44001c9ba4f0ad5ed37f
2,additive,3,1000,800,200,10000,10000,0.5,120,41260907,41760907,1041760907,2041260907,3041260907,0.10145885227381742,0.6580992220463544,0.6477013366986413,0.016902640884930938,0.4330945860580168,-0.015240102690870538,0.06773420713902636,0.4195170215612066,-5.551115123125783e-17,5.778537861544919e-07,840,0.005,1,1,1.0398410558700562,1.0,0.03984105587005615,0.03984105587005615,-0.9066908955574036,-1.0,0.09330910444259644,0.09330910444259644,0.4770672106199555,0.6241524460135743,0.6187226637794249,0.6252826452255249,0d340503de9f9b74b62c1eca62927bdb3d8c747abe0d5d9e585d95a074408945
2,additive,3,1000,800,200,10000,10000,0.5,121,41260907,41760907,1041760907,2041260907,3041260907,0.09988014585557597,0.6345230404124468,0.6265020160327719,0.016408170731845802,0.40261948881425563,-0.01326144172648697,0.06329625944431454,0.3925047760931275,0.0,5.787739443263717e-07,847,0.005,1,1,1.0403586626052856,1.0,0.040358662605285645,0.040358662605285645,-0.9086368680000305,-1.0,0.09136313199996948,0.09136313199996948,0.4764478577363404,0.6257336821537638,0.6157886107378154,0.6284700036048889,cece6d8e3c711c4cf67124f11d2d1406005df24761a63b2c05ad14b4423521aa
2,additive,3,1000,800,200,10000,10000,0.5,122,41260907,41760907,1041760907,2041260907,3041260907,0.09915134315030608,0.6597711661288537,0.644900318023024,0.016170584697735902,0.43529799165502736,-0.017786078083282853,0.07879209767806906,0.41589642018619755,0.0,5.834110510249957e-07,854,0.005,1,1,1.040109395980835,1.0,0.04010939598083496,0.04010939598083496,-0.909323513507843,-1.0,0.09067648649215698,0.09067648649215698,0.4747905357146683,0.6315035383833173,0.6189461886542573,0.634380578994751,3428d0e26d6fcf6ee18a05937be806c3e379fe99997a67963a4c02433f1a680c
2,additive,3,1000,800,200,10000,10000,0.5,123,41260907,41760907,1041760907,2041260907,3041260907,0.09973646398697097,0.6423312357926059,0.6453947504986837,0.01639721527643851,0.41258941647485625,-0.0062261238900183135,0.029027123127827032,0.4165343839712581,-5.551115123125783e-17,5.824616167160457e-07,861,0.005,1,1,1.042217493057251,1.0,0.04221749305725098,0.04221749305725098,-0.9096393585205078,-1.0,0.09036064147949219,0.09036064147949219,0.47845458258121665,0.6339976885592108,0.618037343654904,0.6353245377540588,51bd2d58f006566c0b41bbaa9e8cc75898bf425db12d6f15cf7e06ed76c3fdcc
2,additive,3,1000,800,200,10000,10000,0.5,124,41260907,41760907,1041760907,2041260907,3041260907,0.09665823412797067,0.6833602826317188,0.6543122598376572,0.015421138742481511,0.4669812758785026,-0.02713894062356119,0.11251577438675892,0.4281245333738618,1.1102230246251565e-16,5.657692074834131e-07,868,0.005,1,1,1.0426058769226074,1.0,0.04260587692260742,0.04260587692260742,-0.913238525390625,-1.0,0.086761474609375,0.086761474609375,0.47536779029733706,0.6354023693452919,0.6223209144699551,0.6380608081817627,d5dbc90152f17ba0ae63385d2e2f120380344a6940e045157f15fb771a97cbbc
2,additive,3,1000,800,200,10000,10000,0.5,125,41260907,41760907,1041760907,2041260907,3041260907,0.10183167046738288,0.6460254297220915,0.6648884498564427,0.017109260986241354,0.41734885584761305,0.0038092669593244436,-0.017535715465899257,0.44207665075250335,1.1102230246251565e-16,5.801077644917996e-07,875,0.005,1,1,1.0506384372711182,1.0,0.050638437271118164,0.050638437271118164,-0.911651611328125,-1.0,0.088348388671875,0.088348388671875,0.4838252954109678,0.6330056816852129,0.6212498503879195,0.6359591484069824,e893c2e383615ec5ced2f53614ffffc5bf25daac1f938290ac332ca81ba4d242
2,additive,3,1000,800,200,10000,10000,0.5,126,41260907,41760907,1041760907,2041260907,3041260907,0.10124055218945763,0.6506004144566765,0.6513518626614702,0.01687955393009795,0.42328089929119916,-0.007950602114365237,0.03612592660780434,0.4242592489925666,0.0,5.807448282268979e-07,882,0.005,1,1,1.052299976348877,1.0,0.05229997634887695,0.05229997634887695,-0.9133145809173584,-1.0,0.0866854190826416,0.0866854190826416,0.4758256930593233,0.6314109261398586,0.6187245915435915,0.6332077980041504,ec51b206ed64cd0d431be4bbab71e7409ee38807087f99dbdd973533870cb38f
2,additive,3,1000,800,200,10000,10000,0.5,127,41260907,41760907,1041760907,2041260907,3041260907,0.09631197764565516,0.6917156284469281,0.6500253841954028,0.015277515302780861,0.4784705106377287,-0.03560751292106428,0.14423354039031455,0.42253300009838096,-5.551115123125783e-17,5.414387249658148e-07,889,0.005,1,1,1.0496797561645508,1.0,0.04967975616455078,0.04967975616455078,-0.9174898862838745,-1.0,0.08251011371612549,0.08251011371612549,0.4822907062694371,0.6363399193139485,0.622659412170028,0.6398670673370361,49c1792d7d66c3b4417cfd2b2f1a3bedfd8665e963be69c616de3821dc6f6f08
2,additive,3,1000,800,200,10000,10000,0.5,128,41260907,41760907,1041760907,2041260907,3041260907,0.09527655279728124,0.6801176544186003,0.6424439533085862,0.014902019976794197,0.46256002385185857,-0.03236390534294398,0.13556640056003463,0.4127342331427648,0.0,5.634024109468783e-07,896,0.005,1,1,1.0512546300888062,1.0,0.05125463008880615,0.05125463008880615,-0.9196844696998596,-1.0,0.08031553030014038,0.08031553030014038,0.47988639709526654,0.6339642253561463,0.6211010812959046,0.6378048658370972,2dbf8b9550234b7cf68ab5b419ec96fbf8d6ce95c7e97d6eff278fef2e08031d
2,additive,3,1000,800,200,10000,10000,0.5,129,41260907,41760907,1041760907,2041260907,3041260907,0.09823058456079421,0.6635691651989511,0.6741216880818508,0.01574027367521938,0.44032403700283296,-0.0008121301678640371,0.0035614721382456124,0.4544400503423242,0.0,5.702497922754901e-07,903,0.005,1,1,1.0557199716567993,1.0,0.055719971656799316,0.055719971656799316,-0.9191017150878906,-1.0,0.08089828491210938,0.08089828491210938,0.4788147859973046,0.6344349564972609,0.6230908175408156,0.636658787727356,377b59cef6e3fdf39ea9d32e3053ccbb888c041457854542e4a0e344ff8cf963
2,additive,3,1000,800,200,10000,10000,0.5,130,41260907,41760907,1041760907,2041260907,3041260907,0.09711678230827622,0.6761218448128968,0.6588306278982087,0.015220161828790373,0.4571407490331949,-0.019151557302618614,0.08108866276707781,0.43405779625674795,-1.1102230246251565e-16,5.837919605511388e-07,910,0.005,1,1,1.0584741830825806,1.0,0.058474183082580566,0.058474183082580566,-0.9224600791931152,-1.0,0.07753992080688477,0.07753992080688477,0.4722689083776252,0.630673041220523,0.6230481261786405,0.6318084597587585,dbeaa358677b31a6408dc9bcdbee86215fe027f11b7c32fece151da62107a319
2,additive,3,1000,800,200,10000,10000,0.5,131,41260907,41760907,1041760907,2041260907,3041260907,0.0923611188797511,0.7289991022873146,0.676186012990936,0.013744093546826803,0.5314396911357105,-0.04397813025897957,0.16133322925071297,0.45722752416457824,0.0,5.534018434616428e-07,917,0.005,1,1,1.0560086965560913,1.0,0.05600869655609131,0.05600869655609131,-0.9265588521957397,-1.0,0.07344114780426025,0.07344114780426025,0.4969610417276036,0.6372874772345266,0.6298876420290297,0.6403268575668335,912026c6927b6b085377805f3fe8e56b1d6c64a31af59cef8f11b5f0cceb1ed4
2,additive,3,1000,800,200,10000,10000,0.5,132,41260907,41760907,1041760907,2041260907,3041260907,0.09811032981495117,0.6931527280051302,0.7136267737029134,0.015322996560113369,0.4804607043409539,0.006739735622280975,-0.02718820973756004,0.5092631721456292,0.0,5.751184808389098e-07,924,0.005,1,1,1.0622727870941162,1.0,0.06227278709411621,0.06227278709411621,-0.9241861701011658,-1.0,0.07581382989883423,0.07581382989883423,0.48790801047440835,0.6369833342886476,0.6312884705929003,0.6397286653518677,61bd36e424caaee401383193867a1488f13e0802d36377b20695c9431fb3e98d
2,additive,3,1000,800,200,10000,10000,0.5,133,41260907,41760907,1041760907,2041260907,3041260907,0.09634690788143056,0.6514853940767341,0.6312531125399268,0.01466888078121221,0.4244332186953176,-0.020310803692592146,0.09251061981623601,0.3984804920913455,0.0,5.696837881430383e-07,931,0.005,1,1,1.0625680685043335,1.0,0.0625680685043335,0.0625680685043335,-0.9267336130142212,-1.0,0.07326638698577881,0.07326638698577881,0.4725538688681702,0.6299657647721584,0.6167550443426686,0.632593035697937,5fabd46f1558e51947f753ac2e43fe93124f3529fc6ceac21a2003a6c0cbc16c
2,additive,3,1000,800,200,10000,10000,0.5,134,41260907,41760907,1041760907,2041260907,3041260907,0.09585409945610494,0.6824654173131802,0.654816646072345,0.01449332013102833,0.46575904582845323,-0.02573376299302345,0.10716766773906776,0.42878483997343475,1.1102230246251565e-16,5.883763272152009e-07,938,0.005,1,1,1.0625680685043335,1.0,0.0625680685043335,0.0625680685043335,-0.9273828864097595,-1.0,0.07261711359024048,0.07261711359024048,0.47398884595866136,0.6338572464027062,0.6217125072332571,0.634688138961792,6fcc88ab5d27d6fbee79d2fa0556b34856612c5a61ade7fd88b22409106cb8b8
2,additive,3,1000,800,200,10000,10000,0.5,135,41260907,41760907,1041760907,2041260907,3041260907,0.09748328946302173,0.6400265312860751,0.6336410449131725,0.014865459334183236,0.4096339607500853,-0.011499223142805775,0.0541778037789688,0.40150097379865707,5.551115123125783e-17,5.78164957687477e-07,945,0.005,1,1,1.0650614500045776,1.0,0.06506145000457764,0.06506145000457764,-0.9274052381515503,-1.0,0.07259476184844971,0.07259476184844971,0.4695646753940003,0.6245394899612322,0.616936905836139,0.6269420981407166,66bb8c33c65d233de401be81e44f02c4a19917fdb0b1fed0b370e32434aaf040
2,additive,3,1000,800,200,10000,10000,0.5,136,41260907,41760907,1041760907,2041260907,3041260907,0.09502164649512995,0.6919140487972206,0.6831054464117988,0.014140233082545913,0.47874505092296266,-0.013126116544022796,0.053262359295255794,0.466633050917463,0.0,5.746807740791837e-07,952,0.005,1,1,1.0632370710372925,1.0,0.06323707103729248,0.06323707103729248,-0.9290761947631836,-1.0,0.0709238052368164,0.0709238052368164,0.47047500616133703,0.6345392743070867,0.627010516764754,0.6370604634284973,f9e06955e2bab6efbaf09616848cfe0264916fd9b56c261b99742cc0a84f4f5d
2,additive,3,1000,800,200,10000,10000,0.5,137,41260907,41760907,1041760907,2041260907,3041260907,0.09600476023998744,0.6498266291945202,0.6473326633903704,0.014243691979528166,0.4222746480103124,-0.008739381448884956,0.04004130249871451,0.4190395770920706,-5.551115123125783e-17,5.683648591769952e-07,959,0.005,1,1,1.0659018754959106,1.0,0.06590187549591064,0.06590187549591064,-0.9301869869232178,-1.0,0.06981301307678223,0.06981301307678223,0.4700175654077225,0.6343246312569927,0.6194819732053931,0.6376338601112366,d3f3168b23df48389f28c5ce46a37980db61b7d39b392cc22c6bf8ff38532406
2,additive,3,1000,800,200,10000,10000,0.5,138,41260907,41760907,1041760907,2041260907,3041260907,0.09322798300603609,0.6967469330706328,0.6608352485396253,0.013111550898799425,0.48545628874333285,-0.030932306964851948,0.12408464608168425,0.4367032257124283,-1.1102230246251565e-16,5.68236025344504e-07,966,0.005,1,1,1.0669753551483154,1.0,0.06697535514831543,0.06697535514831543,-0.9351481795310974,-1.0,0.06485182046890259,0.06485182046890259,0.4764571376005151,0.6404490314657226,0.6248461609380113,0.644422173500061,c921ecbc500957503f6ef522aaf131301f3e4ab86181afa03f15262f769372ed
2,additive,3,1000,800,200,10000,10000,0.5,139,41260907,41760907,1041760907,2041260907,3041260907,0.0988699674941968,0.6527474956969135,0.6685318007557435,0.014516890694324287,0.4260792931385921,0.0031692923944003533,-0.014386381501671007,0.4469347686217171,0.0,5.869974835093217e-07,973,0.005,1,1,1.0727895498275757,1.0,0.07278954982757568,0.07278954982757568,-0.9330899715423584,-1.0,0.0669100284576416,0.0669100284576416,0.4755679803808522,0.6294509311451967,0.6218387976831161,0.6311942338943481,d8d39d85d3e4242c423d875638aecf7d405e78f82f8e8e341cce4abc4da873d1
2,additive,3,1000,800,200,10000,10000,0.5,140,41260907,41760907,1041760907,2041260907,3041260907,0.09660904751781295,0.6781606742249837,0.6615973415426968,0.01375216290766699,0.45990190006528453,-0.017971510318293932,0.07588453989180798,0.43771104233636376,1.1102230246251565e-16,5.847669797276467e-07,980,0.005,1,1,1.071919560432434,1.0,0.07191956043243408,0.07191956043243408,-0.9354950785636902,-1.0,0.06450492143630981,0.06450492143630981,0.4650635873498487,0.6348021950709212,0.623542746016473,0.6388657093048096,c9f59c6e59242219f545fbe51b16e0b59ddfd786bb8e0eaa406ff321fce422d5
2,additive,3,1000,800,200,10000,10000,0.5,141,41260907,41760907,1041760907,2041260907,3041260907,0.096160010471705,0.6612959713613997,0.6371984778163171,0.013546483398639788,0.43731236173881727,-0.02241847250301269,0.09944785488761027,0.40602190013143163,-5.551115123125783e-17,5.852188600385944e-07,987,0.005,1,1,1.0721403360366821,1.0,0.07214033603668213,0.07214033603668213,-0.9364191889762878,-1.0,0.06358081102371216,0.06358081102371216,0.46666457038808645,0.6321544884733732,0.6201414999601286,0.636836051940918,cf8da383120f830904b720d06d0579c7ee10f97106c22cbf78138ecc07895256
2,additive,3,1000,800,200,10000,10000,0.5,142,41260907,41760907,1041760907,2041260907,3041260907,0.09715664407045704,0.6888556864176554,0.6956597376449837,0.01379081214408001,0.4745221567099392,-0.00218524913686584,0.008950199057765016,0.4839424705802875,0.0,5.757230088221377e-07,994,0.005,1,1,1.0731489658355713,1.0,0.07314896583557129,0.07314896583557129,-0.9360575079917908,-1.0,0.06394249200820923,0.06394249200820923,0.4743797313199804,0.6340974320447309,0.627472505333984,0.636063814163208,9a2e57ecad8082988797e6e109f3f3af821117701dc655e5cef3f7805bbdc461
2,additive,3,1000,800,200,10000,10000,0.5,143,41260907,41760907,1041760907,2041260907,3041260907,0.09570398159443369,0.6391793579053056,0.6430446720326596,0.013194120103174936,0.40855025157223873,-0.0041189607229114725,0.019532973049757926,0.4135064502295907,0.0,5.659030684057598e-07,1001,0.005,1,1,1.0733122825622559,1.0,0.07331228256225586,0.07331228256225586,-0.9384812116622925,-1.0,0.06151878833770752,0.06151878833770752,0.46995778121699017,0.6300458545898651,0.6172497333119421,0.6342017650604248,5b0496a176b41f880070671b1b43af1844669f799fdffda73004e6cfb937fa53
2,additive,3,1000,800,200,10000,10000,0.5,144,41260907,41760907,1041760907,2041260907,3041260907,0.0916184917031753,0.7144674062903195,0.6747471064128293,0.012165526294732379,0.5104636746512164,-0.033672771666731445,0.12885912844435166,0.45528365761248596,5.551115123125783e-17,5.880450544282212e-07,1008,0.005,1,1,1.0696749687194824,1.0,0.06967496871948242,0.06967496871948242,-0.9405075907707214,-1.0,0.059492409229278564,0.059492409229278564,0.4780441100587936,0.6409360292652526,0.6292229568331004,0.6465266942977905,da867d9467eb85eb4228a2759037b0b72454606e682ed3e716244a7c323a8843
2,additive,3,1000,800,200,10000,10000,0.5,145,41260907,41760907,1041760907,2041260907,3041260907,0.09744517796563165,0.6677923807202133,0.6412822624803933,0.013573237012927576,0.4459466637479703,-0.024138480294462875,0.10505956436051224,0.4112429401719721,-5.551115123125783e-17,5.80927551396826e-07,1015,0.005,1,1,1.0753062963485718,1.0,0.07530629634857178,0.07530629634857178,-0.9381572604179382,-1.0,0.06184273958206177,0.06184273958206177,0.46915450570598694,0.6289240597106468,0.6199540847427351,0.6325039863586426,fb001c9445da8652fd5a8bf12f06ced3a1aa2f8fac0859f746a5e5111d6a5e24
2,additive,3,1000,800,200,10000,10000,0.5,146,41260907,41760907,1041760907,2041260907,3041260907,0.10208039989560867,0.6638778665435278,0.6583760378292545,0.0147541732856858,0.4407338216863861,-0.011014493892161959,0.048363487133562366,0.43345900718774794,0.0,5.799616342727631e-07,1022,0.005,1,1,1.0797017812728882,1.0,0.07970178127288818,0.07970178127288818,-0.9362188577651978,-1.0,0.06378114223480225,0.06378114223480225,0.46324900009468656,0.6330157321519674,0.621262227603479,0.6374893188476562,8d7598d15a6e2adf2f2d24c606bebeef4f622b1305ac8477a3effcdba14bf77b
2,additive,3,1000,800,200,10000,10000,0.5,147,41260907,41760907,1041760907,2041260907,3041260907,0.10721588726054047,0.6994535608789976,0.7334561050933917,0.016284601054127365,0.48923528382630954,0.01621898660916565,-0.06416755144261709,0.5379578580987684,2.220446049250313e-16,5.808542979934828e-07,1029,0.005,1,1,1.0836652517318726,1.0,0.08366525173187256,0.08366525173187256,-0.9329524636268616,-1.0,0.06704753637313843,0.06704753637313843,0.4923165356495955,0.6455267513759696,0.6336163241655192,0.649946928024292,9ab357bf130ba55b53f4395fd4bf3173bfac8408a08570fc565a87bd5f115c85
2,additive,3,1000,800,200,10000,10000,0.5,148,41260907,41760907,1041760907,2041260907,3041260907,0.09973169087494783,0.7612118759877434,0.7030704517181814,0.013888109794709757,0.5794435201447796,-0.049511784930140815,0.1668941362023469,0.49430806007920763,-1.6653345369377348e-16,5.331199854907709e-07,1036,0.005,1,1,1.0789653062820435,1.0,0.07896530628204346,0.07896530628204346,-0.9390829205513,-1.0,0.06091707944869995,0.06091707944869995,0.5038473349563696,0.6555435151850411,0.6362565993662295,0.6631230115890503,eb39a73798499b4f7c02e925cf3c5610a273872a71ecedeb36f51328af64fc34
2,additive,3,1000,800,200,10000,10000,0.5,149,41260907,41760907,1041760907,2041260907,3041260907,0.1028951227219596,0.6818042397222198,0.6798233949897976,0.014993835642646659,0.46485702130319423,-0.00884550428519318,0.03686772319838346,0.4621598483754544,-1.6653345369377348e-16,5.784314218715281e-07,1043,0.005,1,1,1.080319881439209,1.0,0.08031988143920898,0.08031988143920898,-0.9356873035430908,-1.0,0.06431269645690918,0.06431269645690918,0.46608016667450775,0.639572512085154,0.6252800498884741,0.6434552669525146,adf321159119d8a3168d68ee9687602755919567a46bc0b0d2210d11b20587d3
2,additive,3,1000,800,200,10000,10000,0.5,150,41260907,41760907,1041760907,2041260907,3041260907,0.1049697231864105,0.6619564570775548,0.6819933852581446,0.015580377146789505,0.4381863510666686,0.005674124661202951,-0.025008993865825106,0.465114977535864,0.0,5.803483027477796e-07,1050,0.005,1,1,1.0820719003677368,1.0,0.08207190036773682,0.08207190036773682,-0.9345565438270569,-1.0,0.06544345617294312,0.06544345617294312,0.47349262750586446,0.6371872668337875,0.6239116975843517,0.640531063079834,be4f2745e83fb3ba1f33de1c151348117d4994c5e02afd19baac0a34bd8e284b
2,additive,3,1000,800,200,10000,10000,0.5,151,41260907,41760907,1041760907,2041260907,3041260907,0.09929282663551625,0.7464726133825935,0.7010815341587283,0.013990562513374593,0.5572213625302389,-0.03984830375262874,0.1395219602587471,0.4915153175383561,5.551115123125783e-17,5.805516263279742e-07,1057,0.005,1,1,1.077343225479126,1.0,0.07734322547912598,0.07734322547912598,-0.9377337098121643,-1.0,0.06226629018783569,0.06226629018783569,0.47747158718083393,0.6495530162710161,0.634624382328836,0.6557299494743347,76bef2b553fdc53c448183e293d228a0a875205920767267abd83c655bb9ebee
2,additive,3,1000,800,200,10000,10000,0.5,152,41260907,41760907,1041760907,2041260907,3041260907,0.10296887177275185,0.6466105457788544,0.6444964912898039,0.014899400339107341,0.41810519791242784,-0.008814435483333487,0.040712895516241715,0.4153757272848683,1.1102230246251565e-16,5.647902128202986e-07,1064,0.005,1,1,1.0810177326202393,1.0,0.08101773262023926,0.08101773262023926,-0.9364491105079651,-1.0,0.06355088949203491,0.06355088949203491,0.46159235976545504,0.6326816620209289,0.6191277819403059,0.6369671821594238,c649e4e7f70b7ab276798437a3f81d40688c8209d6c251b1555d075d5ffa8c7f
2,additive,3,1000,800,200,10000,10000,0.5,153,41260907,41760907,1041760907,2041260907,3041260907,0.10265269418094544,0.6835602649048546,0.6843778725158775,0.014325497997857138,0.4672546357567949,-0.006603530682646695,0.027424431448872678,0.46837307238935866,0.0,5.571268530957241e-07,1071,0.005,1,1,1.0832469463348389,1.0,0.08324694633483887,0.08324694633483887,-0.9399373531341553,-1.0,0.06006264686584473,0.06006264686584473,0.46287563809038945,0.636035569348902,0.6258193395461727,0.6393401622772217,ec3bf36acd5fea0199347eff9a257c9c626b06ff1440a02e982377d9a0668100
2,additive,3,1000,800,200,10000,10000,0.5,154,41260907,41760907,1041760907,2041260907,3041260907,0.09991301027208842,0.6565605036599775,0.6423564772773698,0.013077253190394916,0.43107169496624337,-0.015763552128223026,0.07098317892520904,0.41262184390019213,-1.1102230246251565e-16,5.759996248855259e-07,1078,0.005,1,1,1.0833414793014526,1.0,0.08334147930145264,0.08334147930145264,-0.9448927640914917,-1.0,0.0551072359085083,0.0551072359085083,0.45830922280147474,0.6323671722240468,0.6202484634592292,0.6375443339347839,cb48bc3c3c95326e1e924c4b32bb9ebe1f553dc8e2386e45bebe242045654386
2,additive,3,1000,800,200,10000,10000,0.5,155,41260907,41760907,1041760907,2041260907,3041260907,0.09738030842824545,0.6908788802048161,0.6642194774152416,0.012162089050705854,0.47731362711306063,-0.024144100992995004,0.09865290634731706,0.4411875141777766,5.551115123125783e-17,5.720279432352982e-07,1085,0.005,1,1,1.0823776721954346,1.0,0.08237767219543457,0.08237767219543457,-0.9480688571929932,-1.0,0.051931142807006836,0.051931142807006836,0.46380025760415494,0.6397926117491414,0.6248531061794147,0.6458525657653809,81ce5293d36512abdd25088de7ea6d5adb585ab14986b9ce48febadb0afd027a
2,additive,3,1000,800,200,10000,10000,0.5,156,41260907,41760907,1041760907,2041260907,3041260907,0.09695380767603849,0.6948030126664395,0.683433604407322,0.012272890899770902,0.4827512264103605,-0.013971312838473693,0.05644699864075794,0.46708149163318397,-5.551115123125783e-17,5.822110047404294e-07,1092,0.005,1,1,1.0810601711273193,1.0,0.08106017112731934,0.08106017112731934,-0.946808934211731,-1.0,0.05319106578826904,0.05319106578826904,0.45936150768586087,0.6361825570818554,0.6270850684956116,0.6392892599105835,37079cfe995cac4fc4aee5c3c9569b80c2519130720bd3ccf84d07384f67dc61
2,additive,3,1000,800,200,10000,10000,0.5,157,41260907,41760907,1041760907,2041260907,3041260907,0.09805040421674123,0.654397683997693,0.6660321058178823,0.01248105510801597,0.4282363288215445,0.001440691025321121,-0.006537936000960587,0.44359876598020276,5.551115123125783e-17,5.722584486278492e-07,1099,0.005,1,1,1.082291841506958,1.0,0.08229184150695801,0.08229184150695801,-0.9466902017593384,-1.0,0.05330979824066162,0.05330979824066162,0.466917920911182,0.6295826057938938,0.6219946756403641,0.6324597597122192,cd49733a3a606eca542ba169ce7812c00414085e2a778a30db6a6e880f9d8576
2,additive,3,1000,800,200,10000,10000,0.5,158,41260907,41760907,1041760907,2041260907,3041260907,0.09128446767852873,0.7298672366637183,0.7011241603183129,0.010641975704264504,0.5327061831551322,-0.025886535338668654,0.09528526016545265,0.49157508818205936,0.0,5.793690913691307e-07,1106,0.005,1,1,1.0774257183074951,1.0,0.07742571830749512,0.07742571830749512,-0.9516459703445435,-1.0,0.04835402965545654,0.04835402965545654,0.4678841031882975,0.6412927462870005,0.6325969837640719,0.6461407542228699,002c2b76b89be3bea63f636b8b69cfc55f04d115784743a0481eaddc1d39b6a8
2,additive,3,1000,800,200,10000,10000,0.5,159,41260907,41760907,1041760907,2041260907,3041260907,0.09118898134303106,0.6874430554700824,0.6589538482971982,0.010465717332942942,0.4725779545140429,-0.024411748830649505,0.1010747071266154,0.43422017418568687,5.551115123125783e-17,5.684924566651262e-07,1113,0.005,1,1,1.0780268907546997,1.0,0.07802689075469971,0.07802689075469971,-0.9528064131736755,-1.0,0.04719358682632446,0.04719358682632446,0.4701169732931384,0.641543574275487,0.6245400798832575,0.6475397348403931,232837a1382421215d82dcb9dd03021ad697ca6689e69b1e47852dae2dc5a596
2,additive,3,1000,800,200,10000,10000,0.5,160,41260907,41760907,1041760907,2041260907,3041260907,0.09249086376131774,0.6696749606844276,0.6667816223099411,0.011001159857207886,0.44846455296768956,-0.007433990487310226,0.03235928287925729,0.44459773185027696,-5.551115123125783e-17,5.882754141595115e-07,1120,0.005,1,1,1.0781071186065674,1.0,0.07810711860656738,0.07810711860656738,-0.9504637718200684,-1.0,0.04953622817993164,0.04953622817993164,0.45750627956936,0.6336459276846023,0.623375835733005,0.6378805041313171,47fff78aec674f97361824d821e682d3700ebfd0292cba0f69f7367d9aeb5ffb
2,additive,3,1000,800,200,10000,10000,0.5,161,41260907,41760907,1041760907,2041260907,3041260907,0.09276442728833965,0.7067007882083661,0.7315350408756404,0.011207673255858839,0.499426004054326,0.012254919359369919,-0.04799886848013614,0.5351435160289247,1.1102230246251565e-16,5.897006598587495e-07,1127,0.005,1,1,1.0776870250701904,1.0,0.07768702507019043,0.07768702507019043,-0.9493051767349243,-1.0,0.050694823265075684,0.050694823265075684,0.4774272433501973,0.6362494611057964,0.6335428470565033,0.639382004737854,c9271dc46d69f0a6006b41929dd9dace3974efde04025e4a150ef9ed107111fa
2,additive,3,1000,800,200,10000,10000,0.5,162,41260907,41760907,1041760907,2041260907,3041260907,0.08575450430156886,0.6930094143996037,0.6649043763026977,0.009531180194013004,0.4802620484464816,-0.02384769950700758,0.09737864107758686,0.4420978296264794,-5.551115123125783e-17,5.757715815235542e-07,1134,0.005,1,1,1.0720514059066772,1.0,0.07205140590667725,0.07205140590667725,-0.9534980654716492,-1.0,0.04650193452835083,0.04650193452835083,0.46625790279066737,0.6384038839084929,0.6259549914563013,0.6436965465545654,5813b3332f72c84f5fa62bcf31c26ac28e4234e152fd2a9596e82a9312fb69e5
2,additive,3,1000,800,200,10000,10000,0.5,163,41260907,41760907,1041760907,2041260907,3041260907,0.087064541150888,0.6906962547648688,0.6680766980258767,0.009791955815708823,0.4770613163462167,-0.020263398858383557,0.08324232378433735,0.44632647444515844,5.551115123125783e-17,5.776509386379303e-07,1141,0.005,1,1,1.0733122825622559,1.0,0.07331228256225586,0.07331228256225586,-0.9530367851257324,-1.0,0.04696321487426758,0.04696321487426758,0.4604319379353107,0.640813320770321,0.6250726084054847,0.6446564793586731,61b890410e8fa6df4786759550177c7284274f551e0b4806eaf9f6c7ceb970a5
2,additive,3,1000,800,200,10000,10000,0.5,164,41260907,41760907,1041760907,2041260907,3041260907,0.09192365707668833,0.7061198803413645,0.7240885430049161,0.01112218616717791,0.49860528541330296,0.00728837326525064,-0.028597137378733095,0.5243042181109822,1.1102230246251565e-16,5.913239853327923e-07,1148,0.005,1,1,1.0764217376708984,1.0,0.07642173767089844,0.07642173767089844,-0.9489150047302246,-1.0,0.05108499526977539,0.05108499526977539,0.4702060529730547,0.6468731260679128,0.6325708939248542,0.6514679193496704,f8428f9eb663bdcd81012c3c9c6ade36f04f1caa0617ee275383424f08051dff
2,additive,3,1000,800,200,10000,10000,0.5,165,41260907,41760907,1041760907,2041260907,3041260907,0.09376156570193207,0.6583533120536514,0.6476537795549937,0.011400542544191643,0.4334290834920126,-0.012687103932167933,0.05704253129550028,0.4194554181718684,0.0,5.849142983294087e-07,1155,0.005,1,1,1.0787497758865356,1.0,0.07874977588653564,0.07874977588653564,-0.9491108655929565,-1.0,0.05088913440704346,0.05088913440704346,0.4562739804234697,0.6375638153592207,0.6209476476636786,0.6443743109703064,78fd4dd22bf408ce2e73b4dad85b6879851b27c32cdeb1b66b4edfcbae5cdb85
2,additive,3,1000,800,200,10000,10000,0.5,166,41260907,41760907,1041760907,2041260907,3041260907,0.09520270341956295,0.6658846457976797,0.6721014059814179,0.01163004004870001,0.44340236150910134,-0.0016560508178013035,0.007278825912756195,0.4517202999221987,-5.551115123125783e-17,5.643054308279716e-07,1162,0.005,1,1,1.080510139465332,1.0,0.08051013946533203,0.08051013946533203,-0.9491898417472839,-1.0,0.050810158252716064,0.050810158252716064,0.4566031930943396,0.636641018639126,0.6240934591501677,0.6420029401779175,785fbf0c50ce271ff4d97c12a09b31ad1bc39f52a33eb4e72238598468fbf80d
2,additive,3,1000,800,200,10000,10000,0.5,167,41260907,41760907,1041760907,2041260907,3041260907,0.09417699429908728,0.733172385230319,0.6967428279533616,0.010796723277564773,0.5375417464643153,-0.03144395071871622,0.11468810763365868,0.4854505683044477,1.1102230246251565e-16,5.71045129404979e-07,1169,0.005,1,1,1.0820603370666504,1.0,0.08206033706665039,0.08206033706665039,-0.9537895321846008,-1.0,0.04621046781539917,0.04621046781539917,0.46927190969702587,0.6464006840888251,0.6340230617909703,0.6523492336273193,39e716869529ab350c586694c215db8dbbbe677989113e3fdeeedf08de5efc25
2,additive,3,1000,800,200,10000,10000,0.5,168,41260907,41760907,1041760907,2041260907,3041260907,0.09875051437204127,0.6797339954924675,0.6694323214767924,0.011842193205783216,0.4620383046281539,-0.012870432398064662,0.054319316607854475,0.4481396330378076,-1.6653345369377348e-16,5.792361807976931e-07,1176,0.005,1,1,1.0861507654190063,1.0,0.08615076541900635,0.08615076541900635,-0.9517329335212708,-1.0,0.04826706647872925,0.04826706647872925,0.4530279426592406,0.6345709748700116,0.6249051629363123,0.6405051946640015,43bbd28d91b5d42bc151eced51e71fcdf4e02cf918c0e9891b347f7f8bc85dc5
2,additive,3,1000,800,200,10000,10000,0.5,169,41260907,41760907,1041760907,2041260907,3041260907,0.10199813107727848,0.7309057982008682,0.7673298823342246,0.012857345208424936,0.5342232858436482,0.020857258635490983,-0.07624930385629285,0.588795148323055,-1.1102230246251565e-16,5.891683301229023e-07,1183,0.005,1,1,1.0881733894348145,1.0,0.08817338943481445,0.08817338943481445,-0.9487255215644836,-1.0,0.05127447843551636,0.05127447843551636,0.4867296138370412,0.6468530115458231,0.64160814831106,0.652625322341919,9e64fc074833a54a3f7692365379881132153e01485cc21b2b7896c200ca999a
2,additive,3,1000,800,200,10000,10000,0.5,170,41260907,41760907,1041760907,2041260907,3041260907,0.09410177129610242,0.7342412364981927,0.7066123387858846,0.010809410571500123,0.5391101933743949,-0.02530930331071866,0.0920472851999245,0.4993009973244577,0.0,5.615559448557406e-07,1190,0.005,1,1,1.0818785429000854,1.0,0.08187854290008545,0.08187854290008545,-0.9536206126213074,-1.0,0.04637938737869263,0.04637938737869263,0.4625005738987642,0.6392913756041171,0.6343525328815166,0.6431832313537598,35f5ea4acd1673dc87f147c435643994eb75943450bf9c5cecded42ff315b467
2,additive,3,1000,800,200,10000,10000,0.5,171,41260907,41760907,1041760907,2041260907,3041260907,0.09314917507820591,0.6824182609428612,0.6670466687301084,0.010450407559585402,0.46569468286827903,-0.015596916081964682,0.06551329162272482,0.44495125826393506,-5.551115123125783e-17,5.627643471228794e-07,1197,0.005,1,1,1.0815969705581665,1.0,0.0815969705581665,0.0815969705581665,-0.9550700187683105,-1.0,0.04492998123168945,0.04492998123168945,0.4556824939249619,0.63229407410078,0.6256079709654423,0.6360946893692017,e16c85cb01bc72e2b826557373fdb7314682011eb8efa5c2145e3bfc28d1e83a
2,additive,3,1000,800,200,10000,10000,0.5,172,41260907,41760907,1041760907,2041260907,3041260907,0.0918559271260769,0.6957265472448261,0.7033121885042247,0.0103120012687706,0.48403542854120724,0.00015030234431213357,-0.0006080838505417467,0.4946480344986021,5.551115123125783e-17,5.844209898242525e-07,1204,0.005,1,1,1.079874873161316,1.0,0.07987487316131592,0.07987487316131592,-0.9546401500701904,-1.0,0.04535984992980957,0.04535984992980957,0.45707815349517117,0.6379581157422569,0.6307956675814601,0.6436242461204529,18f6d30ea381f1bb0818fd80f8f25a4ffdbfc74e84c11ff80f30db37d9c8f203
2,additive,3,1000,800,200,10000,10000,0.5,173,41260907,41760907,1041760907,2041260907,3041260907,0.08879764401296988,0.6751544810834302,0.6760384678523571,0.009492486367522828,0.455833573327036,-0.004149024839198229,0.01783276372667226,0.45702801001616244,1.1102230246251565e-16,5.748040710074065e-07,1211,0.005,1,1,1.0778024196624756,1.0,0.07780241966247559,0.07780241966247559,-0.9572004079818726,-1.0,0.04279959201812744,0.04279959201812744,0.4513972316749654,0.6290434056576043,0.626265916470081,0.6337887048721313,b85df637e037aace878d75e345b9fce00cc794beab59d89787a0fd603007f5d3
2,additive,3,1000,800,200,10000,10000,0.5,174,41260907,41760907,1041760907,2041260907,3041260907,0.08494742353157025,0.6901377076683187,0.6800239509035865,0.00871344491611102,0.47629005554568177,-0.011285463329634702,0.04653765722882134,0.46243257380252334,-5.551115123125783e-17,5.775494535953385e-07,1218,0.005,1,1,1.074318766593933,1.0,0.0743187665939331,0.0743187665939331,-0.9588565230369568,-1.0,0.04114347696304321,0.04114347696304321,0.44956029464158176,0.6278515617672471,0.627930362182778,0.6325937509536743,cd31290cb2a6ba0247b94c9622e90c1620cc12fe6256527ed6fff906543d7bc9
2,additive,3,1000,800,200,10000,10000,0.5,175,41260907,41760907,1041760907,2041260907,3041260907,0.07995428955091359,0.6926447810115078,0.6778689393230681,0.00779603690907077,0.4797567926624796,-0.014023265336284486,0.05752511106789306,0.45950629889898137,-5.551115123125783e-17,5.69590383747709e-07,1225,0.005,1,1,1.0696029663085938,1.0,0.06960296630859375,0.06960296630859375,-0.9606539011001587,-1.0,0.03934609889984131,0.03934609889984131,0.45926297694372736,0.6365277424098571,0.6272727606148172,0.6415378451347351,ebb6dbfd663270bed1831c9829fc492e01b063555ea1ff4404c525bf94f559ee
2,additive,3,1000,800,200,10000,10000,0.5,176,41260907,41760907,1041760907,2041260907,3041260907,0.07915398621928403,0.7404275713689271,0.73692046364313,0.007706705276742667,0.5482329884432876,-0.006443961992012368,0.02318223384588016,0.5430517697360057,1.1102230246251565e-16,5.602217605371607e-07,1232,0.005,1,1,1.0685981512069702,1.0,0.06859815120697021,0.06859815120697021,-0.9605076313018799,-1.0,0.03949236869812012,0.03949236869812012,0.4596921202880917,0.6498171405943901,0.6399024845607728,0.6559435129165649,8d56041986b476669b3d3e5524ce007346d1221da2b269caaddc2e8d530b0de2
2,additive,3,1000,800,200,10000,10000,0.5,177,41260907,41760907,1041760907,2041260907,3041260907,0.08117139784228884,0.6887596874662699,0.6922645372251358,0.008129972768633196,0.4743899070786339,-0.0016448451738678039,0.006817730180934513,0.4792301894995315,5.551115123125783e-17,5.835243825913494e-07,1239,0.005,1,1,1.0702290534973145,1.0,0.07022905349731445,0.07022905349731445,-0.9592977166175842,-1.0,0.04070228338241577,0.04070228338241577,0.453383598513544,0.636130789478339,0.6285016401404435,0.6411654353141785,c5253717f6884c5160aded69fd2bc327fc2efc3bf8629a85b3bee9d02238f087
2,additive,3,1000,800,200,10000,10000,0.5,178,41260907,41760907,1041760907,2041260907,3041260907,0.07795993529948102,0.7687163055459472,0.742570569640678,0.007466937784251249,0.59092475841221,-0.023490322649990177,0.07851152614349761,0.551411050896481,1.1102230246251565e-16,5.668190343754986e-07,1246,0.005,1,1,1.0676064491271973,1.0,0.06760644912719727,0.06760644912719727,-0.9611783623695374,-1.0,0.038821637630462646,0.038821637630462646,0.46429004613631314,0.6424666149242142,0.6436057252523295,0.6456497311592102,083d8907f5c804be08ac3327e94f6cafaf949ffaefb53585d83119833ac83776
2,additive,3,1000,800,200,10000,10000,0.5,179,41260907,41760907,1041760907,2041260907,3041260907,0.08118530803339502,0.6749317353549995,0.6762403670344566,0.007969659736473563,0.45553284738931116,-0.0031007365594440343,0.013379589157659336,0.4573010340068966,-5.551115123125783e-17,5.64444581740986e-07,1253,0.005,1,1,1.0709792375564575,1.0,0.07097923755645752,0.07097923755645752,-0.9605918526649475,-1.0,0.03940814733505249,0.03940814733505249,0.45093909675903615,0.6314941719689249,0.625156700284455,0.6371162533760071,d4e40254d14ba3f183fda5f392559a976fd7f42b92d7d7e7e369997f1498a244
2,additive,3,1000,800,200,10000,10000,0.5,180,41260907,41760907,1041760907,2041260907,3041260907,0.07856663615267032,0.7214538833316003,0.7257536273678791,0.007380670301997388,0.5204957057742464,-0.0005790242193047996,0.002193787203014246,0.5267183276376343,0.0,5.814574368656622e-07,1260,0.005,1,1,1.0690641403198242,1.0,0.06906414031982422,0.06906414031982422,-0.9625452160835266,-1.0,0.03745478391647339,0.03745478391647339,0.45662692628850415,0.6437424847810117,0.6356494460914316,0.650660514831543,4bb0b6b35cbbadb87f6cf75d6a9ac1087c0a457ccc128dc998a86d9905a99f4f
2,additive,3,1000,800,200,10000,10000,0.5,181,41260907,41760907,1041760907,2041260907,3041260907,0.07869143948309196,0.6770784414655371,0.6694034079728746,0.007172796491286607,0.45843521589740066,-0.008753544891494288,0.037600490793044485,0.4481009226056987,5.551115123125783e-17,5.756606036300127e-07,1267,0.005,1,1,1.0701637268066406,1.0,0.07016372680664062,0.07016372680664062,-0.9643714427947998,-1.0,0.035628557205200195,0.035628557205200195,0.44853865286813316,0.6331067911053609,0.6259255614926819,0.640526294708252,2206a620f0f3083dffdbb3ded9194eb224a782df711ba9f8895750d266d2a461
2,additive,3,1000,800,200,10000,10000,0.5,182,41260907,41760907,1041760907,2041260907,3041260907,0.08170178503656964,0.7191574313365763,0.7121842061166646,0.007619521024539527,0.5171874110466224,-0.008800294314569086,0.03353726399854718,0.5072063434420238,0.0,5.876656103964706e-07,1274,0.005,1,1,1.073288083076477,1.0,0.07328808307647705,0.07328808307647705,-0.9638885259628296,-1.0,0.03611147403717041,0.03611147403717041,0.4468527371489316,0.6374680190282446,0.6346551764574792,0.6445866823196411,d7a95909f5b503257ea76e738147758f77255d93bd8177c7f6f6f527d5bb4bee
2,additive,3,1000,800,200,10000,10000,0.5,183,41260907,41760907,1041760907,2041260907,3041260907,0.08152835593266243,0.6868716458050608,0.6900753656406086,0.007522816175527043,0.4717926578109529,-0.0015557318612301782,0.006491473552026658,0.4762040102640196,0.0,5.914685612395942e-07,1281,0.005,1,1,1.073378562927246,1.0,0.0733785629272461,0.0733785629272461,-0.9644688963890076,-1.0,0.03553110361099243,0.03553110361099243,0.4514645662760206,0.6292139867472499,0.6285861573705414,0.63524329662323,249f1ee32d34039f11d4b89c4cb77299d41713c61540aaa75abd741f2750555d
2,additive,3,1000,800,200,10000,10000,0.5,184,41260907,41760907,1041760907,2041260907,3041260907,0.07597821230000472,0.7566872214369581,0.7318816853134741,0.006268164978130619,0.5725755510859841,-0.021596457383411847,0.07461930322145796,0.535650801297291,0.0,5.654330088589177e-07,1288,0.005,1,1,1.0694152116775513,1.0,0.06941521167755127,0.06941521167755127,-0.9691095948219299,-1.0,0.03089040517807007,0.03089040517807007,0.4580466243451224,0.64846401938557,0.6416764090492839,0.6563228964805603,cc7c8996e9008b2d877a824b853728d6fbc0bfa7e6393e91f043d505425e5873
2,additive,3,1000,800,200,10000,10000,0.5,185,41260907,41760907,1041760907,2041260907,3041260907,0.08162745293746146,0.7053044786436027,0.7138830585417705,0.007513491236393193,0.49745440759472415,0.0023305612209178106,-0.009230532183580442,0.509629021272953,0.0,5.886212797179269e-07,1295,0.005,1,1,1.073571801185608,1.0,0.07357180118560791,0.07357180118560791,-0.9646413922309875,-1.0,0.03535860776901245,0.03535860776901245,0.45546111586800647,0.6376988739269316,0.6328972602843271,0.6454029083251953,f40c5f65a1500974872dd0bf08cd954742ecb65f1a10bacc849ee3ef065d7af0
2,additive,3,1000,800,200,10000,10000,0.5,186,41260907,41760907,1041760907,2041260907,3041260907,0.07996242773951232,0.7000674604716264,0.695667567087465,0.007251833219247381,0.4900944492111921,-0.006696459266523416,0.02692875971164017,0.4839533638973927,5.551115123125783e-17,5.754425203008395e-07,1302,0.005,1,1,1.0719102621078491,1.0,0.07191026210784912,0.07191026210784912,-0.9650299549102783,-1.0,0.03497004508972168,0.03497004508972168,0.44535388570296164,0.6355495879875428,0.6302718235765742,0.6422278881072998,2b11cb31e4fa17da8863e88da57c2e4da8cee6c71beae3ba85745e6dcb30b29e
2,additive,3,1000,800,200,10000,10000,0.5,187,41260907,41760907,1041760907,2041260907,3041260907,0.07967998804995913,0.7628426899419312,0.7319016402825899,0.006779146994828793,0.5819289695978414,-0.02651405277216237,0.090075376998777,0.5356800110483455,0.0,5.865685785977348e-07,1309,0.005,1,1,1.0731974840164185,1.0,0.07319748401641846,0.07319748401641846,-0.968519389629364,-1.0,0.031480610370635986,0.031480610370635986,0.47073946733998684,0.6433970316474996,0.6419416304967432,0.6491496562957764,3a53e712b8a523a1271755a48649fc904ed0d119cabd3889de36e14ba070a071
2,additive,3,1000,800,200,10000,10000,0.5,188,41260907,41760907,1041760907,2041260907,3041260907,0.083527728767144,0.7206454765152438,0.7330432115132797,0.007741020751358058,0.5193299028218827,0.005140713186230956,-0.019506722743800196,0.5373523499457028,1.1102230246251565e-16,5.731185641622005e-07,1316,0.005,1,1,1.0757399797439575,1.0,0.07573997974395752,0.07573997974395752,-0.9647815823554993,-1.0,0.03521841764450073,0.03521841764450073,0.45464775031437055,0.6341314735813712,0.6362100288519301,0.6386922597885132,013f132ba46210c1da4d1e61b17c1384cbe8e07bd3f9647f07fae99d67c8f95c
2,additive,3,1000,800,200,10000,10000,0.5,189,41260907,41760907,1041760907,2041260907,3041260907,0.08209755246320653,0.7376298674022052,0.7560287922762557,0.007773048887971985,0.5440978212837947,0.009854332289463641,-0.035712456743355686,0.5715795347506939,-1.1102230246251565e-16,5.753547931419689e-07,1323,0.005,1,1,1.07333505153656,1.0,0.07333505153656006,0.07333505153656006,-0.9630950093269348,-1.0,0.036904990673065186,0.036904990673065186,0.4634443982572932,0.645070980228595,0.6408824445650368,0.6493908166885376,e3ef1e835338770a4b482362455aab494c772be399fb0f2a5989498a9dacdb76
2,additive,3,1000,800,200,10000,10000,0.5,190,41260907,41760907,1041760907,2041260907,3041260907,0.07558947274295728,0.7270046777436359,0.7026081050334141,0.006489721114331963,0.5285358014611278,-0.02068368665840735,0.0773185045784059,0.493658149258645,-5.551115123125783e-17,5.778064213757261e-07,1330,0.005,1,1,1.0679391622543335,1.0,0.0679391622543335,0.0679391622543335,-0.9668633341789246,-1.0,0.03313666582107544,0.03313666582107544,0.4601822195798981,0.6402699714975345,0.6355360254701704,0.6452893614768982,cfc4617867e280520ba57bd05d411509c2372adff61b7b2fee1fec669655616c
2,additive,3,1000,800,200,10000,10000,0.5,191,41260907,41760907,1041760907,2041260907,3041260907,0.07791026902972675,0.7016404401285702,0.6959402083802907,0.007125047281049641,0.4922993072238137,-0.007545790432230447,0.030217951384094815,0.4843327736404025,5.551115123125783e-17,5.784496970306918e-07,1337,0.005,1,1,1.069069743156433,1.0,0.0690697431564331,0.0690697431564331,-0.9639530777931213,-1.0,0.03604692220687866,0.03604692220687866,0.44400089313505836,0.6339713510751328,0.6313267232779625,0.6398090720176697,5ee13da92719ee27b86a220a123f99eadd0adca72e63e6c8dbd3e9ba3d278422
2,additive,3,1000,800,200,10000,10000,0.5,192,41260907,41760907,1041760907,2041260907,3041260907,0.07899158448562721,0.6947185986271601,0.7011354179640451,0.007398776207508593,0.4826339312784852,0.0007790834188111637,-0.003179720075454072,0.49159087432361614,0.0,5.752571379247229e-07,1344,0.005,1,1,1.0697088241577148,1.0,0.06970882415771484,0.06970882415771484,-0.9628469347953796,-1.0,0.03715306520462036,0.03715306520462036,0.4459970607092801,0.6314437381488766,0.6303049527418231,0.6359007358551025,b5858df3872f0607004c748baf57bd604fa82fb5dff41828765124d6bb9b9151
2,additive,3,1000,800,200,10000,10000,0.5,193,41260907,41760907,1041760907,2041260907,3041260907,0.07798090342148817,0.7083780862392945,0.7101791831613129,0.007196017366784884,0.5017995130640455,-0.0023205291175803547,0.009118072669974856,0.5043544721956696,0.0,5.787460732875616e-07,1351,0.005,1,1,1.0688810348510742,1.0,0.06888103485107422,0.06888103485107422,-0.963442862033844,-1.0,0.036557137966156006,0.036557137966156006,0.4437391498867409,0.6309395728505699,0.6322057777745742,0.6360197067260742,6eb692cd5dce9b5ca634592eb9a365eae09f14c27a5ec30e2c234fff433f5ce1
2,additive,3,1000,800,200,10000,10000,0.5,194,41260907,41760907,1041760907,2041260907,3041260907,0.07516851666049454,0.6845876657733561,0.6744788583912017,0.006313570937446398,0.4686602721290123,-0.010026056324879955,0.04221729878913396,0.45492173041669876,0.0,5.695764198065945e-07,1358,0.005,1,1,1.0679839849472046,1.0,0.06798398494720459,0.06798398494720459,-0.967930018901825,-1.0,0.03206998109817505,0.03206998109817505,0.44575562195917046,0.6238583697368683,0.6282570832141713,0.631210446357727,a88e2bad0a7207a5959b4b960c9fad10470ed75ee4f78c7b47bdd6e40e7f7a75
2,additive,3,1000,800,200,10000,10000,0.5,195,41260907,41760907,1041760907,2041260907,3041260907,0.07527750093116833,0.7174438311678307,0.7058376128475234,0.005942249707421796,0.5147256508807748,-0.011230582438953139,0.04313913888782463,0.4982067357102904,1.1102230246251565e-16,5.720916824714095e-07,1365,0.005,1,1,1.0695399045944214,1.0,0.06953990459442139,0.06953990459442139,-0.9711745977401733,-1.0,0.02882540225982666,0.02882540225982666,0.4433123461003465,0.6330983181276308,0.6354046441707973,0.6407010555267334,80bc97c086f99637fe75351336c12cc5038d844d6809cf19e5e36efebbfa5ce2
2,additive,3,1000,800,200,10000,10000,0.5,196,41260907,41760907,1041760907,2041260907,3041260907,0.07963798391665136,0.7081975699983982,0.7085237262119681,0.00653252099582329,0.5015437981516361,-0.0030352242710837258,0.011947906866341514,0.502005870605292,1.1102230246251565e-16,5.846713460044839e-07,1372,0.005,1,1,1.0739518404006958,1.0,0.0739518404006958,0.0739518404006958,-0.9704477787017822,-1.0,0.029552221298217773,0.029552221298217773,0.44102108830906017,0.6333882186711447,0.631668550847406,0.6381337642669678,7ec9fa4dcd715dfd47aefe79a36fcfb39024b1808bd0a583d4cdf02d3188ecd8
2,additive,3,1000,800,200,10000,10000,0.5,197,41260907,41760907,1041760907,2041260907,3041260907,0.07866622896641516,0.6864057898221422,0.6838682366276516,0.005943591327381273,0.47115290830135875,-0.0047103672802631304,0.01974597291712924,0.4676757650682137,-5.551115123125783e-17,5.855522662301382e-07,1379,0.005,1,1,1.0743497610092163,1.0,0.07434976100921631,0.07434976100921631,-0.9743000268936157,-1.0,0.025699973106384277,0.025699973106384277,0.44336125383997,0.6265730302817384,0.6292839635851317,0.6318486928939819,a5406357520e0c5c6512aa5c5cb2163521f33b720234686121067de7ab1bbe53
2,additive,3,1000,800,200,10000,10000,0.5,198,41260907,41760907,1041760907,2041260907,3041260907,0.07761297431443745,0.7294270109364231,0.7246462460705095,0.005575274130119511,0.5320637642836448,-0.006263428234841465,0.023299752388966827,0.5251121819440814,0.0,5.731649412865636e-07,1386,0.005,1,1,1.0739328861236572,1.0,0.07393288612365723,0.07393288612365723,-0.9763842821121216,-1.0,0.023615717887878418,0.023615717887878418,0.443852227877317,0.6432371562273608,0.6367375892207617,0.65070641040802,ad408e4386ffee4f986bc25e0375215e7e2b676f1d0ad20b5e73c559256938cd
2,additive,3,1000,800,200,10000,10000,0.5,199,41260907,41760907,1041760907,2041260907,3041260907,0.07594888857887862,0.6891414079751056,0.6877570084441029,0.005023124812419069,0.47491588018591085,-0.0034646511671740285,0.01443788119361578,0.4730097026639818,-5.551115123125783e-17,5.713407222884825e-07,1393,0.005,1,1,1.0731536149978638,1.0,0.07315361499786377,0.07315361499786377,-0.9795847535133362,-1.0,0.02041524648666382,0.02041524648666382,0.4409617606546115,0.6349828068610788,0.6291151969950008,0.6401218771934509,8e310187f3212e8914818a196944ffb03409062f6d13ad904b60a65d7efcccdb
2,additive,3,1000,800,200,10000,10000,0.5,200,41260907,41760907,1041760907,2041260907,3041260907,0.07379883763641833,0.7263503795079953,0.7265694349848607,0.004525762390448468,0.5275848738114087,-0.002103746173818797,0.007907175804021092,0.5279031438542197,1.1102230246251565e-16,5.617290543824538e-07,1400,0.005,1,1,1.071593165397644,1.0,0.07159316539764404,0.07159316539764404,-0.9820922613143921,-1.0,0.01790773868560791,0.01790773868560791,0.4447126056635422,0.6376862943775886,0.6372048397571619,0.6435779333114624,9323281751b7b0937f831daa3f49f4baf844ccfdbb52c56aee09bd0ce081ccec
2,additive,3,1000,800,200,10000,10000,0.5,201,41260907,41760907,1041760907,2041260907,3041260907,0.07025784804035971,0.7125400524212286,0.7014798464040553,0.0038809200515506474,0.5077133263044472,-0.009760135722470404,0.03815576813848184,0.4920739749110569,-1.1102230246251565e-16,5.762397687902876e-07,1407,0.005,1,1,1.0686475038528442,1.0,0.06864750385284424,0.06864750385284424,-0.9850438833236694,-1.0,0.014956116676330566,0.014956116676330566,0.445148647033378,0.6373458252420268,0.6336399904831602,0.6441441774368286,818891cb785cd65bdc2626559b811d213cb6b78b2a4d871151195ce8f8eb70c2
2,additive,3,1000,800,200,10000,10000,0.5,202,41260907,41760907,1041760907,2041260907,3041260907,0.06934221887228477,0.7192293783978373,0.7119490646327495,0.0037413968126320924,0.5172908987505395,-0.007080412465862211,0.027178401516202214,0.506871470631447,-1.1102230246251565e-16,5.846852797475321e-07,1414,0.005,1,1,1.0678341388702393,1.0,0.06783413887023926,0.06783413887023926,-0.98561692237854,-1.0,0.014383077621459961,0.014383077621459961,0.43687152748057,0.6325820352292122,0.6352348975458685,0.6390795707702637,f76544141c5b453297d59b43374ca0e0495c8263e03fa3bf7769ea8e0fb51b6d
2,additive,3,1000,800,200,10000,10000,0.5,203,41260907,41760907,1041760907,2041260907,3041260907,0.0691326776565603,0.71652546822689,0.7205504827565721,0.003775152119353317,0.5134087466177639,0.0010045497318059468,-0.003884690665192405,0.5191929982007291,-1.1102230246251565e-16,5.788338235390711e-07,1421,0.005,1,1,1.0675108432769775,1.0,0.06751084327697754,0.06751084327697754,-0.9851133227348328,-1.0,0.014886677265167236,0.014886677265167236,0.43999804445529817,0.6382579808249953,0.6344613225760654,0.6440656185150146,b92c283fad158774f52f42fcc7a82a68b34e0d36691e66e39f960eb3ca3c1873
2,additive,3,1000,800,200,10000,10000,0.5,204,41260907,41760907,1041760907,2041260907,3041260907,0.066344415762482,0.7210431381563922,0.719229636603386,0.00347501006947829,0.5199032070824181,-0.003043473491628983,0.01163011142569465,0.5172912701686386,2.220446049250313e-16,5.684037773789896e-07,1428,0.005,1,1,1.0647919178009033,1.0,0.06479191780090332,0.06479191780090332,-0.9857315421104431,-1.0,0.014268457889556885,0.014268457889556885,0.43639633973735764,0.6434729718768075,0.6354900994210422,0.6485073566436768,e6cac5b9769a8f3d07d9ace00a121ec29dba934da67b453a42fa78c7883a9f67
2,additive,3,1000,800,200,10000,10000,0.5,205,41260907,41760907,1041760907,2041260907,3041260907,0.061118981430068706,0.7490988089932605,0.7360343662261516,0.002625440669307679,0.5611490256351214,-0.011013939019248164,0.039072145609733294,0.5417465882659326,-1.1102230246251565e-16,5.776948839297802e-07,1435,0.005,1,1,1.0603715181350708,1.0,0.0603715181350708,0.0603715181350708,-0.9904705882072449,-1.0,0.009529411792755127,0.009529411792755127,0.44861809355384785,0.6511038484434715,0.6420385580328544,0.6569454669952393,3255f1830a85c5e82e7e415b6dbdf2dfd3530889c5e879aeb8c9af6a8123502e
2,additive,3,1000,800,200,10000,10000,0.5,206,41260907,41760907,1041760907,2041260907,3041260907,0.06090650510504785,0.7311404053519793,0.7234694859242276,0.0027481476070917482,0.5345662923382566,-0.006953171440941182,0.02588120074215168,0.523408097063466,1.1102230246251565e-16,5.799888214141902e-07,1442,0.005,1,1,1.0598877668380737,1.0,0.05988776683807373,0.05988776683807373,-0.9889068603515625,-1.0,0.0110931396484375,0.0110931396484375,0.4424593843132081,0.6374133831233224,0.638122409497023,0.6441620588302612,edc95ddac50e0ffffdf7ceabdcc14c2e1383f283512eee8bbfbd968b97a27e57
2,additive,3,1000,800,200,10000,10000,0.5,207,41260907,41760907,1041760907,2041260907,3041260907,0.061759972109019456,0.7187720207464284,0.726325451336597,0.0030430997999290176,0.5166332178079042,0.003936171825739119,-0.015148551867277888,0.5275486612593113,-1.1102230246251565e-16,5.88430999926004e-07,1449,0.005,1,1,1.060238003730774,1.0,0.060238003730773926,0.060238003730773926,-0.9863736629486084,-1.0,0.013626337051391602,0.013626337051391602,0.4428657540603841,0.6353568116258137,0.6366077299996264,0.6418001651763916,2d071229041af9b7bef04e42e5eb0ae1a79ebc3fa7ace663ee5d1ac1b879deba
2,additive,3,1000,800,200,10000,10000,0.5,208,41260907,41760907,1041760907,2041260907,3041260907,0.06224262921523736,0.7542463925849062,0.7531133710592525,0.0029691072870111817,0.5688876207273446,-0.002338489173062243,0.00817858410508563,0.5671797496682313,0.0,5.886262108845131e-07,1456,0.005,1,1,1.0609911680221558,1.0,0.06099116802215576,0.06099116802215576,-0.9875813722610474,-1.0,0.012418627738952637,0.012418627738952637,0.43951645823642677,0.6435800951341623,0.6433019204078054,0.6497339010238647,815a6761213a495c073c1dd6da167b18e0c2990df91e53e4949b74db583eda28
2,additive,3,1000,800,200,10000,10000,0.5,209,41260907,41760907,1041760907,2041260907,3041260907,0.0643400160646359,0.7115884248698968,0.7106521310684184,0.0030810904976046167,0.5063580864088207,-0.0022063627571704543,0.008661928085580755,0.5050264513920845,0.0,5.771482172178821e-07,1463,0.005,1,1,1.0632354021072388,1.0,0.06323540210723877,0.06323540210723877,-0.9881289601325989,-1.0,0.011871039867401123,0.011871039867401123,0.44246342767704405,0.637876092903586,0.6332062210814473,0.6422590613365173,c09639c539294ea3475e09a6ed3ea038cadfadcccee0a14347ed0aaf4c73b11b
2,additive,3,1000,800,200,10000,10000,0.5,210,41260907,41760907,1041760907,2041260907,3041260907,0.06638067304109285,0.7650112945953363,0.7749431549236859,0.0032946975767494885,0.5852422808584324,0.005999957463946911,-0.020389398402458108,0.6005368933630758,0.0,5.876863031772928e-07,1470,0.005,1,1,1.0652117729187012,1.0,0.06521177291870117,0.06521177291870117,-0.987597644329071,-1.0,0.012402355670928955,0.012402355670928955,0.45059668935157576,0.6460789718409657,0.6460190690120715,0.6524912118911743,23653dc8091da6a8a9ba9582b0f8986296a9072040cb43e617152ab6373eb52c
2,additive,3,1000,800,200,10000,10000,0.5,211,41260907,41760907,1041760907,2041260907,3041260907,0.06213415372865173,0.7237434845051625,0.7177082376899722,0.0025950212623331048,0.5238046313636744,-0.005647269088980975,0.021456203706856185,0.5151051144480456,1.1102230246251565e-16,5.814072263632397e-07,1477,0.005,1,1,1.061570644378662,1.0,0.06157064437866211,0.06157064437866211,-0.9916508197784424,-1.0,0.008349180221557617,0.008349180221557617,0.4388597147713287,0.6382794759456024,0.6363692691671892,0.6450236439704895,b1facaf70f0d9e04a4edde419bacfd1649bf977ecd2cf41682eaf89469378d55
2,additive,3,1000,800,200,10000,10000,0.5,212,41260907,41760907,1041760907,2041260907,3041260907,0.059641029974584044,0.747882808905339,0.7419918576712623,0.0022372537347273335,0.5593286958561398,-0.005507016370208135,0.019613070821763005,0.5505519168504508,-1.1102230246251565e-16,5.747114677490117e-07,1484,0.005,1,1,1.0593217611312866,1.0,0.05932176113128662,0.05932176113128662,-0.9938371181488037,-1.0,0.006162881851196289,0.006162881851196289,0.43574557851880813,0.6410049947182452,0.6420730545522958,0.6466292142868042,a49337e0aa7eeb54841281d84349c1cb815a87cb8b15d6b37ba7cb6d4238ba6d
2,additive,3,1000,800,200,10000,10000,0.5,213,41260907,41760907,1041760907,2041260907,3041260907,0.05982094498590717,0.7378535189157415,0.7308389459540049,0.0021744405665492183,0.5444278153763424,-0.006238345509865383,0.022825904730686502,0.5341255649231609,0.0,5.812924879222692e-07,1491,0.005,1,1,1.0595905780792236,1.0,0.05959057807922363,0.05959057807922363,-0.9947551488876343,-1.0,0.005244851112365723,0.005244851112365723,0.4354009692917685,0.6455667638529643,0.6395866190534669,0.6507792472839355,f9e03a88891d6b408fb09d2da4dc678d76de1d2be7830c3dc22f0988a45e777d
2,additive,3,1000,800,200,10000,10000,0.5,214,41260907,41760907,1041760907,2041260907,3041260907,0.05792992439595463,0.7290343676726997,0.7247278661167279,0.001978397323372761,0.5314911092479331,-0.00411951332259996,0.015444231664061675,0.5252304799261059,0.0,5.511822891435258e-07,1498,0.005,1,1,1.0577702522277832,1.0,0.0577702522277832,0.0577702522277832,-0.9957018494606018,-1.0,0.004298150539398193,0.004298150539398193,0.43386824650622613,0.6402248820747316,0.6373283422385483,0.6456791162490845,80a15d828aa7a164823635c26c7543d144224c4c5d7fd3b7c22bcb80d5443848
2,additive,3,1000,800,200,10000,10000,0.5,215,41260907,41760907,1041760907,2041260907,3041260907,0.05458415283976147,0.7320439267171327,0.7268711716155544,0.0015431585083221279,0.5358883106434388,-0.00454488451299605,0.016913354627965255,0.5283417001257688,0.0,5.767793016531186e-07,1505,0.005,1,1,1.0545744895935059,1.0,0.05457448959350586,0.05457448959350586,-0.9989729523658752,-1.0,0.0010270476341247559,0.0010270476341247559,0.4332815513464401,0.6399255995076705,0.6388192405421551,0.647396445274353,b3b4022a243f97ae75c5a47ccc4e75d163be4cb76d2d3f75076afd8eb2efa478
2,additive,3,1000,800,200,10000,10000,0.5,216,41260907,41760907,1041760907,2041260907,3041260907,0.05430437469753603,0.7461307812486598,0.749639998071322,0.0015838389116233764,0.5567111427267355,0.00183257253500635,-0.006564889871044612,0.5619601267083716,0.0,5.649279195552026e-07,1512,0.005,1,1,1.054273009300232,1.0,0.054273009300231934,0.054273009300231934,-0.9981545805931091,-1.0,0.0018454194068908691,0.0018454194068908691,0.4356090213029442,0.6415497804946875,0.6412799249275738,0.6476680636405945,c02364708029cbf5b2e0e3955f6fcd51dcb06b350e32029df37a801b98edaf60
2,additive,3,1000,800,200,10000,10000,0.5,217,41260907,41760907,1041760907,2041260907,3041260907,0.0515474862016259,0.731969980894783,0.7292722796615634,0.0013684539800535506,0.5357800529311091,-0.002655224514194555,0.00988637026830159,0.5318380578827735,-1.1102230246251565e-16,5.820981243687129e-07,1519,0.005,1,1,1.051540493965149,1.0,0.051540493965148926,0.051540493965148926,-0.9991509914398193,-1.0,0.0008490085601806641,0.0008490085601806641,0.42948550990722395,0.640594394934376,0.637799883905021,0.6472853422164917,0eaaa4b27e8d3441d8560f5e73ddb7e14a6047b6cec8f60a1fe4e8fc6eee374d
2,additive,3,1000,800,200,10000,10000,0.5,218,41260907,41760907,1041760907,2041260907,3041260907,0.044806601048188226,0.7730992216023248,0.7656064640003466,0.0009925566050134936,0.5976824064421206,-0.006260852664009957,0.020915699003490936,0.5861532577191141,-1.1102230246251565e-16,5.59834674618287e-07,1526,0.005,1,1,1.0448065996170044,1.0,0.044806599617004395,0.044806599617004395,-1.0000113248825073,-1.0,-1.1324882507324219e-05,1.1324882507324219e-05,0.4458026505551257,0.6494469201516521,0.648089308248139,0.6549458503723145,eb6c0de9ff17ad2013e5d2f7bc4f973fa6ebe1cdd3c315f835b6a146a03c43e6
2,additive,3,1000,800,200,10000,10000,0.5,219,41260907,41760907,1041760907,2041260907,3041260907,0.04447666263836652,0.715570602675374,0.7142764407503772,0.0011701437157007766,0.5120412874131979,-0.0015102986589357573,0.005885678172107703,0.5101908338110271,0.0,5.746954219176814e-07,1533,0.005,1,1,1.0443490743637085,1.0,0.044349074363708496,0.044349074363708496,-0.9966335296630859,-1.0,0.0033664703369140625,0.0033664703369140625,0.43411135749108565,0.6364031526137173,0.6354327295601275,0.643028199672699,3eb9e0be92482c5d82d522b6a0e7625a940037b29e5b4d7ab3cc587baa5f9c34
2,additive,3,1000,800,200,10000,10000,0.5,220,41260907,41760907,1041760907,2041260907,3041260907,0.04505005711558448,0.7544847294213838,0.7521850638046698,0.0014005109941944464,0.5692472069300587,-0.0024326738567090516,0.008526009235813542,0.5657823702108351,0.0,5.780151219880736e-07,1540,0.005,1,1,1.0445606708526611,1.0,0.04456067085266113,0.04456067085266113,-0.9933777451515198,-1.0,0.006622254848480225,0.006622254848480225,0.4320752353365214,0.6468127581779721,0.643573806923586,0.6535669565200806,4cf5dc8297813eba00f9dc4cd4e5efd2383e68308466abe947271e08aee3227e
2,additive,3,1000,800,200,10000,10000,0.5,221,41260907,41760907,1041760907,2041260907,3041260907,0.05003147043510553,0.7915700462003874,0.8044662303141797,0.0019220168626486235,0.6265831380416835,0.009330380405787353,-0.029690704469106783,0.6471659157159069,0.0,5.677823846639285e-07,1547,0.005,1,1,1.0490155220031738,1.0,0.04901552200317383,0.04901552200317383,-0.9899687170982361,-1.0,0.010031282901763916,0.010031282901763916,0.4611894099851749,0.6610006327518139,0.6506362743595968,0.667084813117981,9d700df063638d47c05e831d633be41c52c9baeca757e48c51bfb42b5a7a99e2
2,additive,3,1000,800,200,10000,10000,0.5,222,41260907,41760907,1041760907,2041260907,3041260907,0.04875066035157615,0.744844023469875,0.7408470835396342,0.0017873030191310763,0.5547926192987918,-0.0038627605643705154,0.013880344617117095,0.5488544011891817,-1.1102230246251565e-16,5.674301757352396e-07,1554,0.005,1,1,1.0478646755218506,1.0,0.047864675521850586,0.047864675521850586,-0.9907479882240295,-1.0,0.009252011775970459,0.009252011775970459,0.4307718089126134,0.6427673411436924,0.6411014191869501,0.6504271626472473,81d303d349ed0a49dad9b27d9860d3db0eb0d9b635d2b6c1c5815af11e42b2a9
2,additive,3,1000,800,200,10000,10000,0.5,223,41260907,41760907,1041760907,2041260907,3041260907,0.04908999356114264,0.7186385740788571,0.7134840665885547,0.0017867663946570193,0.516441400154093,-0.004584326636504497,0.017692309806449886,0.5090595132757412,1.1102230246251565e-16,5.771308764224159e-07,1561,0.005,1,1,1.048264980316162,1.0,0.04826498031616211,0.04826498031616211,-0.991037905216217,-1.0,0.008962094783782959,0.008962094783782959,0.4403837708991924,0.6438867593345098,0.6356776896773424,0.6528105139732361,fd3ca95a9897d4c8cf140e22e46e792df260308e433f5466bd18eb49e19acdca
2,additive,3,1000,800,200,10000,10000,0.5,224,41260907,41760907,1041760907,2041260907,3041260907,0.05245193291663048,0.759319760360592,0.754410101054918,0.002176132722583531,0.5765664984740669,-0.004804015311479431,0.01660156018417478,0.5691346005736916,0.0,5.676085930161889e-07,1568,0.005,1,1,1.051213026046753,1.0,0.05121302604675293,0.05121302604675293,-0.9886672496795654,-1.0,0.01133275032043457,0.01133275032043457,0.4313671770379125,0.645203072613616,0.6441872635169508,0.653760552406311,d2d29035a56af7ab00f3f3247260619c8901e8bb7b63c748d24fb6cd1fa8df97
2,additive,3,1000,800,200,10000,10000,0.5,225,41260907,41760907,1041760907,2041260907,3041260907,0.05256318962550997,0.7259575583607846,0.719503435028177,0.0021615761710071834,0.5270143765411519,-0.005745379847406465,0.0217144404161223,0.5176851930173462,0.0,5.772403017800798e-07,1575,0.005,1,1,1.051387906074524,1.0,0.051387906074523926,0.051387906074523926,-0.9889468550682068,-1.0,0.011053144931793213,0.011053144931793213,0.4323838497464296,0.6442367183575435,0.6379848775829717,0.6545860767364502,771bc7dc6e08abc509e0c3ee546677d8d9f04bfc68f448f490b8b70a1b30d19f
2,additive,3,1000,800,200,10000,10000,0.5,226,41260907,41760907,1041760907,2041260907,3041260907,0.055291851471570196,0.7392517932718112,0.736068984814294,0.002340650762593394,0.5464932138555887,-0.0035181571063183635,0.012820481144201654,0.5417975504055453,0.0,5.632827555501763e-07,1582,0.005,1,1,1.0541859865188599,1.0,0.05418598651885986,0.05418598651885986,-0.9889969229698181,-1.0,0.011003077030181885,0.011003077030181885,0.4280379881652121,0.6455422642377863,0.6399895059543628,0.6533661484718323,cb9339a696ce0cb083ac3ab31164ed0b75a9951ba98d86e1581f604b2cda5edb
2,additive,3,1000,800,200,10000,10000,0.5,227,41260907,41760907,1041760907,2041260907,3041260907,0.05637385191333215,0.7311000758516333,0.7246394640705013,0.0022007561909734514,0.5345073209102639,-0.00580286210642704,0.02162390451721287,0.5251023528883833,0.0,5.600798278493357e-07,1589,0.005,1,1,1.055747151374817,1.0,0.055747151374816895,0.055747151374816895,-0.9916175007820129,-1.0,0.00838249921798706,0.00838249921798706,0.43091730923808896,0.6408056586674811,0.6375369986412479,0.6471432447433472,0edac29919a56b5c163ea4320ab519a0eb902f7013299a479fcb3a5133df5132
2,additive,3,1000,800,200,10000,10000,0.5,228,41260907,41760907,1041760907,2041260907,3041260907,0.05728458391580027,0.7551189980439111,0.7560520172681057,0.002357408680692428,0.5702047012068402,-0.0004737285361803977,0.0016547673274204307,0.571614652815172,1.1102230246251565e-16,5.817196111479461e-07,1596,0.005,1,1,1.0564829111099243,1.0,0.056482911109924316,0.056482911109924316,-0.9904499053955078,-1.0,0.009550094604492188,0.009550094604492188,0.4333487033766097,0.6427971843795451,0.6408157751785313,0.6492356657981873,6263b43114f4bace9775d21cc0ea8dbd7ce3b10502c126aa461937a6867ce984
2,additive,3,1000,800,200,10000,10000,0.5,229,41260907,41760907,1041760907,2041260907,3041260907,0.053818904470235886,0.720457616079549,0.7229503528146777,0.0019361684736540106,0.5190591765670267,0.0008309337970931555,-0.0031897935557496163,0.522657212634867,0.0,5.781376586355691e-07,1603,0.005,1,1,1.0533498525619507,1.0,0.053349852561950684,0.053349852561950684,-0.9929100275039673,-1.0,0.007089972496032715,0.007089972496032715,0.4278101241253469,0.6326486735541248,0.6358473679847829,0.6399196982383728,74607f881320ece3eb2f01046c167549fd3bc242708333c1ee648754a8f05608
2,additive,3,1000,800,200,10000,10000,0.5,230,41260907,41760907,1041760907,2041260907,3041260907,0.055611900961387725,0.7624814700105705,0.7606112428382099,0.001958415013649158,0.5813779921094806,-0.002403472195621783,0.008240432677518315,0.5785294627318863,1.1102230246251565e-16,5.770744575528397e-07,1610,0.005,1,1,1.0552959442138672,1.0,0.05529594421386719,0.05529594421386719,-0.9940803647041321,-1.0,0.00591963529586792,0.00591963529586792,0.43079209772537125,0.6494658570115459,0.6438136668852087,0.6565441489219666,e7cddba6848938c071c23eeb4ab649e27c96dad52a99a6aa7fd459e1bc1678cc
2,additive,3,1000,800,200,10000,10000,0.5,231,41260907,41760907,1041760907,2041260907,3041260907,0.05805444001536668,0.7371518347420565,0.7314799879417394,0.0020725756929821045,0.5433928274635801,-0.005201215198657389,0.019070742776932856,0.5350629727592473,-1.1102230246251565e-16,5.933733664420515e-07,1617,0.005,1,1,1.057802438735962,1.0,0.057802438735961914,0.057802438735961914,-0.9945966601371765,-1.0,0.005403339862823486,0.005403339862823486,0.4354159261254374,0.6463106625645639,0.638836836091996,0.6541979312896729,55b7dcdbd4cf79a00a8f94e1d801cd04eaeb36f06c88ed231b957bb9392f0103
2,additive,3,1000,800,200,10000,10000,0.5,232,41260907,41760907,1041760907,2041260907,3041260907,0.055270241321781204,0.7729424328958786,0.7723046211487294,0.0020503622226784824,0.5974400045709998,-0.0015179694729979176,0.0050641997172252975,0.5964544278476824,0.0,5.686537090099364e-07,1624,0.005,1,1,1.0547741651535034,1.0,0.05477416515350342,0.05477416515350342,-0.9926114678382874,-1.0,0.0073885321617126465,0.0073885321617126465,0.4350132898984998,0.6436400867190454,0.6476388224974154,0.6512125134468079,3d6037f7626315e5541cdea52b4a8d013735906c5963b265a9a5c9aaca0ffaad
2,additive,3,1000,800,200,10000,10000,0.5,233,41260907,41760907,1041760907,2041260907,3041260907,0.052885103541073626,0.7508025266757401,0.7563956484484484,0.001977515810794445,0.5637044340626755,0.003226213559139407,-0.011406457497401278,0.5721343769917488,2.220446049250313e-16,5.94037073753384e-07,1631,0.005,1,1,1.0522135496139526,1.0,0.05221354961395264,0.05221354961395264,-0.9915988445281982,-1.0,0.008401155471801758,0.008401155471801758,0.43720923956557306,0.6451754445140123,0.6406965532988941,0.6498508453369141,f70df43d685f413ce81332604eddc9e835b567e699a49034b7d290fa1e938e48
2,additive,3,1000,800,200,10000,10000,0.5,234,41260907,41760907,1041760907,2041260907,3041260907,0.048347911621908886,0.8053257247253116,0.7988316554825002,0.0015233014752422352,0.6485495229043484,-0.0059704052893393665,0.01836841986138195,0.638132013800912,0.0,5.657249406709752e-07,1638,0.005,1,1,1.0479999780654907,1.0,0.04799997806549072,0.04799997806549072,-0.9942101240158081,-1.0,0.0057898759841918945,0.0057898759841918945,0.43644968012234797,0.6539075821027821,0.654034567105645,0.661309003829956,f3e24787e0446a7b15a80cd5ce14258aa0360151b5ea18b66e6305572df90636
2,additive,3,1000,800,200,10000,10000,0.5,235,41260907,41760907,1041760907,2041260907,3041260907,0.04857621555321957,0.7293076936552129,0.7256332176977771,0.001528210886076878,0.5318897120246858,-0.0034371781421665575,0.012887374025269018,0.5265435666264296,0.0,5.846823825095271e-07,1645,0.005,1,1,1.0482434034347534,1.0,0.04824340343475342,0.04824340343475342,-0.9943234920501709,-1.0,0.0056765079498291016,0.0056765079498291016,0.43507773626526813,0.6454798322037106,0.6363417251204164,0.6522156596183777,c871e45e73398cd6e95d3e660b95fca433b0139caab485df3d882c78a420dd5e
2,additive,3,1000,800,200,10000,10000,0.5,236,41260907,41760907,1041760907,2041260907,3041260907,0.04288667502506828,0.8045517783523404,0.800048769856182,0.0012577678244864842,0.6473035640499134,-0.0042416488630048575,0.013080178094324912,0.64007803414839,-1.1102230246251565e-16,5.887303888840734e-07,1652,0.005,1,1,1.0424482822418213,1.0,0.04244828224182129,0.04244828224182129,-0.9938836097717285,-1.0,0.006116390228271484,0.006116390228271484,0.4334456454330794,0.6578792431676093,0.6543956534246371,0.6668117642402649,5f86d7ddabfcf8cc2814941171a0a67384a25c3752b974c6fbfa1f130892922d
2,additive,3,1000,800,200,10000,10000,0.5,237,41260907,41760907,1041760907,2041260907,3041260907,0.04374821865070796,0.7658554805046068,0.7738225099607362,0.001475785833656638,0.5865346170189422,0.005395437034667489,-0.018351501975110485,0.5988012769219336,-1.1102230246251565e-16,5.701954801651254e-07,1659,0.005,1,1,1.0428401231765747,1.0,0.04284012317657471,0.04284012317657471,-0.9911326169967651,-1.0,0.008867383003234863,0.008867383003234863,0.43699024323898256,0.6468104746611784,0.6441147309322843,0.6530450582504272,3a0a01c644578984aa5831ecb8fb2784541fc732067886d06e037b83b7af3616
2,additive,3,1000,800,200,10000,10000,0.5,238,41260907,41760907,1041760907,2041260907,3041260907,0.045244123403752105,0.8349047453266885,0.8417957812217314,0.001489826400890347,0.6970659337690226,0.0050321885563960975,-0.014407406948221556,0.708620137282705,-1.1102230246251565e-16,5.765517396838504e-07,1666,0.005,1,1,1.0445603132247925,1.0,0.04456031322479248,0.04456031322479248,-0.9921635985374451,-1.0,0.007836401462554932,0.007836401462554932,0.44617625715805415,0.6646013095532044,0.6600468003540264,0.6714950799942017,6f01ca20dcec0623b77c74f168613d72fac22f599addf7a9019998dd2c3f48c8
2,additive,3,1000,800,200,10000,10000,0.5,239,41260907,41760907,1041760907,2041260907,3041260907,0.04238725833396216,0.784377260077321,0.7763977269482779,0.001063768204344205,0.6152476861264053,-0.006759011960148476,0.0219337541519103,0.6027934304104526,1.1102230246251565e-16,5.846004960119444e-07,1673,0.005,1,1,1.0422643423080444,1.0,0.042264342308044434,0.042264342308044434,-0.9967743158340454,-1.0,0.00322568416595459,0.00322568416595459,0.4535478216505513,0.6576942554317361,0.6500794131247388,0.6647627353668213,4fad2ce9d8658108e45bbc594e019aaa41e457e2c003c154f528ce7655e38ff8
2,additive,3,1000,800,200,10000,10000,0.5,240,41260907,41760907,1041760907,2041260907,3041260907,0.04347142803459377,0.7708779931406676,0.7677095311404006,0.001306672654775264,0.5942528803085831,-0.0030908143797723,0.010379530860996739,0.5893779242038137,0.0,5.671785299199428e-07,1680,0.005,1,1,1.0429929494857788,1.0,0.04299294948577881,0.04299294948577881,-0.993567943572998,-1.0,0.006432056427001953,0.006432056427001953,0.42175425745699385,0.6432629233291902,0.6462550354759062,0.6489684581756592,cc20d1af0435f6cdacf192836f2b49a1c26173b81c053b48831b7f277b683548
2,additive,3,1000,800,200,10000,10000,0.5,241,41260907,41760907,1041760907,2041260907,3041260907,0.04606548182195214,0.7533080812810143,0.7581843969106022,0.0017502978709033267,0.5674730653232832,0.0028101082622535647,-0.00987348181383383,0.5748435797186937,0.0,5.813136070287328e-07,1687,0.005,1,1,1.0447351932525635,1.0,0.04473519325256348,0.04473519325256348,-0.9890094995498657,-1.0,0.010990500450134277,0.010990500450134277,0.42267616718956424,0.6405441182534218,0.642141825704703,0.6468157172203064,d983bd5cf2ed335da217fd1c5f603feec4c272ae549fb4f9409f9d742f95a113
2,additive,3,1000,800,200,10000,10000,0.5,242,41260907,41760907,1041760907,2041260907,3041260907,0.04189016799429611,0.7645211611783113,0.7623130923978618,0.0015345841164606897,0.5844926058894334,-0.0024529695823515382,0.008371521404414245,0.581121250841191,0.0,5.801232063618045e-07,1694,0.005,1,1,1.0403201580047607,1.0,0.04032015800476074,0.04032015800476074,-0.9886390566825867,-1.0,0.01136094331741333,0.01136094331741333,0.41925477129745886,0.6458047786214987,0.6437545916377843,0.6540333032608032,f89236e028f7e55a6376d825e11ac33f2cbde4e0e6a9c4296723c419232d2325
2,additive,3,1000,800,200,10000,10000,0.5,243,41260907,41760907,1041760907,2041260907,3041260907,0.04200711988938245,0.7597475181174329,0.7577020892193176,0.0015574587749993673,0.577216291285599,-0.0023306470266398864,0.008053741298377352,0.5741124560073187,1.1102230246251565e-16,5.845507615731549e-07,1701,0.005,1,1,1.0403696298599243,1.0,0.040369629859924316,0.040369629859924316,-0.9883857369422913,-1.0,0.01161426305770874,0.01161426305770874,0.41690771787018494,0.6458907309570359,0.6434599970625755,0.6527384519577026,9489a676c47669b15c44f267dac28c1745261f0f6d6923e5bf8c40880b1131b3
2,additive,3,1000,800,200,10000,10000,0.5,244,41260907,41760907,1041760907,2041260907,3041260907,0.04238382954603321,0.7813527230650527,0.7735175951281169,0.0015096105007565057,0.6105120778411729,-0.0068461091845719675,0.02237211299854173,0.5983294699727854,-1.1102230246251565e-16,5.709317498769906e-07,1708,0.005,1,1,1.041050672531128,1.0,0.04105067253112793,0.04105067253112793,-0.9894533753395081,-1.0,0.010546624660491943,0.010546624660491943,0.4336702777182342,0.6568411452685134,0.6489376893803113,0.6640446186065674,6af1f656e3eeb1907dbb8f3add7ddbfc23551d90f281d8480391c3e8d59a5b3d
2,additive,3,1000,800,200,10000,10000,0.5,245,41260907,41760907,1041760907,2041260907,3041260907,0.04539310887595057,0.809592020040284,0.8164718932666966,0.0017164296078571077,0.6554392389129076,0.004735341986869678,-0.014411629431817194,0.666626352494504,-1.1102230246251565e-16,5.871839103832599e-07,1715,0.005,1,1,1.0440212488174438,1.0,0.04402124881744385,0.04402124881744385,-0.9889246225357056,-1.0,0.011075377464294434,0.011075377464294434,0.43186584309997045,0.6563625217794172,0.6533041067963726,0.6630780696868896,2e02f41acda6beda51e3732e712b78be464aee48222da791d4e0f8e59b8e99d6
2,additive,3,1000,800,200,10000,10000,0.5,246,41260907,41760907,1041760907,2041260907,3041260907,0.044241774070201134,0.7833453244103293,0.7898019570895729,0.0014295684227844034,0.6136298972755241,0.004363832862105544,-0.014189954323037891,0.6237871314225196,0.0,5.823234854318571e-07,1722,0.005,1,1,1.0435593128204346,1.0,0.04355931282043457,0.04355931282043457,-0.99225914478302,-1.0,0.0077408552169799805,0.0077408552169799805,0.42715106347471327,0.6518061540910766,0.6473204098005555,0.6579494476318359,2e7b8cb1fc64314ff84b7eaf1f0af3c61d5a2bbb729bc78e159c6bb36be4a2ef
2,additive,3,1000,800,200,10000,10000,0.5,247,41260907,41760907,1041760907,2041260907,3041260907,0.04264358516110576,0.7699839309396757,0.766924410903127,0.0011972782974087074,0.5928752539053153,-0.0029497400818077942,0.009930572184075368,0.5881730520391084,1.1102230246251565e-16,5.777942853057993e-07,1729,0.005,1,1,1.042311429977417,1.0,0.04231142997741699,0.04231142997741699,-0.9946879148483276,-1.0,0.005312085151672363,0.005312085151672363,0.4161624133331916,0.6520383268901082,0.6453986832185791,0.6593437194824219,9d7286465f8c7ba9f2885c2cf78b201f61bc639ac6b400c70bf274df9ea75ad3
2,additive,3,1000,800,200,10000,10000,0.5,248,41260907,41760907,1041760907,2041260907,3041260907,0.04309797057892435,0.7743612532539542,0.7708031330060842,0.0013694507831528923,0.5996353505410347,-0.0034336657360962363,0.011426416988785703,0.594137469851995,-1.1102230246251565e-16,5.680580841271876e-07,1736,0.005,1,1,1.0423963069915771,1.0,0.04239630699157715,0.04239630699157715,-0.9922547936439514,-1.0,0.007745206356048584,0.007745206356048584,0.41483006007668066,0.6568734111074319,0.6466851763896436,0.6660521030426025,7130c6342fdd0c93ad14496d67d608e62c53461a9d6b421a7ffb862ef7e4ba68
2,additive,3,1000,800,200,10000,10000,0.5,249,41260907,41760907,1041760907,2041260907,3041260907,0.045639984833550244,0.7858961471034536,0.7870156533977917,0.0016321259792706237,0.6176327540320531,6.437934091456951e-05,-0.00020792182147772465,0.6193936386931529,0.0,5.798064286466342e-07,1743,0.005,1,1,1.0446116924285889,1.0,0.04461169242858887,0.04461169242858887,-0.9903664588928223,-1.0,0.009633541107177734,0.009633541107177734,0.41576469895599744,0.6567842008505522,0.6489229177388738,0.6661948561668396,52c0a84600acd6511f4a6b267253b0aaadd6bbbca7e96efb33fb2b8a6ba5cb36
2,additive,3,1000,800,200,10000,10000,0.5,250,41260907,41760907,1041760907,2041260907,3041260907,0.04370315332632989,0.7602602417817411,0.7568398025355213,0.0015363792764386901,0.5779956352340315,-0.003362763904231685,0.011605101426785565,0.572806486702007,1.1102230246251565e-16,5.813486829708836e-07,1750,0.005,1,1,1.0425822734832764,1.0,0.04258227348327637,0.04258227348327637,-0.9901655912399292,-1.0,0.0098344087600708,0.0098344087600708,0.4197123431122735,0.6474045681634215,0.643320016420101,0.6549246311187744,5e76d97f4b716e9a3d7d755d639ff38a75f3b969b32dfeaea35fa858d025cc19
2,additive,3,1000,800,200,10000,10000,0.5,251,41260907,41760907,1041760907,2041260907,3041260907,0.04390577064985429,0.7958177503937989,0.7943274982616575,0.0017084797867330565,0.6333258918418467,-0.0020390985669780683,0.006422010077182721,0.6309561744946235,-1.1102230246251565e-16,5.698220384431352e-07,1757,0.005,1,1,1.0421640872955322,1.0,0.04216408729553223,0.04216408729553223,-0.9877563714981079,-1.0,0.01224362850189209,0.01224362850189209,0.41615956272616095,0.6503271226457992,0.6503987040753549,0.6595179438591003,ea17a55a84777bafb8da915c93f256a5dedbfed36a52b1392b82cb41bf38ef8e
2,additive,3,1000,800,200,10000,10000,0.5,252,41260907,41760907,1041760907,2041260907,3041260907,0.04412186049302825,0.7770452396215982,0.7749535099335786,0.0017421104437849422,0.603799304418587,-0.002494236151999418,0.008238036543103533,0.6005529425583731,0.0,5.8013584336436e-07,1764,0.005,1,1,1.0422991514205933,1.0,0.04229915142059326,0.04229915142059326,-0.9874492883682251,-1.0,0.012550711631774902,0.012550711631774902,0.41371929310439626,0.6472438938111489,0.6473275876685255,0.6564717292785645,564bd22cffc2708757ed0837528891d4b783cca550ba4b4b4d87abe46028226a
2,additive,3,1000,800,200,10000,10000,0.5,253,41260907,41760907,1041760907,2041260907,3041260907,0.04187357490633393,0.8642838474886924,0.8504141903792561,0.0013938684553084543,0.7469865690298573,-0.01258807114337998,0.03364083429460167,0.7232042951984057,0.0,5.768408541939607e-07,1771,0.005,1,1,1.0408596992492676,1.0,0.04085969924926758,0.04085969924926758,-0.9908413290977478,-1.0,0.009158670902252197,0.009158670902252197,0.45302413507083733,0.672755487387505,0.6673620824436192,0.6811439990997314,d757a699cab792a6e283c3336b6b19d94310bd8c3e7f5490fc4c83377c00309f
2,additive,3,1000,800,200,10000,10000,0.5,254,41260907,41760907,1041760907,2041260907,3041260907,0.04540172403504834,0.7837859030731495,0.7869450564974735,0.001617341630223273,0.6143203418561926,0.0016724192296980124,-0.0054304819287287415,0.6192825219458118,-1.1102230246251565e-16,5.863677596806838e-07,1778,0.005,1,1,1.0443717241287231,1.0,0.044371724128723145,0.044371724128723145,-0.990384042263031,-1.0,0.009615957736968994,0.009615957736968994,0.4151660528862976,0.6517479495930095,0.6472060904120452,0.6598502397537231,937ab8f952c4f5bd5aef12456115e15a94b62167d2ca6a9fbb9160c062e479e9
2,additive,3,1000,800,200,10000,10000,0.5,255,41260907,41760907,1041760907,2041260907,3041260907,0.0428455993246021,0.8041704221139899,0.8086614495586685,0.0013674956979426456,0.6466900678029927,0.0029378882506958903,-0.009066750906585631,0.653933340002327,-2.220446049250313e-16,5.928374235963929e-07,1785,0.005,1,1,1.0421065092086792,1.0,0.0421065092086792,0.0421065092086792,-0.9920761585235596,-1.0,0.00792384147644043,0.00792384147644043,0.42075121236743557,0.6579194193511345,0.6525672134306407,0.6650431156158447,39d39269f278d882b0d246d05a931869f462f227fae105cc766bb427883793a9
2,additive,3,1000,800,200,10000,10000,0.5,256,41260907,41760907,1041760907,2041260907,3041260907,0.041939432311271244,0.8166540347326933,0.810353639006822,0.0011369616597275516,0.666923812445187,-0.005693876926657816,0.01704598487850637,0.6566730202515988,-1.1102230246251565e-16,5.868570482903124e-07,1792,0.005,1,1,1.041656494140625,1.0,0.041656494140625,0.041656494140625,-0.9951366186141968,-1.0,0.004863381385803223,0.004863381385803223,0.4264922321006307,0.66520036960145,0.6558573249333591,0.6707172393798828,8ff2f5f3d4114418e0256ac2292dc0fe857672dbe4d2ba3c4f35ef0b6add7111
2,additive,3,1000,800,200,10000,10000,0.5,257,41260907,41760907,1041760907,2041260907,3041260907,0.041049808214912414,0.7924865895801337,0.7928339328448962,0.001124359740646193,0.6280349946643513,-0.00028685466734611903,0.0009118664940375892,0.6285856450703053,1.1102230246251565e-16,5.827841977890102e-07,1799,0.005,1,1,1.0406967401504517,1.0,0.04069674015045166,0.04069674015045166,-0.9946276545524597,-1.0,0.005372345447540283,0.005372345447540283,0.4148861005105692,0.6532356924186072,0.6510009702022987,0.6613205671310425,5fd2b6aee914ceedf73ecda9c7027b5adc78c27ab1e813a71e999aa5c13afe8b
2,additive,3,1000,800,200,10000,10000,0.5,258,41260907,41760907,1041760907,2041260907,3041260907,0.0433573514465264,0.7784333743976323,0.7831334772791816,0.0012703210511797625,0.6059585183760843,0.0030346019040592104,-0.009994920224544788,0.6132980432353825,1.1102230246251565e-16,5.835668179798859e-07,1806,0.005,1,1,1.0429490804672241,1.0,0.04294908046722412,0.04294908046722412,-0.9940639734268188,-1.0,0.005936026573181152,0.005936026573181152,0.4237498658916736,0.6493922252773439,0.6470275305899369,0.6583328247070312,1af329ccd34ad99d8e3689628904d1cacfd5a4310dfe1349d3af76f47c248984
2,additive,3,1000,800,200,10000,10000,0.5,259,41260907,41760907,1041760907,2041260907,3041260907,0.04759742289458599,0.8374220680552257,0.8448163593112215,0.0016647019466032773,0.7012757200658911,0.005387129473686304,-0.01532741411644286,0.7137146809598669,-1.1102230246251565e-16,5.670940748103703e-07,1813,0.005,1,1,1.0468372106552124,1.0,0.0468372106552124,0.0468372106552124,-0.9915270805358887,-1.0,0.008472919464111328,0.008472919464111328,0.43324397443475177,0.6589086503268692,0.657985571680279,0.6656625866889954,7ae4c02499e5a9ed39eebff4c39907e47c0b45e73bbbbf26a7c4a778a5b1bff5
2,additive,3,1000,800,200,10000,10000,0.5,260,41260907,41760907,1041760907,2041260907,3041260907,0.04501130849994547,0.7708712829372224,0.7658826871790217,0.001349299436330653,0.5942425348572792,-0.004507771886525336,0.015137117827922174,0.5865762905205593,1.1102230246251565e-16,5.834960994377525e-07,1820,0.005,1,1,1.044629454612732,1.0,0.044629454612731934,0.044629454612731934,-0.994149386882782,-1.0,0.005850613117218018,0.005850613117218018,0.42089572070027226,0.6537031822716847,0.6457568089230421,0.6637107729911804,62f08c12f24655ba87d428afe49dcbc2e6e6be36851568022e51939a9c124e40
2,additive,3,1000,800,200,10000,10000,0.5,261,41260907,41760907,1041760907,2041260907,3041260907,0.04553210444672102,0.7889893849717434,0.7822555243603675,0.0013332017456584877,0.6225042495980899,-0.005956872975717488,0.01909751638952217,0.6119237053923134,0.0,5.91179247777518e-07,1827,0.005,1,1,1.0452375411987305,1.0,0.04523754119873047,0.04523754119873047,-0.9948291778564453,-1.0,0.0051708221435546875,0.0051708221435546875,0.41959893245757385,0.6530759207406232,0.6496544573793807,0.663210928440094,5b9893ede2e8ade333283b6e5e05bb4517694575facb630074050069ced9b80d
2,additive,3,1000,800,200,10000,10000,0.5,262,41260907,41760907,1041760907,2041260907,3041260907,0.045647830175002284,0.7842760627524342,0.7856230513300713,0.0014716160310319438,0.6150889426064602,0.0003215100718398383,-0.0010429148194309676,0.6172035787811717,-1.1102230246251565e-16,5.874546449291529e-07,1834,0.005,1,1,1.045072317123413,1.0,0.045072317123413086,0.045072317123413086,-0.9927743077278137,-1.0,0.007225692272186279,0.007225692272186279,0.41243212714624067,0.6519220321827087,0.6480247731783686,0.6586823463439941,ebf62d0dabe9f8d832134d1c2c85a8fb2c8f23c1fc7c992d8fedb00b3ad9155d
2,additive,3,1000,800,200,10000,10000,0.5,263,41260907,41760907,1041760907,2041260907,3041260907,0.04294913702528343,0.8152914685991252,0.8114748501523168,0.0013018431448299378,0.6647001787705183,-0.003755294742811674,0.0112771271534938,0.658491432429725,0.0,5.737416977069643e-07,1841,0.005,1,1,1.0424100160598755,1.0,0.04241001605987549,0.04241001605987549,-0.9932162761688232,-1.0,0.006783723831176758,0.006783723831176758,0.4125771089092143,0.6554415702681244,0.6562626216838656,0.6629247069358826,59563507573c54c7298e0132f6ea79c49c4620cf061741f1ea9ef55e6668934f
2,additive,3,1000,800,200,10000,10000,0.5,264,41260907,41760907,1041760907,2041260907,3041260907,0.04449191162211674,0.788882142928715,0.7918570767865102,0.0014869073773293802,0.6223350354318015,0.001607843623873102,-0.005154815865029774,0.6270376300568771,0.0,5.746150470997691e-07,1848,0.005,1,1,1.0436885356903076,1.0,0.04368853569030762,0.04368853569030762,-0.9915832281112671,-1.0,0.00841677188873291,0.00841677188873291,0.41365813162407206,0.6498058571417225,0.6488734349610966,0.6547853946685791,4b51b19d9131903ac0d3a23e88596178d6a757e49a75568ffa79d673c68deb63
2,additive,3,1000,800,200,10000,10000,0.5,265,41260907,41760907,1041760907,2041260907,3041260907,0.041230376818166575,0.8155016086500029,0.8153044806532261,0.0012043439901609251,0.6650428737107424,-0.0007629107638382924,0.0022901732076899537,0.6647213961732268,0.0,5.843907118219249e-07,1855,0.005,1,1,1.0407003164291382,1.0,0.040700316429138184,0.040700316429138184,-0.9934099912643433,-1.0,0.006590008735656738,0.006590008735656738,0.4119632138709885,0.6565347935794336,0.6540283518889112,0.6627357006072998,5ab1b64988fa23c03de4e31772eef0ccb98f6daa5f2fe175a1ff72e6518f369e
2,additive,3,1000,800,200,10000,10000,0.5,266,41260907,41760907,1041760907,2041260907,3041260907,0.03838385188237178,0.797805207371877,0.7942703506798965,0.0010053320628679635,0.6364931489096837,-0.0033165455016929543,0.010404873425371353,0.6308653899691657,0.0,5.936987452770381e-07,1862,0.005,1,1,1.0379972457885742,1.0,0.03799724578857422,0.03799724578857422,-0.9945659041404724,-1.0,0.005434095859527588,0.005434095859527588,0.41013272880650364,0.6540066802036993,0.6515635065392665,0.6621649265289307,b0e66f464c0add6b46d453ba017214818771455d452b07d648ebd9ece1b5398a
2,additive,3,1000,800,200,10000,10000,0.5,267,41260907,41760907,1041760907,2041260907,3041260907,0.0396324887928225,0.8048712709709195,0.8092177415880822,0.00122562622740087,0.6478177628343433,0.0028949821195859704,-0.008920766063948208,0.6548333533009163,2.220446049250313e-16,5.862864362882192e-07,1869,0.005,1,1,1.0387581586837769,1.0,0.038758158683776855,0.038758158683776855,-0.9917211532592773,-1.0,0.008278846740722656,0.008278846740722656,0.4146238970060814,0.6511630063275127,0.6512521686531576,0.658780574798584,d7d7e899d713dc12cbdd24c8a177080797c6ccc1c30cec9ebf22e624eadba005
2,additive,3,1000,800,200,10000,10000,0.5,268,41260907,41760907,1041760907,2041260907,3041260907,0.03827972587134496,0.8290379281561139,0.8328984644378129,0.0011261669814022132,0.6873038863213818,0.0026448993800413426,-0.0076838579819468395,0.6937198520628667,-1.1102230246251565e-16,5.761657995151381e-07,1876,0.005,1,1,1.0374987125396729,1.0,0.03749871253967285,0.03749871253967285,-0.9923068881034851,-1.0,0.007693111896514893,0.007693111896514893,0.41663475863462696,0.6572217906101409,0.6578044637330862,0.6626843810081482,4aaa7433fcbe6b8be8a152c2f3e76b90d784ec43eb2242fc9ce9cae364d0bd1f
2,additive,3,1000,800,200,10000,10000,0.5,269,41260907,41760907,1041760907,2041260907,3041260907,0.036798705448463864,0.831239805814253,0.8272555473178761,0.0010151086051395641,0.6909596147701171,-0.0038114914035290554,0.011016273498944238,0.6843517405681987,1.1102230246251565e-16,5.516190189069903e-07,1883,0.005,1,1,1.0361415147781372,1.0,0.03614151477813721,0.03614151477813721,-0.9930764436721802,-1.0,0.006923556327819824,0.006923556327819824,0.41326775860847365,0.6607815359886412,0.6588279008874609,0.6686428785324097,eb6449d437913bb6b0b64743b260d2c5d3b214ca0c1950d88ad9d14b81d6d799
2,additive,3,1000,800,200,10000,10000,0.5,270,41260907,41760907,1041760907,2041260907,3041260907,0.03812563242515353,0.7780893166093354,0.780194905399849,0.00111868161351867,0.6054229846215827,0.001081212088389018,-0.003565170040502806,0.6087040904118795,0.0,5.80291478868844e-07,1890,0.005,1,1,1.0373420715332031,1.0,0.037342071533203125,0.037342071533203125,-0.9923101663589478,-1.0,0.007689833641052246,0.007689833641052246,0.41385929709636365,0.654160850697879,0.646442226004149,0.6636136770248413,5cd18ad70b8a39c0f64b05b92165d8b4ee22f7145d66753715a656b35948ff45
2,additive,3,1000,800,200,10000,10000,0.5,271,41260907,41760907,1041760907,2041260907,3041260907,0.0342735891519725,0.8175413750413899,0.8132782349141242,0.0008863248548791553,0.6683738999045665,-0.00391936868720614,0.011712540330974821,0.6614214873850334,0.0,5.792197157461487e-07,1897,0.005,1,1,1.0336394309997559,1.0,0.03363943099975586,0.03363943099975586,-0.9934374094009399,-1.0,0.006562590599060059,0.006562590599060059,0.40979022369561036,0.6653153153822263,0.6564679536311587,0.674574613571167,704ed8cfc0deb96d2c641d0866d1d5547fdf7bff0ffb400f38348ea8fd4b560c
2,additive,3,1000,800,200,10000,10000,0.5,272,41260907,41760907,1041760907,2041260907,3041260907,0.03159189605476304,0.8309825246031886,0.8251716309733215,0.0007240241343289079,0.6905319561958888,-0.005173879883523117,0.014969504874450472,0.6809082205631714,-1.1102230246251565e-16,5.765684107927882e-07,1904,0.005,1,1,1.031123399734497,1.0,0.03112339973449707,0.03112339973449707,-0.9945794939994812,-1.0,0.005420506000518799,0.005420506000518799,0.4255810076205148,0.6696356047718425,0.6593864705137581,0.676535964012146,05242d4e5f3e364df04de41f368643faac623a152d233f114316093c229a3194
2,additive,3,1000,800,200,10000,10000,0.5,273,41260907,41760907,1041760907,2041260907,3041260907,0.03552262621686854,0.8123578397679465,0.8156679693882563,0.0010228925279574085,0.6599252598324447,0.0021830419627795567,-0.006605788835276709,0.6653142362859613,1.1102230246251565e-16,5.695805409544619e-07,1911,0.005,1,1,1.0345772504806519,1.0,0.034577250480651855,0.034577250480651855,-0.9918593168258667,-1.0,0.0081406831741333,0.0081406831741333,0.40727250219112393,0.6551120972473055,0.6532987741152243,0.6616253852844238,dfa58f06b336a48aa4e9176cbea0a95b05adca08a3e61f4fbc9ea2c98f412b1f
2,additive,3,1000,800,200,10000,10000,0.5,274,41260907,41760907,1041760907,2041260907,3041260907,0.03183378563832924,0.826299918102921,0.8291132929232735,0.0008040329415468115,0.682771554656894,0.0019266324518165472,-0.005636925855076987,0.6874288525020739,-1.1102230246251565e-16,5.654430612622718e-07,1918,0.005,1,1,1.031070351600647,1.0,0.031070351600646973,0.031070351600646973,-0.993070125579834,-1.0,0.006929874420166016,0.006929874420166016,0.41291629266034735,0.657601304226501,0.6559175304258271,0.664705216884613,90cdfa72afa4158d4fa4be385b82acf5bedc63706d37e86c9cc870cd40959d53
2,additive,3,1000,800,200,10000,10000,0.5,275,41260907,41760907,1041760907,2041260907,3041260907,0.030030256814781053,0.8198525688080224,0.8236475051797651,0.0006716350591812138,0.6721582345811131,0.002782671574278422,-0.008271545898418817,0.6783952127888512,0.0,5.778973353187666e-07,1925,0.005,1,1,1.029512882232666,1.0,0.029512882232666016,0.029512882232666016,-0.9944496750831604,-1.0,0.0055503249168396,0.0055503249168396,0.4134041920380338,0.6590991581585474,0.6547408353204701,0.6649270057678223,9f98aefceb3ac4824a43121a940a508513d201964f487cd7b60928085e8bc21b
2,additive,3,1000,800,200,10000,10000,0.5,276,41260907,41760907,1041760907,2041260907,3041260907,0.025046767961371307,0.8426527959056607,0.8441506063357771,0.00046725637995814024,0.710063734447627,0.0010296276747374634,-0.002898192163407856,0.7125902461770601,0.0,5.758368413211201e-07,1932,0.005,1,1,1.0246150493621826,1.0,0.024615049362182617,0.024615049362182617,-0.9953696727752686,-1.0,0.004630327224731445,0.004630327224731445,0.4120493447233025,0.6523003874165696,0.6594520568070653,0.6588400602340698,7eabde7543c00cbab39567c9dedf3995f5c7fd77c780cf9a61324ec95cd50007
2,additive,3,1000,800,200,10000,10000,0.5,277,41260907,41760907,1041760907,2041260907,3041260907,0.022440149788133388,0.8032209297395381,0.8002475354599713,0.0002762314854464726,0.6451638619716479,-0.002521987723668203,0.007814784824289359,0.640396118009758,1.1102230246251565e-16,5.788847872167935e-07,1939,0.005,1,1,1.0224194526672363,1.0,0.022419452667236328,0.022419452667236328,-0.999036431312561,-1.0,0.0009635686874389648,0.0009635686874389648,0.4327821941726684,0.6586793875117292,0.6524660437899613,0.665840208530426,2aa7f220971e3701f7107aa96ae4d0db68bbdccf91f47a2db9140e011bf72804
2,additive,3,1000,800,200,10000,10000,0.5,278,41260907,41760907,1041760907,2041260907,3041260907,0.023790363784752723,0.8100363625600155,0.8087638424046877,0.0003121285014709804,0.656158908669461,-0.0011860421948687084,0.003613387728360319,0.6540989527811946,0.0,5.807259437773382e-07,1946,0.005,1,1,1.023766040802002,1.0,0.023766040802001953,0.023766040802001953,-0.9989244937896729,-1.0,0.0010755062103271484,0.0010755062103271484,0.40794098977912363,0.6536474829524792,0.6538953616439237,0.66279137134552,012e3f76e2ee3df0889fd3d6f581f0e3e8e51ea4515b5f94cff62f140c82bc73
2,additive,3,1000,800,200,10000,10000,0.5,279,41260907,41760907,1041760907,2041260907,3041260907,0.026811097838224753,0.8104216352395819,0.8110350738819421,0.0004311501064834079,0.6567832268643979,0.0002817570479028903,-0.0008574281323592344,0.6577778910666872,0.0,5.789311945392228e-07,1953,0.005,1,1,1.0267211198806763,1.0,0.02672111988067627,0.02672111988067627,-0.9978052973747253,-1.0,0.002194702625274658,0.002194702625274658,0.4063546015443811,0.6572361017784787,0.6526358369570555,0.6650637984275818,ed72daf9f06e0023945fe3731f66951d3ba1436ef32b9460a32f885e6d636b3c
2,additive,3,1000,800,200,10000,10000,0.5,280,41260907,41760907,1041760907,2041260907,3041260907,0.026587105863309462,0.838834796426155,0.8386164792935263,0.0003991337157681864,0.7036438156953089,-0.0003826750342038359,0.0010870786633796665,0.7032775993426694,1.1102230246251565e-16,5.796672244429146e-07,1960,0.005,1,1,1.0265463590621948,1.0,0.026546359062194824,0.026546359062194824,-0.9985285997390747,-1.0,0.001471400260925293,0.001471400260925293,0.40075464905057134,0.6568636370853779,0.6596718994986382,0.662237823009491,fd56010f74a0c2f5f7d251b6ece3dd5a7f3ecf432e9e58bbb8bf54d999bc4e08
2,additive,3,1000,800,200,10000,10000,0.5,281,41260907,41760907,1041760907,2041260907,3041260907,0.022321349100841895,0.8011097334637342,0.8005555909350913,0.00024088343056321762,0.6417768050503352,-0.0005642171517325194,0.0017576374042513824,0.6408892541774333,-1.1102230246251565e-16,5.856718754415624e-07,1967,0.005,1,1,1.0223203897476196,1.0,0.02232038974761963,0.02232038974761963,-1.0002069473266602,-1.0,-0.00020694732666015625,0.00020694732666015625,0.40409314415946795,0.6540973088882754,0.6513521026635781,0.6612493991851807,3f4d1cca234d11891124ad696916cbaf73ccda691b6855faa7ba43c2c68f0020
2,additive,3,1000,800,200,10000,10000,0.5,282,41260907,41760907,1041760907,2041260907,3041260907,0.020246191243854753,0.8594151534606695,0.8601962445349377,0.00016792003508785228,0.7385944059978261,0.0005876265395481963,-0.0015908405689924582,0.7399375791120103,0.0,5.918565477713855e-07,1974,0.005,1,1,1.0201911926269531,1.0,0.020191192626953125,0.020191192626953125,-1.0014913082122803,-1.0,-0.0014913082122802734,0.0014913082122802734,0.411705688493942,0.6647964171595072,0.6632991452471826,0.6716902256011963,5fb950c8041af1697674b1141def2dfb1206e4fb37511c19dd32b662a861602f
2,additive,3,1000,800,200,10000,10000,0.5,283,41260907,41760907,1041760907,2041260907,3041260907,0.020328033331777726,0.816474352089319,0.8173803839922323,0.00012483030876223739,0.6666303676196732,0.0006777471034268916,-0.0020329713380041353,0.6681106921352892,0.0,5.850444733113136e-07,1981,0.005,1,1,1.0199793577194214,1.0,0.019979357719421387,0.019979357719421387,-1.003748893737793,-1.0,-0.0037488937377929688,0.0037488937377929688,0.415275428866566,0.659034413800104,0.6533536000013174,0.6656111478805542,8a6c0c534bbff79578f0c632228565fd208b890f2e2f8ae48fc71d6fb0a2d12c
2,additive,3,1000,800,200,10000,10000,0.5,284,41260907,41760907,1041760907,2041260907,3041260907,0.017937330571321203,0.8683378651332849,0.867470736296042,6.282575018145779e-05,0.754010648024231,-0.0007839977222076689,0.0020793669303429403,0.7525054783299971,0.0,5.822817463752017e-07,1988,0.005,1,1,1.016768217086792,1.0,0.016768217086791992,0.016768217086791992,-1.0063698291778564,-1.0,-0.006369829177856445,0.006369829177856445,0.42386591061801826,0.6750974649321345,0.6691069093324767,0.6839288473129272,5cf336d8af43ac8a782ea6dc4397653b366f77d24fbb73da4fa1c9aba7cdd0f1
2,additive,3,1000,800,200,10000,10000,0.5,285,41260907,41760907,1041760907,2041260907,3041260907,0.01842919009100847,0.8140977372363133,0.81462323578572,8.551770450971894e-05,0.6627551257732853,0.0003851864021009596,-0.0011622292805702498,0.6636110162819968,-1.1102230246251565e-16,5.876427966455822e-07,1995,0.005,1,1,1.017844319343567,1.0,0.017844319343566895,0.017844319343566895,-1.004606008529663,-1.0,-0.004606008529663086,0.004606008529663086,0.4013155271365532,0.65864780511289,0.6518221847876934,0.6665114164352417,56e7e86c787c4c7510a5a1ffc515f432b48d7defa5af49a8497684d468ecc6a4
2,additive,3,1000,800,200,10000,10000,0.5,286,41260907,41760907,1041760907,2041260907,3041260907,0.01734467857267164,0.8453369563742938,0.8455063798746212,6.034158242451686e-05,0.7145945698121549,0.0001130635070539735,-0.0003164142728225042,0.7148810384086872,-1.1102230246251565e-16,5.867542132165227e-07,2002,0.005,1,1,1.0162993669509888,1.0,0.01629936695098877,0.01629936695098877,-1.0059303045272827,-1.0,-0.005930304527282715,0.005930304527282715,0.4030810534241144,0.6599761059072412,0.6596682799949419,0.6682497262954712,0d980fa4134c8c8244ad2264358f721208e2501ea22d579e60f532cfc21126a0
2,additive,3,1000,800,200,10000,10000,0.5,287,41260907,41760907,1041760907,2041260907,3041260907,0.01835002629921484,0.8240259335451634,0.824025042491471,6.365894933205571e-05,0.6790187391549781,-3.25637256198278e-05,9.590507929738995e-05,0.6790172706530706,1.1102230246251565e-16,5.743769087018791e-07,2009,0.005,1,1,1.0170283317565918,1.0,0.017028331756591797,0.017028331756591797,-1.006838083267212,-1.0,-0.006838083267211914,0.006838083267211914,0.3981993343313918,0.6596411587007829,0.656209094189845,0.6669022440910339,6d1ebaca343a3f7cbebac944cf4e16c85de6cbd1594cba392675e7928845fcf7
2,additive,3,1000,800,200,10000,10000,0.5,288,41260907,41760907,1041760907,2041260907,3041260907,0.016819836280656676,0.842128886390482,0.8423623258793649,4.9745099199322204e-05,0.7091810612932733,0.00017174083421028636,-0.00048430167630154745,0.7095742880608933,1.1102230246251565e-16,5.757748180457156e-07,2016,0.005,1,1,1.0145487785339355,1.0,0.014548778533935547,0.014548778533935547,-1.008440375328064,-1.0,-0.008440375328063965,0.008440375328063965,0.41074975690824916,0.664148787089374,0.6616035973690837,0.6707690954208374,9d58efdef575f1b93d1325cce4f32ea358740f270fe91cbedac3d1cafa54083a
2,additive,3,1000,800,200,10000,10000,0.5,289,41260907,41760907,1041760907,2041260907,3041260907,0.019873965067897667,0.8173663256154282,0.8174896161643761,8.674660275686055e-05,0.6680877102500663,5.740784187793837e-05,-0.00017183488919446504,0.6682892725365789,-2.220446049250313e-16,6.158224596930495e-07,2023,0.005,1,1,1.0189435482025146,1.0,0.01894354820251465,0.01894354820251465,-1.0060096979141235,-1.0,-0.006009697914123535,0.006009697914123535,0.3967652819908679,0.6498586590265013,0.6539438145105481,0.6574137210845947,77338358043e7acc69b542783ceb3ea0e89c179c1530929788487ac056c26253
2,additive,3,1000,800,200,10000,10000,0.5,290,41260907,41760907,1041760907,2041260907,3041260907,0.022657426832259332,0.8301826335126916,0.8308066809081791,0.00015528356358282758,0.689203204986068,0.00044062624600715,-0.0012783660557634925,0.690239741041665,-2.220446049250313e-16,5.828751454828307e-07,2030,0.005,1,1,1.0222707986831665,1.0,0.022270798683166504,0.022270798683166504,-1.0041677951812744,-1.0,-0.004167795181274414,0.004167795181274414,0.39752537972540014,0.6620927479960139,0.6561460175321184,0.6706014275550842,a90616d318e3e6af25ba92e8447e609153d8cba90e5b2f1dfe2c5c3a5670e841
2,additive,3,1000,800,200,10000,10000,0.5,291,41260907,41760907,1041760907,2041260907,3041260907,0.026953964675758245,0.8624547927110726,0.8619714409888195,0.00027531344632140015,0.7438282694702992,-0.0005544089181393611,0.0014901390904913424,0.7429947650803419,0.0,5.799308944176573e-07,2037,0.005,1,1,1.0268114805221558,1.0,0.02681148052215576,0.02681148052215576,-1.00276780128479,-1.0,-0.002767801284790039,0.002767801284790039,0.40700560235132727,0.6620710072909171,0.6640762011323651,0.6719818711280823,1e39ee5d1efb880d53534fd96f22d358b5d20204426122df15724bce90b30a07
2,additive,3,1000,800,200,10000,10000,0.5,292,41260907,41760907,1041760907,2041260907,3041260907,0.02922894949551108,0.8124504300130998,0.8129650876840233,0.0002821094423404467,0.6600757012284708,0.000277211561140228,-0.0008395798661293283,0.6609122337930917,0.0,5.730079752908068e-07,2044,0.005,1,1,1.0288864374160767,1.0,0.02888643741607666,0.02888643741607666,-1.0044615268707275,-1.0,-0.004461526870727539,0.004461526870727539,0.4001055745144424,0.6597224756786574,0.6521129448777716,0.6689339876174927,dbb074b07b7255d4fed355bfc3edf60d53c73166050a4b35e5b953c9e3e32293
2,additive,3,1000,800,200,10000,10000,0.5,293,41260907,41760907,1041760907,2041260907,3041260907,0.0313776078865802,0.8451644050796505,0.845207150875063,0.00036862939281398645,0.7143028716136396,-0.00014818655805599507,0.0004146983833756005,0.7143751278903416,0.0,5.773357152349945e-07,2051,0.005,1,1,1.0311970710754395,1.0,0.031197071075439453,0.031197071075439453,-1.0033611059188843,-1.0,-0.0033611059188842773,0.0033611059188842773,0.3966713016817133,0.665665025614169,0.660077873540874,0.6744691133499146,fb288ec7c37e60c67da959b931782da3d45fa9534dc27131de5d3c309c639704
2,additive,3,1000,800,200,10000,10000,0.5,294,41260907,41760907,1041760907,2041260907,3041260907,0.02894321309545399,0.8368601852718821,0.8372550979448338,0.00022354329692053851,0.7003349696932888,0.00021879302220189264,-0.0006246245478283137,0.7009960990346131,0.0,5.808996270673106e-07,2058,0.005,1,1,1.0281755924224854,1.0,0.02817559242248535,0.02817559242248535,-1.0066215991973877,-1.0,-0.006621599197387695,0.006621599197387695,0.3918502875309284,0.6692229795690064,0.6582010894499557,0.6781988739967346,d8141a3e45468098cb4e4d9fef9e8765e677eef6b73270b754eff7b7b20a6dd8
2,additive,3,1000,800,200,10000,10000,0.5,295,41260907,41760907,1041760907,2041260907,3041260907,0.028081139122863072,0.851273249743552,0.8521439578141456,0.00017670228084169787,0.7246661457289479,0.0006532384146834433,-0.0018024277027139013,0.7261493248391565,0.0,5.793938910869656e-07,2065,0.005,1,1,1.0268374681472778,1.0,0.026837468147277832,0.026837468147277832,-1.008264422416687,-1.0,-0.008264422416687012,0.008264422416687012,0.3961128846196427,0.6647753057921203,0.6601911145590142,0.6723380088806152,27a4c4a484902844e9edfd0a922f0b26ff76ad61da6e1853b3c7a7042af5ca54
2,additive,3,1000,800,200,10000,10000,0.5,296,41260907,41760907,1041760907,2041260907,3041260907,0.02820726010925458,0.8407826810670768,0.840723236494856,0.00015743831435958373,0.7069155167823418,-0.00012869735715787084,0.0003640285100149809,0.7068155603823856,0.0,5.681010684099874e-07,2072,0.005,1,1,1.0264393091201782,1.0,0.026439309120178223,0.026439309120178223,-1.0098291635513306,-1.0,-0.009829163551330566,0.009829163551330566,0.39253138123277737,0.6552460979115111,0.6595331494009764,0.6609933376312256,e4899154e7e44b6770d38eec5f5e26cfdfd2229b1c30d5e77a8c3022ebecb9e1
2,additive,3,1000,800,200,10000,10000,0.5,297,41260907,41760907,1041760907,2041260907,3041260907,0.02873303272840033,0.8862301004904602,0.8858469143731941,0.00014504871018317442,0.7854037910153313,-0.0004120420105026687,0.001049055105591255,0.7847247557045091,-1.1102230246251565e-16,5.796110702505075e-07,2079,0.005,1,1,1.0259286165237427,1.0,0.025928616523742676,0.025928616523742676,-1.0123811960220337,-1.0,-0.012381196022033691,0.012381196022033691,0.42169013825339013,0.6804720796671719,0.6732946905265031,0.6871803998947144,319a12f5314571f75acef1bdca09f13e3dbc1a535e5b39bf7c3dde774c90c1e4
2,additive,3,1000,800,200,10000,10000,0.5,298,41260907,41760907,1041760907,2041260907,3041260907,0.03044480634457147,0.8343400660025118,0.8345820545402639,0.00017619251632372884,0.6961233457370757,0.00011383375362428245,-0.000326967769962403,0.6965272057606481,1.1102230246251565e-16,5.872558723751808e-07,2086,0.005,1,1,1.028290033340454,1.0,0.0282900333404541,0.0282900333404541,-1.0112498998641968,-1.0,-0.011249899864196777,0.011249899864196777,0.39854643281556074,0.6631416189022898,0.6571703943086706,0.6708683967590332,8e64a2c254c5f52386f8e4819348f166d471c4a2cdcd55d53018b62c397315f1
2,additive,3,1000,800,200,10000,10000,0.5,299,41260907,41760907,1041760907,2041260907,3041260907,0.03134471502347031,0.8819180582248375,0.8830419187274129,0.00023222325806531168,0.7777794614230678,0.0008756727743289178,-0.0022510530151942667,0.7797630302297909,0.0,5.973184311613977e-07,2093,0.005,1,1,1.030148983001709,1.0,0.030148983001708984,0.030148983001708984,-1.0085749626159668,-1.0,-0.008574962615966797,0.008574962615966797,0.41085090325098095,0.6693424295553126,0.6677789742251478,0.6764481663703918,a9acd110d8c2d48974902f15e31a288837ed71e16eb88fade6e81e8fec4a1a43
2,additive,3,1000,800,200,10000,10000,0.5,300,41260907,41760907,1041760907,2041260907,3041260907,0.030144436299199866,0.8579796767649607,0.8588845640879444,0.00019697101403729693,0.7361291257417064,0.0006782988363973797,-0.0018423870602603048,0.7376826944285384,0.0,5.844555879264135e-07,2100,0.005,1,1,1.0286812782287598,1.0,0.028681278228759766,0.028681278228759766,-1.0092774629592896,-1.0,-0.00927746295928955,0.00927746295928955,0.40047465570959045,0.6650180794983948,0.6616433643095868,0.6755479574203491,11a7bbb1322859d9580abd466ff9535f348d7457cd93306f44b30890b3c44fa0
2,additive,3,1000,800,200,10000,10000,0.5,301,41260907,41760907,1041760907,2041260907,3041260907,0.028611609335248728,0.8547558632407997,0.8547560637458342,0.00014302885554020255,0.7306075857445247,-7.134304489612973e-05,0.0001952596233810226,0.7306079285102726,0.0,5.776462170814511e-07,2107,0.005,1,1,1.0257010459899902,1.0,0.025701045989990234,0.025701045989990234,-1.012573003768921,-1.0,-0.012573003768920898,0.012573003768920898,0.41486428956973115,0.672668267493565,0.6647598762753605,0.6800377368927002,5a506e2faee25a7e0587b70c1e775cbd6325b56379c0a317d26ae10368e7fd96
2,additive,3,1000,800,200,10000,10000,0.5,302,41260907,41760907,1041760907,2041260907,3041260907,0.02919891311251971,0.857851527830384,0.8580650514315499,0.00016084053473959948,0.7359092438009242,0.00010277407628218504,-0.0002792507900248201,0.7362756324882282,1.1102230246251565e-16,5.797482689473554e-07,2114,0.005,1,1,1.0270812511444092,1.0,0.02708125114440918,0.02708125114440918,-1.010917067527771,-1.0,-0.010917067527770996,0.010917067527770996,0.40220557569605914,0.656140590149684,0.662113018966024,0.664650559425354,20026d8807ac3849c1c88c56f2281fb36b0288de6f8c189781c86a524081a04f
2,additive,3,1000,800,200,10000,10000,0.5,303,41260907,41760907,1041760907,2041260907,3041260907,0.028777824818863353,0.8863489062690678,0.8868686669029906,0.00014618884682687084,0.7856143836443729,0.00038772992154391926,-0.0009868907530309094,0.7865360323342877,2.220446049250313e-16,5.822696049762044e-07,2121,0.005,1,1,1.0260499715805054,1.0,0.02604997158050537,0.02604997158050537,-1.012229561805725,-1.0,-0.012229561805725098,0.012229561805725098,0.41387660664871523,0.6674899274408194,0.6686119552531709,0.6747318506240845,7d9e7ff38f14afd1c9c881345bbe2ff2c3c6914da2730d994a4ba7a6a657fa86
2,additive,3,1000,800,200,10000,10000,0.5,304,41260907,41760907,1041760907,2041260907,3041260907,0.02705163193592501,0.861144923417224,0.8618621084708552,0.0001341011918846272,0.7415705791272567,0.0005508068493434872,-0.0014852457156033735,0.7428062940178283,0.0,5.746150311125575e-07,2128,0.005,1,1,1.0228220224380493,1.0,0.022822022438049316,0.022822022438049316,-1.014523983001709,-1.0,-0.014523983001708984,0.014523983001708984,0.405593820663906,0.6725439410990711,0.6659942803018823,0.6798965930938721,96068ebe515685f5131fd1fbcdc362723e6af8a3257e312367a820b0eb59390e
2,additive,3,1000,800,200,10000,10000,0.5,305,41260907,41760907,1041760907,2041260907,3041260907,0.026632167446043534,0.8457050938789826,0.8464927912821186,0.00013006665111820487,0.7152171058128588,0.0006014366143077143,-0.001681523706135851,0.7165500456925924,-1.1102230246251565e-16,5.741659752089845e-07,2135,0.005,1,1,1.0224604606628418,1.0,0.022460460662841797,0.022460460662841797,-1.0143108367919922,-1.0,-0.014310836791992188,0.014310836791992188,0.41010141300834163,0.6644226687690753,0.6624706669546189,0.6728432774543762,6c0d00aa1c3518250d5871a725bcb7c2e8b9861911dde88a4ed51192b2ef2a97
2,additive,3,1000,800,200,10000,10000,0.5,306,41260907,41760907,1041760907,2041260907,3041260907,0.026709374695100135,0.8595906322303526,0.8598594463625845,0.00012455235786249755,0.7388960550181773,0.00016883006146522396,-0.000456902175068353,0.7393582674989704,1.1102230246251565e-16,5.864313763481732e-07,2142,0.005,1,1,1.023975133895874,1.0,0.023975133895874023,0.023975133895874023,-1.0117721557617188,-1.0,-0.01177215576171875,0.01177215576171875,0.3984937400693983,0.6586997986767767,0.6611159035058205,0.665824294090271,c65ce8557a4cad8ddca4dcc382f6a01ddf3fc8e93148cd06b9154d2fd63c2fa4
2,additive,3,1000,800,200,10000,10000,0.5,307,41260907,41760907,1041760907,2041260907,3041260907,0.027329997208265237,0.8754989162844985,0.8753123363025783,0.0001327718907875564,0.7664983524153313,-0.00022971911132048012,0.0005992950300012927,0.766171686083478,1.1102230246251565e-16,6.432174011195002e-07,2149,0.005,1,1,1.0234498977661133,1.0,0.02344989776611328,0.02344989776611328,-1.014036774635315,-1.0,-0.014036774635314941,0.014036774635314941,0.39281866875684635,0.6774390830391331,0.6656708047202583,0.6851540207862854,a5de38d8618a8e7239e0e8f112f880b89802bba7979fca656a87e19f2fb9778d
2,additive,3,1000,800,200,10000,10000,0.5,308,41260907,41760907,1041760907,2041260907,3041260907,0.028673648760878714,0.8321417159682308,0.8322574652358482,0.0001543344269448767,0.6924598354545517,1.9159279651255594e-05,-5.532453849315172e-05,0.6926524884407991,0.0,6.090110815648586e-07,2156,0.005,1,1,1.023927927017212,1.0,0.023927927017211914,0.023927927017211914,-1.0157997608184814,-1.0,-0.015799760818481445,0.015799760818481445,0.38893293131375495,0.6639059100845545,0.6558396773402928,0.6737209558486938,e34260b58ce9ab2a274b9243971464a519ff598f9147314faad7aa78d6bd50f1
2,additive,3,1000,800,200,10000,10000,0.5,309,41260907,41760907,1041760907,2041260907,3041260907,0.030547604437448802,0.8454746979070613,0.8470172506660611,0.0002204693361342649,0.7148274648010366,0.0011951443943611125,-0.0033428371366550722,0.7174382229258931,-1.1102230246251565e-16,6.067568527612366e-07,2163,0.005,1,1,1.0235071182250977,1.0,0.023507118225097656,0.023507118225097656,-1.0195082426071167,-1.0,-0.0195082426071167,0.0195082426071167,0.39856995115182114,0.6645392532171058,0.661542133587223,0.6736347675323486,b4f5ce953cae19f17c8c62137fa9e14e2d503ada2d4875f7c429ceaa92804b15
2,additive,3,1000,800,200,10000,10000,0.5,310,41260907,41760907,1041760907,2041260907,3041260907,0.031454296487226106,0.8773476178251444,0.8785650399919404,0.00026347610831626244,0.7697388425034556,0.0009371054421339606,-0.0024340327801180054,0.7718765294960398,1.1102230246251565e-16,5.754264797985797e-07,2170,0.005,1,1,1.0232621431350708,1.0,0.0232621431350708,0.0232621431350708,-1.0211718082427979,-1.0,-0.02117180824279785,0.02117180824279785,0.39913967598736166,0.6672555244403278,0.6692782860000489,0.6728821396827698,22648e9e98e8bcac5271d7f9cfb0fbceca667ee2c6be6b85566064b7a32856b4
2,additive,3,1000,800,200,10000,10000,0.5,311,41260907,41760907,1041760907,2041260907,3041260907,0.032239120008325434,0.8631745507260291,0.8626870825255031,0.00023935463199015037,0.7450703050210822,-0.0005403286483540045,0.0014499440369671777,0.7442290023563642,0.0,5.990820444168321e-07,2177,0.005,1,1,1.0250184535980225,1.0,0.02501845359802246,0.02501845359802246,-1.020333170890808,-1.0,-0.020333170890808105,0.020333170890808105,0.3970625689042373,0.6674352970113268,0.6606288807071999,0.6756762266159058,09e71b82f1ba62dcbe38f7205591044a345e438e31ef2e3b8f2a3107b2810234
2,additive,3,1000,800,200,10000,10000,0.5,312,41260907,41760907,1041760907,2041260907,3041260907,0.032681582619122324,0.8687329262670728,0.8693856089890275,0.0003842734563701846,0.7546968971805513,0.0003750832401503278,-0.0009934911761445193,0.7558313371172222,0.0,5.694695168756425e-07,2184,0.005,1,1,1.0216189622879028,1.0,0.021618962287902832,0.021618962287902832,-1.024509310722351,-1.0,-0.024509310722351074,0.024509310722351074,0.3941962500327586,0.6678116936481904,0.6664257169807077,0.6762152910232544,8dae2bb0dfbcd5baf68d4ca4d068b4d6aa57857cb193a21dac7d115c94406e0d
2,additive,3,1000,800,200,10000,10000,0.5,313,41260907,41760907,1041760907,2041260907,3041260907,0.034480701521928385,0.8549199692226785,0.854764426741171,0.0005241194342400884,0.7308881537757056,-0.00039502399389145106,0.0010801678023744695,0.7306222252221627,-1.1102230246251565e-16,5.913126273071612e-07,2191,0.005,1,1,1.0207706689834595,1.0,0.020770668983459473,0.020770668983459473,-1.0275226831436157,-1.0,-0.027522683143615723,0.027522683143615723,0.39322348547404984,0.6703452782245531,0.6606752678193623,0.6784716844558716,e1fe2f60f91ce5210b8cc04aea32bc5679d63677bfe8cee424258a7b89c6c592
2,additive,3,1000,800,200,10000,10000,0.5,314,41260907,41760907,1041760907,2041260907,3041260907,0.03403776365493825,0.948637071372141,0.9440224358043883,0.0006098290130821093,0.8999122931815127,-0.004671881446272158,0.010375939315930777,0.8911783593020504,-1.1102230246251565e-16,6.21730110950125e-07,2198,0.005,1,1,1.018519401550293,1.0,0.01851940155029297,0.01851940155029297,-1.0285587310791016,-1.0,-0.028558731079101562,0.028558731079101562,0.4198490822220351,0.6843089075300923,0.6823581906354453,0.6924417018890381,2ec6ac4e2da97d4a800d5cdd7d094704b2b32d88f3f040416fd0bdfd1130e50c
2,additive,3,1000,800,200,10000,10000,0.5,315,41260907,41760907,1041760907,2041260907,3041260907,0.035758583343150734,0.8394463516962777,0.8432443733375841,0.0008997422746181267,0.7046701773761906,0.002745576757343036,-0.007782578822809907,0.7110610731654949,1.1102230246251565e-16,5.94014188948222e-07,2205,0.005,1,1,1.015350341796875,1.0,0.015350341796875,0.015350341796875,-1.0322961807250977,-1.0,-0.032296180725097656,0.032296180725097656,0.3980204934470299,0.6630603969432025,0.6596878404366981,0.6706146001815796,06c6df8b98acabfaa4929363010b4f0510ddbbd9278ba1de218a962f7086237d
2,additive,3,1000,800,200,10000,10000,0.5,316,41260907,41760907,1041760907,2041260907,3041260907,0.03393479068331422,0.8571165788443743,0.8590661174391405,0.000753008229723021,0.7346488297298845,0.0012963780861758231,-0.0035256318906481373,0.7379945941319592,0.0,5.831320883942226e-07,2212,0.005,1,1,1.0156456232070923,1.0,0.015645623207092285,0.015645623207092285,-1.030112862586975,-1.0,-0.030112862586975098,0.030112862586975098,0.38974746890576123,0.6682567542186145,0.6621405623470773,0.6766970157623291,fa527c94984b30c0efff4d04917d3ba1f47e3d2e1be360d32e273f5389699c74
2,additive,3,1000,800,200,10000,10000,0.5,317,41260907,41760907,1041760907,2041260907,3041260907,0.031674776743963184,0.9599966487016199,0.9541176692930838,0.0005179266985008951,0.9215935655183415,-0.005885482679788106,0.012765230082186383,0.9103405268572664,2.220446049250313e-16,6.041474200912944e-07,2219,0.005,1,1,1.0174479484558105,1.0,0.017447948455810547,0.017447948455810547,-1.0264359712600708,-1.0,-0.0264359712600708,0.0264359712600708,0.4276987618639738,0.6822516428903662,0.6824415169662196,0.6900714039802551,b4d8b40447dc40ad93109834562f15d0040be6fe1938540d433891bc78624b88
2,additive,3,1000,800,200,10000,10000,0.5,318,41260907,41760907,1041760907,2041260907,3041260907,0.032625887379096656,0.8653576374160965,0.8686305408971031,0.0006301342534730044,0.7488438406343683,0.0025225208456762715,-0.006731443466209128,0.7545190165791938,0.0,5.874132220640149e-07,2226,0.005,1,1,1.016344666481018,1.0,0.016344666481018066,0.016344666481018066,-1.0282365083694458,-1.0,-0.0282365083694458,0.0282365083694458,0.3990052079766004,0.6666621768508303,0.6649562316580852,0.6781832575798035,4aab2f3183efaef0876efc5ea2a7cd3136db615e1c1de01e1c188ad736020be0
2,additive,3,1000,800,200,10000,10000,0.5,319,41260907,41760907,1041760907,2041260907,3041260907,0.030527644577038455,0.8667188532011808,0.8684175068738987,0.00044989714961348815,0.75120157049437,0.0012487493005471804,-0.0033226817329614932,0.7541489662450779,0.0,5.91256561932596e-07,2233,0.005,1,1,1.0175055265426636,1.0,0.017505526542663574,0.017505526542663574,-1.0250098705291748,-1.0,-0.025009870529174805,0.025009870529174805,0.39144773496479784,0.6716783669549611,0.6650870592017045,0.6822628974914551,10f28c5010816b09bc361bf6351b587c219b947292041078ebf799b1ee276f78
2,additive,3,1000,800,200,10000,10000,0.5,320,41260907,41760907,1041760907,2041260907,3041260907,0.03125529946936189,0.864944310081325,0.8657270870527938,0.0003994075134434556,0.7481286595420593,0.0004776611007063493,-0.0012762677091998236,0.7494833892569155,0.0,6.284725699856608e-07,2240,0.005,1,1,1.019538402557373,1.0,0.019538402557373047,0.019538402557373047,-1.0243955850601196,-1.0,-0.02439558506011963,0.02439558506011963,0.3925438539331862,0.6725342312573969,0.6628997139161411,0.6814279556274414,84bb4bc71dd8938efa505a3872a786f2e913cee2a5469b0dc1a7f9992e117c57
2,additive,3,1000,800,200,10000,10000,0.5,321,41260907,41760907,1041760907,2041260907,3041260907,0.03030439039420884,0.9325716701066178,0.9306112733136662,0.0003058857424589699,0.8696899198854464,-0.0019792318047111325,0.0045499801077377704,0.8660373420184831,1.1102230246251565e-16,5.869778920697399e-07,2247,0.005,1,1,1.0206772089004517,1.0,0.02067720890045166,0.02067720890045166,-1.0221542119979858,-1.0,-0.02215421199798584,0.02215421199798584,0.40210757341223785,0.6837325145834094,0.6773359358093946,0.6929880380630493,2a5496e5c3c7846d4da13b61c5e384487191da94bbc7f61f90cb483fcf1a2dff
2,additive,3,1000,800,200,10000,10000,0.5,322,41260907,41760907,1041760907,2041260907,3041260907,0.03126261952061568,0.8687152059736928,0.8681277844854729,0.0003379372821238081,0.7546661090899155,-0.0006790980881918523,0.0017989256917365362,0.7536458501956557,0.0,5.845803165982488e-07,2254,0.005,1,1,1.021018385887146,1.0,0.021018385887145996,0.021018385887145996,-1.0231425762176514,-1.0,-0.023142576217651367,0.023142576217651367,0.38358331002325124,0.6648622161193154,0.6619358033380354,0.6746367812156677,ddaa9a52cfdd2dc58689db08ce3a0de30ab643c3217e45750fc348b1cb43cb86
2,additive,3,1000,800,200,10000,10000,0.5,323,41260907,41760907,1041760907,2041260907,3041260907,0.03305803214428527,0.8509762793228133,0.8529685918025598,0.0004820143941405098,0.7241606279700987,0.0014563881187013247,-0.004019603687549141,0.7275554186016419,0.0,5.819317188127116e-07,2261,0.005,1,1,1.0199083089828491,1.0,0.01990830898284912,0.01990830898284912,-1.0263911485671997,-1.0,-0.026391148567199707,0.026391148567199707,0.3889857842306481,0.6661696260480994,0.6602550598756102,0.6764282584190369,caf81c466b854b65da237ad5fad34d3ebae18dbbdacf82b1b860a7dcb1da0a08
2,additive,3,1000,800,200,10000,10000,0.5,324,41260907,41760907,1041760907,2041260907,3041260907,0.032215678852851544,0.8786478099725589,0.8789532904884059,0.00048450511443121487,0.7720219739695738,2.620388819548598e-05,-6.784121274052507e-05,0.772558886860396,0.0,5.875403275013014e-07,2268,0.005,1,1,1.018824577331543,1.0,0.01882457733154297,0.01882457733154297,-1.0261435508728027,-1.0,-0.026143550872802734,0.026143550872802734,0.3861936023985094,0.6698890161858827,0.6666687690272827,0.6787302494049072,17a643f860e4bb7c0017a8f3c80a78c5b6f722bee3df7060d90705983555b56f
2,additive,3,1000,800,200,10000,10000,0.5,325,41260907,41760907,1041760907,2041260907,3041260907,0.03084782421847037,0.8754198255108055,0.8737217328365194,0.00040645138638698805,0.7663598708973692,-0.0016883279264528945,0.004403761295682199,0.7633896664308503,-1.1102230246251565e-16,5.680007948427601e-07,2275,0.005,1,1,1.0188804864883423,1.0,0.018880486488342285,0.018880486488342285,-1.0243949890136719,-1.0,-0.024394989013671875,0.024394989013671875,0.39594065050809546,0.6657592313748811,0.6623880325314857,0.6728771924972534,32c22df88602ab3a9ef40b0fcc1e250f805eab358902614fccd7dd10e00b9b2c
2,additive,3,1000,800,200,10000,10000,0.5,326,41260907,41760907,1041760907,2041260907,3041260907,0.031204162144968343,0.8905945212558437,0.8951204922501651,0.0005744164669072177,0.7931586012909254,0.003753838944172554,-0.009458694196132955,0.8012406956461778,1.1102230246251565e-16,5.723026781367935e-07,2282,0.005,1,1,1.0156739950180054,1.0,0.01567399501800537,0.01567399501800537,-1.0269819498062134,-1.0,-0.02698194980621338,0.02698194980621338,0.4022183585429876,0.6759666568802288,0.6721752737163524,0.6852829456329346,24b173eb8950441e6faa4b3850b50d7d7d9a4bef7848c629c4baf9cabfebd446
2,additive,3,1000,800,200,10000,10000,0.5,327,41260907,41760907,1041760907,2041260907,3041260907,0.0304437858441442,0.8629090453107064,0.8634057893760044,0.00041825725277243553,0.7446120204790347,0.00021963969809712607,-0.0005896128108130151,0.7454695571280013,-1.1102230246251565e-16,5.910651470486528e-07,2289,0.005,1,1,1.01811683177948,1.0,0.01811683177947998,0.01811683177947998,-1.0244663953781128,-1.0,-0.024466395378112793,0.024466395378112793,0.3857342968497581,0.6656980048611171,0.6608561496405946,0.676763117313385,f47364492ef664249af762d87b28cb70100f2989c39d0f215ce6b7d497a49660
2,additive,3,1000,800,200,10000,10000,0.5,328,41260907,41760907,1041760907,2041260907,3041260907,0.030742680644664306,0.8992510563129585,0.8984120119925967,0.0004378275708458798,0.8086524622799718,-0.0009730732791159028,0.0024053515196562816,0.8071441432925858,-1.1102230246251565e-16,5.90674931189028e-07,2296,0.005,1,1,1.0180397033691406,1.0,0.018039703369140625,0.018039703369140625,-1.0248934030532837,-1.0,-0.02489340305328369,0.02489340305328369,0.38130991585748775,0.6695909700683771,0.668826642003888,0.6797692775726318,74c3ceaa549e0c7f0e569cd76dd7cfe278f26daedcfe98a4051e941c5474ca86
2,additive,3,1000,800,200,10000,10000,0.5,329,41260907,41760907,1041760907,2041260907,3041260907,0.0303709607004153,0.8932165908287398,0.8919463364245305,0.00047299778543548554,0.7978358781317165,-0.001370304428005104,0.0034330181445892207,0.7955682670611417,-1.1102230246251565e-16,5.856811498006209e-07,2303,0.005,1,1,1.0167995691299438,1.0,0.016799569129943848,0.016799569129943848,-1.0253015756607056,-1.0,-0.025301575660705566,0.025301575660705566,0.38200219895868875,0.6588406064892898,0.6666980925789967,0.6705625653266907,cf24c58861e1fcb921ce9c0924af2ebb4f70f100aff602bc51ccef9feada6c4f
2,additive,3,1000,800,200,10000,10000,0.5,330,41260907,41760907,1041760907,2041260907,3041260907,0.03100941502052708,0.8817422507014038,0.8801696962199962,0.0005456926480021043,0.7774693966719771,-0.0016581975879895153,0.004262636061310471,0.7746986941440003,1.1102230246251565e-16,5.897841450774877e-07,2310,0.005,1,1,1.0160300731658936,1.0,0.016030073165893555,0.016030073165893555,-1.0265446901321411,-1.0,-0.026544690132141113,0.026544690132141113,0.38209815010625287,0.6604678192741125,0.663875402635671,0.670499324798584,4aa4da2864fc72724977099936e4fdb94405be373d578777430f807948911e31
2,additive,3,1000,800,200,10000,10000,0.5,331,41260907,41760907,1041760907,2041260907,3041260907,0.029775300293492107,0.8890551182862704,0.888788158183796,0.0006588819460965787,0.7904190033510142,-0.0005667475846832393,0.001432849015796673,0.7899443901277444,1.1102230246251565e-16,5.78204886636513e-07,2317,0.005,1,1,1.0120331048965454,1.0,0.01203310489654541,0.01203310489654541,-1.027235507965088,-1.0,-0.02723550796508789,0.02723550796508789,0.37829840345931504,0.6684663318759811,0.6666597351239439,0.6797770261764526,67d0df5352971937a13dc282ebe1d6f98e596edf41d182febfea9d114f087567
2,additive,3,1000,800,200,10000,10000,0.5,332,41260907,41760907,1041760907,2041260907,3041260907,0.030212986672930528,0.8892022052141225,0.8894374344965956,0.0008219660373427788,0.7906805617576586,-0.00020178895555774044,0.0005098883414052814,0.7910989498838858,0.0,5.85303578048979e-07,2324,0.005,1,1,1.0091768503189087,1.0,0.009176850318908691,0.009176850318908691,-1.0287855863571167,-1.0,-0.0287855863571167,0.0287855863571167,0.38009762054018137,0.6636527286782424,0.6682211115873656,0.6750960350036621,4af70006e20e8d9f66120d57a688bb0cd95474e2c29a21e317c262c2ee1e8a71
2,additive,3,1000,800,200,10000,10000,0.5,333,41260907,41760907,1041760907,2041260907,3041260907,0.03243379195157297,0.8851738955659743,0.888299099459651,0.0010639240859398808,0.7835328253914422,0.0022392703117223535,-0.005708079502531525,0.7890752901008269,1.1102230246251565e-16,6.154963028137672e-07,2331,0.005,1,1,1.0075011253356934,1.0,0.007501125335693359,0.007501125335693359,-1.0315544605255127,-1.0,-0.031554460525512695,0.031554460525512695,0.3853248647396608,0.6635050791025173,0.6681081473613203,0.6741275787353516,1c0c2100e019722c7c7e594c5c83af8432ea22003a6ae1d4bee1d3e3f0ad1918
2,additive,3,1000,800,200,10000,10000,0.5,334,41260907,41760907,1041760907,2041260907,3041260907,0.03206738726987501,0.8796779227101484,0.8804795852078823,0.001030508477634114,0.7738332477036418,0.00019027189328420382,-0.0004911105772243412,0.7752442999678444,1.1102230246251565e-16,5.884388496468773e-07,2338,0.005,1,1,1.0076130628585815,1.0,0.007613062858581543,0.007613062858581543,-1.0311505794525146,-1.0,-0.03115057945251465,0.03115057945251465,0.3768696227698895,0.6658167822854888,0.6660120750530872,0.6781677603721619,d06bc3b93df67bcf392035590401d741fd2fd4b942efc22cd0634559513362c4
2,additive,3,1000,800,200,10000,10000,0.5,335,41260907,41760907,1041760907,2041260907,3041260907,0.032046372493744785,0.9010601884338029,0.9004546521308648,0.0010621240149315506,0.8119094631803604,-0.0010765033255875555,0.002648317216845016,0.8108185805441168,0.0,5.873207840068062e-07,2345,0.005,1,1,1.0069233179092407,1.0,0.006923317909240723,0.006923317909240723,-1.0312895774841309,-1.0,-0.03128957748413086,0.03128957748413086,0.37724591647429756,0.6652605911977082,0.6696870579768146,0.6753749847412109,bc2980253a0466f99e36c3a30f5c1164bae2cee1b6fcbf842338a4d173e18108
2,additive,3,1000,800,200,10000,10000,0.5,336,41260907,41760907,1041760907,2041260907,3041260907,0.034157106579913665,0.9050797680169338,0.9063145272026366,0.0012188396156159896,0.8191693864735867,0.0005088980646680436,-0.001240627421224619,0.8214060222185388,0.0,5.802732321313897e-07,2352,0.005,1,1,1.007139801979065,1.0,0.007139801979064941,0.007139801979064941,-1.0334025621414185,-1.0,-0.03340256214141846,0.03340256214141846,0.3738858095488516,0.6708853137740971,0.6718311741772898,0.681290864944458,6b285631d07e1ab206d737e75b266363fe66b6d1510d5535992a3d054b605fef
2,additive,3,1000,800,200,10000,10000,0.5,337,41260907,41760907,1041760907,2041260907,3041260907,0.03610528380710137,0.8878003902051009,0.8909813546869503,0.0014211039059011715,0.7881895328483295,0.0021185688227812094,-0.005366110141296443,0.7938477743997931,0.0,5.961920521713182e-07,2359,0.005,1,1,1.0064328908920288,1.0,0.006432890892028809,0.006432890892028809,-1.0355275869369507,-1.0,-0.035527586936950684,0.035527586936950684,0.3780344974438992,0.671527286728386,0.6690251668238544,0.6826790571212769,c62eaa4b2de7ad42b82d9268a08a0fd4c54004d86d8eb3bffbc77b62d7e3a165
2,additive,3,1000,800,200,10000,10000,0.5,338,41260907,41760907,1041760907,2041260907,3041260907,0.034185157737753054,0.8979910282700119,0.8976248351839833,0.0013262471474789533,0.8063878868534332,-0.0009918946309195058,0.0024560536684093376,0.8057303447390731,0.0,5.708626957812157e-07,2366,0.005,1,1,1.0050305128097534,1.0,0.005030512809753418,0.005030512809753418,-1.0338129997253418,-1.0,-0.0338129997253418,0.0338129997253418,0.38046387723489017,0.661276068039511,0.6686830643190348,0.6713449954986572,5204ed163332d43cad159fea3caaff817416fcbf536dab5ed3fce7e6e6ac387c
2,additive,3,1000,800,200,10000,10000,0.5,339,41260907,41760907,1041760907,2041260907,3041260907,0.03497014593937547,0.909343422855295,0.9081841387071006,0.0014078899197097919,0.8269054606901838,-0.001757460405367799,0.004243467533328461,0.8247984297991581,1.1102230246251565e-16,5.841922785521092e-07,2373,0.005,1,1,1.0047422647476196,1.0,0.004742264747619629,0.004742264747619629,-1.0346471071243286,-1.0,-0.03464710712432861,0.03464710712432861,0.3765325779842014,0.6653946741175871,0.6719480295790392,0.6757464408874512,ea9723afcedfd552df8d3d8db38f7c409300693910dea2b2d028c47475546d46
2,additive,3,1000,800,200,10000,10000,0.5,340,41260907,41760907,1041760907,2041260907,3041260907,0.03818758754560432,0.9044466388122853,0.9049797956484217,0.0014350341483618462,0.8180237224588404,-0.00023516303767154737,0.0005739472201021826,0.818988430531859,-1.1102230246251565e-16,6.120103055451409e-07,2380,0.005,1,1,1.009521722793579,1.0,0.009521722793579102,0.009521722793579102,-1.036981463432312,-1.0,-0.03698146343231201,0.03698146343231201,0.3752199369509283,0.6537966611190335,0.6702492272658664,0.6620562076568604,57bb5ed62072596b96a5644624a0adb9f6f14217448f56b55f5efa28a90f454e
2,additive,3,1000,800,200,10000,10000,0.5,341,41260907,41760907,1041760907,2041260907,3041260907,0.04139237255857935,0.9200968232453218,0.918052701188793,0.0015930396397409695,0.846578164146133,-0.0026752208129174424,0.006308209476993323,0.8428207621600392,1.1102230246251565e-16,6.039452244976928e-07,2387,0.005,1,1,1.0117876529693604,1.0,0.011787652969360352,0.011787652969360352,-1.0396784543991089,-1.0,-0.03967845439910889,0.03967845439910889,0.3805750504249572,0.668429406194252,0.6736532986269432,0.6802542209625244,fbb772a067cd001cbe6704d122b5bcbae9545124156e9b0fac09460844dcdce7
2,additive,3,1000,800,200,10000,10000,0.5,342,41260907,41760907,1041760907,2041260907,3041260907,0.04176598033752945,0.9134034690478074,0.908334370496272,0.001594522743053814,0.8343058972685689,-0.0054145456933819775,0.012955001729288979,0.8250713286248587,-1.1102230246251565e-16,6.02074912592343e-07,2394,0.005,1,1,1.0123188495635986,1.0,0.012318849563598633,0.012318849563598633,-1.0399079322814941,-1.0,-0.03990793228149414,0.03990793228149414,0.38199506604896,0.6591314643615073,0.6692199260992149,0.6698050498962402,89172a8add9bbcada88629d82443ea36e63db5cc888e43859406c3de2a05a774
2,additive,3,1000,800,200,10000,10000,0.5,343,41260907,41760907,1041760907,2041260907,3041260907,0.0421402901195837,0.9061429239376958,0.9081882006983264,0.0017965103922123883,0.8210949986023568,0.0009571494465472349,-0.002326307747947735,0.8248058078876637,0.0,5.862271805767705e-07,2401,0.005,1,1,1.0097382068634033,1.0,0.00973820686340332,0.00973820686340332,-1.0409996509552002,-1.0,-0.040999650955200195,0.040999650955200195,0.379947207259395,0.6665945382623439,0.6719970829344611,0.6757508516311646,0bc6164bd59dec7e7af31931e88d863fc95faa097ad55b9d4bda3e4757306920
2,additive,3,1000,800,200,10000,10000,0.5,344,41260907,41760907,1041760907,2041260907,3041260907,0.04347182928561652,0.9069998803931214,0.9133234594334343,0.00219683063462021,0.8226487830331365,0.004657063941849643,-0.011291965101545617,0.8341597415514561,2.220446049250313e-16,5.818690915759817e-07,2408,0.005,1,1,1.0055490732192993,1.0,0.005549073219299316,0.005549073219299316,-1.0431162118911743,-1.0,-0.043116211891174316,0.043116211891174316,0.382827303619671,0.6707114262779008,0.674069131692299,0.6834107041358948,90439fe587e4f4d477c310d903230bc41a36920b222c61e54caedb2f80d1f930
2,additive,3,1000,800,200,10000,10000,0.5,345,41260907,41760907,1041760907,2041260907,3041260907,0.04475187356157947,0.9011721578929157,0.9072790757108217,0.0023330265135554024,0.8121112581613743,0.0043555182738766445,-0.010695681351892767,0.8231553212226829,-1.1102230246251565e-16,5.944151517667251e-07,2415,0.005,1,1,1.005634069442749,1.0,0.0056340694427490234,0.0056340694427490234,-1.0443958044052124,-1.0,-0.0443958044052124,0.0443958044052124,0.3793248548806777,0.6729090035900753,0.6715042111958591,0.6831196546554565,e557c9c4e819a555b053d6dc7a420ad78905568bdaebb41c6cba7c4c3d23daec
2,additive,3,1000,800,200,10000,10000,0.5,346,41260907,41760907,1041760907,2041260907,3041260907,0.04420640126444452,0.9130699250458308,0.9156995282230116,0.0019333767417151417,0.8336966880231992,0.0014377806114658114,-0.0034411892824136206,0.838505625987846,0.0,5.621982239745194e-07,2422,0.005,1,1,1.0108684301376343,1.0,0.010868430137634277,0.010868430137634277,-1.0428495407104492,-1.0,-0.04284954071044922,0.04284954071044922,0.3767931723348019,0.6741604289545537,0.6728799160091387,0.6843072175979614,df86d49f5f18f193a9a2f168c2ca1286f4b8be1213cc3da7c9ed736f6122a4ce
2,additive,3,1000,800,200,10000,10000,0.5,347,41260907,41760907,1041760907,2041260907,3041260907,0.04313202551617249,0.89121565693047,0.8920563113530875,0.0014486192668654648,0.7942653471580091,2.524810000107921e-05,-6.346024090671268e-05,0.7957644626248767,-1.1102230246251565e-16,5.749863394299837e-07,2429,0.005,1,1,1.0164580345153809,1.0,0.01645803451538086,0.01645803451538086,-1.0398685932159424,-1.0,-0.03986859321594238,0.03986859321594238,0.3762132810403132,0.6637198528432908,0.6683667000053177,0.6767662763595581,dd8fdeee0f326fec45106515c08e6ad0a0cd1468709d9600c8495d9719c1b27d
2,additive,3,1000,800,200,10000,10000,0.5,348,41260907,41760907,1041760907,2041260907,3041260907,0.04001061952036669,0.9519915642676939,0.9489131528020149,0.0010442949571896286,0.9062879384368507,-0.0034480309166900498,0.0076003712637697585,0.9004361715606602,0.0,5.872185617761261e-07,2436,0.005,1,1,1.0184868574142456,1.0,0.018486857414245605,0.018486857414245605,-1.0354835987091064,-1.0,-0.035483598709106445,0.035483598709106445,0.38821171918767816,0.6697104934298372,0.6800814693254928,0.6832051277160645,1a18145101a2cff1b2099f6d7609bc558dd59651bcf1c5bbe20a874d1273375e
2,additive,3,1000,800,200,10000,10000,0.5,349,41260907,41760907,1041760907,2041260907,3041260907,0.03927960449856024,0.9138936320163633,0.9105797772153676,0.001069504252296734,0.8352015706400602,-0.0035577721093841227,0.008508657578147305,0.8291555306735885,-1.1102230246251565e-16,5.82986690034204e-07,2443,0.005,1,1,1.017123818397522,1.0,0.017123818397521973,0.017123818397521973,-1.0353505611419678,-1.0,-0.03535056114196777,0.03535056114196777,0.38554735558696906,0.6671180175416777,0.6698258419487789,0.6793779134750366,91f43b48c48d8577b87dc704fd78104f6eeefaee31a66ee2178641ce96d2b207
2,additive,3,1000,800,200,10000,10000,0.5,350,41260907,41760907,1041760907,2041260907,3041260907,0.03841257011172553,0.9068704831405746,0.9074022744884099,0.0011374726051223824,0.8224140731916192,-8.632902500105588e-05,0.00020965056878750004,0.8233788877467396,1.1102230246251565e-16,5.768686381912858e-07,2450,0.005,1,1,1.0148471593856812,1.0,0.014847159385681152,0.014847159385681152,-1.035427212715149,-1.0,-0.035427212715148926,0.035427212715148926,0.38011048925835317,0.6690372976071625,0.6719106358785275,0.6814504861831665,df29abbf36c4d1d406add52ae25b2181a95e51b1d76b93ff4bdf793401536626
2,additive,3,1000,800,200,10000,10000,0.5,351,41260907,41760907,1041760907,2041260907,3041260907,0.0393394575424605,0.9057872580083267,0.9042541784539858,0.001064969210836664,0.820450556770243,-0.0019199533647935496,0.004674174264693734,0.8176756192514928,2.220446049250313e-16,6.119900799461675e-07,2457,0.005,1,1,1.0172762870788574,1.0,0.017276287078857422,0.017276287078857422,-1.0353429317474365,-1.0,-0.03534293174743652,0.03534293174743652,0.3726488956021744,0.6666275432648695,0.6679165003202295,0.6769293546676636,20b3bcda2ab95e351f3d4d9b0b8aed65504239dfd7b26406c60531f42e69de12
2,additive,3,1000,800,200,10000,10000,0.5,352,41260907,41760907,1041760907,2041260907,3041260907,0.04020516572670441,0.9076154751395703,0.910652048069491,0.0013156167473357971,0.823765850712828,0.0021028425964973465,-0.005097296883834989,0.8292871526531586,0.0,6.14001475440773e-07,2464,0.005,1,1,1.0144402980804443,1.0,0.014440298080444336,0.014440298080444336,-1.0375224351882935,-1.0,-0.03752243518829346,0.03752243518829346,0.37549465308874885,0.6688265868743639,0.6725654604663214,0.6783491969108582,b8db28b02be88c113db5992b8ae485fdc3fc03c43ec173338a22e2e48be24400
2,additive,3,1000,800,200,10000,10000,0.5,353,41260907,41760907,1041760907,2041260907,3041260907,0.03922100766083948,0.8942427119199657,0.8949328791363454,0.0013048837955293216,0.7996700278219748,-3.502672911781789e-05,8.746024028913526e-05,0.8009048581592686,1.1102230246251565e-16,6.315716767346657e-07,2471,0.005,1,1,1.0132265090942383,1.0,0.013226509094238281,0.013226509094238281,-1.0369235277175903,-1.0,-0.03692352771759033,0.03692352771759033,0.3809151346299439,0.6658849411335239,0.6671402987432604,0.6740480661392212,412e66c2b7601f9a0819d2f3267373a47fa3ff4b2fa77e25b7a4722f1d9c46f4
2,additive,3,1000,800,200,10000,10000,0.5,354,41260907,41760907,1041760907,2041260907,3041260907,0.038750808329872856,0.9572269265637653,0.9652550981407193,0.0014467330341574772,0.9162833889387122,0.006993641256889998,-0.015241171864023762,0.9317174044866496,0.0,5.679453796147982e-07,2478,0.005,1,1,1.0101860761642456,1.0,0.010186076164245605,0.010186076164245605,-1.0373880863189697,-1.0,-0.03738808631896973,0.03738808631896973,0.3949937441704165,0.6922032387406731,0.6901547639594743,0.7017390727996826,192dff7455d7b1bbd95104b03d25c62c5b34b0e8a456978df771097a3680ace3
2,additive,3,1000,800,200,10000,10000,0.5,355,41260907,41760907,1041760907,2041260907,3041260907,0.036918782387644,0.9163021298968519,0.9142942768168764,0.0010987925982239356,0.8396095932535073,-0.0023871806158181686,0.005678974198406951,0.8359340246200949,0.0,5.782551077970766e-07,2485,0.005,1,1,1.0134416818618774,1.0,0.013441681861877441,0.013441681861877441,-1.034384846687317,-1.0,-0.034384846687316895,0.034384846687316895,0.3739380108578289,0.6620425228102492,0.6715449163890033,0.6711816191673279,6006c89159ec9119f38518553eaa9c0b4a8b0fd5f4ed9b9fed6a644a0bf5f82b
2,additive,3,1000,800,200,10000,10000,0.5,356,41260907,41760907,1041760907,2041260907,3041260907,0.03635958702838312,0.9214416097753871,0.9188984371722635,0.001222069837843232,0.8490546402254567,-0.002951186112835862,0.006941707512172495,0.8443743378376283,0.0,6.195322814761539e-07,2492,0.005,1,1,1.010481595993042,1.0,0.010481595993041992,0.010481595993041992,-1.034816026687622,-1.0,-0.03481602668762207,0.03481602668762207,0.37036948130996733,0.6700755608438729,0.6726339152538622,0.6820276379585266,c0d9b3dba6c2a4bd2c6dd6d9be5f5c1ede104b72426a52bb7bb68e7ea77f5955
2,additive,3,1000,800,200,10000,10000,0.5,357,41260907,41760907,1041760907,2041260907,3041260907,0.0381312368440606,0.9467650894352118,0.9453524732446937,0.0013765753114917225,0.8963641345732646,-0.0020247056074485987,0.00451066902760489,0.8936912986698593,2.220446049250313e-16,5.759338055355556e-07,2499,0.005,1,1,1.0104385614395142,1.0,0.01043856143951416,0.01043856143951416,-1.0366746187210083,-1.0,-0.0366746187210083,0.0366746187210083,0.3717471127352232,0.6811882407337699,0.6796753156524957,0.6927338242530823,27618c3dc3f594ecd669e5b24437e1a41870c45eb3da979d50b0aeeec7421824
2,additive,3,1000,800,200,10000,10000,0.5,358,41260907,41760907,1041760907,2041260907,3041260907,0.04023421314526266,0.91296310565207,0.9123035896054872,0.0013698807761042702,0.8335016322818727,-0.0012868367254597445,0.003082718011892164,0.8322978396070572,-2.220446049250313e-16,5.818521451317338e-07,2506,0.005,1,1,1.0136204957962036,1.0,0.013620495796203613,0.013620495796203613,-1.0378586053848267,-1.0,-0.03785860538482666,0.03785860538482666,0.37338598316185156,0.6676436786662248,0.6710802209757895,0.6788604855537415,f755831a90b94db45a44080a635de09cd928852a44bd150a80d310740be21533
2,additive,3,1000,800,200,10000,10000,0.5,359,41260907,41760907,1041760907,2041260907,3041260907,0.04397475406827521,0.9472055067309806,0.9553086925411961,0.0017044736165882951,0.8971982719814936,0.006855976223343821,-0.015254100083501736,0.9126146980447695,-1.1102230246251565e-16,5.727846854597374e-07,2513,0.005,1,1,1.0138956308364868,1.0,0.013895630836486816,0.013895630836486816,-1.0417215824127197,-1.0,-0.04172158241271973,0.04172158241271973,0.39152265369781064,0.6699784289141993,0.6848249128643196,0.6793901920318604,a1d92b6440f27cbffe3390d9b95df833d724d9a3b07d9fea8c21c870b273d608
2,additive,3,1000,800,200,10000,10000,0.5,360,41260907,41760907,1041760907,2041260907,3041260907,0.04345987617599065,0.9574863055156972,0.9532983085287586,0.0014809221797104281,0.916780025250099,-0.004741641193008663,0.010327437328747137,0.9087776650437922,1.1102230246251565e-16,6.261829099685201e-07,2520,0.005,1,1,1.0164339542388916,1.0,0.0164339542388916,0.0164339542388916,-1.0402328968048096,-1.0,-0.04023289680480957,0.04023289680480957,0.37489866245655235,0.6721145783787996,0.6789575284067644,0.6813008785247803,6f648a59772b87365f40d7e67a6d3fe673f522e063829dbce6179078b0b12d98
2,additive,3,1000,800,200,10000,10000,0.5,361,41260907,41760907,1041760907,2041260907,3041260907,0.045356118450310935,0.9241326903271386,0.9213843528881777,0.0016621859191230926,0.854021229331275,-0.0033671447516160405,0.007870071317511081,0.8489491257471659,-1.1102230246251565e-16,6.176650817479867e-07,2527,0.005,1,1,1.016460657119751,1.0,0.016460657119750977,0.016460657119750977,-1.0422637462615967,-1.0,-0.04226374626159668,0.04226374626159668,0.3742291009886777,0.6696127966996266,0.6711530559887635,0.6786843538284302,4cbfa83d690388fafc5b0f26b9ff90bd002f364e955d434056669b1ab61ed958
2,additive,3,1000,800,200,10000,10000,0.5,362,41260907,41760907,1041760907,2041260907,3041260907,0.04572812499481213,0.957219724237638,0.9629172580414728,0.0018884199204755837,0.9162696004695797,0.004525812722026478,-0.009858461444586207,0.9272096458341083,0.0,5.876869071386182e-07,2534,0.005,1,1,1.0138119459152222,1.0,0.013811945915222168,0.013811945915222168,-1.0435923337936401,-1.0,-0.04359233379364014,0.04359233379364014,0.38620538293728257,0.6881560798438346,0.6858261795928349,0.6995893716812134,89f13a4d6018c71db1852dbbc0fbda6097aeb4bd30a731fd6a38f640413aa2c6
2,additive,3,1000,800,200,10000,10000,0.5,363,41260907,41760907,1041760907,2041260907,3041260907,0.04452482826534676,0.9232671181917019,0.919486067223571,0.0017324418309094397,0.85242217153401,-0.0043499927733250555,0.01018549266200969,0.8454546278182692,-2.220446049250313e-16,6.323695735943602e-07,2541,0.005,1,1,1.0142848491668701,1.0,0.014284849166870117,0.014284849166870117,-1.0421711206436157,-1.0,-0.04217112064361572,0.04217112064361572,0.3791268960191416,0.6684043564424411,0.6713632215740271,0.6807986497879028,e070f73a3785ac8b8d677e350100b64e8a5e573c065fb17ef0258ac376897c76
2,additive,3,1000,800,200,10000,10000,0.5,364,41260907,41760907,1041760907,2041260907,3041260907,0.044797456955269835,0.9316794315156669,0.9303081833381538,0.0018542382145887196,0.8680265631093562,-0.0022037426690044055,0.005066769299081768,0.8654733159859359,-2.220446049250313e-16,5.77752512498364e-07,2548,0.005,1,1,1.0129263401031494,1.0,0.012926340103149414,0.012926340103149414,-1.0428919792175293,-1.0,-0.0428919792175293,0.0428919792175293,0.3663245488181357,0.6636656536008252,0.6747494171913165,0.6739696860313416,9a2f0ee272870a3b8e81a5a44e1784d37e6bb6f003da368564681b218854a5aa
2,additive,3,1000,800,200,10000,10000,0.5,365,41260907,41760907,1041760907,2041260907,3041260907,0.047465029784377,0.9178050285900072,0.9217357704597218,0.002228972333077679,0.8423660705051039,0.0025008938533977146,-0.0059221135018592995,0.8495968305449769,-1.1102230246251565e-16,5.869921633205877e-07,2555,0.005,1,1,1.0116688013076782,1.0,0.011668801307678223,0.011668801307678223,-1.0460083484649658,-1.0,-0.04600834846496582,0.04600834846496582,0.36560365654289556,0.6711633701015333,0.6742510566959646,0.6818638443946838,1c80011e7fb5ebb4c9070735ca97d9567967b4009832f4e663302e851c49f810
2,additive,3,1000,800,200,10000,10000,0.5,366,41260907,41760907,1041760907,2041260907,3041260907,0.048553795497606494,0.9213027697127045,0.9238682028764833,0.0021632170978102216,0.8487987934803006,0.0012852228540560316,-0.00302063508847569,0.853532456286223,1.1102230246251565e-16,5.732176813211254e-07,2562,0.005,1,1,1.0142104625701904,1.0,0.01421046257019043,0.01421046257019043,-1.0464277267456055,-1.0,-0.04642772674560547,0.04642772674560547,0.37060125749802153,0.6678265973555607,0.6737854213893012,0.6777138113975525,a9f18725b1dd0c7a5ba5e3f4f722e0c9e786b4653b811fe3d96bb9a0db2f2ee7
2,additive,3,1000,800,200,10000,10000,0.5,367,41260907,41760907,1041760907,2041260907,3041260907,0.05097254593708837,0.9461248647233362,0.9467298332718308,0.0022869886839977575,0.8951522596477512,-0.0005709355624201191,0.0012723659311344628,0.8962973772069086,-2.220446049250313e-16,6.375379353329436e-07,2569,0.005,1,1,1.016146183013916,1.0,0.016146183013916016,0.016146183013916016,-1.0483477115631104,-1.0,-0.04834771156311035,0.04834771156311035,0.3642268569697862,0.6716213910803157,0.6810429226541506,0.6801096200942993,4061fa330a298f4dcee6b55b74daa0b471563c252dd16121bcb9d2027bc8a61e
2,additive,3,1000,800,200,10000,10000,0.5,368,41260907,41760907,1041760907,2041260907,3041260907,0.05407933097891922,0.9316451513081518,0.9357322814851251,0.002292380681415856,0.8679626879559892,0.002669916987976164,-0.00613594125261819,0.8755949026133574,0.0,6.330965209855322e-07,2576,0.005,1,1,1.0204577445983887,1.0,0.020457744598388672,0.020457744598388672,-1.050060510635376,-1.0,-0.05006051063537598,0.05006051063537598,0.36874742702155344,0.6668205527926747,0.6786628193669277,0.676467776298523,a957c0f5cc4545bc991b521ad15af3b693cc42e2726a29009b8a920e0f1b2504
2,additive,3,1000,800,200,10000,10000,0.5,369,41260907,41760907,1041760907,2041260907,3041260907,0.05389936954711553,0.9380159091646775,0.9340337526520487,0.002092284524973361,0.8798738458460365,-0.004773539638870631,0.010824768603897712,0.8724190510932686,0.0,5.881168707588813e-07,2583,0.005,1,1,1.022570013999939,1.0,0.022570013999938965,0.022570013999938965,-1.0489462614059448,-1.0,-0.048946261405944824,0.048946261405944824,0.37073349258399924,0.6713018816677149,0.6755914358966267,0.6809752583503723,dcf05a996b550d020d4e9ba787d22cfe97749ff0a76f3f0cd422f90d5f37e5a4
2,additive,3,1000,800,200,10000,10000,0.5,370,41260907,41760907,1041760907,2041260907,3041260907,0.05284305510980882,0.91039923543318,0.9091057880151555,0.0023248478832735694,0.8288267678773187,-0.0023391409789676413,0.005628674563369712,0.826473333802657,0.0,5.808317187216971e-07,2590,0.005,1,1,1.0183502435684204,1.0,0.01835024356842041,0.01835024356842041,-1.0495545864105225,-1.0,-0.04955458641052246,0.04955458641052246,0.3714277507574634,0.6644725396535004,0.6691810570772335,0.6783578991889954,02b3b6c4d8cd56f051b92df3ffbd1b273c100c204d19650bc4331206a156e293
2,additive,3,1000,800,200,10000,10000,0.5,371,41260907,41760907,1041760907,2041260907,3041260907,0.050471613403742704,0.93121365520803,0.9361809328918854,0.002160199726092613,0.8671588716458999,0.0035578338691641827,-0.00818533490482171,0.8764347391103209,0.0,5.811075602935034e-07,2597,0.005,1,1,1.017029047012329,1.0,0.0170290470123291,0.0170290470123291,-1.0475120544433594,-1.0,-0.047512054443359375,0.047512054443359375,0.38003736233267754,0.6689176206024229,0.678379273088183,0.6779776215553284,ef2dbb29dc6722e981035ab7e3ac781e2d88d66e2c242e30e3dd79f664f45b0e
2,additive,3,1000,800,200,10000,10000,0.5,372,41260907,41760907,1041760907,2041260907,3041260907,0.05067946874923495,0.9793391661768744,0.9807473775946148,0.002309821181790926,0.9591052024080157,0.00022519753445366303,-0.00046847101184835426,0.961865418658714,1.1102230246251565e-16,5.740950772548103e-07,2604,0.005,1,1,1.0154306888580322,1.0,0.015430688858032227,0.015430688858032227,-1.0482732057571411,-1.0,-0.04827320575714111,0.04827320575714111,0.3817787361905207,0.6821072599624389,0.6907197707739496,0.6937443614006042,29908cd71da2269c2accd187a12ed947e5753ce75aa452742d57cbd402577263
2,additive,3,1000,800,200,10000,10000,0.5,373,41260907,41760907,1041760907,2041260907,3041260907,0.05257414987678589,0.9257113796618204,0.9257947988340818,0.0023632913735125096,0.8569415584353909,-0.0011044201303327004,0.002570496676652778,0.857096009548238,-1.1102230246251565e-16,5.824330742143502e-07,2611,0.005,1,1,1.0175029039382935,1.0,0.017502903938293457,0.017502903938293457,-1.0495750904083252,-1.0,-0.049575090408325195,0.049575090408325195,0.3943136369324348,0.6779768672985143,0.6733863401155742,0.6899250745773315,7c0960ce8e6ef6617b952cebbcca13c99e02b6bdd70796c9939691ee4cc9e9e8
2,additive,3,1000,800,200,10000,10000,0.5,374,41260907,41760907,1041760907,2041260907,3041260907,0.052560815183233425,0.9600557048198917,0.9721224004134885,0.002814156036691433,0.921706956357219,0.010250424495886193,-0.022174560123011656,0.9450219613856828,0.0,5.744966546927799e-07,2618,0.005,1,1,1.011902093887329,1.0,0.011902093887329102,0.011902093887329102,-1.051195502281189,-1.0,-0.051195502281188965,0.051195502281188965,0.38720054120617964,0.6819451385530749,0.689849884384208,0.6909680962562561,dee09b135ec41f7b90a6028fe8e30c7f71b499e4d3fe436d1525a342e822a43d
2,additive,3,1000,800,200,10000,10000,0.5,375,41260907,41760907,1041760907,2041260907,3041260907,0.048936865111461975,0.948878646150974,0.9467540761936666,0.002410962572174384,0.9003706851213051,-0.003219183452078242,0.007131698922553303,0.896343280789323,-1.1102230246251565e-16,5.535298832626268e-07,2625,0.005,1,1,1.011468529701233,1.0,0.01146852970123291,0.01146852970123291,-1.0475740432739258,-1.0,-0.04757404327392578,0.04757404327392578,0.36967419360021353,0.6699012648001194,0.6778186986511074,0.6804779767990112,0d7410649ed90be7ee934eea651a58320be9d821acb0fc8e1d5d53ea138a1cb4
2,additive,3,1000,800,200,10000,10000,0.5,376,41260907,41760907,1041760907,2041260907,3041260907,0.04863775316578005,0.9703988305276623,0.9642300754501705,0.002404559848609667,0.9416738902894547,-0.0071694058677113075,0.015188157015262526,0.9297396384026415,-2.220446049250313e-16,5.948693679869166e-07,2632,0.005,1,1,1.0110846757888794,1.0,0.011084675788879395,0.011084675788879395,-1.0473577976226807,-1.0,-0.047357797622680664,0.047357797622680664,0.3733307420232371,0.6793559976911427,0.6839099829576352,0.6921849250793457,a51624466de594891b42d96abc43b422515e6d4c2b49e8598671d9754636844e
2,additive,3,1000,800,200,10000,10000,0.5,377,41260907,41760907,1041760907,2041260907,3041260907,0.04811328102919534,0.9608316999243686,0.9595381986041668,0.002416979825552201,0.9231975555795517,-0.0024504904122872643,0.005294839954549296,0.9207135545805295,1.1102230246251565e-16,6.013889475298129e-07,2639,0.005,1,1,1.0100758075714111,1.0,0.010075807571411133,0.010075807571411133,-1.047046422958374,-1.0,-0.04704642295837402,0.04704642295837402,0.3604648768725937,0.674446459035872,0.6811404241708756,0.6876780390739441,3333198ea2fa87d4d2284eaa7a09d09bc587b0eb0ec3b8a6213d5b118924edd2
2,additive,3,1000,800,200,10000,10000,0.5,378,41260907,41760907,1041760907,2041260907,3041260907,0.044909825011263664,0.9542299765978569,0.9486690334242557,0.0020316468254978274,0.9105548482379465,-0.006306780042666372,0.01382176939234218,0.8999729349781115,-1.1102230246251565e-16,5.935692861669395e-07,2646,0.005,1,1,1.0105077028274536,1.0,0.010507702827453613,0.010507702827453613,-1.0436632633209229,-1.0,-0.04366326332092285,0.04366326332092285,0.37680613385216005,0.6776573130098691,0.6770056569323156,0.6865280270576477,1971ca25799955325ce2b725c73078de5e9843f2a0b060adbf32f916474e0110
2,additive,3,1000,800,200,10000,10000,0.5,379,41260907,41760907,1041760907,2041260907,3041260907,0.04536513686804706,0.9504573653069496,0.952878911389271,0.002195850102093356,0.9033692032662282,0.0012065832010404282,-0.0026648183839525293,0.9079782197704024,0.0,6.165161892113247e-07,2653,0.005,1,1,1.0087993144989014,1.0,0.008799314498901367,0.008799314498901367,-1.0445035696029663,-1.0,-0.04450356960296631,0.04450356960296631,0.36239254765347345,0.6756474662234302,0.6806468520962006,0.6885008811950684,09f9134167a494ac0b2c0adcec7959f556d3cae7ec39563460be35681caa7869
2,additive,3,1000,800,200,10000,10000,0.5,380,41260907,41760907,1041760907,2041260907,3041260907,0.045010971288273464,0.9703323509737705,0.968462825536815,0.002138699434872879,0.9415448713462845,-0.0028816631672029993,0.006107265732765977,0.9379202444467514,0.0,6.167859094574624e-07,2660,0.005,1,1,1.009076476097107,1.0,0.009076476097106934,0.009076476097106934,-1.0440863370895386,-1.0,-0.044086337089538574,0.044086337089538574,0.362773634176813,0.6787088608394773,0.6834120487946802,0.6886236667633057,b2a4d857de76cb63eba453e332307e4ca2b380d7de966638143a0b3f3233652b
2,additive,3,1000,800,200,10000,10000,0.5,381,41260907,41760907,1041760907,2041260907,3041260907,0.04514032011366846,0.9596409553730176,0.9569861040355232,0.002144508696096794,0.920910763229238,-0.00361643430412267,0.007835791450666674,0.9158224033170893,-2.220446049250313e-16,5.961101905427313e-07,2667,0.005,1,1,1.0091997385025024,1.0,0.009199738502502441,0.009199738502502441,-1.044192910194397,-1.0,-0.04419291019439697,0.04419291019439697,0.3653447919173425,0.6758804840559101,0.6780792966094666,0.6871321201324463,717a6144eb39a00d410e778279d8927e0c807a024f489da5412686ec7ee0f362
2,additive,3,1000,800,200,10000,10000,0.5,382,41260907,41760907,1041760907,2041260907,3041260907,0.0441572618898746,1.0565214677156656,1.047164511318969,0.0020437168490576967,1.1162376117440642,-0.010863907413613406,0.019429650009950502,1.096553513765895,0.0,5.873005921586127e-07,2674,0.005,1,1,1.0091276168823242,1.0,0.009127616882324219,0.009127616882324219,-1.043203592300415,-1.0,-0.04320359230041504,0.04320359230041504,0.40693557019600207,0.6968302199858892,0.7023496154688984,0.706558883190155,86e0cdba5b796aa444badb407080c2f9bdb3adf92e78c7c89fc124d79130130a
2,additive,3,1000,800,200,10000,10000,0.5,383,41260907,41760907,1041760907,2041260907,3041260907,0.04455097082808193,0.9285792562254503,0.9295065870361926,0.002217103731009201,0.8622594350922105,-0.0002470217397742989,0.0005714943753373817,0.863982495343671,-1.1102230246251565e-16,5.761372552370858e-07,2681,0.005,1,1,1.0071104764938354,1.0,0.007110476493835449,0.007110476493835449,-1.0439798831939697,-1.0,-0.04397988319396973,0.04397988319396973,0.3629639332952321,0.6650128584632212,0.6728888243694684,0.6742931604385376,e8aee3f8ed5e73267e421d129461ffd68c2675395e78d328e51197e0f7d37511
2,additive,3,1000,800,200,10000,10000,0.5,384,41260907,41760907,1041760907,2041260907,3041260907,0.04269491833000375,0.9336837106664185,0.935903499100735,0.002044542879353515,0.8717652715638123,0.0010527725929168413,-0.0024096149425552496,0.8759153596289995,-1.1102230246251565e-16,6.010572377590506e-07,2688,0.005,1,1,1.006678581237793,1.0,0.006678581237792969,0.006678581237792969,-1.0421693325042725,-1.0,-0.04216933250427246,0.04216933250427246,0.35511091273115125,0.6698349985484464,0.675094323989971,0.6807894706726074,9f00a79452705efb832616bc9f8e7b4a1ce842fca00884e54ebd6117095e98e8
2,additive,3,1000,800,200,10000,10000,0.5,385,41260907,41760907,1041760907,2041260907,3041260907,0.04323867464363101,0.9412612459037174,0.9506160904732709,0.0022143948744209148,0.8859727330402184,0.007741911776023237,-0.017433064570976955,0.9036709514666859,1.1102230246251565e-16,5.895922505771978e-07,2695,0.005,1,1,1.0048376321792603,1.0,0.004837632179260254,0.004837632179260254,-1.0429672002792358,-1.0,-0.04296720027923584,0.04296720027923584,0.38003039345883016,0.6775900448003204,0.6826957880841042,0.6892743110656738,f54a30b79a7bd84e2f59fd3785e45a99982d1376de79c00b38847bfb3eb0e7c2
2,additive,3,1000,800,200,10000,10000,0.5,386,41260907,41760907,1041760907,2041260907,3041260907,0.04230975815630616,0.9248953761051812,0.9273549930497934,0.0019379283354932987,0.8554314567407447,0.001308949029072272,-0.0030534074387456207,0.8599872831343824,-1.1102230246251565e-16,5.99983531301973e-07,2702,0.005,1,1,1.0077576637268066,1.0,0.007757663726806641,0.007757663726806641,-1.0415924787521362,-1.0,-0.04159247875213623,0.04159247875213623,0.3616380863480762,0.6711172340184686,0.6726091392517725,0.6800433397293091,3079aeb266b09e3a5bf09efc954cd77e83abaf26c99bcbf8885e758f4dfb09ec
2,additive,3,1000,800,200,10000,10000,0.5,387,41260907,41760907,1041760907,2041260907,3041260907,0.043069688229266566,0.9934224662268084,0.9993863502109632,0.001932633440094942,0.9868881964041543,0.00497612357187048,-0.010064762840107802,0.9987730769879901,-1.1102230246251565e-16,5.5511173613354e-07,2709,0.005,1,1,1.009084701538086,1.0,0.009084701538085938,0.009084701538085938,-1.0421006679534912,-1.0,-0.04210066795349121,0.04210066795349121,0.37077375382688926,0.6816808058761129,0.6932146303277921,0.6904276013374329,259cde9e93f7c9b8d259401899d92379d2db8f4de7e5b1e6f59e8d2177538f0a
2,additive,3,1000,800,200,10000,10000,0.5,388,41260907,41760907,1041760907,2041260907,3041260907,0.042015977838492855,0.9483421224741277,0.9455310968422911,0.0015870737967778434,0.8993527812587334,-0.0034553999798625527,0.00767065628293167,0.894029055095786,-1.1102230246251565e-16,5.747311497827923e-07,2716,0.005,1,1,1.0128010511398315,1.0,0.012801051139831543,0.012801051139831543,-1.0400184392929077,-1.0,-0.040018439292907715,0.040018439292907715,0.36634705329462364,0.6720375200487883,0.6765120541503289,0.6810435056686401,79b4350a0584c93a769ab4860dea4760bc46936a58ab1964dcfee0764a903d45
2,additive,3,1000,800,200,10000,10000,0.5,389,41260907,41760907,1041760907,2041260907,3041260907,0.04303494745461239,0.9575078581596319,0.9584118935154494,0.0017526815939294274,0.9168212984374459,-1.0311199752964685e-05,2.2450450322166736e-05,0.9185533576318692,-1.1102230246251565e-16,5.795229469640617e-07,2723,0.005,1,1,1.0117918252944946,1.0,0.011791825294494629,0.011791825294494629,-1.041387915611267,-1.0,-0.04138791561126709,0.04138791561126709,0.35852816457415465,0.6781227939187633,0.681548653309639,0.6909078359603882,17b85570c78058c209b012edee22f8576581055fd49b05bebf1b9d2f08c69c6d
2,additive,3,1000,800,200,10000,10000,0.5,390,41260907,41760907,1041760907,2041260907,3041260907,0.04209124990356428,0.9534639941720401,0.9521058998352181,0.0017843081236775713,0.9090935881825001,-0.0021861259025734527,0.004800041611370093,0.9065056445010304,-3.3306690738754696e-16,6.191342070138717e-07,2730,0.005,1,1,1.0098533630371094,1.0,0.009853363037109375,0.009853363037109375,-1.040921688079834,-1.0,-0.040921688079833984,0.040921688079833984,0.3559547079943141,0.6753255711148833,0.6782281573293599,0.6839971542358398,7efcdad8e3d14ec6965b8811b399d63eb1bffdd54d66736c119bb350a86269eb
2,additive,3,1000,800,200,10000,10000,0.5,391,41260907,41760907,1041760907,2041260907,3041260907,0.042558821725915894,0.9545345280111375,0.9518494803793897,0.0017714480735694948,0.9111361651654449,-0.003445089970250192,0.007547510657791414,0.9060174332985141,0.0,6.451134701990213e-07,2737,0.005,1,1,1.0107803344726562,1.0,0.01078033447265625,0.01078033447265625,-1.0411708354949951,-1.0,-0.04117083549499512,0.04117083549499512,0.3560154513169742,0.671582014452273,0.677069422044243,0.6815401911735535,95e87aa2710a80cc0d52420f3198113f31f9fa4bed0b65d74e969d1693b2afef
2,additive,3,1000,800,200,10000,10000,0.5,392,41260907,41760907,1041760907,2041260907,3041260907,0.04240132663344743,0.9708538336101759,0.9690229900370413,0.0016738476524099702,0.942557166235575,-0.0026127293338284664,0.0055340892120673705,0.9390055552203279,-1.1102230246251565e-16,5.843320387555195e-07,2744,0.005,1,1,1.0120413303375244,1.0,0.012041330337524414,0.012041330337524414,-1.0406556129455566,-1.0,-0.04065561294555664,0.04065561294555664,0.3567796372054803,0.6791573445653093,0.6830100257003668,0.6880960464477539,dc0f4ddccd20bce0d2127489358c120fb24d8d80b3f98e254f8c44081559bfca
2,additive,3,1000,800,200,10000,10000,0.5,393,41260907,41760907,1041760907,2041260907,3041260907,0.0419451045005987,0.9763207509251044,0.9750039718359975,0.0016833756464837255,0.9532022086869598,-0.002126419618736322,0.0044537683961805045,0.9506327450959706,-2.220446049250313e-16,6.175251776596724e-07,2751,0.005,1,1,1.0112080574035645,1.0,0.011208057403564453,0.011208057403564453,-1.0404199361801147,-1.0,-0.040419936180114746,0.040419936180114746,0.3527128072718088,0.6749454033022302,0.6849249965281626,0.6851028203964233,98375bdf4ceea636c7ef2ac107a0b6a01d21dd5ef986dd4bf3a5535e514d1515
2,additive,3,1000,800,200,10000,10000,0.5,394,41260907,41760907,1041760907,2041260907,3041260907,0.0418120472384831,0.9652148869775824,0.9620252926832944,0.001906492587301689,0.9316397780431471,-0.004026803434035224,0.008626896300096226,0.9254926637623783,-1.1102230246251565e-16,5.690951621062368e-07,2758,0.005,1,1,1.0074390172958374,1.0,0.007439017295837402,0.007439017295837402,-1.0411449670791626,-1.0,-0.0411449670791626,0.0411449670791626,0.35696750816905515,0.6755988781278799,0.680152367754717,0.6829558610916138,00f6e0bdc70cf1aaa2f00799196ea337b73b5884b758118f5a55c31e4ab3d799
2,additive,3,1000,800,200,10000,10000,0.5,395,41260907,41760907,1041760907,2041260907,3041260907,0.04221554254997241,0.9850886655372973,0.9816289352014234,0.0020266257355342587,0.9703996789700532,-0.004415469140453536,0.009081344507212537,0.9635953664246802,-1.1102230246251565e-16,5.805654552659689e-07,2765,0.005,1,1,1.0061440467834473,1.0,0.006144046783447266,0.006144046783447266,-1.0417660474777222,-1.0,-0.04176604747772217,0.04176604747772217,0.3596499941205791,0.687844886472027,0.685436064994477,0.696014940738678,4271f64f9929c3dc75132a4efb14dad022e77e07b3f11259e88e4f65c6a0d293
2,additive,3,1000,800,200,10000,10000,0.5,396,41260907,41760907,1041760907,2041260907,3041260907,0.04329763263641823,0.9881039928532664,0.9846074736426509,0.001911605460907294,0.9763495006925681,-0.004404614500255965,0.00900498746714958,0.9694518771529634,0.0,5.659526873813547e-07,2772,0.005,1,1,1.0097743272781372,1.0,0.009774327278137207,0.009774327278137207,-1.0421799421310425,-1.0,-0.04217994213104248,0.04217994213104248,0.3617386392187681,0.680753828841998,0.6870852218624839,0.6892396211624146,f22f02a8498547b23716ab2a2dd06c942333114f864e70adfe35930d4f1e1300
2,additive,3,1000,800,200,10000,10000,0.5,397,41260907,41760907,1041760907,2041260907,3041260907,0.04459272133857927,0.9769822923285009,0.973288575512598,0.0019090127872206004,0.9544943995234524,-0.004556380543665427,0.00952815618392076,0.9472906512233421,0.0,6.304632353959505e-07,2779,0.005,1,1,1.0118215084075928,1.0,0.011821508407592773,0.011821508407592773,-1.0429972410202026,-1.0,-0.04299724102020264,0.04299724102020264,0.35559480048222214,0.6739940193523498,0.6832679175512772,0.6808807849884033,01f6c6a4ede9c7fb4a4f800a9a4f0a9c9efe97b34bb47a169933c4582aedce71
2,additive,3,1000,800,200,10000,10000,0.5,398,41260907,41760907,1041760907,2041260907,3041260907,0.042990919116063925,1.0084496980013804,1.0026122546259686,0.0017867541842348962,1.0169707933990755,-0.006763107228571093,0.013277167358640903,1.0052313331261682,0.0,6.250541506602758e-07,2786,0.005,1,1,1.0112078189849854,1.0,0.011207818984985352,0.011207818984985352,-1.0415042638778687,-1.0,-0.04150426387786865,0.04150426387786865,0.36671727342945437,0.6879786810774661,0.6908671100611303,0.6944848299026489,a07bcacd02451cf88b0c7f9847997190a8de4faab593747c4a52a58257b14c34
2,additive,3,1000,800,200,10000,10000,0.5,399,41260907,41760907,1041760907,2041260907,3041260907,0.043858789321166394,0.9630124849383932,0.9587688796797064,0.001886770909942768,0.927393046147219,-0.005021026207441224,0.010806274095873045,0.9192377646422792,0.0,5.94835915634917e-07,2793,0.005,1,1,1.0110279321670532,1.0,0.011027932167053223,0.011027932167053223,-1.042449712753296,-1.0,-0.0424497127532959,0.0424497127532959,0.3561364870556936,0.6736791247469128,0.6799209794722297,0.681774377822876,d096e1c4fbe6c91393b692dd12faff4f98455801407c0850f5d85b1527ddf87b
2,additive,3,1000,800,200,10000,10000,0.5,400,41260907,41760907,1041760907,2041260907,3041260907,0.04504446407590485,0.9410578228093117,0.9433073649766095,0.002225056970398819,0.8855898258706019,0.0010069509890569136,-0.0022683805115649297,0.8898287848191143,-1.1102230246251565e-16,5.910361711158885e-07,2800,0.005,1,1,1.0078251361846924,1.0,0.007825136184692383,0.007825136184692383,-1.044359564781189,-1.0,-0.044359564781188965,0.044359564781188965,0.35212295229309265,0.6759139680798515,0.6771177150424109,0.686755359172821,8469be11942b725312d5cf6caa507227b05920993dd69c74fc78627e0ca8315d
2,additive,3,1000,800,200,10000,10000,0.5,401,41260907,41760907,1041760907,2041260907,3041260907,0.045596943120676615,0.9723015679513862,0.9834603831702163,0.002439287939418572,0.9453703390407241,0.009692349142582992,-0.020452101068996746,0.9671943252653087,0.0,5.828471678626101e-07,2807,0.005,1,1,1.0054686069488525,1.0,0.005468606948852539,0.005468606948852539,-1.0452678203582764,-1.0,-0.04526782035827637,0.04526782035827637,0.3818317162425332,0.6846678692205412,0.6901227577562072,0.6942992210388184,5b75375c9103962cc7c4e6592c93dafcedb288d33c8b89a9c41301495ff2afd2
2,additive,3,1000,800,200,10000,10000,0.5,402,41260907,41760907,1041760907,2041260907,3041260907,0.044509445997346346,0.9685744409440339,0.975852439830914,0.0020267380623275235,0.9381364476500479,0.006062399305786106,-0.012896483074249577,0.9522879843239476,-1.1102230246251565e-16,5.765809305557923e-07,2814,0.005,1,1,1.0099486112594604,1.0,0.00994861125946045,0.00994861125946045,-1.0433833599090576,-1.0,-0.04338335990905762,0.04338335990905762,0.3714354611290542,0.6889940120222866,0.6865348875647438,0.7022601366043091,9fa04930cf707b1630d467b83610f1bc53c8e563a6c61016ac1691eaadb9c598
2,additive,3,1000,800,200,10000,10000,0.5,403,41260907,41760907,1041760907,2041260907,3041260907,0.04314621008544045,0.9726808132734064,0.9737730407140015,0.0018380575231837014,0.9461079645102153,0.00014395639399683734,-0.00030372276617194417,0.9482339348213925,-1.1102230246251565e-16,5.820340209794495e-07,2821,0.005,1,1,1.0106642246246338,1.0,0.010664224624633789,0.010664224624633789,-1.0418075323104858,-1.0,-0.04180753231048584,0.04180753231048584,0.3519531905351085,0.6870846677787352,0.6862163949201543,0.6997010111808777,ccc99a166b327ed13c50f456044d636c4bc5687f676e815733793f94666b2ce1
2,additive,3,1000,800,200,10000,10000,0.5,404,41260907,41760907,1041760907,2041260907,3041260907,0.04300159929843231,0.9715584848203286,0.966958697953376,0.0017001107961663732,0.9439258894263727,-0.005308438337425422,0.011227352750825717,0.9350091235476883,1.1102230246251565e-16,5.888369738471511e-07,2828,0.005,1,1,1.0125352144241333,1.0,0.0125352144241333,0.0125352144241333,-1.041133999824524,-1.0,-0.041133999824523926,0.041133999824523926,0.36243648280980506,0.6736992327662602,0.682533024518998,0.6834661364555359,703b80cd82f246f6cc243965b2dac51e4a39bdadd74b59099cc38a656c31c2d1
2,additive,3,1000,800,200,10000,10000,0.5,405,41260907,41760907,1041760907,2041260907,3041260907,0.04469174762486209,0.9468493888186936,0.9475348281498023,0.002013755043772013,0.8965237651063337,-0.0003576347966152558,0.0007960375356512902,0.8978222505568753,1.1102230246251565e-16,6.207213125719591e-07,2835,0.005,1,1,1.010430097579956,1.0,0.010430097579956055,0.010430097579956055,-1.0434576272964478,-1.0,-0.043457627296447754,0.043457627296447754,0.3503329533612429,0.6708881549850227,0.6778683314149909,0.6823660135269165,d9d23b27b6bec223f872041c3439a3678d478ef5f2c794105075f964c0b86d11
2,additive,3,1000,800,200,10000,10000,0.5,406,41260907,41760907,1041760907,2041260907,3041260907,0.046158226071948215,0.9938045773594899,0.9954060643399392,0.0023519438112378104,0.9876475379806743,0.00041687556640730445,-0.0008421733022582076,0.990833232924727,3.3306690738754696e-16,5.997686596259655e-07,2842,0.005,1,1,1.0077873468399048,1.0,0.007787346839904785,0.007787346839904785,-1.0454965829849243,-1.0,-0.045496582984924316,0.045496582984924316,0.3522838802989068,0.6911034480205719,0.6908249680771332,0.7008951902389526,94fbdf2ccb84c8175e5c78436a68cc195af700cd01ea9865cf2b2cac1c974b2c
2,additive,3,1000,800,200,10000,10000,0.5,407,41260907,41760907,1041760907,2041260907,3041260907,0.04565855547708784,0.9774264281216117,0.9759612871431399,0.0023408198849561856,0.9553624223905722,-0.00260140413671705,0.005432589181876516,0.9525004340020944,1.1102230246251565e-16,6.209186551586754e-07,2849,0.005,1,1,1.0071027278900146,1.0,0.0071027278900146484,0.0071027278900146484,-1.0451027154922485,-1.0,-0.045102715492248535,0.045102715492248535,0.34839207962953966,0.673602739638205,0.6845838507306262,0.6836556792259216,d8afa81e67268235a92728fd3794a3c491f7cf20c0bd0e47208974c42f9ced86
2,additive,3,1000,800,200,10000,10000,0.5,408,41260907,41760907,1041760907,2041260907,3041260907,0.04616180014984381,0.9810734922706859,0.9776755657103388,0.0026320732140276987,0.9625051972361994,-0.004643879331598199,0.009623251476822305,0.9558495117870308,1.1102230246251565e-16,5.925473729462283e-07,2856,0.005,1,1,1.0034408569335938,1.0,0.00344085693359375,0.00344085693359375,-1.0460333824157715,-1.0,-0.046033382415771484,0.046033382415771484,0.353694385707325,0.6842024669219046,0.6832973842714994,0.6941007971763611,7c28060b43640a850ef8b56016f644bb0ad9b45b8ae6cb925a5970e836bd857a
2,additive,3,1000,800,200,10000,10000,0.5,409,41260907,41760907,1041760907,2041260907,3041260907,0.04554127446934606,0.9798681845666942,0.9875299475062995,0.002649432019502616,0.9601416591260291,0.006212153038131421,-0.012904467220900814,0.9752153972217947,1.1102230246251565e-16,5.847728541397146e-07,2863,0.005,1,1,1.001926302909851,1.0,0.0019263029098510742,0.0019263029098510742,-1.0455005168914795,-1.0,-0.04550051689147949,0.04550051689147949,0.36588476798536673,0.6851794922968172,0.6905109915327353,0.6956652402877808,e6a0b43a212f694ce7613186e7cfa0be393a6b6dea70ef65df1727000ba92174
2,additive,3,1000,800,200,10000,10000,0.5,410,41260907,41760907,1041760907,2041260907,3041260907,0.04314713562381634,0.9558292129940609,0.958685535563719,0.0022185315495433216,0.9136094844128458,0.0016249700683528745,-0.003548635857454721,0.9190779560990948,-1.1102230246251565e-16,5.91846477604463e-07,2870,0.005,1,1,1.0046006441116333,1.0,0.004600644111633301,0.004600644111633301,-1.0429011583328247,-1.0,-0.04290115833282471,0.04290115833282471,0.34992091961280336,0.673419916449393,0.679691172650029,0.6837193965911865,92c0345eeecdbef8109ba0382224a2a9432e958238e2da78007347200640c7e3
2,additive,3,1000,800,200,10000,10000,0.5,411,41260907,41760907,1041760907,2041260907,3041260907,0.04280206841007922,0.9795833281910662,0.9833086756291136,0.0021873534173986473,0.9595834968698862,0.002562550640098243,-0.005328817439898077,0.9668959515674813,0.0,5.709479129478723e-07,2877,0.005,1,1,1.0044931173324585,1.0,0.004493117332458496,0.004493117332458496,-1.0425655841827393,-1.0,-0.04256558418273926,0.04256558418273926,0.3521085537786736,0.6723044745572707,0.6875803208935878,0.6801605224609375,4dac9a01efcd0d29f8aca532922d47f6ee3da9c1775f8a782d5403cd379f53e8
2,additive,3,1000,800,200,10000,10000,0.5,412,41260907,41760907,1041760907,2041260907,3041260907,0.041232608640849815,0.9787940153226861,0.9812956291159448,0.0020353704588163012,0.9580377244315067,0.0014340084158674564,-0.002987290079264798,0.962941111722058,1.1102230246251565e-16,6.017565681304404e-07,2884,0.005,1,1,1.0042314529418945,1.0,0.004231452941894531,0.004231452941894531,-1.0410149097442627,-1.0,-0.041014909744262695,0.041014909744262695,0.34898295420856557,0.6772253572306971,0.68662154094255,0.6865197420120239,c52bf241ecd10ea25a78bc3f75be21d58c96f91366fb1546c5d7c9b6e5361148
2,additive,3,1000,800,200,10000,10000,0.5,413,41260907,41760907,1041760907,2041260907,3041260907,0.03779755231648081,0.9769737194708739,0.9737834535869145,0.0015595648168394384,0.9544776485367538,-0.0038914994369674146,0.008140895317906694,0.9482542144796585,2.220446049250313e-16,5.80220092416539e-07,2891,0.005,1,1,1.0066958665847778,1.0,0.006695866584777832,0.006695866584777832,-1.0371997356414795,-1.0,-0.03719973564147949,0.03719973564147949,0.3616531050801545,0.6753569240922324,0.6813623421982639,0.6837241649627686,5fb5ceca4c882c55e23fcd115fdb2dffc2a3c62b140c3b9a41a9729859df7394
2,additive,3,1000,800,200,10000,10000,0.5,414,41260907,41760907,1041760907,2041260907,3041260907,0.0368849845711133,0.9967793153732156,0.9970679815916542,0.0014821206327157875,0.9935690035558964,-0.00045328213667843674,0.0009110730607898234,0.9941445599152554,1.1102230246251565e-16,5.93199253273724e-07,2898,0.005,1,1,1.0065908432006836,1.0,0.006590843200683594,0.006590843200683594,-1.0362913608551025,-1.0,-0.03629136085510254,0.03629136085510254,0.35629825069727417,0.6742179857444852,0.6890272707309305,0.6842039823532104,73583de7a57590a0c68a4f9edcb05e1ec5296c9835d79b9d6c934c0a21f09455
2,additive,3,1000,800,200,10000,10000,0.5,415,41260907,41760907,1041760907,2041260907,3041260907,0.03740475532678816,0.958742360813941,0.9602608855940017,0.001563329913121189,0.9191869144190892,0.0006753620347830006,-0.0014669820376161146,0.9221009684017765,1.1102230246251565e-16,5.803685194649688e-07,2905,0.005,1,1,1.005961537361145,1.0,0.0059615373611450195,0.0059615373611450195,-1.0369266271591187,-1.0,-0.03692662715911865,0.03692662715911865,0.34781488864310495,0.6773162296874565,0.6820541172699633,0.6893119812011719,f50b4274e6c20dbe86f32aebc32cb2fd7ab5f7a88b4bf9882c2c8db182a062ab
2,additive,3,1000,800,200,10000,10000,0.5,416,41260907,41760907,1041760907,2041260907,3041260907,0.0394136942023254,0.9572079482484855,0.9571693417386105,0.0017564216193157868,0.9162470561900754,-0.000915164522533248,0.0019938149356843013,0.9161731487643249,2.220446049250313e-16,5.755994081368954e-07,2912,0.005,1,1,1.0059162378311157,1.0,0.005916237831115723,0.005916237831115723,-1.0389671325683594,-1.0,-0.038967132568359375,0.038967132568359375,0.35115515432943484,0.6705163791757538,0.679612554244736,0.679527997970581,222ff5da09ba11c455602e8fa3e166d7116732765f3707bae74b0a52fae52b76
2,additive,3,1000,800,200,10000,10000,0.5,417,41260907,41760907,1041760907,2041260907,3041260907,0.04490695639222876,0.9587008070933398,0.963481242457508,0.002573452263313838,0.9191072375214211,0.003307707391364174,-0.007177556019182115,0.9282961045674633,0.0,6.45432168155935e-07,2919,0.005,1,1,1.001945972442627,1.0,0.0019459724426269531,0.0019459724426269531,-1.0448647737503052,-1.0,-0.044864773750305176,0.044864773750305176,0.34942622553961394,0.6715948318650615,0.6843599785952152,0.6829774975776672,bdc95f89a1d909378e994a215630bb4e307837e17735ef72467940852c6e182f
2,additive,3,1000,800,200,10000,10000,0.5,418,41260907,41760907,1041760907,2041260907,3041260907,0.04402840129009092,0.9656096295568174,0.9674376185757925,0.002364051925859196,0.9324019566928541,0.0005847686084436169,-0.0012511550549590884,0.9359355458356006,0.0,6.452095071551867e-07,2926,0.005,1,1,1.0037956237792969,1.0,0.003795623779296875,0.003795623779296875,-1.0438644886016846,-1.0,-0.04386448860168457,0.04386448860168457,0.3476340482058171,0.6699725939234503,0.6824641753403006,0.6817694902420044,6328b9225fa26bcbdd630f454d89ad3bafc1b5bb20312c5fdf9bef80c9364f7c
2,additive,3,1000,800,200,10000,10000,0.5,419,41260907,41760907,1041760907,2041260907,3041260907,0.04589912663204337,0.9590816263050101,0.9618323063810226,0.002547524392830354,0.9198375659158632,0.0013681476447718372,-0.0029665432781745436,0.9251213855982372,0.0,6.041720386207317e-07,2933,0.005,1,1,1.0043056011199951,1.0,0.004305601119995117,0.004305601119995117,-1.04569673538208,-1.0,-0.04569673538208008,0.04569673538208008,0.34369151172443013,0.6731315017252786,0.6821462811321686,0.6841318011283875,7300c5bdb355508b37a100cb5ba8d8323ee36cf7c8cd45b4e51056f1ed98c25f
2,additive,3,1000,800,200,10000,10000,0.5,420,41260907,41760907,1041760907,2041260907,3041260907,0.04771572389230853,0.9782613353449732,0.9876171909094654,0.002737263326996747,0.95699524023093,0.007827606110988348,-0.016312057957753427,0.9753877157799036,1.1102230246251565e-16,6.227571613948157e-07,2940,0.005,1,1,1.0047204494476318,1.0,0.004720449447631836,0.004720449447631836,-1.047481656074524,-1.0,-0.047481656074523926,0.047481656074523926,0.3677490125815639,0.6791586833381063,0.6891580666355845,0.6920434236526489,dcff997cae5a4457e54974c05681f2c0348956adfa61e04eafee891182aa9eaf
2,additive,3,1000,800,200,10000,10000,0.5,421,41260907,41760907,1041760907,2041260907,3041260907,0.04783176176635356,1.0038461251473532,1.0144502260023422,0.00291281415857244,1.0077070429733552,0.009244701952137715,-0.018295112424118735,1.0291092610362034,4.440892098500626e-16,5.719888473976198e-07,2947,0.005,1,1,1.0021824836730957,1.0,0.002182483673095703,0.002182483673095703,-1.0477819442749023,-1.0,-0.047781944274902344,0.047781944274902344,0.36796849738298837,0.6840168717921784,0.6979292153622462,0.6939510107040405,1410640ff2999be288868bb928a9f16143d11afefa61a7ef22e835abb4e5e667
2,additive,3,1000,800,200,10000,10000,0.5,422,41260907,41760907,1041760907,2041260907,3041260907,0.04488325044581613,0.9794369238839538,0.9774619969392822,0.00239368729549463,0.9592966878672617,-0.0031292098511136886,0.006507728333215566,0.9554319554605292,2.220446049250313e-16,6.031691519581273e-07,2954,0.005,1,1,1.0048984289169312,1.0,0.004898428916931152,0.004898428916931152,-1.0446151494979858,-1.0,-0.04461514949798584,0.04461514949798584,0.37122118123691344,0.6873831198912594,0.6838316650700604,0.6970746517181396,7b9ab4bb50d2d1fa3e358764f3ed00abd8d3bca0ceac43e97a6314e692894b74
2,additive,3,1000,800,200,10000,10000,0.5,423,41260907,41760907,1041760907,2041260907,3041260907,0.04461557787221271,1.0562743578598088,1.060914413912764,0.0024638465806093605,1.1157155190721517,0.00368001399755109,-0.006582153294168156,1.1255393936478633,0.0,5.739255914960495e-07,2961,0.005,1,1,1.0032390356063843,1.0,0.0032390356063842773,0.0032390356063842773,-1.0444978475570679,-1.0,-0.04449784755706787,0.04449784755706787,0.38659165919831795,0.6932746534536733,0.7107643684284932,0.7018168568611145,e9fb746c0ca51582633bdd15db454e319f52ebe47d669587ed4f0a7c3d653fc5
2,additive,3,1000,800,200,10000,10000,0.5,424,41260907,41760907,1041760907,2041260907,3041260907,0.04201464086295042,0.970041438413168,0.9678058398008687,0.0019514677845632157,0.940980392238688,-0.003141858235293324,0.0066640196784014715,0.9366481435526646,0.0,6.167356723096873e-07,2968,0.005,1,1,1.0070416927337646,1.0,0.0070416927337646484,0.0070416927337646484,-1.041420340538025,-1.0,-0.0414203405380249,0.0414203405380249,0.35862180107306135,0.6791745697053913,0.6809821000972534,0.6878364086151123,427c91a22686ba6337be05a14b8c1c8ef984040b748a9e19a3816f4e41c6f69d
2,additive,3,1000,800,200,10000,10000,0.5,425,41260907,41760907,1041760907,2041260907,3041260907,0.04213485114280683,0.991413967802702,0.9887445219048477,0.001913313218392405,0.982901655554297,-0.0035996195879217587,0.007310245481763401,0.977615729596846,1.1102230246251565e-16,5.852852229537575e-07,2975,0.005,1,1,1.007865309715271,1.0,0.007865309715270996,0.007865309715270996,-1.0413942337036133,-1.0,-0.04139423370361328,0.04139423370361328,0.34085092404568806,0.6741916842465944,0.687447893120904,0.682092547416687,edcfb17256a39060ab9a520bf42b1945a0dd085c342b2f64c44df9b1c599ea01
2,additive,3,1000,800,200,10000,10000,0.5,426,41260907,41760907,1041760907,2041260907,3041260907,0.045151477930209655,0.9831912019484442,0.9875949928514679,0.002274082816361579,0.9666649395888264,0.0032024237500515823,-0.006610165709091243,0.9753438699052909,-2.220446049250313e-16,5.909464562137146e-07,2982,0.005,1,1,1.0072554349899292,1.0,0.007255434989929199,0.007255434989929199,-1.0445647239685059,-1.0,-0.04456472396850586,0.04456472396850586,0.3439574720476499,0.6795240773473563,0.6886126222461377,0.688805878162384,44ec8d00c254d892cb2df46afddb246a51f12952e1ed7a97a8f96f5605fa4064
2,additive,3,1000,800,200,10000,10000,0.5,427,41260907,41760907,1041760907,2041260907,3041260907,0.04459457896001384,0.9998612783478532,0.9932915683259746,0.0019326662445006285,0.9997225759394032,-0.0075135512382146,0.015002270086128323,0.9866281397074744,-1.1102230246251565e-16,5.916494973945419e-07,2989,0.005,1,1,1.0114771127700806,1.0,0.011477112770080566,0.011477112770080566,-1.0430923700332642,-1.0,-0.04309237003326416,0.04309237003326416,0.3553454993970975,0.682919806576848,0.6863166457854277,0.6907175779342651,d068c5d5ad344e8ca6ee0563c5e46f48e13d12c53043a0c0d9759b66ed22f21f
2,additive,3,1000,800,200,10000,10000,0.5,428,41260907,41760907,1041760907,2041260907,3041260907,0.0459395845037624,1.0160202362719293,1.0168751454672154,0.0021764876570608406,1.032297120514067,-0.00021927335107854406,0.0004239322286166449,1.0340350614689706,-2.220446049250313e-16,5.954639377137028e-07,2996,0.005,1,1,1.0100151300430298,1.0,0.010015130043029785,0.010015130043029785,-1.0448346138000488,-1.0,-0.04483461380004883,0.04483461380004883,0.3486221099160546,0.6835674526075689,0.6958613586327245,0.6935318112373352,2d4a877830ba42a0d681e270f9bfd56f193878dd72971aca7e8974942ab389b8
2,additive,3,1000,800,200,10000,10000,0.5,429,41260907,41760907,1041760907,2041260907,3041260907,0.048400213572258016,0.9717344200576438,0.9763226231439337,0.0025497627088140063,0.9442677831247652,0.003194159314536164,-0.006747148547451182,0.9532058644626517,1.1102230246251565e-16,5.807961436232745e-07,3003,0.005,1,1,1.008679986000061,1.0,0.008679986000061035,0.008679986000061035,-1.0476155281066895,-1.0,-0.04761552810668945,0.04761552810668945,0.34863795477686393,0.665072683327368,0.6868631142569908,0.672433614730835,fb361ebb935a4ba32ed73ba218c49f77f328ff3d552744ccbb726fd97361b604
2,additive,3,1000,800,200,10000,10000,0.5,430,41260907,41760907,1041760907,2041260907,3041260907,0.04861104718501256,0.9860227643244647,0.9803012543030061,0.0023820544017313936,0.9722408917660589,-0.0068161984898715755,0.013987354836396605,0.960990549188047,-1.1102230246251565e-16,5.568358858454303e-07,3010,0.005,1,1,1.0113500356674194,1.0,0.011350035667419434,0.011350035667419434,-1.0472674369812012,-1.0,-0.04726743698120117,0.04726743698120117,0.3530050233889474,0.6768318788128659,0.6844940299657432,0.6835343837738037,bcaf2a89c95692a39ff0d99444b79e0e8b3f67cb3687f7155342d70de1bba19a
2,additive,3,1000,800,200,10000,10000,0.5,431,41260907,41760907,1041760907,2041260907,3041260907,0.051245984248298,0.9816873869404814,0.9828662742940426,0.002883076352538071,0.9637101256780305,-0.0002835444429581769,0.0005866882621614172,0.9660261131446521,0.0,5.968165410763504e-07,3017,0.005,1,1,1.0088598728179932,1.0,0.008859872817993164,0.008859872817993164,-1.0504742860794067,-1.0,-0.05047428607940674,0.05047428607940674,0.33991492292526876,0.6797805226400604,0.686444282856652,0.6881129145622253,8d474354098b08f33b2bfb47dd18ede88f039b406708bec461dbca055ffc374a
2,additive,3,1000,800,200,10000,10000,0.5,432,41260907,41760907,1041760907,2041260907,3041260907,0.050911029630858355,0.9926470387898447,0.98874117474685,0.0031666878472679178,0.9853481436182474,-0.005452860412867244,0.011032430145298167,0.977609110639781,1.1102230246251565e-16,6.109192653980244e-07,3024,0.005,1,1,1.004305124282837,1.0,0.004305124282836914,0.004305124282836914,-1.050728678703308,-1.0,-0.050728678703308105,0.050728678703308105,0.3433634364387884,0.6738895123271174,0.6878101861491442,0.6830483078956604,acd08242178e4f78bcb743e92c06340ca0f3019374f1dfac2170de10846c1921
2,additive,3,1000,800,200,10000,10000,0.5,433,41260907,41760907,1041760907,2041260907,3041260907,0.050312692057356244,1.0189712196445528,1.0192799545357878,0.0034291709256710164,1.0383023464639076,-0.001399945835550578,0.0026877286751554375,1.0389316257184775,0.0,6.525443563276667e-07,3031,0.005,1,1,0.99898761510849,1.0,-0.0010123848915100098,0.0010123848915100098,-1.050302505493164,-1.0,-0.05030250549316406,0.05030250549316406,0.3416923976076396,0.6847327828370878,0.6975479033405189,0.6927093863487244,34eb7987773c0dbe4cc25fade8c9fc3e5cfc157b307f54b635bd6c846a5dbdbd
2,additive,3,1000,800,200,10000,10000,0.5,434,41260907,41760907,1041760907,2041260907,3041260907,0.04688546484354465,0.9912403483981278,0.9857125498693163,0.0031346296384061035,0.9825574282924419,-0.0070314134804893005,0.014266957766200437,0.9716292309698694,1.1102230246251565e-16,6.240581083005736e-07,3038,0.005,1,1,0.9960917830467224,1.0,-0.003908216953277588,0.003908216953277588,-1.0467222929000854,-1.0,-0.04672229290008545,0.04672229290008545,0.35214737586040523,0.6858370609448646,0.6851030062078951,0.694999098777771,c46edb37d111b538db75efd313a53b5e49976150b38e04cbfc6405b6245d6181
2,additive,3,1000,800,200,10000,10000,0.5,435,41260907,41760907,1041760907,2041260907,3041260907,0.04767947006415601,1.0192637295167821,1.0230183127602928,0.003425900190935497,1.0388985503084598,0.0021210088717605992,-0.004069767087866715,1.0465664682429163,-2.220446049250313e-16,5.934689060183018e-07,3045,0.005,1,1,0.9920893311500549,1.0,-0.007910668849945068,0.007910668849945068,-1.0470186471939087,-1.0,-0.04701864719390869,0.04701864719390869,0.35139116696437406,0.68496900000121,0.6986183456597536,0.6907607316970825,2836557ce9b896b0b0e6aea0f7793af1ac6acdc1a2c9012b30fd74389a8aec7a
2,additive,3,1000,800,200,10000,10000,0.5,436,41260907,41760907,1041760907,2041260907,3041260907,0.04603031939726985,1.0311864307179395,1.02671470952409,0.0030951476044936105,1.063345454896804,-0.0061487538740804875,0.01153135741392218,1.0541430947531367,2.220446049250313e-16,6.75894368029617e-07,3052,0.005,1,1,0.9946110844612122,1.0,-0.005388915538787842,0.005388915538787842,-1.0457137823104858,-1.0,-0.04571378231048584,0.04571378231048584,0.34463460368682036,0.6837731136334242,0.6970103675449795,0.690952479839325,b2c0db2fa6db0d6600a5d2ac4731cc786a74075c66212ff52a5fd88a1b339ba1
2,additive,3,1000,800,200,10000,10000,0.5,437,41260907,41760907,1041760907,2041260907,3041260907,0.04492413881746821,1.020657223802753,1.0140731939917518,0.0029049136028862195,1.0417411685007427,-0.008150819665497903,0.015604939902870074,1.0283444427726331,0.0,5.88170884441297e-07,3059,0.005,1,1,0.9956842660903931,1.0,-0.004315733909606934,0.004315733909606934,-1.0447163581848145,-1.0,-0.04471635818481445,0.04471635818481445,0.34424850112955624,0.6754637828974964,0.6921758189439401,0.683070182800293,dab0696f1c93fbdd1dff2c8815562e77950fe71d3f41aa6ac2a7efaa9da87f88
2,additive,3,1000,800,200,10000,10000,0.5,438,41260907,41760907,1041760907,2041260907,3041260907,0.043567391212952535,1.0365023048629318,1.0345434458879295,0.0026861391636358385,1.0743370279861701,-0.00337151286006725,0.006260799141376868,1.0702801414296712,-4.440892098500626e-16,6.239430643262267e-07,3066,0.005,1,1,0.9968054890632629,1.0,-0.0031945109367370605,0.0031945109367370605,-1.043450117111206,-1.0,-0.043450117111206055,0.043450117111206055,0.3486007236133915,0.6885026420061245,0.6980538543493382,0.6965758800506592,0e98e3588c446e9066dbe78e3cf5662ee0177c633ab2e9e71d9a2c2e533cd162
2,additive,3,1000,800,200,10000,10000,0.5,439,41260907,41760907,1041760907,2041260907,3041260907,0.04323841712817891,0.9849202119752667,0.9874291266016781,0.0025657340172051896,0.9700678239574043,0.0011913610433716799,-0.002449763394659225,0.9750162800613529,0.0,7.00425076161082e-07,3073,0.005,1,1,0.9984768033027649,1.0,-0.0015231966972351074,0.0015231966972351074,-1.043211579322815,-1.0,-0.04321157932281494,0.04321157932281494,0.3386770132977013,0.6669533512589519,0.6891156481273941,0.6766734719276428,991f5ea6baeaf7f673595273de9f7fefcfe22b08311b58adadfa18e11e86e6ea
2,additive,3,1000,800,200,10000,10000,0.5,440,41260907,41760907,1041760907,2041260907,3041260907,0.04089319984684694,0.9861764989189238,0.9845808206684611,0.002084889586839017,0.9725440870199862,-0.002614792089322374,0.005365717933866041,0.9693993924281804,-1.1102230246251565e-16,5.790361097268715e-07,3080,0.005,1,1,1.0026918649673462,1.0,0.0026918649673461914,0.0026918649673461914,-1.0408045053482056,-1.0,-0.040804505348205566,0.040804505348205566,0.3405103148837199,0.6643281093770055,0.6849896072023132,0.6748969554901123,92e1885276e0660175f1a4e9f83fc7bbd242d554fd3d43e42ae3d490e304493a
2,additive,3,1000,800,200,10000,10000,0.5,441,41260907,41760907,1041760907,2041260907,3041260907,0.039809236474005825,0.9790206190916552,0.9807330981196992,0.0019335772156984842,0.9584813726066077,0.000711229962578735,-0.0014810889037292164,0.9618374097474636,-1.1102230246251565e-16,5.784582111090231e-07,3087,0.005,1,1,1.0034151077270508,1.0,0.0034151077270507812,0.0034151077270507812,-1.039662480354309,-1.0,-0.03966248035430908,0.03966248035430908,0.34804452231625754,0.678484588622186,0.6853142952874447,0.6870588064193726,ce7759e94ff738d0dc544a02f1700ecf88b6ff698eb45f866550619628b61a1a
2,additive,3,1000,800,200,10000,10000,0.5,442,41260907,41760907,1041760907,2041260907,3041260907,0.03997829856831315,1.0235987533863709,1.0295586497465485,0.002097100540406797,1.0477544079341323,0.005069752396698669,-0.009658037076243568,1.0599910132679364,-2.220446049250313e-16,5.865378032154922e-07,3094,0.005,1,1,1.000596046447754,1.0,0.0005960464477539062,0.0005960464477539062,-1.0399738550186157,-1.0,-0.03997385501861572,0.03997385501861572,0.35478606840019244,0.6772144529986184,0.6998569182771865,0.6888073682785034,8392ffc41badbf2dfb202ead48878616cea520ef762971801387471a7136fc7c
2,additive,3,1000,800,200,10000,10000,0.5,443,41260907,41760907,1041760907,2041260907,3041260907,0.039978384388836316,0.9882568488155814,0.99082328809375,0.001933976007239562,0.9766515992309028,0.0015726064953839052,-0.0032140398043394532,0.9817307882289104,1.1102230246251565e-16,5.760303469770633e-07,3101,0.005,1,1,1.0037263631820679,1.0,0.003726363182067871,0.003726363182067871,-1.0398043394088745,-1.0,-0.03980433940887451,0.03980433940887451,0.35643846664232187,0.6820829310340579,0.6891462312952358,0.6910461783409119,c7cd463b01b33c0f0750b0920a34ce7c7324a6e3447bdad3f439628ae7c019b3
2,additive,3,1000,800,200,10000,10000,0.5,444,41260907,41760907,1041760907,2041260907,3041260907,0.03864805252328709,0.9889432454005986,0.9905338525743407,0.0017342806995290316,0.9780087426234686,0.0007071448863840568,-0.0014435313537332088,0.9811573130957657,-1.1102230246251565e-16,5.90081587148461e-07,3108,0.005,1,1,1.0049713850021362,1.0,0.0049713850021362305,0.0049713850021362305,-1.0383269786834717,-1.0,-0.03832697868347168,0.03832697868347168,0.3386021179562476,0.676235588733174,0.6880800035577298,0.6870546936988831,11654b4713a9c1fae726705e21cdcc0d1be54671607b3fb2f15853bd4510f300
2,additive,3,1000,800,200,10000,10000,0.5,445,41260907,41760907,1041760907,2041260907,3041260907,0.03591503801890053,1.03632392766058,1.0348345365975007,0.001378296738892819,1.0739672830418512,-0.0022315308228900237,0.004150351040351174,1.0708825181349642,2.220446049250313e-16,6.251080826302768e-07,3115,0.005,1,1,1.0069284439086914,1.0,0.006928443908691406,0.006928443908691406,-1.0352404117584229,-1.0,-0.03524041175842285,0.03524041175842285,0.35027730507637855,0.6842396156596056,0.6994879720574715,0.6932079792022705,d7def19c86b30bd795e129ba531c532a6f18b5050c371a18d7f64cb6b62802bf
2,additive,3,1000,800,200,10000,10000,0.5,446,41260907,41760907,1041760907,2041260907,3041260907,0.033317971077506586,1.0198959330459698,1.0168109628454525,0.0010199616262132679,1.0401877142437093,-0.0036515708536133873,0.007014106672931551,1.033904534162696,2.220446049250313e-16,5.826584779100585e-07,3122,0.005,1,1,1.0097252130508423,1.0,0.009725213050842285,0.009725213050842285,-1.0318670272827148,-1.0,-0.031867027282714844,0.031867027282714844,0.3413990990869435,0.6816822960173679,0.6935563792989822,0.6883276104927063,9df82e3d5a437bdf552687430f363d9d396626d608ec95d72a745b518622ff8d
2,additive,3,1000,800,200,10000,10000,0.5,447,41260907,41760907,1041760907,2041260907,3041260907,0.035241029056823546,1.0108982352091984,1.011601050434406,0.0011720035609719675,1.021915241949072,0.00012471986497483904,-0.0002438108099229835,1.0233366852399937,0.0,5.825773445877758e-07,3129,0.005,1,1,1.009717583656311,1.0,0.009717583656311035,0.009717583656311035,-1.033874750137329,-1.0,-0.0338747501373291,0.0338747501373291,0.33115623375834574,0.6821592393760797,0.6941804726290226,0.6911941766738892,703d1260ccd43ff9b83f0230049cca535c52380a679d0eac49df13a35eeb069e
2,additive,3,1000,800,200,10000,10000,0.5,448,41260907,41760907,1041760907,2041260907,3041260907,0.03564422664402209,1.0086377996086193,1.0083020838593768,0.0011333713011039987,1.0173502107993175,-0.0009052448926298864,0.0017776327641197659,1.016673092315162,2.220446049250313e-16,5.967022786990128e-07,3136,0.005,1,1,1.0110194683074951,1.0,0.011019468307495117,0.011019468307495117,-1.033898115158081,-1.0,-0.033898115158081055,0.033898115158081055,0.3360033491824903,0.6849353396030287,0.693567091917318,0.694261372089386,f6e4c1b1731eb1eafac411d726d41eb5ee9d9e891c0e3d3dfb50807dec5187b5
2,additive,3,1000,800,200,10000,10000,0.5,449,41260907,41760907,1041760907,2041260907,3041260907,0.0350835488994197,0.9942481717165288,0.9932747127685736,0.0011552676873264577,0.9885294269616601,-0.0015450198117471737,0.0031222465500391496,0.9865946550254925,2.220446049250313e-16,6.379643160414616e-07,3143,0.005,1,1,1.0097906589508057,1.0,0.009790658950805664,0.009790658950805664,-1.0336897373199463,-1.0,-0.03368973731994629,0.03368973731994629,0.34242999563657817,0.6846286326487054,0.6883520178620803,0.6931948065757751,cdb6d3214e296169999f4d26129d4aaf4906a85f248ca26e43549185c04edb0f
2,additive,3,1000,800,200,10000,10000,0.5,450,41260907,41760907,1041760907,2041260907,3041260907,0.03584808522846961,1.0141746501036053,1.0139509567152494,0.0013831506875768972,1.0285502209127702,-0.0009184144882888859,0.0017834444705133125,1.0280965426237694,0.0,5.805958540605616e-07,3150,0.005,1,1,1.0067260265350342,1.0,0.00672602653503418,0.00672602653503418,-1.035211443901062,-1.0,-0.03521144390106201,0.03521144390106201,0.33420399102949744,0.6807815968708755,0.6937394392091357,0.6909977793693542,1d518d27b98181609b5ebf7fb9fd57f3ef3fde052f6049ebc6604e6390b5a7e9
2,additive,3,1000,800,200,10000,10000,0.5,451,41260907,41760907,1041760907,2041260907,3041260907,0.036384571579174546,0.9916141622336551,0.9941649647599463,0.0015377795602471531,0.9832986467423536,0.0017637754267723301,-0.0035818647232497727,0.9883639771561453,0.0,5.444632602547017e-07,3157,0.005,1,1,1.0046666860580444,1.0,0.004666686058044434,0.004666686058044434,-1.0360840559005737,-1.0,-0.03608405590057373,0.03608405590057373,0.33529453374650303,0.6866248236179853,0.6899746801686686,0.694431483745575,a7d817fe4474f2360e420d68cf2d0dbcc6fda8c78799acde4e84be380121f0ea
2,additive,3,1000,800,200,10000,10000,0.5,452,41260907,41760907,1041760907,2041260907,3041260907,0.033549324183345434,1.0255225718570267,1.0223152507803777,0.0011449037636076962,1.0516965453882505,-0.0038564885868557497,0.0073258677077397295,1.0451284719781466,-2.220446049250313e-16,6.039830182658079e-07,3164,0.005,1,1,1.007629632949829,1.0,0.0076296329498291016,0.0076296329498291016,-1.032670259475708,-1.0,-0.03267025947570801,0.03267025947570801,0.3457725671866924,0.6974334178120745,0.6933619857156937,0.704486608505249,afa19e7f4ecac2d80fc3e223d97e5ba4513804ff4b53d7f71b04520369e7e001
2,additive,3,1000,800,200,10000,10000,0.5,453,41260907,41760907,1041760907,2041260907,3041260907,0.035033682581828034,1.023360924644889,1.0234822900309084,0.0013733839907589466,1.0472675820900421,-0.0005624840369441654,0.0010727866927541419,1.0475159980069126,-2.220446049250313e-16,5.823331452603497e-07,3171,0.005,1,1,1.0055445432662964,1.0,0.005544543266296387,0.005544543266296387,-1.0345921516418457,-1.0,-0.0345921516418457,0.0345921516418457,0.33960386825207095,0.6856521688590286,0.6974201577825185,0.6919679641723633,568c2546e447b3bf7fdb329e9d7c5af5c6bdf7e6c32a76e109b7e6838f5e529f
2,additive,3,1000,800,200,10000,10000,0.5,454,41260907,41760907,1041760907,2041260907,3041260907,0.03621209954801129,1.0005131477971099,1.0031793244765437,0.001537934644018424,1.0010265589148812,0.0019021317491573278,-0.0037945324443022063,1.0063687570572144,0.0,5.897545953814642e-07,3178,0.005,1,1,1.0043543577194214,1.0,0.004354357719421387,0.004354357719421387,-1.0359493494033813,-1.0,-0.03594934940338135,0.03594934940338135,0.33594661299856954,0.6887895339343497,0.6913444891912918,0.6989993453025818,34a79f509eaafb2fa4a6400a78d42e95706eb267c7b8e41e45ca5592c65f3a75
2,additive,3,1000,800,200,10000,10000,0.5,455,41260907,41760907,1041760907,2041260907,3041260907,0.03651685550917751,0.9945258956152113,0.9925573649007384,0.0016704334661435873,0.9890817570492383,-0.002791033948342211,0.005634171642639187,0.9851701226186976,2.220446049250313e-16,6.066582400876541e-07,3185,0.005,1,1,1.002239465713501,1.0,0.0022394657135009766,0.0022394657135009766,-1.0364481210708618,-1.0,-0.036448121070861816,0.036448121070861816,0.33580967842308523,0.6779385658472329,0.6873094540319581,0.682815432548523,d739f0077980d90fbdc20f82c8346bb1e0de6e02db6fe8235e4a53d5c6803c22
2,additive,3,1000,800,200,10000,10000,0.5,456,41260907,41760907,1041760907,2041260907,3041260907,0.03892073998406063,1.0187214898023464,1.0221956050537366,0.002079082687574478,1.0377934737851124,0.002505649259243995,-0.004819146814958392,1.0448838549911748,-2.220446049250313e-16,5.87069031610099e-07,3192,0.005,1,1,0.9986249208450317,1.0,-0.0013750791549682617,0.0013750791549682617,-1.0388964414596558,-1.0,-0.03889644145965576,0.03889644145965576,0.33712729065691405,0.6807286335765389,0.6966280391198186,0.6888177394866943,f14a6360f47f7d42b02b8cb7d99529dd983a08617171b5593ddc1a3b970fa0ad
2,additive,3,1000,800,200,10000,10000,0.5,457,41260907,41760907,1041760907,2041260907,3041260907,0.038148970409325716,1.004602816769191,1.0019482566863787,0.0020478066959140934,1.0092268194605927,-0.003687158539816906,0.007292101362872075,1.0039003090768732,2.220446049250313e-16,6.1328870870625e-07,3199,0.005,1,1,0.9974839687347412,1.0,-0.002516031265258789,0.002516031265258789,-1.0380659103393555,-1.0,-0.03806591033935547,0.03806591033935547,0.3318145593238357,0.6847040383288444,0.6903182694399197,0.6915051341056824,aa30f55c8d6a9512e5f9ffa4cb634aa812b464076a71bfd1a1ad41ec6b47af7a
2,additive,3,1000,800,200,10000,10000,0.5,458,41260907,41760907,1041760907,2041260907,3041260907,0.03622393866812747,1.0290144219885757,1.0254490415355464,0.001961180522786268,1.0588706806604824,-0.0046430621985491015,0.008753625090728622,1.0515457367861707,2.220446049250313e-16,6.293227201581431e-07,3206,0.005,1,1,0.9944849610328674,1.0,-0.005515038967132568,0.005515038967132568,-1.035801649093628,-1.0,-0.03580164909362793,0.03580164909362793,0.33447176077093566,0.6926317819119232,0.6959779945681613,0.6996172070503235,e02565d9180081cd1eece8de53a4a6bd5a804096febf0a0c609e4a5f2fd2bb36
2,additive,3,1000,800,200,10000,10000,0.5,459,41260907,41760907,1041760907,2041260907,3041260907,0.03583744332728967,1.0401690659525509,1.0365800373881284,0.0020425529642369186,1.081951685764602,-0.004748032408632661,0.008760253955224905,1.0744981739115738,0.0,5.919643086826909e-07,3213,0.005,1,1,0.9901054501533508,1.0,-0.00989454984664917,0.00989454984664917,-1.0344444513320923,-1.0,-0.034444451332092285,0.034444451332092285,0.3409959909653846,0.6882155009969497,0.6995085558963826,0.6930451393127441,6d20bc6eb90a5f43ebd6590509a1858016341804a3e38a7a6294b9a7fd3226c2
2,additive,3,1000,800,200,10000,10000,0.5,460,41260907,41760907,1041760907,2041260907,3041260907,0.03599120979558713,1.0298211996506523,1.0271909653184406,0.0020694554098439856,1.0605317032499089,-0.0037399397139615785,0.007039216329631569,1.0551212792318299,2.220446049250313e-16,5.956042130605965e-07,3220,0.005,1,1,0.9896285533905029,1.0,-0.01037144660949707,0.01037144660949707,-1.0344644784927368,-1.0,-0.034464478492736816,0.034464478492736816,0.33118467274011126,0.6877281744383649,0.6964742802809328,0.6938694715499878,09d42d2d65876a17d5bcdd8bf17ea8c4eb1d5a3370f09e2228df0d62175c8c0d
2,additive,3,1000,800,200,10000,10000,0.5,461,41260907,41760907,1041760907,2041260907,3041260907,0.034937824817085766,1.0198375440116845,1.0205683375103483,0.0018583269243431537,1.0400686161757844,-0.0001836057857455015,0.00035243504731570665,1.0415597315286362,-2.220446049250313e-16,5.944212126962611e-07,3227,0.005,1,1,0.9935849905014038,1.0,-0.006415009498596191,0.006415009498596191,-1.0343438386917114,-1.0,-0.034343838691711426,0.034343838691711426,0.3330377049098619,0.67008927746591,0.6949099149584377,0.6771190166473389,455d64524836033765e086637901517ef112263d9d8ec7bb869d38ac1fe565cf
2,additive,3,1000,800,200,10000,10000,0.5,462,41260907,41760907,1041760907,2041260907,3041260907,0.03173764300396852,0.9960399423732531,0.9986463131460466,0.001487932101193134,0.9920955668029133,0.0018554799280425336,-0.0037349250064822406,0.9972944587601916,1.1102230246251565e-16,5.751953811028443e-07,3234,0.005,1,1,0.995754599571228,1.0,-0.004245400428771973,0.004245400428771973,-1.0314524173736572,-1.0,-0.03145241737365723,0.03145241737365723,0.33390548142578497,0.6780438666331168,0.690252417250108,0.6868035793304443,e047f5dbc6584a278fe21e975e275ad88db0bf7612afdd5ad9317fcde99d1ef4
2,additive,3,1000,800,200,10000,10000,0.5,463,41260907,41760907,1041760907,2041260907,3041260907,0.028782553938982533,1.011051549187998,1.015192902521066,0.001256917005087286,1.0222252351154508,0.0035672386043042246,-0.006970788101997311,1.0306166293291465,0.0,5.822782682685101e-07,3241,0.005,1,1,0.9948893785476685,1.0,-0.005110621452331543,0.005110621452331543,-1.0283252000808716,-1.0,-0.028325200080871582,0.028325200080871582,0.34517403938775637,0.6878557367731247,0.6958628967383619,0.6973996758460999,ae97ad30d45429e50a0ebd58403d13e058ea2a323dd859db19848954efa6330e
2,additive,3,1000,800,200,10000,10000,0.5,464,41260907,41760907,1041760907,2041260907,3041260907,0.028759162360414613,1.0025042455125863,1.0067025259493416,0.0012941120112607198,1.00501476227076,0.0035705507353821497,-0.00709633160679351,1.013449975752785,2.220446049250313e-16,5.840409080803965e-07,3248,0.005,1,1,0.9931703805923462,1.0,-0.006829619407653809,0.006829619407653809,-1.0279364585876465,-1.0,-0.027936458587646484,0.027936458587646484,0.34417091325234656,0.6817306447086131,0.6930343871456054,0.6893837451934814,fab6c856fd249ede3765172ad00eafcc959122f5f1ee966972cc09df37726281
2,additive,3,1000,800,200,10000,10000,0.5,465,41260907,41760907,1041760907,2041260907,3041260907,0.030043663845843786,1.0160010008533424,1.0193792337422138,0.0014695839775114652,1.0322580337349936,0.0027032022361788664,-0.005230008737041728,1.0391340221848628,2.220446049250313e-16,5.688777093837416e-07,3255,0.005,1,1,0.9894688129425049,1.0,-0.010531187057495117,0.010531187057495117,-1.028137445449829,-1.0,-0.0281374454498291,0.0281374454498291,0.33568336276753385,0.6855225445625486,0.6956349294958075,0.6915631890296936,21a78a40ccece4a1663ce5c997510f3ebc290c35a306f8b92f30afcff1dd311d
2,additive,3,1000,800,200,10000,10000,0.5,466,41260907,41760907,1041760907,2041260907,3041260907,0.030508130420278175,1.0438723122063966,1.0451990369523279,0.001530580454060111,1.089669404191129,0.0006205211004422349,-0.0011373187484858725,1.0924410268460736,0.0,6.51081577984769e-07,3262,0.005,1,1,0.9877120852470398,1.0,-0.012287914752960205,0.012287914752960205,-1.0279240608215332,-1.0,-0.027924060821533203,0.027924060821533203,0.33241627871199797,0.7007514162341072,0.7029154751617351,0.7078859806060791,9b235df0848c41530d6f61a9136e73693dbc838d28c739a323d0b00d35788856
2,additive,3,1000,800,200,10000,10000,0.5,467,41260907,41760907,1041760907,2041260907,3041260907,0.0287162392811849,1.012668662985186,1.0132980901510753,0.0013493295349991303,1.0254978209922043,-3.7065511693191154e-05,7.219285104732674e-05,1.026773019503817,0.0,5.792664641290912e-07,3269,0.005,1,1,0.9892833232879639,1.0,-0.010716676712036133,0.010716676712036133,-1.026641607284546,-1.0,-0.0266416072845459,0.0266416072845459,0.3331481581928044,0.6836385649904995,0.6942548461939952,0.6902050971984863,2b082192397fcce7009a5885d1b6cd0a3bf7f0d4186e714163ad788efc57e782
2,additive,3,1000,800,200,10000,10000,0.5,468,41260907,41760907,1041760907,2041260907,3041260907,0.02642346417664496,1.0221511118244377,1.0240273893220224,0.0011317173513604622,1.0447928954039343,0.0013537406631908486,-0.0025886008354362544,1.0486320940816767,2.220446049250313e-16,5.895475041484133e-07,3276,0.005,1,1,0.9911893606185913,1.0,-0.008810639381408691,0.008810639381408691,-1.0249112844467163,-1.0,-0.02491128444671631,0.02491128444671631,0.3339698124394202,0.6896569043373759,0.696235367458815,0.6976960897445679,b7fda023bcfb3617e7675e6e974cd0a76d8ad9ca7e00deb66195392c5743e835
2,additive,3,1000,800,200,10000,10000,0.5,469,41260907,41760907,1041760907,2041260907,3041260907,0.02719746002336952,1.0096712303030848,1.0135041162179996,0.0012147414902331092,1.0194359933017447,0.003269929399425191,-0.006407538422223634,1.0271905935908283,2.220446049250313e-16,6.467405420096384e-07,3283,0.005,1,1,0.9892992377281189,1.0,-0.010700762271881104,0.010700762271881104,-1.0250039100646973,-1.0,-0.025003910064697266,0.025003910064697266,0.3377254978349196,0.6929996158205155,0.6950188174426324,0.7014179825782776,a4a9313369e6c4e518bf85f3a4b7f0b8267dc743f93d7d8c728c4a116438900a
2,additive,3,1000,800,200,10000,10000,0.5,470,41260907,41760907,1041760907,2041260907,3041260907,0.02696155307496073,1.0483100380970896,1.0495592362681725,0.0012007219086272222,1.0989539359751213,0.0007099662760405369,-0.0012906663094191216,1.1015745904358296,0.0,7.028098316652631e-07,3290,0.005,1,1,0.9874852299690247,1.0,-0.012514770030975342,0.012514770030975342,-1.0238810777664185,-1.0,-0.023881077766418457,0.023881077766418457,0.3254448755662534,0.6927438766549472,0.7030054625743197,0.7002032399177551,b96bb87f9a9f8ac01004c9444ab0b186370fc8be39dc749e2b56854231989e0e
2,additive,3,1000,800,200,10000,10000,0.5,471,41260907,41760907,1041760907,2041260907,3041260907,0.024764698602205565,1.0427586973685385,1.041324130134292,0.001008057913478341,1.0873457009377312,-0.0019989074256348285,0.0036732678311227336,1.0843559439999397,-2.220446049250313e-16,5.691980931032958e-07,3297,0.005,1,1,0.9901083111763,1.0,-0.009891688823699951,0.009891688823699951,-1.0227034091949463,-1.0,-0.02270340919494629,0.02270340919494629,0.32962487953583874,0.6836621836917571,0.6996605585970912,0.6884586811065674,7590d32d59c43482b85f48acab8e142ec9032256e643e654ac3129edfc47276a
2,additive,3,1000,800,200,10000,10000,0.5,472,41260907,41760907,1041760907,2041260907,3041260907,0.025793525232139514,1.0479401935154258,1.0478080036524402,0.001094140848271444,1.098178649185148,-0.0006855887576535031,0.0012473496367224014,1.0979016125181122,-2.220446049250313e-16,6.32337599171251e-07,3304,0.005,1,1,0.9895994067192078,1.0,-0.010400593280792236,0.010400593280792236,-1.0236036777496338,-1.0,-0.02360367774963379,0.02360367774963379,0.33137545795789564,0.6884272403823606,0.7033727237458932,0.6972951889038086,c9cf2e75a8ebee9701baa14ac490777085a064b0cc481ecb144c9defd362955e
2,additive,3,1000,800,200,10000,10000,0.5,473,41260907,41760907,1041760907,2041260907,3041260907,0.02499342360228573,1.0440753332220947,1.0416612125970854,0.001031815077941972,1.0900933014428282,-0.0030335173457701403,0.005560347387920101,1.0850580818292304,4.440892098500626e-16,5.959401292443545e-07,3311,0.005,1,1,0.9884216785430908,1.0,-0.01157832145690918,0.01157832145690918,-1.0221498012542725,-1.0,-0.02214980125427246,0.02214980125427246,0.3322314638222138,0.6920201403601163,0.6991790934424715,0.6984720230102539,325f1590f29cd98694a10fc34a4d18746416488be67644835461c13e43870186
2,additive,3,1000,800,200,10000,10000,0.5,474,41260907,41760907,1041760907,2041260907,3041260907,0.027526628392371546,1.0441897342091289,1.0443698044721104,0.0012118112411800626,1.0903322010277312,-0.0004178618878987786,0.0007656345199131278,1.0907082884931139,2.220446049250313e-16,6.219766408577243e-07,3318,0.005,1,1,0.9828083515167236,1.0,-0.017191648483276367,0.017191648483276367,-1.0214979648590088,-1.0,-0.02149796485900879,0.02149796485900879,0.33062478406948165,0.6776575408655959,0.7009345856765137,0.683954119682312,c21e4755be48816bd98609b1b3a7d018d135fa95fb839e1d618e5e6d0273116a
2,additive,3,1000,800,200,10000,10000,0.5,475,41260907,41760907,1041760907,2041260907,3041260907,0.030507642424567192,1.0416141755337285,1.0424591164960622,0.001417862140004303,1.084960090672809,0.00017152837646861255,-0.00031578029731641193,1.0867210095657505,0.0,5.732482986076093e-07,3325,0.005,1,1,0.9784557223320007,1.0,-0.021544277667999268,0.021544277667999268,-1.0216000080108643,-1.0,-0.021600008010864258,0.021600008010864258,0.32518776455703857,0.682315100677572,0.7019863210672864,0.6910821795463562,650f999ab215c5468869c8cd3e7b2f028211d9a8a171373e50cf931365d6cf44
2,additive,3,1000,800,200,10000,10000,0.5,476,41260907,41760907,1041760907,2041260907,3041260907,0.02725988578148137,1.0473741043309972,1.0452240115933549,0.001121288735082157,1.0969925144231587,-0.002810284373467667,0.005118384570679507,1.0924932344113054,-2.220446049250313e-16,5.872989277122542e-07,3332,0.005,1,1,0.9804245233535767,1.0,-0.01957547664642334,0.01957547664642334,-1.0189710855484009,-1.0,-0.01897108554840088,0.01897108554840088,0.3361240962728446,0.6861476601201651,0.7001297398799393,0.6932897567749023,8c7c4003d22898af0ca82f6ad2cfb03684289631552557358abd08e48abe0743
2,additive,3,1000,800,200,10000,10000,0.5,477,41260907,41760907,1041760907,2041260907,3041260907,0.0291344479988636,1.0230408863928946,1.0225482213107764,0.0012840056019435247,1.0466126552315596,-0.0011458979638353129,0.0021870438310660502,1.0456048649058325,2.220446049250313e-16,5.772169426876417e-07,3339,0.005,1,1,0.9791666269302368,1.0,-0.020833373069763184,0.020833373069763184,-1.0203663110733032,-1.0,-0.020366311073303223,0.020366311073303223,0.32769816426818804,0.6833327219503746,0.696430086196485,0.6912922263145447,e0c51a6f09b07f2167db4f759b396de153862b333de57f13bbf74738082dc753
2,additive,3,1000,800,200,10000,10000,0.5,478,41260907,41760907,1041760907,2041260907,3041260907,0.029384148490087723,1.0987515827254308,1.0969596238236532,0.0012608122096435111,1.2072550405416393,-0.002597718225976269,0.00429902217676724,1.2033204162993305,2.220446049250313e-16,6.736368636239831e-07,3346,0.005,1,1,0.9778622984886169,1.0,-0.022137701511383057,0.022137701511383057,-1.0193222761154175,-1.0,-0.01932227611541748,0.01932227611541748,0.3426200615351713,0.7035932426106946,0.7155443838160114,0.7124789953231812,51fcf839cebc864ea351e8233f6de7327c3ae5a31c20aa84bc75ae63fc756c78
2,additive,3,1000,800,200,10000,10000,0.5,479,41260907,41760907,1041760907,2041260907,3041260907,0.02963558972899431,1.0741213731019916,1.0708078941939752,0.0011939673581640544,1.1537367241545078,-0.004150572622268271,0.00718757004687797,1.1466295462681355,2.220446049250313e-16,7.015533771692617e-07,3353,0.005,1,1,0.9759666323661804,1.0,-0.02403336763381958,0.02403336763381958,-1.0173397064208984,-1.0,-0.017339706420898438,0.017339706420898438,0.34297045591938485,0.6919038989245633,0.707125539312194,0.6978976130485535,ef6fbe59e482e8260c3b74830a24656a0f7a1e4973079e68f66b37afb1bbcc75
2,additive,3,1000,800,200,10000,10000,0.5,480,41260907,41760907,1041760907,2041260907,3041260907,0.031186187191105018,1.0350720701997096,1.038736356336575,0.0012680390686882206,1.0713741905075125,0.0031654941995915417,-0.005902236761351869,1.078973217975384,0.0,5.721158515825664e-07,3360,0.005,1,1,0.9739012122154236,1.0,-0.026098787784576416,0.026098787784576416,-1.0170713663101196,-1.0,-0.01707136631011963,0.01707136631011963,0.37165069667691725,0.6887113084723866,0.7022802232765227,0.6933690905570984,49e15de0dedf8e888eef4733d7edfbbc4eda86bf91a9a8c87ee7a31ed94d6e94
2,additive,3,1000,800,200,10000,10000,0.5,481,41260907,41760907,1041760907,2041260907,3041260907,0.0323321863444878,1.0310365008488172,1.0372028201799457,0.0012210584215422802,1.0630362660825727,0.00576618284255888,-0.010836068890097802,1.0757896901892328,0.0,5.66519018363465e-07,3367,0.005,1,1,0.971274733543396,1.0,-0.028725266456604004,0.028725266456604004,-1.0148401260375977,-1.0,-0.014840126037597656,0.014840126037597656,0.3547522464501556,0.6850916129087917,0.7040617418956892,0.6931244730949402,a7dfa257b647de023247fcab13439de10da9bdfdf6686a3e1253fe3be4cd73dd
2,additive,3,1000,800,200,10000,10000,0.5,482,41260907,41760907,1041760907,2041260907,3041260907,0.03166208578348105,1.008914170578426,1.009775162592435,0.0010603350885569586,1.0179078035939533,0.0003388701530340598,-0.0006651241391555322,1.0196458789885783,0.0,5.622818353145931e-07,3374,0.005,1,1,0.970827579498291,1.0,-0.029172420501708984,0.029172420501708984,-1.012306809425354,-1.0,-0.012306809425354004,0.012306809425354004,0.33531148464430416,0.6676813208143835,0.6931313841115331,0.6737436056137085,15edbd8b337c0f62473d5cc9c4d121f2c7b6cb3ccda387d5394743c06315fada
2,additive,3,1000,800,200,10000,10000,0.5,483,41260907,41760907,1041760907,2041260907,3041260907,0.03336996298055972,1.0236299868602268,1.0237736647965336,0.0010560244598735282,1.047818349999468,-0.0003809288642081832,0.0007263574618352914,1.048112516730925,-2.220446049250313e-16,5.906733235860884e-07,3381,0.005,1,1,0.9683727025985718,1.0,-0.03162729740142822,0.03162729740142822,-1.0106427669525146,-1.0,-0.010642766952514648,0.010642766952514648,0.32548331015638454,0.6744768225816165,0.6965456444664225,0.6820685267448425,0be0339fb34dcc523577a5eb8c355ff294c254188760350e82979d57125f09b5
2,additive,3,1000,800,200,10000,10000,0.5,484,41260907,41760907,1041760907,2041260907,3041260907,0.03787681610022359,1.0309418889550626,1.0361827980372682,0.0012820413565600827,1.0628411784022327,0.004775785594774593,-0.008976001098551595,1.073674790948342,0.0,5.934174183153118e-07,3388,0.005,1,1,0.9636787176132202,1.0,-0.036321282386779785,0.036321282386779785,-1.010743260383606,-1.0,-0.010743260383605957,0.010743260383605957,0.34961757125027626,0.6943847975300207,0.7024957562841531,0.700346827507019,e29173c1305f05bdd1274503b797edf363a7ba936eb17bd9435e51a286175988
2,additive,3,1000,800,200,10000,10000,0.5,485,41260907,41760907,1041760907,2041260907,3041260907,0.038469926025741744,1.0139294367641427,1.015548495899377,0.0012186030586668005,1.0280529027368517,0.001033620863984079,-0.0020084513331304144,1.0313387475234868,2.220446049250313e-16,5.935488687214274e-07,3395,0.005,1,1,0.9626322388648987,1.0,-0.03736776113510132,0.03736776113510132,-1.009142518043518,-1.0,-0.009142518043518066,0.009142518043518066,0.33420991869404465,0.6772483072784596,0.6958523666722808,0.6836163997650146,827397afa37429677558c56bd0d833dbb8cc9a33e38185bb040a552dc1ab5f80
2,additive,3,1000,800,200,10000,10000,0.5,486,41260907,41760907,1041760907,2041260907,3041260907,0.039819320870699296,1.0283168679713663,1.0314847194699377,0.0013306272213765987,1.0574355809544405,0.0025972591620795123,-0.0049061995783836266,1.0639607264999762,0.0,5.815015597931961e-07,3402,0.005,1,1,0.9614254236221313,1.0,-0.03857457637786865,0.03857457637786865,-1.0098782777786255,-1.0,-0.009878277778625488,0.009878277778625488,0.33162832712962415,0.6801306681100405,0.6999267612739479,0.6887753009796143,62bed946b1d7504818a3704565bd491f7bcbe3aa58347be5d78c251693ae2e87
2,additive,3,1000,800,200,10000,10000,0.5,487,41260907,41760907,1041760907,2041260907,3041260907,0.036748603184978065,1.034770664406569,1.0339980063647187,0.0010678934613911658,1.0707503279164126,-0.0013331721057955246,0.002487683226884788,1.0691518771662127,0.0,5.793035935397484e-07,3409,0.005,1,1,0.964118242263794,1.0,-0.035881757736206055,0.035881757736206055,-1.0079346895217896,-1.0,-0.00793468952178955,0.00793468952178955,0.3303788012577156,0.6862873747613557,0.6984860997966597,0.6906750798225403,0c464c9ded5fc4183c8197ccb91180ee5acfbb25616a751c203853e856407a8c
2,additive,3,1000,800,200,10000,10000,0.5,488,41260907,41760907,1041760907,2041260907,3041260907,0.037070494298560866,1.0306417663371958,1.0335057345340581,0.0010148977707310383,1.062222450518655,0.002448377512698537,-0.004605514500854707,1.068134103314783,0.0,5.535072702400612e-07,3416,0.005,1,1,0.9635388255119324,1.0,-0.03646117448806763,0.03646117448806763,-1.0066936016082764,-1.0,-0.006693601608276367,0.006693601608276367,0.3347279426052829,0.6779457501107866,0.6990396389737744,0.6849284768104553,3ee4872d6f83e50163ba2e7f3cb38b9dc571c0e483bb43d552bde39c7ce19a21
2,additive,3,1000,800,200,10000,10000,0.5,489,41260907,41760907,1041760907,2041260907,3041260907,0.04065989084804572,1.0538917265406977,1.0608770807625398,0.0012372815136542567,1.1106877712709327,0.00676756385133076,-0.012172697852940343,1.1254601804872486,0.0,5.732941534830616e-07,3423,0.005,1,1,0.9600597620010376,1.0,-0.0399402379989624,0.0399402379989624,-1.0076160430908203,-1.0,-0.0076160430908203125,0.0076160430908203125,0.3525028788871377,0.6880495391708223,0.7085180321589308,0.6925612688064575,3b5ead31628e485b24767e7e043a3fc1e9d49f8c5d642a18795d990b826e0e08
2,additive,3,1000,800,200,10000,10000,0.5,490,41260907,41760907,1041760907,2041260907,3041260907,0.03742408276057609,1.0374744711376183,1.0358436709957892,0.0008474983204330563,1.0763532782622809,-0.00211433292034058,0.003925606008283877,1.072972110742033,2.220446049250313e-16,5.795690913856788e-07,3430,0.005,1,1,0.9627139568328857,1.0,-0.03728604316711426,0.03728604316711426,-1.0032113790512085,-1.0,-0.003211379051208496,0.003211379051208496,0.33325850588073264,0.6845098385051392,0.6975567503739243,0.6893600821495056,dc617707fb1150e338860035fb469fd3286386ff2c504c99ba76a8f05727edb6
2,additive,3,1000,800,200,10000,10000,0.5,491,41260907,41760907,1041760907,2041260907,3041260907,0.03691656572248846,1.0512301898484542,1.0491117476712213,0.0007756157007452327,1.1050849120488169,-0.002612534323898918,0.004724889365959111,1.1006354591017644,2.220446049250313e-16,6.155704657118122e-07,3437,0.005,1,1,0.9631472229957581,1.0,-0.03685277700424194,0.03685277700424194,-1.0021692514419556,-1.0,-0.0021692514419555664,0.0021692514419555664,0.32938075752505197,0.6883304692808323,0.7011788549938156,0.6957923173904419,4f49c72cf74509eb06cd2e6f86f4d87628ae570b04f3174ce4dee970d3e22a0c
2,additive,3,1000,800,200,10000,10000,0.5,492,41260907,41760907,1041760907,2041260907,3041260907,0.03933093840414056,1.050462848191701,1.049874957729913,0.0008307837993407435,1.1034721954310207,-0.001032776180987633,0.0018704580181562519,1.1022374268683863,2.220446049250313e-16,6.211067500316858e-07,3444,0.005,1,1,0.9606917500495911,1.0,-0.039308249950408936,0.039308249950408936,-1.0013357400894165,-1.0,-0.001335740089416504,0.001335740089416504,0.32826559346775364,0.6802492535684539,0.70259724084814,0.6890619397163391,fd9489d11dfbf5b88a9800e7640f3b135436e17b2c6c9d0e30f4cc9dc937a5eb
2,additive,3,1000,800,200,10000,10000,0.5,493,41260907,41760907,1041760907,2041260907,3041260907,0.04108942612084974,1.0728934516764848,1.069656624314715,0.0008948222640195126,1.1511003586502815,-0.003914943486974858,0.006796805319737006,1.1441652939403513,0.0,5.550874000448403e-07,3451,0.005,1,1,0.9589271545410156,1.0,-0.041072845458984375,0.041072845458984375,-1.0011671781539917,-1.0,-0.0011671781539916992,0.0011671781539916992,0.33678356006902105,0.7029125380182168,0.7060798285698323,0.7080941200256348,9e18f210c8bb9d1cd8902cd556e66b223ad299f5f4ccadee9795618c9b252c0c
2,additive,3,1000,800,200,10000,10000,0.5,494,41260907,41760907,1041760907,2041260907,3041260907,0.044076175771499373,1.0585870953586654,1.0574813814330322,0.0011224732968023177,1.1206066384598963,-0.0017311198395921735,0.0030865203041421127,1.1182668720775142,0.0,5.88314463811912e-07,3458,0.005,1,1,0.9560180306434631,1.0,-0.043981969356536865,0.043981969356536865,-1.0028802156448364,-1.0,-0.0028802156448364258,0.0028802156448364258,0.3229526939028981,0.690351549948833,0.7041210214735855,0.6993358135223389,3c73a298b1e1e798bf592fdbecafa21bf2fcefe7f35da4390aa4fb8ea4248b5f
2,additive,3,1000,800,200,10000,10000,0.5,495,41260907,41760907,1041760907,2041260907,3041260907,0.04461600857496909,1.0512702920289263,1.051716107333627,0.001146810010202012,1.1051692269025841,-0.00010463324389439623,0.00018915615502850157,1.1061067704249972,-2.220446049250313e-16,5.750337077614631e-07,3465,0.005,1,1,0.9554756879806519,1.0,-0.044524312019348145,0.044524312019348145,-1.0028589963912964,-1.0,-0.0028589963912963867,0.0028589963912963867,0.32150665092422803,0.6892903261159289,0.7057287837646967,0.6963672041893005,8ee899ab6ee84f666e860e90ef7ca218b3d86e64b3825cc87ee4be0c43988bf4
2,additive,3,1000,800,200,10000,10000,0.5,496,41260907,41760907,1041760907,2041260907,3041260907,0.040942865026478446,1.0801364199063557,1.0771796592330283,0.0007944193668239336,1.1666946856081193,-0.003586543354780172,0.006144028821334734,1.1603160182653829,0.0,5.600820109918914e-07,3472,0.005,1,1,0.9590632319450378,1.0,-0.04093676805496216,0.04093676805496216,-0.9992934465408325,-1.0,0.0007065534591674805,0.0007065534591674805,0.33771675094998016,0.6961603283679103,0.7084515792223226,0.7021663188934326,c47cbc88af99c03a097bbd8fb7b81d0bb9161cf721dd6c3183c6919bf0720ccf
2,additive,3,1000,800,200,10000,10000,0.5,497,41260907,41760907,1041760907,2041260907,3041260907,0.04092022897738882,1.075962800722978,1.0729113004927457,0.000723257726692143,1.157695948539635,-0.00364027377064607,0.006284898853462466,1.1511386587250347,-4.440892098500626e-16,5.854484292910911e-07,3479,0.005,1,1,0.9591383934020996,1.0,-0.04086160659790039,0.04086160659790039,-0.997810423374176,-1.0,0.0021895766258239746,0.0021895766258239746,0.33476491396225655,0.6987246941962262,0.7068922908824912,0.7046414613723755,045a951640e7a32e1df77e7cf647b8696ce523ccd5e60fc46a0a3ab7ec94cb12
2,additive,3,1000,800,200,10000,10000,0.5,498,41260907,41760907,1041760907,2041260907,3041260907,0.04387202369790329,1.0654221826224526,1.0664086104833295,0.0007816190475575454,1.1351244272239907,0.0006606391207187373,-0.0011631932462850994,1.1372273245129856,-2.220446049250313e-16,5.871411747904176e-07,3486,0.005,1,1,0.9562580585479736,1.0,-0.04374194145202637,0.04374194145202637,-0.9966240525245667,-1.0,0.0033759474754333496,0.0033759474754333496,0.32446002905116555,0.6892684334872297,0.708066951023676,0.6969602704048157,8e1a6620c0c248a26676e481c3aacb2e555b056dc2fea861809ebf45746cdfac
2,additive,3,1000,800,200,10000,10000,0.5,499,41260907,41760907,1041760907,2041260907,3041260907,0.046228229890412954,1.055936948035336,1.0572652630485369,0.0008685493233827067,1.11500283822618,0.0009692244497647066,-0.0017371615771833873,1.1178098364490918,-2.220446049250313e-16,5.758234014052732e-07,3493,0.005,1,1,0.9539077281951904,1.0,-0.04609227180480957,0.04609227180480957,-0.9964571595191956,-1.0,0.0035428404808044434,0.0035428404808044434,0.3183176221295058,0.6959502646646349,0.7060342769822839,0.7014504075050354,ade0209c017497a46ac1916339ba7cf8b06bf746195ee43982ac2017b0c7d3f9
2,additive,3,1000,800,200,10000,10000,0.5,500,41260907,41760907,1041760907,2041260907,3041260907,0.04761340398717642,1.0468199289937012,1.0457558829523754,0.0008577515077130741,1.0958319637383775,-0.001542174258294094,0.002812416742593486,1.0936053667295023,-2.220446049250313e-16,5.63318218738118e-07,3500,0.005,1,1,0.9526411294937134,1.0,-0.04735887050628662,0.04735887050628662,-0.9950833320617676,-1.0,0.004916667938232422,0.004916667938232422,0.3211983429547348,0.6903810054696475,0.7014587011657117,0.6968854665756226,9dce5f54ed00e80d0f146315d01955bb5772e42231c8b17f98cbead759c704fd
2,additive,3,1000,800,200,10000,10000,0.5,501,41260907,41760907,1041760907,2041260907,3041260907,0.04768815294259434,1.044718722436343,1.0442809331096272,0.000789817357908584,1.0914372090090245,-0.0008521795553098103,0.001560444000629446,1.0905226672563135,0.0,5.721677052150653e-07,3507,0.005,1,1,0.9527450799942017,1.0,-0.04725492000579834,0.04725492000579834,-0.993586540222168,-1.0,0.006413459777832031,0.006413459777832031,0.31875653513758406,0.685268196152706,0.7010697862605128,0.6913034915924072,7a8c0c2421f837c4667a058e7236176ab734e1b129d80a5cb8a70532f6c9ea60
2,additive,3,1000,800,200,10000,10000,0.5,502,41260907,41760907,1041760907,2041260907,3041260907,0.048199551290606275,1.0669007693957602,1.071147470674391,0.0008098819581875658,1.138277251737265,0.0041348851183465795,-0.007259997933489232,1.1473569039321456,-2.220446049250313e-16,5.676068024484948e-07,3514,0.005,1,1,0.9522294998168945,1.0,-0.04777050018310547,0.04777050018310547,-0.9935831427574158,-1.0,0.0064168572425842285,0.0064168572425842285,0.34417074281707705,0.6948114440806594,0.7128782173536578,0.7029924988746643,472543c346eaaf5645359459d35ccb076b223eca3c98c2acd8e1aa97d7e8b120
2,additive,3,1000,800,200,10000,10000,0.5,503,41260907,41760907,1041760907,2041260907,3041260907,0.04860774202822272,1.0420781687116158,1.04307760007647,0.0006947858198189775,1.085926909705355,0.000694592128057186,-0.0012784433274571855,1.0880108797812884,0.0,5.820391759669974e-07,3521,0.005,1,1,0.9523158073425293,1.0,-0.0476841926574707,0.0476841926574707,-0.9905697107315063,-1.0,0.009430289268493652,0.009430289268493652,0.3405996805382802,0.6956406295787348,0.7028767534236571,0.7039146423339844,b42c6b19014fbe07204b1d0f0d60089dce16a5d1f987df37899de3e4c4f5284a
2,additive,3,1000,800,200,10000,10000,0.5,504,41260907,41760907,1041760907,2041260907,3041260907,0.048548498705649326,1.035728710573582,1.03589362450668,0.0007022658303821181,1.0727339619064147,-0.00018031322160494043,0.00033595516332648437,1.0730756012935867,-2.220446049250313e-16,5.85900075122936e-07,3528,0.005,1,1,0.9523295164108276,1.0,-0.04767048358917236,0.04767048358917236,-0.9908086061477661,-1.0,0.009191393852233887,0.009191393852233887,0.3232816402120096,0.6847517630824238,0.7001884026758424,0.6936100721359253,fbfe632f49d374515ec5a606994836e2a387ceb31ee7ad8f7c696b2daee0980e
2,additive,3,1000,800,200,10000,10000,0.5,505,41260907,41760907,1041760907,2041260907,3041260907,0.050180948297769125,1.0805163766984174,1.082741726362518,0.000865025396058855,1.167515640313476,0.0019744901484754105,-0.003379874738472056,1.172329646006486,2.220446049250313e-16,5.754119527523471e-07,3535,0.005,1,1,0.950302243232727,1.0,-0.04969775676727295,0.04969775676727295,-0.9930530190467834,-1.0,0.006946980953216553,0.006946980953216553,0.3334196433226181,0.6993535958297088,0.7127894261477201,0.7070518732070923,10a93a836e7f02d2c9f5fc776e931b541a56e4273a7171e334dd9fb467476e0c
2,additive,3,1000,800,200,10000,10000,0.5,506,41260907,41760907,1041760907,2041260907,3041260907,0.04689822531407099,1.0549356181854204,1.054329097479067,0.0007013740399984368,1.112889158516255,-0.0009903433826147399,0.00177864907012347,1.111609845791024,0.0,5.795508570827224e-07,3542,0.005,1,1,0.9537455439567566,1.0,-0.04625445604324341,0.04625445604324341,-0.9922560453414917,-1.0,0.007743954658508301,0.007743954658508301,0.3199798268175239,0.6932202123023002,0.7025115887731866,0.701905369758606,392364fb6ad1f4b5eb1ca66dcddb52d84179320a004796b059c138e08e895864
2,additive,3,1000,800,200,10000,10000,0.5,507,41260907,41760907,1041760907,2041260907,3041260907,0.04781724474852143,1.0669322175242715,1.0655624158308807,0.0006909996792649975,1.1383443567912594,-0.0018060472195908042,0.0031711872846284916,1.135423262031343,0.0,5.815314949586536e-07,3549,0.005,1,1,0.9530016183853149,1.0,-0.04699838161468506,0.04699838161468506,-0.9911885857582092,-1.0,0.008811414241790771,0.008811414241790771,0.3286724785599661,0.6931289924112625,0.7055660645639479,0.7011784911155701,3052a68c37c054bf9ae260dd9b47e5501f6b6681f2b62d015dd7193475b2d4b9
2,additive,3,1000,800,200,10000,10000,0.5,508,41260907,41760907,1041760907,2041260907,3041260907,0.05055385905869737,1.0698311609245454,1.0697103541685837,0.000801747212653301,1.1445387128851605,-0.0005301091411682502,0.0009256795854797237,1.144280241815477,-4.440892098500626e-16,5.86635284349768e-07,3556,0.005,1,1,0.9501904249191284,1.0,-0.04980957508087158,0.04980957508087158,-0.991357147693634,-1.0,0.008642852306365967,0.008642852306365967,0.3266695117246921,0.6925230118810197,0.7095638194020844,0.7007246017456055,342a0ef20246d51a1daf884f9041a7230e981ac928a08a8704d8b0289d586ed0
2,additive,3,1000,800,200,10000,10000,0.5,509,41260907,41760907,1041760907,2041260907,3041260907,0.05316995959812694,1.0742932019676308,1.0739841484689838,0.0008770863712017391,1.1541058837938647,-0.0007705095012092143,0.0013342352590689636,1.1534419511626481,0.0,5.800076028350531e-07,3563,0.005,1,1,0.9476497769355774,1.0,-0.05235022306442261,0.05235022306442261,-0.9906995296478271,-1.0,0.009300470352172852,0.009300470352172852,0.32336527340630317,0.6883759629855885,0.7091086164514758,0.6978873014450073,050ac0d69bd3283a31e24706211baa28b0bf923fd9d88eafecab6fd6a93b5d7f
2,additive,3,1000,800,200,10000,10000,0.5,510,41260907,41760907,1041760907,2041260907,3041260907,0.05514370409389546,1.0389835978350574,1.038436472412215,0.0011038670396407743,1.0794869165702803,-0.0011202381869979336,0.00207338097638694,1.078350307235925,-2.220446049250313e-16,5.773331857028552e-07,3570,0.005,1,1,0.9452443718910217,1.0,-0.05475562810897827,0.05475562810897827,-0.9934693574905396,-1.0,0.006530642509460449,0.006530642509460449,0.33114638061847723,0.6954967576084679,0.6994781997579806,0.7019281387329102,4eabe513c2cd090e3b8d9490206de2471d3e22618d73340d315ba5cff77bfcec
2,additive,3,1000,800,200,10000,10000,0.5,511,41260907,41760907,1041760907,2041260907,3041260907,0.059576862629717876,1.0845951215117342,1.0873623630872546,0.0014293644216472232,1.1763465776070534,0.0022904833149989404,-0.003889506031263669,1.1823569086586985,0.0,6.012473434680032e-07,3577,0.005,1,1,0.9406145215034485,1.0,-0.059385478496551514,0.059385478496551514,-0.9952284693717957,-1.0,0.004771530628204346,0.004771530628204346,0.326585928285101,0.6970983079511572,0.7134385907607251,0.7039666771888733,43d19696ab54e1ef4fe7702ecf1c6d7b030192a05a09dacd39e768a98b56cb22
2,additive,3,1000,800,200,10000,10000,0.5,512,41260907,41760907,1041760907,2041260907,3041260907,0.060632540175743724,1.0389709298992844,1.0388663450139635,0.0013887076897723912,1.079460593175784,-0.0008030090314425966,0.0014858852770678354,1.0792432828026712,2.220446049250313e-16,5.691740856406113e-07,3584,0.005,1,1,0.9396953582763672,1.0,-0.06030464172363281,0.06030464172363281,-0.99370276927948,-1.0,0.0062972307205200195,0.0062972307205200195,0.3281348927275785,0.6896573152264966,0.7009637257976233,0.6961052417755127,3a2195e4044a4a37c7819141cd2be516dd27ab19b120a5e34ab075b3013967ed
2,additive,3,1000,800,200,10000,10000,0.5,513,41260907,41760907,1041760907,2041260907,3041260907,0.0641234449530842,1.0490341248669703,1.0532383055176084,0.001495283617562351,1.1004725951354104,0.0036715247283150626,-0.006663578492813955,1.109310928209603,0.0,5.8297447935729e-07,3591,0.005,1,1,0.9363229274749756,1.0,-0.06367707252502441,0.06367707252502441,-0.9924470782279968,-1.0,0.007552921772003174,0.007552921772003174,0.32866105458829636,0.6877015956445293,0.7060700048842787,0.6936044692993164,7ea25437919453cb46e615cf305740fb086bc61fb8621abe1c52c277011b5416
2,additive,3,1000,800,200,10000,10000,0.5,514,41260907,41760907,1041760907,2041260907,3041260907,0.06788588940182434,1.0476858412405068,1.0502734370398739,0.0015315086158077364,1.0976456219358286,0.0019485809999565578,-0.003545526823285774,1.1030742925515498,4.440892098500626e-16,5.903675432961109e-07,3598,0.005,1,1,0.9328858256340027,1.0,-0.06711417436599731,0.06711417436599731,-0.989793062210083,-1.0,0.010206937789916992,0.010206937789916992,0.32052012718539763,0.6958356328379177,0.7042757571134279,0.7018553018569946,2e433212a345e8860819f9a3e4b5eebbfa0c65f853a374e9b2d270baf4e80fc0
2,additive,3,1000,800,200,10000,10000,0.5,515,41260907,41760907,1041760907,2041260907,3041260907,0.07055817220140746,1.0705783084557103,1.0726680940428475,0.0016446930253204383,1.14613791453589,0.0014171162081522521,-0.0024693111723714254,1.1506168399775152,2.220446049250313e-16,5.678369152661844e-07,3605,0.005,1,1,0.9302668571472168,1.0,-0.0697331428527832,0.0697331428527832,-0.9892415404319763,-1.0,0.010758459568023682,0.010758459568023682,0.3209124723831178,0.7015533882979199,0.7082679258180223,0.7052015066146851,026687c38278ce4c00ebaa666d8f306a5c26dc17965850cea0906844978cd955
2,additive,3,1000,800,200,10000,10000,0.5,516,41260907,41760907,1041760907,2041260907,3041260907,0.07376391717960831,1.047361967175351,1.0524930400689412,0.0018923143782003272,1.0969670902854207,0.004441097364970297,-0.008083103891402358,1.1077415993935618,0.0,5.715327286992533e-07,3612,0.005,1,1,0.9269012212753296,1.0,-0.07309877872467041,0.07309877872467041,-0.9901164770126343,-1.0,0.009883522987365723,0.009883522987365723,0.33030622096759205,0.6853783451484153,0.7050102059467008,0.6895235776901245,92b2049cec3064fb49db2c7c798989ff1a4086ee2b1da581a1598cd7d2abace7
2,additive,3,1000,800,200,10000,10000,0.5,517,41260907,41760907,1041760907,2041260907,3041260907,0.07718343618732552,1.0496794019028972,1.055129971509064,0.0022684472330428457,1.101826846779224,0.004601981382225803,-0.008336203237498218,1.1132992567767184,0.0,5.82647290414684e-07,3619,0.005,1,1,0.9232105016708374,1.0,-0.0767894983291626,0.0767894983291626,-0.9922118186950684,-1.0,0.007788181304931641,0.007788181304931641,0.3347995920706861,0.7056464988691087,0.7065875889769191,0.7109211087226868,075c51b4170d8ba943310e6f9d3bf9e89c73477fb6105d4b90b1447ffcefbe5d
2,additive,3,1000,800,200,10000,10000,0.5,518,41260907,41760907,1041760907,2041260907,3041260907,0.07569263015085409,1.0574656674669676,1.0599762086880078,0.0021937907364964577,1.118233637871359,0.0015610671883737007,-0.0027865565381835493,1.123549562984603,2.220446049250313e-16,5.753931500152021e-07,3626,0.005,1,1,0.9246781468391418,1.0,-0.07532185316085815,0.07532185316085815,-0.9925171732902527,-1.0,0.0074828267097473145,0.0074828267097473145,0.3187345481084356,0.6903903044099821,0.7073671152576809,0.6985429525375366,749ecee033bef341c5fdfaa835452280d7588586d202b9f26c9a35c82e4f0da4
2,additive,3,1000,800,200,10000,10000,0.5,519,41260907,41760907,1041760907,2041260907,3041260907,0.07280573398589404,1.0722929665374519,1.0722823941302206,0.0019073325162960093,1.149812206085689,-0.00096500292017358,0.0016757602659844583,1.1497895327616379,0.0,6.33558663309941e-07,3633,0.005,1,1,0.927734911441803,1.0,-0.07226508855819702,0.07226508855819702,-0.9911438226699829,-1.0,0.00885617733001709,0.00885617733001709,0.3104697947792655,0.6932745241410803,0.7083284503646669,0.6998028755187988,7fdac52b2851ec713e7e85bc9fb1945d66cff24592d4ae24a610752f75ed3a6b
2,additive,3,1000,800,200,10000,10000,0.5,520,41260907,41760907,1041760907,2041260907,3041260907,0.07500005827167144,1.0811656534421952,1.0794369457650645,0.0020844514248801764,1.1689191701830888,-0.0029097508626790246,0.004969670134211006,1.165184119882611,0.0,5.764801276342268e-07,3640,0.005,1,1,0.9254626035690308,1.0,-0.07453739643096924,0.07453739643096924,-0.991682231426239,-1.0,0.008317768573760986,0.008317768573760986,0.3218056944815723,0.698574758197918,0.7099445478584187,0.7050955295562744,9c6e3cd2aae00fa265f996f23fb24d2ff2dcb9eb5b7f95edb4c648bc447f1ccb
2,additive,3,1000,800,200,10000,10000,0.5,521,41260907,41760907,1041760907,2041260907,3041260907,0.07511859506013924,1.057566772965992,1.0554239302258275,0.0019965529967099645,1.118447479281702,-0.003262179892539821,0.005823012660268644,1.1139196724933322,0.0,5.745942779356028e-07,3647,0.005,1,1,0.9254969358444214,1.0,-0.07450306415557861,0.07450306415557861,-0.9904032945632935,-1.0,0.009596705436706543,0.009596705436706543,0.32505171789917336,0.6850465044059019,0.7038127585641136,0.691085934638977,61060c194ccb398ef83b5a6d74cef241dd4c1cfb296a212237f48b36369eb417
2,additive,3,1000,800,200,10000,10000,0.5,522,41260907,41760907,1041760907,2041260907,3041260907,0.07636963349885455,1.0849477600316075,1.0889402771990953,0.0020794550843797437,1.1771116419976029,0.0032999151122299905,-0.005596913206681997,1.1857909273064426,0.0,5.559121447618054e-07,3654,0.005,1,1,0.9242291450500488,1.0,-0.07577085494995117,0.07577085494995117,-0.9904554486274719,-1.0,0.009544551372528076,0.009544551372528076,0.3303185546977045,0.7011487207936642,0.7145984358671108,0.7079012393951416,46fcdc8f4c91e863266be85917bfde6d9c1ce97bc6f5d5e7c3f9a7f8fa8c14f4
2,additive,3,1000,800,200,10000,10000,0.5,523,41260907,41760907,1041760907,2041260907,3041260907,0.07481094641891875,1.0622400923520832,1.0634124137375973,0.00199963983473838,1.1283540138001622,0.0002461540281613079,-0.0004355345380089595,1.130845961691223,-2.220446049250313e-16,6.354349117998481e-07,3661,0.005,1,1,0.9257684350013733,1.0,-0.07423156499862671,0.07423156499862671,-0.9907073974609375,-1.0,0.0092926025390625,0.0092926025390625,0.3223418774062229,0.6980999367179073,0.7074578487106917,0.703764796257019,5755c66c7cc9a68d8dce04dd2372828ca351460e2010fac2ef8f0c2ab854b345
2,additive,3,1000,800,200,10000,10000,0.5,524,41260907,41760907,1041760907,2041260907,3041260907,0.07497607537036706,1.070370903512725,1.0733011714396334,0.0019549142188573124,1.145693871086647,0.002163309654092616,-0.0037699855248254236,1.1519754046136896,0.0,5.781115994807351e-07,3668,0.005,1,1,0.9257001876831055,1.0,-0.07429981231689453,0.07429981231689453,-0.9899526238441467,-1.0,0.010047376155853271,0.010047376155853271,0.325448655862256,0.7027913959277816,0.7110711872497545,0.7090817093849182,11bec2ebdd7a56a75c0f4a17895015af298a50e93fd1ba9ac58522f4263bc87d
2,additive,3,1000,800,200,10000,10000,0.5,525,41260907,41760907,1041760907,2041260907,3041260907,0.07422282402484476,1.0522584387740475,1.057100578314761,0.0019349803571922358,1.1072478219711956,0.0041394151725069805,-0.007463900745337112,1.117461632673402,2.220446049250313e-16,5.848519304407773e-07,3675,0.005,1,1,0.9264110326766968,1.0,-0.07358896732330322,0.07358896732330322,-0.9903205633163452,-1.0,0.009679436683654785,0.009679436683654785,0.3267929709912304,0.6981779410742631,0.7075419807269967,0.7046564221382141,d8b0755220e4ed3c4b0cb62c2dc0baf05be735821128be5d40a1edfcee70d6a1
2,additive,3,1000,800,200,10000,10000,0.5,526,41260907,41760907,1041760907,2041260907,3041260907,0.07285608363175075,1.0792872372969256,1.0808118915224978,0.00156800106751904,1.1648609405920303,0.0008627015984449699,-0.0014792184378030811,1.1681543448564393,2.220446049250313e-16,5.827604248054286e-07,3682,0.005,1,1,0.9285049438476562,1.0,-0.07149505615234375,0.07149505615234375,-0.9859833717346191,-1.0,0.01401662826538086,0.01401662826538086,0.3274867112455778,0.7012409037403967,0.7105284411194795,0.705905556678772,6b32f4667f19a3986b4a36c55436aae087ba98a56dc89c0cb98609f1e5dba053
2,additive,3,1000,800,200,10000,10000,0.5,527,41260907,41760907,1041760907,2041260907,3041260907,0.07440315765844464,1.0721184386069376,1.0732120069442295,0.0016628937563040941,1.1494379464009776,0.0003415858459895812,-0.0005934942171407126,1.151784011849261,2.220446049250313e-16,5.736107251408384e-07,3689,0.005,1,1,0.9269012212753296,1.0,-0.07309877872467041,0.07309877872467041,-0.9861292243003845,-1.0,0.013870775699615479,0.013870775699615479,0.3145251505130887,0.6987735749879639,0.7103522836699505,0.7047998905181885,99217fc1106782d421e3bdf50001c816edf51621091cb6413e60cb704463c36b
2,additive,3,1000,800,200,10000,10000,0.5,528,41260907,41760907,1041760907,2041260907,3041260907,0.07861620435279633,1.0988109233422618,1.0994263049637645,0.0019814514916314885,1.207385445256274,-0.0003143483508145211,0.0005198560530469813,1.2087382000462765,2.220446049250313e-16,6.376864671864269e-07,3696,0.005,1,1,0.9224379658699036,1.0,-0.07756203413009644,0.07756203413009644,-0.9871688485145569,-1.0,0.012831151485443115,0.012831151485443115,0.3211490551181532,0.6892409617368372,0.7144531872324822,0.6960043907165527,0a7f5ba8afe3bfb28ffc251bde85b4df2ff94591ca3927806dcb83fb68b428d8
2,additive,3,1000,800,200,10000,10000,0.5,529,41260907,41760907,1041760907,2041260907,3041260907,0.08152553708697567,1.0739071985879023,1.0702786359328345,0.0020072355691414722,1.1532766711789164,-0.004893774106904579,0.00847198524677762,1.1454963585342488,2.220446049250313e-16,5.866616703542604e-07,3703,0.005,1,1,0.9198743104934692,1.0,-0.08012568950653076,0.08012568950653076,-0.9849571585655212,-1.0,0.01504284143447876,0.01504284143447876,0.3244774116869481,0.6961467946180164,0.7075166174499041,0.7014752626419067,01047167e2120836f71781cf4723ff9c28f13a17f1adc54e91f474bd74e0d096
2,additive,3,1000,800,200,10000,10000,0.5,530,41260907,41760907,1041760907,2041260907,3041260907,0.08533328522540269,1.0856407992650918,1.0852841553838664,0.002411485070455742,1.1786159450289473,-0.0015928660860654307,0.002697424370459143,1.1778416979272723,2.220446049250313e-16,6.187862737760952e-07,3710,0.005,1,1,0.9156530499458313,1.0,-0.0843469500541687,0.0843469500541687,-0.9870631694793701,-1.0,0.012936830520629883,0.012936830520629883,0.320813178685339,0.6998862166293202,0.7127765257677712,0.7063772678375244,02fadfb202d2251cc0e5be7d676eabb8ca5783e3af83fd7e6a3a50d670ea9870
2,additive,3,1000,800,200,10000,10000,0.5,531,41260907,41760907,1041760907,2041260907,3041260907,0.08668484638543825,1.1076032016178592,1.1089413082031563,0.0026897778200020484,1.2267848522341318,0.00013809749259681471,-0.00022464472095814496,1.2297508250393276,0.0,5.855311471236746e-07,3717,0.005,1,1,0.913979172706604,1.0,-0.086020827293396,0.086020827293396,-0.9892911314964294,-1.0,0.010708868503570557,0.010708868503570557,0.325049337451061,0.6961830830338116,0.7193481670527111,0.7018328905105591,aa22954114fd1abeaa4872771d77da68db3d2066a25bfc9d3c85dde4aa4b1606
2,additive,3,1000,800,200,10000,10000,0.5,532,41260907,41760907,1041760907,2041260907,3041260907,0.0857399879586878,1.0644424522636076,1.0656890260229224,0.0025950127265782596,1.1330377341809625,3.0176639071912147e-05,-5.3145066755228075e-05,1.1356931001856847,0.0,5.726519187732038e-07,3724,0.005,1,1,0.9149719476699829,1.0,-0.08502805233001709,0.08502805233001709,-0.98897385597229,-1.0,0.011026144027709961,0.011026144027709961,0.3199605221637735,0.6894573554606263,0.7085391926215215,0.6960781812667847,efb629400ae51f8509644a72e7877909c3d98f055b64b1e379736f73275046ff
2,additive,3,1000,800,200,10000,10000,0.5,533,41260907,41760907,1041760907,2041260907,3041260907,0.084687926839168,1.1007052639914157,1.10018970770608,0.0024923296243063,1.211552078178412,-0.0018135074301641708,0.0029875471086702873,1.21041739294239,2.220446049250313e-16,5.980845578790195e-07,3731,0.005,1,1,0.9160789847373962,1.0,-0.08392101526260376,0.08392101526260376,-0.988628625869751,-1.0,0.011371374130249023,0.011371374130249023,0.3126094157874104,0.6901117052939502,0.7161339915511329,0.6962459087371826,f486fa4d7f2c65b434e4ab841729c0f25015376a9e244b8ca327c85ca90d52f8
2,additive,3,1000,800,200,10000,10000,0.5,534,41260907,41760907,1041760907,2041260907,3041260907,0.08466484570354935,1.0783100066578206,1.0758624180725567,0.0022879796244438303,1.1627524704583894,-0.0037802537309521993,0.0064894806539694426,1.1574799426209288,0.0,5.795371489369927e-07,3738,0.005,1,1,0.9164925813674927,1.0,-0.08350741863250732,0.08350741863250732,-0.9860484004020691,-1.0,0.013951599597930908,0.013951599597930908,0.318865521827805,0.6903998314419133,0.708809301831122,0.6966460943222046,490fe481081acc54cdc1f502010cdb560d6a12aea46c33e6d92b9a3fa890938b
2,additive,3,1000,800,200,10000,10000,0.5,535,41260907,41760907,1041760907,2041260907,3041260907,0.0856997473308453,1.0855427555623327,1.0851074375345415,0.002598260485265121,1.1784030741538623,-0.0017715918231743012,0.0030001521102694397,1.177458150992779,4.440892098500626e-16,5.696584857162179e-07,3745,0.005,1,1,0.9150030612945557,1.0,-0.08499693870544434,0.08499693870544434,-0.9890470504760742,-1.0,0.010952949523925781,0.010952949523925781,0.31247275171684036,0.6919975698584014,0.7122180987488759,0.698384165763855,9dd47821a573e0d969c4df77d208ea56255fd5761e8e5edd2dba0e20fc050ef0
2,additive,3,1000,800,200,10000,10000,0.5,536,41260907,41760907,1041760907,2041260907,3041260907,0.08635904229650221,1.1105995885207633,1.1137384618758848,0.002797703724940949,1.233431446022489,0.002092105857115732,-0.003384657055762135,1.2404133614616615,0.0,5.851071325224666e-07,3752,0.005,1,1,0.9141312837600708,1.0,-0.0858687162399292,0.0858687162399292,-0.9908104538917542,-1.0,0.00918954610824585,0.00918954610824585,0.31570439449350246,0.6909778985896824,0.7199425058678944,0.6946470737457275,e669490dcd3952b7591decf57e9f0a2a4f6b9f1ab3ab1fe5442b517f26080569
2,additive,3,1000,800,200,10000,10000,0.5,537,41260907,41760907,1041760907,2041260907,3041260907,0.08706229486109597,1.089054304179801,1.0898442500957943,0.003065800508814489,1.1860392774525506,-0.0006722942472505219,0.0011307566668592854,1.187760489466864,2.220446049250313e-16,6.042335805034327e-07,3759,0.005,1,1,0.9132060408592224,1.0,-0.08679395914077759,0.08679395914077759,-0.9931697845458984,-1.0,0.0068302154541015625,0.0068302154541015625,0.3098529759720697,0.704127255394942,0.7135365753298133,0.7095445394515991,bd5ac33350a1c4d1b92ab1e5b13753c403330ec2859ca796b9b411d38f632d17
2,additive,3,1000,800,200,10000,10000,0.5,538,41260907,41760907,1041760907,2041260907,3041260907,0.09043529243085564,1.0813660107653018,1.0852304064002938,0.0034122534310984188,1.1693524492384628,0.0024801661530928945,-0.004229605729857487,1.1777250349757469,-2.220446049250313e-16,5.714312649729436e-07,3766,0.005,1,1,0.9097663164138794,1.0,-0.0902336835861206,0.0902336835861206,-0.9939647316932678,-1.0,0.006035268306732178,0.006035268306732178,0.3212383739844495,0.7026155588116958,0.713162266845531,0.7086958885192871,90c38a6772e18871cb90c4d91cb0a21391137bd2a0b8da7059facccae40d2705
2,additive,3,1000,800,200,10000,10000,0.5,539,41260907,41760907,1041760907,2041260907,3041260907,0.08994412956022604,1.0794386925159396,1.0822887456171966,0.0032893825154561704,1.1651878909005213,0.0014358277368335774,-0.0024576049008399044,1.1713489288896448,2.220446049250313e-16,5.768458564148204e-07,3773,0.005,1,1,0.9103192687034607,1.0,-0.0896807312965393,0.0896807312965393,-0.9931215643882751,-1.0,0.0068784356117248535,0.0068784356117248535,0.31730277959596104,0.704657263931976,0.7114531204652074,0.7077487707138062,370138cbcc27024d8a0d45dc86b7a4dddf11e946edeeb5e0bcecfa34fd4918bb
2,additive,3,1000,800,200,10000,10000,0.5,540,41260907,41760907,1041760907,2041260907,3041260907,0.0876884352918668,1.0783604699789198,1.0771288126515184,0.0031716245343164557,1.162861303213157,-0.0029132243517017275,0.004996813181475852,1.1602064790440698,-2.220446049250313e-16,5.796428297344391e-07,3780,0.005,1,1,0.9125332832336426,1.0,-0.08746671676635742,0.08746671676635742,-0.9937682151794434,-1.0,0.006231784820556641,0.006231784820556641,0.3093269291023412,0.6987039877293895,0.7096161866597492,0.7063770294189453,1ea37f0a99ff206d8f76d923dfb64cb4a647538bf40957eeee8b010f94dba943
2,additive,3,1000,800,200,10000,10000,0.5,541,41260907,41760907,1041760907,2041260907,3041260907,0.08640374706559961,1.0905657368149542,1.0932023641337656,0.0031552738349858948,1.189333626314744,0.0013012543989621363,-0.002182417628874784,1.1950914089476543,2.220446049250313e-16,6.041888571672871e-07,3787,0.005,1,1,0.913761556148529,1.0,-0.08623844385147095,0.08623844385147095,-0.9946578741073608,-1.0,0.00534212589263916,0.00534212589263916,0.3151187358687854,0.7029701005751725,0.7149430615842042,0.7092310190200806,078aa409beee2de333ee605c1d08be0d8c9d6b65b8e59984682c31dd228ca061
2,additive,3,1000,800,200,10000,10000,0.5,542,41260907,41760907,1041760907,2041260907,3041260907,0.08495385952547328,1.095334353534231,1.103139582109261,0.0032031141665045944,1.199757346032252,0.00697823870871932,-0.011601775685239655,1.216916937616195,0.0,5.753324856527797e-07,3794,0.005,1,1,0.9151248335838318,1.0,-0.08487516641616821,0.08487516641616821,-0.996344268321991,-1.0,0.003655731678009033,0.003655731678009033,0.34333141437737374,0.7124451677050994,0.7198274280975021,0.7191994786262512,5b5909ce7d89e6f61e21c253e9688fff3713b427c24cdf3191176435232f8192
2,additive,3,1000,800,200,10000,10000,0.5,543,41260907,41760907,1041760907,2041260907,3041260907,0.08190527013722426,1.0852436407870611,1.0940960190819176,0.003105722416857948,1.1777537598687557,0.008093308342642996,-0.01370748757841701,1.1970460989708998,0.0,5.473408126732693e-07,3801,0.005,1,1,0.9181235432624817,1.0,-0.08187645673751831,0.08187645673751831,-0.9978276491165161,-1.0,0.0021723508834838867,0.0021723508834838867,0.3396806158093234,0.7035255348233161,0.7183047398462968,0.7135264873504639,d193572399d93331924acf1005ef0d0711599ce82f47b65ec93c9028148012f0
2,additive,3,1000,800,200,10000,10000,0.5,544,41260907,41760907,1041760907,2041260907,3041260907,0.0820972822344596,1.0955399566051416,1.1033360156789669,0.0029956484599335848,1.2002077965183953,0.007073459258004471,-0.011757711112823272,1.2173503634943377,-2.220446049250313e-16,6.363641187334679e-07,3808,0.005,1,1,0.9179767966270447,1.0,-0.08202320337295532,0.08202320337295532,-0.9965131878852844,-1.0,0.003486812114715576,0.003486812114715576,0.33677429533801684,0.7230915901826682,0.7190283310403651,0.728981077671051,0927f448d984ea0e760dbef2750890b196ad6ed5efd2958b34c0f7a842124cc6
2,additive,3,1000,800,200,10000,10000,0.5,545,41260907,41760907,1041760907,2041260907,3041260907,0.0831617808655039,1.0999648720253599,1.0989481180265248,0.0028118458380553156,1.2099227196897664,-0.0025237997068904717,0.004162163392765228,1.2076869661140406,-2.220446049250313e-16,5.750359690637197e-07,3815,0.005,1,1,0.917081892490387,1.0,-0.08291810750961304,0.08291810750961304,-0.9936384558677673,-1.0,0.006361544132232666,0.006361544132232666,0.310313848623746,0.697321579470599,0.7131540131887117,0.7025051712989807,8a26f4f2de8d4ebc8757d87e64a061c29fb66a1c9111ab8c8461d86eff5abc95
2,additive,3,1000,800,200,10000,10000,0.5,546,41260907,41760907,1041760907,2041260907,3041260907,0.08391435635066767,1.1175822017523398,1.1171245336793676,0.002706301907975256,1.2489899776736075,-0.0018645279166192082,0.00297920181921845,1.2479672237483443,0.0,5.770966140516975e-07,3822,0.005,1,1,0.9164853096008301,1.0,-0.08351469039916992,0.08351469039916992,-0.9918197989463806,-1.0,0.008180201053619385,0.008180201053619385,0.31177940973742,0.7063860603775504,0.7208776281703239,0.7132587432861328,26a526adcdab2bd9a284d916586758b8cf25d446f9aa24348abb6ee797ea08e8
2,additive,3,1000,800,200,10000,10000,0.5,547,41260907,41760907,1041760907,2041260907,3041260907,0.08282059156815123,1.0895641674821386,1.089926830707658,0.002410697205553018,1.1871500750610455,-0.0008101379850794772,0.0013620791874900747,1.1879404962964395,-2.220446049250313e-16,5.697610809818343e-07,3829,0.005,1,1,0.9178842902183533,1.0,-0.08211570978164673,0.08211570978164673,-0.9892175793647766,-1.0,0.010782420635223389,0.010782420635223389,0.31083500210231796,0.7031082106033097,0.7137705516438249,0.7091721296310425,f086eda63fa6109addebd9ef5bed59eec8c25853ede7b6b1467ad852e3b0d4b6
2,additive,3,1000,800,200,10000,10000,0.5,548,41260907,41760907,1041760907,2041260907,3041260907,0.08192463612150461,1.1043406176508868,1.1003436972430305,0.002327279800634008,1.2195681997935421,-0.0055696137658571305,0.009116350553497337,1.210756252062462,2.220446049250313e-16,5.729648169250368e-07,3836,0.005,1,1,0.9188259840011597,1.0,-0.08117401599884033,0.08117401599884033,-0.9889354109764099,-1.0,0.011064589023590088,0.011064589023590088,0.3230813048749733,0.6979365621391852,0.714299914256812,0.7034305334091187,fe27e3622bf93c596eee5e88d83dba2ed0003523bef7fd045a80de947b4d9f55
2,additive,3,1000,800,200,10000,10000,0.5,549,41260907,41760907,1041760907,2041260907,3041260907,0.0840701774178018,1.0847636576074622,1.0858550073067503,0.0026008499760750694,1.1767121928659192,-0.00011597297442570596,0.0001966788633936005,1.1790810968931429,0.0,6.244006875988362e-07,3843,0.005,1,1,0.9164727330207825,1.0,-0.08352726697921753,0.08352726697921753,-0.9904611110687256,-1.0,0.009538888931274414,0.009538888931274414,0.30698181468904595,0.6938899500850829,0.7130597137720286,0.7012802362442017,554dd41abcf897263a80971f8e29a4927b312aeb1e6edfc223bf9b2d0dc94904
2,additive,3,1000,800,200,10000,10000,0.5,550,41260907,41760907,1041760907,2041260907,3041260907,0.08783918227482146,1.0985373660223603,1.104584244393239,0.0030057740657882526,1.206784344547345,0.005158117174324754,-0.008527292618719456,1.2201063529617826,-2.220446049250313e-16,6.136381607291241e-07,3850,0.005,1,1,0.912537157535553,1.0,-0.08746284246444702,0.08746284246444702,-0.9918776154518127,-1.0,0.008122384548187256,0.008122384548187256,0.31899192145893634,0.7085115239237743,0.7210415825565666,0.7148386240005493,505773f18c5604073ce2a8b407afc1bdee02fa64e1355aab129582e3b7495a87
2,additive,3,1000,800,200,10000,10000,0.5,551,41260907,41760907,1041760907,2041260907,3041260907,0.0875785407731551,1.1041263212953223,1.10408261085296,0.0027729279114147,1.219094933377141,-0.0014347248503337213,0.0023484124524245876,1.2189984115878885,2.220446049250313e-16,5.595533583147017e-07,3857,0.005,1,1,0.9130535125732422,1.0,-0.08694648742675781,0.08694648742675781,-0.989497184753418,-1.0,0.010502815246582031,0.010502815246582031,0.3155605506406027,0.7000314395120969,0.7156519394916904,0.7046980261802673,92ca82e07b49465a6bee047983fc3a213a222296a835323dfe67ca7b03767212
2,additive,3,1000,800,200,10000,10000,0.5,552,41260907,41760907,1041760907,2041260907,3041260907,0.09144037957567532,1.0784384959009057,1.0834497183364977,0.0031037395940244233,1.1630295894410079,0.0038649815642019902,-0.00662871297469945,1.1738632921634364,2.220446049250313e-16,5.703541425816638e-07,3864,0.005,1,1,0.9091173410415649,1.0,-0.09088265895843506,0.09088265895843506,-0.9899160861968994,-1.0,0.010083913803100586,0.010083913803100586,0.32056147879069186,0.6974846666927295,0.714517830064085,0.7064554691314697,8954c700c7639b8c38211727ec8fbf88134e4b8eb054a32a974e94dfba8a7f8a
2,additive,3,1000,800,200,10000,10000,0.5,553,41260907,41760907,1041760907,2041260907,3041260907,0.09120744734280674,1.095538490247741,1.0994038996946098,0.002923757481300577,1.2002045836142998,0.0027802967840576823,-0.004621779221867337,1.2086889346637157,0.0,5.753669078956136e-07,3871,0.005,1,1,0.9095686674118042,1.0,-0.0904313325881958,0.0904313325881958,-0.988126814365387,-1.0,0.011873185634613037,0.011873185634613037,0.31797479460647216,0.7017422559659683,0.7161974319257438,0.7072391510009766,98369293903b978f75401750ffa84611ef03b17b2cc826dae6bb8456399b9174
2,additive,3,1000,800,200,10000,10000,0.5,554,41260907,41760907,1041760907,2041260907,3041260907,0.09134064539514332,1.0854298723405227,1.08989922742623,0.002987332111371557,1.1781580077691634,0.0033674930318790884,-0.00570208071467257,1.187880325944293,-2.220446049250313e-16,6.003201740156783e-07,3878,0.005,1,1,0.9093578457832336,1.0,-0.09064215421676636,0.09064215421676636,-0.9887255430221558,-1.0,0.011274456977844238,0.011274456977844238,0.338192830034997,0.7084079035663238,0.7148456722304615,0.7138754725456238,04a74b904111cf781c6a095df6561d460dfbd6971cfed97a92a9d9b4661bf3b8
2,additive,3,1000,800,200,10000,10000,0.5,555,41260907,41760907,1041760907,2041260907,3041260907,0.09080525972032151,1.1057935240199197,1.1068495740518922,0.002989218716402835,1.2227793177643926,-0.0003262784509700342,0.0005323655180557755,1.2251159795788553,-2.220446049250313e-16,5.675337497734745e-07,3885,0.005,1,1,0.9098391532897949,1.0,-0.09016084671020508,0.09016084671020508,-0.9892010688781738,-1.0,0.010798931121826172,0.010798931121826172,0.3093492317902376,0.7138637681621048,0.7182760307891114,0.7218669652938843,c81bc6492dcf5724f21ad917b1bd913960e119d120811138eb10707a1b5e5387
2,additive,3,1000,800,200,10000,10000,0.5,556,41260907,41760907,1041760907,2041260907,3041260907,0.08995962919082814,1.09831155618141,1.1004399172810813,0.0031180112785280816,1.2062882744416308,0.0007808629127171161,-0.0012913161142570706,1.210968011545593,0.0,6.301017450027757e-07,3892,0.005,1,1,0.9104607701301575,1.0,-0.08953922986984253,0.08953922986984253,-0.9913131594657898,-1.0,0.008686840534210205,0.008686840534210205,0.31079805771294083,0.7015073288121885,0.7158715964190006,0.706367015838623,4c3addffd211e247c16d76caa2f8dddf0d896db4af0b477387ded8aa1fcec755
2,additive,3,1000,800,200,10000,10000,0.5,557,41260907,41760907,1041760907,2041260907,3041260907,0.0880471719785619,1.1117781690042376,1.1138775314972535,0.0027926795362310953,1.2360506970744152,0.0009398892818844463,-0.0015173657939809807,1.240723155174415,-4.440892098500626e-16,5.682473442902847e-07,3899,0.005,1,1,0.9126021862030029,1.0,-0.08739781379699707,0.08739781379699707,-0.9893263578414917,-1.0,0.0106736421585083,0.0106736421585083,0.30890497093905817,0.7088501546617374,0.7192097876463897,0.7149524092674255,6062cf034fd00944ff374a390c8e109f18edd331b777c73e32fa78789ee1db39
2,additive,3,1000,800,200,10000,10000,0.5,558,41260907,41760907,1041760907,2041260907,3041260907,0.08687271497359689,1.1144670602696092,1.113344307636693,0.0023781188635075765,1.2420368284259846,-0.002439699971232557,0.0039210393230112855,1.239535547347027,2.220446049250313e-16,5.929326061249185e-07,3906,0.005,1,1,0.9143823981285095,1.0,-0.08561760187149048,0.08561760187149048,-0.9852862358093262,-1.0,0.014713764190673828,0.014713764190673828,0.3060758651413728,0.702133150542907,0.7167353749022747,0.7093857526779175,119345eb01c559c93dba2ae409bc3e78f1e73eabc0c1e48c559cdee77384c46d
2,additive,3,1000,800,200,10000,10000,0.5,559,41260907,41760907,1041760907,2041260907,3041260907,0.08612971883938988,1.1444291124422552,1.1436211746669305,0.00227555281596273,1.3097179934053682,-0.0020620775373806034,0.003143426342788937,1.3078693911465697,0.0,5.748448543840823e-07,3913,0.005,1,1,0.9152607917785645,1.0,-0.08473920822143555,0.08473920822143555,-0.9845858812332153,-1.0,0.015414118766784668,0.015414118766784668,0.31340732673744065,0.7071963862323907,0.7266290723175188,0.7148396372795105,2a1a4ea76d49610ec35982fbc01400e9d8a442b832a36d722fdeda006ee0dce9
2,additive,3,1000,800,200,10000,10000,0.5,560,41260907,41760907,1041760907,2041260907,3041260907,0.0861739266545671,1.1541926567266472,1.1479875239631294,0.0021985207817827746,1.332160688841716,-0.00824192722425082,0.012353386051985738,1.3178753551749967,-4.440892098500626e-16,5.870090848958398e-07,3920,0.005,1,1,0.9154225587844849,1.0,-0.08457744121551514,0.08457744121551514,-0.9834893345832825,-1.0,0.01651066541671753,0.01651066541671753,0.33807426723728695,0.7150296958311831,0.7266134805786105,0.7218597531318665,163fe7718909514ccda54a38568560445f716425272d47f1145bfc9d8dedfeae
2,additive,3,1000,800,200,10000,10000,0.5,561,41260907,41760907,1041760907,2041260907,3041260907,0.0879586246176555,1.179116664352056,1.178121184613084,0.0024463324087050094,1.390316108152719,-0.0023964574636440375,0.0034413011061355486,1.3879695256341362,2.220446049250313e-16,5.734947592372919e-07,3927,0.005,1,1,0.913293719291687,1.0,-0.08670628070831299,0.08670628070831299,-0.985210120677948,-1.0,0.014789879322052002,0.014789879322052002,0.34446236172048494,0.7167437950718277,0.7349173419206809,0.7234994769096375,29c17b2d3c5e6593190a25292c6f31c0cbd9968ca7b7d90f501f7d5094ad57bd
2,additive,3,1000,800,200,10000,10000,0.5,562,41260907,41760907,1041760907,2041260907,3041260907,0.08735262318911194,1.1195128488078723,1.113671610117313,0.0024461846551505667,1.2533090186459177,-0.00774537405988969,0.012335802455015159,1.2402644551812885,-4.440892098500626e-16,5.79658692601015e-07,3934,0.005,1,1,0.9138189554214478,1.0,-0.08618104457855225,0.08618104457855225,-0.985741376876831,-1.0,0.014258623123168945,0.014258623123168945,0.32341121398546413,0.7120488235185011,0.7186478612929108,0.7187604904174805,a82f98502c442a5d2cd6b21b1572b0d8e406a6bdce3459a38820bfd44be356d3
2,additive,3,1000,800,200,10000,10000,0.5,563,41260907,41760907,1041760907,2041260907,3041260907,0.08871915997267081,1.117080822029643,1.115140089695413,0.0025288972199157805,1.247869562946423,-0.003430520260222579,0.005487083309053694,1.2435374196458937,2.220446049250313e-16,5.995806198200171e-07,3941,0.005,1,1,0.9124591946601868,1.0,-0.08754080533981323,0.08754080533981323,-0.9855883121490479,-1.0,0.014411687850952148,0.014411687850952148,0.3080271850292106,0.7046959223333067,0.7202559278073112,0.7106233835220337,c01a2b3af3c0374f030a44b05abedfe34641a2b621f118b3c35fd87b7eebee0b
2,additive,3,1000,800,200,10000,10000,0.5,564,41260907,41760907,1041760907,2041260907,3041260907,0.09029710239789324,1.142433862646656,1.1424773621883326,0.002521711374824293,1.3051551305217581,-0.001211159391885865,0.0018523833306235906,1.3052545231128105,-2.220446049250313e-16,5.73577603191211e-07,3948,0.005,1,1,0.9111130237579346,1.0,-0.08888697624206543,0.08888697624206543,-0.984104335308075,-1.0,0.01589566469192505,0.01589566469192505,0.3106511212009785,0.7124066083482495,0.7271146181582304,0.7182950377464294,0a8c1296f095bca09aeda6e0b4086e83f168637566854ee22add9f5df3d5de0a
2,additive,3,1000,800,200,10000,10000,0.5,565,41260907,41760907,1041760907,2041260907,3041260907,0.09192883765199093,1.1223717853782726,1.1277790107668935,0.0026964726620402257,1.2597184246132114,0.004735299925550608,-0.0075019709221922195,1.271885497126353,0.0,5.549720789588264e-07,3955,0.005,1,1,0.9093298316001892,1.0,-0.09067016839981079,0.09067016839981079,-0.9848397970199585,-1.0,0.015160202980041504,0.015160202980041504,0.31923790539211866,0.7198905332440035,0.7256836392754322,0.7255663871765137,3082acf3ce7a1d0b09bfe95e19de182fcb67ce8c68ced65ef5b2c014c2d2cf81
2,additive,3,1000,800,200,10000,10000,0.5,566,41260907,41760907,1041760907,2041260907,3041260907,0.0901213976839453,1.0757926206509114,1.078498226788125,0.002348447374864511,1.1573297626469559,0.0017401075816547461,-0.0030010179834663005,1.16315842518513,0.0,5.863275820416902e-07,3962,0.005,1,1,0.911699652671814,1.0,-0.08830034732818604,0.08830034732818604,-0.9819746017456055,-1.0,0.01802539825439453,0.01802539825439453,0.3164022030941248,0.7031239008559871,0.7122318921008194,0.7094000577926636,05b5c8d8a21fa2cef1581fa18fbfa71b131ed6f18d59b994f80f7d65b57ca46c
2,additive,3,1000,800,200,10000,10000,0.5,567,41260907,41760907,1041760907,2041260907,3041260907,0.08874707007861368,1.111294165173963,1.1135958894533,0.002101760302455667,1.2349747215496951,0.0015096615775678497,-0.002440692390025206,1.2400958050072866,2.220446049250313e-16,5.755309562260891e-07,3969,0.005,1,1,0.9136065244674683,1.0,-0.08639347553253174,0.08639347553253174,-0.979697048664093,-1.0,0.020302951335906982,0.020302951335906982,0.31356731415577715,0.7135295179991721,0.7201385387618098,0.7201900482177734,ce70af80aa5a8b6eb6f25de654c7119c8b3e682a87938712a950afb6b877700c
2,additive,3,1000,800,200,10000,10000,0.5,568,41260907,41760907,1041760907,2041260907,3041260907,0.08885474808496269,1.1077748240660872,1.1088961224887381,0.0019379872291503777,1.2271650608346503,0.0002737812033788983,-0.00044549755825629817,1.2296506104705587,2.220446049250313e-16,5.630389328104002e-07,3976,0.005,1,1,0.9141855239868164,1.0,-0.0858144760131836,0.0858144760131836,-0.9769556522369385,-1.0,0.023044347763061523,0.023044347763061523,0.3097708865274635,0.6978266093819824,0.7187462911091494,0.7036669254302979,89fec48c992aae9e16c90212d7afe315e88cf45fa57cee6f0f197edded511606
2,additive,3,1000,800,200,10000,10000,0.5,569,41260907,41760907,1041760907,2041260907,3041260907,0.09016542910642963,1.1385318200970285,1.1412404222946366,0.001976531640066866,1.2962547053734523,0.0020992322328607146,-0.003233988172538255,1.3024297014792405,0.0,5.758027121771647e-07,3983,0.005,1,1,0.9130070209503174,1.0,-0.08699297904968262,0.08699297904968262,-0.9762929081916809,-1.0,0.023707091808319092,0.023707091808319092,0.311054178878999,0.7085863390035625,0.7276447167942267,0.7162986993789673,1c00e8013dadc7cf923f951ea64641786380c975500f6746949973e0af89adbb
2,additive,3,1000,800,200,10000,10000,0.5,570,41260907,41760907,1041760907,2041260907,3041260907,0.08843100765466255,1.1120310305056482,1.1102434902965173,0.0018671444834912467,1.2366130128074537,-0.0029197747725759186,0.004715093343057902,1.232640607745793,-2.220446049250313e-16,5.587506137771925e-07,3990,0.005,1,1,0.914846658706665,1.0,-0.08515334129333496,0.08515334129333496,-0.9761472940444946,-1.0,0.02385270595550537,0.02385270595550537,0.3138756410217562,0.7054450827248769,0.7183752226457464,0.7128134369850159,0f4edb4d20c9c07e8be4ba7589ba8a749f7001e32113ac320679b533c997e70b
2,additive,3,1000,800,200,10000,10000,0.5,571,41260907,41760907,1041760907,2041260907,3041260907,0.09006629382706656,1.1284730001488692,1.1292651209718159,0.0019985283495580768,1.27345131206499,-0.00010506348552907343,0.00016474734199649213,1.2752397134434899,0.0,5.849648854194811e-07,3997,0.005,1,1,0.9129824638366699,1.0,-0.08701753616333008,0.08701753616333008,-0.9767645597457886,-1.0,0.023235440254211426,0.023235440254211426,0.30401164913831596,0.6969909455177324,0.7220407419945101,0.7048954963684082,0a0ead2129ba00dc894da6c4d7983e1a4eb419415c453207be5389f5e8c50cd3
2,additive,3,1000,800,200,10000,10000,0.5,572,41260907,41760907,1041760907,2041260907,3041260907,0.09004151550647102,1.1266162276651421,1.125831040747426,0.001967705436788871,1.2692641244384353,-0.001868148782396149,0.0029391158064056883,1.267495532310432,2.220446049250313e-16,5.746277604856687e-07,4004,0.005,1,1,0.9131424427032471,1.0,-0.08685755729675293,0.08685755729675293,-0.9762673377990723,-1.0,0.023732662200927734,0.023732662200927734,0.304824050626526,0.7060244782353373,0.7218469750578521,0.7112375497817993,e97752a4c5e8f0d893c07bc19ee72a766f54a82be7d54373c5103ef76df1c163
2,additive,3,1000,800,200,10000,10000,0.5,573,41260907,41760907,1041760907,2041260907,3041260907,0.09080015872196687,1.1252082555527718,1.1236694556793294,0.002019277895486748,1.2660936183641116,-0.002739925316458994,0.004321264020799134,1.2626330456266803,-2.220446049250313e-16,5.756833232339886e-07,4011,0.005,1,1,0.9123269319534302,1.0,-0.08767306804656982,0.08767306804656982,-0.9763758182525635,-1.0,0.023624181747436523,0.023624181747436523,0.3072192369433525,0.708806384894244,0.7202826741764559,0.7181354761123657,0a71d7bb6cc02ef9d306472b41976ca5709b18f624f82b784684d4400dc60744
2,additive,3,1000,800,200,10000,10000,0.5,574,41260907,41760907,1041760907,2041260907,3041260907,0.09380293366902731,1.1327156846837756,1.1312694213095214,0.002132209862730755,1.2830448223286344,-0.002703264300692963,0.004206835685638743,1.2797705035899793,2.220446049250313e-16,6.187710201999153e-07,4018,0.005,1,1,0.9095290303230286,1.0,-0.09047096967697144,0.09047096967697144,-0.9752210974693298,-1.0,0.024778902530670166,0.024778902530670166,0.31264644908598027,0.7072634970458397,0.7237772934523892,0.7141931653022766,6ecb265d2ceb47be1c738e8bb743df1e382e631d9c7a08b0a83761654c8986e6
2,additive,3,1000,800,200,10000,10000,0.5,575,41260907,41760907,1041760907,2041260907,3041260907,0.09560183667465576,1.0932373739680956,1.0954230077031506,0.0023369884211965042,1.1951679558406576,0.0012233107717812659,-0.002043099325214592,1.1999515658054165,-2.220446049250313e-16,5.865737318089259e-07,4025,0.005,1,1,0.9072946310043335,1.0,-0.0927053689956665,0.0927053689956665,-0.9766456484794617,-1.0,0.02335435152053833,0.02335435152053833,0.3075433462901397,0.7029875008464004,0.7155721154448855,0.7136361598968506,853addbbe7c9199271ac1d0629a4e16a8b82acc5b9b9b85502190238856b22f6
2,additive,3,1000,800,200,10000,10000,0.5,576,41260907,41760907,1041760907,2041260907,3041260907,0.09428893797855413,1.1012928753593323,1.1008606536215437,0.0021298630755016354,1.2128459973172256,-0.0015408408503375045,0.002536413933095667,1.2118941786920523,0.0,6.295746715068162e-07,4032,0.005,1,1,0.9091723561286926,1.0,-0.09082764387130737,0.09082764387130737,-0.9746870994567871,-1.0,0.02531290054321289,0.02531290054321289,0.3137817589629887,0.6965092639585171,0.7152903956602237,0.7016507387161255,119777e2346931e77d0ac5ea5e9df250cf2a6181b7aa3e24dff2802e42e40728
2,additive,3,1000,800,200,10000,10000,0.5,577,41260907,41760907,1041760907,2041260907,3041260907,0.09683693762331187,1.116797775895256,1.1189703612019595,0.002308930704578057,1.2472372722445908,0.0012742331496373386,-0.00203951345957421,1.2520946692484436,0.0,5.855844218416451e-07,4039,0.005,1,1,0.9064466953277588,1.0,-0.09355330467224121,0.09355330467224121,-0.9749965667724609,-1.0,0.025003433227539062,0.025003433227539062,0.30911019655132127,0.701330604232638,0.7215925666019403,0.709384560585022,c0627b8567d7ab773e2e89142600f57bda69574254bd24b820169d0afb289278
2,additive,3,1000,800,200,10000,10000,0.5,578,41260907,41760907,1041760907,2041260907,3041260907,0.09553152786977924,1.1096124298270524,1.1084832028779288,0.0021582384430321646,1.2312397444266956,-0.002331485903608161,0.003780589778789048,1.2287350110625113,0.0,5.676394270182072e-07,4046,0.005,1,1,0.908107340335846,1.0,-0.09189265966415405,0.09189265966415405,-0.973884642124176,-1.0,0.026115357875823975,0.026115357875823975,0.3126041091353381,0.6961131700539659,0.7168959754952279,0.705767810344696,6597cb1c1651f6c1cc4b51135cad8c4d688529908261dd155176ba40098adbb7
2,additive,3,1000,800,200,10000,10000,0.5,579,41260907,41760907,1041760907,2041260907,3041260907,0.08955093301986393,1.1918718831284236,1.1888516776964293,0.0017310952001393857,1.4205585857920946,-0.004460684715309739,0.0062725403620981415,1.4133683115616147,0.0,5.816808439362831e-07,4053,0.005,1,1,0.9148458242416382,1.0,-0.08515417575836182,0.08515417575836182,-0.972284734249115,-1.0,0.02771526575088501,0.02771526575088501,0.34870250289075033,0.7123542673736616,0.7342198705407392,0.715579628944397,e68d8f19e659bf9a910bb0b4791e84bda79e7397be1ddfcb2e714261ea129439
2,additive,3,1000,800,200,10000,10000,0.5,580,41260907,41760907,1041760907,2041260907,3041260907,0.08726573381039684,1.1167390967614068,1.1157424798504618,0.0016514082463679888,1.2471062102354826,-0.0019381685694962532,0.0031041549469824877,1.2448812813428582,2.220446049250313e-16,5.52632840822298e-07,4060,0.005,1,1,0.9169651865959167,1.0,-0.08303481340408325,0.08303481340408325,-0.9731573462486267,-1.0,0.02684265375137329,0.02684265375137329,0.3085201842422163,0.7105521077180025,0.7175867115676722,0.7175811529159546,284f8bb8c6dc9e7cac91caf82cf44001e43b1e69aa3f133330b660c0a704d3da
2,additive,3,1000,800,200,10000,10000,0.5,581,41260907,41760907,1041760907,2041260907,3041260907,0.08920318625953368,1.147996790975088,1.152500548384438,0.0018510094774175471,1.3178966320891,0.004254936229956468,-0.006448105828635439,1.32825751402643,-2.220446049250313e-16,5.782644976193296e-07,4067,0.005,1,1,0.9143565893173218,1.0,-0.08564341068267822,0.08564341068267822,-0.975051760673523,-1.0,0.02494823932647705,0.02494823932647705,0.33305831074201864,0.7212208942583169,0.7322183660930035,0.7299596667289734,f5c45dcbee96d6bf1effdb9375758f4059aa0ae0ef468b368135c1bb02535cfe
2,additive,3,1000,800,200,10000,10000,0.5,582,41260907,41760907,1041760907,2041260907,3041260907,0.08699937355727774,1.093206200509154,1.094848676365794,0.001752054245848904,1.195099796831661,0.0009208865312106058,-0.0015388479875459002,1.198693624139931,0.0,5.82024171080775e-07,4074,0.005,1,1,0.9165206551551819,1.0,-0.08347934484481812,0.08347934484481812,-0.9755032658576965,-1.0,0.024496734142303467,0.024496734142303467,0.31981445649977935,0.7006832748324184,0.7161812244484956,0.707196831703186,9b1cb9c6cb41d32208ebb82288e564956ef6c111ad7d044712d503180be65691
2,additive,3,1000,800,200,10000,10000,0.5,583,41260907,41760907,1041760907,2041260907,3041260907,0.08435024700367585,1.1338553946050485,1.1331294561762721,0.001559294896429886,1.2856280558749702,-0.0016024931585328112,0.0024899143975777127,1.2839823644543344,0.0,5.916531602423447e-07,4081,0.005,1,1,0.919622004032135,1.0,-0.08037799596786499,0.08037799596786499,-0.974419891834259,-1.0,0.025580108165740967,0.025580108165740967,0.31226144089321517,0.7141313440887523,0.7222216827134837,0.7205865383148193,36a849fdd11f0c3f2f0378e7573114330e9a499a9e2377455d668a9367274d53
2,additive,3,1000,800,200,10000,10000,0.5,584,41260907,41760907,1041760907,2041260907,3041260907,0.08353477508603004,1.115291650434449,1.1158204764037363,0.0015425911857683485,1.2438754655287971,-0.00018136057635217458,0.00029124449476926155,1.2450553355618612,2.220446049250313e-16,5.718811166843807e-07,4088,0.005,1,1,0.9203062653541565,1.0,-0.0796937346458435,0.0796937346458435,-0.9749606847763062,-1.0,0.025039315223693848,0.025039315223693848,0.3024412502420381,0.6990632892484149,0.7207341839392694,0.7046241760253906,e0667496848364edd24591fe73448cc45963dbe598d597924d177210c261acbd
2,additive,3,1000,800,200,10000,10000,0.5,585,41260907,41760907,1041760907,2041260907,3041260907,0.08345835665639141,1.1390178142606626,1.139502936638739,0.0015412388157912474,1.2973615812031374,-0.00021793870530924285,0.00033557353475615194,1.2984669426083102,2.220446049250313e-16,6.161393280024186e-07,4095,0.005,1,1,0.9203690886497498,1.0,-0.07963091135025024,0.07963091135025024,-0.9750156998634338,-1.0,0.024984300136566162,0.024984300136566162,0.30445746334311063,0.7046572978674973,0.7251192842989496,0.7113564610481262,95ba007d9b17b7cd0de902488695f15c759c09ad8482fa13b5346d0e835f91c6
2,additive,3,1000,800,200,10000,10000,0.5,586,41260907,41760907,1041760907,2041260907,3041260907,0.08593462367408489,1.1399475188265351,1.139732604218105,0.0017355765354208736,1.2994803456787736,-0.0011127565482053452,0.0017103334338421556,1.2989904091177837,0.0,6.026262937552929e-07,4102,0.005,1,1,0.9173968434333801,1.0,-0.08260315656661987,0.08260315656661987,-0.9763044714927673,-1.0,0.023695528507232666,0.023695528507232666,0.29834768541454604,0.7063863205136527,0.7246465912266018,0.7111706733703613,6e3d852205e061d5bf4302cb3ccce0552a919294e7a2fcacc2d53366bcb9745e
2,additive,3,1000,800,200,10000,10000,0.5,587,41260907,41760907,1041760907,2041260907,3041260907,0.08686500748600538,1.122935134251038,1.1205697823962637,0.0017057848222627185,1.260983315735397,-0.0035062316690248215,0.005553594574430576,1.25567663721961,0.0,5.762242523132954e-07,4109,0.005,1,1,0.9168894290924072,1.0,-0.08311057090759277,0.08311057090759277,-0.9747381210327148,-1.0,0.025261878967285156,0.025261878967285156,0.3101751836133077,0.7051952067858356,0.7188408054163781,0.7127690315246582,1758a3f01d2ecb15df152703c3d7424533b9d6426c7a775617ca92f8553f1cb7
2,additive,3,1000,800,200,10000,10000,0.5,588,41260907,41760907,1041760907,2041260907,3041260907,0.08564574994580651,1.1513470259205973,1.1490507861135246,0.001686129588489808,1.3255999740962048,-0.003484197308292805,0.005250107416359267,1.3203177090681089,0.0,6.087271060550847e-07,4116,0.005,1,1,0.9178879857063293,1.0,-0.08211201429367065,0.08211201429367065,-0.975652277469635,-1.0,0.02434772253036499,0.02434772253036499,0.31348688493534826,0.7143212975465915,0.7280310453392838,0.7207620143890381,b0d3e285640e56dfc3fc0aba33359ed7e4fb738def3cc3f5fb49dc76b3e1db40
2,additive,3,1000,800,200,10000,10000,0.5,589,41260907,41760907,1041760907,2041260907,3041260907,0.08486890550740377,1.1561926085243819,1.157327937156066,0.0017006234547297292,1.3367813480064146,0.0004629913303854626,-0.000691815564583274,1.3394079541219153,2.220446049250313e-16,5.732238115285782e-07,4123,0.005,1,1,0.9183785319328308,1.0,-0.08162146806716919,0.08162146806716919,-0.9767477512359619,-1.0,0.023252248764038086,0.023252248764038086,0.3107008454488031,0.7020153077277942,0.7284449685035084,0.7058331370353699,6c8cae1745aa05b7d7fc1d929ba07af4bff22d0e39c7bc794c2385f166836823
2,additive,3,1000,800,200,10000,10000,0.5,590,41260907,41760907,1041760907,2041260907,3041260907,0.08428439244530236,1.1402905937294934,1.1378158473147175,0.0016522992645901574,1.3002626381479603,-0.003645017506020985,0.0055994710580172915,1.2946249024005088,2.220446049250313e-16,5.905104547565543e-07,4130,0.005,1,1,0.9190802574157715,1.0,-0.08091974258422852,0.08091974258422852,-0.976423442363739,-1.0,0.023576557636260986,0.023576557636260986,0.310919497063288,0.705631826438551,0.7236617611349871,0.7094308733940125,943a686c1215afc3cf59d7f731bffecfe436875db3351913dd29448bedaa9143
2,additive,3,1000,800,200,10000,10000,0.5,591,41260907,41760907,1041760907,2041260907,3041260907,0.0857982453217974,1.171477552430105,1.168687072365281,0.0016605327324156647,1.3723596558476296,-0.004095357733157161,0.005961131819161157,1.3658294731137313,2.220446049250313e-16,5.612171580793301e-07,4137,0.005,1,1,0.9179325103759766,1.0,-0.08206748962402344,0.08206748962402344,-0.9749746918678284,-1.0,0.02502530813217163,0.02502530813217163,0.3322198153255796,0.7089162942401879,0.7304803758751932,0.7168172597885132,de7260b490da523c9777644b96e92ffbca8df69ab239b8138435eb32b734fbd6
2,additive,3,1000,800,200,10000,10000,0.5,592,41260907,41760907,1041760907,2041260907,3041260907,0.08884380866224864,1.184607337709894,1.182777184267199,0.0018666212698984304,1.4032945445561231,-0.0030996491014890076,0.004411805815408917,1.3989618676230438,2.220446049250313e-16,5.632536872468563e-07,4144,0.005,1,1,0.9145404100418091,1.0,-0.08545958995819092,0.08545958995819092,-0.9757125377655029,-1.0,0.02428746223449707,0.02428746223449707,0.3463410058693879,0.7255301399629102,0.7383917237081281,0.7304937839508057,d7928867e1cbe66aa64716fcf03e409922cbfba240ed3b2402d1427fd09c87ac
2,additive,3,1000,800,200,10000,10000,0.5,593,41260907,41760907,1041760907,2041260907,3041260907,0.08854895600499167,1.124411631647909,1.1243700791168705,0.0019720296166161433,1.2643015173851126,-0.0010327360942256288,0.0016311421756711765,1.2642080748132778,2.220446049250313e-16,5.684258752580718e-07,4151,0.005,1,1,0.9142708778381348,1.0,-0.08572912216186523,0.08572912216186523,-0.9778316617012024,-1.0,0.022168338298797607,0.022168338298797607,0.3298168230168765,0.7118934699320573,0.7221809076213633,0.7185008525848389,0c7cb1e6b4b7e72b8b5c95cb1b9c8ed19b4d4db5cb8c111f95d6f35e9bccc134
2,additive,3,1000,800,200,10000,10000,0.5,594,41260907,41760907,1041760907,2041260907,3041260907,0.0890320252112504,1.1243304299861752,1.126131615577426,0.002022140028640544,1.2641189157928974,0.0010156798907425756,-0.0016043708338381775,1.2681724156030232,0.0,5.648481877784661e-07,4158,0.005,1,1,0.9136844277381897,1.0,-0.0863155722618103,0.0863155722618103,-0.978175163269043,-1.0,0.02182483673095703,0.02182483673095703,0.30527792687454003,0.7032085248672436,0.7224633664066172,0.7091397047042847,31b996f3bcacb2725f545e5f97a6d7daca06cb4492e9d28b0144cebd6d3f035c
2,additive,3,1000,800,200,10000,10000,0.5,595,41260907,41760907,1041760907,2041260907,3041260907,0.08746039714750087,1.1346658802880905,1.1365168520889264,0.0019080391435019137,1.2874666598899471,0.0011479280243369156,-0.001780596478583664,1.2916705550821228,-2.220446049250313e-16,5.932157112198411e-07,4165,0.005,1,1,0.9153940081596375,1.0,-0.08460599184036255,0.08460599184036255,-0.9778381586074829,-1.0,0.02216184139251709,0.02216184139251709,0.30887430494263607,0.7105431100779228,0.7263922782233128,0.7157278060913086,b8bfc71a9fbda2595893ca9f52368c375b54922c41447b454351386d11d8a0e2
2,additive,3,1000,800,200,10000,10000,0.5,596,41260907,41760907,1041760907,2041260907,3041260907,0.08677666482086074,1.1245409205599686,1.1269405351883224,0.0018639159640723053,1.2645922820138613,0.001769385936304444,-0.0027942315559424872,1.2699949698505424,-2.220446049250313e-16,5.549584614072955e-07,4172,0.005,1,1,0.9161205887794495,1.0,-0.08387941122055054,0.08387941122055054,-0.9777641296386719,-1.0,0.022235870361328125,0.022235870361328125,0.3126991438950988,0.7008398771136121,0.7227422539525299,0.7062666416168213,75c66787152e45b0a8b278c3fe09a1ee89275d386c9cb279b526729229f952e9
2,additive,3,1000,800,200,10000,10000,0.5,597,41260907,41760907,1041760907,2041260907,3041260907,0.08788900748379416,1.142677992569579,1.1450610477503684,0.0018821514408951948,1.3057129947028427,0.0017848284657169004,-0.0027299404880487413,1.3111648030751717,0.0,5.894068326739443e-07,4179,0.005,1,1,0.9151835441589355,1.0,-0.08481645584106445,0.08481645584106445,-0.9769642353057861,-1.0,0.023035764694213867,0.023035764694213867,0.30633431167013425,0.7218940653813712,0.727985976748292,0.7246931791305542,5992d3fb09d092ef5fd7ba3a110467e9cc1dbf3849c417e917aef5f303655a0c
2,additive,3,1000,800,200,10000,10000,0.5,598,41260907,41760907,1041760907,2041260907,3041260907,0.08820316175348095,1.1093948333615335,1.1089793832661603,0.0018503395304309955,1.2307568962892648,-0.001385981655151227,0.002248861786422235,1.229835272509393,-2.220446049250313e-16,5.880833668925334e-07,4186,0.005,1,1,0.915102481842041,1.0,-0.08489751815795898,0.08489751815795898,-0.9760791063308716,-1.0,0.023920893669128418,0.023920893669128418,0.3058481425955037,0.7080016610278599,0.7163530251185245,0.7124579548835754,82b3dfa182c32285e2389e082baa086a34b01048a7f346aea7702bf2b1bdea9b
2,additive,3,1000,800,200,10000,10000,0.5,599,41260907,41760907,1041760907,2041260907,3041260907,0.08670876436213786,1.141658854695357,1.141386504375667,0.0018459855841225484,1.303384940504314,-0.0012338868587660652,0.0018906797779666806,1.3027631523709047,0.0,5.590886988926513e-07,4193,0.005,1,1,0.9162558317184448,1.0,-0.08374416828155518,0.08374416828155518,-0.9775205850601196,-1.0,0.02247941493988037,0.02247941493988037,0.2998022243764133,0.7091322381592206,0.7241945929275732,0.7142322063446045,9a57e2a44b7fc8a0aa3a0851c8b395abd231c974b9076dac3507439b5958efba
2,additive,3,1000,800,200,10000,10000,0.5,600,41260907,41760907,1041760907,2041260907,3041260907,0.08745323190955973,1.1199557246906764,1.1194774564869272,0.0019154763774505514,1.2543008252674184,-0.001493263031214441,0.0023773979517049525,1.2532297755824402,2.220446049250313e-16,5.794498054711994e-07,4200,0.005,1,1,0.9153667688369751,1.0,-0.0846332311630249,0.0846332311630249,-0.9779708385467529,-1.0,0.02202916145324707,0.02202916145324707,0.2988286224054022,0.701601299944586,0.7206879944132639,0.7056470513343811,4d4f3dd47fccf7635525eecd3d722b33a9ec975aba29c24fdc462ad05e260f58
2,additive,3,1000,800,200,10000,10000,0.5,601,41260907,41760907,1041760907,2041260907,3041260907,0.08981872053894,1.2016559220352667,1.20034434238776,0.0020773206284620776,1.4439769549624268,-0.0026138676442925657,0.0036151722496370105,1.440826540302304,2.220446049250313e-16,5.798689848290906e-07,4207,0.005,1,1,0.9128448963165283,1.0,-0.08715510368347168,0.08715510368347168,-0.978288471698761,-1.0,0.021711528301239014,0.021711528301239014,0.3226599246791605,0.7218736852375959,0.7379680578258371,0.7249436974525452,7bcca559cc3a7493453a9778696df944c813147e2267c8bdf7ecf55db5840109
2,additive,3,1000,800,200,10000,10000,0.5,602,41260907,41760907,1041760907,2041260907,3041260907,0.09144705683988755,1.1228385438422654,1.121528629196103,0.0023516925388142483,1.260766395537819,-0.00264581098507173,0.00418933274734517,1.25782646610649,2.220446049250313e-16,5.61740201021621e-07,4214,0.005,1,1,0.9105910658836365,1.0,-0.08940893411636353,0.08940893411636353,-0.9808008670806885,-1.0,0.019199132919311523,0.019199132919311523,0.3027718706758726,0.709530321510284,0.7207727679703976,0.7118810415267944,9b54e6e34042652a656f1d351df2136c58589cc42a23fcb40d20416dde36853f
2,additive,3,1000,800,200,10000,10000,0.5,603,41260907,41760907,1041760907,2041260907,3041260907,0.0893861971241283,1.1747991333365593,1.1722530820031198,0.002094276197249565,1.3801530036883307,-0.004034995809883504,0.005838312534378817,1.3741772882658134,2.220446049250313e-16,5.809874572548779e-07,4221,0.005,1,1,0.9131225943565369,1.0,-0.08687740564346313,0.08687740564346313,-0.9789712429046631,-1.0,0.021028757095336914,0.021028757095336914,0.30965524202119393,0.7098063266360362,0.7332335745438144,0.7113028764724731,a233fab44369f790d7b78cac61aba787e594a7e31f38e9369a618b5b7d2c3347
2,additive,3,1000,800,200,10000,10000,0.5,604,41260907,41760907,1041760907,2041260907,3041260907,0.09037745461876735,1.1684310860588427,1.1681309993019533,0.0020998651678471995,1.3652312028686469,-0.0014005182531569072,0.0020485430133143547,1.3645300315301803,0.0,5.858405192071814e-07,4228,0.005,1,1,0.9123159646987915,1.0,-0.0876840353012085,0.0876840353012085,-0.9781003594398499,-1.0,0.021899640560150146,0.021899640560150146,0.30467578490969255,0.716502602949254,0.7316856216902232,0.7195317149162292,8c5c50484bd760366c45f3384c60d13a0696904a247b0d8fedeb0a48dcb58368
2,additive,3,1000,800,200,10000,10000,0.5,605,41260907,41760907,1041760907,2041260907,3041260907,0.08965753961222693,1.148861829506314,1.1456056608497898,0.0018773563997148302,1.3198835032965948,-0.004674264762613214,0.007072784351758127,1.3124123301710833,2.220446049250313e-16,5.75538511071727e-07,4235,0.005,1,1,0.9138805866241455,1.0,-0.08611941337585449,0.08611941337585449,-0.9750616550445557,-1.0,0.024938344955444336,0.024938344955444336,0.3127175688244007,0.7163154781574934,0.7247119265238342,0.7189056873321533,4fc18f72ce4b0f4556db2a5c6ee70fd45a4a10f3990441ec4fc225bbd0e455d9
2,additive,3,1000,800,200,10000,10000,0.5,606,41260907,41760907,1041760907,2041260907,3041260907,0.09278974875067607,1.1632963883650458,1.161550602309076,0.00198120563426072,1.3532584871831594,-0.0030199455464213383,0.0044566958338464035,1.3491998017245772,-2.220446049250313e-16,5.831192950722652e-07,4242,0.005,1,1,0.9110276699066162,1.0,-0.08897233009338379,0.08897233009338379,-0.9736587405204773,-1.0,0.026341259479522705,0.026341259479522705,0.30694650973953536,0.7065062880399594,0.7291411548659575,0.7105833888053894,477ce89ed15daf8e02f3aff8e702d408acc75931e7ecb11e6ea8847e317c4f04
2,additive,3,1000,800,200,10000,10000,0.5,607,41260907,41760907,1041760907,2041260907,3041260907,0.09595861828122082,1.1683837189363901,1.1676981116430463,0.0022268726471488193,1.3651205146756293,-0.0019142536940209758,0.002799952245886866,1.3635188799347362,0.0,6.047404301767756e-07,4249,0.005,1,1,0.9074696898460388,1.0,-0.09253031015396118,0.09253031015396118,-0.9745795726776123,-1.0,0.025420427322387695,0.025420427322387695,0.30266770829070094,0.7114886784644924,0.7332507642393001,0.7154812812805176,44c59a76f53b6a107fd739cb9d932309fddedd34b953701040c0edb09577e55e
2,additive,3,1000,800,200,10000,10000,0.5,608,41260907,41760907,1041760907,2041260907,3041260907,0.09755247214573833,1.1672958048159578,1.165863000136311,0.0023421759398282514,1.3625794959409347,-0.0028425683969615554,0.00416517439135493,1.35923653508684,0.0,5.863141243622749e-07,4256,0.005,1,1,0.9057595729827881,1.0,-0.09424042701721191,0.09424042701721191,-0.9747962951660156,-1.0,0.025203704833984375,0.025203704833984375,0.2973586394195359,0.7125188918894237,0.7304587779386192,0.7170653343200684,4643788547873701a2a1fa7fb550c7a1ca29044bb77a699091a5760173604cad
2,additive,3,1000,800,200,10000,10000,0.5,609,41260907,41760907,1041760907,2041260907,3041260907,0.0995390131566045,1.148584716510134,1.1481116855218776,0.0025873374803547927,1.3192468510006645,-0.0018368730245661752,0.002779279036014359,1.318160442431887,-2.220446049250313e-16,5.880077225128844e-07,4263,0.005,1,1,0.9032875895500183,1.0,-0.09671241044998169,0.09671241044998169,-0.9764474034309387,-1.0,0.02355259656906128,0.02355259656906128,0.298640767518221,0.7127152731721306,0.728222090748115,0.7152168154716492,3f92924f6b38eed1d6b2c4ed98f82277ff239fe1d2ce7567250cb4a67ecf6894
2,additive,3,1000,800,200,10000,10000,0.5,610,41260907,41760907,1041760907,2041260907,3041260907,0.09794703729463114,1.1653730353343505,1.1610029005998626,0.0022676521260242386,1.3580943114843973,-0.006217114204563662,0.009140382296581338,1.3479277352012942,-2.220446049250313e-16,5.657930497449115e-07,4270,0.005,1,1,0.9057890176773071,1.0,-0.09421098232269287,0.09421098232269287,-0.973206102848053,-1.0,0.02679389715194702,0.02679389715194702,0.3194389814520445,0.7170780304021451,0.7287570269201992,0.7222481369972229,597388a14cf846e3969151a3719354b5e3c3104a016e59e45f60e59c8b604fa0
2,additive,3,1000,800,200,10000,10000,0.5,611,41260907,41760907,1041760907,2041260907,3041260907,0.0976630391504313,1.1673164905061082,1.1672565966875896,0.002183991412381417,1.362627789007497,-0.0011619089545919193,0.0017026654829055815,1.3624879625106943,-2.220446049250313e-16,6.230748255120488e-07,4277,0.005,1,1,0.9064105153083801,1.0,-0.09358948469161987,0.09358948469161987,-0.9720880389213562,-1.0,0.0279119610786438,0.0279119610786438,0.3041566482077123,0.7312715465733245,0.7331126716321014,0.7375915050506592,f4339b910e29bb4a60def6ae84dfe226ecd0bf06f92a83e624e4fc2e429131b8
2,additive,3,1000,800,200,10000,10000,0.5,612,41260907,41760907,1041760907,2041260907,3041260907,0.09893813355726697,1.155259245450838,1.1558495210607385,0.002204500233621053,1.3346239241996392,-0.000420154548460832,0.0006285841036615508,1.3359881153363387,0.0,5.727506255936987e-07,4284,0.005,1,1,0.9053834676742554,1.0,-0.09461653232574463,0.09461653232574463,-0.9710782766342163,-1.0,0.02892172336578369,0.02892172336578369,0.31097412433629623,0.6982816346271835,0.7302607068424372,0.7015374302864075,5593230f4fe0de40edbd3c25407bb64cfcdf915fe411c64e2e806d2c83162cb1
2,additive,3,1000,800,200,10000,10000,0.5,613,41260907,41760907,1041760907,2041260907,3041260907,0.1013640456702303,1.1454205432833766,1.1476824051194194,0.002402332052108463,1.3119882209755858,0.0013921749965004795,-0.0021183581901035565,1.3171749030206952,0.0,5.823389859216377e-07,4291,0.005,1,1,0.9026232957839966,1.0,-0.09737670421600342,0.09737670421600342,-0.9718495607376099,-1.0,0.028150439262390137,0.028150439262390137,0.30718641940271363,0.7233130873208018,0.72836435387026,0.729723334312439,bb7be2a0092362f64d4823fefe5a4e75bbf853a13c2cd49f763807bec3d78644
2,additive,3,1000,800,200,10000,10000,0.5,614,41260907,41760907,1041760907,2041260907,3041260907,0.10031068116336825,1.1439099246319626,1.1430800925470175,0.0022022820708838724,1.3085299156715025,-0.0020500498825439385,0.0031280987620124962,1.3066320979772983,0.0,5.704378605031479e-07,4298,0.005,1,1,0.9044305086135864,1.0,-0.09556949138641357,0.09556949138641357,-0.9695253372192383,-1.0,0.03047466278076172,0.03047466278076172,0.2957651534548219,0.7163218459266895,0.7269580438705534,0.7206304669380188,a817c661131ede9db610119aaafd463c5e95bb328f899ff83bef27a793ec9044
2,additive,3,1000,800,200,10000,10000,0.5,615,41260907,41760907,1041760907,2041260907,3041260907,0.10037439674875914,1.165334271944543,1.1643855683304278,0.0021993127219174175,1.358003965368518,-0.0022047631771310665,0.003241814238569243,1.3557937517361733,0.0,5.770008044692077e-07,4305,0.005,1,1,0.9044041633605957,1.0,-0.0955958366394043,0.0955958366394043,-0.9693984389305115,-1.0,0.030601561069488525,0.030601561069488525,0.29310644947575126,0.7240881526303111,0.7320874509922838,0.7303293943405151,fd69c37aad2f30d0b64d84c9e95756d50a8eadff0b50dc9eea1f8a2ed3fd8d34
2,additive,3,1000,800,200,10000,10000,0.5,616,41260907,41760907,1041760907,2041260907,3041260907,0.10137803761259964,1.1417975805384004,1.1418870541153083,0.002265812901132113,1.303701714923345,-0.0010307417341699973,0.0015785105099619745,1.3039060443561372,0.0,5.471476995921876e-07,4312,0.005,1,1,0.9033185243606567,1.0,-0.09668147563934326,0.09668147563934326,-0.9695008397102356,-1.0,0.030499160289764404,0.030499160289764404,0.2896958139346653,0.7157184887019679,0.7262551243469385,0.7207909822463989,af64404a9de87a3f63bc96337cafd677b0d220d06cd17958c349a43fa4d81623
2,additive,3,1000,800,200,10000,10000,0.5,617,41260907,41760907,1041760907,2041260907,3041260907,0.10140627576555082,1.1316866595987163,1.1314477413051518,0.0023654808728921996,1.2807146955137005,-0.0014530925410314633,0.0022650066110812485,1.2801739913045298,0.0,6.425731537973434e-07,4319,0.005,1,1,0.9027693867683411,1.0,-0.09723061323165894,0.09723061323165894,-0.9711999893188477,-1.0,0.028800010681152344,0.028800010681152344,0.3037818733765825,0.7267430666387774,0.7232171125442642,0.7312978506088257,f71e68f72a5cb4a8b2521a62e009bd21657f3e7332791b7d2d171a6480c75b70
2,additive,3,1000,800,200,10000,10000,0.5,618,41260907,41760907,1041760907,2041260907,3041260907,0.09764703437001916,1.1556924656131984,1.1561126913326227,0.0021289710628926736,1.335625075075114,-0.0005787455388233484,0.0008652495434331033,1.33659655506036,0.0,6.481386485290841e-07,4326,0.005,1,1,0.9067208170890808,1.0,-0.09327918291091919,0.09327918291091919,-0.9711220264434814,-1.0,0.028877973556518555,0.028877973556518555,0.29603333548562694,0.7121386106087064,0.7292299232649712,0.7180315256118774,fa88b81cef089ae87af3b17b43ce23fcd0125dce88d29eccd9012b7499d70389
2,additive,3,1000,800,200,10000,10000,0.5,619,41260907,41760907,1041760907,2041260907,3041260907,0.09875879293065842,1.1465932314362284,1.145786037829915,0.0021894202338286874,1.3146760383753722,-0.0020199070616127605,0.003067750085488722,1.3128256444859754,2.220446049250313e-16,5.679082342169295e-07,4333,0.005,1,1,0.9055938124656677,1.0,-0.09440618753433228,0.09440618753433228,-0.9710039496421814,-1.0,0.028996050357818604,0.028996050357818604,0.30800633523904786,0.7212827163694281,0.7267923221937849,0.7254346013069153,13f9c518c8aa9f95db23a6c609d855c8e045c29d741110f4b7d24af78d502264
2,additive,3,1000,800,200,10000,10000,0.5,620,41260907,41760907,1041760907,2041260907,3041260907,0.09951622438831773,1.1895592391538534,1.1877829628182213,0.002197498523209757,1.4150511834562949,-0.0032101576091361737,0.004530126081546212,1.4108283667612322,-2.220446049250313e-16,5.766668511597572e-07,4340,0.005,1,1,0.9050126671791077,1.0,-0.09498733282089233,0.09498733282089233,-0.9703202843666077,-1.0,0.029679715633392334,0.029679715633392334,0.3123454257333098,0.718115856042847,0.7354321409787868,0.7226300239562988,838fe46929d174bbe86df9542aa63b5b6018210e1aa5d0fa95f45d7dae681f61
2,additive,3,1000,800,200,10000,10000,0.5,621,41260907,41760907,1041760907,2041260907,3041260907,0.10236186921969812,1.138140375469567,1.139064058212615,0.0024857735042822147,1.295363514274007,-0.00019117953324891484,0.00029460975946780953,1.2974669287117915,0.0,5.825837536832523e-07,4347,0.005,1,1,0.9015021324157715,1.0,-0.09849786758422852,0.09849786758422852,-0.9721410274505615,-1.0,0.027858972549438477,0.027858972549438477,0.2951249501207821,0.7148821687931429,0.7271171712754595,0.7216064929962158,628dcf48a7e379c2fe5e36c907e030b00555faf0155453d54b3f9a86cc43c451
2,additive,3,1000,800,200,10000,10000,0.5,622,41260907,41760907,1041760907,2041260907,3041260907,0.10616083212237634,1.1493458514512171,1.1507529931028118,0.002739238782713862,1.3209958862481235,0.000248663052121157,-0.00037569910689703003,1.3242324511350798,2.220446049250313e-16,6.257250930730152e-07,4354,0.005,1,1,0.8975774645805359,1.0,-0.10242253541946411,0.10242253541946411,-0.9720760583877563,-1.0,0.027923941612243652,0.027923941612243652,0.29315495179866213,0.7133974096487553,0.7305841304541838,0.720016360282898,a19c0b5725f6d60596c675bc9c91a53ffd302506f9626bb1796082137387782d
2,additive,3,1000,800,200,10000,10000,0.5,623,41260907,41760907,1041760907,2041260907,3041260907,0.10717927575357641,1.1586014040424244,1.1603970695267798,0.0028286064089080485,1.3423572134490773,0.0006677695541763423,-0.0009928287145441965,1.346521358966338,0.0,5.553976674121941e-07,4361,0.005,1,1,0.8964545130729675,1.0,-0.10354548692703247,0.10354548692703247,-0.9723281860351562,-1.0,0.02767181396484375,0.02767181396484375,0.2995653346744045,0.711742755017155,0.73004999787155,0.7152958512306213,9e0cb1226bdc4413621df9eb4fd32f673ee58e4afaaffb2f4b79c7818a931a50
2,additive,3,1000,800,200,10000,10000,0.5,624,41260907,41760907,1041760907,2041260907,3041260907,0.1115643686532684,1.150898493962555,1.1529895214501205,0.003036707154547521,1.3245673434052774,0.0008903930069763884,-0.0013413532545353817,1.3293848365737777,0.0,5.808780301208571e-07,4368,0.005,1,1,0.8923211097717285,1.0,-0.10767889022827148,0.10767889022827148,-0.9708132743835449,-1.0,0.029186725616455078,0.029186725616455078,0.2948948909730172,0.7204599762745011,0.7314330639474059,0.7284904718399048,8481e78df8d020d0ba428d5d9465e92e3f9612f5a6da6dd636bcb33cb23ef8a8
2,additive,3,1000,800,200,10000,10000,0.5,625,41260907,41760907,1041760907,2041260907,3041260907,0.11246941225849849,1.1422646426757075,1.1429948279715982,0.003014738668844673,1.3047685139070615,-0.0006730379030415138,0.0010292805045726786,1.3064371767698233,2.220446049250313e-16,5.900725170704391e-07,4375,0.005,1,1,0.8917208909988403,1.0,-0.10827910900115967,0.10827910900115967,-0.9695861339569092,-1.0,0.03041386604309082,0.03041386604309082,0.2911353996577647,0.70398893962135,0.727329959187778,0.7074176073074341,e3adb79bbd2170733cc0ca9ac4e0e082bb37127a50a27e147627eee12a5f1c93
2,additive,3,1000,800,200,10000,10000,0.5,626,41260907,41760907,1041760907,2041260907,3041260907,0.11086503889099328,1.1519080785004399,1.150516098272686,0.0029021320166165124,1.3268922213145757,-0.0030535304732935645,0.004592485245022043,1.323687292384605,0.0,6.432311767667898e-07,4382,0.005,1,1,0.8933766484260559,1.0,-0.10662335157394409,0.10662335157394409,-0.9696270227432251,-1.0,0.030372977256774902,0.030372977256774902,0.29228439991976435,0.7230674143135509,0.7278361525947313,0.7286224961280823,598f348af01258b04e71195cfa2a63d22f826d08051856b6459b8b8c6ec295e8
2,additive,3,1000,800,200,10000,10000,0.5,627,41260907,41760907,1041760907,2041260907,3041260907,0.10875555668508152,1.1402542983922235,1.1418076313887058,0.002674269948243577,1.3001798650019418,0.00043526607365065964,-0.0006681731468999821,1.3037246670974867,0.0,5.209790057136843e-07,4389,0.005,1,1,0.8959429860115051,1.0,-0.10405701398849487,0.10405701398849487,-0.9683786630630493,-1.0,0.031621336936950684,0.031621336936950684,0.29607324989447614,0.7084821674584615,0.7271234356534466,0.7170788049697876,172b349ba883fbf4b3c724209b46a0b224b0a559909e4e5130445a2aa75d3ad6
2,additive,3,1000,800,200,10000,10000,0.5,628,41260907,41760907,1041760907,2041260907,3041260907,0.10937860507198623,1.1387949491346223,1.1395716388080952,0.0025874429334218903,1.296853936174527,-0.0004089295660905078,0.0006293928647573668,1.2986235199757679,0.0,6.329377129077329e-07,4396,0.005,1,1,0.8959636092185974,1.0,-0.10403639078140259,0.10403639078140259,-0.9662345051765442,-1.0,0.03376549482345581,0.03376549482345581,0.29702614089086665,0.7141759117694773,0.7281802052052172,0.7197489142417908,6f897c01ff2364421a537253385a968996458ed957119593fa59a260153606d0
2,additive,3,1000,800,200,10000,10000,0.5,629,41260907,41760907,1041760907,2041260907,3041260907,0.1082435120958228,1.1569030916033125,1.1584664239024645,0.0024819793969515737,1.3384247633613024,0.0005688562755552991,-0.000848465083239358,1.3420444553093644,0.0,5.691015623199291e-07,4403,0.005,1,1,0.8973546028137207,1.0,-0.1026453971862793,0.1026453971862793,-0.9656404256820679,-1.0,0.03435957431793213,0.03435957431793213,0.2953108626477885,0.7195304015589091,0.7312998997662759,0.726467490196228,138e2278e49d0b48d4107a3c35e1d499056dfc0302f79ddeaf3827b6279a3002
2,additive,3,1000,800,200,10000,10000,0.5,630,41260907,41760907,1041760907,2041260907,3041260907,0.11175878122025379,1.1377189915082921,1.1423774878224187,0.002749823700545916,1.2944045036386456,0.003935998672134542,-0.006068666756419527,1.3050263246834601,-4.440892098500626e-16,5.308060107012125e-07,4410,0.005,1,1,0.8934382796287537,1.0,-0.10656172037124634,0.10656172037124634,-0.9663158059120178,-1.0,0.03368419408798218,0.03368419408798218,0.3263122724736449,0.7206251000065126,0.7301506452859103,0.7262385487556458,12e65bf02c94fd948464bffa99124b275ba67ca3cf24be4973a0327c5644d632
2,additive,3,1000,800,200,10000,10000,0.5,631,41260907,41760907,1041760907,2041260907,3041260907,0.11018375609476691,1.1362577407846604,1.1394881488824666,0.0025310387416956443,1.2910816534930605,0.0024102746044171153,-0.0037264238653275596,1.2984332414435904,0.0,5.930097035644621e-07,4417,0.005,1,1,0.8957722783088684,1.0,-0.10422772169113159,0.10422772169113159,-0.9642642736434937,-1.0,0.03573572635650635,0.03573572635650635,0.32560647160507755,0.7190291796371814,0.7291984034592559,0.7283542156219482,fc3b16769e3f623c526f5164adf3a4fc77a6f0184891b4baab3ceea7887f1c37
2,additive,3,1000,800,200,10000,10000,0.5,632,41260907,41760907,1041760907,2041260907,3041260907,0.11061235589470209,1.1548581727041012,1.1572618311521727,0.002375985695467004,1.3336973990614556,0.0015907805423785064,-0.0023812771970873796,1.3392549458416798,2.220446049250313e-16,5.828906282090429e-07,4424,0.005,1,1,0.8967167139053345,1.0,-0.10328328609466553,0.10328328609466553,-0.9604063630104065,-1.0,0.039593636989593506,0.039593636989593506,0.31828345056755636,0.7239821807793305,0.7330804777202672,0.730012059211731,5173c6c9fbd52dd7eed4f8b49d0796d6b49089134d8a188abc6f6a723d89df38
2,additive,3,1000,800,200,10000,10000,0.5,633,41260907,41760907,1041760907,2041260907,3041260907,0.112208976708166,1.16073256442949,1.163430348759138,0.0023751318798053973,1.34730008612706,0.0019474792034718895,-0.0028858486508299853,1.3535701764138093,0.0,5.650277596913611e-07,4431,0.005,1,1,0.895930826663971,1.0,-0.10406917333602905,0.10406917333602905,-0.9580421447753906,-1.0,0.041957855224609375,0.041957855224609375,0.3050847064168712,0.712197953139549,0.7337616109123734,0.7173988819122314,dd7ce02ab09da406ca41f7049783bdc52eb1cd7ca16b0e99e5cf5dfd3b90af23
2,additive,3,1000,800,200,10000,10000,0.5,634,41260907,41760907,1041760907,2041260907,3041260907,0.11163934135864946,1.1609180848389644,1.162102526672884,0.0022727136170030107,1.347730799706169,0.00023938458816461595,-0.00035464291137338785,1.350482282499501,-2.220446049250313e-16,5.561853484437052e-07,4438,0.005,1,1,0.8974817991256714,1.0,-0.10251820087432861,0.10251820087432861,-0.9558031558990479,-1.0,0.04419684410095215,0.04419684410095215,0.29446654331329886,0.718740871770112,0.7329173012869745,0.7237078547477722,386fd899ada2afc41b9db64facfb7c04090b063db6864f9e757cd4173ebb0d8e
2,additive,3,1000,800,200,10000,10000,0.5,635,41260907,41760907,1041760907,2041260907,3041260907,0.10834355794222122,1.153097084073544,1.153534940512217,0.002066447983243058,1.3296328852989097,-0.000528237149814223,0.0007933279481522473,1.330642858982524,-2.220446049250313e-16,5.268076890274642e-07,4445,0.005,1,1,0.9020958542823792,1.0,-0.09790414571762085,0.09790414571762085,-0.9535984396934509,-1.0,0.04640156030654907,0.04640156030654907,0.2939358206438698,0.7129596227956153,0.7289059120715985,0.7184038162231445,662415f8166f149bfb83f56f6452944c714d2a257b3f0deffb6d1c76f6e32dbe
2,additive,3,1000,800,200,10000,10000,0.5,636,41260907,41760907,1041760907,2041260907,3041260907,0.10519720370769672,1.1868997282661555,1.1879848739706833,0.001933227451222778,1.408730964958274,0.00032193418682194524,-0.0004564292317820344,1.4113080607831405,0.0,5.648392438217797e-07,4452,0.005,1,1,0.9055177569389343,1.0,-0.09448224306106567,0.09448224306106567,-0.953744649887085,-1.0,0.04625535011291504,0.04625535011291504,0.30499944553015634,0.7221855320053288,0.7360930256450183,0.7254949808120728,5194a5febfab7a7563a60046e82c41447a2e7a9325dc04921c5beb95be90e416
2,additive,3,1000,800,200,10000,10000,0.5,637,41260907,41760907,1041760907,2041260907,3041260907,0.10259144442264806,1.159576972240372,1.1600063556701738,0.0018287958968097441,1.3446187545501485,-0.0004164026258803089,0.000618520380897247,1.3456147451951976,0.0,5.266969438366687e-07,4459,0.005,1,1,0.9084939360618591,1.0,-0.09150606393814087,0.09150606393814087,-0.9536141753196716,-1.0,0.04638582468032837,0.04638582468032837,0.30135221593371725,0.7188902748843805,0.7299058861052998,0.7234142422676086,6eb82fa4e3c8f6602d6bfc77c2a46fa5716f3ca5977a55873e3c9aa7ac1be7ed
2,additive,3,1000,800,200,10000,10000,0.5,638,41260907,41760907,1041760907,2041260907,3041260907,0.10062110469534132,1.1806217796409342,1.1812599210548382,0.0017592275455671977,1.3938677865625266,-0.0001260065088057318,0.00018057333016910544,1.3953750010904824,2.220446049250313e-16,5.769105957398324e-07,4466,0.005,1,1,0.9102510213851929,1.0,-0.08974897861480713,0.08974897861480713,-0.9545057415962219,-1.0,0.045494258403778076,0.045494258403778076,0.3136138167770898,0.7184383096473411,0.7349978977914354,0.723168671131134,2178d13dadf2aeca3fdea90c6c1dfc2c385cbef0354a7a2616c38dd33a6ac662
2,additive,3,1000,800,200,10000,10000,0.5,639,41260907,41760907,1041760907,2041260907,3041260907,0.09972352124811462,1.2011996942149092,1.2023264283424093,0.001732706673270171,1.4428807053819912,0.0004877141176765196,-0.0006752174853238354,1.4455888402906145,0.0,5.776630960241391e-07,4473,0.005,1,1,0.9106898307800293,1.0,-0.0893101692199707,0.0893101692199707,-0.9556325078010559,-1.0,0.04436749219894409,0.04436749219894409,0.31007233387488303,0.7258880414401376,0.741508912293206,0.7313166856765747,f470291dbd8ae105260af731b2cc0f1f745318fe57708fa42daf2085bfd2e12c
2,additive,3,1000,800,200,10000,10000,0.5,640,41260907,41760907,1041760907,2041260907,3041260907,0.0989346351179352,1.1732570101449546,1.1733992171828151,0.0017100672160401309,1.3765320118542783,-0.0006881780925374907,0.000998631667089566,1.3768657228852434,0.0,5.797982698396709e-07,4480,0.005,1,1,0.9111341238021851,1.0,-0.08886587619781494,0.08886587619781494,-0.9565153121948242,-1.0,0.04348468780517578,0.04348468780517578,0.32021025090522387,0.7257750693202639,0.7329300437733571,0.7342148423194885,e0fcf98d45ec34a6e72ce4305d19f733dacd0a9d1dda07c60d29ebbb46326071
2,additive,3,1000,800,200,10000,10000,0.5,641,41260907,41760907,1041760907,2041260907,3041260907,0.09914498438861112,1.1684884463905705,1.1688766272550193,0.0017212564665228798,1.3653652493482489,-0.00040696803585131764,0.0005953800789054943,1.366272569743069,0.0,5.210994444837524e-07,4487,0.005,1,1,0.9107627272605896,1.0,-0.0892372727394104,0.0892372727394104,-0.95679771900177,-1.0,0.04320228099822998,0.04320228099822998,0.3084252411854544,0.7244322732880142,0.7317075815317207,0.7292767763137817,809c9b1d16cf6eeea77ababe8a0a91065e18e40564d70b87987c949b6a01150b
2,additive,3,1000,800,200,10000,10000,0.5,642,41260907,41760907,1041760907,2041260907,3041260907,0.09603853021354226,1.1912568208641552,1.1927142445626393,0.0016000675991213996,1.419092813255374,0.0009371941640658815,-0.001319348012080124,1.4225672691826272,0.0,5.743049307227466e-07,4494,0.005,1,1,0.9146860837936401,1.0,-0.08531391620635986,0.08531391620635986,-0.9558985829353333,-1.0,0.04410141706466675,0.04410141706466675,0.3078698196251414,0.7245434947666409,0.7408774622326915,0.7291678190231323,9aa125866510ab065a9749e55335e6a86245fb4afde5ceded337e53d378f4bb0
2,additive,3,1000,800,200,10000,10000,0.5,643,41260907,41760907,1041760907,2041260907,3041260907,0.09459144869822901,1.1777975047343419,1.1792456164508118,0.0015528599299267905,1.387206962158442,0.000930200915043331,-0.0013396138054232115,1.3906202239184553,-2.220446049250313e-16,5.321886629161554e-07,4501,0.005,1,1,0.9158564209938049,1.0,-0.08414357900619507,0.08414357900619507,-0.956786572933197,-1.0,0.04321342706680298,0.04321342706680298,0.3031203684835749,0.7175956390153558,0.7382201817135337,0.7251867651939392,cb2748366b4fe06ccaf4609f3402b50ff4f21196c457e86493971d5061aa7c9e
2,additive,3,1000,800,200,10000,10000,0.5,644,41260907,41760907,1041760907,2041260907,3041260907,0.0925048271582176,1.1725440633690618,1.17305820028119,0.0014884950966356394,1.3748595805420303,-0.00014126719586087498,0.00020527829894385235,1.3760655412469442,0.0,5.851623399166783e-07,4508,0.005,1,1,0.9190177917480469,1.0,-0.08098220825195312,0.08098220825195312,-0.9552895426750183,-1.0,0.04471045732498169,0.04471045732498169,0.29996947851336914,0.7165896114432141,0.7340428225276814,0.7193937301635742,a651b2ebc65a406ef4667ba33005b2c1bf198bd745670352c36bb943e108c7a0
2,additive,3,1000,800,200,10000,10000,0.5,645,41260907,41760907,1041760907,2041260907,3041260907,0.09102010631893145,1.1515985573642147,1.1519480873694183,0.0014608241160843048,1.3261792373233403,-0.000327832722681847,0.000493857834218126,1.326984395994061,2.220446049250313e-16,5.673946485984516e-07,4515,0.005,1,1,0.9214490652084351,1.0,-0.07855093479156494,0.07855093479156494,-0.9540172815322876,-1.0,0.0459827184677124,0.0459827184677124,0.29473897061422716,0.7209047391622309,0.7286619200389861,0.7257133722305298,1c6bfa6058d264074b7c1954e6fb81df2d4a7e561206976458c2e9c896e71fd2
2,additive,3,1000,800,200,10000,10000,0.5,646,41260907,41760907,1041760907,2041260907,3041260907,0.09136991911153362,1.1833455769972072,1.1842604679520565,0.0014508351999850046,1.4003067545988532,0.00035763307759276587,-0.000510263800525009,1.4024728559540238,2.220446049250313e-16,5.661072322027394e-07,4522,0.005,1,1,0.919875979423523,1.0,-0.08012402057647705,0.08012402057647705,-0.956084132194519,-1.0,0.04391586780548096,0.04391586780548096,0.288748631350323,0.7326440108216724,0.7393894767888519,0.7395740151405334,dad14ea55c12111ee8d7601d0456f2f01fe4d5074a1bcf04771120ae0f301ac3
2,additive,3,1000,800,200,10000,10000,0.5,647,41260907,41760907,1041760907,2041260907,3041260907,0.09044817651301423,1.1593128018852825,1.159793714602634,0.0014207973029933367,1.3440061726151042,-0.00015275474316055432,0.0002270725153812744,1.3451214604317763,-2.220446049250313e-16,5.43165629807163e-07,4529,0.005,1,1,0.9205761551856995,1.0,-0.07942384481430054,0.07942384481430054,-0.956725001335144,-1.0,0.04327499866485596,0.04327499866485596,0.2925819678835223,0.7148245619795364,0.7294830523547378,0.7218636274337769,a1eb4eaf3972601a573e9ec70f5cdfb3ce3d1bf3cc21c5f7f4b1d6a7f0d9c142
2,additive,3,1000,800,200,10000,10000,0.5,648,41260907,41760907,1041760907,2041260907,3041260907,0.09124931418090607,1.1883973009320326,1.189435652719362,0.0014452366128620447,1.4122881448625402,0.0005118952422661536,-0.0007241750799318735,1.4147571719599346,0.0,5.604151276372704e-07,4536,0.005,1,1,0.9188028573989868,1.0,-0.08119714260101318,0.08119714260101318,-0.9583651423454285,-1.0,0.04163485765457153,0.04163485765457153,0.31280770150874493,0.727067356623603,0.7419534170766324,0.7339503765106201,4d01bbe401a8f3d805f8285d3d5857f3ca9f718e1c7d20e1446c7d45eabaf81e
2,additive,3,1000,800,200,10000,10000,0.5,649,41260907,41760907,1041760907,2041260907,3041260907,0.0913347612139529,1.146917211598361,1.1469841993502692,0.001448417905147449,1.3154190902605598,-0.0006473773032645921,0.0009832079525849001,1.3155727535591781,0.0,5.519137431519994e-07,4543,0.005,1,1,0.9197486042976379,1.0,-0.08025139570236206,0.08025139570236206,-0.956390917301178,-1.0,0.04360908269882202,0.04360908269882202,0.3033766017297203,0.7140824431646083,0.7275137772964545,0.7232117056846619,774a6ca5489039bf828606b1c4b2ca41c42d1d6eca6e6c3c66791f1e7e194951
2,additive,3,1000,800,200,10000,10000,0.5,650,41260907,41760907,1041760907,2041260907,3041260907,0.09311500409721238,1.1704458056723177,1.1709408009553375,0.0015033575966219327,1.3699433840159208,-0.0001721911353077765,0.00025110874536085116,1.3711023593419271,0.0,5.337019928219888e-07,4550,0.005,1,1,0.917677104473114,1.0,-0.08232289552688599,0.08232289552688599,-0.9564874172210693,-1.0,0.043512582778930664,0.043512582778930664,0.290954520794488,0.718452822079613,0.7339864906744044,0.7238149642944336,c8640eae31ef70075ed02631e88ad5bd64b5bd11038757774515fb84eafb376c
2,additive,3,1000,800,200,10000,10000,0.5,651,41260907,41760907,1041760907,2041260907,3041260907,0.09395496921304504,1.1740439706242205,1.1753907811435822,0.0015505276233227783,1.3783792449590857,0.0008068579074560125,-0.001169418797227708,1.3815434883973206,0.0,5.228586292815862e-07,4557,0.005,1,1,0.915230929851532,1.0,-0.08476907014846802,0.08476907014846802,-0.9594815969467163,-1.0,0.04051840305328369,0.04051840305328369,0.2937944482145534,0.7159486763251321,0.737891284142159,0.722381591796875,04b0a56b137269426415247e94c051a48e0b85f5558bb04318a2e41f14f68e74
2,additive,3,1000,800,200,10000,10000,0.5,652,41260907,41760907,1041760907,2041260907,3041260907,0.09265273846389316,1.1785463818895783,1.179708283607952,0.0015156507437887382,1.3889715742650157,0.0006122047022076386,-0.0008805614193309286,1.3917116344132199,0.0,5.748239111369458e-07,4564,0.005,1,1,0.9161199331283569,1.0,-0.08388006687164307,0.08388006687164307,-0.96064692735672,-1.0,0.03935307264328003,0.03935307264328003,0.31090892198582265,0.7254465402839362,0.7388205855227091,0.7304271459579468,6817c8cd07c018046f83aae4f0d8a6012dc967a7a66a540f7c55adb137070084
2,additive,3,1000,800,200,10000,10000,0.5,653,41260907,41760907,1041760907,2041260907,3041260907,0.09195198904387286,1.1547202669730399,1.1552736248706994,0.0014673490998879444,1.3333788949582883,-9.454786814520941e-05,0.00014166106181303192,1.3346571483218856,-2.220446049250313e-16,5.448692839138403e-07,4571,0.005,1,1,0.9182137846946716,1.0,-0.08178621530532837,0.08178621530532837,-0.9579740166664124,-1.0,0.042025983333587646,0.042025983333587646,0.29358988675897074,0.7171489967148247,0.7312752614954364,0.7236149311065674,b23b293774dc327a3e7daf281133511a82276870b0df903e878d21e2e29accee
2,additive,3,1000,800,200,10000,10000,0.5,654,41260907,41760907,1041760907,2041260907,3041260907,0.09195494811947713,1.1879789786422794,1.1888672786904146,0.0014662951183225948,1.4112940536959535,0.00032252876323808025,-0.0004565937365226555,1.4134054063407522,-2.220446049250313e-16,5.793966710854193e-07,4578,0.005,1,1,0.9188134074211121,1.0,-0.08118659257888794,0.08118659257888794,-0.9568207263946533,-1.0,0.04317927360534668,0.04317927360534668,0.2882599598785087,0.7181085285737132,0.7370381632254434,0.7253418564796448,2f40a026413b4f7a57ff8ec657382160a66de58e41bb3d3874229eef042611a7
2,additive,3,1000,800,200,10000,10000,0.5,655,41260907,41760907,1041760907,2041260907,3041260907,0.0932067648679137,1.15907320804411,1.1594391680198217,0.0015063254585166157,1.3434507016056645,-0.0003289213628425263,0.0004891180256673439,1.3442991843384962,2.220446049250313e-16,5.494031221076057e-07,4585,0.005,1,1,0.9174830317497253,1.0,-0.08251696825027466,0.08251696825027466,-0.9566588997840881,-1.0,0.043341100215911865,0.043341100215911865,0.2868872239521328,0.7196854007736335,0.7304417382519953,0.7251099348068237,5b0e7cd0a7f5ed1a52ade359329db1754a26fdc8a974c8eefaab31226844131e
2,additive,3,1000,800,200,10000,10000,0.5,656,41260907,41760907,1041760907,2041260907,3041260907,0.09510836011075047,1.198895396102693,1.1997291396460037,0.0015702685160601288,1.4373501707962328,0.00021478460172356934,-0.0002985357575797893,1.43935000851574,0.0,5.316215982986705e-07,4592,0.005,1,1,0.915340006351471,1.0,-0.08465999364852905,0.08465999364852905,-0.956660807132721,-1.0,0.04333919286727905,0.04333919286727905,0.2947230358130058,0.7219053745553708,0.740484646075978,0.7261273860931396,d56504acfa4b422f42baaa3d76b9bbd210f773b68694696b13a0a0cbe8c2b1c9
2,additive,3,1000,800,200,10000,10000,0.5,657,41260907,41760907,1041760907,2041260907,3041260907,0.09604554819264263,1.208031876781547,1.2084411202084955,0.0016382609623429858,1.4593410153203468,-0.00032466763596314304,0.0004444520757190015,1.4603299410107633,-2.220446049250313e-16,5.683653068189187e-07,4599,0.005,1,1,0.9127627015113831,1.0,-0.08723729848861694,0.08723729848861694,-0.9598203897476196,-1.0,0.04017961025238037,0.04017961025238037,0.2979656769171069,0.7271244524278692,0.7432693984687354,0.7319173812866211,87bdd3296531646c37006dd40ac9e25701113e4d7b4377a647ec1ef354c3af26
2,additive,3,1000,800,200,10000,10000,0.5,658,41260907,41760907,1041760907,2041260907,3041260907,0.09488758246009787,1.1852823629922322,1.1862308663281653,0.0015946299863113242,1.4048942800204496,0.00032737911145434086,-0.00046552675833436494,1.4071436682296694,0.0,5.54959827425705e-07,4606,0.005,1,1,0.9139408469200134,1.0,-0.08605915307998657,0.08605915307998657,-0.9600315690040588,-1.0,0.03996843099594116,0.03996843099594116,0.284588457368516,0.7223168322034096,0.7393320304249402,0.7259011268615723,f7706c6518e87dd02808554d91047a631864e7cbfcc6396fc6091948e4f1d3a9
2,additive,3,1000,800,200,10000,10000,0.5,659,41260907,41760907,1041760907,2041260907,3041260907,0.09497428780610946,1.2147534153028585,1.2155333191968212,0.0015906101398380354,1.475625859989959,0.00015238997392228137,-0.00020632043712441345,1.4775212500776413,-2.220446049250313e-16,5.345859594996227e-07,4613,0.005,1,1,0.9140830636024475,1.0,-0.08591693639755249,0.08591693639755249,-0.9595229029655457,-1.0,0.040477097034454346,0.040477097034454346,0.29269303750998643,0.7352014619018342,0.7456284697967861,0.7425345182418823,47597eafc2bb2dce25d464145b1f9af3ece2e11b1143f04d72379c4c5a44fb75
2,additive,3,1000,800,200,10000,10000,0.5,660,41260907,41760907,1041760907,2041260907,3041260907,0.09334886250375772,1.1726604196567063,1.1733183735721648,0.0015504300638147772,1.3751324598294428,-3.442065613755152e-06,5.0005206558818145e-06,1.37667600576203,0.0,5.5963328016162e-07,4620,0.005,1,1,0.9151320457458496,1.0,-0.08486795425415039,0.08486795425415039,-0.9611227512359619,-1.0,0.038877248764038086,0.038877248764038086,0.28605840523839293,0.7244229805275282,0.7377751726548618,0.7309536933898926,bb59e11e1a451f874c595afb9609f98c18ab400be8e0cab77cdc994c38882c43
2,additive,3,1000,800,200,10000,10000,0.5,661,41260907,41760907,1041760907,2041260907,3041260907,0.0925631422732618,1.183162231205787,1.1843609229020062,0.0015759203666334315,1.399872865351856,0.0006310049894012813,-0.0009005038155251318,1.402710795697292,0.0,5.546317751736751e-07,4627,0.005,1,1,0.9147591590881348,1.0,-0.08524084091186523,0.08524084091186523,-0.9639176726341248,-1.0,0.036082327365875244,0.036082327365875244,0.2887725895807741,0.7257039063675075,0.73869073411276,0.7316416501998901,7a28e5912aaed9dc52d10b1f5a70d9e27014cfbbc8cb2590356e5a1bba99d26d
2,additive,3,1000,800,200,10000,10000,0.5,662,41260907,41760907,1041760907,2041260907,3041260907,0.08975566114737128,1.1726509503861626,1.1739698383222927,0.001445923502774975,1.3751102514415705,0.0008245031730624515,-0.001197921578602902,1.3782051812904703,-2.220446049250313e-16,5.301124872403307e-07,4634,0.005,1,1,0.9180719256401062,1.0,-0.0819280743598938,0.0819280743598938,-0.9633411765098572,-1.0,0.03665882349014282,0.03665882349014282,0.29757787400010616,0.7159483417432191,0.7369313383891387,0.7219148874282837,0794a6ffd6b81cb57cb8b642c333093253a0dcbc30bf5371da1ec7cf61645586
2,additive,3,1000,800,200,10000,10000,0.5,663,41260907,41760907,1041760907,2041260907,3041260907,0.08907128023298548,1.200813139855385,1.2012952977966913,0.0013774221384908719,1.441952196849348,-0.00010961323969874747,0.00015188940662856453,1.4431103925084414,0.0,5.697568710161249e-07,4641,0.005,1,1,0.9206889867782593,1.0,-0.07931101322174072,0.07931101322174072,-0.959460437297821,-1.0,0.040539562702178955,0.040539562702178955,0.2975841931970039,0.7307354025307107,0.7418874541896521,0.7348636388778687,36c28f51e05f655a03e88b8a3b64aeee1d76c55833a0151cf8eee3bea3165ee4
2,additive,3,1000,800,200,10000,10000,0.5,664,41260907,41760907,1041760907,2041260907,3041260907,0.0857206086776008,1.1773719335532105,1.17715737378116,0.0012936003477773085,1.3862046699188255,-0.0008993938096224767,0.001296425125560209,1.3856994826473579,0.0,5.620074414736109e-07,4648,0.005,1,1,0.9259279370307922,1.0,-0.07407206296920776,0.07407206296920776,-0.9568566083908081,-1.0,0.043143391609191895,0.043143391609191895,0.3098896876254258,0.731314368872551,0.7354026516399875,0.7352157831192017,7b72d7c3133ec7d13ca6d49cd7021be430a4f2e7608f84075aa433a94e84180e
2,additive,3,1000,800,200,10000,10000,0.5,665,41260907,41760907,1041760907,2041260907,3041260907,0.08611337219845563,1.179036840712604,1.1793159328130578,0.0013053580748985623,1.3901278717575583,-0.0003235802228621345,0.0004651034859949363,1.3907860693867327,2.220446049250313e-16,5.733538053220855e-07,4655,0.005,1,1,0.925582766532898,1.0,-0.07441723346710205,0.07441723346710205,-0.9566688537597656,-1.0,0.043331146240234375,0.043331146240234375,0.28954663511446144,0.7263866868991946,0.7387074751184226,0.7342593669891357,e8d5d63a4d373abf8ce25c0ab6580f9d1284fe4aacecf979753973068b3a0769
2,additive,3,1000,800,200,10000,10000,0.5,666,41260907,41760907,1041760907,2041260907,3041260907,0.09045626778087103,1.1958901835756566,1.1970029773908644,0.0014188266877762385,1.4301533311726176,0.0006219850111000882,-0.0008689537690223002,1.4328161278825942,2.220446049250313e-16,5.241169329650575e-07,4662,0.005,1,1,0.9201046824455261,1.0,-0.07989531755447388,0.07989531755447388,-0.9575845003128052,-1.0,0.042415499687194824,0.042415499687194824,0.308710674600607,0.7284553414658177,0.7449038607959865,0.7359070777893066,77ace12b162ce3d3c1ed9a37a555dcb34b5e4bcaec2bc92c50df5dac48bb1ecf
2,additive,3,1000,800,200,10000,10000,0.5,667,41260907,41760907,1041760907,2041260907,3041260907,0.09216112513825249,1.1784894026152073,1.1781865461878107,0.0014731220698223886,1.3888372720763482,-0.0010934282641042706,0.0015729268351989502,1.3881235376179621,2.220446049250313e-16,5.336628365881779e-07,4669,0.005,1,1,0.9187187552452087,1.0,-0.08128124475479126,0.08128124475479126,-0.9565600156784058,-1.0,0.04343998432159424,0.04343998432159424,0.31040046119411996,0.7283593394933814,0.7357457249575653,0.7352849245071411,552fca81b9a7fe028440ac4cccc820a49bfbb259a61854b04489f3c79bcd0ac7
2,additive,3,1000,800,200,10000,10000,0.5,668,41260907,41760907,1041760907,2041260907,3041260907,0.0941204128387562,1.1647968357090193,1.1660515513329945,0.0015541732476387219,1.3567516684777439,0.0006851893203502295,-0.0010088881300545252,1.359676220366083,0.0,5.443515611602834e-07,4676,0.005,1,1,0.9151557087898254,1.0,-0.08484429121017456,0.08484429121017456,-0.9592556953430176,-1.0,0.04074430465698242,0.04074430465698242,0.30298645416062764,0.719300112506244,0.7345116357970727,0.7254116535186768,e7f0da6b9ee319ae87153c7668521144ad2a877e17ef6e234fa5e5fa75bdece9
2,additive,3,1000,800,200,10000,10000,0.5,669,41260907,41760907,1041760907,2041260907,3041260907,0.09290184726240931,1.1891126427143972,1.1898699771108794,0.001499012146542975,1.4139888770632179,0.00015133661004196572,-0.00021382960772126983,1.4157905624298448,0.0,5.764076878023161e-07,4683,0.005,1,1,0.9172074198722839,1.0,-0.08279258012771606,0.08279258012771606,-0.9578557014465332,-1.0,0.0421442985534668,0.0421442985534668,0.30131975516732806,0.7203439378685854,0.7388881087013884,0.7264297604560852,4ff81e008ba2e87ff570b50efa9b0b6d5a4e0a3afbd8371282eeb66cf4283847
2,additive,3,1000,800,200,10000,10000,0.5,670,41260907,41760907,1041760907,2041260907,3041260907,0.09265720330948306,1.1951824337243078,1.1956571373341829,0.0014886267897543635,1.4284610498831594,-0.00017684330737049414,0.00024734200126812607,1.429595990058173,2.220446049250313e-16,5.731237013861801e-07,4690,0.005,1,1,0.9180998802185059,1.0,-0.08190011978149414,0.08190011978149414,-0.9566672444343567,-1.0,0.04333275556564331,0.04333275556564331,0.2929534533126868,0.72187803284096,0.7415972946142011,0.7275029420852661,5dda1a1ff29c2e1e1d789b576c0776aab433d4f4f084153350ab4921b97c3175
2,additive,3,1000,800,200,10000,10000,0.5,671,41260907,41760907,1041760907,2041260907,3041260907,0.09405492544160898,1.1917016117532904,1.193187286787303,0.0015433559783295124,1.4201527314553901,0.0009999069585629925,-0.001406639530629796,1.423695901350846,2.220446049250313e-16,5.315255808824304e-07,4697,0.005,1,1,0.9156388640403748,1.0,-0.08436113595962524,0.08436113595962524,-0.9584124088287354,-1.0,0.04158759117126465,0.04158759117126465,0.3016227538550748,0.721405290797942,0.7450346551825572,0.7288460731506348,96a2b37f4ac82c7a3a36b3a4a8069465d95d7238ff7c01bcccb2f198586194cb
2,additive,3,1000,800,200,10000,10000,0.5,672,41260907,41760907,1041760907,2041260907,3041260907,0.09194126129850645,1.1919856421245576,1.1928380674285795,0.0014699016225083181,1.4208297710310938,0.00028149122657300914,-0.00039582548176760453,1.422862655106748,-2.220446049250313e-16,5.725788945198929e-07,4704,0.005,1,1,0.9178868532180786,1.0,-0.08211314678192139,0.08211314678192139,-0.9586402773857117,-1.0,0.04135972261428833,0.04135972261428833,0.2912953558787319,0.7342105323902111,0.7415276167319613,0.7368240356445312,90933eb69e8f7ef1652e3f6ee3f2ad727c7587288b84f6887551d37dd21ab49a
2,additive,3,1000,800,200,10000,10000,0.5,673,41260907,41760907,1041760907,2041260907,3041260907,0.09049805879773419,1.177288208262009,1.1773121003075453,0.001420210620276746,1.3860075253127715,-0.0006819772012422989,0.0009830814010412842,1.3860637815305636,0.0,5.575448138728234e-07,4711,0.005,1,1,0.9201042056083679,1.0,-0.07989579439163208,0.07989579439163208,-0.9574963450431824,-1.0,0.04250365495681763,0.04250365495681763,0.29531641207214343,0.7238581217660616,0.7348542034250477,0.7293761968612671,4c88a6726d64c9251ef3de7dabf4c217ca53601356dce019327253682ce4e626
2,additive,3,1000,800,200,10000,10000,0.5,674,41260907,41760907,1041760907,2041260907,3041260907,0.09200510647165618,1.169567308859072,1.1701584775181573,0.0014703518721844709,1.3678876899518517,-4.358965821224656e-05,6.366436955258758e-05,1.3692708625076118,2.220446049250313e-16,5.828439935129381e-07,4718,0.005,1,1,0.9179904460906982,1.0,-0.08200955390930176,0.08200955390930176,-0.9582942128181458,-1.0,0.04170578718185425,0.04170578718185425,0.2916201600002621,0.7227660267010501,0.7362025074849899,0.7283116579055786,0342a069a25d72582acaf8555a04407397a8def6167d8cd36bbe518baaaee982
2,additive,3,1000,800,200,10000,10000,0.5,675,41260907,41760907,1041760907,2041260907,3041260907,0.09273726217169045,1.201646233814665,1.2023239783411024,0.0014914596410003666,1.4439536712409686,6.890900600328358e-05,-9.534641548273408e-05,1.4455829488939755,0.0,5.720193190228429e-07,4725,0.005,1,1,0.9177498817443848,1.0,-0.08225011825561523,0.08225011825561523,-0.9571617245674133,-1.0,0.04283827543258667,0.04283827543258667,0.29323540997013886,0.7296439211943544,0.7436439871731286,0.7347726821899414,de9f210c1ab81e73f9e3190356a363a3c39a71a70d424e1083628a12b89837cd
2,additive,3,1000,800,200,10000,10000,0.5,676,41260907,41760907,1041760907,2041260907,3041260907,0.0935670234541057,1.206868921647607,1.2078431636828542,0.0015187526416884961,1.4565325940388576,0.0004168806874300163,-0.0005718326564823693,1.4588851080554062,0.0,5.658590147561426e-07,4732,0.005,1,1,0.9168859720230103,1.0,-0.08311402797698975,0.08311402797698975,-0.9570250511169434,-1.0,0.04297494888305664,0.04297494888305664,0.28345946274415335,0.7259074272490367,0.7457172580108669,0.7315651178359985,60f8e0c44aaac43da0f43b386040a54e0113bdf8181c094e008bab402d5bcbda
2,additive,3,1000,800,200,10000,10000,0.5,677,41260907,41760907,1041760907,2041260907,3041260907,0.09510611250414963,1.1877125688547958,1.1883754224239982,0.0015718592128238734,1.410661146215658,1.5695964670535024e-06,-2.222857646040181e-06,1.412236144621416,2.220446049250313e-16,5.771295423784295e-07,4739,0.005,1,1,0.9165940284729004,1.0,-0.08340597152709961,0.08340597152709961,-0.9542986154556274,-1.0,0.04570138454437256,0.04570138454437256,0.28119749465906596,0.7186389450147266,0.738873125762217,0.722683310508728,bd036bbefd0b1238cdaf779975a75773a8ee315cbfc39a49ab178fd4f43de760
2,additive,3,1000,800,200,10000,10000,0.5,678,41260907,41760907,1041760907,2041260907,3041260907,0.09702494091665143,1.1946763340891307,1.1958189446788945,0.0016341016541590399,1.4272515432326442,0.0005486517830708236,-0.0007679435860163435,1.4299829484529447,-2.220446049250313e-16,5.277549064430787e-07,4746,0.005,1,1,0.9146926999092102,1.0,-0.0853073000907898,0.0853073000907898,-0.9537776708602905,-1.0,0.04622232913970947,0.04622232913970947,0.2875335123445783,0.7237382686435501,0.7416653214445207,0.7265101671218872,fb68e5172f8f61c07247cde85f58af4a3df7fbc1f0bee9fa72ae1b2f395cf116
2,additive,3,1000,800,200,10000,10000,0.5,679,41260907,41760907,1041760907,2041260907,3041260907,0.0963143097699498,1.2005085047382151,1.2015186978303023,0.001630522333155335,1.4412206699487853,0.00039799447694227244,-0.0005516777878012832,1.4436471812358254,2.220446049250313e-16,5.674389562670967e-07,4753,0.005,1,1,0.9166638255119324,1.0,-0.08333617448806763,0.08333617448806763,-0.9517140984535217,-1.0,0.04828590154647827,0.04828590154647827,0.2876969962981312,0.7256002294205919,0.7410854702616276,0.7268414497375488,cff5519e82cabe81b135e2ee48d17e0256aca58c8814129413a835d8103b1b15
2,additive,3,1000,800,200,10000,10000,0.5,680,41260907,41760907,1041760907,2041260907,3041260907,0.09585097208873358,1.199329356310705,1.1997426842267427,0.0015956856523290457,1.4383909049086503,-0.00030204110269473034,0.00041950543800142384,1.4393825083555898,-2.220446049250313e-16,5.656342700888217e-07,4760,0.005,1,1,0.9145801067352295,1.0,-0.08541989326477051,0.08541989326477051,-0.9565160870552063,-1.0,0.0434839129447937,0.0434839129447937,0.3062340765305532,0.7283279179287825,0.7426811983494648,0.7347604632377625,b3a444d6d4981a4b3b110cb039e555dab407c75b9482ef0731b241341883c6c7
2,additive,3,1000,800,200,10000,10000,0.5,681,41260907,41760907,1041760907,2041260907,3041260907,0.09417703575743516,1.213075069230795,1.2140512206030611,0.001539612014751194,1.4715511235892982,0.0004148153218665373,-0.0005631904564201062,1.4739203662477824,0.0,5.665836049217887e-07,4767,0.005,1,1,0.9161765575408936,1.0,-0.08382344245910645,0.08382344245910645,-0.9570704698562622,-1.0,0.04292953014373779,0.04292953014373779,0.30806807366932953,0.729433842867343,0.7466966296995222,0.7335976362228394,95031f274aaf23ad6b48e871fefd51b9b1d35c118cbceccc1c911861e4bec137
2,additive,3,1000,800,200,10000,10000,0.5,682,41260907,41760907,1041760907,2041260907,3041260907,0.0913013673529047,1.1942737376217634,1.1941467149696736,0.0014542181033733535,1.4262897603730567,-0.000878800801783515,0.001231034156027467,1.425986376872863,-2.220446049250313e-16,5.619089158415136e-07,4774,0.005,1,1,0.920398473739624,1.0,-0.07960152626037598,0.07960152626037598,-0.9552838206291199,-1.0,0.04471617937088013,0.04471617937088013,0.30955709412179055,0.7337957872855115,0.7405385140472533,0.7411980032920837,ac282b8e0f91ad93b6e395da1cf5d57ec930265cb89a7d1bfb93e6bf9a4616aa
2,additive,3,1000,800,200,10000,10000,0.5,683,41260907,41760907,1041760907,2041260907,3041260907,0.09008431805449761,1.1659113933537175,1.1658635889176534,0.0014390831957423848,1.3593493771520069,-0.0007752761918990026,0.001139451449641013,1.3592379079639512,-2.220446049250313e-16,5.272502292541503e-07,4781,0.005,1,1,0.922579824924469,1.0,-0.077420175075531,0.077420175075531,-0.9539424180984497,-1.0,0.04605758190155029,0.04605758190155029,0.3009993792047283,0.7151046614144295,0.7364785952113087,0.7209630012512207,7e5524096478b86018761525150f69b4ecfad07170f1ca1ea97825a2fa4b60fa
2,additive,3,1000,800,200,10000,10000,0.5,684,41260907,41760907,1041760907,2041260907,3041260907,0.08829399281097282,1.2288962614069394,1.2280779140545683,0.0014283039453721969,1.5101860212999527,-0.0017194811283525468,0.0022750262413310835,1.5081753629886196,-2.220446049250313e-16,5.162946781211986e-07,4788,0.005,1,1,0.9255037903785706,1.0,-0.07449620962142944,0.07449620962142944,-0.9526064991950989,-1.0,0.04739350080490112,0.04739350080490112,0.3180927267568873,0.7407977493646581,0.7541744548990342,0.7467488050460815,bbca5c6d543c2aadbdf36738050996d6c1c42912097d8badd575fca48827749e
2,additive,3,1000,800,200,10000,10000,0.5,685,41260907,41760907,1041760907,2041260907,3041260907,0.08632105705998389,1.1810087256776804,1.181121809349138,0.0014491471681700343,1.3947816101268184,-0.0005910143874036336,0.0008465855437086137,1.3950487285201814,0.0,5.759738836985662e-07,4795,0.005,1,1,0.9289870858192444,1.0,-0.07101291418075562,0.07101291418075562,-0.9509236216545105,-1.0,0.0490763783454895,0.0490763783454895,0.29422935260561434,0.7284962551934719,0.7363220405425769,0.7329660058021545,ab89d212b63df9e5c8faef3acbb948160d11d3fce52e30805bfd108aa66500fa
2,additive,3,1000,800,200,10000,10000,0.5,686,41260907,41760907,1041760907,2041260907,3041260907,0.08417562214968324,1.1925101357904255,1.1931362257781764,0.0014376024786452006,1.4220804239628992,2.8013411323425096e-05,-3.935800011391769e-05,1.4235740532641916,4.440892098500626e-16,5.630651784827023e-07,4802,0.005,1,1,0.9318220019340515,1.0,-0.06817799806594849,0.06817799806594849,-0.9506310224533081,-1.0,0.049368977546691895,0.049368977546691895,0.2818147857535386,0.728819960182422,0.7398113183247644,0.7329921722412109,7cab55005508e1b50d27fee855006a910e0504a6abc8f6d8eb0cc519f17cfd41
2,additive,3,1000,800,200,10000,10000,0.5,687,41260907,41760907,1041760907,2041260907,3041260907,0.08475760225925359,1.2096546082635076,1.2104504854752858,0.0014302850970839924,1.46326427129314,0.0002479106985656234,-0.00033851521804874514,1.4651903777873552,-2.220446049250313e-16,5.85730269619944e-07,4809,0.005,1,1,0.9308820962905884,1.0,-0.06911790370941162,0.06911790370941162,-0.9509432315826416,-1.0,0.0490567684173584,0.0490567684173584,0.28857089607875186,0.7223820456251323,0.7443016163434485,0.7263886332511902,5e47c8836edd3a99e6822fbb583eb5cda5ba5b622647e02c21e62325072fe19c
2,additive,3,1000,800,200,10000,10000,0.5,688,41260907,41760907,1041760907,2041260907,3041260907,0.08490369424145597,1.2236216166151794,1.224664742108646,0.0014520524975250443,1.4972498606479452,0.0005509087092830894,-0.0007351811650481505,1.4998037305640366,2.220446049250313e-16,5.642709393072209e-07,4816,0.005,1,1,0.9310547113418579,1.0,-0.06894528865814209,0.06894528865814209,-0.9504501819610596,-1.0,0.04954981803894043,0.04954981803894043,0.29339689916612977,0.7302018763037057,0.7502083034448036,0.7371161580085754,d6b4a49902b2acc0871956cc64c9678f6a082ff55b058b649a98a8746d6e6867
2,additive,3,1000,800,200,10000,10000,0.5,689,41260907,41760907,1041760907,2041260907,3041260907,0.08656280338447915,1.1681228505792682,1.1680813198911344,0.0014296486016602556,1.3645109940454356,-0.0007633363842407058,0.0011176713839649928,1.3644139698786149,4.440892098500626e-16,5.245159062639004e-07,4823,0.005,1,1,0.9282506108283997,1.0,-0.07174938917160034,0.07174938917160034,-0.9515733122825623,-1.0,0.048426687717437744,0.048426687717437744,0.3020431342695795,0.7260834883500966,0.73328806855554,0.7336446046829224,d08245a088b43a3c18fa7a138dcb1bf718e40a55b5c01217d7ee984fccbdb298
2,additive,3,1000,800,200,10000,10000,0.5,690,41260907,41760907,1041760907,2041260907,3041260907,0.0879593385977776,1.2008794900893451,1.2017520506203772,0.0014585980101966454,1.4421115497172456,0.00031892172141960646,-0.0004418513667959577,1.4442079911702816,2.220446049250313e-16,5.226944388425636e-07,4830,0.005,1,1,0.9267329573631287,1.0,-0.07326704263687134,0.07326704263687134,-0.9513298273086548,-1.0,0.048670172691345215,0.048670172691345215,0.2930474261281855,0.7218386843934449,0.7416859865471513,0.7256753444671631,ad04a9889a95b5294ce8565d6dcf5b246893d398f7ebde64e629b5a4518f5b1f
2,additive,3,1000,800,200,10000,10000,0.5,691,41260907,41760907,1041760907,2041260907,3041260907,0.0908299934191024,1.2163992845459544,1.2176095745372901,0.0015147986404726234,1.4796272194439095,0.0007155289602493216,-0.0009661854859465031,1.4825730760048805,-2.220446049250313e-16,5.647898912997107e-07,4837,0.005,1,1,0.9234437942504883,1.0,-0.07655620574951172,0.07655620574951172,-0.9511201977729797,-1.0,0.048879802227020264,0.048879802227020264,0.28627890451128046,0.7280260370862583,0.7471684238010513,0.733654797077179,2c857f7ea96848c8141032c900ce58a46b727e7fba67c53120e858bc4dd7d618
2,additive,3,1000,800,200,10000,10000,0.5,692,41260907,41760907,1041760907,2041260907,3041260907,0.09194252481331061,1.2311881437342604,1.2319240139847238,0.0014954707981609716,1.515824245271814,0.0001585300811293465,-0.00020896068172099794,1.5176367762322338,2.220446049250313e-16,5.256045092494332e-07,4844,0.005,1,1,0.9208484292030334,1.0,-0.07915157079696655,0.07915157079696655,-0.9532190561294556,-1.0,0.046780943870544434,0.046780943870544434,0.2869680736467311,0.7277925254060329,0.751072976358519,0.7330756783485413,277bd875393ac13f3f2de0d59fcf48ac7ceed37abc497e03fd83ae6cf6e8d4d7
2,additive,3,1000,800,200,10000,10000,0.5,693,41260907,41760907,1041760907,2041260907,3041260907,0.09246215629484893,1.1929013646542663,1.193703069055415,0.001551244291008693,1.4230136657940107,0.0001810534936485401,-0.0002541877767264879,1.4249270170723165,2.220446049250313e-16,5.809903544928829e-07,4851,0.005,1,1,0.9216066002845764,1.0,-0.07839339971542358,0.07839339971542358,-0.9509721994400024,-1.0,0.04902780055999756,0.04902780055999756,0.28655971722394147,0.7217555029147887,0.7400518593990936,0.7264485955238342,d830e66ed037a5d50c71f4ba98c9b6403241d8bb4cb61b8ee9326ff97809016b
2,additive,3,1000,800,200,10000,10000,0.5,694,41260907,41760907,1041760907,2041260907,3041260907,0.09149345280111848,1.1925888211716937,1.194020134730411,0.0015797971261988682,1.4222680963836902,0.0009180943158699928,-0.0012895960587571236,1.4256840821416288,-2.220446049250313e-16,5.817631301141546e-07,4858,0.005,1,1,0.923822283744812,1.0,-0.07617771625518799,0.07617771625518799,-0.9493244886398315,-1.0,0.05067551136016846,0.05067551136016846,0.2986766168021206,0.7270969961429578,0.739866294032411,0.7324436902999878,74e57cb7d61894ddb9249005e89e932d3440f9e2437ca424fd9ae17bdc50ae86
2,additive,3,1000,800,200,10000,10000,0.5,695,41260907,41760907,1041760907,2041260907,3041260907,0.09258180479720719,1.2056354022191837,1.2052133597741963,0.0015886962672241047,1.4535567230842132,-0.001303088386615683,0.001791007784220595,1.4525392425782062,2.220446049250313e-16,5.332309811478808e-07,4865,0.005,1,1,0.9223088622093201,1.0,-0.07769113779067993,0.07769113779067993,-0.9496464729309082,-1.0,0.0503535270690918,0.0503535270690918,0.29790596618478943,0.7214968731501744,0.7433160779717505,0.7263749837875366,835f07245b94fa1c0a3ed0e96c55a796d659811a167865d8082d8807e7bdc664
2,additive,3,1000,800,200,10000,10000,0.5,696,41260907,41760907,1041760907,2041260907,3041260907,0.09296093620415673,1.252793578282261,1.25459616239428,0.0015752007128401713,1.5694917497852716,0.0014722900981715273,-0.0018742550694032906,1.5740115306944549,0.0,5.827133051639066e-07,4872,0.005,1,1,0.9213676452636719,1.0,-0.07863235473632812,0.07863235473632812,-0.9504148364067078,-1.0,0.049585163593292236,0.049585163593292236,0.30013103007996195,0.734521413078989,0.7574456741490312,0.738423764705658,b03077c8de15617fd17a710a42e671221c5fc7fa1001a5c7cb5ddc5deee21773
2,additive,3,1000,800,200,10000,10000,0.5,697,41260907,41760907,1041760907,2041260907,3041260907,0.09263038639185156,1.2234543019266493,1.2238859465109633,0.0015254096108906464,1.4968404289028248,-0.000234514223339435,0.0003130266551886399,1.4978968100670362,-2.220446049250313e-16,5.742650230899926e-07,4879,0.005,1,1,0.920526921749115,1.0,-0.07947307825088501,0.07947307825088501,-0.9524140954017639,-1.0,0.047585904598236084,0.047585904598236084,0.2922026093155823,0.7394559446613355,0.7493906812861202,0.7451692223548889,fd1cb9cc9a9bcc53ffc1def30cb0509fb77a6da33089a2992e62ca7f347ff85e
2,additive,3,1000,800,200,10000,10000,0.5,698,41260907,41760907,1041760907,2041260907,3041260907,0.09108019014874333,1.1891875216683212,1.1879675835002796,0.001459647941261124,1.414166961691644,-0.0021798150927055514,0.0030796469603955987,1.411266979447494,0.0,5.772576390228323e-07,4886,0.005,1,1,0.9212623834609985,1.0,-0.07873761653900146,0.07873761653900146,-0.9542180299758911,-1.0,0.04578197002410889,0.04578197002410889,0.3281283174599423,0.7391661391982871,0.7401441435127385,0.7432212829589844,e6b1a154d3c774ea8b67f43825bbe7b57a16256a33366b8f1390dc617d29aae7
2,additive,3,1000,800,200,10000,10000,0.5,699,41260907,41760907,1041760907,2041260907,3041260907,0.09148125872639841,1.2884607401146941,1.2900426225454098,0.0014817108743821858,1.6601310788169052,0.0012985891462755663,-0.001563046642794357,1.6642099679838385,0.0,5.684057118315877e-07,4893,0.005,1,1,0.921291708946228,1.0,-0.07870829105377197,0.07870829105377197,-0.9533756971359253,-1.0,0.04662430286407471,0.04662430286407471,0.3284089362304258,0.7401199866453143,0.7702191218992912,0.7470789551734924,67739cc76224c613b60ed3fe9617e956ffc40271029de03728fb733a7e8aa9bd
2,additive,3,1000,800,200,10000,10000,0.5,700,41260907,41760907,1041760907,2041260907,3041260907,0.08891484933310344,1.2329082844608246,1.234199673165259,0.001457106994954301,1.5200628378921337,0.0008644441770720654,-0.0011362902996795298,1.5232488332412322,0.0,5.838471714980642e-07,4900,0.005,1,1,0.9251922369003296,1.0,-0.07480776309967041,0.07480776309967041,-0.951941192150116,-1.0,0.04805880784988403,0.04805880784988403,0.3003696855332752,0.7310405373151169,0.7518750870059016,0.7356550097465515,dd80ce6a8b6e50a976d022834ab103793b4df89821ea6a6d059b2ab5ee2d0c8d
2,additive,3,1000,800,200,10000,10000,0.5,701,41260907,41760907,1041760907,2041260907,3041260907,0.08561533991759507,1.190103372239887,1.1897200486016377,0.0014307002723535913,1.4163460366167513,-0.0011714714222110182,0.0016525471066501888,1.415433794044683,0.0,5.255158121997283e-07,4907,0.005,1,1,0.9296645522117615,1.0,-0.07033544778823853,0.07033544778823853,-0.9511849284172058,-1.0,0.04881507158279419,0.04881507158279419,0.3028685401568593,0.7319118439951066,0.7391717286882816,0.7392385005950928,12c23f3d23e1e3b473f37069622ceabdf434c26e41b95540ff038c072b8d98ed
2,additive,3,1000,800,200,10000,10000,0.5,702,41260907,41760907,1041760907,2041260907,3041260907,0.08812460845262121,1.192070500322082,1.1921257565579693,0.0014387084787564279,1.4210320777381389,-0.0006534833839923796,0.0009188004285562008,1.4211638194489105,0.0,5.8945700764923e-07,4914,0.005,1,1,0.9260328412055969,1.0,-0.07396715879440308,0.07396715879440308,-0.9520958662033081,-1.0,0.047904133796691895,0.047904133796691895,0.2848455927950396,0.7295885780910709,0.7414253828638079,0.7337080240249634,f82c7de68a7ba1c52ce8b590d50146b36773b8406c94491d2091a40191d13592
2,additive,3,1000,800,200,10000,10000,0.5,703,41260907,41760907,1041760907,2041260907,3041260907,0.08921094390401799,1.2281514511299858,1.2279839139105952,0.001439475639978333,1.5083559869126897,-0.0009254848647418978,0.0012259738324781368,1.5079444928231842,0.0,5.518001486848334e-07,4921,0.005,1,1,0.9242356419563293,1.0,-0.07576435804367065,0.07576435804367065,-0.9529005885124207,-1.0,0.047099411487579346,0.047099411487579346,0.2923567826130951,0.734802196263089,0.7496280407777296,0.7391256093978882,45f94ee87463cdf9e732bfea702ea0b843652408c2184b4ed062cc3d77987d9d
2,additive,3,1000,800,200,10000,10000,0.5,704,41260907,41760907,1041760907,2041260907,3041260907,0.09250167741613428,1.2228363578773989,1.2230477028107445,0.0015140505774675465,1.495328758146862,-0.0004985626868452128,0.0006661523627455688,1.4958456833506393,2.220446049250313e-16,5.2451864362979e-07,4928,0.005,1,1,0.9203798174858093,1.0,-0.07962018251419067,0.07962018251419067,-0.9529129862785339,-1.0,0.047087013721466064,0.047087013721466064,0.3003052301807504,0.7405852221321808,0.751455366517639,0.7464227676391602,79d53af0093dee6ca2bfdb015a665321a35057bb00b787a58bfd0ac38f73e33d
2,additive,3,1000,800,200,10000,10000,0.5,705,41260907,41760907,1041760907,2041260907,3041260907,0.09291836315654822,1.2134017037578653,1.2139555728545426,0.0015398700154960138,1.4723436946824902,-9.771591669277389e-05,0.0001325965212357828,1.4736881328646005,-2.220446049250313e-16,5.784199039737814e-07,4935,0.005,1,1,0.9204455614089966,1.0,-0.07955443859100342,0.07955443859100342,-0.9519904851913452,-1.0,0.048009514808654785,0.048009514808654785,0.28498982340387113,0.7421292956400863,0.745604637516267,0.7449151277542114,6d620c05627dcddff5c6521c71d461e6a006eede39b248fd5a2464d9f0747976
2,additive,3,1000,800,200,10000,10000,0.5,706,41260907,41760907,1041760907,2041260907,3041260907,0.09172893428617844,1.1979066244452319,1.1976758352711678,0.0015001554683036252,1.43498028088977,-0.001026514982792192,0.0014292084414246921,1.4344274063924893,0.0,5.790879828992956e-07,4942,0.005,1,1,0.9214459657669067,1.0,-0.07855403423309326,0.07855403423309326,-0.9526348114013672,-1.0,0.04736518859863281,0.04736518859863281,0.29473658345639675,0.7361511594071664,0.7422672444001569,0.7420573234558105,fba6a87cb3a4e0fed211c8b2a1e0bb0e29231ae3d464b19b0ef7c478a7d88167
2,additive,3,1000,800,200,10000,10000,0.5,707,41260907,41760907,1041760907,2041260907,3041260907,0.09126947248136746,1.1916614017630371,1.191904442666645,0.0015323178217556124,1.4200568964518467,-0.0004765069125583147,0.0006703862237753375,1.4206362004484858,0.0,5.66368326460065e-07,4949,0.005,1,1,0.9231408834457397,1.0,-0.07685911655426025,0.07685911655426025,-0.9507781267166138,-1.0,0.04922187328338623,0.04922187328338623,0.28476339565627784,0.730863851121486,0.7402496583749966,0.7354706525802612,004c4d3eac8eedd8041ad4545aa876586315ddb9c781ab5a47c08377081230fe
2,additive,3,1000,800,200,10000,10000,0.5,708,41260907,41760907,1041760907,2041260907,3041260907,0.09119652183819751,1.237875572648742,1.2395122646343275,0.0015501331628870805,1.532335933360451,0.0012522938277908357,-0.0016328381294045506,1.5363906541789194,-2.220446049250313e-16,5.700215588433366e-07,4956,0.005,1,1,0.9236620664596558,1.0,-0.07633793354034424,0.07633793354034424,-0.9501068592071533,-1.0,0.04989314079284668,0.04989314079284668,0.29288454704509675,0.7313597645592648,0.7508383923512856,0.7379252910614014,6457f871a67222230e5e64b739e45903bcceb3caa482178b46b8a840a916125e
2,additive,3,1000,800,200,10000,10000,0.5,709,41260907,41760907,1041760907,2041260907,3041260907,0.09295609729229852,1.211792206640801,1.2129736979862291,0.0016494781008658855,1.4684403520753813,0.0006076809150703557,-0.0008267262348145102,1.4713051920063878,0.0,5.69910161729581e-07,4963,0.005,1,1,0.9229674339294434,1.0,-0.07703256607055664,0.07703256607055664,-0.9479728937149048,-1.0,0.052027106285095215,0.052027106285095215,0.2809448268806332,0.7326553446870595,0.7454460272486046,0.7374629974365234,78a5d61192cb0476cbf301f8ab3b4ea2a64b892901f4f0171005dbd386f4f100
2,additive,3,1000,800,200,10000,10000,0.5,710,41260907,41760907,1041760907,2041260907,3041260907,0.09427577551608064,1.207160293315907,1.2076627238553455,0.0016422653347127657,1.4572359737585465,-0.00021449225177358917,0.0002940509304010226,1.4584492545897123,2.220446049250313e-16,5.62152646210734e-07,4970,0.005,1,1,0.9207751154899597,1.0,-0.07922488451004028,0.07922488451004028,-0.9488987326622009,-1.0,0.05110126733779907,0.05110126733779907,0.2793461745663167,0.7375050292226696,0.7431567361117424,0.74256432056427,1eaedf0c6d1062fef6901bb143fb60b79b7ab1487b987f398b3509c3327f01c9
2,additive,3,1000,800,200,10000,10000,0.5,711,41260907,41760907,1041760907,2041260907,3041260907,0.09347288578982657,1.1971606507033326,1.1987016896410851,0.001730864480270951,1.4331936235924265,0.0009806263378474443,-0.0013667985263316,1.4368857407483926,2.220446049250313e-16,5.805653611190564e-07,4977,0.005,1,1,0.9236347675323486,1.0,-0.07636523246765137,0.07636523246765137,-0.9460970163345337,-1.0,0.05390298366546631,0.05390298366546631,0.2855315295052659,0.7320842895302383,0.741770831259365,0.7362959384918213,45d68e553427e3a538c128b1fa2e9e85f664ef73fb0635d6c77f0614c0cd136c
2,additive,3,1000,800,200,10000,10000,0.5,712,41260907,41760907,1041760907,2041260907,3041260907,0.09358710306755179,1.1963379679991182,1.19696762342598,0.001789379296289077,1.4312245336762592,-0.00014121072125487645,0.0001970821357372007,1.4327314915300386,0.0,5.689293303134946e-07,4984,0.005,1,1,0.9243844151496887,1.0,-0.07561558485031128,0.07561558485031128,-0.9448562860488892,-1.0,0.05514371395111084,0.05514371395111084,0.28155209416513527,0.7318476437178056,0.7404967066948956,0.7373303174972534,850da3a478d8e0089f6626f408bbb066deb9e7a0eb85c4b8b59a6e8e42423a44
2,additive,3,1000,800,200,10000,10000,0.5,713,41260907,41760907,1041760907,2041260907,3041260907,0.09575845565481257,1.2196489190549387,1.2196013295439425,0.001770132401382699,1.4875434857518806,-0.0009431075639554253,0.0012664996176223393,1.4874274030253525,0.0,5.74384984020071e-07,4991,0.005,1,1,0.9209965467453003,1.0,-0.07900345325469971,0.07900345325469971,-0.9458877444267273,-1.0,0.054112255573272705,0.054112255573272705,0.28213081626493897,0.7278956144139161,0.7484960362739986,0.7320569753646851,560ecabc12abbfdb9bb31f09def8215eb5b1eaf7c0e85a41741d6fcb5254adc6
2,additive,3,1000,800,200,10000,10000,0.5,714,41260907,41760907,1041760907,2041260907,3041260907,0.09828563063698505,1.2214178733131844,1.2228453075117414,0.0018782355178597794,1.4918616212489024,0.0008053946683617637,-0.0010783600165895832,1.4953506461034856,0.0,5.809316494520544e-07,4998,0.005,1,1,0.9191365242004395,1.0,-0.08086347579956055,0.08086347579956055,-0.9441326260566711,-1.0,0.05586737394332886,0.05586737394332886,0.2801730343828929,0.7297092664305406,0.74736207090766,0.7361968755722046,47e4d803adf1a7ef53c99f2148c86f315699eb214cf8b79752c0cdaea0d2a317
2,additive,3,1000,800,200,10000,10000,0.5,715,41260907,41760907,1041760907,2041260907,3041260907,0.09834845988502376,1.2255055158881445,1.228041333928452,0.0020406291341544588,1.5018637694722674,0.002090559615174783,-0.002780176209487757,1.5080855178367716,2.220446049250313e-16,5.396635422982854e-07,5005,0.005,1,1,0.921416699886322,1.0,-0.07858330011367798,0.07858330011367798,-0.940863847732544,-1.0,0.059136152267456055,0.059136152267456055,0.2883487793822224,0.7333017902300045,0.7486265925635508,0.7384957671165466,0d49084fc189b2a20c77fe7b59cfcc5d90e57d51b3d432ee0983cb4c837cb2fc
2,additive,3,1000,800,200,10000,10000,0.5,716,41260907,41760907,1041760907,2041260907,3041260907,0.09978966085525075,1.1940126775505404,1.193973055400509,0.0020476636974142413,1.425666274151411,-0.0010711404131990728,0.001500497242203839,1.425571657022427,0.0,5.195402916768899e-07,5012,0.005,1,1,0.919556200504303,1.0,-0.08044379949569702,0.08044379949569702,-0.9409511089324951,-1.0,0.05904889106750488,0.05904889106750488,0.28286773057826503,0.7257290257157445,0.7404130647124164,0.7324669361114502,05f2f48e5b07ffe1ee91f5c32a1838455031d925a6574983cc3c9ea90e6b30bc
2,additive,3,1000,800,200,10000,10000,0.5,717,41260907,41760907,1041760907,2041260907,3041260907,0.10457339099457613,1.2211914777333401,1.2191281011411825,0.002205928041662426,1.4913086252885388,-0.0036206131690478117,0.004848447122225437,1.4862733269921056,0.0,5.225428179045366e-07,5019,0.005,1,1,0.9151255488395691,1.0,-0.08487445116043091,0.08487445116043091,-0.9389105439186096,-1.0,0.06108945608139038,0.06108945608139038,0.30273377243886046,0.7308742665267135,0.7485099845313665,0.7387074828147888,3513f4139eb9ae2e9bbedbd807a1f06c48d95b028911201f13f9e13b084cd888
2,additive,3,1000,800,200,10000,10000,0.5,718,41260907,41760907,1041760907,2041260907,3041260907,0.10450249193942361,1.2158122585961,1.2168229400161226,0.0023244852472937595,1.47819944815255,6.706697481830397e-05,-9.059897419461879e-05,1.4806580673494805,2.220446049250313e-16,5.338019448686282e-07,5026,0.005,1,1,0.9167503714561462,1.0,-0.08324962854385376,0.08324962854385376,-0.9368314146995544,-1.0,0.06316858530044556,0.06316858530044556,0.2812613145327609,0.7280447987059577,0.7454492909266717,0.7313975095748901,5fa118d04029640fd07c1f34897eda3609112328871d181493dca40b30c89355
2,additive,3,1000,800,200,10000,10000,0.5,719,41260907,41760907,1041760907,2041260907,3041260907,0.10269730060747287,1.215872557836886,1.2186910587775825,0.002355213377134479,1.478346076900812,0.0022533032332392915,-0.00304356219317715,1.485207896744425,0.0,5.464640135954824e-07,5033,0.005,1,1,0.9194908738136292,1.0,-0.08050912618637085,0.08050912618637085,-0.9362425208091736,-1.0,0.06375747919082642,0.06375747919082642,0.29085870392066676,0.7256279185848623,0.7446689729960266,0.7296456098556519,7c9fd0cca4435c7f355d9098d723dc8f253d75fe59aa3d30d8931c60cdc04c5e
2,additive,3,1000,800,200,10000,10000,0.5,720,41260907,41760907,1041760907,2041260907,3041260907,0.10078094692473936,1.2128926955846673,1.2159885467828115,0.002244696639981451,1.4711086910026405,0.002637379132176076,-0.0035801039374483068,1.4786281459069741,0.0,5.298350806981489e-07,5040,0.005,1,1,0.9207205176353455,1.0,-0.07927948236465454,0.07927948236465454,-0.937778115272522,-1.0,0.06222188472747803,0.06222188472747803,0.30007330970483553,0.7345228322427931,0.7447691385222234,0.7380440831184387,0a7a1ad3ed9c3b8f3f6dfb3e0e1eb8c0bda5065a123b20c9a982c8fa181159e3
2,additive,3,1000,800,200,10000,10000,0.5,721,41260907,41760907,1041760907,2041260907,3041260907,0.10057433556395097,1.2595463144585275,1.2618611488409683,0.002096645744329452,1.5864569182660597,0.0018699974719295017,-0.002354339840085206,1.5922935589542484,2.220446049250313e-16,5.745459343842185e-07,5047,0.005,1,1,0.919148325920105,1.0,-0.08085167407989502,0.08085167407989502,-0.9401819109916687,-1.0,0.0598180890083313,0.0598180890083313,0.2994748316128198,0.7311199315280641,0.7596425713517372,0.7335898280143738,f97267bd6ed50e4379d2404ba04c86cf1bd3d391153645fbed54a47ec04e8aca
2,additive,3,1000,800,200,10000,10000,0.5,722,41260907,41760907,1041760907,2041260907,3041260907,0.1022033560374001,1.2360709010398618,1.2386142306551777,0.002182493517830499,1.527871272397496,0.0020557232330956168,-0.0026871254839411713,1.534165212381518,0.0,5.812107737312999e-07,5054,0.005,1,1,0.9180651903152466,1.0,-0.08193480968475342,0.08193480968475342,-0.9389081597328186,-1.0,0.061091840267181396,0.061091840267181396,0.2998575153930315,0.7252248861727739,0.7491606718425171,0.7259277105331421,144bb0708cd477cd3a564d2218cbf72d21bc0d780b59f1d960431838f809f827
2,additive,3,1000,800,200,10000,10000,0.5,723,41260907,41760907,1041760907,2041260907,3041260907,0.10596297232860957,1.226859316034175,1.2298153237279825,0.0022892497148732415,1.5051837813398437,0.0024863497107227724,-0.003298698762104123,1.5124457304761625,0.0,5.388049277854634e-07,5061,0.005,1,1,0.9143235087394714,1.0,-0.08567649126052856,0.08567649126052856,-0.9376486539840698,-1.0,0.062351346015930176,0.062351346015930176,0.3014424772336695,0.743560570597551,0.7493517183345064,0.7463786602020264,f9babd21381d190cea78521b6e136daf0d682594efc35fda799c1f4a8a77b567
2,additive,3,1000,800,200,10000,10000,0.5,724,41260907,41760907,1041760907,2041260907,3041260907,0.1083012236564763,1.2520459902637922,1.2557869439666869,0.002458144214405228,1.5676191617356399,0.003461771343572861,-0.004409682670342353,1.5770008486371907,0.0,5.554389108652913e-07,5068,0.005,1,1,0.9132670760154724,1.0,-0.08673292398452759,0.08673292398452759,-0.9351420402526855,-1.0,0.06485795974731445,0.06485795974731445,0.3160714885323731,0.7248980211931023,0.7569019060398802,0.7304204106330872,4c7d6579ffe2e36be4127b180d79049abbc05e802b42f06e51111e3c0d6127bb
2,additive,3,1000,800,200,10000,10000,0.5,725,41260907,41760907,1041760907,2041260907,3041260907,0.1077268597256959,1.1928990978824265,1.1937561759766553,0.002420895887288107,1.423008257728707,-0.00018767296679402545,0.0002633213531769588,1.425053807682407,0.0,5.860106675470433e-07,5075,0.005,1,1,0.9135895371437073,1.0,-0.08641046285629272,0.08641046285629272,-0.9356703162193298,-1.0,0.06432968378067017,0.06432968378067017,0.3107100559465682,0.7220598261244636,0.740253231386804,0.7246860265731812,0305706a9c7bd59ad4d655ca1bd55f3c3465b115e4ef661d021e927032d7e749
2,additive,3,1000,800,200,10000,10000,0.5,726,41260907,41760907,1041760907,2041260907,3041260907,0.10646416337881014,1.1986293382648932,1.198494081077338,0.0022121028666713225,1.4367122905493357,-0.0012681655192970783,0.001762657614395504,1.4363880623774128,0.0,5.648530212454261e-07,5082,0.005,1,1,0.9125330448150635,1.0,-0.08746695518493652,0.08746695518493652,-0.9393028020858765,-1.0,0.060697197914123535,0.060697197914123535,0.2945476119601742,0.7306664964150668,0.7425964455713762,0.7349398732185364,8f33480b418059af2e274f739bcdc59be82791f826d74a7f0df53fad491ea6a8
2,additive,3,1000,800,200,10000,10000,0.5,727,41260907,41760907,1041760907,2041260907,3041260907,0.10448055465801297,1.1994692397356033,1.1990411225620774,0.0021363167519769695,1.4387264570719063,-0.0015815801144783313,0.0021953237229954945,1.4376996135949267,0.0,5.691131566010199e-07,5089,0.005,1,1,0.9142522811889648,1.0,-0.08574771881103516,0.08574771881103516,-0.9403048157691956,-1.0,0.05969518423080444,0.05969518423080444,0.28337710656118825,0.7241758429833496,0.7422653816035796,0.729505181312561,ba5e84460813f4f0784c1d7d4afdb222c5de9f342e4cbb607eb1fe913f451d1f
2,additive,3,1000,800,200,10000,10000,0.5,728,41260907,41760907,1041760907,2041260907,3041260907,0.1014541229525741,1.2031300987496738,1.2028819249531857,0.0020573169238048204,1.4475220345173998,-0.0013272130310616177,0.0018311698904127911,1.4469249253790815,2.220446049250313e-16,5.826220697002782e-07,5096,0.005,1,1,0.917384147644043,1.0,-0.08261585235595703,0.08261585235595703,-0.9411140084266663,-1.0,0.05888599157333374,0.05888599157333374,0.2821063151451636,0.7231464768251581,0.7448259409772563,0.7268345355987549,2eca8d9c4b9da3a70f5bbd1e4922036ed3c1501e2aad26db1a064fd28f47737b
2,additive,3,1000,800,200,10000,10000,0.5,729,41260907,41760907,1041760907,2041260907,3041260907,0.1015891800318396,1.2087973095207187,1.2091325829421224,0.002065200618108042,1.4611909355045285,-0.0006272664951740383,0.0008573570678284401,1.4620016031322884,0.0,5.746856288624258e-07,5103,0.005,1,1,0.9173091053962708,1.0,-0.08269089460372925,0.08269089460372925,-0.9409866333007812,-1.0,0.05901336669921875,0.05901336669921875,0.27831309485392,0.7354721571902926,0.7441157109526751,0.7403609752655029,0eb1d9fc1d793ac4234224337389d8e07ebad62ab5a17189b9ca4071ee0738f0
2,additive,3,1000,800,200,10000,10000,0.5,730,41260907,41760907,1041760907,2041260907,3041260907,0.10211880689270993,1.2147994537711082,1.213804771757032,0.002114808838053262,1.4757377128825826,-0.002265248890247705,0.003065595324234814,1.4733220239401403,-2.220446049250313e-16,5.801039844044453e-07,5110,0.005,1,1,0.9172749519348145,1.0,-0.08272504806518555,0.08272504806518555,-0.9401266574859619,-1.0,0.059873342514038086,0.059873342514038086,0.2851148334916375,0.7314093850668248,0.7467209226140865,0.7355858087539673,84a9f4dc2a3f043d45964c45781b7948d441d4c775117d215ee169d9225e9e5c
2,additive,3,1000,800,200,10000,10000,0.5,731,41260907,41760907,1041760907,2041260907,3041260907,0.10234461586649661,1.213901422770338,1.2118577879983592,0.0021726584916887106,1.473556664203851,-0.003565012181631826,0.004831525845295316,1.4685992983322762,2.220446049250313e-16,5.843055905785377e-07,5117,0.005,1,1,0.9177455902099609,1.0,-0.08225440979003906,0.08225440979003906,-0.9391014575958252,-1.0,0.060898542404174805,0.060898542404174805,0.2940253544929051,0.7352649232178916,0.7491617478873898,0.7410243153572083,eaca9620ae8ab8ce58a9ba954fdcb7439b3b4ceada1c2f31f48232ec536d13fc
2,additive,3,1000,800,200,10000,10000,0.5,732,41260907,41760907,1041760907,2041260907,3041260907,0.1018494073865837,1.2124951986218413,1.212749710328382,0.0020771118463975315,1.4701446066810182,-0.0007299293129208402,0.0009916024247366073,1.4707618599015742,0.0,5.266206173359933e-07,5124,0.005,1,1,0.9171163439750671,1.0,-0.08288365602493286,0.08288365602493286,-0.9408087730407715,-1.0,0.059191226959228516,0.059191226959228516,0.2739638378869805,0.7296842955342444,0.7463841091490986,0.7341358065605164,c460abc506eacc8b81c0c1c27424f0c673ce86badddd5c8ed9e8bed80279268f
2,additive,3,1000,800,200,10000,10000,0.5,733,41260907,41760907,1041760907,2041260907,3041260907,0.10112172260639694,1.2387817490295026,1.2401244671063056,0.0020447903369645005,1.5345802217285933,0.0006418409250704464,-0.0008353904433817237,1.5379086939156987,0.0,5.769556814527732e-07,5131,0.005,1,1,0.9176684617996216,1.0,-0.08233153820037842,0.08233153820037842,-0.9412878155708313,-1.0,0.0587121844291687,0.0587121844291687,0.274375144269914,0.7283096398217995,0.7521690638844712,0.7304929494857788,920fc824b1c0fabde0e03b3cf025dbf438906d2add07680335466b553d3613d4
2,additive,3,1000,800,200,10000,10000,0.5,734,41260907,41760907,1041760907,2041260907,3041260907,0.10126115193162054,1.2129888572306067,1.2141487627234155,0.0019635907049478343,1.4713419677656132,0.00042582977611994454,-0.0005780603672764237,1.4741572180228009,0.0,5.768627548974337e-07,5138,0.005,1,1,0.9161915183067322,1.0,-0.08380848169326782,0.08380848169326782,-0.9431672692298889,-1.0,0.056832730770111084,0.056832730770111084,0.2722252538610625,0.726787573412046,0.7458482561836152,0.7306734919548035,c9f287061298accc91e40f1fef12eacac3c06c573fd6c970590e8dec98f4c29d
2,additive,3,1000,800,200,10000,10000,0.5,735,41260907,41760907,1041760907,2041260907,3041260907,0.100989646355142,1.2320816017771645,1.232744367005794,0.0018811631247681604,1.5180250734377834,-0.0001237810890178874,0.000162879901457386,1.519658674384516,2.220446049250313e-16,5.265096501005928e-07,5145,0.005,1,1,0.9150633215904236,1.0,-0.08493667840957642,0.08493667840957642,-0.9453678727149963,-1.0,0.05463212728500366,0.05463212728500366,0.2936612860197558,0.7416090849871856,0.7491144109269344,0.7437652349472046,f68f01c17f8a6b2ff4bf5aa846f678a6e3dca9f402fe769b400f116058a42d1a
2,additive,3,1000,800,200,10000,10000,0.5,736,41260907,41760907,1041760907,2041260907,3041260907,0.10146229722845483,1.2173892133109807,1.2186191432937916,0.0019192068304152005,1.4820364966859287,0.0005384564428753245,-0.000725704199390065,1.4850326164020946,0.0,5.321868528085361e-07,5152,0.005,1,1,0.9150775074958801,1.0,-0.08492249250411987,0.08492249250411987,-0.9444773197174072,-1.0,0.05552268028259277,0.05552268028259277,0.281827350449844,0.7275426040826463,0.7454089253778954,0.7303169965744019,9b7359fbfa711ed0e955b9321b2618f4011be538abb1774be243672b14282e5f
2,additive,3,1000,800,200,10000,10000,0.5,737,41260907,41760907,1041760907,2041260907,3041260907,0.10035891288198005,1.2391805679025254,1.2415622408920615,0.0019946779884579065,1.5355684798672253,0.0019568200766171932,-0.002545352451532741,1.5414767980089175,-2.220446049250313e-16,5.533504605637063e-07,5159,0.005,1,1,0.9179999232292175,1.0,-0.08200007677078247,0.08200007677078247,-0.9421389698982239,-1.0,0.05786103010177612,0.05786103010177612,0.28710029752807364,0.7285755339542395,0.7516093804107478,0.7329065799713135,1613a674dec42de7041e0b2218bdb3004beb6cd55dbb1720020465b9f2c63101
2,additive,3,1000,800,200,10000,10000,0.5,738,41260907,41760907,1041760907,2041260907,3041260907,0.09952749684129343,1.216002751382344,1.2180413574689033,0.0019574398971952626,1.4786626913694307,0.0015023086190313491,-0.002029296491796541,1.4836247485046885,-2.220446049250313e-16,5.709929009611869e-07,5166,0.005,1,1,0.9186128377914429,1.0,-0.08138716220855713,0.08138716220855713,-0.9427125453948975,-1.0,0.05728745460510254,0.05728745460510254,0.2853552823109408,0.7237088567840746,0.7452874250388155,0.7266738414764404,f1c2d352000ff20b9707ad4c773c8339bf66718870f57e3c10b70153be295c92
2,additive,3,1000,800,200,10000,10000,0.5,739,41260907,41760907,1041760907,2041260907,3041260907,0.09877214375362639,1.2286407369151153,1.2296556739472346,0.0018525348809260336,1.5095580604073178,0.0003212405911920099,-0.0004250871235036506,1.512053076470628,2.220446049250313e-16,5.157675992961686e-07,5173,0.005,1,1,0.9179717898368835,1.0,-0.08202821016311646,0.08202821016311646,-0.9449790120124817,-1.0,0.05502098798751831,0.05502098798751831,0.28518802024356305,0.7427436871721766,0.7487269325987987,0.7475391626358032,074a115d7b26b3fbf447fccf42c89c98b1bf2b561f11609819033539fd0a34a9
2,additive,3,1000,800,200,10000,10000,0.5,740,41260907,41760907,1041760907,2041260907,3041260907,0.09916817508860494,1.2146353752176597,1.2156181291338668,0.001842180726521348,1.475339094730145,0.00027308021112795137,-0.0003697314820667888,1.4777274358789223,0.0,5.816632722144277e-07,5180,0.005,1,1,0.9171704649925232,1.0,-0.0828295350074768,0.0828295350074768,-0.945469319820404,-1.0,0.05453068017959595,0.05453068017959595,0.27842689462402764,0.7267339653009276,0.7460947070613945,0.7310742139816284,f66b1c0fa0700cf4eba671094d53a366de79c81d70cb2880593c3689847ad6e9
2,additive,3,1000,800,200,10000,10000,0.5,741,41260907,41760907,1041760907,2041260907,3041260907,0.10001886433409272,1.2267074319924336,1.2278449682709711,0.0018252278521074022,1.5048111237054709,0.00048345727538207946,-0.0006417703580326808,1.5076032661083423,-2.220446049250313e-16,5.674877048278404e-07,5187,0.005,1,1,0.9154384136199951,1.0,-0.08456158638000488,0.08456158638000488,-0.946585476398468,-1.0,0.05341452360153198,0.05341452360153198,0.2787664213342547,0.7309326854553763,0.7506944232403893,0.7346336245536804,99e37c3f7ebc2b367fd22b6febb8b00424a5ceac2a784c225d0abdf3796afa3a
2,additive,3,1000,800,200,10000,10000,0.5,742,41260907,41760907,1041760907,2041260907,3041260907,0.10002942938771074,1.2841078554895633,1.2870816513204075,0.001833476382957184,1.6489329845300054,0.002906358126352459,-0.00352122265041063,1.6565791771656673,-2.220446049250313e-16,5.733176440259058e-07,5194,0.005,1,1,0.9156080484390259,1.0,-0.08439195156097412,0.08439195156097412,-0.9462981820106506,-1.0,0.053701817989349365,0.053701817989349365,0.31715646643726964,0.7405600028365942,0.7632145362012952,0.7425572872161865,168567875b6bb668af54e2edfcbe007ff297f47d6b451b0437e07bfae7d2b67b
2,additive,3,1000,800,200,10000,10000,0.5,743,41260907,41760907,1041760907,2041260907,3041260907,0.09941186469502734,1.221032811115957,1.2220588265146914,0.00182427255375774,1.490921125821736,0.0003411885434853691,-0.0004571289167686244,1.4934277754624647,0.0,5.455033775803031e-07,5201,0.005,1,1,0.9164207577705383,1.0,-0.08357924222946167,0.08357924222946167,-0.9461740851402283,-1.0,0.05382591485977173,0.05382591485977173,0.2854270181687644,0.7314866629864184,0.7469263492898747,0.7345807552337646,ebb1248e2a63c0a57b0e7db1b31c87eae66b7f78940e871ade4aadd4105d765e
2,additive,3,1000,800,200,10000,10000,0.5,744,41260907,41760907,1041760907,2041260907,3041260907,0.09734314414313339,1.21682849690924,1.2175927896828904,0.0017980933974592259,1.4806715908904002,3.125859995187661e-05,-4.217098033528077e-05,1.4825322014877633,0.0,5.827675551017819e-07,5208,0.005,1,1,0.9191359281539917,1.0,-0.0808640718460083,0.0808640718460083,-0.9458087682723999,-1.0,0.0541912317276001,0.0541912317276001,0.2760511644374647,0.739767152390363,0.7459589490581976,0.7420501112937927,1e1852534b0fc588c65a8d11c834276652589c0729e1abec24b19b34ae4c2f59
2,additive,3,1000,800,200,10000,10000,0.5,745,41260907,41760907,1041760907,2041260907,3041260907,0.09330541481271684,1.2400848243696991,1.2397893632880117,0.0017021864611023356,1.5378103716320277,-0.0012174463855184725,0.001581599811081015,1.5370776653220934,2.220446049250313e-16,5.40232921508732e-07,5215,0.005,1,1,0.9233970046043396,1.0,-0.0766029953956604,0.0766029953956604,-0.9467282295227051,-1.0,0.05327177047729492,0.05327177047729492,0.2803593445068675,0.7315980582708934,0.75109542155273,0.7359163165092468,86ebb79ebc6f27599f223d03ecaafc0b57bbee83bf37e8008266ec76f13f2801
2,additive,3,1000,800,200,10000,10000,0.5,746,41260907,41760907,1041760907,2041260907,3041260907,0.09078347177516716,1.2049807607504037,1.2033108097412082,0.0016649761174793234,1.4519786337786216,-0.00284335252802947,0.003912035259086233,1.447956904840042,0.0,5.276517551777715e-07,5222,0.005,1,1,0.9263569712638855,1.0,-0.0736430287361145,0.0736430287361145,-0.9469119310379028,-1.0,0.05308806896209717,0.05308806896209717,0.29816660375071874,0.7314286718303087,0.7447081119061953,0.7378600835800171,ba6747b5371f0692bb1ede2eb025123035999f7d7621b536970dbe8d8c318db3
2,additive,3,1000,800,200,10000,10000,0.5,747,41260907,41760907,1041760907,2041260907,3041260907,0.0874241566757322,1.2272111490742688,1.2273923584543873,0.001627147765044548,1.5060472044121873,-0.0005911752925042628,0.0007842214622150291,1.5064920015922232,0.0,5.45647566241314e-07,5229,0.005,1,1,0.9303603768348694,1.0,-0.06963962316513062,0.06963962316513062,-0.9471482634544373,-1.0,0.052851736545562744,0.052851736545562744,0.2816399684266245,0.7334158766932177,0.7475110304370324,0.7375948429107666,6e36d0f74c552776f1142beedfe9d99c928b6f19b2434c830f557576e43943d6
2,additive,3,1000,800,200,10000,10000,0.5,748,41260907,41760907,1041760907,2041260907,3041260907,0.08773787358074152,1.2355906438410211,1.235487212802929,0.0015653795505496842,1.5266842391474689,-0.0009104828492339873,0.0011915368249980872,1.5264286529995503,-2.220446049250313e-16,5.788413730556385e-07,5236,0.005,1,1,0.9289935827255249,1.0,-0.0710064172744751,0.0710064172744751,-0.9484633803367615,-1.0,0.051536619663238525,0.051536619663238525,0.2846083535955224,0.7300526988891517,0.7538962067556954,0.7361939549446106,a8c79b7628012450cfa7467fdcc3970c7e06dd260062b88ea28e1f52f9906199
2,additive,3,1000,800,200,10000,10000,0.5,749,41260907,41760907,1041760907,2041260907,3041260907,0.08983091180112192,1.2695205816985227,1.2695627330046688,0.001659093136706176,1.6116825073561551,-0.0007760337292887005,0.000962020354587806,1.611789533034284,0.0,5.469243387068445e-07,5243,0.005,1,1,0.9275802969932556,1.0,-0.07241970300674438,0.07241970300674438,-0.9468494653701782,-1.0,0.05315053462982178,0.05315053462982178,0.2827104341260882,0.7337628285198228,0.7609716140632404,0.7388349175453186,0361ca945768815da1d8d753497283a411766d8c7c6bc2edd7fe8a8b8b090d19
2,additive,3,1000,800,200,10000,10000,0.5,750,41260907,41760907,1041760907,2041260907,3041260907,0.09026562478588877,1.2225177840221317,1.2222135584945963,0.0016658179377795478,1.4945497322503833,-0.0012047838100693188,0.0016104415034555765,1.4938059825680243,0.0,5.187581599841451e-07,5250,0.005,1,1,0.9270865321159363,1.0,-0.07291346788406372,0.07291346788406372,-0.9467880725860596,-1.0,0.05321192741394043,0.05321192741394043,0.29701196943763025,0.739957775125112,0.7473008515564341,0.7425538301467896,61fc0b53be19b50d9634c8e8aa0be252fa7962af6da85eab7e1643893e5598bc
2,additive,3,1000,800,200,10000,10000,0.5,751,41260907,41760907,1041760907,2041260907,3041260907,0.09224431418880442,1.2186525118828815,1.2179673177385675,0.0016788642505457837,1.4851139447184567,-0.0016742109448609013,0.0022521106300236434,1.4834443870792806,-2.220446049250313e-16,5.813162822221329e-07,5257,0.005,1,1,0.9245256185531616,1.0,-0.07547438144683838,0.07547438144683838,-0.946965754032135,-1.0,0.05303424596786499,0.05303424596786499,0.28178369438329903,0.7359867969509026,0.7462643911010378,0.7396572828292847,f633491c409900aba6ac27134a2eab262053df69954e243878036e1aa6990ee8
2,additive,3,1000,800,200,10000,10000,0.5,752,41260907,41760907,1041760907,2041260907,3041260907,0.09316597753995236,1.2700088449914961,1.2723458866066841,0.0017662133886155314,1.612922466356634,0.002087687709849777,-0.002585870249835594,1.6188640551649491,0.0,5.538463447862796e-07,5264,0.005,1,1,0.9246180057525635,1.0,-0.07538199424743652,0.07538199424743652,-0.9452509880065918,-1.0,0.0547490119934082,0.0547490119934082,0.30494606608592123,0.7336264226748307,0.7619692113758165,0.7351678609848022,9f9fcc564c99b484a5ab84da3b7cae26fde4d82fe94100b6a79a0d0871817550
2,additive,3,1000,800,200,10000,10000,0.5,753,41260907,41760907,1041760907,2041260907,3041260907,0.09190540911035829,1.238652686761053,1.2411638662067426,0.0018083004133112681,1.5342604784203755,0.0022094819717909365,-0.0028768008337081907,1.5404877427772687,0.0,5.329155232658422e-07,5271,0.005,1,1,0.9269288182258606,1.0,-0.0730711817741394,0.0730711817741394,-0.9442576766014099,-1.0,0.05574232339859009,0.05574232339859009,0.2914595953458557,0.7455641643763616,0.7515520516389997,0.7483024597167969,e624ed255c2acb77db178a8f0f9e2c194edce414cc523ea7f1ef5712710c47e6
2,additive,3,1000,800,200,10000,10000,0.5,754,41260907,41760907,1041760907,2041260907,3041260907,0.09075939829899306,1.2331169820039278,1.2352509490247765,0.0018115054288900389,1.5205774913064753,0.0017279551656228637,-0.002270057349768446,1.525844907066611,-2.220446049250313e-16,5.283628681240771e-07,5278,0.005,1,1,0.9284866452217102,1.0,-0.0715133547782898,0.0715133547782898,-0.9441152215003967,-1.0,0.05588477849960327,0.05588477849960327,0.29484930637521206,0.7468284871548747,0.7489480121347466,0.7512418031692505,cc43cac6f47cd4f07171100dc0f464dc47a28d8cdbbfb4ef44c9841652abb178
2,additive,3,1000,800,200,10000,10000,0.5,755,41260907,41760907,1041760907,2041260907,3041260907,0.09189516763855234,1.24171897228765,1.2426292878442904,0.0018054731632422712,1.541866006139098,0.00022803385303381453,-0.0002954435008890286,1.5441275470084082,2.220446049250313e-16,5.805262119906729e-07,5285,0.005,1,1,0.9269038438796997,1.0,-0.07309615612030029,0.07309615612030029,-0.9443073272705078,-1.0,0.05569267272949219,0.05569267272949219,0.28695235732869884,0.7370360507856886,0.7531698438473869,0.7403106689453125,5b71ac5ac459cdb41e61bb9ae0dbb3ae5ab89787cfa0a122170aa2cf7c06fb03
2,additive,3,1000,800,200,10000,10000,0.5,756,41260907,41760907,1041760907,2041260907,3041260907,0.09464437440611043,1.2364514525741068,1.235876744694864,0.0018786952288119554,1.5288121945726187,-0.0016497808619283163,0.002155602901827337,1.5273913280775737,-2.220446049250313e-16,5.829654448064048e-07,5292,0.005,1,1,0.9242236614227295,1.0,-0.07577633857727051,0.07577633857727051,-0.9432945847511292,-1.0,0.05670541524887085,0.05670541524887085,0.2927872909230327,0.7307301589032247,0.7507092905072543,0.7343480587005615,c483b84bf8acf05195509dfd18f23064af4a37a29afe29521eabf6b39a35f384
2,additive,3,1000,800,200,10000,10000,0.5,757,41260907,41760907,1041760907,2041260907,3041260907,0.0978032283869226,1.2284803750097357,1.22624225522615,0.001867368545008508,1.509164031784061,-0.0036806659134777093,0.004871726573883429,1.5036700685021143,0.0,5.907692290918476e-07,5299,0.005,1,1,0.9196573495864868,1.0,-0.08034265041351318,0.08034265041351318,-0.9442278742790222,-1.0,0.05577212572097778,0.05577212572097778,0.3179093818831768,0.7499635281601065,0.7506334482077865,0.75543212890625,522abf387a9da1e31e603a5e6139713e6061ae76485d851cd0fd788a5f892b6b
2,additive,3,1000,800,200,10000,10000,0.5,758,41260907,41760907,1041760907,2041260907,3041260907,0.09666426765727136,1.2361202906701403,1.2345608217409478,0.0018335219206918483,1.5279933730064321,-0.0028432361747197663,0.003717069145728686,1.5241404225776845,2.220446049250313e-16,5.757620566981814e-07,5306,0.005,1,1,0.920746922492981,1.0,-0.07925307750701904,0.07925307750701904,-0.944656252861023,-1.0,0.05534374713897705,0.05534374713897705,0.30351293459319634,0.7337983299611335,0.7514251446415597,0.7381290197372437,ba3b094ab6a7be48521c70592ff05ede815c36d6a4eb85b41ddd064bbb762240
2,additive,3,1000,800,200,10000,10000,0.5,759,41260907,41760907,1041760907,2041260907,3041260907,0.09400293919589409,1.2402841186092608,1.2392148281437372,0.0018664461837193628,1.5383046948743508,-0.0022588753833790243,0.002933278417133848,1.535653390291312,-2.220446049250313e-16,5.647153908938662e-07,5313,0.005,1,1,0.9249185919761658,1.0,-0.07508140802383423,0.07508140802383423,-0.9434373378753662,-1.0,0.05656266212463379,0.05656266212463379,0.29265402976969734,0.744976985214829,0.7546595496925492,0.7471693754196167,8658e25a89175754a0382fb2b3865286ee0f331f0f1993aedfb7749fb63ad5b4
2,additive,3,1000,800,200,10000,10000,0.5,760,41260907,41760907,1041760907,2041260907,3041260907,0.09241786446198641,1.2427013191496479,1.2467750171021519,0.002126583096216063,1.5443065686162751,0.004007395778789928,-0.00518275979062168,1.5544479432700709,-2.220446049250313e-16,5.323559228997965e-07,5320,0.005,1,1,0.9301000237464905,1.0,-0.06989997625350952,0.06989997625350952,-0.9395429491996765,-1.0,0.060457050800323486,0.060457050800323486,0.30367881017771425,0.7373721058355456,0.7524851818165633,0.7405416965484619,c4d936a674cf0047a80fcbec07555eacb1f02c9f97389fbe2e7a0ca015039f55
2,additive,3,1000,800,200,10000,10000,0.5,761,41260907,41760907,1041760907,2041260907,3041260907,0.0929708327468751,1.3075530193614424,1.3144035825778562,0.0023174767003741083,1.7096948984412244,0.007822201375952144,-0.009138019665664132,1.727656777893503,2.220446049250313e-16,5.419523425587158e-07,5327,0.005,1,1,0.9314003586769104,1.0,-0.0685996413230896,0.0685996413230896,-0.9372491836547852,-1.0,0.06275081634521484,0.06275081634521484,0.33615465789768384,0.7471128306881833,0.7714600097996612,0.7493906617164612,277827d9e1eab2d622c55b8b2f1c28aecc357a19c8b59d8b6d0abafdada075c1
2,additive,3,1000,800,200,10000,10000,0.5,762,41260907,41760907,1041760907,2041260907,3041260907,0.0934178585729704,1.2434799402817547,1.24436367255901,0.002292039339132906,1.5462423618831163,-4.672581885100513e-05,6.0348441486511004e-05,1.548440949584547,0.0,5.703501884113393e-07,5334,0.005,1,1,0.9305891990661621,1.0,-0.06941080093383789,0.06941080093383789,-0.937477707862854,-1.0,0.062522292137146,0.062522292137146,0.2839039822208512,0.7369021047909418,0.7533947882206492,0.7388010025024414,59b59de5f97ef7efbfb036b32a05c84fbac952697455f2e495e25dd482c1620d
2,additive,3,1000,800,200,10000,10000,0.5,763,41260907,41760907,1041760907,2041260907,3041260907,0.09372493771133676,1.2062686997268346,1.2065351878350088,0.0022933468472855234,1.4550841759406683,-0.0008251816519470797,0.00113241989675882,1.4557271594840597,2.220446049250313e-16,5.688786970381443e-07,5341,0.005,1,1,0.9302208423614502,1.0,-0.0697791576385498,0.0697791576385498,-0.9374281764030457,-1.0,0.06257182359695435,0.06257182359695435,0.28921714725917974,0.7342798638906959,0.7419830243199839,0.7380188703536987,ccd25f378740293572cc60d121f97aa70f677052262e83ee6f4e55768d9071ce
2,additive,3,1000,800,200,10000,10000,0.5,764,41260907,41760907,1041760907,2041260907,3041260907,0.09616696380844679,1.2391926713819346,1.2390432376289457,0.0024064420933787916,1.535598476806695,-0.0013883870930268955,0.0018054390801556348,1.53522814471402,0.0,5.458304190852914e-07,5348,0.005,1,1,0.9283233880996704,1.0,-0.07167661190032959,0.07167661190032959,-0.9358864426612854,-1.0,0.0641135573387146,0.0641135573387146,0.2908434765509009,0.7258551941435282,0.7524150524223274,0.7265570163726807,7b398b4b425d19b602b194bad75002b06d3c86aaffc81302fbdbddbd53dcc4c1
2,additive,3,1000,800,200,10000,10000,0.5,765,41260907,41760907,1041760907,2041260907,3041260907,0.09661523306237929,1.234682029926134,1.2331682615803303,0.002376316540988856,1.5244397150225188,-0.003056035097226869,0.004003147771637416,1.520703961369054,0.0,5.760644459229525e-07,5355,0.005,1,1,0.9274612665176392,1.0,-0.07253873348236084,0.07253873348236084,-0.9361827969551086,-1.0,0.06381720304489136,0.06381720304489136,0.28523973348145,0.7291753233539512,0.7500087913683072,0.7335563898086548,1b6891c69634bdfcbd943b53e667272db3c1498030b938171ff36b3b475257aa
2,additive,3,1000,800,200,10000,10000,0.5,766,41260907,41760907,1041760907,2041260907,3041260907,0.09766464433085138,1.225429181622989,1.2256408628853432,0.002367566066608772,1.5016766791731884,-0.0009243602327340874,0.0012291662770688135,1.5021955247743288,0.0,5.66936218859837e-07,5362,0.005,1,1,0.9260560870170593,1.0,-0.07394391298294067,0.07394391298294067,-0.9361981153488159,-1.0,0.06380188465118408,0.06380188465118408,0.2933999637025105,0.7334439960922075,0.7485462574918118,0.7344064712524414,b2fbcff26a4be82c57740c1b4722e0b265f38b27cd692aff70ab9dd11fdd206e
2,additive,3,1000,800,200,10000,10000,0.5,767,41260907,41760907,1041760907,2041260907,3041260907,0.09847845554735543,1.2379732430771702,1.2354568533988142,0.002288099967721839,1.532577750575006,-0.004256106966314436,0.005545900920017836,1.5263536366100992,0.0,5.536159388697115e-07,5369,0.005,1,1,0.9241839647293091,1.0,-0.07581603527069092,0.07581603527069092,-0.9371514916419983,-1.0,0.06284850835800171,0.06284850835800171,0.2903479024135836,0.7373941288941762,0.753072519458585,0.7432178258895874,93d9f5c073e4429252a3798a665a5a5817d98e18fa10f51ca549b43f2fc9a03c
2,additive,3,1000,800,200,10000,10000,0.5,768,41260907,41760907,1041760907,2041260907,3041260907,0.09899649062557565,1.2297052434956957,1.2285584569783488,0.002358642272623056,1.5121749858808082,-0.0025888729702049766,0.0034187064877013195,1.509355882213021,-2.220446049250313e-16,5.840471146711934e-07,5376,0.005,1,1,0.9242813587188721,1.0,-0.07571864128112793,0.07571864128112793,-0.936227023601532,-1.0,0.06377297639846802,0.06377297639846802,0.2900271611694881,0.7381082862695972,0.7498819792136974,0.7415675520896912,6d31737f12d8e24487b03593acb546870ec682d56e39b3af3fdddef8f1e16260
2,additive,3,1000,800,200,10000,10000,0.5,769,41260907,41760907,1041760907,2041260907,3041260907,0.10042920154501725,1.252451693521933,1.250789219185806,0.00241910875251709,1.568635244605958,-0.0032903412635183343,0.004188704555618339,1.5644736708314384,0.0,5.325218772611606e-07,5383,0.005,1,1,0.9230989813804626,1.0,-0.07690101861953735,0.07690101861953735,-0.9354069828987122,-1.0,0.06459301710128784,0.06459301710128784,0.2943434384956791,0.735646872158825,0.7533778439752292,0.7401416301727295,00dfd05c3ce4080dc29813a9d77fe98d6dab654bfbf6523a90fdccdf19a21fe7
2,additive,3,1000,800,200,10000,10000,0.5,770,41260907,41760907,1041760907,2041260907,3041260907,0.10138535035496435,1.2401041961865815,1.2395653818673562,0.002400259731318081,1.5378584173995673,-0.0018681706034604233,0.0024257881240316794,1.5365223359239648,2.220446049250313e-16,5.868161583322262e-07,5390,0.005,1,1,0.9216806888580322,1.0,-0.07831931114196777,0.07831931114196777,-0.9356177449226379,-1.0,0.06438225507736206,0.06438225507736206,0.2874719374626508,0.7402068180614602,0.753451753122736,0.7436361312866211,2300478434c8eae6fc121aaf78482239c61ef1eb79e707891850856e75ae9627
2,additive,3,1000,800,200,10000,10000,0.5,771,41260907,41760907,1041760907,2041260907,3041260907,0.10031361506305321,1.258974544903563,1.2590201900039817,0.002354848846081936,1.5850169047151337,-0.0011199573617765655,0.001411083899236557,1.5851318388376623,0.0,5.778918499288466e-07,5397,0.005,1,1,0.9225634336471558,1.0,-0.07743656635284424,0.07743656635284424,-0.9362316727638245,-1.0,0.06376832723617554,0.06376832723617554,0.2906370518942454,0.7304430181391208,0.7577278541536101,0.7365832328796387,02ee44d6a87e67a26ab6443ac93f035b684b062a3d5d1232bbb6e0fd30799908
2,additive,3,1000,800,200,10000,10000,0.5,772,41260907,41760907,1041760907,2041260907,3041260907,0.09824427384699067,1.219733391327,1.2194085506406482,0.0023934389866938177,1.487749545918065,-0.0015928857646161532,0.002137896538455954,1.4869572133755264,0.0,5.834625724787657e-07,5404,0.005,1,1,0.9255934953689575,1.0,-0.07440650463104248,0.07440650463104248,-0.9358469843864441,-1.0,0.06415301561355591,0.06415301561355591,0.28600082258342874,0.7364963634785243,0.7463631532443035,0.7393337488174438,3cd0c15f255a240862c69b96370d8558d627b36bd71a9c38ec775a6acc6a5f0a
2,additive,3,1000,800,200,10000,10000,0.5,773,41260907,41760907,1041760907,2041260907,3041260907,0.09754169641579137,1.2175148995040725,1.2167006536071467,0.002337296058546069,1.4823425305144118,-0.0021596730424498288,0.0029092778170697418,1.4803604804880581,-2.220446049250313e-16,5.282305099996165e-07,5411,0.005,1,1,0.9258964657783508,1.0,-0.07410353422164917,0.07410353422164917,-0.9365724921226501,-1.0,0.06342750787734985,0.06342750787734985,0.2926367648729788,0.744758107244565,0.746244472339553,0.7492554187774658,04ae39e63f3fd331821941f7f925ca3d1362792cff704196a15e29006c28e204
2,additive,3,1000,800,200,10000,10000,0.5,774,41260907,41760907,1041760907,2041260907,3041260907,0.09715859576428415,1.2500586779299432,1.2474765341278289,0.002204309514938901,1.5626466982679577,-0.004326652291658059,0.0055297945556978265,1.5561977031995804,0.0,5.720674707276885e-07,5418,0.005,1,1,0.9249459505081177,1.0,-0.07505404949188232,0.07505404949188232,-0.938301682472229,-1.0,0.061698317527770996,0.061698317527770996,0.31250179693827856,0.7336138717443436,0.7561400473345822,0.7377023696899414,a54c4dffb6d1e0c23690a3db801033b1038570e95c5413d91d546db27ed873dc
2,additive,3,1000,800,200,10000,10000,0.5,775,41260907,41760907,1041760907,2041260907,3041260907,0.09499707842277925,1.2658023853199363,1.2658045511398706,0.002269462576005702,1.6022556786816404,-0.0011319897856186107,0.0014109966326004007,1.602261161686409,0.0,5.856861626796217e-07,5425,0.005,1,1,0.9283860921859741,1.0,-0.07161390781402588,0.07161390781402588,-0.9375829100608826,-1.0,0.06241708993911743,0.06241708993911743,0.2857195417621112,0.7404011365374604,0.7573755953064476,0.743087649345398,e9d9269d3e5f87de059607bc2cba49017d3cd3d3e463e6ae786a9ab571e0daf3
2,additive,3,1000,800,200,10000,10000,0.5,776,41260907,41760907,1041760907,2041260907,3041260907,0.09530569447206937,1.251301967042531,1.2511460764297175,0.0021749873052966423,1.565756612724507,-0.001282547732163643,0.0016359740847614321,1.5653665045654765,0.0,5.252876089656411e-07,5432,0.005,1,1,0.926982581615448,1.0,-0.073017418384552,0.073017418384552,-0.9387494325637817,-1.0,0.06125056743621826,0.06125056743621826,0.2809090730870914,0.7373467082968779,0.7549809196746368,0.7399579882621765,e038479408c7d38d88cef4a2971dfd6ec4dfceb9103e2169766ed804a258632a
2,additive,3,1000,800,200,10000,10000,0.5,777,41260907,41760907,1041760907,2041260907,3041260907,0.0955718782093838,1.2167062907710335,1.216157892802561,0.002093928841063478,1.4803741980018066,-0.0017140533084524811,0.002312431920007353,1.479040020225965,0.0,5.208797624334238e-07,5439,0.005,1,1,0.9257225394248962,1.0,-0.07427746057510376,0.07427746057510376,-0.9398598074913025,-1.0,0.06014019250869751,0.06014019250869751,0.2819701090486854,0.7290704954084704,0.74514535703929,0.7350761890411377,f476cd88383d122afe0a7894d3e3e60ff3cb7fc9219c7cb20bd413ee0f6d57a7
2,additive,3,1000,800,200,10000,10000,0.5,778,41260907,41760907,1041760907,2041260907,3041260907,0.09336257803937667,1.2488147305204707,1.2505081205982806,0.0020588641386061735,1.5595382311649157,0.0010867321893610817,-0.0013918214789581914,1.563770559682244,0.0,5.415851980217212e-07,5446,0.005,1,1,0.9281491637229919,1.0,-0.07185083627700806,0.07185083627700806,-0.9403843283653259,-1.0,0.05961567163467407,0.05961567163467407,0.2790652848376902,0.7407797899891989,0.7553350186080682,0.7440239191055298,2c9dbeaa605c5626a8d42f0e74c63ba36aced99ee1895809ba23db1359d3a275
2,additive,3,1000,800,200,10000,10000,0.5,779,41260907,41760907,1041760907,2041260907,3041260907,0.09176363431445361,1.243927512114797,1.2443783384271496,0.002005465647794233,1.5473556553961085,-0.00044183594859474996,0.0005703459866051849,1.5484774491467135,2.220446049250313e-16,5.527085402690091e-07,5453,0.005,1,1,0.9295713901519775,1.0,-0.07042860984802246,0.07042860984802246,-0.9411750435829163,-1.0,0.05882495641708374,0.05882495641708374,0.27370553866247654,0.7357673048891136,0.7526119951815379,0.7387344241142273,a6f4384aaf491e8745877c05ccd15c92ea6a82bf6bbf7bf5b98f21eaeaf89a1d
2,additive,3,1000,800,200,10000,10000,0.5,780,41260907,41760907,1041760907,2041260907,3041260907,0.09258805590266231,1.2603925399973925,1.2611625137371882,0.0019705114963854456,1.5885893548810786,-1.4490160780126748e-05,1.8220201686753753e-05,1.5905308860559035,-2.220446049250313e-16,5.324215166524482e-07,5460,0.005,1,1,0.9281051754951477,1.0,-0.0718948245048523,0.0718948245048523,-0.9416589140892029,-1.0,0.05834108591079712,0.05834108591079712,0.27709565181990364,0.7343253039368486,0.7563065667350406,0.7374512553215027,5c2e2816fdc930d665a573a15398f12c3e823d329b66f235f89822655cfea7c2
2,additive,3,1000,800,200,10000,10000,0.5,781,41260907,41760907,1041760907,2041260907,3041260907,0.09384124497387716,1.2493740081194233,1.2471788682669591,0.0018338965915421375,1.560935412164393,-0.0036570896521411255,0.004680268074950107,1.5554551294516528,0.0,5.502008004754089e-07,5467,0.005,1,1,0.9246832728385925,1.0,-0.07531672716140747,0.07531672716140747,-0.9440217018127441,-1.0,0.05597829818725586,0.05597829818725586,0.29641478966561274,0.7362991125300985,0.7546079740053219,0.7416458129882812,a47f167cda9c325279f5c7c49f4691dc7127329ecdf2ec33e9ab3010a121b729
2,additive,3,1000,800,200,10000,10000,0.5,782,41260907,41760907,1041760907,2041260907,3041260907,0.09536685776694308,1.2374867319757874,1.2358354023587914,0.0019340775671082366,1.5313734118161142,-0.003009173829953388,0.0039250754995840235,1.5272891417233156,0.0,5.359944630356495e-07,5474,0.005,1,1,0.9240046739578247,1.0,-0.07599532604217529,0.07599532604217529,-0.9423844814300537,-1.0,0.05761551856994629,0.05761551856994629,0.2887422577779861,0.7417143455011539,0.7519371230334488,0.7469362616539001,d9d7ef0d23d66eb1f74dd2c87951ffa709ad58c46e4ef53f57481ccae419e709
2,additive,3,1000,800,200,10000,10000,0.5,783,41260907,41760907,1041760907,2041260907,3041260907,0.0955795430741287,1.2520162797880892,1.2519564133786827,0.0018703205362058351,1.5675447648544067,-0.001010112195298518,0.0012872467006357477,1.5673948610000152,-2.220446049250313e-16,5.434418461902624e-07,5481,0.005,1,1,0.9228318333625793,1.0,-0.07716816663742065,0.07716816663742065,-0.9436038732528687,-1.0,0.05639612674713135,0.05639612674713135,0.274060096852097,0.7350979501278697,0.7559126806067439,0.737797737121582,8f0d2a4240367ac3df36c24b7d8661670370b2b6215a15026072bb0eb7cda052
2,additive,3,1000,800,200,10000,10000,0.5,784,41260907,41760907,1041760907,2041260907,3041260907,0.09422622010026872,1.2767139234230005,1.2741373706695067,0.0018898386031263985,1.629998442262151,-0.004231120764336962,0.005185551993906705,1.6234260393366038,4.440892098500626e-16,5.283365176467214e-07,5488,0.005,1,1,0.9249371886253357,1.0,-0.0750628113746643,0.0750628113746643,-0.943042516708374,-1.0,0.05695748329162598,0.05695748329162598,0.3044924923690236,0.7462930960506864,0.7631170796714658,0.7539063096046448,9d91c49399ef08f6ea72e1957f20ccb7401d1bd03a1c5131dd7765ec663ff234
2,additive,3,1000,800,200,10000,10000,0.5,785,41260907,41760907,1041760907,2041260907,3041260907,0.09414752175556917,1.260867950838856,1.2580162076018557,0.0019510613004764437,1.589787989452576,-0.0045671360820482045,0.0057385487651226376,1.5826047785889557,-4.440892098500626e-16,5.715147750606775e-07,5495,0.005,1,1,0.9258395433425903,1.0,-0.07416045665740967,0.07416045665740967,-0.942000150680542,-1.0,0.05799984931945801,0.05799984931945801,0.30194219816832496,0.7561721328316615,0.7583410379991494,0.7612459659576416,a985101ee701eb1d2ca6267111f0732cea1db4143bf9f45d686289abd89fa94b
2,additive,3,1000,800,200,10000,10000,0.5,786,41260907,41760907,1041760907,2041260907,3041260907,0.09594634854640413,1.2471326040689394,1.2467066678421799,0.0020727300467552464,1.5553397321317741,-0.0015674732681889663,0.002012919899197883,1.5542775156421513,-2.220446049250313e-16,5.895506642872306e-07,5502,0.005,1,1,0.9249876737594604,1.0,-0.07501232624053955,0.07501232624053955,-0.9401764869689941,-1.0,0.05982351303100586,0.05982351303100586,0.27925353310418755,0.7429565551915138,0.7535142445763376,0.7482244968414307,8a83e09795aeba15d9890dcb78564dabd490c5f2f4a153c9f2247a3e4623998c
2,additive,3,1000,800,200,10000,10000,0.5,787,41260907,41760907,1041760907,2041260907,3041260907,0.09561515331610211,1.2535659566239927,1.254805003571269,0.0021906505226199665,1.571427607606626,0.0004586694291231408,-0.0005829487892043369,1.5745355969874923,2.220446049250313e-16,5.466692236666404e-07,5509,0.005,1,1,0.9267621636390686,1.0,-0.0732378363609314,0.0732378363609314,-0.938530683517456,-1.0,0.061469316482543945,0.061469316482543945,0.2918322768840956,0.7479077808761412,0.7561570457364348,0.751349925994873,1bccf57b25c85812212fa2a7b1ea22b1ff6e44c3bd285fddc223eb9b5b5b53ec
2,additive,3,1000,800,200,10000,10000,0.5,788,41260907,41760907,1041760907,2041260907,3041260907,0.09362892103439843,1.2286460364033318,1.2301483688290165,0.002387856180269745,1.5095710827696174,0.0006530351914014041,-0.0008638266219781893,1.5132650093326898,0.0,5.839000287721774e-07,5516,0.005,1,1,0.93128502368927,1.0,-0.06871497631072998,0.06871497631072998,-0.9364026188850403,-1.0,0.06359738111495972,0.06359738111495972,0.28672650199597505,0.7348966026752413,0.7485679616167813,0.7375328540802002,9673ebde5211f361ff4bef1ae256de37afda5002ee08df7689d3fd4761df583a
2,additive,3,1000,800,200,10000,10000,0.5,789,41260907,41760907,1041760907,2041260907,3041260907,0.09251111141448266,1.24914424435959,1.2509710135152994,0.0024942187712190234,1.5603613432166912,0.0010364573337924253,-0.0013263635603971995,1.5649284766554952,2.220446049250313e-16,5.739836392848474e-07,5523,0.005,1,1,0.9336797595024109,1.0,-0.06632024049758911,0.06632024049758911,-0.9355024695396423,-1.0,0.06449753046035767,0.06449753046035767,0.29128177922979126,0.7562076634504973,0.7541219379669534,0.760374903678894,3f19cd92ae8ee9300db8d89a0f789beff654de8e0e59639ad5e79104a6aea7a9
2,additive,3,1000,800,200,10000,10000,0.5,790,41260907,41760907,1041760907,2041260907,3041260907,0.08981737410356762,1.2493212512853613,1.253606225047586,0.0023333103300465906,1.560803588913221,0.00419583411739541,-0.005368479394769148,1.5715285674780584,-2.220446049250313e-16,5.838304790728444e-07,5530,0.005,1,1,0.9354382753372192,1.0,-0.06456172466278076,0.06456172466278076,-0.9375584721565247,-1.0,0.06244152784347534,0.06244152784347534,0.3052867241985848,0.7305884399355084,0.7552120846189723,0.7335235476493835,0943805d79f12f5c4153016326bce99cfd4eeef7d57099bf045be1e171650032
2,additive,3,1000,800,200,10000,10000,0.5,791,41260907,41760907,1041760907,2041260907,3041260907,0.08930642897608818,1.2271042503703904,1.22886814216025,0.002268737695694229,1.5057848412770776,0.0010316659218063708,-0.0013682085785162912,1.5101169108163846,0.0,5.401732146026461e-07,5537,0.005,1,1,0.9354298710823059,1.0,-0.06457012891769409,0.06457012891769409,-0.9383044838905334,-1.0,0.06169551610946655,0.06169551610946655,0.28132029965389416,0.7330345702231122,0.7488975759617579,0.7373105883598328,a62aab349537382391aa8b957c111c28f78b531cd10988f65fa84d20fdfcd553
2,additive,3,1000,800,200,10000,10000,0.5,792,41260907,41760907,1041760907,2041260907,3041260907,0.09089429339108196,1.2387502739907725,1.2390843435404428,0.0023407703792023703,1.5345022413122138,-0.000756500642183002,0.0009844865564380759,1.5353300104070502,0.0,5.6724812225184e-07,5544,0.005,1,1,0.9341903924942017,1.0,-0.06580960750579834,0.06580960750579834,-0.937303364276886,-1.0,0.06269663572311401,0.06269663572311401,0.2851529246839969,0.7308368436356645,0.7525676556850154,0.7376599311828613,e85966cf57e1991c839d38ba4d85678b9ab3efb21683f6cae5f33bee7a86f447
2,additive,3,1000,800,200,10000,10000,0.5,793,41260907,41760907,1041760907,2041260907,3041260907,0.09159653544204455,1.2487660134132617,1.2508030899664666,0.0022146160083621764,1.5594165562560502,0.0014385988026242482,-0.0018424309506299575,1.564508369869661,0.0,5.754990493045398e-07,5551,0.005,1,1,0.9320571422576904,1.0,-0.06794285774230957,0.06794285774230957,-0.9385696053504944,-1.0,0.061430394649505615,0.061430394649505615,0.2796429624424633,0.7369517216449768,0.7545982670290067,0.7399559617042542,57f70f9079ec2a7231bae090834428e98281da42d4db7131ca0b1e5f6422ca05
2,additive,3,1000,800,200,10000,10000,0.5,794,41260907,41760907,1041760907,2041260907,3041260907,0.09246059289289321,1.2271606071266137,1.2297673348636011,0.0022781399226655666,1.505923155683359,0.0020632011457497206,-0.002735975829964642,1.5123276978975242,2.220446049250313e-16,5.672356859776073e-07,5558,0.005,1,1,0.9316356182098389,1.0,-0.06836438179016113,0.06836438179016113,-0.9377483129501343,-1.0,0.06225168704986572,0.06225168704986572,0.28323352387917367,0.7332561212100237,0.7472111386194742,0.7375752925872803,c9075874ed14d806c3985fb988ccf2f3e919f3d41255a490af669f720aaff555
2,additive,3,1000,800,200,10000,10000,0.5,795,41260907,41760907,1041760907,2041260907,3041260907,0.08982823730971097,1.246056642924298,1.2484431360874895,0.00222958278354867,1.5526571573757715,0.0018617619423228148,-0.0023947235438280877,1.5586102640439659,2.220446049250313e-16,5.465415338079538e-07,5565,0.005,1,1,0.9343962073326111,1.0,-0.06560379266738892,0.06560379266738892,-0.9386383295059204,-1.0,0.06136167049407959,0.06136167049407959,0.28230057869684083,0.7443288950636169,0.7528711464890557,0.7442045211791992,17d40e9c9daff01708a74b27f47b86fd54ae36397ff31c845819f51adebe7d21
2,additive,3,1000,800,200,10000,10000,0.5,796,41260907,41760907,1041760907,2041260907,3041260907,0.08684630203203847,1.2243436852745064,1.2216029096901322,0.002044737872183559,1.4990174596715595,-0.004374264290172908,0.005828225235877258,1.4923136689633971,0.0,5.684422781371268e-07,5572,0.005,1,1,0.9361600875854492,1.0,-0.06383991241455078,0.06383991241455078,-0.9411209225654602,-1.0,0.058879077434539795,0.058879077434539795,0.2903914114661501,0.7417853003119245,0.7486424301118393,0.7460165023803711,cbd82a7b8e16d676af977001653232311e50b805f02ce35211e269c26d2f755c
2,additive,3,1000,800,200,10000,10000,0.5,797,41260907,41760907,1041760907,2041260907,3041260907,0.08482611465755616,1.2735452101985587,1.27381318377585,0.0021228877499901914,1.621917402419691,-0.0007201315042569165,0.0008868394566512591,1.6226000271611671,-2.220446049250313e-16,5.511861385087968e-07,5579,0.005,1,1,0.9394529461860657,1.0,-0.060547053813934326,0.060547053813934326,-0.9405902028083801,-1.0,0.05940979719161987,0.05940979719161987,0.28257475219238826,0.7366394109936902,0.7615045539489039,0.7376506328582764,4e8c45d4d9d65cf39c2d9da737dc46d08439d6ec1488facd4084a5130124fa4e
2,additive,3,1000,800,200,10000,10000,0.5,798,41260907,41760907,1041760907,2041260907,3041260907,0.08360043562790542,1.2604356659700324,1.2611712526411158,0.0019615678948166136,1.588698068049319,-5.335372788723609e-05,6.708377666925332e-05,1.5905529284883613,2.220446049250313e-16,5.515709453618456e-07,5586,0.005,1,1,0.9392727017402649,1.0,-0.06072729825973511,0.06072729825973511,-0.9425436854362488,-1.0,0.05745631456375122,0.05745631456375122,0.2820216282735991,0.7423567012779089,0.7581253749928938,0.7453866004943848,1741ecb8db45c52cc2849f7e8c28388035b6db64352f3147429b63bc0008b27e
2,additive,3,1000,800,200,10000,10000,0.5,799,41260907,41760907,1041760907,2041260907,3041260907,0.08337668189158305,1.2539470817815916,1.2559009226534184,0.001984934598495742,1.5723832839085699,0.0014594545073207325,-0.001854019269653064,1.5772871275217073,2.220446049250313e-16,5.260521813710284e-07,5593,0.005,1,1,0.939796507358551,1.0,-0.060203492641448975,0.060203492641448975,-0.9423180222511292,-1.0,0.05768197774887085,0.05768197774887085,0.2837187241487857,0.7471439036517432,0.7570439938060557,0.7496016621589661,7906466dce2ecab4503708138c21262d10ae2bea72a740a1d344ad32fceb1552
2,additive,3,1000,800,200,10000,10000,0.5,800,41260907,41760907,1041760907,2041260907,3041260907,0.08552172368202865,1.232391602575191,1.2326078718727096,0.0019600988893442466,1.5187890620978477,-0.0007134975923110978,0.0009383501377017785,1.5193221658025702,4.440892098500626e-16,5.378924878840508e-07,5600,0.005,1,1,0.9368870854377747,1.0,-0.06311291456222534,0.06311291456222534,-0.9422875642776489,-1.0,0.057712435722351074,0.057712435722351074,0.2882860089915479,0.7459388564774869,0.7493392321176539,0.7498631477355957,928944c84e39332ab7671512b49b41ad4fe54e4f66da24b3c0a011a06fbe2b16
2,additive,3,1000,800,200,10000,10000,0.5,801,41260907,41760907,1041760907,2041260907,3041260907,0.08729421002429182,1.259114363340467,1.2582394462585884,0.001973141588156923,1.585368979970269,-0.0020878087186535993,0.002630571809691314,1.583166504121119,0.0,5.291298830201185e-07,5607,0.005,1,1,0.9348294138908386,1.0,-0.06517058610916138,0.06517058610916138,-0.9419218301773071,-1.0,0.05807816982269287,0.05807816982269287,0.277975867332138,0.7460359179250363,0.7564243496060641,0.750749409198761,c26a711982dc9fc41f218f2fa36eb4ce9a78e49443cfbfa9b45779752461d2e2
2,additive,3,1000,800,200,10000,10000,0.5,802,41260907,41760907,1041760907,2041260907,3041260907,0.08623738885195908,1.2787887463690255,1.2782093393143943,0.001828680270800173,1.6353006578400637,-0.0016551115001619849,0.0020219679186396734,1.6338191151105401,2.220446049250313e-16,5.743013744563541e-07,5614,0.005,1,1,0.934505045413971,1.0,-0.06549495458602905,0.06549495458602905,-0.9438992142677307,-1.0,0.05610078573226929,0.05610078573226929,0.284857886714326,0.7563911647176249,0.7649274229794392,0.760735034942627,48967a1ce4a1c230542619705973b73c62bc7696d8aed29a898b11857059cb92
2,additive,3,1000,800,200,10000,10000,0.5,803,41260907,41760907,1041760907,2041260907,3041260907,0.08551666598332441,1.2720680880012583,1.2718047853560093,0.001813180684660508,1.618157220511177,-0.001241494570696398,0.0015327373509786916,1.6174874120544447,2.220446049250313e-16,5.63799263275655e-07,5621,0.005,1,1,0.9352295398712158,1.0,-0.06477046012878418,0.06477046012878418,-0.9441619515419006,-1.0,0.055838048458099365,0.055838048458099365,0.2791690922111445,0.7350962300013021,0.7618231263064171,0.7382201552391052,55713382390f1ce221ab4f0f59f24fe8a591e4f970fdbb4727e0cccc1ba4415d
2,additive,3,1000,800,200,10000,10000,0.5,804,41260907,41760907,1041760907,2041260907,3041260907,0.08608288820239132,1.2774815505180686,1.2781570855615971,0.0017488654747340596,1.6319591119140484,-1.1221008733345173e-05,1.373685981662419e-05,1.633685535371316,2.220446049250313e-16,5.534893396941243e-07,5628,0.005,1,1,0.9337335228919983,1.0,-0.06626647710800171,0.06626647710800171,-0.9450544118881226,-1.0,0.05494558811187744,0.05494558811187744,0.27081293735163514,0.7521276521253507,0.762188732825386,0.7545532584190369,66f5b6b9acf1aae9f0f87b91f6d2c22ea3de6e27b328c7545a2a09cf44f97863
2,additive,3,1000,800,200,10000,10000,0.5,805,41260907,41760907,1041760907,2041260907,3041260907,0.08748516722575092,1.2633771528903295,1.2626793801950076,0.001656206296315607,1.5961218304452751,-0.0017094097859710609,0.0021397337385574843,1.5943592171696486,-2.220446049250313e-16,5.866373058438512e-07,5635,0.005,1,1,0.9306937456130981,1.0,-0.06930625438690186,0.06930625438690186,-0.9466118216514587,-1.0,0.05338817834854126,0.05338817834854126,0.27857650598038874,0.7442127036201605,0.7593599201344746,0.7476577758789062,92d6625bbbe55cde4ec035a055044e6ff79e3669c57f4f531056e30aa5b18129
2,additive,3,1000,800,200,10000,10000,0.5,806,41260907,41760907,1041760907,2041260907,3041260907,0.08962209752984,1.2514510270886683,1.2502262167828813,0.001588219890174895,1.5661296732012826,-0.0023261499801108883,0.0029675619451199125,1.5630655931312358,2.220446049250313e-16,5.533660409895447e-07,5642,0.005,1,1,0.926730215549469,1.0,-0.073269784450531,0.073269784450531,-0.9483893513679504,-1.0,0.05161064863204956,0.05161064863204956,0.28890792091799683,0.7544344669752284,0.756562236651392,0.7590482831001282,bd98a9b7313b9f79fcf23380cdfd231f7a4a83d49f9ed825eeea5f3ceaff3fea
2,additive,3,1000,800,200,10000,10000,0.5,807,41260907,41760907,1041760907,2041260907,3041260907,0.09045666428941902,1.243381068111821,1.2430063327033705,0.0015886128903857717,1.5459964805388928,-0.0012601751442984142,0.0016285697628503316,1.5450647431406819,2.220446049250313e-16,5.617433593840815e-07,5649,0.005,1,1,0.925536036491394,1.0,-0.07446396350860596,0.07446396350860596,-0.948643147945404,-1.0,0.05135685205459595,0.05135685205459595,0.2798989831492513,0.7543667298259009,0.7542815747275394,0.7569336891174316,be52f549ab22682df7b997b6f597622aa5cedb999e034bc928a425032a3b0528
2,additive,3,1000,800,200,10000,10000,0.5,808,41260907,41760907,1041760907,2041260907,3041260907,0.089750487517992,1.2376813326507292,1.2386584893991088,0.0015868429496579295,1.531855081192085,0.0004164646093698687,-0.0005431762400822074,1.5342748533604824,-2.220446049250313e-16,5.697370877300045e-07,5656,0.005,1,1,0.9265235066413879,1.0,-0.07347649335861206,0.07347649335861206,-0.9484601616859436,-1.0,0.051539838314056396,0.051539838314056396,0.28063144495092085,0.7405060727776341,0.7494576516090896,0.7453402876853943,c476878f1279a709262bf315f6966751a7caed2e131f41bb02e9f78316893931
2,additive,3,1000,800,200,10000,10000,0.5,809,41260907,41760907,1041760907,2041260907,3041260907,0.08876542843338436,1.301580665830938,1.3041333167467681,0.0015951090730548223,1.6941122296649076,0.0025281845554816465,-0.0029818642612743054,1.7007637078489262,4.440892098500626e-16,5.274149916800752e-07,5663,0.005,1,1,0.9280477166175842,1.0,-0.07195228338241577,0.07195228338241577,-0.9480175971984863,-1.0,0.05198240280151367,0.05198240280151367,0.3031820259101616,0.7501993909797966,0.7696779386338656,0.7519588470458984,d696192e1ebf11c3466b2c209f6c57e8e9749341fb4bf5260970d758826cd761
2,additive,3,1000,800,200,10000,10000,0.5,810,41260907,41760907,1041760907,2041260907,3041260907,0.08564007158592547,1.2663990827662637,1.268866066925401,0.0016597778234813483,1.603766636831234,0.002297340570010244,-0.002861969317359639,1.610021095794736,2.220446049250313e-16,5.848699569099836e-07,5670,0.005,1,1,0.9331576824188232,1.0,-0.06684231758117676,0.06684231758117676,-0.9464619159698486,-1.0,0.05353808403015137,0.05353808403015137,0.28518110456185475,0.7430264144364522,0.7590746323281592,0.7455008029937744,bef1d6f7402e842b47fc99b046f5a94d3099a3d2d4e32bb341bd39d1c7a8375f
2,additive,3,1000,800,200,10000,10000,0.5,811,41260907,41760907,1041760907,2041260907,3041260907,0.08304772539114831,1.2495514890440544,1.2532153865865325,0.001820393687518824,1.5613789237722135,0.0036747438587500353,-0.004701567890551098,1.5705488051772323,0.0,5.313322581912416e-07,5677,0.005,1,1,0.9383968710899353,1.0,-0.0616031289100647,0.0616031289100647,-0.9443045854568481,-1.0,0.055695414543151855,0.055695414543151855,0.30396013494971713,0.740649161884422,0.7540489647957286,0.7445458769798279,4ad7fa701f6b5f6663971a86085261bec31ab35442eae08a34264c9c4fdacf86
2,additive,3,1000,800,200,10000,10000,0.5,812,41260907,41760907,1041760907,2041260907,3041260907,0.08175085740159178,1.2963850567986732,1.297379134901216,0.0018035613931993045,1.680614215490899,0.0003874213964648612,-0.00046055314177954106,1.6831926196770277,-2.220446049250313e-16,5.896151868967081e-07,5684,0.005,1,1,0.9398120641708374,1.0,-0.0601879358291626,0.0601879358291626,-0.9446771740913391,-1.0,0.05532282590866089,0.05532282590866089,0.297498530935257,0.7407661137623919,0.769217752763785,0.7411365509033203,2a64fa9af3bf47a29fc69ba9358ce06f105223bf11e5c500b072b1f62ad8e8d7
2,additive,3,1000,800,200,10000,10000,0.5,813,41260907,41760907,1041760907,2041260907,3041260907,0.0802522554395367,1.2779958206080655,1.2785199534767364,0.0018582285538266234,1.6332733174916827,-0.0002591373036764842,0.0003169620258421359,1.634613271438156,-4.440892098500626e-16,5.387860273486922e-07,5691,0.005,1,1,0.9422639012336731,1.0,-0.057736098766326904,0.057736098766326904,-0.9442598223686218,-1.0,0.055740177631378174,0.055740177631378174,0.2785906385579125,0.740589211001454,0.7630392992463713,0.7440570592880249,f3d599256d7c2d80a792b77d38153bdfc9fa9f36037368fc53bc1f52f0b7e737
2,additive,3,1000,800,200,10000,10000,0.5,814,41260907,41760907,1041760907,2041260907,3041260907,0.0794082254831709,1.2108763216261542,1.2090569019667363,0.001905668497187134,1.4662214662748858,-0.0031542712893353002,0.004297000191097212,1.4618185921934024,0.0,5.830647111793041e-07,5698,0.005,1,1,0.9438076019287109,1.0,-0.05619239807128906,0.05619239807128906,-0.943892240524292,-1.0,0.05610775947570801,0.05610775947570801,0.2964521461285523,0.7347024976842562,0.7457010640247422,0.7389336824417114,ca5870adc03de1d2db92ed23bc3e2c9620e67ddab64f4fc7a619d66f2ac22c73
2,additive,3,1000,800,200,10000,10000,0.5,815,41260907,41760907,1041760907,2041260907,3041260907,0.07914636804365553,1.2831093131923412,1.2806464627227758,0.0019409974469684346,1.6463695096009214,-0.004127572281765843,0.005008246036310586,1.6400553624843581,0.0,5.73274327564377e-07,5705,0.005,1,1,0.9445010423660278,1.0,-0.05549895763397217,0.05549895763397217,-0.9435729384422302,-1.0,0.056427061557769775,0.056427061557769775,0.29288648212400964,0.7535690205261907,0.7665266067533878,0.7559365630149841,69906f8d7b3e1cf49a727ea0522a7f292ff1c318eb3094de2fd0deb309a15b7d
2,additive,3,1000,800,200,10000,10000,0.5,816,41260907,41760907,1041760907,2041260907,3041260907,0.08057761157765785,1.2473125450891578,1.2436170044384214,0.0018919438978325857,1.5557885851367925,-0.005548637653116442,0.007124230610438738,1.5465832537283923,0.0,5.528175854863093e-07,5712,0.005,1,1,0.9422315955162048,1.0,-0.057768404483795166,0.057768404483795166,-0.9438256025314331,-1.0,0.056174397468566895,0.056174397468566895,0.2950543335055116,0.7395088700069175,0.7552603584326691,0.7456729412078857,593730d55664836bb7824154cc703dc5dd1f48a1e94d75560c7d855344402afb
2,additive,3,1000,800,200,10000,10000,0.5,817,41260907,41760907,1041760907,2041260907,3041260907,0.08314683054714844,1.2382607487494495,1.2341177135837413,0.0019520549589305788,1.533289681893547,-0.006097602935658251,0.007943508555414128,1.5230465309811614,2.220446049250313e-16,5.772105051704557e-07,5719,0.005,1,1,0.9397281408309937,1.0,-0.06027185916900635,0.06027185916900635,-0.9427226185798645,-1.0,0.0572773814201355,0.0572773814201355,0.2992599112725167,0.741947130692703,0.7540893593685768,0.7490849494934082,7747db2056bae21e844ee3193b3260cc849e4ce7e6f33d66dc2a2eb94b4b13e8
2,additive,3,1000,800,200,10000,10000,0.5,818,41260907,41760907,1041760907,2041260907,3041260907,0.08487092941590572,1.2772320114161955,1.2767401192477155,0.0019222401796582125,1.6313216109862605,-0.001589259534624224,0.001946138702423039,1.6300653320966705,2.220446049250313e-16,5.807470575547313e-07,5726,0.005,1,1,0.9372777342796326,1.0,-0.06272226572036743,0.06272226572036743,-0.9428249001502991,-1.0,0.05717509984970093,0.05717509984970093,0.2838703004442335,0.7383266903506018,0.7659036814633585,0.741269588470459,e1811a55c9b02e1e8a1b90ed5cbc614734dacba4f948ceff2017e3d8da2a0e68
2,additive,3,1000,800,200,10000,10000,0.5,819,41260907,41760907,1041760907,2041260907,3041260907,0.08692946655499174,1.2239452406192846,1.223170391562664,0.0019677102677240397,1.4980419520345982,-0.0019319277533807685,0.002575887078507891,1.4961458067955606,0.0,5.73589217012227e-07,5733,0.005,1,1,0.9352235794067383,1.0,-0.06477642059326172,0.06477642059326172,-0.9420280456542969,-1.0,0.057971954345703125,0.057971954345703125,0.2809292610426792,0.7277047319092438,0.7492026004707258,0.7311652898788452,ce614bc5100c2f567ea88ff4c0c44068f1a9f7dbd72deaeb77584e2233ea9e9b
2,additive,3,1000,800,200,10000,10000,0.5,820,41260907,41760907,1041760907,2041260907,3041260907,0.08787080498997961,1.2434361381361543,1.244040668726323,0.0021823936803705046,1.5461334296229532,-0.0003393189291432802,0.0004383071257637154,1.547637185445037,0.0,5.824683952937448e-07,5740,0.005,1,1,0.9363263845443726,1.0,-0.06367361545562744,0.06367361545562744,-0.9394446611404419,-1.0,0.060555338859558105,0.060555338859558105,0.28437186654535845,0.7505191658407973,0.7546942401029433,0.751909613609314,491a5a813c607d2a9261a67ec2cf6c8b0b2a8ed177b8210b6c555dbe868ab4bb
2,additive,3,1000,800,200,10000,10000,0.5,821,41260907,41760907,1041760907,2041260907,3041260907,0.08676838298842383,1.2687308878868029,1.2681615561700903,0.002114500465064038,1.6096780658780354,-0.0017794168976771984,0.0022079973997080928,1.6082337325477452,2.220446049250313e-16,5.627089088022785e-07,5747,0.005,1,1,0.93698650598526,1.0,-0.06301349401473999,0.06301349401473999,-0.9403505921363831,-1.0,0.05964940786361694,0.05964940786361694,0.27728610887323873,0.7413976984953766,0.7588842855260718,0.7454374432563782,8f7a00485a0f4b044ebbe5d649049b73f4c379ad45193cd3e7fd20934dd6de1b
2,additive,3,1000,800,200,10000,10000,0.5,822,41260907,41760907,1041760907,2041260907,3041260907,0.08678077096341862,1.2566301030481581,1.2571142023447308,0.002173636715241478,1.5791192158868248,-0.0004783674326188823,0.0006050333204652306,1.5803361177368287,2.220446049250313e-16,5.769542745781564e-07,5754,0.005,1,1,0.9375749230384827,1.0,-0.062425076961517334,0.062425076961517334,-0.9397172331809998,-1.0,0.060282766819000244,0.060282766819000244,0.27338974953667544,0.7421788866608543,0.7562409661599856,0.7413554787635803,271cbf83dd5302a5898b8400ecf03a3bc9e97c5cc3dd33d03db79b7757d5e00d
2,additive,3,1000,800,200,10000,10000,0.5,823,41260907,41760907,1041760907,2041260907,3041260907,0.08815844508807519,1.272407691806829,1.2735684455734917,0.002027139860798509,1.6190213341691824,0.0004640557652495126,-0.0005725378021495611,1.6219765855604797,-2.220446049250313e-16,5.272445466886211e-07,5761,0.005,1,1,0.9343447089195251,1.0,-0.06565529108047485,0.06565529108047485,-0.9411672353744507,-1.0,0.058832764625549316,0.058832764625549316,0.28244810210504295,0.7362180446999179,0.7617038082567881,0.7389547824859619,5dace47fde19ae5ab332b2992a755b07f0fb5f1db0998771afb44193a87948e4
2,additive,3,1000,800,200,10000,10000,0.5,824,41260907,41760907,1041760907,2041260907,3041260907,0.08697598235039723,1.2599466991607835,1.261030504287591,0.0019365008103552604,1.5874656847261537,0.00039787360365357984,-0.0005006581811378044,1.5901979327438158,-4.440892098500626e-16,5.440286603430877e-07,5768,0.005,1,1,0.934818685054779,1.0,-0.06518131494522095,0.06518131494522095,-0.9424133896827698,-1.0,0.057586610317230225,0.057586610317230225,0.2710042399155267,0.7463276238537095,0.756578292572131,0.7478222846984863,29ba68e53a47285575b4be2c885f09263f4def1986fe991aee8dba063657bbb1
2,additive,3,1000,800,200,10000,10000,0.5,825,41260907,41760907,1041760907,2041260907,3041260907,0.08845208529751578,1.2532332219053013,1.2536251892977297,0.0019549091639397675,1.5705935084871423,-0.0004861512046567176,0.0006182972800072922,1.5715761152417689,2.220446049250313e-16,5.79314967552591e-07,5775,0.005,1,1,0.9331779479980469,1.0,-0.06682205200195312,0.06682205200195312,-0.9420467019081116,-1.0,0.05795329809188843,0.05795329809188843,0.26690782791830564,0.7476666667538118,0.7557102028652334,0.7510696649551392,338b3d6284482741f86083e3827383f221dac49038dace6de6969d5942ff6c41
2,additive,3,1000,800,200,10000,10000,0.5,826,41260907,41760907,1041760907,2041260907,3041260907,0.08799896674341207,1.2558614859628454,1.2570362243709101,0.0020190195689948546,1.5771880719248064,0.00046648894343617704,-0.000590788815411051,1.5801400693806733,-2.220446049250313e-16,5.495234347563382e-07,5782,0.005,1,1,0.9344548583030701,1.0,-0.06554514169692993,0.06554514169692993,-0.9412832856178284,-1.0,0.05871671438217163,0.05871671438217163,0.2617927818145674,0.7474188515462505,0.7560764625120923,0.7500756978988647,57346939a4acf71165caf32044265798b10adbdd7f2a016e6b99b1f50db64df5
2,additive,3,1000,800,200,10000,10000,0.5,827,41260907,41760907,1041760907,2041260907,3041260907,0.08948060399285865,1.253654928932342,1.2553267084113937,0.002134389760150495,1.5716506808363555,0.0010300371272389769,-0.0013089933898643043,1.575845144850984,2.220446049250313e-16,5.232729911597289e-07,5789,0.005,1,1,0.933846652507782,1.0,-0.06615334749221802,0.06615334749221802,-0.9397462606430054,-1.0,0.06025373935699463,0.06025373935699463,0.2657290791132243,0.7437493656127185,0.7564238160175016,0.7456868886947632,417b8a05119c0a28e7a254741ba5b22af8dfcc1de67954a6a1f2a4903b03176c
2,additive,3,1000,800,200,10000,10000,0.5,828,41260907,41760907,1041760907,2041260907,3041260907,0.08787851052921054,1.2590593073881289,1.2598668432071687,0.002284579512975102,1.5852303395206746,-0.00012522821042665124,0.0001577663415004377,1.5872644626127963,-2.220446049250313e-16,5.540913985413454e-07,5796,0.005,1,1,0.9373345971107483,1.0,-0.06266540288925171,0.06266540288925171,-0.9383909106254578,-1.0,0.061609089374542236,0.061609089374542236,0.2740887146565192,0.7450067518342715,0.7582058785848661,0.7472723722457886,1fde1edea1fa8404653453389515375e69dc2f186f9dde07547568e6bb59baa1
2,additive,3,1000,800,200,10000,10000,0.5,829,41260907,41760907,1041760907,2041260907,3041260907,0.08757984929680741,1.2624345151512955,1.2637444142724314,0.002249967520887929,1.5937409050452864,0.0005295360192983219,-0.000663582766544131,1.597049944604771,0.0,5.282935262584942e-07,5803,0.005,1,1,0.9373592734336853,1.0,-0.0626407265663147,0.0626407265663147,-0.9387924075126648,-1.0,0.061207592487335205,0.061207592487335205,0.2681041725520432,0.7488147871379016,0.7583559991542885,0.7480754852294922,5f5b77fab7b4d302f898782e585ee652c2bd359aa3d689dfb0d95a8f8a23d368
2,additive,3,1000,800,200,10000,10000,0.5,830,41260907,41760907,1041760907,2041260907,3041260907,0.08799438738852991,1.2497070970922617,1.2471026465471402,0.002305888815112718,1.5617678285227674,-0.004404353156499347,0.005631899708660463,1.5552650110248813,0.0,5.385160726234517e-07,5810,0.005,1,1,0.9374009966850281,1.0,-0.06259900331497192,0.06259900331497192,-0.9381584525108337,-1.0,0.06184154748916626,0.06184154748916626,0.30781999448917524,0.7503359235862649,0.7547645090432376,0.7566035985946655,a3c3ff6806bc50f9cc23cdde15f69d2707fddaeac826e6ecc872a95f8f054b80
2,additive,3,1000,800,200,10000,10000,0.5,831,41260907,41760907,1041760907,2041260907,3041260907,0.08945712530434605,1.28070540741395,1.2772381796343533,0.002202026975872782,1.6402063405793312,-0.005535500019763817,0.006740710932937645,1.6313373675156764,0.0,5.800440021630493e-07,5817,0.005,1,1,0.9345740079879761,1.0,-0.06542599201202393,0.06542599201202393,-0.9389916658401489,-1.0,0.061008334159851074,0.061008334159851074,0.29587956930297354,0.755382581855519,0.7660861230993229,0.7609434127807617,8868f2ec909f37930034169d17bf434e50b6866fd0254faee75e99eb76a2ac62
2,additive,3,1000,800,200,10000,10000,0.5,832,41260907,41760907,1041760907,2041260907,3041260907,0.09021161315133404,1.2641361514827476,1.2631582081519328,0.0024586068498991436,1.598040209485612,-0.002465078756954733,0.00308038810375225,1.5955686588216016,0.0,5.718937750032183e-07,5824,0.005,1,1,0.9361546039581299,1.0,-0.06384539604187012,0.06384539604187012,-0.9362669587135315,-1.0,0.0637330412864685,0.0637330412864685,0.2766298559837664,0.7431676766464949,0.7586666293009845,0.7455939054489136,4a39df543340bf2fbe4371756bbdc253b856b9ef9daf73bd1533ef13fbffa591
2,additive,3,1000,800,200,10000,10000,0.5,833,41260907,41760907,1041760907,2041260907,3041260907,0.09034316031127052,1.2478816987531742,1.2498273830246065,0.0026353628888387327,1.5572087340831078,0.0011121951930950255,-0.0014260337879331388,1.5620684873581365,0.0,5.777162765951971e-07,5831,0.005,1,1,0.9376170635223389,1.0,-0.06238293647766113,0.06238293647766113,-0.9346528053283691,-1.0,0.06534719467163086,0.06534719467163086,0.2737591545043139,0.7573272360654757,0.7543470621738204,0.7612463235855103,83c042b40dd9c5581f43981a2ad090e3d2c293d0c57708c83ac1df82807e827f
2,additive,3,1000,800,200,10000,10000,0.5,834,41260907,41760907,1041760907,2041260907,3041260907,0.08890311479187851,1.245808106322649,1.2470929625375302,0.002620186978064958,1.5520378377792248,0.00029141622667188153,-0.0003748943137734447,1.5552408572106338,4.440892098500626e-16,5.777084481906058e-07,5838,0.005,1,1,0.9392286539077759,1.0,-0.06077134609222412,0.06077134609222412,-0.9351108074188232,-1.0,0.06488919258117676,0.06488919258117676,0.2768838110502975,0.7386575183439551,0.7521007332176085,0.7415524125099182,ec293cd4ed06ab0e365049234289821cd1ec0be944117b7986a2f341bbeb36a2
2,additive,3,1000,800,200,10000,10000,0.5,835,41260907,41760907,1041760907,2041260907,3041260907,0.08931358784360495,1.2736383254208024,1.2736802304050587,0.0022847408015139194,1.6221545839807059,-0.001088997728767955,0.0013407675031678408,1.6222613293246835,-4.440892098500626e-16,5.540580314544741e-07,5845,0.005,1,1,0.9355794787406921,1.0,-0.06442052125930786,0.06442052125930786,-0.938137948513031,-1.0,0.061862051486968994,0.061862051486968994,0.28158929396140164,0.7478741480952045,0.7618994898905399,0.7515271902084351,d219a1b94809242786566b03513491e633fa3fc19b7f0d8b82698fa2b5946e9b
2,additive,3,1000,800,200,10000,10000,0.5,836,41260907,41760907,1041760907,2041260907,3041260907,0.08859108534173903,1.2630264420725201,1.262892765535989,0.0024337836619028976,1.5952357933743693,-0.0013857198965670325,0.00173467645185757,1.5948981372431383,2.220446049250313e-16,5.564095140186964e-07,5852,0.005,1,1,0.9378960728645325,1.0,-0.06210392713546753,0.06210392713546753,-0.9368218183517456,-1.0,0.0631781816482544,0.0631781816482544,0.2825679370029153,0.7457772575849242,0.7600228257647578,0.7459473609924316,16b4b07d14a00ad12eca39c0b3fe16f89e4788245244dbdaa717b9122a00c341
2,additive,3,1000,800,200,10000,10000,0.5,837,41260907,41760907,1041760907,2041260907,3041260907,0.0875859587761566,1.2447957896219088,1.2458295884434165,0.002776490603502645,1.5495165578604313,-0.0001008425114207944,0.00012992715714417807,1.5520913634410924,2.220446049250313e-16,5.340506277207169e-07,5859,0.005,1,1,0.9422056078910828,1.0,-0.057794392108917236,0.057794392108917236,-0.9341888427734375,-1.0,0.0658111572265625,0.0658111572265625,0.2860995373949134,0.751190808784198,0.7519908871789492,0.7541840076446533,458c4977c36d993d09cc4eeea0402c61ce667aabdfeb575b7a1a2224ecfeb38b
2,additive,3,1000,800,200,10000,10000,0.5,838,41260907,41760907,1041760907,2041260907,3041260907,0.08767948793944393,1.2715209873106825,1.2760988700643519,0.0028807590888425276,1.6167656211715329,0.004390972959570101,-0.005422137835870328,1.6284283261795156,0.0,5.592855938374441e-07,5866,0.005,1,1,0.9429910778999329,1.0,-0.05700892210006714,0.05700892210006714,-0.933384120464325,-1.0,0.06661587953567505,0.06661587953567505,0.2864198869240406,0.7529039432563317,0.7607998895504446,0.7548321485519409,0a0dde60fb918be6bbbb3f7dfdd456e6faf30131dc5140996c742755b048ed96
2,additive,3,1000,800,200,10000,10000,0.5,839,41260907,41760907,1041760907,2041260907,3041260907,0.08508595238447651,1.2826390031805317,1.2840509479069457,0.002678726926865913,1.6451628124799482,0.0004726487069559745,-0.000573657958793923,1.648786836820726,-2.220446049250313e-16,5.701935190671747e-07,5873,0.005,1,1,0.9443759918212891,1.0,-0.05562400817871094,0.05562400817871094,-0.935613751411438,-1.0,0.06438624858856201,0.06438624858856201,0.2740309927056564,0.742294025555803,0.7648239777248296,0.7461140155792236,4e2daf774777443188c1f2cea594195c48c84381558120bea172b4123d97737f
2,additive,3,1000,800,200,10000,10000,0.5,840,41260907,41760907,1041760907,2041260907,3041260907,0.08341307717567985,1.278749901818908,1.282054520250486,0.0025226815657481035,1.6352013114018669,0.002969899963544592,-0.0036268626170189106,1.6436637928947042,0.0,5.509260372349445e-07,5880,0.005,1,1,0.9449997544288635,1.0,-0.055000245571136475,0.055000245571136475,-0.9372886419296265,-1.0,0.06271135807037354,0.06271135807037354,0.27159169054522453,0.7467324045074432,0.7631572367502909,0.7489062547683716,3d6cdce01c8e4712de78e97dbee9a550ea58690293c59244c5179756689eb82b
2,additive,3,1000,800,200,10000,10000,0.5,841,41260907,41760907,1041760907,2041260907,3041260907,0.0814343120654303,1.2359811647067993,1.2352899801278752,0.0021610713328605435,1.5276494395099762,-0.0019345879192553003,0.0025291863345734953,1.5259413350043263,0.0,5.802440199431658e-07,5887,0.005,1,1,0.9439657926559448,1.0,-0.056034207344055176,0.056034207344055176,-0.9409092664718628,-1.0,0.05909073352813721,0.05909073352813721,0.28559007600795244,0.7528711113367723,0.7506588480808898,0.7569760084152222,aaa966aa3e9e2fd1195fc35417ce66873a42713b5748b3ddbb5bb378494ca186
2,additive,3,1000,800,200,10000,10000,0.5,842,41260907,41760907,1041760907,2041260907,3041260907,0.0799537497281689,1.2550388210731476,1.2543346245173823,0.0021040153211836976,1.5751224424006762,-0.0019355537293488474,0.0024543764402032084,1.5733553502631623,0.0,5.276664971631817e-07,5894,0.005,1,1,0.9451939463615417,1.0,-0.05480605363845825,0.05480605363845825,-0.9417857527732849,-1.0,0.05821424722671509,0.05821424722671509,0.2719367848904295,0.7353879194503574,0.7565514893443788,0.7376673221588135,78ab26c37bfa02e80cc08e754e632cc5719c12532c3e87d7e2a60f36ba4a9bf3
2,additive,3,1000,800,200,10000,10000,0.5,843,41260907,41760907,1041760907,2041260907,3041260907,0.08008735862389711,1.2682189849328813,1.2699087901347488,0.002091275886846437,1.608379393744188,0.001098832815233577,-0.0013646107761593996,1.6126683352615012,-4.440892098500626e-16,5.842267807310009e-07,5901,0.005,1,1,0.9449037313461304,1.0,-0.05509626865386963,0.05509626865386963,-0.9418761134147644,-1.0,0.058123886585235596,0.058123886585235596,0.2701085492242145,0.7465302822137638,0.7595010313473058,0.7499092221260071,5e5a5d6fd2ec57821cf82bd7659912a68a848a70ebf7dc403fdd0580fd3c2996
2,additive,3,1000,800,200,10000,10000,0.5,844,41260907,41760907,1041760907,2041260907,3041260907,0.08149863269656356,1.2829202503141883,1.2861442849473497,0.0020425277034939364,1.64588436866622,0.0031201126665078597,-0.0037867124729638003,1.6541671217027294,-2.220446049250313e-16,5.712706787619481e-07,5908,0.005,1,1,0.9426921606063843,1.0,-0.05730783939361572,0.05730783939361572,-0.9420531392097473,-1.0,0.057946860790252686,0.057946860790252686,0.2816705618113749,0.7537006742925485,0.7627132505367197,0.7521382570266724,69551d6fed1ed46090647fc54e236ee48de252fd5d2b95dfd19883f6c79d5e90
2,additive,3,1000,800,200,10000,10000,0.5,845,41260907,41760907,1041760907,2041260907,3041260907,0.08072738197535768,1.2941691377096733,1.2997619540796121,0.0020547028879469745,1.6748737570001995,0.00622633869235262,-0.00742588469488785,1.6893811372728516,-2.220446049250313e-16,5.872599775358367e-07,5915,0.005,1,1,0.9437554478645325,1.0,-0.05624455213546753,0.05624455213546753,-0.9420909285545349,-1.0,0.05790907144546509,0.05790907144546509,0.3052643947747314,0.7554137508872877,0.7673954390606155,0.7556981444358826,fd12c8ac71d3051ebd3d9e40d9ddd9fe958cf2a3272247b715c232cd701cec6a
2,additive,3,1000,800,200,10000,10000,0.5,846,41260907,41760907,1041760907,2041260907,3041260907,0.08228330674190609,1.2561414186920572,1.2595823744929886,0.002167156618375004,1.5778912637536944,0.003244668880663086,-0.00410702394143001,1.5865477581333955,0.0,5.471585762251152e-07,5922,0.005,1,1,0.942995011806488,1.0,-0.05700498819351196,0.05700498819351196,-0.9406622052192688,-1.0,0.0593377947807312,0.0593377947807312,0.2982086459374602,0.738752285964259,0.7526919054877379,0.7405319213867188,eb333a4ad854f3189b3e9bfa57952758d44216d7f959dd71f2bf57751f6cc7a2
2,additive,3,1000,800,200,10000,10000,0.5,847,41260907,41760907,1041760907,2041260907,3041260907,0.08471525831556954,1.2788610478803728,1.280252025358383,0.0020596574128313406,1.635485579785685,0.0007500056178625695,-0.0009160120903232766,1.6390452484342415,0.0,5.440750392438076e-07,5929,0.005,1,1,0.9389390349388123,1.0,-0.061060965061187744,0.061060965061187744,-0.941278338432312,-1.0,0.05872166156768799,0.05872166156768799,0.29408267996635806,0.746446104878664,0.7634270319364849,0.746795654296875,4e88e3c05dfe10180fe7d5814c4d309618384efa75d0d4b4ac37dbfea4883069
2,additive,3,1000,800,200,10000,10000,0.5,848,41260907,41760907,1041760907,2041260907,3041260907,0.08516022789045759,1.2995714573238275,1.2991527107471048,0.002249472207089873,1.6888859726907766,-0.0016688395281578038,0.0019736320153334506,1.6877977658415508,0.0,5.752487091115199e-07,5936,0.005,1,1,0.9403064846992493,1.0,-0.05969351530075073,0.05969351530075073,-0.9392632842063904,-1.0,0.06073671579360962,0.06073671579360962,0.295593316551089,0.7570899924964253,0.7686605035445484,0.7616469264030457,ebf80d4abe8eacc0ba09ec009afcb5fcc7e547f038066f45501d2c74e348679f
2,additive,3,1000,800,200,10000,10000,0.5,849,41260907,41760907,1041760907,2041260907,3041260907,0.08328261316131551,1.2803573502460026,1.282161944512521,0.0024138847810221045,1.6393149443289647,0.0011052114230710142,-0.0013463994826358394,1.643939251956129,4.440892098500626e-16,5.832844927056158e-07,5943,0.005,1,1,0.944153904914856,1.0,-0.05584609508514404,0.05584609508514404,-0.9382164478302002,-1.0,0.061783552169799805,0.061783552169799805,0.2864450732422849,0.7535472891006172,0.7622497926678903,0.7552324533462524,d905ac4790b5d67bc1c93484111a1c608a708157a1474ddb8c32895309d5942d
2,additive,3,1000,800,200,10000,10000,0.5,850,41260907,41760907,1041760907,2041260907,3041260907,0.08075099580094032,1.250026467447351,1.2489298789697032,0.002536303315270066,1.562566169318903,-0.0026383150254479302,0.003371427841408324,1.5598258425832774,2.220446049250313e-16,5.405112322165451e-07,5950,0.005,1,1,0.9483498930931091,1.0,-0.05165010690689087,0.05165010690689087,-0.9379275441169739,-1.0,0.06207245588302612,0.06207245588302612,0.28535830315895905,0.745583194461113,0.7529294173310229,0.7478139400482178,14bfc811100c7a84573ea7a7f0c8803643d29f58f8bedceb60d155df8f20b4b1
2,additive,3,1000,800,200,10000,10000,0.5,851,41260907,41760907,1041760907,2041260907,3041260907,0.07965373626436681,1.305330462134333,1.298840096648567,0.002369189087020211,1.7038876153758313,-0.009635603900396254,0.011294435720570971,1.6869855966620584,-4.440892098500626e-16,5.216691576492849e-07,5957,0.005,1,1,0.9481310248374939,1.0,-0.051868975162506104,0.051868975162506104,-0.9395489692687988,-1.0,0.06045103073120117,0.06045103073120117,0.3081235772209763,0.7720123615043029,0.7704834042506539,0.7725609540939331,459229d3b3fa5c461876c52bc4ca62e611510adc68f3a9380a2afc211e48226e
2,additive,3,1000,800,200,10000,10000,0.5,852,41260907,41760907,1041760907,2041260907,3041260907,0.07980915353646326,1.2761320266405942,1.2709119389808279,0.002558789843081206,1.62851294941783,-0.00792729130845166,0.009720346588855447,1.6152171566440077,-2.220446049250313e-16,5.572747010518242e-07,5964,0.005,1,1,0.9496975541114807,1.0,-0.05030244588851929,0.05030244588851929,-0.9380390048027039,-1.0,0.06196099519729614,0.06196099519729614,0.28640868826113114,0.7588989959031528,0.7618101123272436,0.7628461122512817,40f21ad5d1632974e5e330e5bf3d2069ce0841341d66584646366978bd9b55dc
2,additive,3,1000,800,200,10000,10000,0.5,853,41260907,41760907,1041760907,2041260907,3041260907,0.08029826568430966,1.2573337473797213,1.2535193220674383,0.0027079393641314085,1.5808881522999325,-0.006142700433827004,0.007757913101909935,1.5713106907964103,4.440892098500626e-16,5.43536453179172e-07,5971,0.005,1,1,0.9504446387290955,1.0,-0.04955536127090454,0.04955536127090454,-0.9368171095848083,-1.0,0.06318289041519165,0.06318289041519165,0.28778382716688616,0.755258902200997,0.7569800833566691,0.7622720003128052,352b03806228d41e9bb5bc85dfd219f547e9fe0343d76633b57d14207c56c7dc
2,additive,3,1000,800,200,10000,10000,0.5,854,41260907,41760907,1041760907,2041260907,3041260907,0.08096464469688423,1.279480494211085,1.2783734325593497,0.002636632570940954,1.6370703350666422,-0.002734167282004821,0.0033349462263298026,1.6342386330735739,2.220446049250313e-16,5.759386372261588e-07,5978,0.005,1,1,0.9489980936050415,1.0,-0.051001906394958496,0.051001906394958496,-0.9371185302734375,-1.0,0.0628814697265625,0.0628814697265625,0.2773083444046026,0.7564350893616836,0.7630646762847987,0.758690595626831,03709ac59725a326d49853d487b3ebc36b99f735c8dd259e5ac381faa6edde06
2,additive,3,1000,800,200,10000,10000,0.5,855,41260907,41760907,1041760907,2041260907,3041260907,0.08157200368702461,1.2707307843998779,1.2695487329206359,0.0027768987069036067,1.6147567264215288,-0.002889819934020163,0.0035731188386154394,1.6117539852603922,0.0,5.290559617066037e-07,5985,0.005,1,1,0.9495040774345398,1.0,-0.050495922565460205,0.050495922565460205,-0.9359363317489624,-1.0,0.0640636682510376,0.0640636682510376,0.27418683280212974,0.7667555784690552,0.7613302484326897,0.7703619003295898,7e0224e5f65d3d52078dc879df3c3c0293863556b2fdef842f3ae4c557adc272
2,additive,3,1000,800,200,10000,10000,0.5,856,41260907,41760907,1041760907,2041260907,3041260907,0.08167124536673077,1.2440615223649942,1.2395846929071233,0.0027521553824959868,1.5476890714291072,-0.006935507960978137,0.008946495798799966,1.5365702108896468,-2.220446049250313e-16,5.534279257091157e-07,5992,0.005,1,1,0.9491659998893738,1.0,-0.05083400011062622,0.05083400011062622,-0.9360774159431458,-1.0,0.06392258405685425,0.06392258405685425,0.2911403223810721,0.7503515468811592,0.7541378996932006,0.7547693252563477,0a0703ceca2688c597fc332cc6adf9bc4b0836a88fd86b7236fce5e0104c0c2d
2,additive,3,1000,800,200,10000,10000,0.5,857,41260907,41760907,1041760907,2041260907,3041260907,0.08065343608346187,1.2951967960150654,1.2873549613227278,0.0027994841599037704,1.6775347404076908,-0.011525714062676176,0.013718358995683877,1.657282796442242,0.0,5.89326214495145e-07,5999,0.005,1,1,0.9508204460144043,1.0,-0.0491795539855957,0.0491795539855957,-0.9360754489898682,-1.0,0.06392455101013184,0.06392455101013184,0.30890454928612326,0.7602281767507151,0.7675817916229382,0.763562798500061,541b04c6026dc5b066fec112f05e0258969373e046b20bb7d74cebf110697277
2,additive,3,1000,800,200,10000,10000,0.5,858,41260907,41760907,1041760907,2041260907,3041260907,0.07896059057915533,1.2531129588808498,1.2526779319791825,0.00301203484797621,1.5702920877151185,-0.0020510606477266253,0.002607328892503262,1.5692020012676415,0.0,5.791817354605655e-07,6006,0.005,1,1,0.9547401666641235,1.0,-0.045259833335876465,0.045259833335876465,-0.9352982044219971,-1.0,0.06470179557800293,0.06470179557800293,0.2767994697174744,0.7472992083280032,0.757140328318377,0.7491416335105896,daebfd5198c48c39b9e957230f8d752f263238be641e8d7045294993523a080e
2,additive,3,1000,800,200,10000,10000,0.5,859,41260907,41760907,1041760907,2041260907,3041260907,0.07807045969024691,1.3028304104019461,1.3139380953169673,0.003435933242199064,1.6973670782681034,0.012815153407438544,-0.015069532827389301,1.7264333183251799,2.220446049250313e-16,5.7566033540013e-07,6013,0.005,1,1,0.9594495892524719,1.0,-0.040550410747528076,0.040550410747528076,-0.933286726474762,-1.0,0.06671327352523804,0.06671327352523804,0.3276065319934225,0.7709823463506277,0.767945033085187,0.7710491418838501,cbc1071bb9d5d2b905af600dff24af2c835b0995f0cb4bb68b1857ba61b99607
2,additive,3,1000,800,200,10000,10000,0.5,860,41260907,41760907,1041760907,2041260907,3041260907,0.07685605379618485,1.300354349068406,1.302119261979654,0.00331545122253209,1.6909214331411175,0.0006388440273944231,-0.0007541377870950684,1.6955145724184388,2.220446049250313e-16,5.65937309460196e-07,6020,0.005,1,1,0.9599573016166687,1.0,-0.0400426983833313,0.0400426983833313,-0.934399425983429,-1.0,0.06560057401657104,0.06560057401657104,0.29837108994475287,0.7506017215842846,0.7713149051798843,0.7520501613616943,58d60fb950a08123a23e68339707629ced56c1c43d93095632cac927688f3343
2,additive,3,1000,800,200,10000,10000,0.5,861,41260907,41760907,1041760907,2041260907,3041260907,0.07555467512611655,1.245874818341696,1.2425209581384575,0.0033467622528184746,1.5522040629779545,-0.0058462469087313665,0.007516626025850424,1.5438583314133103,0.0,5.67078604518656e-07,6027,0.005,1,1,0.9618688821792603,1.0,-0.038131117820739746,0.038131117820739746,-0.9347732663154602,-1.0,0.0652267336845398,0.0652267336845398,0.2814399225378976,0.7523309383596722,0.7532636272694162,0.757279634475708,31732ff2c62e7b347816caab52a9fb804482d79f6e3d2b6b843bbe4d5f23af6a
2,additive,3,1000,800,200,10000,10000,0.5,862,41260907,41760907,1041760907,2041260907,3041260907,0.07565995039300853,1.2695883246748705,1.2666688517171054,0.003196886746304828,1.6118545141507445,-0.005300710493359465,0.006564138442176252,1.6044499799103304,0.0,5.798133813073036e-07,6034,0.005,1,1,0.9604401588439941,1.0,-0.03955984115600586,0.03955984115600586,-0.9355062246322632,-1.0,0.06449377536773682,0.06449377536773682,0.2799898926232275,0.7545598049659172,0.7606934288808199,0.756630539894104,9bab697604d123c02bba6b3e8b4b3dc72588261d56d0ecf14f5b4a7797b973e7
2,additive,3,1000,800,200,10000,10000,0.5,863,41260907,41760907,1041760907,2041260907,3041260907,0.07526382617044891,1.2662675535245789,1.2618928001948488,0.003177889798372516,1.603433517109122,-0.007118983861948857,0.0088621104410704,1.5923734391835969,0.0,5.540226872824405e-07,6041,0.005,1,1,0.9607728123664856,1.0,-0.039227187633514404,0.039227187633514404,-0.9357670545578003,-1.0,0.06423294544219971,0.06423294544219971,0.2846390140250228,0.7500604312699918,0.7579497893353889,0.7567137479782104,336127b32fa0aafcf7eddd4ecb9065fab05d4eeb4684456a0b4115b27d5c77ed
2,additive,3,1000,800,200,10000,10000,0.5,864,41260907,41760907,1041760907,2041260907,3041260907,0.07525632323747138,1.2586607468849178,1.2568160501684882,0.003102937308030362,1.584226875748899,-0.0038716145479049126,0.004878147586038009,1.5795865839611196,0.0,5.708949579741329e-07,6048,0.005,1,1,0.960127055644989,1.0,-0.039872944355010986,0.039872944355010986,-0.936174750328064,-1.0,0.06382524967193604,0.06382524967193604,0.28046363611643516,0.7453779070300866,0.7543760578291996,0.7456071376800537,362b8aa564668671d76024a7443e26751e0a9f13665876bddf370717205f2dfa
2,additive,3,1000,800,200,10000,10000,0.5,865,41260907,41760907,1041760907,2041260907,3041260907,0.07707182380840658,1.2525125957205139,1.254324317168666,0.003394085660696727,1.5687878024385395,0.0005738022707020673,-0.0007299438761450086,1.5733294926406403,0.0,5.351675351761287e-07,6055,0.005,1,1,0.960354745388031,1.0,-0.039645254611968994,0.039645254611968994,-0.9339067339897156,-1.0,0.06609326601028442,0.06609326601028442,0.2732881022866864,0.7436964707247057,0.754218832641069,0.7445691227912903,0080a9bf7be1a87dabc45e265c745ad31747832428d095be4f7b460d302a5e9f
2,additive,3,1000,800,200,10000,10000,0.5,866,41260907,41760907,1041760907,2041260907,3041260907,0.07869730958522084,1.2675863400806875,1.2651960186671725,0.003199814091167064,1.6067751295591524,-0.004626988999527868,0.005747901876083896,1.600720965651264,2.220446049250313e-16,5.817289689957761e-07,6062,0.005,1,1,0.9566726088523865,1.0,-0.043327391147613525,0.043327391147613525,-0.9343037009239197,-1.0,0.06569629907608032,0.06569629907608032,0.26939870763885143,0.7556944120160872,0.7597808578530572,0.7563483715057373,f888fd0778889ddb3e2ea89d96792ac6ae860aa45f0e671a0d793f5cc11c521d
2,additive,3,1000,800,200,10000,10000,0.5,867,41260907,41760907,1041760907,2041260907,3041260907,0.07915542869737364,1.2603374391765172,1.256834183305871,0.0031340584697447057,1.5884504605900212,-0.005976177366815226,0.0075097204015853,1.5796321643261355,0.0,5.724350629066066e-07,6069,0.005,1,1,0.9555456638336182,1.0,-0.044454336166381836,0.044454336166381836,-0.9345065355300903,-1.0,0.06549346446990967,0.06549346446990967,0.2712523626452362,0.7549553187480575,0.7578382911219255,0.7571746706962585,43c5aaa4bbf6fd7587a997ba49d4296e29d28d5bea344bbef279148727e207cf
2,additive,3,1000,800,200,10000,10000,0.5,868,41260907,41760907,1041760907,2041260907,3041260907,0.07718401198137764,1.2903958612894897,1.2822448968734994,0.0028306742502854127,1.6651214788330442,-0.011900088762599282,0.014269100873908296,1.6441519755581313,2.220446049250313e-16,5.164330367790626e-07,6076,0.005,1,1,0.9553397297859192,1.0,-0.04466027021408081,0.04466027021408081,-0.9370489716529846,-1.0,0.06295102834701538,0.06295102834701538,0.2958027675573128,0.7643962785149248,0.7685951871315614,0.7680473923683167,3e073f3c8dec63e68acdcb78088c77b9087f5b36cc01a64c3bc1dadce0f010fc
2,additive,3,1000,800,200,10000,10000,0.5,869,41260907,41760907,1041760907,2041260907,3041260907,0.07654984751616538,1.2656078209753487,1.2653773183337977,0.0032567944001570355,1.6017631565139703,-0.0019200965802469217,0.002392613972372549,1.6011797577536333,-2.220446049250313e-16,5.238345401892275e-07,6083,0.005,1,1,0.9598397612571716,1.0,-0.04016023874282837,0.04016023874282837,-0.9348307251930237,-1.0,0.06516927480697632,0.06516927480697632,0.2617701547949365,0.7536854870738943,0.7592170360725978,0.7537275552749634,4264e5b422a583f07025127445c131e348a5ec2c81b91a0088d45bcdb57bb913
2,additive,3,1000,800,200,10000,10000,0.5,870,41260907,41760907,1041760907,2041260907,3041260907,0.076344595291916,1.2559037542222236,1.25475974509832,0.0031689427928134803,1.5772942398694756,-0.0030205823715440485,0.0038224014386160896,1.5744220179192008,-2.220446049250313e-16,5.871501151943903e-07,6090,0.005,1,1,0.9593396186828613,1.0,-0.04066038131713867,0.04066038131713867,-0.9353839755058289,-1.0,0.06461602449417114,0.06461602449417114,0.26435666112718814,0.7538880007598139,0.7573452854352574,0.7563080787658691,cd69c3f8da8a09e48b421be9965c0aa5942877276cd0e39bf7e6a530c1d4797b
2,additive,3,1000,800,200,10000,10000,0.5,871,41260907,41760907,1041760907,2041260907,3041260907,0.07544150057118526,1.2777575727971617,1.2714306373330526,0.002917068471670129,1.6326644148404943,-0.009522808881515873,0.011644554525319685,1.6165358655491326,0.0,5.607393553930251e-07,6097,0.005,1,1,0.9582569599151611,1.0,-0.04174304008483887,0.04174304008483887,-0.9371594190597534,-1.0,0.06284058094024658,0.06284058094024658,0.28616552817633845,0.7495455548542849,0.7624588198315067,0.7530077695846558,1da9c855d19fdc06c77ee3364fd37a1201de118796b38bfec99baf7894b8c8bc
2,additive,3,1000,800,200,10000,10000,0.5,872,41260907,41760907,1041760907,2041260907,3041260907,0.07565443266027673,1.2616746402088073,1.2589287687144881,0.0030178144242817297,1.5918228977460231,-0.004969533736663948,0.0062320126376774814,1.584901644696977,0.0,5.859809775188296e-07,6104,0.005,1,1,0.9588826894760132,1.0,-0.041117310523986816,0.041117310523986816,-0.9364944100379944,-1.0,0.06350558996200562,0.06350558996200562,0.2722318449810772,0.753239542889076,0.7576613295508754,0.7563081383705139,f41e000d53ad454ee71624f1afad33ef7e8945d706a4f6a68fe3b15c5addcfdc
2,additive,3,1000,800,200,10000,10000,0.5,873,41260907,41760907,1041760907,2041260907,3041260907,0.07330883724644176,1.2551170781728727,1.2496198878877034,0.002819398190442652,1.575318879921209,-0.008294206953587617,0.010511381757385915,1.5615498642044765,0.0,5.704205960910258e-07,6111,0.005,1,1,0.9600286483764648,1.0,-0.039971351623535156,0.039971351623535156,-0.9385469555854797,-1.0,0.061453044414520264,0.061453044414520264,0.28009241215446073,0.7425110440350715,0.755743650262095,0.7488210201263428,da93fde67a370951f84a2db6ed33ad71760bce8739e010cfee0e6f53cd4f79dc
2,additive,3,1000,800,200,10000,10000,0.5,874,41260907,41760907,1041760907,2041260907,3041260907,0.07272967340755117,1.2795351770545071,1.2767761919466085,0.0026102682459398768,1.637210269319909,-0.004831546622083032,0.005892774863345697,1.630157444321683,2.220446049250313e-16,5.771470306115134e-07,6118,0.005,1,1,0.9588236808776855,1.0,-0.04117631912231445,0.04117631912231445,-0.9400490522384644,-1.0,0.059950947761535645,0.059950947761535645,0.26911755485083744,0.7597075417666385,0.7620175662221971,0.7607853412628174,4268576fce2e29f1723f01bfbb0d4b1214702b1b725ac109f337d7c9ae350b1a
2,additive,3,1000,800,200,10000,10000,0.5,875,41260907,41760907,1041760907,2041260907,3041260907,0.07386231464289807,1.2666424675964143,1.2629778458643954,0.0023944998654197086,1.6043831407187334,-0.00583230071994249,0.007259623948740192,1.5951130391442687,4.440892098500626e-16,5.706842109987065e-07,6125,0.005,1,1,0.9554061889648438,1.0,-0.04459381103515625,0.04459381103515625,-0.9411184787750244,-1.0,0.058881521224975586,0.058881521224975586,0.2774250490963916,0.7419086735578158,0.7572884587084445,0.7450575828552246,3f5de2d7f024d64c9486b3738b225ee10a51be2961cf6d47c3c473cd5bdc4795
2,additive,3,1000,800,200,10000,10000,0.5,876,41260907,41760907,1041760907,2041260907,3041260907,0.07505168108066411,1.2596200329124196,1.2562364914064335,0.002275360820028224,1.586642627314285,-0.005393932896583569,0.0067894415405505655,1.5781301223411464,0.0,5.307535388965334e-07,6132,0.005,1,1,0.9528173804283142,1.0,-0.04718261957168579,0.04718261957168579,-0.9416342973709106,-1.0,0.058365702629089355,0.058365702629089355,0.2830615972724173,0.7585273300613524,0.7564881579352315,0.7619127035140991,efd2a811ded4fc5366a9d24f81213eafe154a4a5c29a00b1a13d807657efc360
2,additive,3,1000,800,200,10000,10000,0.5,877,41260907,41760907,1041760907,2041260907,3041260907,0.0764939130181832,1.2613081916716762,1.2596667615690407,0.002275510086564547,1.5908983543780737,-0.0032067571314018588,0.004025621061113051,1.5867603502018346,0.0,5.905876054868031e-07,6139,0.005,1,1,0.9510687589645386,1.0,-0.048931241035461426,0.048931241035461426,-0.9412032961845398,-1.0,0.058796703815460205,0.058796703815460205,0.2683481645233984,0.7536993523923899,0.756849240934691,0.7556335926055908,9ffec8c820445a8524f775d2bd4f1ed82d754ccbdbd311b45372a384caf839a4
2,additive,3,1000,800,200,10000,10000,0.5,878,41260907,41760907,1041760907,2041260907,3041260907,0.07697271480031727,1.2800671151015126,1.2784073516195675,0.002295532503854868,1.6385718191643093,-0.0032709974966037563,0.003986912766931884,1.6343253566749565,-2.220446049250313e-16,5.320054086155324e-07,6146,0.005,1,1,0.9506805539131165,1.0,-0.049319446086883545,0.049319446086883545,-0.9409035444259644,-1.0,0.059096455574035645,0.059096455574035645,0.26846963279902786,0.7483112949535431,0.763459195513879,0.7495365142822266,d2d89cf95ae41e07b02fce045e5f1047efad79ada2a9cf3182257496215280ac
2,additive,3,1000,800,200,10000,10000,0.5,879,41260907,41760907,1041760907,2041260907,3041260907,0.07918238969894623,1.2794976476619666,1.2741402621090405,0.00220772740527492,1.6371142303725061,-0.007944275125243342,0.009692147521786848,1.6234334075272945,0.0,5.725417224766716e-07,6153,0.005,1,1,0.9471546411514282,1.0,-0.05284535884857178,0.05284535884857178,-0.9410320520401001,-1.0,0.0589679479598999,0.0589679479598999,0.3057705466984489,0.7583958799098831,0.7624748962091961,0.7626087069511414,b1de413432ee49dece970963a94a96463dc33d4804415e6ade7ef20003b3d323
2,additive,3,1000,800,200,10000,10000,0.5,880,41260907,41760907,1041760907,2041260907,3041260907,0.08077118510250318,1.292963759390228,1.2875038576003315,0.0022399267938921666,1.671755283096511,-0.008164513277334215,0.009754524062071536,1.6576661833357347,0.0,5.69070781608616e-07,6160,0.005,1,1,0.9455426931381226,1.0,-0.05445730686187744,0.05445730686187744,-0.9403477907180786,-1.0,0.05965220928192139,0.05965220928192139,0.300228694251845,0.7613348462634199,0.7673994646720872,0.7637292146682739,136c2095ab0062f2418d73066e8fa41744d0a30c3497a03f2180b455c9e5d14b
2,additive,3,1000,800,200,10000,10000,0.5,881,41260907,41760907,1041760907,2041260907,3041260907,0.080861633574228,1.2443250358627127,1.2408556485562712,0.002344986161859206,1.5483447948747415,-0.00548352024129811,0.007072362645780128,1.5397227405540044,-2.220446049250313e-16,5.823828956863508e-07,6167,0.005,1,1,0.946439266204834,1.0,-0.053560733795166016,0.053560733795166016,-0.9394207000732422,-1.0,0.06057929992675781,0.06057929992675781,0.2861414834820689,0.7445968357893068,0.7538444572271072,0.7472668886184692,b3c628b20a5c3c50ff5b873e1c7b43b25e0ed70993cd9cb6ace801426ec9de14
2,additive,3,1000,800,200,10000,10000,0.5,882,41260907,41760907,1041760907,2041260907,3041260907,0.08129570560810176,1.278175421140123,1.2769308563583526,0.002360823065787287,1.633732407206731,-0.002770409176221171,0.0033866152917944826,1.6305524119200756,-2.220446049250313e-16,5.428672924523426e-07,6174,0.005,1,1,0.9460631012916565,1.0,-0.053936898708343506,0.053936898708343506,-0.9391739964485168,-1.0,0.060826003551483154,0.060826003551483154,0.27922725323029307,0.7572690538003505,0.7606794821141207,0.7599989175796509,e69bb048d473d73fe62b2cf4ae1e36cfa68e6f6987b19a8349e55d5f55a07e06
2,additive,3,1000,800,200,10000,10000,0.5,883,41260907,41760907,1041760907,2041260907,3041260907,0.0804724723573842,1.2730411306604992,1.271540426765173,0.0025090468481378933,1.6206337203533623,-0.0031638551516709437,0.0038984311369305155,1.6168150568981583,0.0,5.591274643279576e-07,6181,0.005,1,1,0.9484383463859558,1.0,-0.05156165361404419,0.05156165361404419,-0.9382163882255554,-1.0,0.06178361177444458,0.06178361177444458,0.2709468595750613,0.7465869536190136,0.7592785077747388,0.7508851289749146,db7772a50e7cbb0cc10ebe8cceecdd105caa214f4b71ff5d9549da6bd022687a
2,additive,3,1000,800,200,10000,10000,0.5,884,41260907,41760907,1041760907,2041260907,3041260907,0.08095172207215509,1.3058871829273166,1.3034696689520502,0.0028258626058377226,1.7053413345338428,-0.004567009630856747,0.00534726300622584,1.699033177877967,0.0,5.651860170985401e-07,6188,0.005,1,1,0.9506877660751343,1.0,-0.04931223392486572,0.04931223392486572,-0.9358012080192566,-1.0,0.06419879198074341,0.06419879198074341,0.2903689168738197,0.7611664426888813,0.7681110482013075,0.761463463306427,c5fac1084de98b2932567e5cdb4d5c58b161d2c27640ff4d5329f4175ac2215b
2,additive,3,1000,800,200,10000,10000,0.5,885,41260907,41760907,1041760907,2041260907,3041260907,0.08109509487251709,1.272876865521707,1.2705247622100155,0.0030685276394864175,1.6202155147803659,-0.00452543551551803,0.005575654533967943,1.6142331713888163,0.0,5.814166392781317e-07,6195,0.005,1,1,0.952600359916687,1.0,-0.04739964008331299,0.04739964008331299,-0.9341996312141418,-1.0,0.06580036878585815,0.06580036878585815,0.2711882561755855,0.753324450059422,0.7586303215060969,0.757434606552124,6d5e7cac6a639f0ba3df10ada17aa26d204fdfceb2b9c587a322283a8481fcd2
2,additive,3,1000,800,200,10000,10000,0.5,886,41260907,41760907,1041760907,2041260907,3041260907,0.08287009787760276,1.2569063155101454,1.2526324289684079,0.00278253421531667,1.5798134859692892,-0.006754009040656035,0.008535354511845918,1.5690880021032936,-2.220446049250313e-16,5.791023607315537e-07,6202,0.005,1,1,0.947975754737854,1.0,-0.052024245262145996,0.052024245262145996,-0.9354947209358215,-1.0,0.06450527906417847,0.06450527906417847,0.2970388558343876,0.7518968424445964,0.7550435461565899,0.7553265690803528,294d2d196855b50066b699f9e15398ae68693004420221907888ddb52e4e4fd5
2,additive,3,1000,800,200,10000,10000,0.5,887,41260907,41760907,1041760907,2041260907,3041260907,0.08502113122090196,1.303939769427097,1.3027313838247991,0.002598833661021274,1.7002589222935909,-0.002874348776267985,0.003375911776796227,1.6971090584020763,2.220446049250313e-16,5.311613069380883e-07,6209,0.005,1,1,0.9437416195869446,1.0,-0.05625838041305542,0.05625838041305542,-0.9362537264823914,-1.0,0.06374627351760864,0.06374627351760864,0.2799035689973665,0.7562387089651023,0.7693392341183113,0.7579872608184814,e6025afda1c628d8886aa427186eb15edbea38cb8c5946f6e06bb13c5d63ab76
2,additive,3,1000,800,200,10000,10000,0.5,888,41260907,41760907,1041760907,2041260907,3041260907,0.08710736542825456,1.2558310321948902,1.2558497669090778,0.002668593919405831,1.5771115814236836,-0.0013107691487522079,0.0016594323301563664,1.577158637045585,0.0,5.437393326701567e-07,6216,0.005,1,1,0.94183748960495,1.0,-0.05816251039505005,0.05816251039505005,-0.93515545129776,-1.0,0.06484454870223999,0.06484454870223999,0.2703805585792354,0.7483672276243649,0.7558054676600914,0.7513395547866821,444de4b151ede0eda53be526a0fa3468864f56e64412f41c368470909bed2eb3
2,additive,3,1000,800,200,10000,10000,0.5,889,41260907,41760907,1041760907,2041260907,3041260907,0.08784873026017286,1.2760116171337972,1.2791810895448226,0.0029062157673349007,1.6282056470604083,0.0025961985106680305,-0.0031833482053979854,1.6363042598490793,0.0,5.771424369527267e-07,6223,0.005,1,1,0.9430030584335327,1.0,-0.056996941566467285,0.056996941566467285,-0.9331513047218323,-1.0,0.06684869527816772,0.06684869527816772,0.2847314404709551,0.7650762259880224,0.7595324166275528,0.7669529914855957,404a421629ccae0929ff2d95a8395b18a222cb8e1b7be43169ddd9e7f8dff9dd
2,additive,3,1000,800,200,10000,10000,0.5,890,41260907,41760907,1041760907,2041260907,3041260907,0.08695466452575543,1.3255509320795371,1.3246571483765572,0.002780343863011395,1.7570852735369298,-0.0025745283274146574,0.0029258237696788625,1.7547165607451123,4.440892098500626e-16,5.699433707206936e-07,6230,0.005,1,1,0.9430038332939148,1.0,-0.056996166706085205,0.056996166706085205,-0.9343299865722656,-1.0,0.06567001342773438,0.06567001342773438,0.28532482338692927,0.7545145455202524,0.7741083260223809,0.7545722723007202,793c46711a887037ba11c5176c92be3e54fa5257cf517b2e6d582db710f8ef1b
2,additive,3,1000,800,200,10000,10000,0.5,891,41260907,41760907,1041760907,2041260907,3041260907,0.0837261324114895,1.2710090141780734,1.2750362447405497,0.0027089840203093542,1.615463914121918,0.003772263629927811,-0.00466237400744831,1.625717425402083,0.0,5.54047071332775e-07,6237,0.005,1,1,0.9462913870811462,1.0,-0.05370861291885376,0.05370861291885376,-0.9357703328132629,-1.0,0.06422966718673706,0.06422966718673706,0.2795271138312705,0.7537273791091347,0.7601566027962182,0.7549198865890503,ff881261d9aadd6f57242bd3f6f6f8f36e1348833074cec35c8be8ea444464ce
2,additive,3,1000,800,200,10000,10000,0.5,892,41260907,41760907,1041760907,2041260907,3041260907,0.08310866493452047,1.2752201408051567,1.2750326051699976,0.00263031384917441,1.6261864075151238,-0.0015542885588535906,0.001908487969784246,1.6257081442465908,0.0,5.861603824541817e-07,6244,0.005,1,1,0.9463409185409546,1.0,-0.05365908145904541,0.05365908145904541,-0.9365354180335999,-1.0,0.06346458196640015,0.06346458196640015,0.29973249220246323,0.7487903455092748,0.758870878532024,0.7534064650535583,050d8439d603335515dabb421c2b617ee159565a5f6e1506aed08473d226021d
2,additive,3,1000,800,200,10000,10000,0.5,893,41260907,41760907,1041760907,2041260907,3041260907,0.08445385380627005,1.309199575401495,1.3084804575740012,0.002625240846068197,1.7140035282314543,-0.002253830612227579,0.002625880042123186,1.7121211078530676,2.220446049250313e-16,5.478189049057391e-07,6251,0.005,1,1,0.9446656107902527,1.0,-0.055334389209747314,0.055334389209747314,-0.9361990690231323,-1.0,0.06380093097686768,0.06380093097686768,0.2825110402254793,0.7535490609207772,0.7720457367097331,0.7531571984291077,78bc26f955eeae076503e697baf6f05ee7a6c8aa2ae2b68363b3e398721b38ef
2,additive,3,1000,800,200,10000,10000,0.5,894,41260907,41760907,1041760907,2041260907,3041260907,0.08399220530518364,1.2899120573856466,1.2915652927586905,0.0025652343844246085,1.663873115788872,0.000851277642772515,-0.0010216731302228957,1.6681409054588416,0.0,5.51773773338482e-07,6258,0.005,1,1,0.9446849226951599,1.0,-0.05531507730484009,0.05531507730484009,-0.9367945194244385,-1.0,0.06320548057556152,0.06320548057556152,0.27526719340079336,0.7543413543285873,0.7639931585875133,0.7575938701629639,6fbf20b5ef9ee3a9a526929fb108eb210f0f7db769206fb2e37c2a0163cc86b3
2,additive,3,1000,800,200,10000,10000,0.5,895,41260907,41760907,1041760907,2041260907,3041260907,0.08138080960337576,1.2742187464217796,1.2794224248333523,0.002564282671213195,1.6236334137326913,0.005362022381275132,-0.006594551687205623,1.6369217411664552,4.440892098500626e-16,5.745708886450984e-07,6265,0.005,1,1,0.947840690612793,1.0,-0.05215930938720703,0.05215930938720703,-0.9375320672988892,-1.0,0.06246793270111084,0.06246793270111084,0.28831367262399565,0.7437549878084881,0.760334538341431,0.7404516339302063,395f36fd73c1aa1bf37fd1365c1b776428e5b3b30ebc85336794c9eef40e26d2
2,additive,3,1000,800,200,10000,10000,0.5,896,41260907,41760907,1041760907,2041260907,3041260907,0.08162914766437361,1.2909582047899217,1.2963235230291028,0.002670367109140075,1.6665730865144175,0.005605611367513505,-0.0067163496796647185,1.6804546763585848,2.220446049250313e-16,5.750455365216567e-07,6272,0.005,1,1,0.9484929442405701,1.0,-0.05150705575942993,0.05150705575942993,-0.9366727471351624,-1.0,0.06332725286483765,0.06332725286483765,0.28960028853764946,0.7599307545335218,0.7645961415925121,0.7599555850028992,3dc3f2fee8a05c6a3e83bbb93da8ae915561386cea30f1d2574dd9ae8974471f
2,additive,3,1000,800,200,10000,10000,0.5,897,41260907,41760907,1041760907,2041260907,3041260907,0.0800162370610986,1.275562126737214,1.2794985964423335,0.0026701011317481053,1.627058739166364,0.003693908999894587,-0.004533157797242997,1.6371166582979015,2.220446049250313e-16,5.77527901057806e-07,6279,0.005,1,1,0.9504503011703491,1.0,-0.04954969882965088,0.04954969882965088,-0.937171459197998,-1.0,0.06282854080200195,0.06282854080200195,0.2721292122862878,0.7496219590912041,0.7603896925278074,0.7465685606002808,84e8e9c6630e6e4f845f689b16b0e5f346ac26e7258368951c61c5c77f5716b2
2,additive,3,1000,800,200,10000,10000,0.5,898,41260907,41760907,1041760907,2041260907,3041260907,0.07830673579514567,1.2989396438043679,1.303381515598396,0.002590041860829291,1.6872441982466182,0.0044845675480622675,-0.005307701124315149,1.698803375203572,0.0,5.851510564980344e-07,6286,0.005,1,1,0.9518080949783325,1.0,-0.04819190502166748,0.04819190502166748,-0.9382789731025696,-1.0,0.06172102689743042,0.06172102689743042,0.2764784603793042,0.7544909458855057,0.7680240469193461,0.7520902752876282,b1e141c96779abc6fa38e7c83ce74e14af1ffd23531ef806b53659883ea23b72
2,additive,3,1000,800,200,10000,10000,0.5,899,41260907,41760907,1041760907,2041260907,3041260907,0.07716972843540609,1.2914052746051494,1.2943374553148432,0.0023709498042551176,1.6677275832780012,0.0026054575743237936,-0.0031201243791469982,1.6753094482309039,0.0,5.661735773543342e-07,6293,0.005,1,1,0.9511593580245972,1.0,-0.04884064197540283,0.04884064197540283,-0.9402525424957275,-1.0,0.05974745750427246,0.05974745750427246,0.2696813314259051,0.7561494848474744,0.7678005863908675,0.7569248080253601,19afe204b340f33b7f0cef094c6da2cbf05f7ecd1d5e8eefe5239f90b0d53cad
2,additive,3,1000,800,200,10000,10000,0.5,900,41260907,41760907,1041760907,2041260907,3041260907,0.07668469223922318,1.281082664890749,1.2844568334528772,0.0023188522889895044,1.641172794283583,0.00316885521560978,-0.003856247425678475,1.6498293570037923,2.220446049250313e-16,5.727978908964815e-07,6300,0.005,1,1,0.9512529969215393,1.0,-0.04874700307846069,0.04874700307846069,-0.9408031105995178,-1.0,0.05919688940048218,0.05919688940048218,0.2724988049749611,0.7571710779115716,0.7614015037582585,0.7550215721130371,4f502acc4412025089f98a4461324b02fef71b0c5615db9291f4dddab72fb0f4
2,additive,3,1000,800,200,10000,10000,0.5,901,41260907,41760907,1041760907,2041260907,3041260907,0.07637021809999354,1.270276865954539,1.2732781048702642,0.0020629188318291355,1.6136033161792855,0.0027854486654485186,-0.003448049609614274,1.6212371323420116,0.0,5.352968557303939e-07,6307,0.005,1,1,0.9491246342658997,1.0,-0.05087536573410034,0.05087536573410034,-0.9430429339408875,-1.0,0.05695706605911255,0.05695706605911255,0.2820716939314473,0.7472769580175154,0.7586073483316729,0.7482842206954956,75c6e7a181dd1a62a839afbb8d099654b135bd40d8fabf189b2c80faa19e436f
2,additive,3,1000,800,200,10000,10000,0.5,902,41260907,41760907,1041760907,2041260907,3041260907,0.0766773807946251,1.321176908459538,1.327024992520808,0.0020566946280396636,1.7455084234467024,0.0067151063500542505,-0.007685100006404512,1.7609953307748507,2.220446049250313e-16,5.662701703101902e-07,6314,0.005,1,1,0.9486896395683289,1.0,-0.05131036043167114,0.05131036043167114,-0.9430204629898071,-1.0,0.05697953701019287,0.05697953701019287,0.3053503774206061,0.7625765625986926,0.7730432710301458,0.7615360617637634,0eb17be68992c5d86d64c27b230dafb8a245c4f5eeb62cc4698b8be4034a43d0
2,additive,3,1000,800,200,10000,10000,0.5,903,41260907,41760907,1041760907,2041260907,3041260907,0.07609385169257406,1.2956407805514865,1.297348685150783,0.0018496442220332148,1.6786850322280653,0.0012894672061832296,-0.0015345916085552655,1.6831136108624651,0.0,5.724360079284452e-07,6321,0.005,1,1,0.9472428560256958,1.0,-0.0527571439743042,0.0527571439743042,-0.9451642632484436,-1.0,0.054835736751556396,0.054835736751556396,0.27790771454939917,0.7599696630794345,0.7679963562787154,0.7608991861343384,51d4617a8fe416f88688cafb28d6d1a3ae4b636a070a8802d78f63f53ae516ec
2,additive,3,1000,800,200,10000,10000,0.5,904,41260907,41760907,1041760907,2041260907,3041260907,0.0747185197198488,1.2667215194349926,1.2670832535802399,0.001840547123494726,1.604583407799696,-0.00046199170985223643,0.000575180304596897,1.6054999715034866,2.220446049250313e-16,5.718303466295538e-07,6328,0.005,1,1,0.9488152265548706,1.0,-0.051184773445129395,0.051184773445129395,-0.9455667734146118,-1.0,0.054433226585388184,0.054433226585388184,0.2747938329639028,0.7524927135031229,0.756113682677927,0.7534474730491638,2234f6f1c6a7a5b76c37e18d2d3fc8f2446cee0fe3e616e4951708a48ec6270f
2,additive,3,1000,800,200,10000,10000,0.5,905,41260907,41760907,1041760907,2041260907,3041260907,0.0738175590444837,1.2659934271585496,1.2658802312106288,0.001858500941305963,1.6027393576086495,-0.0010725493900401787,0.0013368450971378227,1.602452759769875,0.0,5.231570234798255e-07,6335,0.005,1,1,0.9500996470451355,1.0,-0.0499003529548645,0.0499003529548645,-0.9456034302711487,-1.0,0.05439656972885132,0.05439656972885132,0.26184574696389246,0.7524613904632873,0.757615557670288,0.7552234530448914,8ac026b92f9f2e9b6bf055bdcbc310dc1ddef11dea519c863be530f2ae842a83
2,additive,3,1000,800,200,10000,10000,0.5,906,41260907,41760907,1041760907,2041260907,3041260907,0.07279317966758014,1.2833983847591757,1.2834851215912086,0.0018760811185091235,1.6471114140024612,-0.0008267188874854061,0.001002698795389904,1.6473340573459998,2.220446049250313e-16,5.784538927855465e-07,6342,0.005,1,1,0.95152747631073,1.0,-0.04847252368927002,0.04847252368927002,-0.9456928968429565,-1.0,0.05430710315704346,0.05430710315704346,0.2627724370989466,0.7502795655182544,0.7625225454796389,0.7519469261169434,f44060a235bf57abad9ed5b0f637e88750c12458c0efe6214a880e63a9faa225
2,additive,3,1000,800,200,10000,10000,0.5,907,41260907,41760907,1041760907,2041260907,3041260907,0.07309745227495693,1.2918314991736526,1.2945449098081176,0.0018717043145509084,1.668828622257247,0.002573098469154742,-0.003080263322189713,1.6758465235101074,0.0,5.734026409243143e-07,6349,0.005,1,1,0.9511125087738037,1.0,-0.04888749122619629,0.04888749122619629,-0.9456561803817749,-1.0,0.0543438196182251,0.0543438196182251,0.2701489729572229,0.7534398355163723,0.7646081990513074,0.7526670694351196,d46714e0bf38698a8b2c7113de7465740dd741c406ede7fbbe49b8607d500122
2,additive,3,1000,800,200,10000,10000,0.5,908,41260907,41760907,1041760907,2041260907,3041260907,0.0742257842049617,1.264584163166361,1.2662972813010152,0.0020824941804127657,1.5991731057311653,0.0011266023593820944,-0.001407148689371398,1.6035088046303423,0.0,5.314361839481307e-07,6356,0.005,1,1,0.9519196152687073,1.0,-0.048080384731292725,0.048080384731292725,-0.9434514045715332,-1.0,0.0565485954284668,0.0565485954284668,0.2648936441224151,0.7489898371508761,0.7567470085659437,0.749765157699585,4c86658ba879862d67a0549af8bd74bf09c9b5573f1ad56f6d4c5ed29008d771
2,additive,3,1000,800,200,10000,10000,0.5,909,41260907,41760907,1041760907,2041260907,3041260907,0.07467040207194198,1.296799468660697,1.2943648838553847,0.002121166720224341,1.6816888619186658,-0.004214788040463289,0.005006251262050408,1.6753804525579639,2.220446049250313e-16,5.476649160840452e-07,6363,0.005,1,1,0.9517678022384644,1.0,-0.048232197761535645,0.048232197761535645,-0.9429971575737,-1.0,0.05700284242630005,0.05700284242630005,0.27025981047101116,0.7549818211528154,0.7647886594720247,0.7576347589492798,90319b95e9c527588f12d0453869b813e07e17245913a12ff4ea69d714d7e8ad
2,additive,3,1000,800,200,10000,10000,0.5,910,41260907,41760907,1041760907,2041260907,3041260907,0.0766749513600671,1.299055902977304,1.297951564671763,0.0021996214782945374,1.687546239060178,-0.0025337981522972667,0.002999028684100246,1.6846782642338778,-2.220446049250313e-16,5.62461043074336e-07,6370,0.005,1,1,0.9501129984855652,1.0,-0.049887001514434814,0.049887001514434814,-0.9417734146118164,-1.0,0.058226585388183594,0.058226585388183594,0.2816982043617924,0.7532818661635645,0.7698510409112997,0.7541316151618958,7a36db0ae527e4c48acaef581e934dc05a0ddffdcc95449cd75aa94ca3c63ff8
2,additive,3,1000,800,200,10000,10000,0.5,911,41260907,41760907,1041760907,2041260907,3041260907,0.07860838462360116,1.2684609396407858,1.2684902540190786,0.002521263004835553,1.608993155394385,-0.0012234469289170895,0.0015183816104262803,1.6090675245413864,0.0,5.751656555474938e-07,6377,0.005,1,1,0.9508126974105835,1.0,-0.049187302589416504,0.049187302589416504,-0.9386820793151855,-1.0,0.06131792068481445,0.06131792068481445,0.26327576575162726,0.7548621853870003,0.7589255576314289,0.7575384974479675,f9626c1de9d21af2a81778b9d5d306c8c69e7fc20c37d24193bb5ed6348290e5
2,additive,3,1000,800,200,10000,10000,0.5,912,41260907,41760907,1041760907,2041260907,3041260907,0.07684090243997213,1.2667964086554913,1.2677083762796797,0.0025138369289963913,1.6047731409824504,-0.0001012253108923785,0.00012595798047703151,1.6070845272896621,2.220446049250313e-16,5.613118609915091e-07,6384,0.005,1,1,0.9528939723968506,1.0,-0.047106027603149414,0.047106027603149414,-0.9392912983894348,-1.0,0.060708701610565186,0.060708701610565186,0.2791887704433955,0.7585037447241612,0.7565141283519449,0.7585349082946777,a0e3822a0e702a63805775adcb6e8bd83f49165d0b7275da41242ffb0ea4bc19
2,additive,3,1000,800,200,10000,10000,0.5,913,41260907,41760907,1041760907,2041260907,3041260907,0.07467293787383503,1.2738914021798804,1.2715788933977887,0.002626029417785855,1.622799304547822,-0.004256225915431229,0.005237061126698652,1.6169128821347452,-2.220446049250313e-16,5.679284527104755e-07,6391,0.005,1,1,0.9565774202346802,1.0,-0.043422579765319824,0.043422579765319824,-0.9392502903938293,-1.0,0.060749709606170654,0.060749709606170654,0.2637499311502699,0.7510652262126487,0.7603281662476616,0.7523633241653442,d5a00926df67d98092b162b1b99c1d92b39ebe24b7b046ca4af88bb0ef8de95c
2,additive,3,1000,800,200,10000,10000,0.5,914,41260907,41760907,1041760907,2041260907,3041260907,0.07518008111843553,1.2809567874815317,1.2801621351982357,0.00295692778340552,1.6408502913950063,-0.002496063391553024,0.0030369295893475597,1.6388150923953058,0.0,5.684088293378409e-07,6398,0.005,1,1,0.9589353203773499,1.0,-0.041064679622650146,0.041064679622650146,-0.9370259046554565,-1.0,0.06297409534454346,0.06297409534454346,0.2642180256524749,0.7641722282269068,0.7618099911892743,0.7658101916313171,ab4ede8da8dc1047eb7c5a0cba4de2e8496a3eff16aebce570347c94dfde17cc
2,additive,3,1000,800,200,10000,10000,0.5,915,41260907,41760907,1041760907,2041260907,3041260907,0.07723078135251743,1.2708104554830315,1.2682692802422673,0.0028132036065451516,1.6149592137649902,-0.0046327250826483585,0.005727288996774153,1.6085069672062386,0.0,5.610703954772589e-07,6405,0.005,1,1,0.9551272392272949,1.0,-0.04487276077270508,0.04487276077270508,-0.9371427893638611,-1.0,0.06285721063613892,0.06285721063613892,0.27100501984319275,0.7579090954664598,0.7607871617859965,0.7581360340118408,8030513aa1dfee3ad68b9434c1c7489cd683accaf97a079d77fe505be2be34fc
2,additive,3,1000,800,200,10000,10000,0.5,916,41260907,41760907,1041760907,2041260907,3041260907,0.07937555497929306,1.304157364513812,1.304119480019944,0.0030044848167379307,1.700826431415612,-0.0015516490324303269,0.0018213650399788025,1.7007276181674893,0.0,5.8061973007284e-07,6412,0.005,1,1,0.9541645646095276,1.0,-0.04583543539047241,0.04583543539047241,-0.9351957440376282,-1.0,0.06480425596237183,0.06480425596237183,0.2683064518558336,0.7538218081971092,0.7657831770321077,0.7563614845275879,b5d4f542c1a7b3e3f89cda63057c82c259689aa5251357e46d6cf1e1b5ee5c0f
2,additive,3,1000,800,200,10000,10000,0.5,917,41260907,41760907,1041760907,2041260907,3041260907,0.08158805139032788,1.2803666094503479,1.2771641935388134,0.0029707015646463775,1.6393386545953796,-0.005580489451189306,0.006795905327163642,1.6311483772576476,2.220446049250313e-16,5.790212469491962e-07,6419,0.005,1,1,0.9511632323265076,1.0,-0.04883676767349243,0.04883676767349243,-0.9346426725387573,-1.0,0.06535732746124268,0.06535732746124268,0.27925108401144444,0.763976441104441,0.7619149148177418,0.7657874226570129,7c7e92d2015402f68c3bcba7e9c10271ca0695445e9665d7eb6e61b9bae960c6
2,additive,3,1000,800,200,10000,10000,0.5,918,41260907,41760907,1041760907,2041260907,3041260907,0.08196394818643646,1.2990925718386734,1.29843604428957,0.0032937446282950093,1.6876415102064188,-0.0024995468621838027,0.0029564075325026317,1.685936161110346,-2.220446049250313e-16,5.384564492061372e-07,6426,0.005,1,1,0.9534184336662292,1.0,-0.04658156633377075,0.04658156633377075,-0.9325593113899231,-1.0,0.0674406886100769,0.0674406886100769,0.26909189632215663,0.7616040080709391,0.7671236679007825,0.7635661363601685,8ff4d17551ce79c3bbfaa4081ed8926a4721654f36a9d2970a7e77ea2bbf1017
2,additive,3,1000,800,200,10000,10000,0.5,919,41260907,41760907,1041760907,2041260907,3041260907,0.08214281072352374,1.2828800336112238,1.280352390081573,0.003086862014024746,1.6457811806383347,-0.004782899932381753,0.0058014344491606595,1.6393022427875963,4.440892098500626e-16,5.339885458255367e-07,6433,0.005,1,1,0.9514713883399963,1.0,-0.04852861166000366,0.04852861166000366,-0.9337247014045715,-1.0,0.06627529859542847,0.06627529859542847,0.27353132335015734,0.7497403834889943,0.7624326416365655,0.7534005641937256,578e24c6925133769f183d87399d61c50b99bc0fcf65cef66e795c3a1a8ce506
2,additive,3,1000,800,200,10000,10000,0.5,920,41260907,41760907,1041760907,2041260907,3041260907,0.08335975151396767,1.2588849340842119,1.2542166361302742,0.002855603841525352,1.5847912772642103,-0.007293755379897576,0.009188133037262987,1.5730593703459406,2.220446049250313e-16,5.860248464273354e-07,6440,0.005,1,1,0.948015570640564,1.0,-0.051984429359436035,0.051984429359436035,-0.9348350763320923,-1.0,0.06516492366790771,0.06516492366790771,0.28098973093389257,0.7619889830008347,0.7580547593450595,0.7639905214309692,cf1c3137ca4f580c4f5ef300ed4a83dd1848074f12b56cf9c5f04cca29ca587b
2,additive,3,1000,800,200,10000,10000,0.5,921,41260907,41760907,1041760907,2041260907,3041260907,0.08301265887502425,1.2982195842858615,1.2997251071315443,0.0030369207831523006,1.6853740890233553,0.0004371721507981021,-0.0005178503909995259,1.689285354108104,4.440892098500626e-16,5.251855093035829e-07,6447,0.005,1,1,0.9499865174293518,1.0,-0.05001348257064819,0.05001348257064819,-0.9337447881698608,-1.0,0.06625521183013916,0.06625521183013916,0.2699541219498888,0.7587977063177171,0.7683947579231927,0.7610671520233154,2cde315549c7aa437c8dbe7c3d2350392c8e063e46d03c81098184edc760283d
2,additive,3,1000,800,200,10000,10000,0.5,922,41260907,41760907,1041760907,2041260907,3041260907,0.08016642201386193,1.272469907658722,1.2706467792124054,0.003064814355535384,1.6191796658969964,-0.0038506213648362617,0.004747276272731521,1.6145432375228594,2.220446049250313e-16,5.698995693137476e-07,6454,0.005,1,1,0.9537092447280884,1.0,-0.04629075527191162,0.04629075527191162,-0.93454909324646,-1.0,0.06545090675354004,0.06545090675354004,0.26794072110432277,0.7564233800576976,0.7612160558649497,0.7574689984321594,6784328415258ca1c7501e794eb2ffaf095ea9aa5fad8c3b7818f3e23532689c
2,additive,3,1000,800,200,10000,10000,0.5,923,41260907,41760907,1041760907,2041260907,3041260907,0.07805515380049871,1.287723982462069,1.2854289567881543,0.002986921973403753,1.6582330550079711,-0.0044461870159458895,0.005352917828528784,1.6523276029494827,-4.440892098500626e-16,5.277608181586402e-07,6461,0.005,1,1,0.9556384682655334,1.0,-0.04436153173446655,0.04436153173446655,-0.9357764720916748,-1.0,0.0642235279083252,0.0642235279083252,0.26823410861937125,0.7623298954669017,0.7639777925573058,0.7662550210952759,962b8dc894b984151ce7196795e265afcc5054e3b4149d8c92f3355e59e19170
2,additive,3,1000,800,200,10000,10000,0.5,924,41260907,41760907,1041760907,2041260907,3041260907,0.07796864431716637,1.2719804748235122,1.2733140033482877,0.0031704094721409083,1.6179343283322476,0.00011190665922736261,-0.00013806221969214414,1.621328551122843,-2.220446049250313e-16,5.807414851233261e-07,6468,0.005,1,1,0.957327127456665,1.0,-0.04267287254333496,0.04267287254333496,-0.9347456097602844,-1.0,0.06525439023971558,0.06525439023971558,0.2638208287422455,0.7503808460861185,0.7599813191573676,0.7513223886489868,d6d9fa0b6a11033f05c9b28ad76b1345fbc2aa9b1debdfb965ff586c38d304e4
2,additive,3,1000,800,200,10000,10000,0.5,925,41260907,41760907,1041760907,2041260907,3041260907,0.07768332636297992,1.2708424858071963,1.2719855950251724,0.003310549177668541,1.615040623732614,-0.00020190947937020128,0.0002495249272839927,1.617947353951542,-2.220446049250313e-16,5.763124644175832e-07,6475,0.005,1,1,0.9588772058486938,1.0,-0.04112279415130615,0.04112279415130615,-0.9340938925743103,-1.0,0.0659061074256897,0.0659061074256897,0.2716831700357497,0.7581339532253863,0.7596759693002657,0.760665237903595,fc9c675ef20b4058b7232d7cccd102e26d91b88489707b0a6854cf9c9e8f5c25
2,additive,3,1000,800,200,10000,10000,0.5,926,41260907,41760907,1041760907,2041260907,3041260907,0.07490791292626,1.2913095108962012,1.2864606911017693,0.002726490829730292,1.6674802529309862,-0.007612817005337365,0.009116017563425696,1.654981109750042,2.220446049250313e-16,5.653893104806684e-07,6482,0.005,1,1,0.9572058320045471,1.0,-0.04279416799545288,0.04279416799545288,-0.9385194778442383,-1.0,0.06148052215576172,0.06148052215576172,0.27357067818704317,0.7471078336057734,0.7638613119002565,0.7497748136520386,bd3f55a043f7466ec5039a2a9e2a3090504dcd574e44287fbfa5974f03909e7f
2,additive,3,1000,800,200,10000,10000,0.5,927,41260907,41760907,1041760907,2041260907,3041260907,0.0736948174552144,1.3100588527030348,1.3060412986909788,0.00259346198560094,1.7162541975455918,-0.006551892822387052,0.0076235875658393695,1.7057438738864188,2.220446049250313e-16,5.655691932560103e-07,6489,0.005,1,1,0.9574786424636841,1.0,-0.04252135753631592,0.04252135753631592,-0.9398097991943359,-1.0,0.06019020080566406,0.06019020080566406,0.27426705072165397,0.7570469426090625,0.7708325715210016,0.7585899233818054,436b23efca0d8ac862691701dafbc4e9adda514fb54434224145b20f1325f6ce
2,additive,3,1000,800,200,10000,10000,0.5,928,41260907,41760907,1041760907,2041260907,3041260907,0.07530914469437955,1.2982770709884504,1.2913041375947192,0.002477650205307087,1.6855233530543496,-0.010267313745207833,0.012165056448877554,1.6674663757692414,4.440892098500626e-16,5.899885788807069e-07,6496,0.005,1,1,0.9544246196746826,1.0,-0.04557538032531738,0.04557538032531738,-0.9400470852851868,-1.0,0.05995291471481323,0.05995291471481323,0.29359880746182265,0.7607610088214666,0.7684220118754386,0.7679469585418701,761a880382dd5eba21623cb8232497ecf6e023e7be5630c7d7c44739f1b1bc5f
2,additive,3,1000,800,200,10000,10000,0.5,929,41260907,41760907,1041760907,2041260907,3041260907,0.07799087619370401,1.283499612218102,1.2790334315809957,0.0026016803209768908,1.6473712545640178,-0.007023207891568538,0.008513118904048041,1.6359265191018575,-2.220446049250313e-16,5.85289022581037e-07,6503,0.005,1,1,0.9522985219955444,1.0,-0.047701478004455566,0.047701478004455566,-0.9382979273796082,-1.0,0.061702072620391846,0.061702072620391846,0.28552324133242757,0.7522949605774424,0.7638757981645409,0.7547667026519775,7ed7f577a6bafbc7407be84213d811b1de3d81da552660394281e53d0fbd15aa
2,additive,3,1000,800,200,10000,10000,0.5,930,41260907,41760907,1041760907,2041260907,3041260907,0.07763607424942875,1.274328420024262,1.2729012745681927,0.002659355440274857,1.6239129220815318,-0.003147311362238552,0.003869869671003731,1.6202776547973294,-2.220446049250313e-16,5.481071791990644e-07,6510,0.005,1,1,0.9532536864280701,1.0,-0.04674631357192993,0.04674631357192993,-0.9380149841308594,-1.0,0.061985015869140625,0.061985015869140625,0.2673777271833616,0.7552872148636328,0.7599680135679971,0.7558308243751526,0afe02b688a4bd3c772b627ae0a13b2cea3a624fdc8271abab84c096368880ad
2,additive,3,1000,800,200,10000,10000,0.5,931,41260907,41760907,1041760907,2041260907,3041260907,0.07714471709410223,1.279647765497274,1.2763410520624503,0.002659872010848676,1.6374984037421663,-0.005555897286566114,0.006774830659578071,1.6290464811798826,0.0,5.809418919255904e-07,6517,0.005,1,1,0.953858494758606,1.0,-0.04614150524139404,0.04614150524139404,-0.9381754994392395,-1.0,0.0618245005607605,0.0618245005607605,0.26902728301004214,0.7530747775944429,0.7622486466318966,0.7562086582183838,c7988602710bc07860342a441b40b57e9df9e8e4c99d27f9873e14f8cef99672
2,additive,3,1000,800,200,10000,10000,0.5,932,41260907,41760907,1041760907,2041260907,3041260907,0.07839220238519863,1.2711217891990345,1.273073947168506,0.003055729272098964,1.6157506029765547,0.0009554713552731521,-0.0011804640694059118,1.6207172749592,0.0,5.202913957447208e-07,6524,0.005,1,1,0.9558177590370178,1.0,-0.04418224096298218,0.04418224096298218,-0.9352445602416992,-1.0,0.06475543975830078,0.06475543975830078,0.2671014930434595,0.7605651863645587,0.7595994114185695,0.7595107555389404,70f922419764077ed12da1317d6fbef24ab024fcc1b8495b0d3c83bbb703abd5
2,additive,3,1000,800,200,10000,10000,0.5,933,41260907,41760907,1041760907,2041260907,3041260907,0.07880906567090709,1.2806660069049411,1.284420643940054,0.003351872003158914,1.6401054212418469,0.0031395486671888365,-0.003820663524501813,1.6497363905793834,0.0,5.646251981517025e-07,6531,0.005,1,1,0.9578176140785217,1.0,-0.04218238592147827,0.04218238592147827,-0.9334303736686707,-1.0,0.06656962633132935,0.06656962633132935,0.26316668096534895,0.7644945969175965,0.7628244817596104,0.7654001712799072,9dc7ff68da68295a73afbd1eb4813eb54770cd9be9da2f0054a616c05a4ec2f0
2,additive,3,1000,800,200,10000,10000,0.5,934,41260907,41760907,1041760907,2041260907,3041260907,0.07927515486100459,1.303850923874921,1.3133380578059102,0.0035769634970001093,1.700027231689485,0.010626329447457863,-0.012475115378891927,1.7248568540814004,-6.661338147750939e-16,5.692594271522466e-07,6538,0.005,1,1,0.9591062068939209,1.0,-0.0408937931060791,0.0408937931060791,-0.9320864677429199,-1.0,0.06791353225708008,0.06791353225708008,0.3032303006801602,0.757391058353379,0.7688880899996741,0.759300172328949,f9576b1e93306d776a7878d38d6c7bd4cd75994ee1822ae92f5a02e2389f4fda
2,additive,3,1000,800,200,10000,10000,0.5,935,41260907,41760907,1041760907,2041260907,3041260907,0.08086186425788673,1.3124146539367936,1.3115437885664727,0.00334699221907948,1.7224322238680339,-0.0028160533799085085,0.00326351523260709,1.7201471093272964,2.220446049250313e-16,5.243923375530812e-07,6545,0.005,1,1,0.9552220702171326,1.0,-0.04477792978286743,0.04477792978286743,-0.932668149471283,-1.0,0.06733185052871704,0.06733185052871704,0.27091245375179396,0.7600925754236534,0.7725558643696426,0.7604737281799316,1dcc39211d7f210bf985413c087423266ff379dc0488865eabf39fb9b51f956c
2,additive,3,1000,800,200,10000,10000,0.5,936,41260907,41760907,1041760907,2041260907,3041260907,0.08141499222381052,1.3273384119021827,1.3294946397726326,0.0034884073851957228,1.7618272597110087,0.0011201650439790014,-0.0012690818586814884,1.7675559971841623,-2.220446049250313e-16,5.753094782789958e-07,6552,0.005,1,1,0.9556989669799805,1.0,-0.04430103302001953,0.04430103302001953,-0.9316931962966919,-1.0,0.0683068037033081,0.0683068037033081,0.2829345164775251,0.7502501691421004,0.7738435642454309,0.7517039179801941,4a1326dce2f0a552f73cb9e354545ad20900a608c4ddd6e3f69019f304d9102b
2,additive,3,1000,800,200,10000,10000,0.5,937,41260907,41760907,1041760907,2041260907,3041260907,0.08183257873539251,1.308035834627583,1.3203859544278067,0.003823985030885257,1.7109577446698778,0.014318669474733408,-0.01670028228867598,1.7434190686502298,0.0,5.338242203833943e-07,6559,0.005,1,1,0.9578869938850403,1.0,-0.04211300611495972,0.04211300611495972,-0.9298354387283325,-1.0,0.07016456127166748,0.07016456127166748,0.3161847419880854,0.7672527014495079,0.7728480336465524,0.7694697380065918,4b0c0ec29763dc466313244173cd2cc6803f50a1ffca12093790964a0ab616e9
2,additive,3,1000,800,200,10000,10000,0.5,938,41260907,41760907,1041760907,2041260907,3041260907,0.08402144342064138,1.2978219387876926,1.3035857654906797,0.003778998111078941,1.684341784798645,0.00560753254009875,-0.0066435205310763894,1.6993358479899217,2.220446049250313e-16,5.328311889485349e-07,6566,0.005,1,1,0.9547839760780334,1.0,-0.04521602392196655,0.04521602392196655,-0.9291825294494629,-1.0,0.07081747055053711,0.07081747055053711,0.2780008397415456,0.7587075495922287,0.767505832522234,0.7607622146606445,83039ed813876df7b05e07ed046ace92685ba0cad5d5663137426818e0fa32df
2,additive,3,1000,800,200,10000,10000,0.5,939,41260907,41760907,1041760907,2041260907,3041260907,0.08433156273078009,1.32029243903927,1.3185387109866569,0.00369465268781194,1.7431721245842648,-0.004161222450861089,0.004764212709293484,1.7385443323703544,-2.220446049250313e-16,5.761432717577009e-07,6573,0.005,1,1,0.9537311792373657,1.0,-0.04626882076263428,0.04626882076263428,-0.9294946193695068,-1.0,0.07050538063049316,0.07050538063049316,0.2771297084282609,0.7545760664586163,0.7739296679096341,0.7581425905227661,278b56aaf36b939caa17f0b34beddc66d5034503cc349589fe1fe703fceda63e
2,additive,3,1000,800,200,10000,10000,0.5,940,41260907,41760907,1041760907,2041260907,3041260907,0.08413629802664634,1.2778999695170767,1.2794208259100899,0.0038520338153436597,1.6330283320917456,1.8641932683753736e-05,-2.2777391765491883e-05,1.6369176497724565,-2.220446049250313e-16,5.274706218472147e-07,6580,0.005,1,1,0.9552152752876282,1.0,-0.044784724712371826,0.044784724712371826,-0.9287732839584351,-1.0,0.07122671604156494,0.07122671604156494,0.2650103364123445,0.7522518173611331,0.7626689097277689,0.7526633739471436,e2f802cd70927ce2cbf94fc39b8ca38c0cc62b1035bb396cc4ca319346422d92
2,additive,3,1000,800,200,10000,10000,0.5,941,41260907,41760907,1041760907,2041260907,3041260907,0.08317500847663739,1.2979363842043956,1.3000992389551145,0.0036717079683807733,1.6846388574415803,0.0009737328608532337,-0.0011534996946687812,1.6902580311316677,2.220446049250313e-16,5.895885859530381e-07,6587,0.005,1,1,0.9549878835678101,1.0,-0.04501211643218994,0.04501211643218994,-0.9300572276115417,-1.0,0.06994277238845825,0.06994277238845825,0.2737094241264956,0.7590711152862135,0.7653641964161845,0.7601146697998047,5d783a30d3707540044e4a60e9067f76e203d52949f93705dbfa608e344cd4a6
2,additive,3,1000,800,200,10000,10000,0.5,942,41260907,41760907,1041760907,2041260907,3041260907,0.08216928382672237,1.2849882515237159,1.2847765635839195,0.003519751177735587,1.6511948065539763,-0.002031869698603205,0.0024558552278508973,1.6506508183345052,-2.220446049250313e-16,5.569902246094216e-07,6594,0.005,1,1,0.9550160765647888,1.0,-0.04498392343521118,0.04498392343521118,-0.9312378168106079,-1.0,0.06876218318939209,0.06876218318939209,0.2646656183128849,0.7436231361660259,0.7635774363605892,0.7442550659179688,9c26896cd66f1d3de743e76a5950da0576a4f16b4e2ffde5ba2a58c3fed0110c
2,additive,3,1000,800,200,10000,10000,0.5,943,41260907,41760907,1041760907,2041260907,3041260907,0.08370568826825883,1.3329028042793043,1.3300822996768877,0.0036816164953149795,1.7766298856556333,-0.00559628911859497,0.006286865092803825,1.7691189239137581,-2.220446049250313e-16,5.171901147349445e-07,6601,0.005,1,1,0.9544059634208679,1.0,-0.04559403657913208,0.04559403657913208,-0.9298015236854553,-1.0,0.07019847631454468,0.07019847631454468,0.2838440029533199,0.7559043664748444,0.7763631240185361,0.7560874223709106,4aa954a8fdcd7539ff356b67e9cf676bcff06eb99e86a0d955c566b7d66756c1
2,additive,3,1000,800,200,10000,10000,0.5,944,41260907,41760907,1041760907,2041260907,3041260907,0.08214268162692187,1.2579877036752727,1.2542326110124968,0.003884194263351668,1.5825330625981857,-0.006658907167156038,0.008394900065988411,1.5730994425272253,0.0,5.748782996306545e-07,6608,0.005,1,1,0.9579753875732422,1.0,-0.04202461242675781,0.04202461242675781,-0.9294213056564331,-1.0,0.0705786943435669,0.0705786943435669,0.2677132810008392,0.7465493237897813,0.7564008883700187,0.749232292175293,98cc313be64cb7a2ce26c28dae3fe250b0baa8bac4cf1fcd442b1e90d67a20f0
2,additive,3,1000,800,200,10000,10000,0.5,945,41260907,41760907,1041760907,2041260907,3041260907,0.0811395709548125,1.3020406648051386,1.2989739888343228,0.004215038312124444,1.6953098928062074,-0.006095753725090257,0.007173479615952549,1.6873334236681512,0.0,5.828876510349801e-07,6615,0.005,1,1,0.9618792533874512,1.0,-0.03812074661254883,0.03812074661254883,-0.9283729195594788,-1.0,0.07162708044052124,0.07162708044052124,0.2706280790012738,0.7517574734341912,0.765682838909245,0.7548613548278809,91d5382f9c35a772034edbeff16e8512c6a0fe75edff4bda079ca508ab16375e
2,additive,3,1000,800,200,10000,10000,0.5,946,41260907,41760907,1041760907,2041260907,3041260907,0.0827885128376893,1.280379415268273,1.2790798322371006,0.004373183250645572,1.639371447042725,-0.0038497065288404762,0.004684068872855746,1.6360452172356896,0.0,5.616817091436133e-07,6622,0.005,1,1,0.9609888195991516,1.0,-0.03901118040084839,0.03901118040084839,-0.9269790053367615,-1.0,0.07302099466323853,0.07302099466323853,0.2620661990156872,0.7567902523288543,0.7640414804024567,0.7603890895843506,28b490a3dd9982e699174830232478ad006c0a4968c73fa2abb45db521f1618f
2,additive,3,1000,800,200,10000,10000,0.5,947,41260907,41760907,1041760907,2041260907,3041260907,0.08548886380738722,1.3145433316334185,1.3167988028925053,0.004671749741298702,1.7280241707418877,0.0006315834079741203,-0.0007290181739424821,1.733959087299135,4.440892098500626e-16,5.367038884429576e-07,6629,0.005,1,1,0.9597812294960022,1.0,-0.0402187705039978,0.0402187705039978,-0.9245626330375671,-1.0,0.07543736696243286,0.07543736696243286,0.2699940315401139,0.7548549993744987,0.7703448574703933,0.7557781934738159,4846ac60466d8923a6b65554c139ca0a2cd445a757a818b5b1bb67652e92edce
2,additive,3,1000,800,200,10000,10000,0.5,948,41260907,41760907,1041760907,2041260907,3041260907,0.08629180113484529,1.322924544447134,1.328775031043108,0.004970309583900086,1.7501293503006572,0.0052717116195277235,-0.006007307436746326,1.7656430831236125,-2.220446049250313e-16,5.492570132048513e-07,6636,0.005,1,1,0.9609659314155579,1.0,-0.03903406858444214,0.03903406858444214,-0.9230414628982544,-1.0,0.0769585371017456,0.0769585371017456,0.2829702844629083,0.7521165911084714,0.777180258282798,0.7564380168914795,576e83ef7dbeff3d4c04828365db7a4876957c59f58f75941a59137f2e8eacb4
2,additive,3,1000,800,200,10000,10000,0.5,949,41260907,41760907,1041760907,2041260907,3041260907,0.08550805927070074,1.2851617340671202,1.2877823828715917,0.004894648579162679,1.651640682710407,0.0009240671724326699,-0.0011156624974769569,1.6583834656344352,0.0,5.703031717985141e-07,6643,0.005,1,1,0.9614267349243164,1.0,-0.038573265075683594,0.038573265075683594,-0.9236866235733032,-1.0,0.07631337642669678,0.07631337642669678,0.2651644863451312,0.7548312705502197,0.7622221821881366,0.7596001029014587,9bd69b60e773b88098a336a5cc13f8c027f581c03933dbbd566a60c5ade7b60d
2,additive,3,1000,800,200,10000,10000,0.5,950,41260907,41760907,1041760907,2041260907,3041260907,0.08511580428329052,1.2863289611126172,1.2892103152857197,0.004894801355848681,1.6546421961970652,0.0012631197430954908,-0.001522255598950835,1.6620632370391049,0.0,5.157554152646071e-07,6650,0.005,1,1,0.9619411826133728,1.0,-0.0380588173866272,0.0380588173866272,-0.9238670468330383,-1.0,0.07613295316696167,0.07613295316696167,0.27173534744605854,0.7605820213356292,0.7639743628052751,0.7619856595993042,e4fec8b7bafbc636f98e32021798ee10e109667b281ba5e634268e58a2bdb66e
2,additive,3,1000,800,200,10000,10000,0.5,951,41260907,41760907,1041760907,2041260907,3041260907,0.08792134290415822,1.3036583221369045,1.3056172924758793,0.00482651101235997,1.6995250208768091,0.00014249126143824244,-0.00016720876975455834,1.7046365144120457,0.0,5.640868057099624e-07,6657,0.005,1,1,0.9577962160110474,1.0,-0.04220378398895264,0.04220378398895264,-0.9228702187538147,-1.0,0.0771297812461853,0.0771297812461853,0.27743115208980534,0.7474149619272157,0.7696787648819771,0.7514700889587402,4fa1ef903c6b12f53cdd406bdf0a4a8a1ec8bfdd39230eb8c377c9dc951d1830
2,additive,3,1000,800,200,10000,10000,0.5,952,41260907,41760907,1041760907,2041260907,3041260907,0.09005377320938063,1.347457952916313,1.349493085995768,0.004773607279039866,1.815642934877421,0.00035752349695999046,-0.0003927930654117975,1.8211315891503808,0.0,5.800578506409693e-07,6664,0.005,1,1,0.9546893835067749,1.0,-0.0453106164932251,0.0453106164932251,-0.9221756458282471,-1.0,0.07782435417175293,0.07782435417175293,0.28146667357321475,0.7668711100271958,0.7810989026347948,0.7632700204849243,74503e203b8876be18afd71cb01893b8ab80f5a5b61b2ee346f5ec24e81c1828
2,additive,3,1000,800,200,10000,10000,0.5,953,41260907,41760907,1041760907,2041260907,3041260907,0.09088558804609281,1.3109626864553803,1.3150958143233011,0.0047506583781392105,1.7186231652783077,0.0030515885971100286,-0.003541412263806509,1.7294770008506664,-6.661338147750939e-16,5.834127154713542e-07,6671,0.005,1,1,0.9534710645675659,1.0,-0.04652893543243408,0.04652893543243408,-0.9219279289245605,-1.0,0.07807207107543945,0.07807207107543945,0.2795062744095071,0.764860035549751,0.7673992498727797,0.7665571570396423,ee4735c28cfb0aadfbbbd0550e9e3ba953cd106f62ac858a32d579a53a50a25f
2,additive,3,1000,800,200,10000,10000,0.5,954,41260907,41760907,1041760907,2041260907,3041260907,0.09069314689365474,1.2949068580405243,1.297470166662602,0.004102483718453733,1.6767837710003828,0.0012712893303219732,-0.0015126417111842264,1.6834288333794805,0.0,5.574253929552242e-07,6678,0.005,1,1,0.9489781856536865,1.0,-0.05102181434631348,0.05102181434631348,-0.9250198602676392,-1.0,0.07498013973236084,0.07498013973236084,0.2618057638613323,0.7582024619348305,0.767891949370138,0.7612166404724121,3c2ccd42bf7c2fe70c396cba24388332ca664885cd698d229edc65c58fccd211
2,additive,3,1000,800,200,10000,10000,0.5,955,41260907,41760907,1041760907,2041260907,3041260907,0.09075096878335015,1.281747048332316,1.2829126163559839,0.004414387655756953,1.642875495908604,-0.0007125511795025519,0.0008651193534446446,1.6458647812053557,-2.220446049250313e-16,5.733138799257631e-07,6685,0.005,1,1,0.9512048959732056,1.0,-0.048795104026794434,0.048795104026794434,-0.9234834909439087,-1.0,0.07651650905609131,0.07651650905609131,0.25725902454962934,0.745523059900525,0.762775353054842,0.7476232051849365,e4a2837d9ed440f8b0e39f8bdb7d10d71d09ca6f8a1fadfefac289b5ae5b27be
2,additive,3,1000,800,200,10000,10000,0.5,956,41260907,41760907,1041760907,2041260907,3041260907,0.089636160840455,1.318861270941538,1.3201681716013185,0.004614432383012566,1.739395051989529,-0.0005827415316868755,0.0006682779387481759,1.7428440013091684,6.661338147750939e-16,5.821416859674855e-07,6692,0.005,1,1,0.9540632963180542,1.0,-0.0459367036819458,0.0459367036819458,-0.9230294823646545,-1.0,0.07697051763534546,0.07697051763534546,0.27131817863457797,0.7540527131587865,0.7747746782122807,0.7552800178527832,21a28c1f47517262b3c36b721d1292224f4cf63f5ddefc195a901443332ee4d6
2,additive,3,1000,800,200,10000,10000,0.5,957,41260907,41760907,1041760907,2041260907,3041260907,0.08727055507604728,1.3276509480157113,1.3269293301138587,0.0043844043310254655,1.762657039767017,-0.0031499984908146825,0.0035652796954318724,1.7607414471164136,4.440892098500626e-16,5.54410936715044e-07,6699,0.005,1,1,0.9553528428077698,1.0,-0.044647157192230225,0.044647157192230225,-0.9250147938728333,-1.0,0.07498520612716675,0.07498520612716675,0.27705271657084674,0.7489763699165792,0.7765854172635973,0.7515661716461182,089f42d64956cc85033ea1669c7167b9e1ed21dc4d44784684a067cda84a4c35
2,additive,3,1000,800,200,10000,10000,0.5,958,41260907,41760907,1041760907,2041260907,3041260907,0.08706535972255817,1.2853647784914952,1.2895347230642364,0.004511662996099048,1.6521626137864907,0.003112762602883526,-0.0037578450350889622,1.662899801988357,2.220446049250313e-16,5.590085301321324e-07,6706,0.005,1,1,0.9565632939338684,1.0,-0.04343670606613159,0.04343670606613159,-0.9245438575744629,-1.0,0.07545614242553711,0.07545614242553711,0.2791339925835252,0.7548588170449658,0.7627798204207962,0.7578229904174805,e33fb084c34636618ba7e3f1b9632857c5352d932d7786127dc92549e3f2d5dc
2,additive,3,1000,800,200,10000,10000,0.5,959,41260907,41760907,1041760907,2041260907,3041260907,0.08658135889054483,1.2945998777500092,1.2940289144488795,0.004136876381524325,1.675988843470339,-0.0028074442110588693,0.003341945400736323,1.6745108314297452,-4.440892098500626e-16,5.853822244716866e-07,6713,0.005,1,1,0.9543533325195312,1.0,-0.04564666748046875,0.04564666748046875,-0.9264288544654846,-1.0,0.07357114553451538,0.07357114553451538,0.26814894854908716,0.7510298640121532,0.7661493032350258,0.7542184591293335,df76e517df34277a701cbeb5f471ab287322c91b15e0c838e35178ec2a58ee27
2,additive,3,1000,800,200,10000,10000,0.5,960,41260907,41760907,1041760907,2041260907,3041260907,0.08873775345087417,1.334961050616301,1.3320725715413657,0.003967724897761431,1.7821210066625779,-0.005835697853756237,0.006534611355683467,1.774417335852827,2.220446049250313e-16,5.746992624011682e-07,6720,0.005,1,1,0.9503838419914246,1.0,-0.04961615800857544,0.04961615800857544,-0.9264294505119324,-1.0,0.07357054948806763,0.07357054948806763,0.27509827405875237,0.7618403327933823,0.776335282862874,0.7639368772506714,8206b6a5278c77cee4cd3b8b7768937f95738507ff39e027753a1e622eec28dc
2,additive,3,1000,800,200,10000,10000,0.5,961,41260907,41760907,1041760907,2041260907,3041260907,0.08981047231403344,1.2840709987578756,1.2834016811080198,0.004100959031680182,1.6488383298510478,-0.002909706905918312,0.0035206458282990797,1.6471198750708915,0.0,5.78875424039893e-07,6727,0.005,1,1,0.9500589370727539,1.0,-0.049941062927246094,0.049941062927246094,-0.9253554344177246,-1.0,0.07464456558227539,0.07464456558227539,0.25855716999583866,0.7524337506244388,0.7636393755149828,0.7540832757949829,dfc8967a89bed72c09f8bf16e0349374017cdd0eea61a5ca047e32e26703e1f0
2,additive,3,1000,800,200,10000,10000,0.5,962,41260907,41760907,1041760907,2041260907,3041260907,0.08913150234088044,1.2973679568253547,1.2945701976582293,0.004039856557573236,1.6831636153971954,-0.005645737644950775,0.006692420610549962,1.6759119966648672,2.220446049250313e-16,5.523616337654857e-07,6734,0.005,1,1,0.9504415392875671,1.0,-0.04955846071243286,0.04955846071243286,-0.9259163737297058,-1.0,0.07408362627029419,0.07408362627029419,0.2700991248946318,0.7571501473740888,0.7627913332033623,0.7584298849105835,5940b49cc88ed6041386caf79ebff94c86a3495359d064bf691b178a70d03ed3
2,additive,3,1000,800,200,10000,10000,0.5,963,41260907,41760907,1041760907,2041260907,3041260907,0.08821116500708893,1.3006995694448813,1.2909852148167142,0.0038613694608708358,1.6918193699540995,-0.01451895726980626,0.017124635472141377,1.6666428248753578,-2.220446049250313e-16,5.163730687485213e-07,6741,0.005,1,1,0.9502241015434265,1.0,-0.049775898456573486,0.049775898456573486,-0.9271743893623352,-1.0,0.0728256106376648,0.0728256106376648,0.32774644012553256,0.7579075335677189,0.7682006941081522,0.7613741755485535,da7b5249da6b8b7f26afad849ea87664355adbe8d634c86ade162b1f523908c9
2,additive,3,1000,800,200,10000,10000,0.5,964,41260907,41760907,1041760907,2041260907,3041260907,0.08906772233367116,1.2996374559876838,1.29279638428996,0.0038616326476756603,1.6890575170061388,-0.010798329210310232,0.0127570524706019,1.6713224912331939,-2.220446049250313e-16,5.224886177046528e-07,6748,0.005,1,1,0.9491694569587708,1.0,-0.05083054304122925,0.05083054304122925,-0.9268609881401062,-1.0,0.0731390118598938,0.0731390118598938,0.2876736191633517,0.7511380417116783,0.7672231211835642,0.753868579864502,15c2d7a32ad29e5c7d284597529f2109506b08697a2f3d4d7fb7f70b6f367da4
2,additive,3,1000,800,200,10000,10000,0.5,965,41260907,41760907,1041760907,2041260907,3041260907,0.08950292231334987,1.3228839452671899,1.3194238070070619,0.004249134759925479,1.7500219326456856,-0.006695942454301726,0.0076338743523876795,1.7408791824970082,6.661338147750939e-16,5.839118806250099e-07,6755,0.005,1,1,0.9515447616577148,1.0,-0.048455238342285156,0.048455238342285156,-0.9247480034828186,-1.0,0.0752519965171814,0.0752519965171814,0.2681037881558065,0.7591702851102524,0.7731833393776876,0.7604295015335083,cd756e3947b8e347f228b10b000cbcf9944e2834df949555a237c65f63ccd6a4
2,additive,3,1000,800,200,10000,10000,0.5,966,41260907,41760907,1041760907,2041260907,3041260907,0.0893800432396223,1.289246494022452,1.296278789725038,0.004304625914040381,1.662156522349184,0.00693877621389216,-0.008327558336566933,1.6803387006910093,4.440892098500626e-16,5.26890779894984e-07,6762,0.005,1,1,0.9521095156669617,1.0,-0.04789048433303833,0.04789048433303833,-0.9245328307151794,-1.0,0.07546716928482056,0.07546716928482056,0.2844483020732673,0.760083779401063,0.7650470574738317,0.7624747157096863,4d1fa2298b342a0b758488fc7796d130f7f448c76a0d60e3069ecb6fe0ff5bfc
2,additive,3,1000,800,200,10000,10000,0.5,967,41260907,41760907,1041760907,2041260907,3041260907,0.08770373472703989,1.316031622716858,1.3213107118155503,0.00408897757969111,1.7319392319907663,0.00491689379402917,-0.005664532139423874,1.7458619971585159,2.220446049250313e-16,5.801420659423684e-07,6769,0.005,1,1,0.9525866508483887,1.0,-0.04741334915161133,0.04741334915161133,-0.9262170791625977,-1.0,0.07378292083740234,0.07378292083740234,0.27561431426787875,0.7600565235560853,0.7723188817320419,0.7610520124435425,6e4ad44e8b8a8b0cda9444eae0b35f5374e7e9935472b9b7de5e56dbb65b4986
2,additive,3,1000,800,200,10000,10000,0.5,968,41260907,41760907,1041760907,2041260907,3041260907,0.08655327456149403,1.3695337873546252,1.369623810941142,0.003872026304273818,1.8756227947059037,-0.0018127187566202806,0.0019289425396192296,1.875869383496937,2.220446049250313e-16,5.461381569205059e-07,6776,0.005,1,1,0.9523589015007019,1.0,-0.047641098499298096,0.047641098499298096,-0.9277380108833313,-1.0,0.0722619891166687,0.0722619891166687,0.30646520355213613,0.7684185715066864,0.7899528040850144,0.7673508524894714,5153de25e1df1a5a76fd42920336ec5e14f80e3bea26e4cc948f0546506fe117
2,additive,3,1000,800,200,10000,10000,0.5,969,41260907,41760907,1041760907,2041260907,3041260907,0.08592218417816136,1.3012748442604143,1.3070634593323787,0.004446321023308527,1.6933162203049652,0.00532617269682545,-0.006274343516447745,1.7084148867219247,0.0,5.731324321800457e-07,6783,0.005,1,1,0.9575287699699402,1.0,-0.042471230030059814,0.042471230030059814,-0.9253085255622864,-1.0,0.07469147443771362,0.07469147443771362,0.31312155784840984,0.7680642141492648,0.7657120144141014,0.7728461027145386,526848ad929a22bd3107faa010920e43dd0bc12a7d9aacae7de801517950fb83
2,additive,3,1000,800,200,10000,10000,0.5,970,41260907,41760907,1041760907,2041260907,3041260907,0.08452213848372672,1.3017735922034095,1.3030645534146046,0.004406168787727986,1.6946144853581688,-0.000521711890147169,0.0006141324872939055,1.6979772303656027,2.220446049250313e-16,5.361111234947202e-07,6790,0.005,1,1,0.9590131640434265,1.0,-0.040986835956573486,0.040986835956573486,-0.9260806441307068,-1.0,0.07391935586929321,0.07391935586929321,0.2756058116616639,0.7449030318940152,0.7689008998838136,0.7460562586784363,8eccd745a652358629f13e96cc52d543bb8be17d232c4bbc560ed6c407958cf2
2,additive,3,1000,800,200,10000,10000,0.5,971,41260907,41760907,1041760907,2041260907,3041260907,0.08225503935143218,1.3270655264151927,1.3238023358082798,0.0042083594377296816,1.7611029113996326,-0.006429323272952567,0.007284067551330893,1.7524526242914573,0.0,5.756944041479528e-07,6797,0.005,1,1,0.9603900909423828,1.0,-0.03960990905761719,0.03960990905761719,-0.9279101490974426,-1.0,0.07208985090255737,0.07208985090255737,0.268615811612439,0.7618109609912989,0.7721343261837401,0.7616851329803467,18d916da8acd5de38caff4ac7ffcba9904ae8e5d58798f1e28202519a67a93f5
2,additive,3,1000,800,200,10000,10000,0.5,972,41260907,41760907,1041760907,2041260907,3041260907,0.08276548052490795,1.2953732632390644,1.2968895683767085,0.004553542467285975,1.6779918911146225,-0.00031144050879156635,0.0003702016035650844,1.6819225525643255,2.220446049250313e-16,5.827279068171265e-07,6804,0.005,1,1,0.9624154567718506,1.0,-0.037584543228149414,0.037584543228149414,-0.9262604117393494,-1.0,0.07373958826065063,0.07373958826065063,0.26058408928657756,0.7589912121781857,0.7660072323317758,0.7611489295959473,32c9bd49e18736cb5285453b22c798f1704049b29365f0c3721db1aadae8261f
2,additive,3,1000,800,200,10000,10000,0.5,973,41260907,41760907,1041760907,2041260907,3041260907,0.0831917829703441,1.294407323058545,1.2969925052151914,0.0047511886814622034,1.675490317987588,0.0009740259576641527,-0.0011593880448711024,1.6821895585843785,0.0,5.89726658617451e-07,6811,0.005,1,1,0.9633783102035522,1.0,-0.036621689796447754,0.036621689796447754,-0.9253024458885193,-1.0,0.07469755411148071,0.07469755411148071,0.2614621588759911,0.7492627376908232,0.7657122481026295,0.7494516372680664,4afea5e6bac282eeb71c5e73590a310e374219909ec79ea5ab268bd194b0fa19
2,additive,3,1000,800,200,10000,10000,0.5,974,41260907,41760907,1041760907,2041260907,3041260907,0.08336535819311437,1.311852622147858,1.3096845760538185,0.004347668980526299,1.7209573022362106,-0.005015641231733344,0.005814208288284433,1.71527368875327,-2.220446049250313e-16,5.741197313113844e-07,6818,0.005,1,1,0.9600481390953064,1.0,-0.039951860904693604,0.039951860904693604,-0.9268314838409424,-1.0,0.07316851615905762,0.07316851615905762,0.2655603317433016,0.7405368533285391,0.770249370874975,0.7407963871955872,0569bfb71e39cbb2eb2bd3127ccb17cbfbfacd75bf7fa33a036c261dcd123af2
2,additive,3,1000,800,200,10000,10000,0.5,975,41260907,41760907,1041760907,2041260907,3041260907,0.08279447689634471,1.3008989116984915,1.2999139135773083,0.003925582636786162,1.6923379784583195,-0.003243689191615977,0.003824510843729798,1.6897761827118738,2.220446049250313e-16,5.742967914557084e-07,6825,0.005,1,1,0.9574801921844482,1.0,-0.04251980781555176,0.04251980781555176,-0.9289578199386597,-1.0,0.07104218006134033,0.07104218006134033,0.2651190206644308,0.7432381344620184,0.7686728317206498,0.7446615695953369,daf9866aa7b5440ff522d2c5a8a6b877aefc2529d2636ecaf78b9d5561ac0f2b
2,additive,3,1000,800,200,10000,10000,0.5,976,41260907,41760907,1041760907,2041260907,3041260907,0.08335269066660764,1.2921830974542474,1.2937014612690207,0.0038832782223551902,1.669737157346453,2.1517660395791706e-05,-2.5713907333449313e-05,1.6736634708895997,-2.220446049250313e-16,5.749415024070004e-07,6832,0.005,1,1,0.9564435482025146,1.0,-0.04355645179748535,0.04355645179748535,-0.9289330840110779,-1.0,0.07106691598892212,0.07106691598892212,0.28115017657145225,0.755530444062112,0.7635959505901972,0.7593683004379272,b9863346906c5c42a13112b647e2874f45f0981a2ffc185930af1b3307277a95
2,additive,3,1000,800,200,10000,10000,0.5,977,41260907,41760907,1041760907,2041260907,3041260907,0.08262960365229523,1.3003045611727215,1.2986544998546972,0.003921446614887494,1.690791951806584,-0.004104944214308796,0.004844411117693783,1.6865035099928536,-2.220446049250313e-16,5.453714937431187e-07,6839,0.005,1,1,0.957655668258667,1.0,-0.04234433174133301,0.04234433174133301,-0.9290450215339661,-1.0,0.07095497846603394,0.07095497846603394,0.25658008214313893,0.7543347611428043,0.7673830174003455,0.7554478049278259,51c0c9af77189d7bc6ea65059c00ca265f4693dd75ce9fc2600e6b341bc3db2c
2,additive,3,1000,800,200,10000,10000,0.5,978,41260907,41760907,1041760907,2041260907,3041260907,0.0818586616204983,1.3205875318758038,1.3223360284882073,0.003957912960388342,1.7439514293458274,0.00033161496587480623,-0.00037944183699741414,1.7485725722379653,-2.220446049250313e-16,5.693490443547944e-07,6846,0.005,1,1,0.9589207172393799,1.0,-0.04107928276062012,0.04107928276062012,-0.9291951060295105,-1.0,0.0708048939704895,0.0708048939704895,0.2606648999648739,0.7502186620987975,0.7728119020869669,0.7505645751953125,12a04ca909336fdc960578b4e469ac975ab8be4ffcf882f314c9e68eef9ceb46
2,additive,3,1000,800,200,10000,10000,0.5,979,41260907,41760907,1041760907,2041260907,3041260907,0.08303099340607238,1.3198678411844214,1.3195394379462844,0.003708598598347919,1.7420511181928247,-0.002287694247788212,0.002620858100670524,1.741184328295596,0.0,5.826099283012809e-07,6853,0.005,1,1,0.9554619789123535,1.0,-0.044538021087646484,0.044538021087646484,-0.9299249649047852,-1.0,0.07007503509521484,0.07007503509521484,0.2574525888902782,0.7599568198555641,0.7711616320603298,0.7617238759994507,bd766bd259f6a4e14e519b22305fbc1ab3a7843784e7087d70995db0e0ff4399
2,additive,3,1000,800,200,10000,10000,0.5,980,41260907,41760907,1041760907,2041260907,3041260907,0.08229177997508656,1.2754673976012283,1.276150048868226,0.0034748421365252396,1.6268170823436499,-0.0008664886268997815,0.0010629858541145198,1.6285589472263757,2.220446049250313e-16,5.775457587731125e-07,6860,0.005,1,1,0.9544988870620728,1.0,-0.045501112937927246,0.045501112937927246,-0.9314318895339966,-1.0,0.06856811046600342,0.06856811046600342,0.28289786644507364,0.7648296959087963,0.7604108155177252,0.76759934425354,bb0d553c8a1d320ee9fb2f29f25954162f615c93bf0067c45044b0f6ea069cc3
2,additive,3,1000,800,200,10000,10000,0.5,981,41260907,41760907,1041760907,2041260907,3041260907,0.08124985182113059,1.3061933482444053,1.3075798768825186,0.003482183876759796,1.70614106299793,7.094377670638936e-05,-8.299346284168693e-05,1.7097651344281024,0.0,5.814444197227431e-07,6867,0.005,1,1,0.9558536410331726,1.0,-0.04414635896682739,0.04414635896682739,-0.931789755821228,-1.0,0.06821024417877197,0.06821024417877197,0.25438154135805496,0.7508709409180828,0.7660057031408932,0.7523290514945984,9418278582a0e1e8a177dab08b0f08fce76d6c46c68c7371f404b35465940b35
2,additive,3,1000,800,200,10000,10000,0.5,982,41260907,41760907,1041760907,2041260907,3041260907,0.080497651953603,1.3011874703204496,1.302978136268056,0.003486047830160899,1.6930888329189306,0.0005885714217428553,-0.0006938348886587104,1.6977520235925767,-4.440892098500626e-16,5.752153260374371e-07,6874,0.005,1,1,0.9568233489990234,1.0,-0.04317665100097656,0.04317665100097656,-0.9320614337921143,-1.0,0.06793856620788574,0.06793856620788574,0.2680064004283904,0.746605409746496,0.769830440017341,0.7504314184188843,1c33b3c47f8524449122071272bc69bdcb982a22d3cce96c69eacb8d3315c3e3
2,additive,3,1000,800,200,10000,10000,0.5,983,41260907,41760907,1041760907,2041260907,3041260907,0.081829235585177,1.3280765168286872,1.3300909011142124,0.003734782261699256,1.7637872345518182,0.0008098942066501074,-0.0009164176728165252,1.7691418052268175,-2.220446049250313e-16,5.749590759052126e-07,6881,0.005,1,1,0.957176685333252,1.0,-0.04282331466674805,0.04282331466674805,-0.9302706122398376,-1.0,0.06972938776016235,0.06972938776016235,0.27465367945724406,0.764168545843848,0.7747169481637902,0.7643873691558838,ba5ada2d8519f92be42a929758ab7cc2cf1d1399b45447e15e4d393d389b2e14
2,additive,3,1000,800,200,10000,10000,0.5,984,41260907,41760907,1041760907,2041260907,3041260907,0.08232487192901625,1.2768567104319903,1.2767246626120692,0.003906327223814344,1.6303630589752036,-0.0021217610385580654,0.002596586653921059,1.6300258641219019,0.0,5.764669772645448e-07,6888,0.005,1,1,0.9579209089279175,1.0,-0.04207909107208252,0.04207909107208252,-0.9292417168617249,-1.0,0.07075828313827515,0.07075828313827515,0.2649214610196075,0.743490422875769,0.7597412337457152,0.7478971481323242,4f9123e87894aa0946756cd6e92a166c194bbe0a5f4c4aa5930c6a5db5ab69a3
2,additive,3,1000,800,200,10000,10000,0.5,985,41260907,41760907,1041760907,2041260907,3041260907,0.08281111667932546,1.301142222952205,1.2987977602745615,0.003872840098335797,1.6929710843490056,-0.0049841511765619274,0.005874613574946506,1.6868756220942174,-2.220446049250313e-16,5.854876334865367e-07,6895,0.005,1,1,0.9570423364639282,1.0,-0.04295766353607178,0.04295766353607178,-0.9292022585868835,-1.0,0.07079774141311646,0.07079774141311646,0.25661566274519204,0.7503259579320535,0.7667089585333453,0.753156304359436,462d9edd18fe8119f5432228297a7905eda5e6c2b34a4d2ddf0a616f486fa90c
2,additive,3,1000,800,200,10000,10000,0.5,986,41260907,41760907,1041760907,2041260907,3041260907,0.0827811049748369,1.3048496094329143,1.2997628267502197,0.003734148229016412,1.7026325032372287,-0.008491622832261765,0.0099528701231533,1.6893834058017216,0.0,5.90400713207373e-07,6902,0.005,1,1,0.9559781551361084,1.0,-0.0440218448638916,0.0440218448638916,-0.9298944473266602,-1.0,0.07010555267333984,0.07010555267333984,0.26707472997302845,0.7522879608725522,0.7692625675871599,0.7531346082687378,655b628124ad51b9577708cabf7a7d66b76f6ecb87157544be87f4c8043d53f4
2,additive,3,1000,800,200,10000,10000,0.5,987,41260907,41760907,1041760907,2041260907,3041260907,0.08266154807186174,1.2877059171355012,1.2840157387032396,0.00391480938277963,1.6581865290257825,-0.006702460585468029,0.008065044447753755,1.6486964172376262,2.220446049250313e-16,5.389761827956363e-07,6909,0.005,1,1,0.9575628638267517,1.0,-0.04243713617324829,0.04243713617324829,-0.9290632605552673,-1.0,0.07093673944473267,0.07093673944473267,0.26279142260483956,0.7505046974077078,0.7645522694066922,0.7537126541137695,15f0b10467d4142de6fb558517f9f8eb9d035a03b1a164c2b554f2b94367b6f8
2,additive,3,1000,800,200,10000,10000,0.5,988,41260907,41760907,1041760907,2041260907,3041260907,0.08170671464368355,1.2994901060842061,1.3005133945285587,0.003927912656175833,1.6886745358107411,-0.0006336795593613427,0.0007487636094764026,1.6913350893481944,2.220446049250313e-16,5.763344965714623e-07,6916,0.005,1,1,0.9588750600814819,1.0,-0.041124939918518066,0.041124939918518066,-0.9293974041938782,-1.0,0.07060259580612183,0.07060259580612183,0.2597201725413871,0.7619003865224034,0.7673572207803253,0.7629779577255249,ee0c8f862d3556cc9ef720febe27f039512a37b9f07613bd7f1d1319261df2ee
2,additive,3,1000,800,200,10000,10000,0.5,989,41260907,41760907,1041760907,2041260907,3041260907,0.08255959151600357,1.306944254201202,1.3019976392757886,0.003806111496088971,1.7081032835895362,-0.008355771202949308,0.009761931591632364,1.6951978526797267,0.0,5.780121465903676e-07,6923,0.005,1,1,0.9568291902542114,1.0,-0.043170809745788574,0.043170809745788574,-0.9296269416809082,-1.0,0.0703730583190918,0.0703730583190918,0.2599090758320202,0.7577747356869424,0.7703464773324858,0.7628043293952942,2f7ef7a85680104cfccafb999e5b969ae2a2e120d424bad607e46667869225a1
2,additive,3,1000,800,200,10000,10000,0.5,990,41260907,41760907,1041760907,2041260907,3041260907,0.08197590968559429,1.2967076315801924,1.293337113819588,0.0037735805164068052,1.6814506817983121,-0.0062516861657683715,0.007419411535389889,1.672720889983182,-2.220446049250313e-16,5.297613903110232e-07,6930,0.005,1,1,0.9573033452033997,1.0,-0.04269665479660034,0.04269665479660034,-0.9300211071968079,-1.0,0.06997889280319214,0.06997889280319214,0.2669287332981269,0.7617541820615631,0.76822006291778,0.764034628868103,6f42ae708aa4a773707f5439e262f72ae30e1bc28ab88efd2ba5a6a47c7a86ed
2,additive,3,1000,800,200,10000,10000,0.5,991,41260907,41760907,1041760907,2041260907,3041260907,0.08196178680804544,1.3336153595773304,1.3277223182997167,0.003804194263972458,1.7785299273005724,-0.009743783526685272,0.010933733926534621,1.762846554511174,-2.220446049250313e-16,5.733247938621844e-07,6937,0.005,1,1,0.95756596326828,1.0,-0.04243403673171997,0.04243403673171997,-0.9298780560493469,-1.0,0.07012194395065308,0.07012194395065308,0.276293881617827,0.7642950492224309,0.7786175314184373,0.7671034336090088,808d896e7b1d69ef2fe0f038d264bdada0563dd00152692837a244717867b4f4
2,additive,3,1000,800,200,10000,10000,0.5,992,41260907,41760907,1041760907,2041260907,3041260907,0.08204512608697809,1.325617704964704,1.3269053950986651,0.004061690019470387,1.757262299715889,-0.0003230310967072267,0.00036680485656220743,1.7606779275419449,-2.220446049250313e-16,5.544864247752912e-07,6944,0.005,1,1,0.959505021572113,1.0,-0.04049497842788696,0.04049497842788696,-0.9286448359489441,-1.0,0.07135516405105591,0.07135516405105591,0.26910872594761065,0.7600454429217348,0.7747746724505034,0.7602468729019165,8c4fabee498604b6b282af40f34e24d71c53ea187c89315f63430d954493d382
2,additive,3,1000,800,200,10000,10000,0.5,993,41260907,41760907,1041760907,2041260907,3041260907,0.08149256358448666,1.2870420138552645,1.2921596062210658,0.003836057726790979,1.6564771454286147,0.004681622396987328,-0.005639444880748958,1.6696764479493802,-2.220446049250313e-16,5.681145189839754e-07,6951,0.005,1,1,0.9584129452705383,1.0,-0.04158705472946167,0.04158705472946167,-0.9299175143241882,-1.0,0.07008248567581177,0.07008248567581177,0.2762710670922512,0.7617218336138402,0.7655146739863474,0.7665206789970398,39235056541e6f4ab277f4355d58e8772410c3e4964594043e22ee92360732a3
2,additive,3,1000,800,200,10000,10000,0.5,994,41260907,41760907,1041760907,2041260907,3041260907,0.08152847871577178,1.3152010877693412,1.3158174419906694,0.0037806896879214883,1.7297539012696583,-0.0010795251553554453,0.0012454613377620933,1.731375540646869,0.0,5.721852911477754e-07,6958,0.005,1,1,0.9579237103462219,1.0,-0.042076289653778076,0.042076289653778076,-0.9301682114601135,-1.0,0.06983178853988647,0.06983178853988647,0.25726511295692384,0.756574949159002,0.7720178038558477,0.756827712059021,74045c46f0f27377c374f1db82db5de1b82c74b01bf1b80dacffb87e06254e44
2,additive,3,1000,800,200,10000,10000,0.5,995,41260907,41760907,1041760907,2041260907,3041260907,0.07856862442805353,1.3349058086106684,1.3238362230278906,0.003447559923180735,1.7819735178625022,-0.016439366192465946,0.018415113831695543,1.752542345400751,0.0,5.661538189372095e-07,6965,0.005,1,1,0.9589205384254456,1.0,-0.04107946157455444,0.04107946157455444,-0.9330260753631592,-1.0,0.06697392463684082,0.06697392463684082,0.3052365246709322,0.7692703912419246,0.7792825084827526,0.773867130279541,93a4765bc6fb7a7f088647caa4e2a64efaedfcd2e0ed6aa93dbc23edf3d25261
2,additive,3,1000,800,200,10000,10000,0.5,996,41260907,41760907,1041760907,2041260907,3041260907,0.07730688022031544,1.2805586834029619,1.2782903515523056,0.004101895685044512,1.6398305416387273,-0.004953107226027406,0.006025925535103841,1.6340262228717173,2.220446049250313e-16,5.296537644028376e-07,6972,0.005,1,1,0.9659616351127625,1.0,-0.03403836488723755,0.03403836488723755,-0.930590033531189,-1.0,0.06940996646881104,0.06940996646881104,0.2719236243520401,0.7465996301687017,0.7633001988730664,0.7507190108299255,c02ef54fd0f2a287cf36d43b85aa894eb37b12aee70ec2c3cdc40d4a3971c33f
2,additive,3,1000,800,200,10000,10000,0.5,997,41260907,41760907,1041760907,2041260907,3041260907,0.07651692427781892,1.32402615687433,1.3256782167990528,0.0044055316266708375,1.7530452640874075,-1.403060928097215e-05,1.5967000971166657e-05,1.7574227344955164,0.0,5.227577304367514e-07,6979,0.005,1,1,0.9695283770561218,1.0,-0.030471622943878174,0.030471622943878174,-0.9298122525215149,-1.0,0.07018774747848511,0.07018774747848511,0.25866850816655806,0.7588031741099914,0.7728678376316064,0.7608577013015747,8795d3c26302949654fdc3d270cfc114e89732f1166389850f5b31cc8b2e4bce
2,additive,3,1000,800,200,10000,10000,0.5,998,41260907,41760907,1041760907,2041260907,3041260907,0.0752697916437445,1.2844870600991267,1.2869273758636135,0.004415328824140551,1.6499070075620976,0.0009298671804839582,-0.0011241668688524073,1.6561820707472064,2.220446049250313e-16,5.323683751612407e-07,6986,0.005,1,1,0.971310555934906,1.0,-0.028689444065093994,0.028689444065093994,-0.930412232875824,-1.0,0.06958776712417603,0.06958776712417603,0.25651027243200775,0.7488606191255515,0.7637888117973525,0.750801682472229,0973e89cfcc5fd17465af9b70e6acbb997113e495973af3e946c5ae5f7bd9186
2,additive,3,1000,800,200,10000,10000,0.5,999,41260907,41760907,1041760907,2041260907,3041260907,0.07549494978494664,1.341980637063091,1.3395837238849078,0.004193699980089437,1.8009120302522592,-0.005310588467496066,0.005883963890372782,1.7944845532973566,2.220446049250313e-16,5.473038751091508e-07,6993,0.005,1,1,0.9691360592842102,1.0,-0.030863940715789795,0.030863940715789795,-0.9311022162437439,-1.0,0.0688977837562561,0.0688977837562561,0.2659411563790242,0.7661172996942285,0.7774571404098981,0.7667520642280579,073c8f9f33b67a0375eb7a45f241c8587d38343427c110bf1a22764e1a2eb100
2,additive,3,1000,800,200,10000,10000,0.5,1000,41260907,41760907,1041760907,2041260907,3041260907,0.07579218108378102,1.2920632436141228,1.28730646384877,0.004119298614093988,1.6694274254986479,-0.008194396122958768,0.009792850124699281,1.6571579318668241,0.0,5.667483105042947e-07,7000,0.005,1,1,0.968112587928772,1.0,-0.03188741207122803,0.03188741207122803,-0.9312421083450317,-1.0,0.06875789165496826,0.06875789165496826,0.26265148203065697,0.7545397166603265,0.7657014334346127,0.758837103843689,dd15fcb0fcb5c9430824d1861d402e6f75a94147790a32b397334e6433377964
