case,case_name,replicate,n,n_train,n_validation,n_test,n_eval,tau,epoch,data_seed,init_seed,training_seed,test_seed,eval_seed,theta_error_l2,m_l2_error,q_l2_error,linear_error_mse,nonlinear_error_mse,cross_error_moment,cancellation_fraction,q_mse,decomposition_residual,max_float32_prediction_gap,optimizer_steps,learning_rate,model_instance,fit_calls,theta_hat_1,theta_true_1,theta_error_1,abs_theta_error_1,theta_hat_2,theta_true_2,theta_error_2,abs_theta_error_2,train_check_loss,validation_check_loss,test_check_loss,stopping_validation_check_loss,state_sha256
2,additive,5,1000,800,200,10000,10000,0.5,1,41260909,41760909,1041760909,2041260909,3041260909,1.625125840648079,5.199306756787192,5.367726961177586,0.488832325526126,27.03279075117295,0.6454348265268381,-0.0469038344670369,28.812492729752755,3.552713678800501e-15,1.0679275730396398e-07,7,0.005,1,1,-0.4962444007396698,1.0,-1.4962444007396698,1.4962444007396698,-0.36573925614356995,-1.0,0.63426074385643,0.63426074385643,2.5774645025729166,2.341526394244717,2.5334147962811038,2.3522531986236572,40685da83a57bc6a6318c44cd67924ee002f1d1eff128b5e8093c8c33bca5d1c
2,additive,5,1000,800,200,10000,10000,0.5,2,41260909,41760909,1041760909,2041260909,3041260909,1.6073597055758477,4.436434168690108,4.5597989601139375,0.4617770722571797,19.681948133121093,0.3240206756389397,-0.03217087925250567,20.79176655665615,-3.552713678800501e-15,1.0748937295801397e-07,14,0.005,1,1,-0.4615248441696167,1.0,-1.4615248441696167,1.4615248441696167,-0.3310079574584961,-1.0,0.6689920425415039,0.6689920425415039,2.169703010129673,1.9261632883170565,2.1261909263634027,1.9348877668380737,2d7d601bfd4af84da7ba30ab386dd06e375fe5c0ab0bc73f465c4d455cd85da9
2,additive,5,1000,800,200,10000,10000,0.5,3,41260909,41760909,1041760909,2041260909,3041260909,1.59084578348925,2.711337668528789,2.8162234701402706,0.4422511512644494,7.351351952783129,0.06875576486066397,-0.017644153530208876,7.931114633768908,8.881784197001252e-16,3.270900146290501e-07,21,0.005,1,1,-0.4270446300506592,1.0,-1.4270446300506592,1.4270446300506592,-0.2969111502170563,-1.0,0.7030888497829437,0.7030888497829437,1.3391765790097678,1.144922073824308,1.2955859794367917,1.154098629951477,ea7dd0fef22e23f13cc9b6cbffeda3771f77d37143acf28ac31abcca59e3e74f
2,additive,5,1000,800,200,10000,10000,0.5,4,41260909,41760909,1041760909,2041260909,3041260909,1.575961671038215,2.4849907236379094,2.5748918194874375,0.4303196861778932,6.17517889656646,0.01228464965948737,-0.0037195223057283674,6.630067882063327,-8.881784197001252e-16,5.233044326757863e-07,28,0.005,1,1,-0.39596492052078247,1.0,-1.3959649205207825,1.3959649205207825,-0.268606036901474,-1.0,0.731393963098526,0.731393963098526,1.2024921621873887,1.3105136708823568,1.2222628185972353,1.327604055404663,16c2f0947de68ac41b6b70b6f3f35463f59e9cb100673aa9a3a52a1e093089e6
2,additive,5,1000,800,200,10000,10000,0.5,5,41260909,41760909,1041760909,2041260909,3041260909,1.5662851719514395,1.7072320768731037,1.8028570058659201,0.4248499590918176,2.914641364304451,-0.04459896989821927,0.02671003789455098,3.25029338359983,0.0,5.269820633202471e-07,35,0.005,1,1,-0.3807487189769745,1.0,-1.3807487189769745,1.3807487189769745,-0.2605527639389038,-1.0,0.7394472360610962,0.7394472360610962,0.9395137257310259,0.9335197507749079,0.9359604253723776,0.9353548288345337,0cf64fa7c39c0bbaa87f59c070a3b1b5879d08cf43d534071fb2bbd438b2bf15
2,additive,5,1000,800,200,10000,10000,0.5,6,41260909,41760909,1041760909,2041260909,3041260909,1.5565869696141141,1.6875239331429455,1.7628427641258022,0.4198027912403601,2.8477370249302365,-0.07996260256994911,0.048943613280074134,3.1076146110306984,0.0,2.947654405005551e-07,42,0.005,1,1,-0.36775320768356323,1.0,-1.3677532076835632,1.3677532076835632,-0.25688886642456055,-1.0,0.7431111335754395,0.7431111335754395,0.933832476502569,0.8659159658068941,0.9223401420092754,0.8664694428443909,67f2ebaa5d54f8d98f0ff45af262f9e59eb023bbcca1de55eac0d97f13829ce1
2,additive,5,1000,800,200,10000,10000,0.5,7,41260909,41760909,1041760909,2041260909,3041260909,1.5454379875645348,1.3069432621685115,1.4206655793257508,0.41466210855065255,1.7081006905276708,-0.05223605539867594,0.049215159999370796,2.0182906882809712,0.0,5.292308031812354e-07,49,0.005,1,1,-0.3507927358150482,1.0,-1.3507927358150482,1.3507927358150482,-0.24917541444301605,-1.0,0.750824585556984,0.750824585556984,0.8125277657529406,0.8239824420108455,0.8174690507583,0.8234392404556274,80fea058e9d2aa466adec8ebfa7cc69a0de2f8021ef0f42ed5be93698e32deb4
2,additive,5,1000,800,200,10000,10000,0.5,8,41260909,41760909,1041760909,2041260909,3041260909,1.5338220816916899,1.1334208983632803,1.297262767567349,0.40926072557344284,1.2846429328466256,-0.00550648515178546,0.006501532863942745,1.6828906881164973,-2.220446049250313e-16,5.28518892650709e-07,56,0.005,1,1,-0.33635345101356506,1.0,-1.336353451013565,1.336353451013565,-0.2471589595079422,-1.0,0.7528410404920578,0.7528410404920578,0.7665427987004282,0.8145062789497609,0.7835647008106364,0.8159621953964233,301105e36aba36454099ecf13c0c4fc1dea72915ab136a38997b68f1c5306f2a
2,additive,5,1000,800,200,10000,10000,0.5,9,41260909,41760909,1041760909,2041260909,3041260909,1.5212706485095469,0.985898016394247,1.1479823648184466,0.4028491779644236,0.971994898730111,-0.0284902833801908,0.04144511201399433,1.3178635099341531,0.0,5.10871201342411e-07,63,0.005,1,1,-0.32423895597457886,1.0,-1.3242389559745789,1.3242389559745789,-0.2512306272983551,-1.0,0.7487693727016449,0.7487693727016449,0.7286998436429155,0.7453533003537554,0.7399956125106443,0.7519087791442871,a741f3be40a09ce8d06bbb06efe60e6d86712462dbd38ec58d2be3364f975683
2,additive,5,1000,800,200,10000,10000,0.5,10,41260909,41760909,1041760909,2041260909,3041260909,1.506992997716107,0.9131171565589825,1.0813235061793696,0.39583755895899675,0.8337829416023614,-0.0301799877726565,0.04908829636278582,1.169260525016045,-2.220446049250313e-16,5.272966419056502e-07,70,0.005,1,1,-0.3096426725387573,1.0,-1.3096426725387573,1.3096426725387573,-0.2544371485710144,-1.0,0.7455628514289856,0.7455628514289856,0.7045740537120789,0.7303530965094054,0.7222316271998019,0.7361552119255066,3e9838c6ce0372c8dd156f62c60cd69e1994249b178699a7dee555025eb3c17f
2,additive,5,1000,800,200,10000,10000,0.5,11,41260909,41760909,1041760909,2041260909,3041260909,1.4926254504320189,0.851801288277263,1.035408217965376,0.3884310807808865,0.7255654347108048,-0.02096316883072784,0.03763596840601463,1.0720701778302357,0.0,5.114028063246678e-07,77,0.005,1,1,-0.2967357039451599,1.0,-1.29673570394516,1.29673570394516,-0.2608063519001007,-1.0,0.7391936480998993,0.7391936480998993,0.6897386402686521,0.7103054184295874,0.7105525088294815,0.7181929349899292,c57d5504a9c644be8069987d5d4e3f6c54d577849bd3c8214d2843e6d35bb78d
2,additive,5,1000,800,200,10000,10000,0.5,12,41260909,41760909,1041760909,2041260909,3041260909,1.477222632753491,0.8162318382336652,1.0034894162846948,0.38049995318358376,0.6662344137463081,-0.019871679167247174,0.037968905569674756,1.0069910085953975,0.0,5.267147713539089e-07,84,0.005,1,1,-0.2831783890724182,1.0,-1.2831783890724182,1.2831783890724182,-0.2681257426738739,-1.0,0.7318742573261261,0.7318742573261261,0.6808938486676342,0.6985169689228221,0.7029796548740729,0.7073384523391724,8e0a2770b34f13b6278c1d2de52b145fbc53d13620cdf1d902c5eb1c4e6c5afd
2,additive,5,1000,800,200,10000,10000,0.5,13,41260909,41760909,1041760909,2041260909,3041260909,1.4613943462638368,0.78823298657632,0.9713416847287347,0.3725261165910494,0.6213112411270251,-0.02516634461320897,0.05064479498132933,0.9435046684916566,1.1102230246251565e-16,5.323385767752598e-07,91,0.005,1,1,-0.26888859272003174,1.0,-1.2688885927200317,1.2688885927200317,-0.275020569562912,-1.0,0.724979430437088,0.724979430437088,0.6693423185775913,0.6874502953620438,0.6943021083138222,0.6942775249481201,028bc0f5fd3c178d94fc34fe8050320dcf8843c5f31636224287648ed9f138a8
2,additive,5,1000,800,200,10000,10000,0.5,14,41260909,41760909,1041760909,2041260909,3041260909,1.4442230052660952,0.7601774940759907,0.9475402640939248,0.3639589095716374,0.5778698224996529,-0.02199808999605274,0.046713567439536606,0.8978325520791848,-1.1102230246251565e-16,5.238502289728331e-07,98,0.005,1,1,-0.2534484267234802,1.0,-1.2534484267234802,1.2534484267234802,-0.2826108932495117,-1.0,0.7173891067504883,0.7173891067504883,0.660931030609718,0.6813134588430754,0.6879136360543967,0.6875203847885132,d8eae93891b5c310b06099a7e857b6ae02f398763d96ccdcb88aa6331cb63b80
2,additive,5,1000,800,200,10000,10000,0.5,15,41260909,41760909,1041760909,2041260909,3041260909,1.4271795576500306,0.7559947315532306,0.932344625080108,0.35549022489189147,0.5715280341362412,-0.028875879556182735,0.06229840518234372,0.8692664999157671,0.0,5.204287845117506e-07,105,0.005,1,1,-0.23838084936141968,1.0,-1.2383808493614197,1.2383808493614197,-0.29059576988220215,-1.0,0.7094042301177979,0.7094042301177979,0.655332523898334,0.6773314922731295,0.6838167174232125,0.6830857992172241,c9fe6e957dff993a5161fa98154b97f5a13f060f5819174df35475f6df648685
2,additive,5,1000,800,200,10000,10000,0.5,16,41260909,41760909,1041760909,2041260909,3041260909,1.408525736426304,0.7183661320796824,0.928809442603287,0.34653764414013877,0.5160498997191236,4.9718404883112654e-05,-0.00011527735413537245,0.8626869806690287,1.1102230246251565e-16,5.231597146604372e-07,112,0.005,1,1,-0.2211262583732605,1.0,-1.2211262583732605,1.2211262583732605,-0.2980061173439026,-1.0,0.7019938826560974,0.7019938826560974,0.652654876740202,0.6834301648471854,0.6836289692122113,0.6905521750450134,70e7541d3c78c9af31de098aa4e14ad87df01c909ab3524164011ecc81e04ca6
2,additive,5,1000,800,200,10000,10000,0.5,17,41260909,41760909,1041760909,2041260909,3041260909,1.388931328330492,0.7372339972090453,0.9012875699411822,0.33709840911368755,0.5435139666408266,-0.03414654601201642,0.07755181951141546,0.8123192837304815,2.220446049250313e-16,5.270408518498471e-07,119,0.005,1,1,-0.2036319077014923,1.0,-1.2036319077014923,1.2036319077014923,-0.30689072608947754,-1.0,0.6931092739105225,0.6931092739105225,0.6471727000648997,0.6649569254105013,0.67581511860664,0.6703739762306213,6f9b41ff283969415f8a12065e96ad995ca573f1e5903f431a678446cfc52d4a
2,additive,5,1000,800,200,10000,10000,0.5,18,41260909,41760909,1041760909,2041260909,3041260909,1.3687017760212243,0.6961980648581676,0.8886652358150172,0.327782610461,0.4846917455122574,-0.011374227313548582,0.027998981703055658,0.7897259013461602,-1.1102230246251565e-16,5.081064617940001e-07,126,0.005,1,1,-0.1845276802778244,1.0,-1.1845276802778244,1.1845276802778244,-0.31426045298576355,-1.0,0.6857395470142365,0.6857395470142365,0.6389557177254147,0.671805898230515,0.6733374992633105,0.6769653558731079,6110eab507df4ef219fab5769bad7112e522b93ac33eb7817fa149d5b7e54e7c
2,additive,5,1000,800,200,10000,10000,0.5,19,41260909,41760909,1041760909,2041260909,3041260909,1.3478850471072776,0.6711766754747415,0.8505699594421864,0.3178862457352129,0.45047812970132645,-0.022447559765528365,0.05842946519423154,0.7234692559054825,-1.1102230246251565e-16,5.208902607023447e-07,133,0.005,1,1,-0.16651789844036102,1.0,-1.166517898440361,1.166517898440361,-0.3246999979019165,-1.0,0.6753000020980835,0.6753000020980835,0.6306077392366692,0.6527714594865176,0.6638505131473652,0.658063530921936,b693e17d52e8a3917f383696b1ddb929ec03666cfeff5b2ba51bd620b654cca9
2,additive,5,1000,800,200,10000,10000,0.5,20,41260909,41760909,1041760909,2041260909,3041260909,1.325709897892789,0.6577356964190224,0.8534229193823694,0.30812277717928754,0.4326162463438164,-0.006204172097988997,0.01675130349817593,0.728330679327126,1.1102230246251565e-16,5.333140116192681e-07,140,0.005,1,1,-0.1451968401670456,1.0,-1.1451968401670456,1.1451968401670456,-0.33214452862739563,-1.0,0.6678554713726044,0.6678554713726044,0.6261706118465628,0.6614761615456782,0.6651443647723995,0.6666289567947388,976f28e735a40a4cabab4c7a44e3c8333f86b946bac758362e76e436af504ac5
2,additive,5,1000,800,200,10000,10000,0.5,21,41260909,41760909,1041760909,2041260909,3041260909,1.3046825138214913,0.6446862026392184,0.8222330018208185,0.2983181470786121,0.4156202998733753,-0.01893566883435665,0.05304566217213423,0.6760671092832741,0.0,5.089435131111486e-07,147,0.005,1,1,-0.127402201294899,1.0,-1.127402201294899,1.127402201294899,-0.3433716893196106,-1.0,0.6566283106803894,0.6566283106803894,0.6182324455138726,0.6463549176590297,0.6573284613276037,0.6506000757217407,9f028d4abda73c27a2a6d2f5604c731b1a5a079a8eecb675ce04314735f2fca4
2,additive,5,1000,800,200,10000,10000,0.5,22,41260909,41760909,1041760909,2041260909,3041260909,1.281105510524068,0.6282324273210101,0.8183219102957192,0.2879416458869343,0.3946759827376483,-0.0064834398772737984,0.018995817293313642,0.6696507488700351,0.0,5.322055205425613e-07,154,0.005,1,1,-0.10596732795238495,1.0,-1.105967327952385,1.105967327952385,-0.3534185290336609,-1.0,0.6465814709663391,0.6465814709663391,0.6125329774608146,0.6496175492025791,0.6562506785633977,0.6530371904373169,d61a21748b945cef6b973121128691a8c38d454e5207733597e4af0a59bdfa2c
2,additive,5,1000,800,200,10000,10000,0.5,23,41260909,41760909,1041760909,2041260909,3041260909,1.2573495802719725,0.620035023338693,0.7939270332601759,0.277260043903813,0.38444343016661353,-0.01569166996456098,0.04742810210148869,0.6303201341413045,0.0,5.323765162046357e-07,161,0.005,1,1,-0.08581200987100601,1.0,-1.085812009871006,1.085812009871006,-0.36601242423057556,-1.0,0.6339875757694244,0.6339875757694244,0.6060432485742041,0.6388289899357847,0.6505464177905136,0.6436172723770142,098185d1ebeeb50df1ee4b867a5f476d856ed293c9f170fa3e64c4bff53098cf
2,additive,5,1000,800,200,10000,10000,0.5,24,41260909,41760909,1041760909,2041260909,3041260909,1.234975902156702,0.6336704756808375,0.7883329908822003,0.2674520858990552,0.4015382717495788,-0.023760726567679295,0.07103458606247615,0.6214689045132754,0.0,5.040327160088509e-07,168,0.005,1,1,-0.06659197807312012,1.0,-1.0665919780731201,1.0665919780731201,-0.37746724486351013,-1.0,0.6225327551364899,0.6225327551364899,0.6053973470262543,0.632238944204105,0.6491710720670759,0.6373834013938904,d06ca9dda04a28b57fa5729b38e682a70fffba3368bdced99546ecaeaa1a3e7c
2,additive,5,1000,800,200,10000,10000,0.5,25,41260909,41760909,1041760909,2041260909,3041260909,1.2122951703480311,0.6006611645938802,0.7787102551428542,0.25802580397474256,0.3607938346512764,-0.0062149885806849344,0.0200865912868707,0.6063896614646491,0.0,5.173056010221444e-07,175,0.005,1,1,-0.045911189168691635,1.0,-1.0459111891686916,1.0459111891686916,-0.38703233003616333,-1.0,0.6129676699638367,0.6129676699638367,0.5974588534561189,0.633011225652335,0.6466516179999496,0.6377665996551514,7c3b8cc38e0964b839fb29aca670c4559670a4b6ae1f61d9194a710792b45d96
2,additive,5,1000,800,200,10000,10000,0.5,26,41260909,41760909,1041760909,2041260909,3041260909,1.1901361263470707,0.5891018933391571,0.7536979223008015,0.24857761102911108,0.3470410407357796,-0.013779046842172874,0.04626801662890804,0.568060558080545,0.0,5.149431316908704e-07,182,0.005,1,1,-0.027156729251146317,1.0,-1.0271567292511463,1.0271567292511463,-0.39885687828063965,-1.0,0.6011431217193604,0.6011431217193604,0.5918664669893178,0.618157380539768,0.6416043240938505,0.6224483251571655,2040223bf6c1ca5f5d7743883d79838498d372a5fe94dcf6fff90f7ff06a2101
2,additive,5,1000,800,200,10000,10000,0.5,27,41260909,41760909,1041760909,2041260909,3041260909,1.1670348976684755,0.5956201802923411,0.7431021321314745,0.2386842852849012,0.35476339917148086,-0.020623452839019313,0.06950386151699652,0.5522007787783434,0.0,5.362897326222082e-07,189,0.005,1,1,-0.008487562648952007,1.0,-1.008487562648952,1.008487562648952,-0.41269829869270325,-1.0,0.5873017013072968,0.5873017013072968,0.5910733361168091,0.612343827746508,0.6394923090451342,0.6168354749679565,aeb59d4da2322461b40195623f5ea4d141058dff90d495edd966b1445d9e10bc
2,additive,5,1000,800,200,10000,10000,0.5,28,41260909,41760909,1041760909,2041260909,3041260909,1.1423699558867872,0.5707501133490904,0.7315653106475362,0.22877014202664891,0.3257556918879995,-0.009669015085911168,0.03487309154797432,0.5351878037428262,1.1102230246251565e-16,5.213078839716445e-07,196,0.005,1,1,0.013094724155962467,1.0,-0.9869052758440375,0.9869052758440375,-0.4246504604816437,-1.0,0.5753495395183563,0.5753495395183563,0.5835654482858988,0.6151937664935581,0.6371370328272049,0.6203851699829102,105af778b1e0dce1af011ec80c9cace5bb0a5b860694d9090ef2971adbeff82d
2,additive,5,1000,800,200,10000,10000,0.5,29,41260909,41760909,1041760909,2041260909,3041260909,1.1180378635822588,0.6057199806167033,0.7536474421622064,0.21938675307613112,0.36689669491829946,-0.009149490458397228,0.031211832739593715,0.5679844670776362,1.1102230246251565e-16,5.58436603625978e-07,203,0.005,1,1,0.035123616456985474,1.0,-0.9648763835430145,0.9648763835430145,-0.4351794719696045,-1.0,0.5648205280303955,0.5648205280303955,0.5868454689466467,0.6257514806729684,0.6419093788679,0.6301329731941223,e1f73885cc13505979b893d41b3f3f25d95864531dc508dff16669f26d971aa2
2,additive,5,1000,800,200,10000,10000,0.5,30,41260909,41760909,1041760909,2041260909,3041260909,1.0948459436257374,0.6290736513829474,0.750946847772303,0.21022493364361586,0.39573365886427403,-0.021018712164365717,0.06937342724153893,0.5639211681791585,1.1102230246251565e-16,5.132643021710237e-07,210,0.005,1,1,0.054527398198843,1.0,-0.945472601801157,0.945472601801157,-0.4479409456253052,-1.0,0.5520590543746948,0.5520590543746948,0.5949369205382806,0.610163451757294,0.6408367203750218,0.6152254939079285,ec009416f534265cbd479f03ed45932dec059b2b645cb6138ebb56424a7eedd2
2,additive,5,1000,800,200,10000,10000,0.5,31,41260909,41760909,1041760909,2041260909,3041260909,1.0722650542783918,0.621051235371663,0.76826426470969,0.20228283526719432,0.3857046369566687,0.001121254103028863,-0.0038138707234291916,0.5902299804299207,0.0,5.276149082078518e-07,217,0.005,1,1,0.07650887966156006,1.0,-0.9234911203384399,0.9234911203384399,-0.45509955286979675,-1.0,0.5449004471302032,0.5449004471302032,0.5858799351252795,0.6300084953653383,0.644655863022853,0.6347692608833313,abde31b6642dd196008f8aee7a5f8a149fbeb18a8275fb60a4e53dc4b100e87a
2,additive,5,1000,800,200,10000,10000,0.5,32,41260909,41760909,1041760909,2041260909,3041260909,1.0509867160796904,0.557481960078893,0.6964587909047311,0.1938246544033204,0.3107861358134044,-0.009777971394122429,0.0387545077659671,0.48505484742847993,-5.551115123125783e-17,5.021243367764328e-07,224,0.005,1,1,0.0928385928273201,1.0,-0.9071614071726799,0.9071614071726799,-0.46931058168411255,-1.0,0.5306894183158875,0.5306894183158875,0.575003737893859,0.6012584504665032,0.6289436276892357,0.6074754595756531,95e6384a678c90fe7be92436be6cb7331877c0898752b42436da3b17af20ad44
2,additive,5,1000,800,200,10000,10000,0.5,33,41260909,41760909,1041760909,2041260909,3041260909,1.026839683714913,0.5604190606360034,0.7016391904158594,0.18543301207639135,0.3140695235241405,-0.0036024910365545777,0.014424315312928081,0.49229755352742266,-5.551115123125783e-17,5.374261835555671e-07,231,0.005,1,1,0.11534570902585983,1.0,-0.8846542909741402,0.8846542909741402,-0.4786685109138489,-1.0,0.5213314890861511,0.5213314890861511,0.5715780068200003,0.608406790418394,0.630600248416317,0.6156371235847473,ca8b5d792013cb3803f1b5bd622b4dc009f07667fdf4af1f16ba1a8a39f55add
2,additive,5,1000,800,200,10000,10000,0.5,34,41260909,41760909,1041760909,2041260909,3041260909,1.0033747073769048,0.5432038058774111,0.6762325191227204,0.17704723129135547,0.29507037471970415,-0.007413593045999532,0.031405704644812016,0.4572904199190605,-5.551115123125783e-17,5.229915540638785e-07,238,0.005,1,1,0.1355307549238205,1.0,-0.8644692450761795,0.8644692450761795,-0.4906339943408966,-1.0,0.5093660056591034,0.5093660056591034,0.5659042196230353,0.6013639895743563,0.6251495971170433,0.6077492833137512,3f78bcfda6bf576ce8455a49168dad0f00503acce0393ed92cb0d09fd0bab0f8
2,additive,5,1000,800,200,10000,10000,0.5,35,41260909,41760909,1041760909,2041260909,3041260909,0.9806719129689273,0.5563312946641112,0.6761130003844894,0.16934036509159664,0.3095045094226462,-0.010858042612663108,0.04535098187561427,0.4571287892889166,-5.551115123125783e-17,5.469426014315104e-07,245,0.005,1,1,0.1559496372938156,1.0,-0.8440503627061844,0.8440503627061844,-0.5007041096687317,-1.0,0.4992958903312683,0.4992958903312683,0.5646081905508413,0.6079548992354684,0.6249532502021985,0.6132441759109497,b8125ab4cd40fe4f0aada5be199d544a3903391ce3b925baf4e2609c0e7a358b
2,additive,5,1000,800,200,10000,10000,0.5,36,41260909,41760909,1041760909,2041260909,3041260909,0.9600367734813581,0.593041743871874,0.7293100580643723,0.16273440747339477,0.35169850997459345,0.00873012167293498,-0.03394075836454474,0.5318931607938582,0.0,5.381493330958165e-07,252,0.005,1,1,0.17543697357177734,1.0,-0.8245630264282227,0.8245630264282227,-0.5083025097846985,-1.0,0.4916974902153015,0.4916974902153015,0.5720124354174786,0.6273500719815668,0.6366580058825201,0.6321450471878052,f75c9be9d280e5db1efb11947c477b76b29fcacb4ffe75de983564effc6b923f
2,additive,5,1000,800,200,10000,10000,0.5,37,41260909,41760909,1041760909,2041260909,3041260909,0.9402173795712312,0.5532967737187764,0.6539144282600324,0.15562879896288637,0.30613731980760683,-0.01708101964192399,0.07398125998245267,0.42760407948664514,-1.1102230246251565e-16,5.654858856729561e-07,259,0.005,1,1,0.19065091013908386,1.0,-0.8093490898609161,0.8093490898609161,-0.5214994549751282,-1.0,0.4785005450248718,0.4785005450248718,0.5641365764296874,0.6003241160114159,0.6207302779945791,0.6061888933181763,bd32d041f84bec67797a6b022014d66ab6020b17159ce1834ecb085f06acb57b
2,additive,5,1000,800,200,10000,10000,0.5,38,41260909,41760909,1041760909,2041260909,3041260909,0.9186001144733502,0.5213076817222648,0.6430759417620131,0.1486322249801241,0.27176169902264213,-0.003423628564833046,0.016287716683605152,0.4135466668731001,0.0,5.223801071707612e-07,266,0.005,1,1,0.20958419144153595,1.0,-0.790415808558464,0.790415808558464,-0.531951904296875,-1.0,0.468048095703125,0.468048095703125,0.5570479020174439,0.5998922361760229,0.6189067020371616,0.6062413454055786,fcc3adf021aeec60f04e567c841e630c1e6ace42c3f717a7d397477a1cbc7345
2,additive,5,1000,800,200,10000,10000,0.5,39,41260909,41760909,1041760909,2041260909,3041260909,0.8976736149037976,0.5538484846360349,0.679427482963946,0.14197470955300914,0.30674814393363214,0.006449425560040906,-0.02874569685910998,0.461621704606723,-1.1102230246251565e-16,5.537972711522343e-07,273,0.005,1,1,0.22774875164031982,1.0,-0.7722512483596802,0.7722512483596802,-0.5423473715782166,-1.0,0.45765262842178345,0.45765262842178345,0.5606077271635662,0.6128155934982823,0.6260952246165903,0.6195901036262512,beec6bcbd2572ef3a249dc4af76d5f63025d105473633c937e537d851526f17a
2,additive,5,1000,800,200,10000,10000,0.5,40,41260909,41760909,1041760909,2041260909,3041260909,0.8764269463361415,0.5429621864079437,0.646889178160012,0.13523318145075888,0.2948079358688946,-0.00578775424955889,0.026917213338262257,0.41846560882053574,5.551115123125783e-17,5.484919753939721e-07,280,0.005,1,1,0.24558773636817932,1.0,-0.7544122636318207,0.7544122636318207,-0.5539211630821228,-1.0,0.4460788369178772,0.4460788369178772,0.5536276123453683,0.607471156860475,0.6197323636706463,0.6140211820602417,a3a6d4423e432dd588f8752b794678b39b27a089cde5c1ee173d29f9133d2518
2,additive,5,1000,800,200,10000,10000,0.5,41,41260909,41760909,1041760909,2041260909,3041260909,0.8551668589317677,0.5265277307310634,0.6294301056355635,0.1284592776767794,0.27723145122880316,-0.004754235512592963,0.023437733099882736,0.3961822578803965,-1.1102230246251565e-16,5.635390003533303e-07,287,0.005,1,1,0.26251694560050964,1.0,-0.7374830543994904,0.7374830543994904,-0.5670691728591919,-1.0,0.4329308271408081,0.4329308271408081,0.5517041958054425,0.6025559694270706,0.6158202845483843,0.6076610088348389,85f5d7304a578c07c331ae0566310851088caf96a5802f705106e256a45ba21f
2,additive,5,1000,800,200,10000,10000,0.5,42,41260909,41760909,1041760909,2041260909,3041260909,0.8357410180072575,0.590502758377815,0.7064677519924886,0.12309616531490673,0.34869350765180807,0.013653505819302782,-0.05787962985050776,0.49909668460532036,0.0,5.535687055413518e-07,294,0.005,1,1,0.28119099140167236,1.0,-0.7188090085983276,0.7188090085983276,-0.5736472606658936,-1.0,0.42635273933410645,0.42635273933410645,0.5616175330091475,0.621702340227172,0.6315162659772955,0.6258983612060547,c28cd054a5bfa086fc364fa348897b4e1f8fe9efef6039ebd675656abce9f9d4
2,additive,5,1000,800,200,10000,10000,0.5,43,41260909,41760909,1041760909,2041260909,3041260909,0.8177209384978232,0.5715144265224906,0.6375646610208816,0.11745190649513884,0.32662873972333134,-0.018795974617899232,0.08465117666331422,0.40648869698267165,-1.1102230246251565e-16,5.131507538891356e-07,301,0.005,1,1,0.2947906255722046,1.0,-0.7052093744277954,0.7052093744277954,-0.5860588550567627,-1.0,0.4139411449432373,0.4139411449432373,0.5620419889336759,0.5969626788165584,0.6176072310703016,0.6026179790496826,ffdc9e6bea51a440a883dca8be03a0c45eeb92a7878bb7e8eec57d6edf3a300a
2,additive,5,1000,800,200,10000,10000,0.5,44,41260909,41760909,1041760909,2041260909,3041260909,0.7974700464117715,0.5289261797144966,0.6308502298969666,0.11205085102528332,0.279762903587372,0.003079128974200189,-0.01571730924680884,0.39797201256105563,-5.551115123125783e-17,5.81912821928654e-07,308,0.005,1,1,0.3139670789241791,1.0,-0.6860329210758209,0.6860329210758209,-0.5934076905250549,-1.0,0.40659230947494507,0.40659230947494507,0.5488216568256408,0.6033297739460138,0.6165969674766782,0.6094214916229248,66e2ac784fa6070d7b1d60c949b8682e3469098e9de408e60aa73af16b1ca0e5
2,additive,5,1000,800,200,10000,10000,0.5,45,41260909,41760909,1041760909,2041260909,3041260909,0.7797484660461862,0.5370867646466745,0.6248371348925366,0.10675295346819152,0.28846219275863233,-0.002396850543054961,0.012129345577658344,0.3904214451407139,0.0,5.664169542285435e-07,315,0.005,1,1,0.3273022472858429,1.0,-0.6726977527141571,0.6726977527141571,-0.6056836247444153,-1.0,0.3943163752555847,0.3943163752555847,0.5523054307454673,0.5970318159757961,0.6157246344632842,0.6024609804153442,9cd48ba3174fe0d9a0e08c0550a173db94a2d58df0d3a9898237552bae45fd86
2,additive,5,1000,800,200,10000,10000,0.5,46,41260909,41760909,1041760909,2041260909,3041260909,0.7613066585524803,0.5246743650391278,0.6154551323871903,0.10225472562132214,0.2752831893292119,0.0006235525155999373,-0.0033032577174752723,0.378785019981734,0.0,5.562780991397176e-07,322,0.005,1,1,0.34574249386787415,1.0,-0.6542575061321259,0.6542575061321259,-0.6107251048088074,-1.0,0.3892748951911926,0.3892748951911926,0.5420817127026845,0.6038372285246713,0.6135375417907974,0.6088087558746338,51d551556ea78ce266bc0abaf0d00d8a95d0f7734eb3dc6d193ecb050842cac2
2,additive,5,1000,800,200,10000,10000,0.5,47,41260909,41760909,1041760909,2041260909,3041260909,0.7447401213908709,0.5237771205712343,0.6189731781312715,0.09779877741107085,0.2743424720338932,0.005493272900481297,-0.029522515489343495,0.3831277952459267,5.551115123125783e-17,5.469978585637136e-07,329,0.005,1,1,0.35971152782440186,1.0,-0.6402884721755981,0.6402884721755981,-0.6196468472480774,-1.0,0.3803531527519226,0.3803531527519226,0.5422041874792456,0.6011876538191939,0.6141393190232873,0.6057844161987305,82fcba8a9a23f0806103c6032c0a7a20d806fcafc378cb2c5a324b02fc11d78d
2,additive,5,1000,800,200,10000,10000,0.5,48,41260909,41760909,1041760909,2041260909,3041260909,0.7251423500909108,0.5435678988363124,0.6004145979750763,0.09263232053093354,0.29546606064532355,-0.013800345857342284,0.07111777078541731,0.3604976894615725,0.0,5.519290500188845e-07,336,0.005,1,1,0.37610912322998047,1.0,-0.6238908767700195,0.6238908767700195,-0.630416989326477,-1.0,0.36958301067352295,0.36958301067352295,0.5476823785002964,0.5946662403654306,0.6107654944469106,0.5991672277450562,79d3c53e8467970a429f8c25c98d7bb907eee8e400e1e8546b16eeebb38634bf
2,additive,5,1000,800,200,10000,10000,0.5,49,41260909,41760909,1041760909,2041260909,3041260909,0.7056065122837742,0.5417785999032839,0.6276162249590855,0.0881899939243234,0.2935240513131626,0.006094040297203684,-0.03192987197215777,0.39390212583189343,5.551115123125783e-17,5.770949140782022e-07,343,0.005,1,1,0.39534899592399597,1.0,-0.604651004076004,0.604651004076004,-0.6362999677658081,-1.0,0.3637000322341919,0.3637000322341919,0.5371563173968252,0.6045991015845904,0.6157772464283177,0.6090608835220337,ad619e308aa7b7ba6f56306a4c518bb624002141c42dc06b51d791db1fef821f
2,additive,5,1000,800,200,10000,10000,0.5,50,41260909,41760909,1041760909,2041260909,3041260909,0.6882012154235688,0.528790011617712,0.6091736110168754,0.08377697990534398,0.27961887638665994,0.003848316033667741,-0.021179746367693618,0.3710924883593394,-5.551115123125783e-17,5.879911046946518e-07,350,0.005,1,1,0.40969184041023254,1.0,-0.5903081595897675,0.5903081595897675,-0.6462243795394897,-1.0,0.35377562046051025,0.35377562046051025,0.5335536692323459,0.6045344820147994,0.6123282577413939,0.6092195510864258,bd5297159d0e74403a8232ee35267955b140f3f1764c7cc67b735b5c34ab0113
2,additive,5,1000,800,200,10000,10000,0.5,51,41260909,41760909,1041760909,2041260909,3041260909,0.671365950098617,0.5153901769917535,0.5815425051455605,0.0795829147111366,0.265627034539591,-0.0035091319798766355,0.020330422037332048,0.3381916852909743,-5.551115123125783e-17,5.537554521595212e-07,357,0.005,1,1,0.4233701825141907,1.0,-0.5766298174858093,0.5766298174858093,-0.656153678894043,-1.0,0.34384632110595703,0.34384632110595703,0.5321769813218182,0.600018060666458,0.6067880653453687,0.6050077676773071,788c97190f7e963dc3f5f45eba4295cda973a3695ebb3b0619c4ff2a5aa947c4
2,additive,5,1000,800,200,10000,10000,0.5,52,41260909,41760909,1041760909,2041260909,3041260909,0.6557310073347821,0.5681258966472491,0.6130628972746119,0.07559698267113003,0.32276703444124083,-0.011258950548814725,0.05652594142627491,0.37584611601474144,5.551115123125783e-17,5.676112628805186e-07,364,0.005,1,1,0.43493008613586426,1.0,-0.5650699138641357,0.5650699138641357,-0.6673152446746826,-1.0,0.3326847553253174,0.3326847553253174,0.5485516263384586,0.5951343739213955,0.6130306445219685,0.6005768775939941,a006d8d1cb5bdb02145c6bfb6fd66c9b92ec971fd340c8ec4b804de5b8cd651b
2,additive,5,1000,800,200,10000,10000,0.5,53,41260909,41760909,1041760909,2041260909,3041260909,0.6399979472523128,0.6673133134505265,0.741784070922786,0.07242569218496653,0.44530705830832057,0.016255428690746795,-0.06279467032077415,0.5502436078747808,0.0,5.664362632273878e-07,371,0.005,1,1,0.4508955776691437,1.0,-0.5491044223308563,0.5491044223308563,-0.6712421774864197,-1.0,0.3287578225135803,0.3287578225135803,0.5527707577921922,0.6335016109586892,0.6390254756206021,0.6375859975814819,579c1110fbc0ae4e263b24be74083f35861e1f25b2293b6094df24d971d80b9e
2,additive,5,1000,800,200,10000,10000,0.5,54,41260909,41760909,1041760909,2041260909,3041260909,0.626404107358978,0.5862725169521245,0.6308483752698781,0.06877421795101829,0.343715464133379,-0.007260004751876162,0.035200903524130966,0.397969672580645,0.0,5.505022411256277e-07,378,0.005,1,1,0.45876455307006836,1.0,-0.5412354469299316,0.5412354469299316,-0.6846489310264587,-1.0,0.31535106897354126,0.31535106897354126,0.547492488215994,0.5997430343978943,0.6155932389921145,0.6048803925514221,a658aa93fdeb8db6c400017f1a63694f345f2b3ef4aa882a6230671b6e31fd85
2,additive,5,1000,800,200,10000,10000,0.5,55,41260909,41760909,1041760909,2041260909,3041260909,0.6116899456768654,0.5668523124894351,0.6194690815740266,0.06572169797484223,0.3213215441746202,-0.001650649561647193,0.008529535627493376,0.38374194302616804,0.0,5.39985691716538e-07,385,0.005,1,1,0.47246962785720825,1.0,-0.5275303721427917,0.5275303721427917,-0.6903610229492188,-1.0,0.30963897705078125,0.30963897705078125,0.5313202364614871,0.610313738749958,0.6134259013291777,0.6166775226593018,04afaac3979ad1c5086e465e592ba69c8bb825992dc5966481c8e41648e4d132
2,additive,5,1000,800,200,10000,10000,0.5,56,41260909,41760909,1041760909,2041260909,3041260909,0.5994377196225976,0.5476678348602387,0.6075935496834441,0.06290294433712508,0.2999400573405017,0.003163459969650567,-0.017437073086839852,0.36916992161692797,5.551115123125783e-17,5.35934551848527e-07,392,0.005,1,1,0.4814707636833191,1.0,-0.5185292363166809,0.5185292363166809,-0.6992459297180176,-1.0,0.3007540702819824,0.3007540702819824,0.5248778903967758,0.6046239637225892,0.6119364662716874,0.6098841428756714,940c6525070d541f89a77c849ef4eb3804801310d7ade18f7a07549eec39e5a9
2,additive,5,1000,800,200,10000,10000,0.5,57,41260909,41760909,1041760909,2041260909,3041260909,0.5852262777485243,0.5148496844215678,0.5677744887811746,0.05983169301491,0.2650701975489879,-0.0012670102265868518,0.007799340437126026,0.3223678701107242,0.0,6.051215226676732e-07,399,0.005,1,1,0.4927135407924652,1.0,-0.5072864592075348,0.5072864592075348,-0.7081948518753052,-1.0,0.2918051481246948,0.2918051481246948,0.5232111236940435,0.5952465276236105,0.6048232424574163,0.6009920239448547,a82b28ef84cbf7030853b7ee43eb608f0bdf240702eec72718ba8762fd4f5d1b
2,additive,5,1000,800,200,10000,10000,0.5,58,41260909,41760909,1041760909,2041260909,3041260909,0.5718025806182128,0.5448364590729338,0.5984639246983824,0.05714513053632426,0.29684676713513264,0.002083585746967097,-0.011771940322209814,0.3581590691653911,0.0,5.495852537507062e-07,406,0.005,1,1,0.5045906901359558,1.0,-0.4954093098640442,0.4954093098640442,-0.7144692540168762,-1.0,0.2855307459831238,0.2855307459831238,0.5268121227838782,0.6056637033002183,0.6108145971944987,0.6111313104629517,4c47f9ac9146d514bc35395e623724efde94e3497af313a32618be327df7afad
2,additive,5,1000,800,200,10000,10000,0.5,59,41260909,41760909,1041760909,2041260909,3041260909,0.5579681241454738,0.508594373729154,0.5589829786953676,0.05411201745169101,0.25866823698895036,-0.00015914198474778623,0.0010175961077363198,0.3124619704711458,0.0,5.626434589345308e-07,413,0.005,1,1,0.5132365226745605,1.0,-0.48676347732543945,0.48676347732543945,-0.7272551655769348,-1.0,0.2727448344230652,0.2727448344230652,0.5243633642870603,0.59523469726266,0.6031014979973512,0.6009676456451416,7c48b5ac7143774d4d8cbee6fd8ee9a4776aaaf0943719f3662b7ef08c2c26f3
2,additive,5,1000,800,200,10000,10000,0.5,60,41260909,41760909,1041760909,2041260909,3041260909,0.5428654470880978,0.5685355026829411,0.6148398805997368,0.05120247403574639,0.32323261781094453,0.0017964934646038779,-0.009595753729938516,0.37802807877589867,0.0,5.368274997863409e-07,420,0.005,1,1,0.5261144042015076,1.0,-0.47388559579849243,0.47388559579849243,-0.7351692318916321,-1.0,0.2648307681083679,0.2648307681083679,0.525155573074677,0.6117626568348813,0.6131800031220713,0.6181685924530029,236a2a5a7550faef3deddddc97fe78bdd8e0d2af9f3d77ceecc02f63e89130d2
2,additive,5,1000,800,200,10000,10000,0.5,61,41260909,41760909,1041760909,2041260909,3041260909,0.5284679660943723,0.53305825240865,0.5720103153771735,0.048422141295960515,0.284151100460964,-0.0026887204295154713,0.016169192778778266,0.3271958008978935,0.0,5.205705040367548e-07,427,0.005,1,1,0.5367171168327332,1.0,-0.46328288316726685,0.46328288316726685,-0.7457415461540222,-1.0,0.2542584538459778,0.2542584538459778,0.5272878053305824,0.5972294566359959,0.6048646026635037,0.6028248071670532,14e84e721d723d2bb06f4ec009ffeba154b685a3601a467e6c95f4e0663305be
2,additive,5,1000,800,200,10000,10000,0.5,62,41260909,41760909,1041760909,2041260909,3041260909,0.5122457069322469,0.5928422034809361,0.6371329308281031,0.0455823155750848,0.3514618782281317,0.004447088871195951,-0.022400976720490833,0.40593837154560836,-5.551115123125783e-17,5.438624821607618e-07,434,0.005,1,1,0.5527276396751404,1.0,-0.4472723603248596,0.4472723603248596,-0.7503139972686768,-1.0,0.24968600273132324,0.24968600273132324,0.5232784972223642,0.614750039955785,0.6171293479612484,0.6192180514335632,580e515ca944dd56f39d7d3a52748de4a09f90c470b1500d9850e318a25231e3
2,additive,5,1000,800,200,10000,10000,0.5,63,41260909,41760909,1041760909,2041260909,3041260909,0.4987216589679159,0.5392065016070537,0.5722349960847154,0.043090648581101836,0.29074365137531766,-0.0031907046061725856,0.019115498956153498,0.3274528907440743,-5.551115123125783e-17,5.406026186705049e-07,441,0.005,1,1,0.5616398453712463,1.0,-0.43836015462875366,0.43836015462875366,-0.762168824672699,-1.0,0.23783117532730103,0.23783117532730103,0.527182101819366,0.5944276730181914,0.6052909526828163,0.599467396736145,9f936d425089affe531e58c0ea1042a7e1ee063f58cd78a689493833ca22b7f6
2,additive,5,1000,800,200,10000,10000,0.5,64,41260909,41760909,1041760909,2041260909,3041260909,0.48543152759940317,0.5719974589166905,0.6110230587793261,0.04081861595732216,0.32718109300715104,0.0026747346977852617,-0.014536613114786356,0.3733491783600437,0.0,5.185347919933747e-07,448,0.005,1,1,0.5730059742927551,1.0,-0.4269940257072449,0.4269940257072449,-0.7690890431404114,-1.0,0.23091095685958862,0.23091095685958862,0.5152294130293937,0.6094318378396195,0.6117070246882272,0.6154991388320923,f7eac39fa27b8dcf6c5e167cfc29f4f0cfb633f94e45d935648055bbf714c488
2,additive,5,1000,800,200,10000,10000,0.5,65,41260909,41760909,1041760909,2041260909,3041260909,0.4737755583387887,0.5603121518686451,0.5918638226655243,0.03887178387686745,0.3139497075316716,-0.0012593534141459228,0.007138756820727183,0.3503027845802472,0.0,5.706113554992953e-07,455,0.005,1,1,0.5817831158638,1.0,-0.41821688413619995,0.41821688413619995,-0.7773839235305786,-1.0,0.2226160764694214,0.2226160764694214,0.5138912030779982,0.6080337180751042,0.6083123486149871,0.6140708327293396,a9ebfd62bfaca62b7994594197a36c7d23fd6dd2c54022160d4c21e068af97ca
2,additive,5,1000,800,200,10000,10000,0.5,66,41260909,41760909,1041760909,2041260909,3041260909,0.4607670825387827,0.5182595360528359,0.5496683297872461,0.03681921788251609,0.2685929467097007,-0.0016384459105580188,0.01072940832429288,0.30213527277110075,0.0,5.767690751667942e-07,462,0.005,1,1,0.5907200574874878,1.0,-0.4092799425125122,0.4092799425125122,-0.7883487939834595,-1.0,0.21165120601654053,0.21165120601654053,0.511941469936051,0.5966842068369197,0.6007728595925186,0.6033185124397278,b3d498e437f10175d463eaf198b2010d112cce8a67ba2fe3ef9150bed80d0f88
2,additive,5,1000,800,200,10000,10000,0.5,67,41260909,41760909,1041760909,2041260909,3041260909,0.447371752201387,0.5507680000838145,0.5817144802634877,0.03474166747242186,0.30334538991632476,0.00015233957973653266,-0.0009011855166130554,0.33839173654821963,-5.551115123125783e-17,5.598918271232378e-07,469,0.005,1,1,0.6018744707107544,1.0,-0.3981255292892456,0.3981255292892456,-0.7959471940994263,-1.0,0.20405280590057373,0.20405280590057373,0.5103231414981261,0.6016545818236146,0.6061205314739092,0.6076525449752808,2062277346057e739734cbf673201cd6fbe9fdaccbd8be78199936a3cd6ad14a
2,additive,5,1000,800,200,10000,10000,0.5,68,41260909,41760909,1041760909,2041260909,3041260909,0.43388131004395586,0.6071805026944639,0.6273320910710356,0.03270343913742179,0.36866816285230186,-0.003913024751082765,0.01949826411078754,0.3935455524875581,0.0,5.703685133084946e-07,476,0.005,1,1,0.6133805513381958,1.0,-0.3866194486618042,0.3866194486618042,-0.8030776977539062,-1.0,0.19692230224609375,0.19692230224609375,0.5144190778342557,0.6148334082394085,0.6146550875704919,0.6208044290542603,dfc8896f2093acd43e7dbde621370555cc26d90d93f90edd58d5ef592c5e3da0
2,additive,5,1000,800,200,10000,10000,0.5,69,41260909,41760909,1041760909,2041260909,3041260909,0.4220531545087235,0.5279739554525718,0.5537432486767754,0.031226342483559093,0.27875649763623417,-0.0016756273323420337,0.010811097360708647,0.30663158545510916,-5.551115123125783e-17,5.679529717639298e-07,483,0.005,1,1,0.620425283908844,1.0,-0.379574716091156,0.379574716091156,-0.815468430519104,-1.0,0.184531569480896,0.184531569480896,0.5072119021506645,0.6013183255324331,0.6014914421449288,0.6078885197639465,daffffd62448b20c878723cd32488ea3743bcb8b1988c1350b19b57a4c2c57ac
2,additive,5,1000,800,200,10000,10000,0.5,70,41260909,41760909,1041760909,2041260909,3041260909,0.41120351523163295,0.5311774138970228,0.5594713362700241,0.029867002981770946,0.2821494450343291,0.0004958640458331802,-0.003178448116988971,0.31300817610776643,0.0,5.986861104645413e-07,490,0.005,1,1,0.6283363699913025,1.0,-0.3716636300086975,0.3716636300086975,-0.8240611553192139,-1.0,0.17593884468078613,0.17593884468078613,0.5100521074463801,0.602047892721997,0.6032729639550722,0.6088084578514099,3ac651bba8946302e24b250d4f230730cd020093928874f98046daf4ace59fae
2,additive,5,1000,800,200,10000,10000,0.5,71,41260909,41760909,1041760909,2041260909,3041260909,0.40072152692597157,0.5991487721942147,0.6127670723074534,0.02829107524212867,0.358979251221835,-0.005893420779857917,0.030435695053988663,0.3754834849042478,0.0,5.714085240526856e-07,497,0.005,1,1,0.6383700370788574,1.0,-0.3616299629211426,0.3616299629211426,-0.8273688554763794,-1.0,0.1726311445236206,0.1726311445236206,0.5086189784159916,0.6146621372134584,0.612345286223951,0.6216635704040527,68d94e39d93d070a7ddb95cee3bac51b7ea8a81dd925f3fd82ef3e20b50e844b
2,additive,5,1000,800,200,10000,10000,0.5,72,41260909,41760909,1041760909,2041260909,3041260909,0.39095782486726177,0.5318631292122419,0.5574910286469564,0.027204711910333038,0.28287838821543787,0.00035657344803533133,-0.002299857347212433,0.31079624702184155,0.0,5.958161484187485e-07,504,0.005,1,1,0.6452085375785828,1.0,-0.35479146242141724,0.35479146242141724,-0.835771381855011,-1.0,0.164228618144989,0.164228618144989,0.5054596464997234,0.6022964938964996,0.6023974683404794,0.6089622974395752,c2fd1d6d4422e0afd356afbbd243771b45f32fc14520ce9fe1b7ce0a7b4098ac
2,additive,5,1000,800,200,10000,10000,0.5,73,41260909,41760909,1041760909,2041260909,3041260909,0.3805300863728908,0.5120761238765226,0.534499744249692,0.025815247894497764,0.2622219566444037,-0.0011736139679576277,0.008149044286389212,0.2856899766029862,0.0,5.377478125012658e-07,511,0.005,1,1,0.6544002890586853,1.0,-0.3455997109413147,0.3455997109413147,-0.8407392501831055,-1.0,0.15926074981689453,0.15926074981689453,0.5099436307116538,0.5995709237918482,0.5990965378684228,0.6053866147994995,f3c24ac8e48052fb8a2b3509488940bea19ef5e75ef9d1958cdd363d8817e94e
2,additive,5,1000,800,200,10000,10000,0.5,74,41260909,41760909,1041760909,2041260909,3041260909,0.37073631147375813,0.6649614256922525,0.6755385851991195,0.024377379852958646,0.442173697658673,-0.005099348709401803,0.02185976608005871,0.456352380092828,0.0,5.721095970301349e-07,518,0.005,1,1,0.6641553640365601,1.0,-0.33584463596343994,0.33584463596343994,-0.8429847359657288,-1.0,0.15701526403427124,0.15701526403427124,0.5220310160740893,0.6312802065296286,0.6249119199429756,0.6379318237304688,95c32fc27f676ff55c828d91f6dd34a2a69f962c71e1ccd949e16b5de1995520
2,additive,5,1000,800,200,10000,10000,0.5,75,41260909,41760909,1041760909,2041260909,3041260909,0.3623354861493727,0.512448375415174,0.531473303281673,0.02347173381253324,0.2626033374656511,-0.0018055995885255971,0.012623257108409846,0.28246387210113316,0.0,5.736131658551358e-07,525,0.005,1,1,0.6704992055892944,1.0,-0.32950079441070557,0.32950079441070557,-0.8492809534072876,-1.0,0.1507190465927124,0.1507190465927124,0.5007192374039164,0.602898630190869,0.5987215098747571,0.6088774800300598,fb59a23de4f8424ee4b8a2a74f78e910b17583ab946a2594f89c0f7aa5096224
2,additive,5,1000,800,200,10000,10000,0.5,76,41260909,41760909,1041760909,2041260909,3041260909,0.3505237884133732,0.5938193848023845,0.6015348204933247,0.021807289415890097,0.35262146176708237,-0.006292305458517983,0.03361016181924083,0.3618441402659365,-5.551115123125783e-17,5.67979935084395e-07,532,0.005,1,1,0.68234783411026,1.0,-0.31765216588974,0.31765216588974,-0.851797342300415,-1.0,0.14820265769958496,0.14820265769958496,0.5051023937221796,0.6138890281196767,0.6104561124517486,0.618474006652832,2d82ef6b22416b1110f0c180c43de075b4d21962bce87c023056d47595601b0d
2,additive,5,1000,800,200,10000,10000,0.5,77,41260909,41760909,1041760909,2041260909,3041260909,0.34073244088978977,0.5304744783814996,0.55070914763204,0.02098811273132743,0.2814031722141241,0.00044464017007830463,-0.0029408266191171045,0.3032805652856081,-5.551115123125783e-17,5.528188697923042e-07,539,0.005,1,1,0.6887320876121521,1.0,-0.3112679123878479,0.3112679123878479,-0.8613966703414917,-1.0,0.1386033296585083,0.1386033296585083,0.5026719271352995,0.601428690052409,0.6018981637708982,0.6077159643173218,a02ebed2c5c0374d6b78cdb053f873f950db62e7519433d377dd30517d7f3687
2,additive,5,1000,800,200,10000,10000,0.5,78,41260909,41760909,1041760909,2041260909,3041260909,0.32843621265175227,0.5654552852670672,0.5732862378949489,0.019595844137684212,0.31973967963646044,-0.0053392066072003655,0.03146859808732575,0.32865711055974395,0.0,5.83628104067202e-07,546,0.005,1,1,0.6994291543960571,1.0,-0.30057084560394287,0.30057084560394287,-0.8676084876060486,-1.0,0.13239151239395142,0.13239151239395142,0.4965127072151325,0.6075000603900996,0.6050701241309715,0.613768994808197,ce88c7a01bf298d13913bd2a10a74e99f7d4eade499bfee4334b755b2f0210d8
2,additive,5,1000,800,200,10000,10000,0.5,79,41260909,41760909,1041760909,2041260909,3041260909,0.3161772444710706,0.5620085455326669,0.5687561741311897,0.01841679651350003,0.3158536052517437,-0.005393408076447769,0.03226973161826951,0.32348358561234825,5.551115123125783e-17,5.533043641037239e-07,553,0.005,1,1,0.7093068361282349,1.0,-0.29069316387176514,0.29069316387176514,-0.8756394982337952,-1.0,0.12436050176620483,0.12436050176620483,0.4946831402293138,0.6073497015189149,0.6040900438196908,0.6125620007514954,172831f0696a67f66e618c656d45807fb6a4119896e4eb04f333b2bfeb9c1065
2,additive,5,1000,800,200,10000,10000,0.5,80,41260909,41760909,1041760909,2041260909,3041260909,0.3061598331057413,0.5895642386014786,0.5924966807655961,0.017537984393599732,0.34758599143774116,-0.0070358295565460865,0.03853940043529816,0.35105231671824877,5.551115123125783e-17,5.76110508632155e-07,560,0.005,1,1,0.7172598838806152,1.0,-0.28274011611938477,0.28274011611938477,-0.882561206817627,-1.0,0.11743879318237305,0.11743879318237305,0.497199311100047,0.6132655069843241,0.6085080820286098,0.617935836315155,2e8b7f8e01ddfb5477a4d4e475259566fc9327209ec38fe88c52ab4c8222a44d
2,additive,5,1000,800,200,10000,10000,0.5,81,41260909,41760909,1041760909,2041260909,3041260909,0.29672372860493196,0.5355415237952483,0.5448530650975684,0.01712790073470644,0.2868047237089365,-0.0035338809487139343,0.023254370636800185,0.2968648625462151,0.0,5.626563748251101e-07,567,0.005,1,1,0.7234184741973877,1.0,-0.2765815258026123,0.2765815258026123,-0.8925400972366333,-1.0,0.1074599027633667,0.1074599027633667,0.4937992663610682,0.6030283215014696,0.6007545336438355,0.6083669662475586,e71dbdd0d693b902869789611481a4fceb633f6b7f1bc8590e98f65f60a64b1a
2,additive,5,1000,800,200,10000,10000,0.5,82,41260909,41760909,1041760909,2041260909,3041260909,0.28728595288200237,0.5306379501839438,0.546804550963151,0.016563044216892732,0.2815766341754176,0.00042776928085143373,-0.002869589738327609,0.29899521695401315,-5.551115123125783e-17,5.498318422780812e-07,574,0.005,1,1,0.7305638194084167,1.0,-0.26943618059158325,0.26943618059158325,-0.900313675403595,-1.0,0.09968632459640503,0.09968632459640503,0.4993222629959048,0.6042772507457644,0.6011019127627238,0.6103562116622925,ef403223fff3e4ead8f25c7d61d23cf6e9adaeba5635755d17bbc2e7c630f7c9
2,additive,5,1000,800,200,10000,10000,0.5,83,41260909,41760909,1041760909,2041260909,3041260909,0.2764628127500295,0.5916590594442027,0.5924081525610967,0.015338817223728879,0.35006044262239866,-0.007225920312637915,0.03955082074156804,0.35094741922085165,-5.551115123125783e-17,5.744568483123658e-07,581,0.005,1,1,0.7407137155532837,1.0,-0.2592862844467163,0.2592862844467163,-0.9040713310241699,-1.0,0.09592866897583008,0.09592866897583008,0.4927352015828042,0.617255026228715,0.6073933881439221,0.6235606670379639,5ccec66ed9ba82155f6d83cb46fef08a14b7ebc62bec8364ac3ab8ecceb75711
2,additive,5,1000,800,200,10000,10000,0.5,84,41260909,41760909,1041760909,2041260909,3041260909,0.2676441700075724,0.6166003636255473,0.6113652322435134,0.014679888923274759,0.38019600842315715,-0.010554225075133454,0.05345590929230121,0.373767447196165,0.0,5.601697665724714e-07,588,0.005,1,1,0.7480530142784119,1.0,-0.25194698572158813,0.25194698572158813,-0.9096887707710266,-1.0,0.09031122922897339,0.09031122922897339,0.49514446906403065,0.6185928557336949,0.612087563066735,0.6241620182991028,812d6cd96665d6ef61016355dfe8140057e13d17c30c98a994080e8a4f258fa5
2,additive,5,1000,800,200,10000,10000,0.5,85,41260909,41760909,1041760909,2041260909,3041260909,0.26053082765247754,0.5403430212300234,0.5469558245244012,0.014397013235426304,0.29197058059198955,-0.003603459923124167,0.023523766845615413,0.29916067398116747,-5.551115123125783e-17,5.682109538440727e-07,595,0.005,1,1,0.7533921003341675,1.0,-0.24660789966583252,0.24660789966583252,-0.9159711003303528,-1.0,0.08402889966964722,0.08402889966964722,0.4975329507377627,0.6065300414127016,0.6007378208972125,0.6116331219673157,aabdb8a2b60ff58915dca82034dcc8f43a1a6f4d8b226cbdd40e7b83f328bdce
2,additive,5,1000,800,200,10000,10000,0.5,86,41260909,41760909,1041760909,2041260909,3041260909,0.2517090512399054,0.5518116877369363,0.5732103950960611,0.01406580995693366,0.3044961387230862,0.005004104183081313,-0.03141683558765328,0.3285701570461825,0.0,5.867884738108842e-07,602,0.005,1,1,0.7601964473724365,1.0,-0.23980355262756348,0.23980355262756348,-0.923503577709198,-1.0,0.076496422290802,0.076496422290802,0.5056430605867468,0.6107276636299624,0.6053985889110349,0.6177581548690796,944b490d6a4a45d953e911cb6468bf4a30727ba413569c44b3db725ed2009d1f
2,additive,5,1000,800,200,10000,10000,0.5,87,41260909,41760909,1041760909,2041260909,3041260909,0.24283103111211887,0.6363040571849851,0.6212161224048974,0.01295919597418805,0.4048828531900727,-0.015966289214242153,0.07642260632302009,0.38590947073577647,0.0,6.132041896478313e-07,609,0.005,1,1,0.7689700722694397,1.0,-0.2310299277305603,0.2310299277305603,-0.9252197742462158,-1.0,0.07478022575378418,0.07478022575378418,0.4947886203867675,0.6204958260233912,0.6137039168304611,0.6253200769424438,a9efdb99c65f54ceae07d9731c3871fe3db7944a0757b569df47089deeb5f58d
2,additive,5,1000,800,200,10000,10000,0.5,88,41260909,41760909,1041760909,2041260909,3041260909,0.23778912755306847,0.6272802630179571,0.6138462241583339,0.012721581668440889,0.39348052837187747,-0.014697461563437438,0.0723652644836267,0.37680718691344345,-5.551115123125783e-17,6.086269426219815e-07,616,0.005,1,1,0.7730628848075867,1.0,-0.22693711519241333,0.22693711519241333,-0.9289844036102295,-1.0,0.07101559638977051,0.07101559638977051,0.49819482500256035,0.6100993294280797,0.6133959508021959,0.6155193448066711,4802b9753ed752569d4f8d54e0243ff22ae8ca4ba7f136bd9cb4f35c8f5e6570
2,additive,5,1000,800,200,10000,10000,0.5,89,41260909,41760909,1041760909,2041260909,3041260909,0.23382552510127036,0.5422248386239839,0.5640880673816623,0.013565744990483852,0.2940077756208054,0.005310913575544788,-0.034534270472890996,0.3181953477623788,0.0,5.544971752868832e-07,623,0.005,1,1,0.7743245363235474,1.0,-0.22567546367645264,0.22567546367645264,-0.9388039112091064,-1.0,0.061196088790893555,0.061196088790893555,0.505546744204173,0.6019238487712246,0.6045076569322002,0.6077637672424316,b7861a313ab5f3ff0eeaa9b2b3a054a140fac26ae31cf0d77da3a95ea25bd34a
2,additive,5,1000,800,200,10000,10000,0.5,90,41260909,41760909,1041760909,2041260909,3041260909,0.22881068022883053,0.5969628581707733,0.582547879763079,0.01301684075167646,0.3563646540354188,-0.015009731285318233,0.08126953568136686,0.3393620322164587,-5.551115123125783e-17,5.710363293331966e-07,630,0.005,1,1,0.7791179418563843,1.0,-0.22088205814361572,0.22088205814361572,-0.9402886629104614,-1.0,0.059711337089538574,0.059711337089538574,0.489066086894851,0.6131663644339153,0.6064099195598175,0.6190289258956909,91971adf103f2a75636fb35d002aa38fbbe233f284f73ff4dfaa8111676461a7
2,additive,5,1000,800,200,10000,10000,0.5,91,41260909,41760909,1041760909,2041260909,3041260909,0.22079281766053316,0.6309946732332076,0.6174007649256231,0.012447207290644278,0.3981542776486824,-0.01470889020429106,0.07164557725096658,0.3811837045307445,-5.551115123125783e-17,6.064020325879937e-07,637,0.005,1,1,0.7862918972969055,1.0,-0.21370810270309448,0.21370810270309448,-0.9445174336433411,-1.0,0.055482566356658936,0.055482566356658936,0.4915325039277846,0.6239749755867956,0.6126923014970316,0.6281071901321411,83a88ea05d22fccb9e04153da485d2f54a8345d4ace96349430a47d0235e566e
2,additive,5,1000,800,200,10000,10000,0.5,92,41260909,41760909,1041760909,2041260909,3041260909,0.21497267835759784,0.5398352821235419,0.5527813632195658,0.012693310812003802,0.29142213182540405,0.0007258964427368847,-0.0047738216543140805,0.30556723552288156,-5.551115123125783e-17,5.775597990975712e-07,644,0.005,1,1,0.7905467748641968,1.0,-0.20945322513580322,0.20945322513580322,-0.9515995979309082,-1.0,0.0484004020690918,0.0484004020690918,0.4958970156687499,0.6080445128578486,0.6027044202448433,0.6115959286689758,9375d045403f1619e62d6d51192ab17e33ece7ab6e6a620a4ceafd3cc7da8685
2,additive,5,1000,800,200,10000,10000,0.5,93,41260909,41760909,1041760909,2041260909,3041260909,0.2074936216810621,0.5711082613031513,0.5625011626976343,0.012180984827401717,0.3261646461287085,-0.010969036459959901,0.06483923808304054,0.3164075580361904,0.0,5.612668019239209e-07,651,0.005,1,1,0.7973429560661316,1.0,-0.2026570439338684,0.2026570439338684,-0.9554609656333923,-1.0,0.044539034366607666,0.044539034366607666,0.4820521069845249,0.6114750829398031,0.6037800641057541,0.6143232583999634,967ea6fb5e22c2b5660ec1e0c1017500690889e84489033addfbef0eaf31c323
2,additive,5,1000,800,200,10000,10000,0.5,94,41260909,41760909,1041760909,2041260909,3041260909,0.2021064028490292,0.62699294657572,0.6037264469920537,0.012049521721845877,0.3931201550557037,-0.020342026989950246,0.10041238599955069,0.364485622797649,-5.551115123125783e-17,6.298357391187892e-07,658,0.005,1,1,0.801973283290863,1.0,-0.19802671670913696,0.19802671670913696,-0.9595968127250671,-1.0,0.04040318727493286,0.04040318727493286,0.4870015945347281,0.617318459502576,0.6114982168775928,0.6196976900100708,9e28a384b1a05ac933dd685039858f27851e0e978df44da4970b26ad018d7758
2,additive,5,1000,800,200,10000,10000,0.5,95,41260909,41760909,1041760909,2041260909,3041260909,0.19952217147345577,0.5616371716105011,0.5686438862356554,0.012401371064704998,0.31543631253464344,-0.002240907123079703,0.01367083306883246,0.323355869353189,-5.551115123125783e-17,5.769029360891409e-07,665,0.005,1,1,0.8037618398666382,1.0,-0.19623816013336182,0.19623816013336182,-0.9639489054679871,-1.0,0.03605109453201294,0.03605109453201294,0.48798718833769217,0.6111887981110395,0.6042103497729326,0.6158139705657959,cbf1073506bad753c7fef3834663d8936449ab047cff8af96ab1711eaa0274ac
2,additive,5,1000,800,200,10000,10000,0.5,96,41260909,41760909,1041760909,2041260909,3041260909,0.19381351951966877,0.6217350223962684,0.6043885239153317,0.011823700030674589,0.3865544380740884,-0.016546325132104755,0.08306843950233789,0.3652854878405535,0.0,5.787244266031166e-07,672,0.005,1,1,0.8092477321624756,1.0,-0.19075226783752441,0.19075226783752441,-0.9656888842582703,-1.0,0.034311115741729736,0.034311115741729736,0.4829969078763004,0.6153565789342896,0.6095655084593755,0.6192591190338135,4746a437e9ccb8350f25793665388387fe0b25d8b5e9e1b148d6137711e07821
2,additive,5,1000,800,200,10000,10000,0.5,97,41260909,41760909,1041760909,2041260909,3041260909,0.19166356626118067,0.5899113230085216,0.5789345407721099,0.012463100518124048,0.34799536901366424,-0.01264663351638724,0.070169712104778,0.33516520249901377,-5.551115123125783e-17,5.642788796222931e-07,679,0.005,1,1,0.8105182647705078,1.0,-0.1894817352294922,0.1894817352294922,-0.9711626172065735,-1.0,0.028837382793426514,0.028837382793426514,0.479675224296184,0.6121670450450566,0.6060830183421058,0.6175320744514465,fd91193f8804f1f30b9748ef12277087a201b42ae14f63a4dffb26598b2534c2
2,additive,5,1000,800,200,10000,10000,0.5,98,41260909,41760909,1041760909,2041260909,3041260909,0.18870419252032436,0.5430461004213394,0.5425162686821642,0.01275946385274369,0.2948990671828234,-0.006667314625374438,0.04334230292872105,0.2943239017848182,0.0,6.270623646997819e-07,686,0.005,1,1,0.8129196763038635,1.0,-0.18708032369613647,0.18708032369613647,-0.9752972722053528,-1.0,0.024702727794647217,0.024702727794647217,0.48276251321307995,0.6091498554686355,0.6009226383474032,0.6125823855400085,640e2e7668e0a0a012cd30aee6cd8c5489289f95fd3a3ae9cedc0757f9302189
2,additive,5,1000,800,200,10000,10000,0.5,99,41260909,41760909,1041760909,2041260909,3041260909,0.1828975558748569,0.5752518861707839,0.5637631392113799,0.012281752985253693,0.33091473254304454,-0.012683804197414298,0.07391569979447506,0.31782887713346963,0.0,6.232717701948332e-07,693,0.005,1,1,0.818471372127533,1.0,-0.18152862787246704,0.18152862787246704,-0.9776645302772522,-1.0,0.022335469722747803,0.022335469722747803,0.47726751383757665,0.6132660650024344,0.6037238299346847,0.6172864437103271,4257aa301df41898f5aa377803abbc466112b05eec531dab031532164b486186
2,additive,5,1000,800,200,10000,10000,0.5,100,41260909,41760909,1041760909,2041260909,3041260909,0.17464684687903914,0.6670852272109072,0.637402749436089,0.011300554436019992,0.44500270036302775,-0.02501049490518104,0.10962225073847197,0.4062822649886857,0.0,5.792999271392318e-07,700,0.005,1,1,0.8265907764434814,1.0,-0.17340922355651855,0.17340922355651855,-0.9792451858520508,-1.0,0.02075481414794922,0.02075481414794922,0.48505853554132045,0.6214624629720372,0.6163810306522923,0.6247308254241943,50e950d27153b9d57a500048d80bc473cca0025f97384371f369f4bc5dadc40a
2,additive,5,1000,800,200,10000,10000,0.5,101,41260909,41760909,1041760909,2041260909,3041260909,0.17224196969889458,0.5918413400370601,0.5851381363670949,0.01262415397146978,0.35027617177686304,-0.01025684355858797,0.05652705622370244,0.34238663863115687,0.0,6.255077327210756e-07,707,0.005,1,1,0.8281521201133728,1.0,-0.1718478798866272,0.1718478798866272,-0.9883551597595215,-1.0,0.011644840240478516,0.011644840240478516,0.4789545481210029,0.6185824444497752,0.6066461262040971,0.6235144138336182,5508ef9f73b0ed8fef116af020eb01472b6eba9b5c8418fc3a61abc65ea94334
2,additive,5,1000,800,200,10000,10000,0.5,102,41260909,41760909,1041760909,2041260909,3041260909,0.16779299409333892,0.5447171824986993,0.5480785591145484,0.013104122016509965,0.29671680890932123,-0.004715411982375816,0.03043959598394371,0.30039010696107954,0.0,5.824240041363282e-07,714,0.005,1,1,0.8322991132736206,1.0,-0.1677008867263794,0.1677008867263794,-0.9944410920143127,-1.0,0.005558907985687256,0.005558907985687256,0.48595319543476206,0.6099192081718268,0.6016143280650633,0.6134625673294067,41e51d522c6993ff37495337ae027963c78a6c2d021a8f2e3959ddeda28c3d82
2,additive,5,1000,800,200,10000,10000,0.5,103,41260909,41760909,1041760909,2041260909,3041260909,0.16096722597594768,0.5562730537861453,0.5472833245954734,0.012292170204646624,0.3094397103685637,-0.011106421596468024,0.06904147376803556,0.29951903738027424,-5.551115123125783e-17,6.15888531285691e-07,721,0.005,1,1,0.8390856385231018,1.0,-0.1609143614768982,0.1609143614768982,-0.9958749413490295,-1.0,0.004125058650970459,0.004125058650970459,0.47706249662112554,0.6095396258875168,0.6014274530168067,0.6141579151153564,3afedcccccba1251d6ef4641e345e007285bf5b9bfb686ff19aeeef9deec7b08
2,additive,5,1000,800,200,10000,10000,0.5,104,41260909,41760909,1041760909,2041260909,3041260909,0.15342140113789335,0.6248461203677064,0.5940079399253082,0.011365045506037006,0.39043267413857424,-0.024476143475151348,0.12183316270087553,0.3528454326943086,5.551115123125783e-17,5.883848892551669e-07,728,0.005,1,1,0.8466053009033203,1.0,-0.1533946990966797,0.1533946990966797,-0.997137725353241,-1.0,0.002862274646759033,0.002862274646759033,0.4781269071139407,0.6155153180381676,0.6090737504077015,0.6181243062019348,d828a1559133c231b93b740d576cf4c027f15ed4d053e5b3b6f10940f05e8b3e
2,additive,5,1000,800,200,10000,10000,0.5,105,41260909,41760909,1041760909,2041260909,3041260909,0.15225057380346807,0.5638898429824161,0.5631410125320302,0.012059298280431955,0.3179717550187338,-0.006451626651782831,0.03909708851508937,0.31712779999560015,5.551115123125783e-17,5.834287968298213e-07,735,0.005,1,1,0.847759485244751,1.0,-0.15224051475524902,0.15224051475524902,-1.001750111579895,-1.0,-0.0017501115798950195,0.0017501115798950195,0.47963749659423854,0.6164330316807533,0.6036968831270041,0.6204009056091309,51c756aa2cb740937fee4e00fb6b35671e8b3dfa8e4b16e9fc7a65e52a40c623
2,additive,5,1000,800,200,10000,10000,0.5,106,41260909,41760909,1041760909,2041260909,3041260909,0.15125154145898406,0.5727040660865216,0.5754823047836967,0.012723266032651176,0.3279899473120349,-0.004766665112765252,0.0279805122083305,0.3311798831191556,0.0,6.396751413006996e-07,742,0.005,1,1,0.848865807056427,1.0,-0.151134192943573,0.151134192943573,-1.0059568881988525,-1.0,-0.005956888198852539,0.005956888198852539,0.4813214233511464,0.6128873441495295,0.6054075353874507,0.6179344654083252,5ded4b19e8550c5356eec7895602d157f1744beeec1f0be0e9ff9b4d3ebb8525
2,additive,5,1000,800,200,10000,10000,0.5,107,41260909,41760909,1041760909,2041260909,3041260909,0.15224174527012999,0.6328571155136085,0.6043157922599728,0.013286070130500233,0.4005081286562047,-0.024298311005953123,0.11744152565308423,0.36519757677479864,-1.1102230246251565e-16,5.716949100786906e-07,749,0.005,1,1,0.8479667901992798,1.0,-0.15203320980072021,0.15203320980072021,-1.0079656839370728,-1.0,-0.007965683937072754,0.007965683937072754,0.47701206802750873,0.6164776251563351,0.6111008823481603,0.6204013824462891,3c866633dedcc564f7784b7dff87d44490754ebd81592146bff3833183a276b9
2,additive,5,1000,800,200,10000,10000,0.5,108,41260909,41760909,1041760909,2041260909,3041260909,0.15394369438239563,0.5986150208559655,0.5741566217203543,0.01350494970909354,0.358339943194388,-0.02109453331907577,0.11345877661173744,0.3296558262653301,5.551115123125783e-17,5.909019726857423e-07,756,0.005,1,1,0.8462471961975098,1.0,-0.15375280380249023,0.15375280380249023,-1.0076639652252197,-1.0,-0.0076639652252197266,0.0076639652252197266,0.4739992922687906,0.6136152758151199,0.6065137903719231,0.615809440612793,4a65834d7b8ad8abb65278315a2d6e3fc7e53528b0ca908ef3bf6c3df8ec9d31
2,additive,5,1000,800,200,10000,10000,0.5,109,41260909,41760909,1041760909,2041260909,3041260909,0.15407160705635706,0.6323144302172743,0.6028438424788559,0.013986289784316938,0.3998215386609962,-0.02519356501532072,0.12176456453215788,0.3634206984146716,-5.551115123125783e-17,6.335616937747091e-07,763,0.005,1,1,0.8462467789649963,1.0,-0.15375322103500366,0.15375322103500366,-1.0098998546600342,-1.0,-0.00989985466003418,0.00989985466003418,0.47562511773352867,0.6206699417750651,0.610999500309424,0.6237249970436096,b195ab132e41e22adad09722a153cf89548c3865ccf323089c23d51029e6ae86
2,additive,5,1000,800,200,10000,10000,0.5,110,41260909,41760909,1041760909,2041260909,3041260909,0.1541954774430463,0.59401638599317,0.578872002903575,0.015418405801910371,0.35285546682838664,-0.016590538442350235,0.09009891646049598,0.3350927957455966,0.0,5.70235647145978e-07,770,0.005,1,1,0.8466954231262207,1.0,-0.1533045768737793,0.1533045768737793,-1.0165514945983887,-1.0,-0.016551494598388672,0.016551494598388672,0.4736856393938536,0.6188117283643425,0.6061349332711486,0.6222376227378845,738395ea352012bc992db420f88c168ebc339ebbd3809ee356960cd4dead4a37
2,additive,5,1000,800,200,10000,10000,0.5,111,41260909,41760909,1041760909,2041260909,3041260909,0.15127229120192154,0.5994533305570486,0.5799829781615123,0.015706745882455842,0.3593442955159382,-0.01933539322064838,0.10310806309752149,0.3363802549570973,-5.551115123125783e-17,6.509175580760029e-07,777,0.005,1,1,0.850092351436615,1.0,-0.149907648563385,0.149907648563385,-1.020273208618164,-1.0,-0.020273208618164062,0.020273208618164062,0.4701327579498289,0.613907191258593,0.6066830132333147,0.6183007955551147,c7a380f5987ecb13b88f2601b024cd531f1f49ff77d75107b9114824d8c6f2cf
2,additive,5,1000,800,200,10000,10000,0.5,112,41260909,41760909,1041760909,2041260909,3041260909,0.15052949469589574,0.5951714127871388,0.5829923472508101,0.016615426496269417,0.3542290105990387,-0.01548218007114952,0.08349689801155386,0.33988007695300915,5.551115123125783e-17,5.944082435149767e-07,784,0.005,1,1,0.8515653014183044,1.0,-0.14843469858169556,0.14843469858169556,-1.0250253677368164,-1.0,-0.025025367736816406,0.025025367736816406,0.46985084988361847,0.6162737266989434,0.6070334469700476,0.6201575994491577,984b1055db50a227290c57612aaa71e0a90f6bba1f01f7418ae0a2e9ac5e2d6d
2,additive,5,1000,800,200,10000,10000,0.5,113,41260909,41760909,1041760909,2041260909,3041260909,0.1457668607653139,0.5902601924469101,0.5795633994478078,0.01681871965322415,0.3484070947874633,-0.01466604023059412,0.08031217756638546,0.33589373397949923,0.0,6.513869372781755e-07,791,0.005,1,1,0.8573386073112488,1.0,-0.14266139268875122,0.14266139268875122,-1.0299283266067505,-1.0,-0.02992832660675049,0.02992832660675049,0.4686809779232549,0.6182882126225633,0.6065793495983054,0.6211761236190796,9fd37f29d9055e290379df58f33fe8a302de527a07066107dc8a7158c675715b
2,additive,5,1000,800,200,10000,10000,0.5,114,41260909,41760909,1041760909,2041260909,3041260909,0.14299054639840258,0.5923998171613529,0.5827108943844833,0.01729810892788048,0.35093754337280436,-0.014341832933160222,0.07789486348513218,0.3395519864343644,0.0,5.685668593713444e-07,798,0.005,1,1,0.8612261414527893,1.0,-0.1387738585472107,0.1387738585472107,-1.0344690084457397,-1.0,-0.034469008445739746,0.034469008445739746,0.4683651712514444,0.6192507154577113,0.6069769125772848,0.6240637302398682,9362af45310ad4d05801575791fecd1c9267bde2bcf94d5b6e5c9a8159681143
2,additive,5,1000,800,200,10000,10000,0.5,115,41260909,41760909,1041760909,2041260909,3041260909,0.14228650365856715,0.6621901302018861,0.6185656231848113,0.0176643767058573,0.43849576853679084,-0.03676835752831705,0.16120811040499222,0.382623430186014,0.0,5.89950152729557e-07,805,0.005,1,1,0.8625385761260986,1.0,-0.13746142387390137,0.13746142387390137,-1.036739706993103,-1.0,-0.03673970699310303,0.03673970699310303,0.47101544268391293,0.6239952257481612,0.6139529604481939,0.6265689134597778,4ab258197842815d4bb2509de33bfb6b59d02470230bdb59705efd0d66277983
2,additive,5,1000,800,200,10000,10000,0.5,116,41260909,41760909,1041760909,2041260909,3041260909,0.14400357838000719,0.6357253317706059,0.6059965358369247,0.018690094058813354,0.4041466974548469,-0.027802495033653497,0.13150461639880884,0.36723180144635315,-5.551115123125783e-17,5.821083775003899e-07,812,0.005,1,1,0.861619234085083,1.0,-0.138380765914917,0.138380765914917,-1.0398471355438232,-1.0,-0.03984713554382324,0.03984713554382324,0.4679540467381011,0.6275990639094978,0.6110774534518368,0.629863977432251,e0018e7e3e253a02f08628a10e3ecdb434f1c1c5e3796a0c5392a296f1cf8ff2
2,additive,5,1000,800,200,10000,10000,0.5,117,41260909,41760909,1041760909,2041260909,3041260909,0.1436146783129636,0.6114153695199995,0.6432543506273085,0.01879522493547633,0.3738287540852776,0.010576090290103219,-0.05387388878530097,0.41377615960096037,0.0,5.838242636002633e-07,819,0.005,1,1,0.8622604608535767,1.0,-0.13773953914642334,0.13773953914642334,-1.0406570434570312,-1.0,-0.04065704345703125,0.04065704345703125,0.49843644053154196,0.6290008618647691,0.6193970816959743,0.6327241659164429,a9c1b2700d56bd118157569110071b3a96273f9a648b18d6f22c8c68e6e33d2f
2,additive,5,1000,800,200,10000,10000,0.5,118,41260909,41760909,1041760909,2041260909,3041260909,0.13238093598935907,0.8224553650779901,0.758546276840588,0.01511097003963466,0.67643282754557,-0.0580756717382434,0.16795948988635945,0.5753924541087179,0.0,6.99968753181679e-07,826,0.005,1,1,0.8718772530555725,1.0,-0.1281227469444275,0.1281227469444275,-1.0333057641983032,-1.0,-0.03330576419830322,0.03330576419830322,0.502583204649478,0.6449583119614394,0.6418641475222696,0.6457629203796387,6bbab12cd67691a698f3eee7c44a4d652e7bd9e15b37aa0dc1618d4227530aa4
2,additive,5,1000,800,200,10000,10000,0.5,119,41260909,41760909,1041760909,2041260909,3041260909,0.1333413635721265,0.589883933947663,0.5949375657741434,0.016128057665501832,0.34796305552957085,-0.005070203012904729,0.027851286829888737,0.3539507071692632,-5.551115123125783e-17,5.852073510226319e-07,833,0.005,1,1,0.8720088005065918,1.0,-0.1279911994934082,0.1279911994934082,-1.0373921394348145,-1.0,-0.03739213943481445,0.03739213943481445,0.47115465238895005,0.6226054403561865,0.6096289906429002,0.6259208917617798,9dd681c09094f6379741ac10eaca55094930dbc842e58542168f79cb47db4f56
2,additive,5,1000,800,200,10000,10000,0.5,120,41260909,41760909,1041760909,2041260909,3041260909,0.1300905594587524,0.6089115622235792,0.5944671356921766,0.016091923682132234,0.37077329060955977,-0.01673701943681571,0.08652636018184973,0.35339117541806064,5.551115123125783e-17,5.879365527761138e-07,840,0.005,1,1,0.8762460947036743,1.0,-0.12375390529632568,0.12375390529632568,-1.0401064157485962,-1.0,-0.04010641574859619,0.04010641574859619,0.46815537193481904,0.621328915370741,0.6088462996699434,0.624199628829956,6786bce9f4365b5f8e5e95986368086586c5e306372461daeba6b4a5775a59be
2,additive,5,1000,800,200,10000,10000,0.5,121,41260909,41760909,1041760909,2041260909,3041260909,0.12861168405590112,0.6157048837638189,0.5936765947049427,0.01598538213347371,0.3790925038906177,-0.021312993461817302,0.1078926167004835,0.3524518991004568,0.0,6.079862799879265e-07,847,0.005,1,1,0.8780708312988281,1.0,-0.12192916870117188,0.12192916870117188,-1.0409175157546997,-1.0,-0.04091751575469971,0.04091751575469971,0.465252408568935,0.6168967638626384,0.6093213198263793,0.6202356815338135,583c4f2d11048d43f1918d7000edaf103cf3aa9a2c2d9192f753aa92d3e284e0
2,additive,5,1000,800,200,10000,10000,0.5,122,41260909,41760909,1041760909,2041260909,3041260909,0.12820341044618905,0.6972427498703249,0.6496959171095181,0.01605451325489708,0.48614745224673245,-0.04004859039642582,0.15949196995445,0.4221047847087779,0.0,6.90194328356597e-07,854,0.005,1,1,0.8787432312965393,1.0,-0.1212567687034607,0.1212567687034607,-1.0416282415390015,-1.0,-0.041628241539001465,0.041628241539001465,0.471995348585299,0.6247712857792754,0.6192375462194711,0.6256145238876343,4f6fad1a783a01cb1b3eca07ccc197c6a13c8abfe4657b0b7db6658c78eca9a2
2,additive,5,1000,800,200,10000,10000,0.5,123,41260909,41760909,1041760909,2041260909,3041260909,0.1316645232210156,0.6226283058578296,0.617218640718805,0.018142416415406124,0.38766600725539097,-0.012424786610013967,0.061234739770179306,0.38095885045076916,0.0,6.427667891273359e-07,861,0.005,1,1,0.8776071667671204,1.0,-0.12239283323287964,0.12239283323287964,-1.0485339164733887,-1.0,-0.04853391647338867,0.04853391647338867,0.4686734659528006,0.6283830910507009,0.6129705197247056,0.630772590637207,71c99828fcce4b8438a2d148f01b5ebbb2441e822e4415a115851fe5d741b345
2,additive,5,1000,800,200,10000,10000,0.5,124,41260909,41760909,1041760909,2041260909,3041260909,0.13159082684653317,0.6079327916383481,0.6173888748291095,0.0185590732676839,0.36958227914919517,-0.0034861648270625837,0.017963377544571987,0.3811690227627539,-5.551115123125783e-17,5.734879486851696e-07,868,0.005,1,1,0.8785227537155151,1.0,-0.12147724628448486,0.12147724628448486,-1.0505907535552979,-1.0,-0.05059075355529785,0.05059075355529785,0.47623375905612675,0.6233967649918486,0.6132342331563939,0.6266312599182129,58e14b4e5959b4a1aec4644f5d6c1e24b8460919943e87200b6c33edf215d331
2,additive,5,1000,800,200,10000,10000,0.5,125,41260909,41760909,1041760909,2041260909,3041260909,0.1260949951293562,0.7935505691690442,0.733865416269326,0.01686233010843583,0.6297225058285141,-0.05401319337039936,0.1670722552350928,0.5385584491961511,-1.1102230246251565e-16,6.955935738517383e-07,875,0.005,1,1,0.8832294344902039,1.0,-0.11677056550979614,0.11677056550979614,-1.0475876331329346,-1.0,-0.04758763313293457,0.04758763313293457,0.48894267888553855,0.6459743290608867,0.6367268150182693,0.6483030319213867,95a38415808a2e12a6a1a566d59142aadf8b8051f07748f7e7e2f1c8b26de5b2
2,additive,5,1000,800,200,10000,10000,0.5,126,41260909,41760909,1041760909,2041260909,3041260909,0.12673551280305378,0.6193655197539851,0.6105448787886222,0.01785665674329828,0.3836136470601241,-0.014352627394204558,0.07150031899361722,0.3727650490150133,5.551115123125783e-17,6.577167113164251e-07,882,0.005,1,1,0.8843798041343689,1.0,-0.1156201958656311,0.1156201958656311,-1.051902413368225,-1.0,-0.0519024133682251,0.0519024133682251,0.46337873927737105,0.6241995791155304,0.6116707526863624,0.6257489919662476,d4b13f4f8c39fdeb2ee4f36c6fa4b7b74ea6f90d4ec9c4d04576795853b2309a
2,additive,5,1000,800,200,10000,10000,0.5,127,41260909,41760909,1041760909,2041260909,3041260909,0.1274836427954746,0.6405663237745343,0.6189997748717501,0.018075742335073443,0.4103252151540214,-0.022620118098908834,0.10560255621970518,0.3831607212912772,0.0,6.245511894320543e-07,889,0.005,1,1,0.8837141990661621,1.0,-0.11628580093383789,0.11628580093383789,-1.0522464513778687,-1.0,-0.05224645137786865,0.05224645137786865,0.4619956336517618,0.6246114931917781,0.6131803035009081,0.6253443956375122,ad6daf3ef43f434ca6c9d9d15302d9c041494493cd404d349537d65599b9ef18
2,additive,5,1000,800,200,10000,10000,0.5,128,41260909,41760909,1041760909,2041260909,3041260909,0.12695149467204755,0.6468088384239652,0.6132927166129658,0.01807486907658091,0.4183616734633592,-0.030154293144714246,0.13818408957794687,0.3761279562505116,0.0,6.675468426919906e-07,896,0.005,1,1,0.8845352530479431,1.0,-0.11546474695205688,0.11546474695205688,-1.0527690649032593,-1.0,-0.05276906490325928,0.05276906490325928,0.4648179906940543,0.6170121535986839,0.6133472364077556,0.6172974705696106,cf073a50d8553680eac7166021729db0502c4225af000f4418571a100be57318
2,additive,5,1000,800,200,10000,10000,0.5,129,41260909,41760909,1041760909,2041260909,3041260909,0.12984937917670705,0.6291371546160234,0.6128596036277154,0.019216504974192583,0.39581355931834605,-0.0197165852669091,0.09501280491820777,0.3755968937587204,0.0,5.990874072381303e-07,903,0.005,1,1,0.8825902938842773,1.0,-0.11740970611572266,0.11740970611572266,-1.0554600954055786,-1.0,-0.05546009540557861,0.05546009540557861,0.46349174424240436,0.625100721410771,0.6131782170503897,0.6275572776794434,1019645839780725408d32eeab22afa316a0bb941cddde947f599c0f6efc9f0d
2,additive,5,1000,800,200,10000,10000,0.5,130,41260909,41760909,1041760909,2041260909,3041260909,0.13127156970101087,0.637381531921021,0.6156964003560641,0.019547781780083966,0.40625521723398744,-0.02336047080132837,0.10972431314677697,0.3790820574114147,0.0,5.86430129345672e-07,910,0.005,1,1,0.8810971975326538,1.0,-0.11890280246734619,0.11890280246734619,-1.0556268692016602,-1.0,-0.055626869201660156,0.055626869201660156,0.46339954019285073,0.6260100199366527,0.6128323779529856,0.6280033588409424,8c76adfcb446320397e31a5e49796131955c6bd36c79623566c79a4d932e5ce3
2,additive,5,1000,800,200,10000,10000,0.5,131,41260909,41760909,1041760909,2041260909,3041260909,0.12982317646174235,0.6719610868458873,0.6339763186246371,0.019258826215379266,0.45153170223510614,-0.03443227793681905,0.14627430186476406,0.40192597257684737,5.551115123125783e-17,5.698489378147542e-07,917,0.005,1,1,0.8827289342880249,1.0,-0.1172710657119751,0.1172710657119751,-1.0556915998458862,-1.0,-0.05569159984588623,0.05569159984588623,0.46511026031780156,0.6226877214581407,0.616439461779874,0.6255123019218445,5ae2409807301773b22a68b07ed72241d04cca49936735c807f0c81ef9d52fba
2,additive,5,1000,800,200,10000,10000,0.5,132,41260909,41760909,1041760909,2041260909,3041260909,0.1307610633410617,0.6166804524213728,0.6058871159831555,0.01990431543234816,0.3802947803986291,-0.016549949258295744,0.08270857895833708,0.36709919731438573,0.0,6.643553476237685e-07,924,0.005,1,1,0.8827359080314636,1.0,-0.11726409196853638,0.11726409196853638,-1.0578583478927612,-1.0,-0.05785834789276123,0.05785834789276123,0.4666528270786786,0.6196639316770239,0.6114987456493721,0.6199382543563843,23a2a53ba26e129297751c716b290870b7b4a837f5ac0de9f74f19ea0b79c935
2,additive,5,1000,800,200,10000,10000,0.5,133,41260909,41760909,1041760909,2041260909,3041260909,0.13060003424575384,0.7304800061525242,0.6801733316603832,0.019591471135710678,0.5336010393885917,-0.045278374711158406,0.16369843716157567,0.46263576110198557,0.0,5.958286344309727e-07,931,0.005,1,1,0.8822606801986694,1.0,-0.11773931980133057,0.11773931980133057,-1.0565139055252075,-1.0,-0.05651390552520752,0.05651390552520752,0.46927479714406123,0.6310934819479601,0.6248683066094096,0.6326349973678589,fbcedcf13ffc5159928dd9887c32bcc4d6d43cb2d9192268041bb688c9a5f8eb
2,additive,5,1000,800,200,10000,10000,0.5,134,41260909,41760909,1041760909,2041260909,3041260909,0.1328459719185619,0.6621933721381273,0.6336578055882444,0.020203863275675065,0.43850006210366443,-0.02859085539821509,0.12465930120205966,0.4015222145829093,0.0,6.843564310798911e-07,938,0.005,1,1,0.8800835013389587,1.0,-0.11991649866104126,0.11991649866104126,-1.0571671724319458,-1.0,-0.0571671724319458,0.0571671724319458,0.4580223291928718,0.624776478330443,0.6158759595182237,0.626818060874939,bf6b971fda9cdcb3dc8fa54d058764879e1b0eb145e64a02fb0ee087576e9e8d
2,additive,5,1000,800,200,10000,10000,0.5,135,41260909,41760909,1041760909,2041260909,3041260909,0.13545571479270144,0.6016835785356303,0.6227005453176467,0.020969499581749367,0.3620231286794419,0.002381670438851665,-0.012437160734213536,0.38775596913889465,5.551115123125783e-17,5.833172451730206e-07,945,0.005,1,1,0.8776482343673706,1.0,-0.1223517656326294,0.1223517656326294,-1.0581231117248535,-1.0,-0.058123111724853516,0.058123111724853516,0.47791725380763184,0.6238988003433067,0.6159269352900497,0.6261575222015381,fbb47f40f3fa17c67c20c84d4d0c39dfe6e54538bba2281169a72407e3736264
2,additive,5,1000,800,200,10000,10000,0.5,136,41260909,41760909,1041760909,2041260909,3041260909,0.13371081355094108,0.6918903881132356,0.6491343181724377,0.020201820200277065,0.4787123091634838,-0.03876938316728263,0.15541505395617158,0.4213753630291956,0.0,6.112703960781118e-07,952,0.005,1,1,0.8787143230438232,1.0,-0.12128567695617676,0.12128567695617676,-1.056288242340088,-1.0,-0.05628824234008789,0.05628824234008789,0.46166748586470274,0.6217480705443698,0.6189388660698597,0.6254353523254395,9f142965a5f53cd1674fd89b06b5829c3d7e1f5453a7042d55afddeb6e88f988
2,additive,5,1000,800,200,10000,10000,0.5,137,41260909,41760909,1041760909,2041260909,3041260909,0.1345851177048736,0.6471268297411816,0.6229976796952893,0.020868310562753276,0.4187731337708722,-0.025757667713955563,0.11717579425659945,0.3881261089057143,-5.551115123125783e-17,6.39745151076454e-07,959,0.005,1,1,0.878809928894043,1.0,-0.12119007110595703,0.12119007110595703,-1.0585330724716187,-1.0,-0.05853307247161865,0.05853307247161865,0.4592093956468604,0.6209443809737898,0.6141221156573065,0.6218554973602295,b73dc19653f7b0ac06191bc16adfc707069d7711a9cee51b50fb5115c384ddf9
2,additive,5,1000,800,200,10000,10000,0.5,138,41260909,41760909,1041760909,2041260909,3041260909,0.13651042996587726,0.6864043518028281,0.6569677937683557,0.021633122908924343,0.4711509341738606,-0.030588687516962153,0.1241464169845228,0.43160668204886077,1.1102230246251565e-16,6.844320061816234e-07,966,0.005,1,1,0.8774436116218567,1.0,-0.12255638837814331,0.12255638837814331,-1.0601251125335693,-1.0,-0.060125112533569336,0.060125112533569336,0.4643888051732977,0.6323288908100264,0.6212036864485366,0.6357227563858032,b455c3bac70be1d2122239b2578375635e431ef26785671ee889872c15ddd542
2,additive,5,1000,800,200,10000,10000,0.5,139,41260909,41760909,1041760909,2041260909,3041260909,0.13773381646301194,0.6492278688259954,0.6548038764588864,0.022529320644627853,0.4214968256603438,-0.007629014839693619,0.03436290814484498,0.4287681166255845,5.551115123125783e-17,6.837757347000206e-07,973,0.005,1,1,0.8775127530097961,1.0,-0.12248724699020386,0.12248724699020386,-1.0629879236221313,-1.0,-0.06298792362213135,0.06298792362213135,0.48222780676549404,0.6291364393704972,0.6210765664888249,0.6289212703704834,c75848665849c489bd7dd720269d02fa37006203a464c5fe4c660b314937df95
2,additive,5,1000,800,200,10000,10000,0.5,140,41260909,41760909,1041760909,2041260909,3041260909,0.13250622052286273,0.6726156928609359,0.6618181409323118,0.021126027546747878,0.4524118702827969,-0.017767323081221757,0.0750407651115489,0.43800325166710136,1.1102230246251565e-16,6.889830714840173e-07,980,0.005,1,1,0.8828460574150085,1.0,-0.11715394258499146,0.11715394258499146,-1.0619100332260132,-1.0,-0.061910033226013184,0.061910033226013184,0.4713227884477226,0.6271988058150969,0.6221908534945917,0.6339545249938965,d2d38506542047b762ffb54e0f2a1694c37244af31a58cad30e353523c5664b0
2,additive,5,1000,800,200,10000,10000,0.5,141,41260909,41760909,1041760909,2041260909,3041260909,0.12302847546555405,0.7190878929648623,0.670742991791485,0.018565591576601485,0.5170873978086453,-0.04287841417392736,0.16009773126866203,0.44989616103739216,0.0,6.626125017561435e-07,987,0.005,1,1,0.8922122120857239,1.0,-0.10778778791427612,0.10778778791427612,-1.059311032295227,-1.0,-0.05931103229522705,0.05931103229522705,0.4669420424673564,0.6260172634893357,0.6238400153538695,0.6276488304138184,8474dbc23aba55bd578fcdbf894c1d3e76390b51664d50219a624796c119aaaf
2,additive,5,1000,800,200,10000,10000,0.5,142,41260909,41760909,1041760909,2041260909,3041260909,0.12349165014957612,0.6651402127009484,0.6411892301288586,0.019444083309973385,0.44241150255186285,-0.02536597851429892,0.10984376628016851,0.4111236288332384,0.0,6.350787096209842e-07,994,0.005,1,1,0.894010603427887,1.0,-0.10598939657211304,0.10598939657211304,-1.0633753538131714,-1.0,-0.06337535381317139,0.06337535381317139,0.4577706345370924,0.6276543340010344,0.6182400059338443,0.6311916708946228,1784632eab488e07f711d1dbfadf032597d41520b8b16024c85b77ee270a181f
2,additive,5,1000,800,200,10000,10000,0.5,143,41260909,41760909,1041760909,2041260909,3041260909,0.11932383058213328,0.6501866232237683,0.6319474780923371,0.018763028393035903,0.4227426450191264,-0.02107402917244872,0.09546436406843323,0.3993576150672649,5.551115123125783e-17,6.339653193521144e-07,1001,0.005,1,1,0.8996551036834717,1.0,-0.10034489631652832,0.10034489631652832,-1.0645684003829956,-1.0,-0.0645684003829956,0.0645684003829956,0.4566865016132079,0.622464582116334,0.6160647885482986,0.6236032843589783,1e7368929c8c895addd0360d6e5f8075a7da59f1342b7b7e3b75d2270af1a180
2,additive,5,1000,800,200,10000,10000,0.5,144,41260909,41760909,1041760909,2041260909,3041260909,0.11536245858595516,0.750510632568369,0.7023214088587416,0.01775936585077256,0.5632662095981734,-0.043885107053809165,0.1510608445072322,0.4932553613413277,5.551115123125783e-17,5.964391824875293e-07,1008,0.005,1,1,0.9038149118423462,1.0,-0.09618508815765381,0.09618508815765381,-1.0636940002441406,-1.0,-0.06369400024414062,0.06369400024414062,0.4682464597976299,0.6314060350127448,0.6298826995177902,0.633897066116333,a08be0db33824557927e67adc963edecb830b0af6b4f26db16f37003dc35d483
2,additive,5,1000,800,200,10000,10000,0.5,145,41260909,41760909,1041760909,2041260909,3041260909,0.11626849276553032,0.6389309806330327,0.64598347371188,0.018781052929573366,0.40823279801268875,-0.0048596013166974945,0.022760860360731373,0.4172946483088672,5.551115123125783e-17,6.071225442383366e-07,1015,0.005,1,1,0.9060502052307129,1.0,-0.09394979476928711,0.09394979476928711,-1.0684967041015625,-1.0,-0.0684967041015625,0.0684967041015625,0.47255174157055635,0.6222071015195832,0.6194106068620808,0.6235020160675049,a6c7e3a36dea8decb90e7b3c53de00c45ddd6d2813de0a99a58470beb4438a7b
2,additive,5,1000,800,200,10000,10000,0.5,146,41260909,41760909,1041760909,2041260909,3041260909,0.11424664983272537,0.6800082361872851,0.6601063444377495,0.018569545202483464,0.46241120128254254,-0.02262018025902857,0.09405856855741225,0.43574038596696885,0.0,6.540616332983973e-07,1022,0.005,1,1,0.909679114818573,1.0,-0.090320885181427,0.090320885181427,-1.0699602365493774,-1.0,-0.06996023654937744,0.06996023654937744,0.4604402838676769,0.6279126672209149,0.621613234027535,0.6318186521530151,01bea61aaff67092022b4ac756438fabe35497145107acdcdd9330275e3bb35b
2,additive,5,1000,800,200,10000,10000,0.5,147,41260909,41760909,1041760909,2041260909,3041260909,0.1121117693101647,0.6755695245935103,0.641582968990521,0.018182459552543166,0.4563941825595015,-0.0314739680066764,0.13264019007174646,0.4116287060986919,5.551115123125783e-17,6.860766941230168e-07,1029,0.005,1,1,0.9128813147544861,1.0,-0.08711868524551392,0.08711868524551392,-1.0705647468566895,-1.0,-0.07056474685668945,0.07056474685668945,0.4559344515296045,0.6221038217143575,0.6180518162760916,0.622969388961792,25e0965911679346dbb51daa3b2cf2352e660c8549c5175dc9c82d361817f2ad
2,additive,5,1000,800,200,10000,10000,0.5,148,41260909,41760909,1041760909,2041260909,3041260909,0.10835551264854792,0.7807693311208954,0.7254806741546284,0.01698669220314283,0.6096007484189704,-0.05013261602512964,0.16001794091293947,0.5263222085718541,1.1102230246251565e-16,5.788594599209773e-07,1036,0.005,1,1,0.9158121347427368,1.0,-0.08418786525726318,0.08418786525726318,-1.068215250968933,-1.0,-0.0682152509689331,0.0682152509689331,0.471329614660907,0.6359158066677353,0.6348000698690943,0.6356406211853027,9d9371db511b1bcdc5e70eb61b59ec737cc6bf709f213718390b7fe7a108a2c6
2,additive,5,1000,800,200,10000,10000,0.5,149,41260909,41760909,1041760909,2041260909,3041260909,0.1092743417114614,0.6467473642719691,0.6374811237728644,0.017737649230755846,0.41828215319273915,-0.014818809628390465,0.06797310372613458,0.40638218316671404,0.0,5.86015394432593e-07,1043,0.005,1,1,0.9177242517471313,1.0,-0.08227574825286865,0.08227574825286865,-1.071913719177246,-1.0,-0.0719137191772461,0.0719137191772461,0.45786590900102214,0.6204677616200469,0.6168320972048456,0.6204662322998047,1bb9db729bfab0df0425ee7f440e5ad1e82b2773b987c24cf99b9f7718ed1611
2,additive,5,1000,800,200,10000,10000,0.5,150,41260909,41760909,1041760909,2041260909,3041260909,0.11089964010217174,0.6080750435677149,0.6220295238927597,0.01864995824539737,0.3697552586098784,-0.0007422441305112688,0.0038220090683686024,0.38692072859425325,0.0,5.852703122144476e-07,1050,0.005,1,1,0.9189023971557617,1.0,-0.08109760284423828,0.08109760284423828,-1.0756433010101318,-1.0,-0.07564330101013184,0.07564330101013184,0.46612806899864284,0.6205239541347115,0.6151727531249439,0.6237195730209351,7c65c9e33e0aa357825c72a7f6bba48b52f530e7bb3290e34bfab92383575252
2,additive,5,1000,800,200,10000,10000,0.5,151,41260909,41760909,1041760909,2041260909,3041260909,0.10613564845002725,0.7038488692557195,0.6586047254711583,0.016979368246587145,0.49540323075255494,-0.03931120729310111,0.15344473980923357,0.43376018441293984,0.0,6.080977321687442e-07,1057,0.005,1,1,0.9216816425323486,1.0,-0.07831835746765137,0.07831835746765137,-1.0716310739517212,-1.0,-0.07163107395172119,0.07163107395172119,0.461781212402543,0.6225699377273326,0.6220384640030437,0.6237711906433105,8f0d8280f6e508f6d78f017cc6e31fd942acf9cc3361ae6d49a7d38a18d8dfc6
2,additive,5,1000,800,200,10000,10000,0.5,152,41260909,41760909,1041760909,2041260909,3041260909,0.10542576433928741,0.6759527816665494,0.64127259635128,0.01684775205829987,0.45691216304274573,-0.03126468613496704,0.13198535856837432,0.4112305428311116,1.1102230246251565e-16,6.349474386269094e-07,1064,0.005,1,1,0.9228591918945312,1.0,-0.07714080810546875,0.07714080810546875,-1.0718601942062378,-1.0,-0.07186019420623779,0.07186019420623779,0.452316959636655,0.6258267968426594,0.6186343485110148,0.6260726451873779,0e4e20169b7a0c16bef8e5b73cdb420037283e994a74b5f848ca7784f0950cfe
2,additive,5,1000,800,200,10000,10000,0.5,153,41260909,41760909,1041760909,2041260909,3041260909,0.11064291731865913,0.6363694786983777,0.6530134112591964,0.018380920636499997,0.40496611341884503,0.0015397406145136292,-0.007274129688657914,0.42642651528437236,1.1102230246251565e-16,6.27564876509723e-07,1071,0.005,1,1,0.9179002642631531,1.0,-0.08209973573684692,0.08209973573684692,-1.074172019958496,-1.0,-0.0741720199584961,0.0741720199584961,0.4686672422481946,0.6333133618065753,0.6208557728810413,0.6346886157989502,a8c5c03bfdb28052d1f2583bb39736c8dd26330412fff2964636b48535a07b4f
2,additive,5,1000,800,200,10000,10000,0.5,154,41260909,41760909,1041760909,2041260909,3041260909,0.10585763266392005,0.7248291544107119,0.6819117415132712,0.016705713341942253,0.5253773030837477,-0.038539696606013814,0.1421911236405501,0.4650036232136624,0.0,6.457509602597611e-07,1078,0.005,1,1,0.9206748008728027,1.0,-0.07932519912719727,0.07932519912719727,-1.0700953006744385,-1.0,-0.07009530067443848,0.07009530067443848,0.4578352687459162,0.6258348475476909,0.6260340373081397,0.6262791752815247,4889fc01341e26980cd62a24251553fb895261688f4529a290f7342def387ccc
2,additive,5,1000,800,200,10000,10000,0.5,155,41260909,41760909,1041760909,2041260909,3041260909,0.11271819163599396,0.6436119644179557,0.6480849886624936,0.018872458895635044,0.4142363607419398,-0.006547333553955198,0.030234127115832007,0.42001415252966445,0.0,5.560959390749076e-07,1085,0.005,1,1,0.915126383304596,1.0,-0.08487361669540405,0.08487361669540405,-1.0741745233535767,-1.0,-0.07417452335357666,0.07417452335357666,0.45849816655381503,0.6254864110822931,0.6198347967451009,0.6291861534118652,5ce693d276f8e7d9c73773212963ca163c7e06e590640536fc4193736ea6def8
2,additive,5,1000,800,200,10000,10000,0.5,156,41260909,41760909,1041760909,2041260909,3041260909,0.11327022327000283,0.8210729950481962,0.7529459993968318,0.0187710573814585,0.6741608631974152,-0.0630021212855899,0.18184216779321719,0.5669276780076938,0.0,6.917585952948002e-07,1092,0.005,1,1,0.9130973219871521,1.0,-0.0869026780128479,0.0869026780128479,-1.0726503133773804,-1.0,-0.07265031337738037,0.07265031337738037,0.4765855840934786,0.6426944202294824,0.6413889718110851,0.6419646143913269,836fdb5bb31440be8737075cedfd999f49a6e5f7c1e9e45ea9496022190110ca
2,additive,5,1000,800,200,10000,10000,0.5,157,41260909,41760909,1041760909,2041260909,3041260909,0.1187808852590885,0.659054871381621,0.6484008562823085,0.020721739579142834,0.434353323491845,-0.017325696321678522,0.0761443450878602,0.4204236704276308,-5.551115123125783e-17,6.65292443358112e-07,1099,0.005,1,1,0.9092862010002136,1.0,-0.09071379899978638,0.09071379899978638,-1.0766805410385132,-1.0,-0.07668054103851318,0.07668054103851318,0.45327674020482844,0.6267464656098651,0.6202263323895021,0.6290045976638794,3f0afffeca1222732d29a39d82d4f3a153c4a75859e5b321b9c839fbaafcc5b1
2,additive,5,1000,800,200,10000,10000,0.5,158,41260909,41760909,1041760909,2041260909,3041260909,0.1210296601933923,0.6688781434492211,0.6517670356347531,0.0213192281218738,0.44739797078407684,-0.02195846508291851,0.09369600746109824,0.42480026874011356,-5.551115123125783e-17,7.035925406739807e-07,1106,0.005,1,1,0.9065834879875183,1.0,-0.09341651201248169,0.09341651201248169,-1.076951503753662,-1.0,-0.07695150375366211,0.07695150375366211,0.4507554442361213,0.6245336602172429,0.6198662125991378,0.6250357031822205,3cb116d8e7c765071efe83e5046fadc43c1fd7e28ba2362ba26237843c6befd4
2,additive,5,1000,800,200,10000,10000,0.5,159,41260909,41760909,1041760909,2041260909,3041260909,0.12433589902483398,0.6696334642471908,0.6565632239373786,0.022385973775802332,0.44840897643969385,-0.019859841594225897,0.08436726683298318,0.43107526702704446,1.1102230246251565e-16,6.208554328424043e-07,1113,0.005,1,1,0.9034873843193054,1.0,-0.09651261568069458,0.09651261568069458,-1.0783883333206177,-1.0,-0.07838833332061768,0.07838833332061768,0.4519555981536043,0.6301556984420814,0.6206836900834374,0.6324454545974731,41aaa8f830da48b6566561064f2265894208b56dc54e47b6dc6c7aff2433c9aa
2,additive,5,1000,800,200,10000,10000,0.5,160,41260909,41760909,1041760909,2041260909,3041260909,0.12108447754819578,0.7638866760863515,0.7072656468411433,0.021485043878987253,0.5835228539022546,-0.05239160128981048,0.17319311526989084,0.5002246952016209,0.0,6.600315689553327e-07,1120,0.005,1,1,0.9072789549827576,1.0,-0.09272104501724243,0.09272104501724243,-1.0778733491897583,-1.0,-0.0778733491897583,0.0778733491897583,0.46056299229443026,0.6370845504760065,0.6307179264055373,0.6371419429779053,f4ef141b9488947fb51309206337fafe8aaecdbbab4770cc0d84a0d3cbafc2a1
2,additive,5,1000,800,200,10000,10000,0.5,161,41260909,41760909,1041760909,2041260909,3041260909,0.12351897252163566,0.6437103689266249,0.647402180169951,0.02256715617921081,0.4143630390636516,-0.00890030617702835,0.04074017439825244,0.41912958288880575,1.1102230246251565e-16,7.010954288233506e-07,1127,0.005,1,1,0.9064885973930359,1.0,-0.09351140260696411,0.09351140260696411,-1.080700397491455,-1.0,-0.08070039749145508,0.08070039749145508,0.45726931859243225,0.6274089880347828,0.6200367511870526,0.6279158592224121,048a622cbe72d866e9ed09ef35bb9c20f8e74f96dfe4d848b9c6d5fc2d518c96
2,additive,5,1000,800,200,10000,10000,0.5,162,41260909,41760909,1041760909,2041260909,3041260909,0.1191247517196431,0.7081942003045042,0.6682299796767641,0.020910157229480576,0.5015390253449362,-0.03795893841780414,0.1453115046740353,0.4465313057388086,1.6653345369377348e-16,6.14459590764227e-07,1134,0.005,1,1,0.9093850255012512,1.0,-0.09061497449874878,0.09061497449874878,-1.077328085899353,-1.0,-0.07732808589935303,0.07732808589935303,0.4503936505318167,0.6254118186785788,0.6230079180003322,0.6249226331710815,af0231319226dfb7dc1651788713eb15eb65bbb80bac35bfadb626a5ad523133
2,additive,5,1000,800,200,10000,10000,0.5,163,41260909,41760909,1041760909,2041260909,3041260909,0.12412363736109452,0.7058447831215576,0.6792689425613883,0.02250914338959025,0.49821685785991876,-0.02965985246052123,0.11391730925419849,0.4614062963284666,5.551115123125783e-17,6.383624615580175e-07,1141,0.005,1,1,0.9046149253845215,1.0,-0.09538507461547852,0.09538507461547852,-1.0794252157211304,-1.0,-0.07942521572113037,0.07942521572113037,0.4528368373222814,0.6314481893382389,0.6245866084379382,0.6344149112701416,8ab4f20b7ba25a339189cdbb174fae0427c0fb34c76617e1eac9d47e77144d8b
2,additive,5,1000,800,200,10000,10000,0.5,164,41260909,41760909,1041760909,2041260909,3041260909,0.1272400598378433,0.6597500940789245,0.6486250438907026,0.023874935088304686,0.4352701866371498,-0.019215337081619294,0.08370049543119873,0.4207144475622159,0.0,6.094458004923808e-07,1148,0.005,1,1,0.9033057689666748,1.0,-0.0966942310333252,0.0966942310333252,-1.0827058553695679,-1.0,-0.08270585536956787,0.08270585536956787,0.4516596542874045,0.6255040141192016,0.6184979110201453,0.6261669397354126,40d8054785245209b4b0b2579ceb6895a6e7c6591bb2cda28c85a193c52ada25
2,additive,5,1000,800,200,10000,10000,0.5,165,41260909,41760909,1041760909,2041260909,3041260909,0.12524937672161576,0.6655505175441219,0.6540803880134148,0.023321116784540682,0.4429574914032484,-0.019228727102004836,0.08247741485176886,0.42782115398377935,-5.551115123125783e-17,5.447754123366622e-07,1155,0.005,1,1,0.9057923555374146,1.0,-0.09420764446258545,0.09420764446258545,-1.0825368165969849,-1.0,-0.08253681659698486,0.08253681659698486,0.45218892368744534,0.6227134608063948,0.6199846963703736,0.6222759485244751,dd6a0749cdfedd8b856e444f81678c43781fc793f0a711d1a3ec60b8f9e6833c
2,additive,5,1000,800,200,10000,10000,0.5,166,41260909,41760909,1041760909,2041260909,3041260909,0.12441023705663515,0.7053941555225608,0.6771444294838376,0.0229473721257568,0.49758091464538673,-0.03100185419507583,0.11911688560628086,0.4585245783809918,0.0,5.699892895449921e-07,1162,0.005,1,1,0.9060932397842407,1.0,-0.09390676021575928,0.09390676021575928,-1.081605315208435,-1.0,-0.08160531520843506,0.08160531520843506,0.44638430135344587,0.6273425292858664,0.6244132621326434,0.6270666122436523,f6c5870409e1ffe47232066750ba1f9dc7afee83e429ccd90009eb297264c795
2,additive,5,1000,800,200,10000,10000,0.5,167,41260909,41760909,1041760909,2041260909,3041260909,0.12319124759355206,0.8013577756924934,0.740298052490585,0.02265430012670565,0.6421742846628206,-0.05839368913408658,0.1756653984803408,0.548041206521353,0.0,6.379098973496866e-07,1169,0.005,1,1,0.9078488945960999,1.0,-0.09215110540390015,0.09215110540390015,-1.0817573070526123,-1.0,-0.0817573070526123,0.0817573070526123,0.46156755308157366,0.6440544250558148,0.6370439353422597,0.6433608531951904,eff5a6f275db0d4473ae37a6bf5f0d867d257e0ae0fab66d5da3c5d288ce9f44
2,additive,5,1000,800,200,10000,10000,0.5,168,41260909,41760909,1041760909,2041260909,3041260909,0.12621851311792529,0.648353954148394,0.6780542426551457,0.02412780457930341,0.42036284985985783,0.007633450771740977,-0.03434695733422125,0.4597575559826431,-1.1102230246251565e-16,6.032580905923624e-07,1176,0.005,1,1,0.9075226187705994,1.0,-0.09247738122940063,0.09247738122940063,-1.0859013795852661,-1.0,-0.08590137958526611,0.08590137958526611,0.4695788881932115,0.6280806638577416,0.6267839737542353,0.6313135623931885,1621bd979b73e08ef47a87f4259f4e8868f51e19f34673be774de4d4a2003b27
2,additive,5,1000,800,200,10000,10000,0.5,169,41260909,41760909,1041760909,2041260909,3041260909,0.11858721377296032,0.7242063488598296,0.6849162394918449,0.02152702557894372,0.5244748357288852,-0.03844580309408938,0.14082663748435145,0.46911025511965015,0.0,6.484416292806827e-07,1183,0.005,1,1,0.9145796895027161,1.0,-0.08542031049728394,0.08542031049728394,-1.0822575092315674,-1.0,-0.08225750923156738,0.08225750923156738,0.44716187395088963,0.6245401282213238,0.6258690273172979,0.6249895691871643,47b430deee8fd589829e389fef32e604c930001ae6f394eb8e7457de9b707b54
2,additive,5,1000,800,200,10000,10000,0.5,170,41260909,41760909,1041760909,2041260909,3041260909,0.11989311933899688,0.7580040241101498,0.7214755251534549,0.022070937597818654,0.5745701005671805,-0.03805705238477285,0.12757101825184308,0.5205269333954535,1.1102230246251565e-16,6.296031802577318e-07,1190,0.005,1,1,0.9140841960906982,1.0,-0.08591580390930176,0.08591580390930176,-1.0836231708526611,-1.0,-0.08362317085266113,0.08362317085266113,0.45158385970493514,0.6375862370477391,0.6333573371887584,0.638490617275238,ae0e5e245490249dd1531aa09a440d2d20568dcf5701d049b382fce8037dee0b
2,additive,5,1000,800,200,10000,10000,0.5,171,41260909,41760909,1041760909,2041260909,3041260909,0.12400039255667646,0.6919423447779539,0.6674987220066424,0.023390704289951526,0.4787842084968128,-0.02831018445313174,0.11275029370156105,0.4455545438805009,1.1102230246251565e-16,6.667567333806801e-07,1197,0.005,1,1,0.9097699522972107,1.0,-0.0902300477027893,0.0902300477027893,-1.0850566625595093,-1.0,-0.08505666255950928,0.08505666255950928,0.44583117313181964,0.6209178054818395,0.6222475139699795,0.621257483959198,a8af8fcb6d44e21f8a58d042c6eea4d42d32ebb6b52243a8edf980ffefc58361
2,additive,5,1000,800,200,10000,10000,0.5,172,41260909,41760909,1041760909,2041260909,3041260909,0.12398881937373689,0.6950167648253402,0.6629437164835702,0.02318285811021961,0.4830483033882823,-0.03336839513672685,0.13183066422838371,0.43949437122504825,5.551115123125783e-17,6.761902859864222e-07,1204,0.005,1,1,0.9085702300071716,1.0,-0.09142976999282837,0.09142976999282837,-1.0837485790252686,-1.0,-0.08374857902526855,0.08374857902526855,0.4476998009769046,0.6183921427019017,0.6212091606130783,0.6188737154006958,38aef94ba53b6c38352a78ed14bcc80d2196dc9b90e9f82751f6a9bd189313fc
2,additive,5,1000,800,200,10000,10000,0.5,173,41260909,41760909,1041760909,2041260909,3041260909,0.1253006851012751,0.665606856229069,0.6554429659970218,0.02357546808725868,0.44303248705914455,-0.01850123673571509,0.07930099147113824,0.4296054816749731,5.551115123125783e-17,6.332596154123848e-07,1211,0.005,1,1,0.9070339798927307,1.0,-0.09296602010726929,0.09296602010726929,-1.0840094089508057,-1.0,-0.08400940895080566,0.08400940895080566,0.4469198111682901,0.6233568816968336,0.6203630463611665,0.6242821216583252,e1b95e77a88c5e1e9960abe619643e5c1f8a090a1b8201dea352797f87a51a02
2,additive,5,1000,800,200,10000,10000,0.5,174,41260909,41760909,1041760909,2041260909,3041260909,0.12427589612304989,0.7426406203765622,0.6937258148586427,0.023283075960658664,0.5515150910332852,-0.04677133039632806,0.16274001234531021,0.48125550620128776,-5.551115123125783e-17,6.436614974347776e-07,1218,0.005,1,1,0.9083166718482971,1.0,-0.09168332815170288,0.09168332815170288,-1.0838967561721802,-1.0,-0.08389675617218018,0.08389675617218018,0.44650317612383994,0.6264523370405705,0.6276494839887133,0.62453293800354,6559b1379fb11c68d6cafe42cbbac2776d4e1772481357152b838c261d04dc15
2,additive,5,1000,800,200,10000,10000,0.5,175,41260909,41760909,1041760909,2041260909,3041260909,0.12809940819561805,0.7083841168928391,0.6870766721759008,0.024818745030857896,0.5018080570660475,-0.027276224324297594,0.10358843953892971,0.4720743534483103,1.1102230246251565e-16,5.659512485323148e-07,1225,0.005,1,1,0.9059528112411499,1.0,-0.0940471887588501,0.0940471887588501,-1.0869746208190918,-1.0,-0.0869746208190918,0.0869746208190918,0.44397110016257835,0.6297941930945815,0.6263478042529894,0.6295630931854248,78e0ef0647b55e29d570267fe5f37a4c956e74806fdda098713f31ddd54b3ffd
2,additive,5,1000,800,200,10000,10000,0.5,176,41260909,41760909,1041760909,2041260909,3041260909,0.1311486690312591,0.7023408304675307,0.6835413800240743,0.026096281466533706,0.4932826421418207,-0.026075052701569235,0.1004085900152218,0.467228818205216,0.0,5.89390886318597e-07,1232,0.005,1,1,0.9041742086410522,1.0,-0.09582579135894775,0.09582579135894775,-1.089539885520935,-1.0,-0.08953988552093506,0.08953988552093506,0.44382898132508486,0.6290261604160255,0.6250701725530693,0.628583550453186,4235a171d12beddf23d40746070074cd38e75f58da78128bceb726c8bda53277
2,additive,5,1000,800,200,10000,10000,0.5,177,41260909,41760909,1041760909,2041260909,3041260909,0.13167599519587037,0.7608936770448217,0.7044212191483099,0.026450777701635456,0.5789591877667895,-0.05460035574101687,0.18037481658819685,0.4962092539863912,0.0,5.827639188993317e-07,1239,0.005,1,1,0.904617190361023,1.0,-0.09538280963897705,0.09538280963897705,-1.0907782316207886,-1.0,-0.09077823162078857,0.09077823162078857,0.44923259653383807,0.6317843653163119,0.6304522784078745,0.6320207118988037,e3054ecb6c309d630fb2324418f92eaeb3692835c05f27325827672d194a967f
2,additive,5,1000,800,200,10000,10000,0.5,178,41260909,41760909,1041760909,2041260909,3041260909,0.13145050119978838,0.786312169481274,0.7271371964375175,0.02639192450840452,0.6182868278743479,-0.057975124969869764,0.17985740884306153,0.528728502443013,1.1102230246251565e-16,6.728415318235648e-07,1246,0.005,1,1,0.9049665331840515,1.0,-0.09503346681594849,0.09503346681594849,-1.0908178091049194,-1.0,-0.09081780910491943,0.09081780910491943,0.44847660393848443,0.6354945880655646,0.6340694478029327,0.6348646879196167,b259ba8b9aa9046bba424c93dabfcc3ec01514a38e930f2e57c485103089f7a2
2,additive,5,1000,800,200,10000,10000,0.5,179,41260909,41760909,1041760909,2041260909,3041260909,0.1376600987843154,0.6742618916934185,0.7141899292576085,0.029357234101031027,0.45462909858998735,0.01304046118098471,-0.05388772492181042,0.5100672550529878,0.0,5.589834088937096e-07,1253,0.005,1,1,0.9029179811477661,1.0,-0.09708201885223389,0.09708201885223389,-1.0975980758666992,-1.0,-0.09759807586669922,0.09759807586669922,0.4819315187919698,0.6317737316919989,0.6337682663920339,0.6313214302062988,e91943ad07a67a850e18abd05919103f35a7b6fbb682e9d6523d62137500b7a6
2,additive,5,1000,800,200,10000,10000,0.5,180,41260909,41760909,1041760909,2041260909,3041260909,0.1321714035220703,0.8368404747294073,0.7632784478934737,0.026935078953672115,0.7003019801453397,-0.0723215350401708,0.1988939758646826,0.5825939890186702,0.0,6.394315992253041e-07,1260,0.005,1,1,0.9059760570526123,1.0,-0.0940239429473877,0.0940239429473877,-1.0928912162780762,-1.0,-0.09289121627807617,0.09289121627807617,0.4615044152928477,0.6379215466560576,0.6420807155404412,0.6373858451843262,c60c6a54fbf6acbe750d7dca4d7d1eccf198cfae5fa8c1cdc5e75f46eb61f210
2,additive,5,1000,800,200,10000,10000,0.5,181,41260909,41760909,1041760909,2041260909,3041260909,0.1322426807028568,0.788595136374034,0.7326300870975802,0.026639506549570105,0.6218822891127813,-0.05588747557087173,0.17235342264416098,0.5367468445206078,-2.220446049250313e-16,7.006250299923522e-07,1267,0.005,1,1,0.9039784073829651,1.0,-0.09602159261703491,0.09602159261703491,-1.0909284353256226,-1.0,-0.09092843532562256,0.09092843532562256,0.4479452000696042,0.6320983932908035,0.6351393761460745,0.631024956703186,657d47407974d9237e7f09c9bab288f76625c5e9e5225189f1b2decf6c82c10b
2,additive,5,1000,800,200,10000,10000,0.5,182,41260909,41760909,1041760909,2041260909,3041260909,0.13713542728828645,0.6984584100366842,0.7242182671074344,0.028395517600955145,0.48784415055097285,0.004126215130083601,-0.015985656990889226,0.5244920984120952,0.0,6.04143188809303e-07,1274,0.005,1,1,0.8990640640258789,1.0,-0.1009359359741211,0.1009359359741211,-1.0928335189819336,-1.0,-0.0928335189819336,0.0928335189819336,0.46537921047880215,0.6368196180917675,0.635046183510274,0.6391544938087463,a88f956b4e193f56e9115db0b20772007be601d925cf52550d16b07abec4a93b
2,additive,5,1000,800,200,10000,10000,0.5,183,41260909,41760909,1041760909,2041260909,3041260909,0.1326836352634696,0.7621087852532913,0.7071020637902163,0.026630213957601633,0.5808098005602472,-0.053723342950732784,0.17688443851818125,0.49999332861638324,-1.1102230246251565e-16,6.359861188798277e-07,1281,0.005,1,1,0.9026055335998535,1.0,-0.09739446640014648,0.09739446640014648,-1.0901069641113281,-1.0,-0.09010696411132812,0.09010696411132812,0.44625018339423134,0.6291063378204513,0.6306753863673721,0.627490758895874,d5e57a0e369fd39d1010aad66714c90bdab31b2bcb3cb40cdf12780b1a53b357
2,additive,5,1000,800,200,10000,10000,0.5,184,41260909,41760909,1041760909,2041260909,3041260909,0.13229087533435335,0.7624268962638766,0.7175376488595396,0.02662522014270595,0.581294772146568,-0.046529857379199,0.15307888527889746,0.5148602775308759,0.0,6.169441295611477e-07,1288,0.005,1,1,0.9037500023841858,1.0,-0.09624999761581421,0.09624999761581421,-1.090756893157959,-1.0,-0.09075689315795898,0.09075689315795898,0.44867474609479835,0.6356403259119426,0.6327468777339446,0.635765790939331,1a593a33bf29f7a89338b57569a5c7544437a3303aabeb968c3f7b1bf97045e7
2,additive,5,1000,800,200,10000,10000,0.5,185,41260909,41760909,1041760909,2041260909,3041260909,0.13053304709861246,0.7247740551146303,0.6989229277886362,0.02635967232513248,0.5252974309673052,-0.03158192215189927,0.1144983793860711,0.48849325898863916,0.0,6.830764078813445e-07,1295,0.005,1,1,0.9077066779136658,1.0,-0.09229332208633423,0.09229332208633423,-1.0923082828521729,-1.0,-0.09230828285217285,0.09230828285217285,0.44786177560103424,0.6284477865829213,0.6290182659154409,0.6278693675994873,93a104d70e8e9c1589bf5357e84f2b5a318bfa2a7464fbecc561c7b787aa6bc4
2,additive,5,1000,800,200,10000,10000,0.5,186,41260909,41760909,1041760909,2041260909,3041260909,0.12900275370469,0.6950063430155521,0.7043416254460266,0.026061881259656052,0.48303381683185126,-0.006499286377778184,0.025532670584892548,0.4960971253359509,-5.551115123125783e-17,6.430117913680533e-07,1302,0.005,1,1,0.9109683632850647,1.0,-0.0890316367149353,0.0890316367149353,-1.09335458278656,-1.0,-0.09335458278656006,0.09335458278656006,0.45595317668084023,0.6295159262591006,0.6309139621270867,0.6322895884513855,2bbbe02d935d223b7857819d1d13bb308633ad52fdfe635ae1c9a04e8ece9901
2,additive,5,1000,800,200,10000,10000,0.5,187,41260909,41760909,1041760909,2041260909,3041260909,0.12160800170034362,0.7778528211661568,0.7272588273261144,0.02349459748136379,0.6050550113961491,-0.049822103476878946,0.15853037778785065,0.528905401923755,-1.1102230246251565e-16,5.788838901565896e-07,1309,0.005,1,1,0.9188209772109985,1.0,-0.08117902278900146,0.08117902278900146,-1.090545415878296,-1.0,-0.0905454158782959,0.0905454158782959,0.4496585933370468,0.6276561925044244,0.6345596895901396,0.6242192983627319,fbb635afa2573a6dc8353dd362c1826a966c791352761c5c52b449225e355af4
2,additive,5,1000,800,200,10000,10000,0.5,188,41260909,41760909,1041760909,2041260909,3041260909,0.12325315825569372,0.7592209652382862,0.7342737569650453,0.024289547180066456,0.576416474057355,-0.03077403553492957,0.10245955408116851,0.5391579501675623,0.0,6.794254900910346e-07,1316,0.005,1,1,0.9191192984580994,1.0,-0.08088070154190063,0.08088070154190063,-1.093003511428833,-1.0,-0.09300351142883301,0.09300351142883301,0.4497175383732332,0.6324509470030328,0.6361128074011038,0.6353843212127686,72ce293f2ed94019dcd80f4bf322d008bfaacf2392512c197c2f2a36dff31867
2,additive,5,1000,800,200,10000,10000,0.5,189,41260909,41760909,1041760909,2041260909,3041260909,0.12642320065320303,0.7063672436394687,0.6805755810891931,0.025548049144350257,0.49895468288682043,-0.030659805228138874,0.11690999247766279,0.4631831215748929,-5.551115123125783e-17,6.394574398882469e-07,1323,0.005,1,1,0.9169752597808838,1.0,-0.08302474021911621,0.08302474021911621,-1.0953400135040283,-1.0,-0.09534001350402832,0.09534001350402832,0.4457553296458908,0.6220276738478622,0.6252984812058943,0.6196153163909912,11ca202bc768602eda1354037730be10fe93105ba45be0717606413cc35886b4
2,additive,5,1000,800,200,10000,10000,0.5,190,41260909,41760909,1041760909,2041260909,3041260909,0.12831135582340278,0.7247281626810335,0.695822127185161,0.02613318439273649,0.5252309097830264,-0.033597830747640334,0.12187166738837395,0.4841684326804823,5.551115123125783e-17,6.838085297999896e-07,1330,0.005,1,1,0.9141553044319153,1.0,-0.08584469556808472,0.08584469556808472,-1.095365047454834,-1.0,-0.09536504745483398,0.09536504745483398,0.4453407487355728,0.6218804903406054,0.6288333977155085,0.6245543956756592,7ef2bba2d3ea3a50054c70c489adc78c64cc13dcbb4e69f981426ec87ce24892
2,additive,5,1000,800,200,10000,10000,0.5,191,41260909,41760909,1041760909,2041260909,3041260909,0.12922563115569008,0.7465506993079218,0.7027965379331339,0.026350875394454538,0.5573379466371472,-0.044882924150401404,0.15379058997285844,0.4939229737307989,-5.551115123125783e-17,6.779810508561468e-07,1337,0.005,1,1,0.912300169467926,1.0,-0.08769983053207397,0.08769983053207397,-1.0949105024337769,-1.0,-0.09491050243377686,0.09491050243377686,0.44387892631398373,0.6227514889823957,0.6296685949405743,0.6210857629776001,c7a1f8e8ea129f013c493cb2178ada6c2327a83f7f6c57676e27ca729cb24355
2,additive,5,1000,800,200,10000,10000,0.5,192,41260909,41760909,1041760909,2041260909,3041260909,0.13411530123882368,0.7193228569533596,0.7149810179540684,0.028352011639141892,0.5174253725355434,-0.017289764070024683,0.06335830164956341,0.511197856034636,0.0,5.846824304711618e-07,1344,0.005,1,1,0.9087538719177246,1.0,-0.09124612808227539,0.09124612808227539,-1.0982906818389893,-1.0,-0.09829068183898926,0.09829068183898926,0.45325825800172476,0.6282427830579929,0.6328558375061832,0.6321182250976562,975eaeefeea116eebd3b35e08a6dbcf537588152459d7d475ababc458ccee615
2,additive,5,1000,800,200,10000,10000,0.5,193,41260909,41760909,1041760909,2041260909,3041260909,0.1337156899608509,0.7336239238264972,0.7097227604481261,0.027971360512726154,0.5382040616105862,-0.031234512712602053,0.11033510637202902,0.5037063966981082,-1.1102230246251565e-16,6.059800199409437e-07,1351,0.005,1,1,0.9075102806091309,1.0,-0.09248971939086914,0.09248971939086914,-1.0965688228607178,-1.0,-0.09656882286071777,0.09656882286071777,0.44711008009417713,0.6324513951786057,0.6308964365382776,0.6296792030334473,1400a9ae5ebbc221b3eca6f4d4d76ccad66e57df9389334b46e13a93c8877da9
2,additive,5,1000,800,200,10000,10000,0.5,194,41260909,41760909,1041760909,2041260909,3041260909,0.1368168567560715,0.7496486272820592,0.7186567707988051,0.029179874007158612,0.5619730643858757,-0.037342692089033944,0.1263385146677771,0.5164675542149663,-1.1102230246251565e-16,6.860222967475238e-07,1358,0.005,1,1,0.9046729207038879,1.0,-0.09532707929611206,0.09532707929611206,-1.0981407165527344,-1.0,-0.09814071655273438,0.09814071655273438,0.4415162318648039,0.6390677926328225,0.6326521352869685,0.6392645835876465,7ba56a597a7a8c79d8e825b49b5c2054f3bc2f86a2c2ce3403781695495f2046
2,additive,5,1000,800,200,10000,10000,0.5,195,41260909,41760909,1041760909,2041260909,3041260909,0.13544238384648416,0.7671837442520348,0.7140780807113378,0.028676732609826085,0.5885708974445716,-0.05367006235100496,0.17390123424621348,0.5099075053523878,1.1102230246251565e-16,5.881909324045864e-07,1365,0.005,1,1,0.9061683416366577,1.0,-0.09383165836334229,0.09383165836334229,-1.0976742506027222,-1.0,-0.09767425060272217,0.09767425060272217,0.44186257219096076,0.6283054783359114,0.6316953113426642,0.6270269155502319,1681a4f5260e61b14b7cdd5828404f7ad304aacbf8f03c76f6e058fa842407f8
2,additive,5,1000,800,200,10000,10000,0.5,196,41260909,41760909,1041760909,2041260909,3041260909,0.13632040834069645,0.783257301603274,0.7279922281211122,0.0289808267230399,0.6134920005148422,-0.05625007151657022,0.17510490446234253,0.5299726842047415,-1.1102230246251565e-16,6.727806471928943e-07,1372,0.005,1,1,0.9051001667976379,1.0,-0.09489983320236206,0.09489983320236206,-1.0978635549545288,-1.0,-0.09786355495452881,0.09786355495452881,0.43986365900646496,0.6315083080996299,0.6347221932005152,0.629981517791748,247923051ec68b97f9a45b6e208ad4954fe1e34a49ff7e2a774bda4b4b040bd8
2,additive,5,1000,800,200,10000,10000,0.5,197,41260909,41760909,1041760909,2041260909,3041260909,0.14210907161850472,0.6952018216421743,0.687063956432116,0.03131975091312687,0.4833055728145975,-0.021284221749785833,0.08271735092867988,0.4720568802281527,-5.551115123125783e-17,7.002541959622022e-07,1379,0.005,1,1,0.8999876379966736,1.0,-0.10001236200332642,0.10001236200332642,-1.100957989692688,-1.0,-0.10095798969268799,0.10095798969268799,0.44214825766981636,0.6273922750361477,0.6267538572002737,0.6266520023345947,357d328101430c91ef3f716d44f03a1a02ba6131140764822e7ee68aa695d7cc
2,additive,5,1000,800,200,10000,10000,0.5,198,41260909,41760909,1041760909,2041260909,3041260909,0.14457307160826702,0.7542150895379333,0.7133374670526397,0.032372601819947666,0.5688404012867126,-0.04618133060279229,0.1536271849216785,0.5088503419010758,1.1102230246251565e-16,5.92330120952056e-07,1386,0.005,1,1,0.8980003595352173,1.0,-0.10199964046478271,0.10199964046478271,-1.102457046508789,-1.0,-0.10245704650878906,0.10245704650878906,0.43806249786393736,0.6288955625510577,0.6320236111628046,0.6282880306243896,dbd5ca70378d7698cf15157006275486353486b566dab9b11bc27a0c214a3715
2,additive,5,1000,800,200,10000,10000,0.5,199,41260909,41760909,1041760909,2041260909,3041260909,0.1447440140242814,0.866842025331531,0.7860012334139098,0.03223850452915252,0.7514150968808706,-0.08292783124091789,0.21164410165845304,0.6177979389281875,1.1102230246251565e-16,5.74409572351442e-07,1393,0.005,1,1,0.8966659307479858,1.0,-0.10333406925201416,0.10333406925201416,-1.1013553142547607,-1.0,-0.10135531425476074,0.10135531425476074,0.45636217868881684,0.6454479481963022,0.6469234208936175,0.6434965133666992,b57e162838020cc8db11d1e1bcbfcd7dd9e42c35a6ae4206aa332b5c4b6dc844
2,additive,5,1000,800,200,10000,10000,0.5,200,41260909,41760909,1041760909,2041260909,3041260909,0.14860177394971558,0.7238612709973525,0.705452267683036,0.03379159183393617,0.5239751396499027,-0.030051914752350445,0.10775800368158454,0.4976629019791379,-1.6653345369377348e-16,6.730324582093772e-07,1400,0.005,1,1,0.8928989768028259,1.0,-0.10710102319717407,0.10710102319717407,-1.1030138731002808,-1.0,-0.10301387310028076,0.10301387310028076,0.4394403920528343,0.6294003896883873,0.6302474442928917,0.6302769184112549,0c044174549b54615a108e6c22b1201a3bf065d206f4242d1d29dee750772c4b
2,additive,5,1000,800,200,10000,10000,0.5,201,41260909,41760909,1041760909,2041260909,3041260909,0.15110301580922286,0.6939371479088065,0.6880122802645452,0.03470257675784152,0.48154876524780865,-0.021445222105415475,0.08308054763441473,0.47336089779481916,-5.551115123125783e-17,5.772088780275908e-07,1407,0.005,1,1,0.8898962736129761,1.0,-0.11010372638702393,0.11010372638702393,-1.1034857034683228,-1.0,-0.10348570346832275,0.10348570346832275,0.4418662265535876,0.6246429275407097,0.6272505630283842,0.6244684457778931,e446c56e842e3c9932477ea177325fe84c77d1648d5071a06c98bca39231befd
2,additive,5,1000,800,200,10000,10000,0.5,202,41260909,41760909,1041760909,2041260909,3041260909,0.15323441348441005,0.7494983624163044,0.7144023685544011,0.03550641702097992,0.5617477952647221,-0.04344173404478187,0.14547150325999247,0.5103707441961383,0.0,6.24072992394531e-07,1414,0.005,1,1,0.8874638080596924,1.0,-0.11253619194030762,0.11253619194030762,-1.1040018796920776,-1.0,-0.10400187969207764,0.10400187969207764,0.43597121518909837,0.6334083903223141,0.6318543108456066,0.6330149173736572,d6615170228e338c5ca18128b6e52e0d29ba57a3ec079ececf097305f4e5c1dc
2,additive,5,1000,800,200,10000,10000,0.5,203,41260909,41760909,1041760909,2041260909,3041260909,0.15492363959511135,0.7505523090932438,0.7236381601259729,0.036308272091522896,0.5633287686852001,-0.03799242699310982,0.1267180791363302,0.5236521867905032,-1.1102230246251565e-16,6.565167787186965e-07,1421,0.005,1,1,0.8862925171852112,1.0,-0.11370748281478882,0.11370748281478882,-1.105223298072815,-1.0,-0.10522329807281494,0.10522329807281494,0.44159799012092976,0.6272720188440608,0.6324958342449901,0.6238712072372437,200484c14994ef2aaab1f58b9a4796287805d76b9849df59cbe96573cb852111
2,additive,5,1000,800,200,10000,10000,0.5,204,41260909,41760909,1041760909,2041260909,3041260909,0.15709802962482802,0.7630530553248284,0.7360556335938864,0.03740123644462388,0.5822499652405555,-0.038936652969941046,0.12567280710196457,0.5417778957452974,1.1102230246251565e-16,6.237104486217504e-07,1428,0.005,1,1,0.8850080966949463,1.0,-0.11499190330505371,0.11499190330505371,-1.107035756111145,-1.0,-0.10703575611114502,0.10703575611114502,0.43947598942027666,0.6266093030946255,0.6353657836404842,0.6292421817779541,1fbc49edb85acdaecaec2519ab704b0e78f9d8dcc46ee1a6cac7577d4ac9f40b
2,additive,5,1000,800,200,10000,10000,0.5,205,41260909,41760909,1041760909,2041260909,3041260909,0.15747767491215006,0.7470341302360208,0.7171127885989315,0.0373334388087571,0.5580599917374881,-0.04057133948705466,0.13628413551635055,0.5142507515721357,-1.1102230246251565e-16,5.754130363300192e-07,1435,0.005,1,1,0.883586049079895,1.0,-0.11641395092010498,0.11641395092010498,-1.1060519218444824,-1.0,-0.10605192184448242,0.10605192184448242,0.4348186396656133,0.62501729776525,0.631423185367977,0.622563362121582,18b29ff739a71c191ab8a1e98349c745d5373abc8125e392a05e572085faf353
2,additive,5,1000,800,200,10000,10000,0.5,206,41260909,41760909,1041760909,2041260909,3041260909,0.1580644318363349,0.7414227436149569,0.7111822128001579,0.03734168331993864,0.54970768474953,-0.04063461413306982,0.13843678689817213,0.505780139803329,0.0,6.120277298293786e-07,1442,0.005,1,1,0.8819604516029358,1.0,-0.11803954839706421,0.11803954839706421,-1.1051238775253296,-1.0,-0.10512387752532959,0.10512387752532959,0.431819065933384,0.627903504075315,0.6307612073255137,0.626859188079834,3e5475fe170903bb89e74500bf8b32b21ccca83ca69854359b7dcfb7d22a713a
2,additive,5,1000,800,200,10000,10000,0.5,207,41260909,41760909,1041760909,2041260909,3041260909,0.1552739124937382,0.8922144211095441,0.8072141427066776,0.03593079282021804,0.7960465732358388,-0.09019134693519026,0.2168120206508439,0.6515946721856763,0.0,6.407861068424836e-07,1449,0.005,1,1,0.8835902214050293,1.0,-0.1164097785949707,0.1164097785949707,-1.1027557849884033,-1.0,-0.10275578498840332,0.10275578498840332,0.4512060844748095,0.6453539337145426,0.6513683052804352,0.643573522567749,6fd95cad246422ebb84fce11c59d42cf72f333d65b96a1fec4e0481efc888967
2,additive,5,1000,800,200,10000,10000,0.5,208,41260909,41760909,1041760909,2041260909,3041260909,0.1602399742725018,0.7033594643448483,0.7134555722985728,0.03838707255152759,0.494714536083472,-0.012041377495557776,0.04517479332463311,0.509018853643884,0.0,6.540997024018225e-07,1456,0.005,1,1,0.8803801536560059,1.0,-0.11961984634399414,0.11961984634399414,-1.1066205501556396,-1.0,-0.10662055015563965,0.10662055015563965,0.4452126448157965,0.627809406415986,0.6318468625521421,0.6293721199035645,9e4b0989c6d77ca837f678a8e47d0ca117e8f4e63a56b1b1fa8aa8434fc42908
2,additive,5,1000,800,200,10000,10000,0.5,209,41260909,41760909,1041760909,2041260909,3041260909,0.156677037025944,0.772491875295693,0.7299153326411063,0.03659527267675945,0.5967436973978564,-0.05028128862501943,0.15878160353560944,0.5327763928245769,-1.1102230246251565e-16,6.592783403647218e-07,1463,0.005,1,1,0.8825905919075012,1.0,-0.11740940809249878,0.11740940809249878,-1.103743553161621,-1.0,-0.1037435531616211,0.1037435531616211,0.4341778560427205,0.6318576770098783,0.6334549146049472,0.6307121515274048,b666c531ce00dfa76e3f65839a9261608e94cdff114911847881b2817686385d
2,additive,5,1000,800,200,10000,10000,0.5,210,41260909,41760909,1041760909,2041260909,3041260909,0.15579825354404195,0.8279698957970988,0.7662232829763489,0.03584828128788043,0.6855341483462586,-0.06714215512954241,0.18614857354813774,0.5870981193750541,-1.1102230246251565e-16,6.283056084299687e-07,1470,0.005,1,1,0.8818233013153076,1.0,-0.11817669868469238,0.11817669868469238,-1.1015251874923706,-1.0,-0.1015251874923706,0.1015251874923706,0.4379886316033965,0.6317739553346539,0.6432073015765273,0.6311571598052979,e80fe305f9e5b0c8f63d3b457fc98c1b063ae855554ac02d15c4f734a95043de
2,additive,5,1000,800,200,10000,10000,0.5,211,41260909,41760909,1041760909,2041260909,3041260909,0.15731857245912134,0.7470757891165514,0.7196834540726635,0.03646361900429929,0.5581222346841179,-0.038320789811228925,0.12889909698830573,0.5179442740659596,2.220446049250313e-16,5.876508524238488e-07,1477,0.005,1,1,0.8803138732910156,1.0,-0.11968612670898438,0.11968612670898438,-1.1020997762680054,-1.0,-0.10209977626800537,0.10209977626800537,0.4307742577422003,0.6259561969616392,0.6320296503015986,0.624477744102478,b4b644af26d15c610de19a54b91742a12c6657b20da8a0cd502ecc4d9dfc7c96
2,additive,5,1000,800,200,10000,10000,0.5,212,41260909,41760909,1041760909,2041260909,3041260909,0.15858265389417836,0.7907946162939727,0.7383102211192373,0.03703161306821106,0.6253561251595317,-0.05864287780930288,0.17706510680951112,0.545101982609137,1.1102230246251565e-16,6.222599164829035e-07,1484,0.005,1,1,0.8792707920074463,1.0,-0.12072920799255371,0.12072920799255371,-1.1028246879577637,-1.0,-0.10282468795776367,0.10282468795776367,0.43387454329505987,0.6256677350221737,0.6355403206283426,0.6222835779190063,f31fa3c94f3b348c9a01394dbc681a65273f1e41473544cbfeeb52a54965ee3f
2,additive,5,1000,800,200,10000,10000,0.5,213,41260909,41760909,1041760909,2041260909,3041260909,0.16381881752004873,0.7141491861458872,0.7392869815504054,0.03982352980228576,0.510009060072833,-0.0016436743926046677,0.005978817636029864,0.5465452410899094,0.0,5.817449562073307e-07,1491,0.005,1,1,0.8764908313751221,1.0,-0.12350916862487793,0.12350916862487793,-1.107620120048523,-1.0,-0.10762012004852295,0.10762012004852295,0.4506973392670845,0.6269985341164135,0.6375501039698592,0.627133846282959,e45f13ddfb3fd62ce942ea8d18f44f94c7fd50480b9b356a3bbdcafb748667dc
2,additive,5,1000,800,200,10000,10000,0.5,214,41260909,41760909,1041760909,2041260909,3041260909,0.15984073314158767,0.8071315961487101,0.752792573444227,0.037967169377451225,0.6514614135015645,-0.061365962123116936,0.17801977941458724,0.5666966586327818,0.0,6.272654609063011e-07,1498,0.005,1,1,0.8797142505645752,1.0,-0.1202857494354248,0.1202857494354248,-1.1052634716033936,-1.0,-0.10526347160339355,0.10526347160339355,0.4330562556461723,0.6322570552924948,0.6384653708028764,0.6321438550949097,86ee8929e6d6a5e829803185cc42594e2890a5fd5212b3e54a709d006c87b40d
2,additive,5,1000,800,200,10000,10000,0.5,215,41260909,41760909,1041760909,2041260909,3041260909,0.15204502165636122,0.8483019508026093,0.7755172478045453,0.03483440800203511,0.7196161997355125,-0.07651180304760549,0.2028278651058409,0.6014270016423365,-1.1102230246251565e-16,5.842761172658584e-07,1505,0.005,1,1,0.8877538442611694,1.0,-0.11224615573883057,0.11224615573883057,-1.1025596857070923,-1.0,-0.10255968570709229,0.10255968570709229,0.4398380874696842,0.6340225410182803,0.6437309491645832,0.6316324472427368,fa4333da1b6213ac912bd7dde1caa4f46e02e0f2ca7d0737253690e89927ac15
2,additive,5,1000,800,200,10000,10000,0.5,216,41260909,41760909,1041760909,2041260909,3041260909,0.15205262732829483,0.7484617524255247,0.7233703882946991,0.035014193351123706,0.5601949948438875,-0.035972234766693735,0.1208725788517498,0.5232647186616237,1.1102230246251565e-16,5.731333505565317e-07,1512,0.005,1,1,0.888588547706604,1.0,-0.111411452293396,0.111411452293396,-1.1034770011901855,-1.0,-0.10347700119018555,0.10347700119018555,0.4348372592926246,0.6252707216118567,0.6338787821665379,0.6257286071777344,141f7685006999e67901d2a241360a8750e53e80f3970c5d23578a4f9b68f43f
2,additive,5,1000,800,200,10000,10000,0.5,217,41260909,41760909,1041760909,2041260909,3041260909,0.15227003370170727,0.7313908988189813,0.7193798455895727,0.03524389397582414,0.5349326468752374,-0.026334589305292137,0.09237345775743205,0.5175073622404774,1.1102230246251565e-16,6.779624825981045e-07,1519,0.005,1,1,0.8890617489814758,1.0,-0.11093825101852417,0.11093825101852417,-1.1043018102645874,-1.0,-0.1043018102645874,0.1043018102645874,0.43989900376751395,0.625646463019461,0.6323167198090625,0.6220500469207764,af55b72eb18b0b160068dbd5ad4c191ccd2f9f58e6763b5a0ada06683bb96b9c
2,additive,5,1000,800,200,10000,10000,0.5,218,41260909,41760909,1041760909,2041260909,3041260909,0.15096569617310027,0.7994478944045953,0.754612462701235,0.0342001171383918,0.6391169358679409,-0.051938542071154906,0.15427662744988105,0.5694399688640229,0.0,6.428744612207993e-07,1526,0.005,1,1,0.8878889679908752,1.0,-0.11211103200912476,0.11211103200912476,-1.1011027097702026,-1.0,-0.10110270977020264,0.10110270977020264,0.4319281670233988,0.6295850535235108,0.6387770321930336,0.630631148815155,abe0a0d48fef66b792f2405bd81d488f35f7abe8d4a86a19e757c845812140a5
2,additive,5,1000,800,200,10000,10000,0.5,219,41260909,41760909,1041760909,2041260909,3041260909,0.14974162238193872,0.8918179838769394,0.8088297128376606,0.03304417691722045,0.7953393163663289,-0.08708899445724845,0.21026250562295679,0.6542055043690526,0.0,6.385220654436807e-07,1533,0.005,1,1,0.8861138820648193,1.0,-0.11388611793518066,0.11388611793518066,-1.0972239971160889,-1.0,-0.09722399711608887,0.09722399711608887,0.4474991854823765,0.6402661030646076,0.6512671261583687,0.6371499300003052,da59b2013408462407d7fc3df4dfb2d2660ee40a177633bdd345eff489f28eb2
2,additive,5,1000,800,200,10000,10000,0.5,220,41260909,41760909,1041760909,2041260909,3041260909,0.15692946873092858,0.7436228104740406,0.7271395164510013,0.03612791239653332,0.5529748842573108,-0.030185460134624087,0.10247943247283892,0.528731876384596,0.0,6.736334086099305e-07,1540,0.005,1,1,0.879986584186554,1.0,-0.12001341581344604,0.12001341581344604,-1.1011120080947876,-1.0,-0.1011120080947876,0.1011120080947876,0.43145818116871615,0.6291900572040251,0.6340651641996082,0.6285932064056396,0f9b828eeab6e46165a7bc1d6bf08a07c3fa4a83d7ca0fbe24bec817eb46d267
2,additive,5,1000,800,200,10000,10000,0.5,221,41260909,41760909,1041760909,2041260909,3041260909,0.15841182599178247,0.7614001590302545,0.7223276103506616,0.03661503289035203,0.5797302021712968,-0.04729402919337579,0.1534660333299901,0.5217571766748973,0.0,6.154857672413527e-07,1547,0.005,1,1,0.8780820369720459,1.0,-0.1219179630279541,0.1219179630279541,-1.1011450290679932,-1.0,-0.10114502906799316,0.10114502906799316,0.4288146129161137,0.6240712755473896,0.6331099224574488,0.6209647059440613,cf116ba212de46548e21b032eeac87100a17b1ba7163a6045fa48c65fdafb636
2,additive,5,1000,800,200,10000,10000,0.5,222,41260909,41760909,1041760909,2041260909,3041260909,0.1627825717873307,0.7172773743726216,0.7117964286094514,0.038625270947997205,0.5144868317868819,-0.02322897347685461,0.08399372699312949,0.5066541557811698,-1.1102230246251565e-16,6.284762932295962e-07,1554,0.005,1,1,0.8745762705802917,1.0,-0.12542372941970825,0.12542372941970825,-1.1037644147872925,-1.0,-0.10376441478729248,0.10376441478729248,0.43182570260024095,0.6209174569236086,0.6312314450303047,0.6202473044395447,dfc0ca36106b756a230a098bfaea846e49c9534f762c53d70e2a38bf090f0afc
2,additive,5,1000,800,200,10000,10000,0.5,223,41260909,41760909,1041760909,2041260909,3041260909,0.16306365439290882,0.8124492782162538,0.7590546335025382,0.03866915003396521,0.6600738296741118,-0.061289521533202204,0.17542794221362462,0.5761639366416726,1.1102230246251565e-16,6.37271321934918e-07,1561,0.005,1,1,0.8740290999412537,1.0,-0.12597090005874634,0.12597090005874634,-1.103542685508728,-1.0,-0.10354268550872803,0.10354268550872803,0.42572509165096506,0.6370373383335267,0.6402315117180413,0.6348341703414917,3a58cd0d2241eed5f6e8172706f8c045df4a371c4b5d7a8bd367e388d5ccd0e2
2,additive,5,1000,800,200,10000,10000,0.5,224,41260909,41760909,1041760909,2041260909,3041260909,0.16559030665217292,0.7459064581949326,0.7334565462120914,0.04022856454799012,0.5563764443769087,-0.029323251871764443,0.09830038780467457,0.5379585051813699,-1.1102230246251565e-16,5.97969100013529e-07,1568,0.005,1,1,0.8733738660812378,1.0,-0.1266261339187622,0.1266261339187622,-1.1067050695419312,-1.0,-0.10670506954193115,0.10670506954193115,0.43924156659452995,0.6252051581436524,0.6346847545375109,0.6226452589035034,cc346cd00e6ab47b33a84ae167304a71500d560198f5022e2710f7dc4b93c64a
2,additive,5,1000,800,200,10000,10000,0.5,225,41260909,41760909,1041760909,2041260909,3041260909,0.16373109893163093,0.8004728001866895,0.7603500328985707,0.039008404284226784,0.6407567038387199,-0.050816467797044525,0.14951184516476693,0.5781321725288575,-1.1102230246251565e-16,5.836323193619819e-07,1575,0.005,1,1,0.8735941648483276,1.0,-0.12640583515167236,0.12640583515167236,-1.1040645837783813,-1.0,-0.10406458377838135,0.10406458377838135,0.4350721311832145,0.6295947298564429,0.640331904508051,0.6308693885803223,4be3d09f3c4e65d4ffbdc0fc7e249f08c802684d7cd1645e2d3c0d3490c834f0
2,additive,5,1000,800,200,10000,10000,0.5,226,41260909,41760909,1041760909,2041260909,3041260909,0.16386622367561304,0.7581152346611488,0.7308762249028583,0.03888561281249558,0.5747387090253288,-0.03972213285478544,0.129467269927686,0.5341800561282535,0.0,5.773667837161156e-07,1582,0.005,1,1,0.8728116750717163,1.0,-0.1271883249282837,0.1271883249282837,-1.1033211946487427,-1.0,-0.10332119464874268,0.10332119464874268,0.4237111508108822,0.6198862978166012,0.633962127636198,0.6168897151947021,8e7f686fd283a3cdf8eca92dcf5d58c62e25a4189ea3e9dfef2f832e75f95ea2
2,additive,5,1000,800,200,10000,10000,0.5,227,41260909,41760909,1041760909,2041260909,3041260909,0.16313567322265315,0.7590584631243267,0.7391083152754166,0.03849991447606731,0.5761697504406648,-0.03419428160373366,0.11126067725618405,0.5462811017092647,0.0,6.955848537160136e-07,1589,0.005,1,1,0.8732358813285828,1.0,-0.12676411867141724,0.12676411867141724,-1.102684497833252,-1.0,-0.10268449783325195,0.10268449783325195,0.42953204143220475,0.6273166281611862,0.6363374386890548,0.6271266937255859,9c065a4da3f14b52986ececf9fad7b2df5af3eb530afbaa08fb470832ec442b9
2,additive,5,1000,800,200,10000,10000,0.5,228,41260909,41760909,1041760909,2041260909,3041260909,0.15974806868828015,0.8550490164872178,0.7846461260966354,0.036769582404730966,0.7311088205957583,-0.07610442990101615,0.19822000359337535,0.615669543198457,1.1102230246251565e-16,7.096307292897563e-07,1596,0.005,1,1,0.8753309845924377,1.0,-0.12466901540756226,0.12466901540756226,-1.09988534450531,-1.0,-0.09988534450531006,0.09988534450531006,0.4340319767341544,0.6286013333436126,0.6451732082123639,0.6240858435630798,84fb96b5f54ebeb2f74ebfe4768d6a52f8ef2741da8fdc88c96fe65707e231c2
2,additive,5,1000,800,200,10000,10000,0.5,229,41260909,41760909,1041760909,2041260909,3041260909,0.16622452440557225,0.7782133200260546,0.7555698460136744,0.039231121571745874,0.6056159714659745,-0.03698065041629631,0.11469587384534623,0.5708857922051277,-1.1102230246251565e-16,6.200687288071549e-07,1603,0.005,1,1,0.8683278560638428,1.0,-0.13167214393615723,0.13167214393615723,-1.1014546155929565,-1.0,-0.10145461559295654,0.10145461559295654,0.4341094853506582,0.6231035772456415,0.640613842820216,0.6240296959877014,6f85f7a078970b2ca7c8282735164175753d3cdd609e49a4f5bfd594047c2982
2,additive,5,1000,800,200,10000,10000,0.5,230,41260909,41760909,1041760909,2041260909,3041260909,0.16491010795447683,0.7847714540360113,0.7458851132407246,0.038470333768484195,0.6158662350697954,-0.048995983342075625,0.14975774142980863,0.5563446021541285,1.1102230246251565e-16,6.374101140238508e-07,1610,0.005,1,1,0.8689029216766357,1.0,-0.13109707832336426,0.13109707832336426,-1.1000444889068604,-1.0,-0.10004448890686035,0.10004448890686035,0.4247347106101851,0.623349249381752,0.6379275195981591,0.6187328100204468,06d361509ce6f2346b8ddb84aca1060718b5ea60488501a626155dfbb0962b84
2,additive,5,1000,800,200,10000,10000,0.5,231,41260909,41760909,1041760909,2041260909,3041260909,0.1630606873753562,0.8621890600418151,0.791057805929013,0.0372298399923716,0.7433699752557886,-0.07741368146346815,0.1983440937373463,0.6257724523212239,0.0,6.41089798136818e-07,1617,0.005,1,1,0.869143009185791,1.0,-0.13085699081420898,0.13085699081420898,-1.0972894430160522,-1.0,-0.09728944301605225,0.09728944301605225,0.4295568216197161,0.629952560775758,0.6468864712673883,0.6270053386688232,9b38da66fd94c75dc37739f6e0270db36ad9b98e269cf388fbfefe70125b7394
2,additive,5,1000,800,200,10000,10000,0.5,232,41260909,41760909,1041760909,2041260909,3041260909,0.1669226348487016,0.731356134145013,0.7288549346443898,0.03919666551006285,0.5348817949515383,-0.021424472353061726,0.07463952692401969,0.5312295157554777,0.0,6.729672428207323e-07,1624,0.005,1,1,0.8666110634803772,1.0,-0.1333889365196228,0.1333889365196228,-1.100352168083191,-1.0,-0.10035216808319092,0.10035216808319092,0.42989283270951084,0.6166794770571381,0.6346734008452427,0.615487277507782,02bfc82c0b387a831bc2c821670f005cebfeb230d2798ab3d6447c7962fb2b47
2,additive,5,1000,800,200,10000,10000,0.5,233,41260909,41760909,1041760909,2041260909,3041260909,0.16867606602645907,0.749098673516247,0.743800494531911,0.04025510763179402,0.5611488226638008,-0.024082377314839722,0.08008719631414127,0.5532391756659154,-1.1102230246251565e-16,6.343628857763406e-07,1631,0.005,1,1,0.8659334182739258,1.0,-0.13406658172607422,0.13406658172607422,-1.1023609638214111,-1.0,-0.10236096382141113,0.10236096382141113,0.43972595670759645,0.6223083384241217,0.6379315591410177,0.6173312664031982,c7b3b370b1bb62e93bfae605fed715f9e7c6f426b02c5adcad550550dfaccfe8
2,additive,5,1000,800,200,10000,10000,0.5,234,41260909,41760909,1041760909,2041260909,3041260909,0.1677106914807036,0.8024323292407964,0.7511312078437393,0.040005871261548864,0.64389764301081,-0.059852711437782,0.17503261845777315,0.5641980913967948,-1.1102230246251565e-16,6.451109761940188e-07,1638,0.005,1,1,0.8673779964447021,1.0,-0.13262200355529785,0.13262200355529785,-1.1026561260223389,-1.0,-0.10265612602233887,0.10265612602233887,0.42243484665839903,0.6230348009206562,0.6383061965403792,0.6230931282043457,e23368405ae301551ff78a1499cf8ca1234a7942bedd59cdf13cdf7774ea1ae8
2,additive,5,1000,800,200,10000,10000,0.5,235,41260909,41760909,1041760909,2041260909,3041260909,0.16814189826590575,0.8718215597732897,0.797118098022629,0.04027367427938236,0.7600728320855317,-0.08247462208485017,0.2060972876846576,0.6353972621952136,0.0,6.433437036434952e-07,1645,0.005,1,1,0.8672382831573486,1.0,-0.13276171684265137,0.13276171684265137,-1.1031795740127563,-1.0,-0.10317957401275635,0.10317957401275635,0.4326131404268205,0.6394527589534444,0.6484003591455306,0.6374555826187134,67cbd7a503073a6f179b793b290bee4e28ed07f41c52edd8cd752ebb78fc4d25
2,additive,5,1000,800,200,10000,10000,0.5,236,41260909,41760909,1041760909,2041260909,3041260909,0.1708213755849485,0.8030406948659929,0.7673180381068482,0.04174734160427273,0.6448743576108569,-0.04892236380549364,0.14250165370950643,0.5887769716041424,1.1102230246251565e-16,6.595495882777413e-07,1652,0.005,1,1,0.8657057285308838,1.0,-0.1342942714691162,0.1342942714691162,-1.105569839477539,-1.0,-0.10556983947753906,0.10556983947753906,0.42150142583076144,0.632867751184392,0.6416120911279574,0.6322537660598755,29193cc8b82ebf9f293d16fd0ea9cc3c0d4f2744480d0bb37e9e63da85413904
2,additive,5,1000,800,200,10000,10000,0.5,237,41260909,41760909,1041760909,2041260909,3041260909,0.1705685529194531,0.8270348122056846,0.7690544317220578,0.04155853880392931,0.683986580600092,-0.06705020022634207,0.1848271001572406,0.5914447189513372,0.0,6.516110602206027e-07,1659,0.005,1,1,0.8656912446022034,1.0,-0.13430875539779663,0.13430875539779663,-1.1051417589187622,-1.0,-0.10514175891876221,0.10514175891876221,0.42377268424824904,0.6264806135815243,0.6418165488599777,0.6241791248321533,5c6771315ddabadc0d22a3a2fc77341cfe71c96e90560346170696ec8d5f772c
2,additive,5,1000,800,200,10000,10000,0.5,238,41260909,41760909,1041760909,2041260909,3041260909,0.17398828195312604,0.8417791159670899,0.7889693472316601,0.04285289277134012,0.7085920800783353,-0.06448617098926178,0.17163245033023083,0.6224726308711519,1.1102230246251565e-16,5.61727050651939e-07,1666,0.005,1,1,0.8617798089981079,1.0,-0.1382201910018921,0.1382201910018921,-1.1056745052337646,-1.0,-0.10567450523376465,0.10567450523376465,0.4330201075225421,0.6282250536684673,0.6464616574483134,0.6307128667831421,836305f012adeaaab02291cf91c16a4564065d2deef9db7cf5e27bf5405982b1
2,additive,5,1000,800,200,10000,10000,0.5,239,41260909,41760909,1041760909,2041260909,3041260909,0.17609325689584657,0.7297982835349102,0.7359991289971212,0.04388145673385094,0.5326055346505012,-0.017396136749915622,0.0603522265372936,0.5416947178845211,2.220446049250313e-16,7.033514979326583e-07,1673,0.005,1,1,0.8600631356239319,1.0,-0.13993686437606812,0.13993686437606812,-1.106894850730896,-1.0,-0.106894850730896,0.106894850730896,0.44680943752999736,0.6190629974613568,0.6367083852177635,0.6165972948074341,cabf67c5d81ad2fafae5cf0b01f57d6a11ae62266166f13989a09e23d1cb29cc
2,additive,5,1000,800,200,10000,10000,0.5,240,41260909,41760909,1041760909,2041260909,3041260909,0.1740759301327872,0.8092280773244493,0.7587321983021605,0.04242327875766024,0.6548500811302249,-0.06079940557372804,0.17439187862706815,0.575674548740429,-1.1102230246251565e-16,5.686181481223684e-07,1680,0.005,1,1,0.8602842092514038,1.0,-0.1397157907485962,0.1397157907485962,-1.1038360595703125,-1.0,-0.1038360595703125,0.1038360595703125,0.4175830250830579,0.6256679045346424,0.6402758010260128,0.6235304474830627,e3f34c9c8728cc09f2efebc16f196bdf7c694694410b7177f6c637f967373a6a
2,additive,5,1000,800,200,10000,10000,0.5,241,41260909,41760909,1041760909,2041260909,3041260909,0.17812148250339022,0.7627573397690642,0.7371011287754278,0.04396474862904645,0.5817987593715798,-0.041222716979308224,0.13175174471588705,0.5433180740420098,1.1102230246251565e-16,6.959768406034073e-07,1687,0.005,1,1,0.8557516932487488,1.0,-0.14424830675125122,0.14424830675125122,-1.1044973134994507,-1.0,-0.10449731349945068,0.10449731349945068,0.41616495872105247,0.6183954076913597,0.6354244821398017,0.6170564889907837,eccfccfd27d938862274439577674d9b3f0e0a22a416c138a5902b9bbb11714c
2,additive,5,1000,800,200,10000,10000,0.5,242,41260909,41760909,1041760909,2041260909,3041260909,0.18218962960305596,0.7831689236903764,0.7392669630906838,0.04574565513625199,0.6133535630343425,-0.05629178772663611,0.17081430587303814,0.5465156427173224,2.220446049250313e-16,6.919788848591679e-07,1694,0.005,1,1,0.8517820239067078,1.0,-0.14821797609329224,0.14821797609329224,-1.1059457063674927,-1.0,-0.10594570636749268,0.10594570636749268,0.41859496005891855,0.6167575888307789,0.6353016205710835,0.6156727075576782,2e5f34921206a3c31e1ef66097288968c19e80b7c099808ef5863738539ecc38
2,additive,5,1000,800,200,10000,10000,0.5,243,41260909,41760909,1041760909,2041260909,3041260909,0.18105796029960408,0.8898227716657203,0.8102063915190273,0.04457505378502079,0.7917845649748647,-0.08996261095080106,0.21512901611436805,0.6564343968582833,-1.1102230246251565e-16,6.83118610567135e-07,1701,0.005,1,1,0.8511136174201965,1.0,-0.14888638257980347,0.14888638257980347,-1.1030282974243164,-1.0,-0.1030282974243164,0.1030282974243164,0.43230201067557744,0.6368516984373632,0.6504419793599836,0.6357674598693848,1c909006a65db31d98943586f253d16be5def961dd0a2bbd9ac38bdd20c46f14
2,additive,5,1000,800,200,10000,10000,0.5,244,41260909,41760909,1041760909,2041260909,3041260909,0.18142054723431583,0.8470189414558512,0.7791649951165229,0.044538299160582946,0.7174410871849907,-0.07744064836532111,0.20326179356825844,0.6070980896149313,-1.1102230246251565e-16,5.854455551457249e-07,1708,0.005,1,1,0.8502663373947144,1.0,-0.14973366260528564,0.14973366260528564,-1.1024365425109863,-1.0,-0.10243654251098633,0.10243654251098633,0.42106673360213054,0.6276296931309596,0.6437780854027274,0.623222827911377,ba66c6690705bd6842d3b4633d6e51832e89e67f8e1973972af69ff6734715f8
2,additive,5,1000,800,200,10000,10000,0.5,245,41260909,41760909,1041760909,2041260909,3041260909,0.18289735638877294,0.7572720379273087,0.7471823463943641,0.044613702226448344,0.5734609394265793,-0.02989659144482001,0.09674103880030478,0.5582814587633875,-1.1102230246251565e-16,6.310245126428526e-07,1715,0.005,1,1,0.8474462628364563,1.0,-0.1525537371635437,0.1525537371635437,-1.100890040397644,-1.0,-0.10089004039764404,0.10089004039764404,0.42345063225980595,0.617834461260886,0.6385716693387968,0.6171496510505676,bfa0e5002500117694ac6d20dbcc0da96c240b49cfd72f9e5c53c974b76fc808
2,additive,5,1000,800,200,10000,10000,0.5,246,41260909,41760909,1041760909,2041260909,3041260909,0.17959748870963763,0.7630361072879475,0.7418468565907174,0.042699223452905,0.582224101025144,-0.03729328292226023,0.11935314769506636,0.5503367586335284,-1.1102230246251565e-16,5.759616055200922e-07,1722,0.005,1,1,0.849427342414856,1.0,-0.15057265758514404,0.15057265758514404,-1.097893476486206,-1.0,-0.09789347648620605,0.09789347648620605,0.4208364656749887,0.616215157057804,0.6369659495848302,0.61295485496521,f326e5951b6b39e77b18f2d3d32ba5e51b8e467e8b929b5a307a77848b2c1654
2,additive,5,1000,800,200,10000,10000,0.5,247,41260909,41760909,1041760909,2041260909,3041260909,0.1823187345817061,0.760274997689639,0.7362700466409273,0.04398817695868662,0.5780180721119806,-0.039956333745017024,0.12847566661819024,0.5420935815806333,0.0,7.168096196608076e-07,1729,0.005,1,1,0.8471110463142395,1.0,-0.1528889536857605,0.1528889536857605,-1.0993231534957886,-1.0,-0.09932315349578857,0.09932315349578857,0.41403067687005113,0.6188423362283769,0.6356814299552851,0.6157510876655579,b64a7653b271edbf2d65095e9b209f2a2ff226568e25bc2e8ae150d5dcad3d3d
2,additive,5,1000,800,200,10000,10000,0.5,248,41260909,41760909,1041760909,2041260909,3041260909,0.18526721189323572,0.7652913322752296,0.742695232512993,0.04543166572638569,0.5856708232555958,-0.039753140292226444,0.12597998260584084,0.5515962083975287,0.0,6.593239501029302e-07,1736,0.005,1,1,0.8446598649024963,1.0,-0.15534013509750366,0.15534013509750366,-1.1009622812271118,-1.0,-0.10096228122711182,0.10096228122711182,0.4128753112855965,0.6184471449982412,0.6364078023262877,0.617938756942749,32078d888a23710a1dfd9b1c64bba3abe03b60b2b4f776ec37086b49bdf516c2
2,additive,5,1000,800,200,10000,10000,0.5,249,41260909,41760909,1041760909,2041260909,3041260909,0.18478132144939388,0.778899992730821,0.7574412118278244,0.045315177450715886,0.6066851986760731,-0.039141593375792955,0.12006616808509761,0.5737171893752031,0.0,6.802204204348072e-07,1743,0.005,1,1,0.8453505635261536,1.0,-0.15464943647384644,0.15464943647384644,-1.1011320352554321,-1.0,-0.10113203525543213,0.10113203525543213,0.422072976915085,0.6217122884784265,0.6390437935987259,0.6182142496109009,776dbe9106a84705250ced1059c5016665b3480c26c9572747053a83997c47d9
2,additive,5,1000,800,200,10000,10000,0.5,250,41260909,41760909,1041760909,2041260909,3041260909,0.18190779643405922,0.8805540232303264,0.8139521144220083,0.04330545616780322,0.7753753878271141,-0.07808139971142965,0.1907493018412787,0.6625180445720582,1.1102230246251565e-16,6.748172580728351e-07,1750,0.005,1,1,0.8463310599327087,1.0,-0.15366894006729126,0.15366894006729126,-1.097346305847168,-1.0,-0.09734630584716797,0.09734630584716797,0.42825705585606466,0.6294130050412449,0.6512871805719702,0.6292157173156738,1d78686448cea393a07f5d901bb61142f80c63c1deb6d4a2dbd3effdf67b3344
2,additive,5,1000,800,200,10000,10000,0.5,251,41260909,41760909,1041760909,2041260909,3041260909,0.18193532309719965,0.9506337404912737,0.8629829477556881,0.04348821050996384,0.9037045085604303,-0.10122657547664878,0.21374018916867485,0.7447395681170966,0.0,6.356038646515572e-07,1757,0.005,1,1,0.8466973304748535,1.0,-0.15330266952514648,0.15330266952514648,-1.0979732275009155,-1.0,-0.09797322750091553,0.09797322750091553,0.4459118755877954,0.6483732008678235,0.6629240780558056,0.6433905363082886,a8e1707d1e9e6056b257e75934d03a5eaeebb0026f4ce6ce4d775842a9e57aca
2,additive,5,1000,800,200,10000,10000,0.5,252,41260909,41760909,1041760909,2041260909,3041260909,0.18532399635036678,0.8372647825046046,0.8132733246957676,0.04535315695751447,0.7010123160224828,-0.042475986159144906,0.11382087649245604,0.6614135006617076,0.0,6.471292941512274e-07,1764,0.005,1,1,0.8443667888641357,1.0,-0.15563321113586426,0.15563321113586426,-1.1006145477294922,-1.0,-0.10061454772949219,0.10061454772949219,0.4376322066884306,0.639043726960335,0.6528386985567216,0.641740083694458,53f000fcd002bff821379a6627a384ba92984026e9f031768319284cf38952a5
2,additive,5,1000,800,200,10000,10000,0.5,253,41260909,41760909,1041760909,2041260909,3041260909,0.18247304407529996,0.7861687539486417,0.7644060231321244,0.04462117137551133,0.6180613096851599,-0.0391829564300007,0.11825559766507043,0.5843165682006698,-1.1102230246251565e-16,5.699327054742298e-07,1771,0.005,1,1,0.8483191728591919,1.0,-0.1516808271408081,0.1516808271408081,-1.1014363765716553,-1.0,-0.10143637657165527,0.10143637657165527,0.43243169927869685,0.6241351692098378,0.6422808588500005,0.620185136795044,d859cd01275a63878386260bb1198d5939eb660ceba5d9dc347ed44b74725728
2,additive,5,1000,800,200,10000,10000,0.5,254,41260909,41760909,1041760909,2041260909,3041260909,0.18063783374772538,0.7873057353058827,0.7740682426564586,0.044354369680629356,0.6198503208455366,-0.03251152311845395,0.09789609613475976,0.599181644289258,0.0,6.609826375125749e-07,1778,0.005,1,1,0.8514228463172913,1.0,-0.14857715368270874,0.14857715368270874,-1.1027368307113647,-1.0,-0.10273683071136475,0.10273683071136475,0.4202531575990912,0.6285867178864919,0.6435723903157415,0.6276999711990356,d36387e82341810bf887309192ce7ac64379010ddc9a5c2b1785e54fcf322087
2,additive,5,1000,800,200,10000,10000,0.5,255,41260909,41760909,1041760909,2041260909,3041260909,0.1754733329811021,0.8700085299315015,0.8008352152116655,0.04192731738457793,0.7569148421535722,-0.07875255880751778,0.19716675657941865,0.6413370419231145,-1.1102230246251565e-16,5.718386724140601e-07,1785,0.005,1,1,0.8558646440505981,1.0,-0.14413535594940186,0.14413535594940186,-1.1000794172286987,-1.0,-0.10007941722869873,0.10007941722869873,0.4176869011191605,0.6312031777569964,0.6485371181315495,0.627426028251648,d5472f16ec7f164f7e69ddcf10b852ffb325b1a534a737855236b1de45f06867
2,additive,5,1000,800,200,10000,10000,0.5,256,41260909,41760909,1041760909,2041260909,3041260909,0.17457420853570496,0.818675187310387,0.7767504469323293,0.041806928776262256,0.6702290623176973,-0.05434736714219306,0.15265342713559948,0.6033412568095734,0.0,7.013869467442646e-07,1792,0.005,1,1,0.8574394583702087,1.0,-0.14256054162979126,0.14256054162979126,-1.1007603406906128,-1.0,-0.10076034069061279,0.10076034069061279,0.4114100044367086,0.6255971740741341,0.6435001894531799,0.6238425970077515,e68a40430e213903fe71ad0ed161816d678e582b5c52c011a978241d5ea30071
2,additive,5,1000,800,200,10000,10000,0.5,257,41260909,41760909,1041760909,2041260909,3041260909,0.17502397106623171,0.7730904993351417,0.766636003156262,0.04227200991769465,0.5976689201622587,-0.026105084372272522,0.0815859187785066,0.5877307613354082,0.0,6.395946172688127e-07,1799,0.005,1,1,0.8577621579170227,1.0,-0.1422378420829773,0.1422378420829773,-1.1019891500473022,-1.0,-0.10198915004730225,0.10198915004730225,0.4175615117495365,0.6194298976386167,0.64256770440091,0.6208601593971252,e0a98a490547ecbb0604010a60947f821082f526d664a19a710dc30cae14d61b
2,additive,5,1000,800,200,10000,10000,0.5,258,41260909,41760909,1041760909,2041260909,3041260909,0.1743302056980039,0.8042316743131632,0.7676048644998447,0.041715819519950216,0.6467885859685539,-0.04964358874233966,0.14420703294444948,0.5892172280038248,0.0,6.43376800724127e-07,1806,0.005,1,1,0.8577094078063965,1.0,-0.14229059219360352,0.14229059219360352,-1.1007194519042969,-1.0,-0.10071945190429688,0.10071945190429688,0.419745993076387,0.6278570361509374,0.6422919395959196,0.6226241588592529,afe1128d7d224c84e11a0128fa0ae16a302f0887b6df1f042a631db3994dd1d8
2,additive,5,1000,800,200,10000,10000,0.5,259,41260909,41760909,1041760909,2041260909,3041260909,0.17525015401972935,0.7804714976361662,0.7637549292188284,0.04203982379407802,0.6091357586224402,-0.033926995255230255,0.10420229557541726,0.5833215919060576,-1.1102230246251565e-16,5.835772665108152e-07,1813,0.005,1,1,0.8566380739212036,1.0,-0.1433619260787964,0.1433619260787964,-1.1007966995239258,-1.0,-0.10079669952392578,0.10079669952392578,0.4105424726764646,0.6209983073213085,0.6413105721354195,0.6204977631568909,bf3a7e09e8b8e83549767428b7692ffcdbb5491667e38d6de7cdbe1d5c9b3cc9
2,additive,5,1000,800,200,10000,10000,0.5,260,41260909,41760909,1041760909,2041260909,3041260909,0.1732883049597145,0.7917674458606256,0.7661635135438976,0.040976629796210855,0.6268956883246588,-0.04043289431746987,0.12107971305423212,0.58700652948593,1.1102230246251565e-16,6.489460879777198e-07,1820,0.005,1,1,0.8578951954841614,1.0,-0.14210480451583862,0.14210480451583862,-1.0991718769073486,-1.0,-0.09917187690734863,0.09917187690734863,0.40967226388411504,0.6193635133789146,0.6415161945399629,0.6190978288650513,c01ad68ddb12ddf26c9d0c5708c93d97119bce507e257c06cb67fbd2d6bc284c
2,additive,5,1000,800,200,10000,10000,0.5,261,41260909,41760909,1041760909,2041260909,3041260909,0.17451306562796903,0.8129254476530077,0.7755537983462033,0.04142566266183096,0.6608477834418429,-0.05039487598722515,0.14351924102163915,0.6014836941292234,-2.220446049250313e-16,5.895036085945549e-07,1827,0.005,1,1,0.8565355539321899,1.0,-0.14346444606781006,0.14346444606781006,-1.099361777305603,-1.0,-0.09936177730560303,0.09936177730560303,0.4132497917840503,0.6242470378645397,0.6437366412756402,0.6194007396697998,c12c3cf6dc0b3de4aa638e6ed56825faa9ac0478c8cc26e2b28ea90d3147d6c8
2,additive,5,1000,800,200,10000,10000,0.5,262,41260909,41760909,1041760909,2041260909,3041260909,0.17492970886638903,0.8009576806436765,0.7783342739183031,0.04192495586297133,0.6415332061820975,-0.03882696004456847,0.11361912755095059,0.6058042419559321,2.220446049250313e-16,6.698553178807742e-07,1834,0.005,1,1,0.857005774974823,1.0,-0.142994225025177,0.142994225025177,-1.1007623672485352,-1.0,-0.10076236724853516,0.10076236724853516,0.4137473149887805,0.619791280432374,0.6451032269706956,0.6207448244094849,a9c346fe717b56bf209bffe9212f041c3b4d3799a68e1bb06ed69c4311177aae
2,additive,5,1000,800,200,10000,10000,0.5,263,41260909,41760909,1041760909,2041260909,3041260909,0.17240167141436508,0.8604329601662712,0.8017579810790086,0.04101184110059783,0.7403448789404921,-0.06927042990860098,0.1773080799892735,0.6428158602238879,0.0,6.864127701788902e-07,1841,0.005,1,1,0.8598847985267639,1.0,-0.14011520147323608,0.14011520147323608,-1.1004493236541748,-1.0,-0.1004493236541748,0.1004493236541748,0.4151621319957756,0.6251816237541906,0.6485967734003815,0.6216213703155518,eb2066b5f859d011b19c2496926aaa51cdb3841aceab1caa56d1a906ce65b129
2,additive,5,1000,800,200,10000,10000,0.5,264,41260909,41760909,1041760909,2041260909,3041260909,0.1736531775181642,0.798565497037699,0.7713137673181719,0.04220016425477803,0.6377068530590672,-0.042491044829647044,0.12499075240470175,0.5949249276545511,0.0,6.565537375990971e-07,1848,0.005,1,1,0.8605722784996033,1.0,-0.13942772150039673,0.13942772150039673,-1.1035149097442627,-1.0,-0.1035149097442627,0.1035149097442627,0.40759106173266274,0.6194688095992268,0.6426666784156998,0.617010235786438,1105ac78b963d17d8426a57b0f4293a487f559993bf8c0521c80d40928dde558
2,additive,5,1000,800,200,10000,10000,0.5,265,41260909,41760909,1041760909,2041260909,3041260909,0.17605127662111936,0.8487874861044721,0.8155130927717819,0.043224118182021605,0.7204401965675493,-0.04930135513368701,0.12911787072269953,0.6650616044821969,-1.1102230246251565e-16,6.091092661364428e-07,1855,0.005,1,1,0.858212947845459,1.0,-0.14178705215454102,0.14178705215454102,-1.1043574810028076,-1.0,-0.10435748100280762,0.10435748100280762,0.4161919928243856,0.6363500404373844,0.6521849744181871,0.6372215747833252,404556f86b2c937e04cc5e173bbb39d0ec089dc1248c3485fe5768b3d2260d4e
2,additive,5,1000,800,200,10000,10000,0.5,266,41260909,41760909,1041760909,2041260909,3041260909,0.17239293782556026,0.919871884555034,0.8386938047511471,0.04155167794954216,0.8461642839948298,-0.09215433190820826,0.2076212118713329,0.7034072981279552,-2.220446049250313e-16,7.009350504461054e-07,1862,0.005,1,1,0.8614705204963684,1.0,-0.1385294795036316,0.1385294795036316,-1.102610468864441,-1.0,-0.10261046886444092,0.10261046886444092,0.42613523214512633,0.6349720246179427,0.6576775376651187,0.6292710900306702,6067720f378d90ce5980aef0ec0b6885a37c9f7554dde0984852eab1b6d18353
2,additive,5,1000,800,200,10000,10000,0.5,267,41260909,41760909,1041760909,2041260909,3041260909,0.17102696001412263,0.9480873073980357,0.8757677150552676,0.04098850747448497,0.8988695424492574,-0.08644447959530902,0.18395220342544896,0.7669690907331244,0.0,6.887384191855972e-07,1869,0.005,1,1,0.8628467917442322,1.0,-0.13715320825576782,0.13715320825576782,-1.1021724939346313,-1.0,-0.10217249393463135,0.10217249393463135,0.4340099736701318,0.6497110851946545,0.6655241150142884,0.6471138596534729,9e61041f4535c4ca50f5e3a74c5e519393fdb9ce810aff4567227ea3534b0916
2,additive,5,1000,800,200,10000,10000,0.5,268,41260909,41760909,1041760909,2041260909,3041260909,0.17158710861625465,0.7849623427353332,0.7678057558230261,0.04189667437708208,0.6161658795125426,-0.03426843760732818,0.10414948367682365,0.5895256786749684,0.0,7.012615164114777e-07,1876,0.005,1,1,0.8643764853477478,1.0,-0.1356235146522522,0.1356235146522522,-1.1051113605499268,-1.0,-0.10511136054992676,0.10511136054992676,0.4183815549318048,0.6302431059469434,0.6415890574024888,0.6267013549804688,eabe8d3e5041e91c4c78fb8baf24ac6956585562097b1fd907c665ac722df89e
2,additive,5,1000,800,200,10000,10000,0.5,269,41260909,41760909,1041760909,2041260909,3041260909,0.16802009676429874,0.7815813042867988,0.7577103466154812,0.040372984671115726,0.6108693352106537,-0.03855867525680839,0.11841575425813412,0.5741249693681526,0.0,6.141779120838464e-07,1883,0.005,1,1,0.8678536415100098,1.0,-0.13214635848999023,0.13214635848999023,-1.1037694215774536,-1.0,-0.10376942157745361,0.10376942157745361,0.41341419035671234,0.6173031031972293,0.64025682983355,0.6172738671302795,b9adf040c6e776aad87ff7e96ef180648af9f230d5a5fa571396804c70a35882
2,additive,5,1000,800,200,10000,10000,0.5,270,41260909,41760909,1041760909,2041260909,3041260909,0.1667569213930239,0.7676482112402295,0.7594466451813531,0.04009184116310391,0.5892837762203241,-0.026308205253108008,0.08360096745559346,0.5767592068772119,-1.1102230246251565e-16,6.83655709821096e-07,1890,0.005,1,1,0.8699474930763245,1.0,-0.13005250692367554,0.13005250692367554,-1.1043753623962402,-1.0,-0.10437536239624023,0.10437536239624023,0.41430039321901346,0.621847068700277,0.6408735382175693,0.6198163032531738,313c2c64ff2038c2471167e5ea1fc6aa9c3680587d987298a7e69bed6258b96c
2,additive,5,1000,800,200,10000,10000,0.5,271,41260909,41760909,1041760909,2041260909,3041260909,0.1658471523238805,0.8400055066030683,0.7970944087323822,0.03928849560499072,0.7056092511234774,-0.054769125148021125,0.14705139165358677,0.6353594964324261,2.220446049250313e-16,6.176884372877112e-07,1897,0.005,1,1,0.8694050312042236,1.0,-0.13059496879577637,0.13059496879577637,-1.1022263765335083,-1.0,-0.1022263765335083,0.1022263765335083,0.40601826334232144,0.632258270846583,0.6476452519804228,0.6297869682312012,722deae9cfdac0f07bd8d2e0d498fabe50fc2d96560b4ef52aae7509142d80b1
2,additive,5,1000,800,200,10000,10000,0.5,272,41260909,41760909,1041760909,2041260909,3041260909,0.1655740652900907,0.851775375290455,0.7993501575135104,0.0389090123488494,0.7255212899511954,-0.06273481399158541,0.1641348172693487,0.6389606743168739,0.0,6.187462346929351e-07,1904,0.005,1,1,0.8687918186187744,1.0,-0.13120818138122559,0.13120818138122559,-1.1009910106658936,-1.0,-0.10099101066589355,0.10099101066589355,0.40783480546148254,0.6231274717008546,0.6488285375820727,0.6184301972389221,2577e2518cfc039473e04c4541daf6f8c141b560fa3b9a9f8805cc4dc3b6b8dc
2,additive,5,1000,800,200,10000,10000,0.5,273,41260909,41760909,1041760909,2041260909,3041260909,0.16974808720073176,0.8150595743456904,0.79070775511311,0.040775889550317954,0.6643221097325781,-0.03993962264344106,0.113288146283384,0.6252187539960139,0.0,6.534488186105136e-07,1911,0.005,1,1,0.8651049137115479,1.0,-0.13489508628845215,0.13489508628845215,-1.1030423641204834,-1.0,-0.1030423641204834,0.1030423641204834,0.409576425887405,0.6283287812069778,0.6469840033130418,0.6252707242965698,21852711a5dd1e2a0d97e6788d62e76bba1e437b1736e482643f0fee496560d4
2,additive,5,1000,800,200,10000,10000,0.5,274,41260909,41760909,1041760909,2041260909,3041260909,0.17285690990392535,0.7521256295570334,0.7760655819656566,0.04229731658578289,0.5656929626365639,-0.002856245855326837,0.009395695796255604,0.6022777875116931,1.1102230246251565e-16,6.382990598297056e-07,1918,0.005,1,1,0.8626783490180969,1.0,-0.13732165098190308,0.13732165098190308,-1.1049870252609253,-1.0,-0.10498702526092529,0.10498702526092529,0.4333262535676887,0.6226569503567732,0.645104748493402,0.6201876401901245,614d188a44cf92879d2b7508b9a43f51092cc3cad0245671720717d125b5750d
2,additive,5,1000,800,200,10000,10000,0.5,275,41260909,41760909,1041760909,2041260909,3041260909,0.1720596047249001,0.7959827037356261,0.7816908800122208,0.04176967726662895,0.6335884646462775,-0.0321587550093131,0.09523467035793956,0.6110406318942802,-1.1102230246251565e-16,6.760797095495263e-07,1925,0.005,1,1,0.8628835082054138,1.0,-0.13711649179458618,0.13711649179458618,-1.1039402484893799,-1.0,-0.10394024848937988,0.10394024848937988,0.4175701704117742,0.6272789141286836,0.6455830781284646,0.622887134552002,f5ca0d85ba15111cfe0f927fa87421c02257be0407673d5bb97c19ff431cba83
2,additive,5,1000,800,200,10000,10000,0.5,276,41260909,41760909,1041760909,2041260909,3041260909,0.16968510350448388,0.8954006693682003,0.8526699327962589,0.04059123987312591,0.8017423587050212,-0.05764379214168523,0.13686689510898656,0.7270460142947767,0.0,6.385429358601868e-07,1932,0.005,1,1,0.8646714091300964,1.0,-0.13532859086990356,0.13532859086990356,-1.1023679971694946,-1.0,-0.10236799716949463,0.10236799716949463,0.43187860100277603,0.6406593462892752,0.6602539847233296,0.640753984451294,0157fb65f228bf621991a75e6671ef6dda1747abe9b7d15b4479bc7b8d1df00b
2,additive,5,1000,800,200,10000,10000,0.5,277,41260909,41760909,1041760909,2041260909,3041260909,0.16640879222338953,0.9165122524766257,0.8451142014977455,0.0391001549284725,0.8399947089397781,-0.08243842514753935,0.18755296734367985,0.7142180135731719,0.0,5.835807215248678e-07,1939,0.005,1,1,0.8674792051315308,1.0,-0.13252079486846924,0.13252079486846924,-1.1006485223770142,-1.0,-0.10064852237701416,0.10064852237701416,0.4295574271518561,0.63381255072884,0.6593704173960827,0.6272090077400208,0083528747136382069d03a5d7d6ad760329a70258b71e18061d667e5043a0e3
2,additive,5,1000,800,200,10000,10000,0.5,278,41260909,41760909,1041760909,2041260909,3041260909,0.1737668531379955,0.8217271574268957,0.8316513601367975,0.04235679032718971,0.6752355212528862,-0.012974163381345279,0.036160263068530644,0.6916439848173853,-1.1102230246251565e-16,6.021758967023061e-07,1946,0.005,1,1,0.8607819080352783,1.0,-0.13921809196472168,0.13921809196472168,-1.1039867401123047,-1.0,-0.10398674011230469,0.10398674011230469,0.43200329983357366,0.6351339855911958,0.6572376293630983,0.6374789476394653,63b30414f2a1769e8ea0013a7fd851fecf16929ddf7ecc7a2570d656ead59d5e
2,additive,5,1000,800,200,10000,10000,0.5,279,41260909,41760909,1041760909,2041260909,3041260909,0.17192303111404014,0.8196982080175406,0.7901720524012905,0.04154318671149777,0.6719051522271672,-0.04453823327129864,0.12485342200825443,0.6243718723960677,0.0,6.945990413953496e-07,1953,0.005,1,1,0.8625026345252991,1.0,-0.13749736547470093,0.13749736547470093,-1.1032085418701172,-1.0,-0.10320854187011719,0.10320854187011719,0.41974416177981433,0.6329489343078589,0.6467246680044911,0.6259900331497192,116008b4aacf85703fb5bc87c148886c87c7e18d41f8d45ed428711e4c02a583
2,additive,5,1000,800,200,10000,10000,0.5,280,41260909,41760909,1041760909,2041260909,3041260909,0.17207312494160468,0.7964452288842974,0.7864109374810837,0.04197633564701287,0.6343250026125609,-0.0289295878348483,0.08555236016328784,0.6184421625898769,-2.220446049250313e-16,5.740564219536282e-07,1960,0.005,1,1,0.863493800163269,1.0,-0.13650619983673096,0.13650619983673096,-1.1047626733779907,-1.0,-0.10476267337799072,0.10476267337799072,0.4125081793753091,0.6242271971064068,0.6463505680103409,0.6242191791534424,393cb4dd0519f3709c06c856ea4ba51a1c6db639cbed5267b8bcfb24522683d7
2,additive,5,1000,800,200,10000,10000,0.5,281,41260909,41760909,1041760909,2041260909,3041260909,0.1678115139068951,0.8429181623925374,0.7968304039799551,0.04010787872127624,0.710511028491212,-0.05784010725281492,0.1541131103867633,0.6349386927068584,1.1102230246251565e-16,6.930426330598038e-07,1967,0.005,1,1,0.8674740195274353,1.0,-0.1325259804725647,0.1325259804725647,-1.1029444932937622,-1.0,-0.10294449329376221,0.10294449329376221,0.4033776288929174,0.6252442165171072,0.6477834180491685,0.6238044500350952,37415a62137f00e4da66794bbb864691fb1b2509da957379bcef97b68690fae3
2,additive,5,1000,800,200,10000,10000,0.5,282,41260909,41760909,1041760909,2041260909,3041260909,0.16701112647119215,0.8432168198150898,0.7960019696909092,0.03986878467603364,0.7110146052190736,-0.05863212707165003,0.15616839541447441,0.6336191357518071,0.0,7.116976448173773e-07,1974,0.005,1,1,0.8685778975486755,1.0,-0.13142210245132446,0.13142210245132446,-1.1030579805374146,-1.0,-0.10305798053741455,0.10305798053741455,0.40407663938569044,0.6268519588054516,0.6477359254875424,0.6226783990859985,90fd48eecbb44b8085e5968442d7b6ac31c26a65aa39175d88ea8c2c50759843
2,additive,5,1000,800,200,10000,10000,0.5,283,41260909,41760909,1041760909,2041260909,3041260909,0.17069882839036984,0.7911366386413088,0.7984930344310307,0.041884138575877805,0.6258971810006687,-0.01509509677083563,0.045209700625970586,0.6375911260348752,0.0,5.699989564789121e-07,1981,0.005,1,1,0.8664518594741821,1.0,-0.13354814052581787,0.13354814052581787,-1.1063154935836792,-1.0,-0.1063154935836792,0.1063154935836792,0.42385328597159905,0.618463424739126,0.6496173515659877,0.6187849044799805,19e461cffcf682433b21a4934f2c2590e969008fa78090b449d3d961c2ac1e7e
2,additive,5,1000,800,200,10000,10000,0.5,284,41260909,41760909,1041760909,2041260909,3041260909,0.1665498648952285,0.8191299550118895,0.7951806637554868,0.03993848079904284,0.6709738831977801,-0.0393000379931031,0.11056225769419517,0.6323122880106166,-1.1102230246251565e-16,6.802433727415291e-07,1988,0.005,1,1,0.8699230551719666,1.0,-0.13007694482803345,0.13007694482803345,-1.1040136814117432,-1.0,-0.10401368141174316,0.10401368141174316,0.4147407537588472,0.6258683982714713,0.6476946919090997,0.6208087205886841,04808433e78840e1dbef07c8a000d87f150e514f164c5ac9e2165b98d4bd7b00
2,additive,5,1000,800,200,10000,10000,0.5,285,41260909,41760909,1041760909,2041260909,3041260909,0.1650008287870274,0.8680650261503696,0.8331189642120559,0.039292116955145034,0.753536889625442,-0.04937089902540912,0.12454362445274844,0.6940872085297688,1.1102230246251565e-16,5.940599727694007e-07,1995,0.005,1,1,0.8714579343795776,1.0,-0.12854206562042236,0.12854206562042236,-1.1034514904022217,-1.0,-0.10345149040222168,0.10345149040222168,0.4140491973258735,0.6376139557694325,0.6552764061335714,0.6393650770187378,419622ac3393682f09f1bd1682b387eb1d4037f43e944d81ff7d41ece46423a8
2,additive,5,1000,800,200,10000,10000,0.5,286,41260909,41760909,1041760909,2041260909,3041260909,0.16354268935328453,0.8301021711605168,0.7874660596042755,0.0387879105538465,0.6890696145654039,-0.053877365045282975,0.14804371236377845,0.6201027950286845,0.0,5.824180124847089e-07,2002,0.005,1,1,0.8732634782791138,1.0,-0.12673652172088623,0.12673652172088623,-1.1033637523651123,-1.0,-0.1033637523651123,0.1033637523651123,0.40112813461724817,0.6254318437839697,0.6459302083135606,0.6210165619850159,3459e2f72bf1dfaf1622db9d01d276eb7c88718587987f5659d35a00d7d82bae
2,additive,5,1000,800,200,10000,10000,0.5,287,41260909,41760909,1041760909,2041260909,3041260909,0.16539980989240233,0.8067909216732437,0.7815591041667123,0.03945776148229304,0.650911591294362,-0.039767359735390584,0.11520604028972857,0.6108346333058738,-1.1102230246251565e-16,6.256046578556607e-07,2009,0.005,1,1,0.8710610866546631,1.0,-0.12893891334533691,0.12893891334533691,-1.1035946607589722,-1.0,-0.10359466075897217,0.10359466075897217,0.40013265269305376,0.6192339245475523,0.644802587503114,0.6198204755783081,6e5b136b9c33b3d4d3f798f938b0a56e12c6804a0df928f2fba3c2d95ecacef8
2,additive,5,1000,800,200,10000,10000,0.5,288,41260909,41760909,1041760909,2041260909,3041260909,0.16775313495820746,0.8080274004996141,0.7799249285200222,0.04089134953548215,0.6529082799581638,-0.042758367683342166,0.12325854862317641,0.6082828941269617,1.1102230246251565e-16,6.759826689517467e-07,2016,0.005,1,1,0.8702855706214905,1.0,-0.12971442937850952,0.12971442937850952,-1.1063733100891113,-1.0,-0.10637331008911133,0.10637331008911133,0.40161085562724674,0.6216696493363155,0.6449512925226679,0.6197890043258667,f84c40e232da34f2704923577e157b997986cd4ac1e47a632b714838614adee5
2,additive,5,1000,800,200,10000,10000,0.5,289,41260909,41760909,1041760909,2041260909,3041260909,0.164938793761472,0.8223108632744991,0.7947642256432031,0.039483314475427654,0.6761951558592519,-0.042014147986219594,0.11741068015242129,0.6316501743622404,0.0,5.982618063171685e-07,2023,0.005,1,1,0.8722904920578003,1.0,-0.1277095079421997,0.1277095079421997,-1.1043795347213745,-1.0,-0.10437953472137451,0.10437953472137451,0.3997569119313015,0.6202863056382004,0.6476163482539243,0.6188725233078003,554de11e535b80f1fd11ebb43bdb03f87a52331a6541cb8e2b1ee9f1f7f12eb6
2,additive,5,1000,800,200,10000,10000,0.5,290,41260909,41760909,1041760909,2041260909,3041260909,0.16680246294916523,0.7989645666960918,0.7806475641868461,0.040071050421031235,0.6383443788358738,-0.034502404893024564,0.1017146821994199,0.609410619470856,1.1102230246251565e-16,6.441721929206778e-07,2030,0.005,1,1,0.8697647452354431,1.0,-0.13023525476455688,0.13023525476455688,-1.1042201519012451,-1.0,-0.10422015190124512,0.10422015190124512,0.4005454179511382,0.6160458538451699,0.6450243156882589,0.6154931783676147,c42366f098f423cf2154029a3f121201b0727fe1567fe902d09b65b2cadf98b5
2,additive,5,1000,800,200,10000,10000,0.5,291,41260909,41760909,1041760909,2041260909,3041260909,0.16541130409701305,0.8709979877171812,0.8182781427083099,0.03899770590001782,0.758637494607379,-0.06402804083661778,0.16054467204027068,0.6695791188341612,0.0,5.870671326846377e-07,2037,0.005,1,1,0.869465708732605,1.0,-0.13053429126739502,0.13053429126739502,-1.1015957593917847,-1.0,-0.10159575939178467,0.10159575939178467,0.4107419069807381,0.6326706261548838,0.6517213035209013,0.630791425704956,a2c5b1977bfd1bd8385031bcdc126add7adcdc2a8e4a1041b5990650439fee74
2,additive,5,1000,800,200,10000,10000,0.5,292,41260909,41760909,1041760909,2041260909,3041260909,0.166442605565899,0.8473555291772096,0.8121287612191056,0.03943968527492503,0.7180113928271888,-0.04894897665141745,0.12924656936013634,0.6595531247992791,1.1102230246251565e-16,6.42864852906655e-07,2044,0.005,1,1,0.8685007095336914,1.0,-0.1314992904663086,0.1314992904663086,-1.1020346879959106,-1.0,-0.10203468799591064,0.10203468799591064,0.4006879748007913,0.6289390630249736,0.6510927567651604,0.6239585876464844,4903c891ad9f40af17e1c7d02c518b3bf7c8191982f8702fbafa9b58e509863e
2,additive,5,1000,800,200,10000,10000,0.5,293,41260909,41760909,1041760909,2041260909,3041260909,0.17270823462589383,0.8739192922292554,0.8137511372236399,0.041872008462331745,0.7637349293304827,-0.07170801223002367,0.1780223304096358,0.6621909133327671,0.0,6.362610172061522e-07,2051,0.005,1,1,0.8617193698883057,1.0,-0.13828063011169434,0.13828063011169434,-1.1034727096557617,-1.0,-0.10347270965576172,0.10347270965576172,0.4029891660645531,0.6273198673854966,0.6515141267102175,0.6241118311882019,e5a3c2034d33cb791bb5ed59e3d5b98ec48f758cb65399e7af9f00a930d95c75
2,additive,5,1000,800,200,10000,10000,0.5,294,41260909,41760909,1041760909,2041260909,3041260909,0.17470330350348465,0.9464998631869759,0.8645312716372447,0.04258699890788023,0.895861991012964,-0.09551733514106639,0.20356425584543072,0.7474143196387114,-1.1102230246251565e-16,6.423010816547503e-07,2058,0.005,1,1,0.8593632578849792,1.0,-0.14063674211502075,0.14063674211502075,-1.1036462783813477,-1.0,-0.10364627838134766,0.10364627838134766,0.4242962642301451,0.6366212589299219,0.6624630964586399,0.6342612504959106,64d6d1f29765896eead16cbcd0e19b0001683032ff42cfc7c14d2d46cb5bbd19
2,additive,5,1000,800,200,10000,10000,0.5,295,41260909,41760909,1041760909,2041260909,3041260909,0.17881362782968638,0.8318928627210223,0.794634645898066,0.04487102484315116,0.6920457350461776,-0.05273626971389203,0.14312680233195413,0.6314442204615447,0.0,5.854155347151391e-07,2065,0.005,1,1,0.8567911386489868,1.0,-0.14320886135101318,0.14320886135101318,-1.1070772409439087,-1.0,-0.10707724094390869,0.10707724094390869,0.3949297867165025,0.6293773853973321,0.64685378559361,0.6277248859405518,240e01b1799befc7757e8580a6d01ffeadce37a2835644f6149d3f88a7399d46
2,additive,5,1000,800,200,10000,10000,0.5,296,41260909,41760909,1041760909,2041260909,3041260909,0.17788360451412286,0.8193178143864623,0.7981376347087822,0.04442579156185734,0.6712816809710096,-0.039341894297168764,0.10993847572371712,0.6370236839385294,0.0,6.625743793620131e-07,2072,0.005,1,1,0.8575952649116516,1.0,-0.1424047350883484,0.1424047350883484,-1.1065995693206787,-1.0,-0.10659956932067871,0.10659956932067871,0.4026137010187473,0.6255657071646498,0.648285158275535,0.6239235401153564,3345af6a0f21d96271169a61b9d986a485cb8e61fa8319de9eb2d14b23a794d0
2,additive,5,1000,800,200,10000,10000,0.5,297,41260909,41760909,1041760909,2041260909,3041260909,0.1790670209872651,0.8433993044560254,0.7957216681810947,0.04501852635081735,0.7113223867569075,-0.06158396994741044,0.16284712060430107,0.6331729732129041,1.1102230246251565e-16,5.830500509063086e-07,2079,0.005,1,1,0.8566468954086304,1.0,-0.14335310459136963,0.14335310459136963,-1.1073074340820312,-1.0,-0.10730743408203125,0.10730743408203125,0.3943793358924809,0.6269271489123106,0.6479594929112549,0.6237345933914185,0a488d33ce88e27f779b883b6fe72792c30e38355b6efaa9dbced4927eb789d3
2,additive,5,1000,800,200,10000,10000,0.5,298,41260909,41760909,1041760909,2041260909,3041260909,0.18084647368833212,0.8786658294332285,0.8214686304088411,0.04613916492820075,0.7720536398135833,-0.07169104699800341,0.17524242839223841,0.6748107107457773,0.0,6.563027525885445e-07,2086,0.005,1,1,0.8558644652366638,1.0,-0.14413553476333618,0.14413553476333618,-1.1092263460159302,-1.0,-0.10922634601593018,0.10922634601593018,0.40174992257247566,0.6257591084638203,0.6534304122546044,0.6263637542724609,4581d797aaa8c3678841363f18f809d2ec797cb37fef841e00ccdf0a156af311
2,additive,5,1000,800,200,10000,10000,0.5,299,41260909,41760909,1041760909,2041260909,3041260909,0.1811485495009189,0.8404615852811211,0.8070567661801797,0.04691466403300113,0.7063756763332553,-0.050974858264523436,0.13533920596868138,0.6513406238372094,-2.220446049250313e-16,5.848200181901575e-07,2093,0.005,1,1,0.8574851751327515,1.0,-0.14251482486724854,0.14251482486724854,-1.1118227243423462,-1.0,-0.11182272434234619,0.11182272434234619,0.392574331428825,0.6259291470779147,0.6499220728759415,0.6242280006408691,9034b7d90b9fd484244ef9e282c9b8a8d34d966e37d358c6e8fec129afc139a5
2,additive,5,1000,800,200,10000,10000,0.5,300,41260909,41760909,1041760909,2041260909,3041260909,0.17916740966321446,0.9139028577911777,0.8473694240879546,0.045943437728143036,0.8352184334788817,-0.08156346516393646,0.1851270869271953,0.7180349408791519,1.1102230246251565e-16,5.713653123962104e-07,2100,0.005,1,1,0.8591974973678589,1.0,-0.1408025026321411,0.1408025026321411,-1.1107953786849976,-1.0,-0.11079537868499756,0.11079537868499756,0.3998640868455705,0.6311374145710172,0.6589196744128516,0.6272785067558289,e377faa37e8591aa1d3fa277de23af2703801664bb0ebef02a03837292d7f4a3
2,additive,5,1000,800,200,10000,10000,0.5,301,41260909,41760909,1041760909,2041260909,3041260909,0.1777620623146647,0.8763423060972679,0.8282999773200934,0.04559660129464077,0.7679758374558777,-0.0637457931610256,0.15670588167643965,0.6860808524284673,-1.1102230246251565e-16,6.589009728941164e-07,2107,0.005,1,1,0.861489474773407,1.0,-0.13851052522659302,0.13851052522659302,-1.1114189624786377,-1.0,-0.1114189624786377,0.1114189624786377,0.39360061725173096,0.6312632939389505,0.6549668827915568,0.6290898323059082,6e3b0f62cd10f1b30a9323f62f2afd1f7ee6979bedffa871d07ba3814e76f82d
2,additive,5,1000,800,200,10000,10000,0.5,302,41260909,41760909,1041760909,2041260909,3041260909,0.1807790418876081,0.8053900944861757,0.8191838395726303,0.04698942244445577,0.6486532042964511,-0.012290231861975007,0.035334901541485095,0.671062163016957,1.1102230246251565e-16,6.60889604375825e-07,2114,0.005,1,1,0.8586048483848572,1.0,-0.14139515161514282,0.14139515161514282,-1.1126431226730347,-1.0,-0.11264312267303467,0.11264312267303467,0.4137121207295557,0.6334620721545321,0.6535906226565452,0.6339849829673767,5467eb8b4cd5aa40ef7f83eaf26ee6a5462dfd35aa177752262ca733ea54976f
2,additive,5,1000,800,200,10000,10000,0.5,303,41260909,41760909,1041760909,2041260909,3041260909,0.1774183095059369,0.7791511182954406,0.7954946388768371,0.04543228426775497,0.6070764651410356,-0.009848514463500579,0.03018661273867633,0.6328117204817895,1.1102230246251565e-16,5.615139286874182e-07,2121,0.005,1,1,0.8617960214614868,1.0,-0.13820397853851318,0.13820397853851318,-1.1112515926361084,-1.0,-0.1112515926361084,0.1112515926361084,0.4160321272209741,0.6248418464226531,0.6488297959562241,0.6246352195739746,4df228531bbb06c2d4d852d5c6cd5aedde9d50bcf6f2b0bf2bee8c76e86a860c
2,additive,5,1000,800,200,10000,10000,0.5,304,41260909,41760909,1041760909,2041260909,3041260909,0.17425597290737463,0.8404177374257471,0.7997549050598612,0.04382566902915288,0.706301973379812,-0.05525986712082861,0.1473345708028215,0.6396079081673077,0.0,6.652225543746226e-07,2128,0.005,1,1,0.8642545342445374,1.0,-0.13574546575546265,0.13574546575546265,-1.1092625856399536,-1.0,-0.10926258563995361,0.10926258563995361,0.39301892885405854,0.622918376805389,0.6488738744515271,0.6211404800415039,a76475792c866c578e42da4b8e80d8b1d26324dffbcb18b71f138f53eeaf07c4
2,additive,5,1000,800,200,10000,10000,0.5,305,41260909,41760909,1041760909,2041260909,3041260909,0.17094742762580664,0.8703132017887658,0.8221998705899819,0.042448303050772636,0.757445069207813,-0.06194037253020129,0.15487157333309548,0.676012627198183,0.0,6.509086514228102e-07,2135,0.005,1,1,0.8677628040313721,1.0,-0.13223719596862793,0.13223719596862793,-1.1083344221115112,-1.0,-0.10833442211151123,0.10833442211151123,0.3937614606952192,0.6301767492328867,0.6534329868984734,0.6270782947540283,cc0985d932ba781101be5291bc847b93769bc17fcb7fae61905a5115e4dcac63
2,additive,5,1000,800,200,10000,10000,0.5,306,41260909,41760909,1041760909,2041260909,3041260909,0.17041666843024667,0.834908797291794,0.8005560040378271,0.04202037972223658,0.6970726997952299,-0.04910158195822649,0.13286981929335223,0.6408899156010135,0.0,7.073197867413228e-07,2142,0.005,1,1,0.8676027655601501,1.0,-0.13239723443984985,0.13239723443984985,-1.1072977781295776,-1.0,-0.10729777812957764,0.10729777812957764,0.3886729055597931,0.6270008000215975,0.6484077145320422,0.6259869337081909,e7145bd07c4a41d1fecd4ce45b5415b5fea77bbf8ff9569de457df4e6423d8d0
2,additive,5,1000,800,200,10000,10000,0.5,307,41260909,41760909,1041760909,2041260909,3041260909,0.16888993511626202,0.8781228430768854,0.8301295956025933,0.041299116969837936,0.7710997275334323,-0.06164184950397266,0.15175267646192359,0.6891151454953249,1.1102230246251565e-16,6.377531498458211e-07,2149,0.005,1,1,0.8688870072364807,1.0,-0.1311129927635193,0.1311129927635193,-1.1064574718475342,-1.0,-0.10645747184753418,0.10645747184753418,0.38962566402875715,0.6342416621872844,0.655008655598459,0.6307954788208008,aa4f6e9a2b24e1e196cd6cf53f168ec4666920ac5f83fd4f5ebd261dd554ebbb
2,additive,5,1000,800,200,10000,10000,0.5,308,41260909,41760909,1041760909,2041260909,3041260909,0.1677760798330225,0.8559074018455407,0.8218720223394546,0.040983558618707776,0.7325774805339839,-0.04904370902417345,0.12679984265467334,0.6754736211043448,1.1102230246251565e-16,6.902019187293718e-07,2156,0.005,1,1,0.8705570101737976,1.0,-0.1294429898262024,0.1294429898262024,-1.1067395210266113,-1.0,-0.10673952102661133,0.10673952102661133,0.39946107234985284,0.6328182590647754,0.6536789712795534,0.6296727657318115,4e9917c382d34c149c172ac85b40db24aa3f0ab6d7b65c353488d54f988d7122
2,additive,5,1000,800,200,10000,10000,0.5,309,41260909,41760909,1041760909,2041260909,3041260909,0.16789046245563555,0.860937434821013,0.8229161651581843,0.04057236751348112,0.7412132666761861,-0.052297309655507544,0.1337893851419117,0.6771910148786521,-1.1102230246251565e-16,5.842691344071227e-07,2163,0.005,1,1,0.8688362836837769,1.0,-0.13116371631622314,0.13116371631622314,-1.1048011779785156,-1.0,-0.10480117797851562,0.10480117797851562,0.39653854177380227,0.624249963208952,0.6531042677843235,0.6268265247344971,0e51b197870573fa016e5e97f75f4922cad2caf817ad690d490d6e2af00be1bb
2,additive,5,1000,800,200,10000,10000,0.5,310,41260909,41760909,1041760909,2041260909,3041260909,0.1703351877234481,0.8140886806319548,0.8141091221696621,0.041461695340646997,0.662740379933077,-0.020714206236933052,0.05883029023702158,0.6627736627998579,0.0,6.812126560618026e-07,2170,0.005,1,1,0.8659297823905945,1.0,-0.13407021760940552,0.13407021760940552,-1.1050678491592407,-1.0,-0.10506784915924072,0.10506784915924072,0.41159125547896364,0.6334542093830994,0.6518996355742342,0.6289306879043579,ab3d2e415cbeff769fb9ea3bbc99e62f56f0b354f945d0f25c014cebfcfe70bc
2,additive,5,1000,800,200,10000,10000,0.5,311,41260909,41760909,1041760909,2041260909,3041260909,0.16709439771021917,0.8625853209867294,0.8325545167329472,0.03962408755264353,0.744053435981779,-0.04526525010099554,0.11552009274643256,0.6931470233324314,-1.1102230246251565e-16,5.62279359073159e-07,2177,0.005,1,1,0.8675781488418579,1.0,-0.1324218511581421,0.1324218511581421,-1.1019067764282227,-1.0,-0.10190677642822266,0.10190677642822266,0.39447858653343215,0.6327798400404614,0.6555178239449976,0.6324945688247681,5d2a040851f50bb71311718d3a6b45a859e68e310ecfd833ce55c68e1c7caf92
2,additive,5,1000,800,200,10000,10000,0.5,312,41260909,41760909,1041760909,2041260909,3041260909,0.16512015204174565,0.8278003783457722,0.7938184641648196,0.038624555031128646,0.6852534663894038,-0.04686513368576968,0.12948351047819334,0.6301477540489929,-1.1102230246251565e-16,6.729546626615956e-07,2184,0.005,1,1,0.868918240070343,1.0,-0.13108175992965698,0.13108175992965698,-1.1004103422164917,-1.0,-0.1004103422164917,0.1004103422164917,0.39550294718976375,0.6151855670529409,0.6464648847728504,0.6165384650230408,9533a8957866019ecf2c15fe5b9b48756254a611c9d2776b031b88d250af7561
2,additive,5,1000,800,200,10000,10000,0.5,313,41260909,41760909,1041760909,2041260909,3041260909,0.16429169614927502,0.9086410679912618,0.8468509948543571,0.03823831114367547,0.8256285904403008,-0.07335514704908092,0.1698297432499793,0.7171566074858144,0.0,6.721842620294183e-07,2191,0.005,1,1,0.8695771098136902,1.0,-0.13042289018630981,0.13042289018630981,-1.0999081134796143,-1.0,-0.09990811347961426,0.09990811347961426,0.40031561590146075,0.6359468055415349,0.6586330827088899,0.6321930289268494,15ada6dec6ad43199f417cbc65a91edffe7709f0bc8099fb03feefbe05a4e0f7
2,additive,5,1000,800,200,10000,10000,0.5,314,41260909,41760909,1041760909,2041260909,3041260909,0.16773072309740125,0.8944425254097765,0.8583090469116548,0.03938143363011474,0.8000274312614187,-0.05135722244057008,0.1223652133986132,0.7366944200103932,-1.1102230246251565e-16,5.863923711046937e-07,2198,0.005,1,1,0.8653601408004761,1.0,-0.13463985919952393,0.13463985919952393,-1.1000285148620605,-1.0,-0.10002851486206055,0.10002851486206055,0.4004335704649715,0.6371478678091151,0.6612409903457814,0.6377301216125488,cbcdb743704c181b06d4c46d95684112cfe65155b4af8527a87fbb01b2b5562a
2,additive,5,1000,800,200,10000,10000,0.5,315,41260909,41760909,1041760909,2041260909,3041260909,0.1659920597680521,0.8940463119265784,0.8396875071983213,0.03857133922698115,0.7993188078695166,-0.06640751867578347,0.15851127717852367,0.7050751097449308,0.0,6.663135323492497e-07,2205,0.005,1,1,0.8667623400688171,1.0,-0.13323765993118286,0.13323765993118286,-1.0990004539489746,-1.0,-0.09900045394897461,0.09900045394897461,0.3996488475301767,0.6282670752245397,0.6571020398835846,0.6272724866867065,d058f1fd894011520414722d8b017dc13b0efc8493738c3d76380b5b436aa1d6
2,additive,5,1000,800,200,10000,10000,0.5,316,41260909,41760909,1041760909,2041260909,3041260909,0.1642678547852805,0.9174982150474326,0.8594166483546661,0.03782295650125004,0.8418029746152249,-0.07051447782365354,0.1603283289617264,0.7385969754691679,1.1102230246251565e-16,7.130631516361063e-07,2212,0.005,1,1,0.8682993054389954,1.0,-0.13170069456100464,0.13170069456100464,-1.0981776714324951,-1.0,-0.09817767143249512,0.09817767143249512,0.3979509636956109,0.6359943594780607,0.6618314563890934,0.635303258895874,de78f7823a35f12260224e619f4ba9fa2f98c7f1d1705a468f5755c39adc0718
2,additive,5,1000,800,200,10000,10000,0.5,317,41260909,41760909,1041760909,2041260909,3041260909,0.16498544927371941,0.8512540559655253,0.8309925331534134,0.03800625884921995,0.7246334677977577,-0.03604556824512546,0.09452843062242097,0.6905485901567269,1.1102230246251565e-16,5.887026492956693e-07,2219,0.005,1,1,0.8672641515731812,1.0,-0.13273584842681885,0.13273584842681885,-1.0979866981506348,-1.0,-0.09798669815063477,0.09798669815063477,0.3970237600595293,0.6272712636027313,0.6560438965513027,0.6279227137565613,45217028f7500f591f17a8e68776ffefee16008465d1d4a7414e9d416b22f2ac
2,additive,5,1000,800,200,10000,10000,0.5,318,41260909,41760909,1041760909,2041260909,3041260909,0.16568865318646833,0.8599310717141252,0.8271452339946106,0.038236811098718786,0.7394814480994039,-0.04677451053906167,0.12028651760674665,0.6841692381199992,-1.1102230246251565e-16,6.425843679380705e-07,2226,0.005,1,1,0.8664102554321289,1.0,-0.1335897445678711,0.1335897445678711,-1.0980128049850464,-1.0,-0.09801280498504639,0.09801280498504639,0.4054623712252108,0.6337650954752483,0.6548650939670715,0.6315755844116211,e382ebdb08ce8d9411105a9f883e6544e26571b5caea5a81838a5af5b38cd25f
2,additive,5,1000,800,200,10000,10000,0.5,319,41260909,41760909,1041760909,2041260909,3041260909,0.16842827924409626,0.8733851588834515,0.8567924241699655,0.03962850032134431,0.7628016357578717,-0.03416843898208502,0.0851624021725722,0.734093258115046,-1.1102230246251565e-16,5.751326792591271e-07,2233,0.005,1,1,0.8645533323287964,1.0,-0.1354466676712036,0.1354466676712036,-1.1001113653182983,-1.0,-0.10011136531829834,0.10011136531829834,0.4040521717415371,0.640208751029191,0.6618105419993828,0.6418189406394958,08f3d7277169f4ea2805e1048d4bebb726527db06f21ec425b7296a15ea25e6e
2,additive,5,1000,800,200,10000,10000,0.5,320,41260909,41760909,1041760909,2041260909,3041260909,0.16938671913660128,0.8845964420265673,0.8303839237847801,0.04016836763300907,0.782510865246062,-0.06657088599943184,0.16183922807060175,0.6895374608802074,0.0,6.800093821368591e-07,2240,0.005,1,1,0.8640474677085876,1.0,-0.13595253229141235,0.13595253229141235,-1.1010384559631348,-1.0,-0.10103845596313477,0.10103845596313477,0.3973607108059338,0.6426261798796389,0.655485725652209,0.6373190879821777,23b399a727c2df14c7a91ef916c9a7f5bf0d6b6dcb2812ebd63b29a8a902c997
2,additive,5,1000,800,200,10000,10000,0.5,321,41260909,41760909,1041760909,2041260909,3041260909,0.17079471386671335,0.8724762096607798,0.8261242245310491,0.040261551429151506,0.7612147364240409,-0.059497526748082646,0.14846983659978444,0.6824812343570271,-1.1102230246251565e-16,5.716737287997375e-07,2247,0.005,1,1,0.861221432685852,1.0,-0.13877856731414795,0.13877856731414795,-1.0995557308197021,-1.0,-0.09955573081970215,0.09955573081970215,0.389120487043462,0.6290184094872272,0.6535890265668418,0.6268570423126221,110a0776796b09a9efac2f01ef160d98a5fa6d6f4a99e83c3998713cfb824513
2,additive,5,1000,800,200,10000,10000,0.5,322,41260909,41760909,1041760909,2041260909,3041260909,0.17427586688554375,0.8177104738273681,0.8182513956540487,0.04197304791013993,0.6686504190069789,-0.020544060213660082,0.05781981927162046,0.6695353464897986,0.0,5.478670708214395e-07,2254,0.005,1,1,0.8585435152053833,1.0,-0.1414564847946167,0.1414564847946167,-1.1017946004867554,-1.0,-0.10179460048675537,0.10179460048675537,0.3999952802285724,0.6288198803968238,0.6528280211389438,0.6322424411773682,e9585e6d8ef0e76099ab4f582e6e28eab3f1a0c0f845ba5e4e217adc04da2109
2,additive,5,1000,800,200,10000,10000,0.5,323,41260909,41760909,1041760909,2041260909,3041260909,0.17138378329631115,0.8285235696657294,0.8233419068920355,0.04115658785501635,0.6864513054916428,-0.024857998851022967,0.06832800764897613,0.6778918956446132,0.0,6.305389721461552e-07,2261,0.005,1,1,0.862551212310791,1.0,-0.13744878768920898,0.13744878768920898,-1.1023730039596558,-1.0,-0.10237300395965576,0.10237300395965576,0.4105509317226506,0.6366206908521829,0.6542697446222995,0.6337775588035583,1f1fee798cb4e45a03d112ec2f95da925ee29af48ac87e8a20ef094d75450a36
2,additive,5,1000,800,200,10000,10000,0.5,324,41260909,41760909,1041760909,2041260909,3041260909,0.16776746743018167,0.8959022081536722,0.8615162448864702,0.03974268881843817,0.8026407665746257,-0.0500866075948897,0.11891640861231974,0.7422102402032844,0.0,5.741130095771041e-07,2268,0.005,1,1,0.8664017915725708,1.0,-0.1335982084274292,0.1335982084274292,-1.1014763116836548,-1.0,-0.10147631168365479,0.10147631168365479,0.3917167571279537,0.6348937289393569,0.662066573850516,0.6367893218994141,154bc2c219734e364dcc6b70de48454ef3dd09a3ab7a804282ad344a80a26247
2,additive,5,1000,800,200,10000,10000,0.5,325,41260909,41760909,1041760909,2041260909,3041260909,0.16539943741324972,0.8854878202459219,0.8382754372745815,0.03890028419367437,0.7840886798038741,-0.06014162762982871,0.1461541533623964,0.702705708737891,-1.1102230246251565e-16,6.620795289791204e-07,2275,0.005,1,1,0.8691709637641907,1.0,-0.13082903623580933,0.13082903623580933,-1.101196527481079,-1.0,-0.1011965274810791,0.1011965274810791,0.3934282465546215,0.6392800008753687,0.6560823519637992,0.6382006406784058,62307a030ee5ecfcc023384dc0ef4eaadbeb0908cd84fc5b80212548d8b9e4b6
2,additive,5,1000,800,200,10000,10000,0.5,326,41260909,41760909,1041760909,2041260909,3041260909,0.1668289355556641,0.9316918050461899,0.8672191402034557,0.03970791984381084,0.8680496195902275,-0.07784425114940866,0.17150890577662928,0.752069037135221,0.0,5.744625681813886e-07,2282,0.005,1,1,0.8684755563735962,1.0,-0.1315244436264038,0.1315244436264038,-1.1026314496994019,-1.0,-0.10263144969940186,0.10263144969940186,0.3998007158598951,0.6329850287158019,0.6635071413137041,0.6324796676635742,3f3c8c02622418a3c78322f3b197d1e822ece5199df4ab9b0fc662a71372e027
2,additive,5,1000,800,200,10000,10000,0.5,327,41260909,41760909,1041760909,2041260909,3041260909,0.16435517894551194,0.8693786624700539,0.8288202662681404,0.03893483652909349,0.75581925875822,-0.05390553075526113,0.13565335762321204,0.6869430337767912,0.0,6.656994102627323e-07,2289,0.005,1,1,0.8717839121818542,1.0,-0.12821608781814575,0.12821608781814575,-1.1028263568878174,-1.0,-0.10282635688781738,0.10282635688781738,0.381607610111391,0.6274223980355241,0.6545677428187113,0.6253930330276489,ae5c44380fc65cc66a77b13c1248c4b7d41cb164a7db44b6c0c276419581a783
2,additive,5,1000,800,200,10000,10000,0.5,328,41260909,41760909,1041760909,2041260909,3041260909,0.16153915689879975,0.8906371363956577,0.8532407448549962,0.03798470518562542,0.7932345087270573,-0.05159972261598696,0.1241543067155504,0.7280197686807088,0.0,6.483157193315492e-07,2296,0.005,1,1,0.875337541103363,1.0,-0.12466245889663696,0.12466245889663696,-1.1027334928512573,-1.0,-0.10273349285125732,0.10273349285125732,0.3879309231105749,0.6313721685064518,0.6603434603960345,0.6319606304168701,641181e57016fb5dbb1743ec1364b182e4a249ea9417f9ee08aec82c20774ae2
2,additive,5,1000,800,200,10000,10000,0.5,329,41260909,41760909,1041760909,2041260909,3041260909,0.15545467327100138,0.9094441402147363,0.854037992924876,0.035228687324949715,0.827088644170921,-0.06646821906836001,0.15416185350944275,0.7293808933591507,-1.1102230246251565e-16,6.926488076430815e-07,2303,0.005,1,1,0.8802328705787659,1.0,-0.11976712942123413,0.11976712942123413,-1.099105954170227,-1.0,-0.09910595417022705,0.09910595417022705,0.40062043287662236,0.6327536723779856,0.6611605409257316,0.6292062997817993,ee4f7fb9bc527f427cabf80170710590c1e553fb967089447f5090b2b045e524
2,additive,5,1000,800,200,10000,10000,0.5,330,41260909,41760909,1041760909,2041260909,3041260909,0.15950771043728826,0.8473923749364187,0.8482062976049932,0.036917812496340026,0.718073837100384,-0.01776886314997683,0.04707035676346354,0.7194539232967704,0.0,6.090644024681069e-07,2310,0.005,1,1,0.8764655590057373,1.0,-0.1235344409942627,0.1235344409942627,-1.1009056568145752,-1.0,-0.1009056568145752,0.1009056568145752,0.4039909076898776,0.6328646417473607,0.6598413381541616,0.6361459493637085,80c749f3d577d42a27fd3942dda0492fe50e1a377d795fba7e5223ef67ac8f2c
2,additive,5,1000,800,200,10000,10000,0.5,331,41260909,41760909,1041760909,2041260909,3041260909,0.1598396704925724,0.8207105094262979,0.817632840658228,0.03708107406387702,0.6735657402827734,-0.021061676111903512,0.05927466552078208,0.6685234621228434,0.0,5.836039154161199e-07,2317,0.005,1,1,0.8762434720993042,1.0,-0.1237565279006958,0.1237565279006958,-1.1011584997177124,-1.0,-0.1011584997177124,0.1011584997177124,0.39362350646825706,0.619745692023318,0.6529174012574367,0.6205360889434814,67c2ca329aebbe1bed3eaf2e82d0a9883029a1cc86d1449faa5e15477e62fb55
2,additive,5,1000,800,200,10000,10000,0.5,332,41260909,41760909,1041760909,2041260909,3041260909,0.15917565190458186,0.8235750284381587,0.8138400224898856,0.036952149399195576,0.6782758274669138,-0.026446197329885967,0.07395179770725521,0.6623355822063375,0.0,6.611235789932834e-07,2324,0.005,1,1,0.8774300217628479,1.0,-0.1225699782371521,0.1225699782371521,-1.101555347442627,-1.0,-0.10155534744262695,0.10155534744262695,0.3952915032543267,0.6301560000803319,0.6522226717030307,0.6268050670623779,88d8fc8416c1a6cbbe4124588533d7b1c12c08d003271e8b432668290d86497b
2,additive,5,1000,800,200,10000,10000,0.5,333,41260909,41760909,1041760909,2041260909,3041260909,0.15942352131118814,0.8635748943384821,0.8309510589989646,0.03685614637731424,0.7457615981317205,-0.04606904102876688,0.11773063248819564,0.6904796624515008,-2.220446049250313e-16,6.20252734506721e-07,2331,0.005,1,1,0.8764464855194092,1.0,-0.12355351448059082,0.12355351448059082,-1.100749135017395,-1.0,-0.10074913501739502,0.10074913501739502,0.3818176613857574,0.627388720711081,0.6559721709972568,0.6273688077926636,5487d21c8e2a24a026bf50f403541e27caad7edd64e788dc54eba4ca6e4a4732
2,additive,5,1000,800,200,10000,10000,0.5,334,41260909,41760909,1041760909,2041260909,3041260909,0.15359664637446147,0.9456542347011504,0.8857347223790517,0.03385803442521763,0.8942619316082184,-0.07179698380277014,0.15471487831387437,0.7845259984278957,-1.1102230246251565e-16,6.602392481624975e-07,2338,0.005,1,1,0.8796329498291016,1.0,-0.12036705017089844,0.12036705017089844,-1.095413327217102,-1.0,-0.09541332721710205,0.09541332721710205,0.39361842182854917,0.6360930609810646,0.6672591979225871,0.6357393264770508,343833481c93a9a705831ec808fcdaf88b4682cd82752a309f28119cf5e33c41
2,additive,5,1000,800,200,10000,10000,0.5,335,41260909,41760909,1041760909,2041260909,3041260909,0.15058688748624505,0.9780237270942416,0.9100674528181557,0.032728605484433536,0.9565304107593114,-0.08051812378240948,0.16278471555031146,0.828222768678926,-1.1102230246251565e-16,6.853680325491496e-07,2345,0.005,1,1,0.8826927542686462,1.0,-0.11730724573135376,0.11730724573135376,-1.0944215059280396,-1.0,-0.09442150592803955,0.09442150592803955,0.4033975161332461,0.6458469634029226,0.67346667021523,0.6423351764678955,92f21a315483913964cff848ac482afc04e8b0f3cb53e566815ab7c605d0d994
2,additive,5,1000,800,200,10000,10000,0.5,336,41260909,41760909,1041760909,2041260909,3041260909,0.153918787100022,0.9252453046373147,0.8813098422101258,0.03454059909424822,0.8560788737533972,-0.05695621743560439,0.12790247501212598,0.7767070379764367,0.0,6.466373481117671e-07,2352,0.005,1,1,0.8814342021942139,1.0,-0.11856579780578613,0.11856579780578613,-1.0981485843658447,-1.0,-0.09814858436584473,0.09814858436584473,0.4012285858340789,0.6341592217466974,0.6673762879779688,0.6389212608337402,a2bd8cdc628af34de7fad97a6c32e006786c94f99ba7aa65e6c231ceaccc0b55
2,additive,5,1000,800,200,10000,10000,0.5,337,41260909,41760909,1041760909,2041260909,3041260909,0.15312811324694584,0.8605862423441979,0.8321445964985972,0.034532567351059064,0.7406086805121066,-0.041338309190676235,0.10666006822532974,0.6924646294818132,0.0,6.605603832809948e-07,2359,0.005,1,1,0.8834423422813416,1.0,-0.11655765771865845,0.11655765771865845,-1.099310278892517,-1.0,-0.09931027889251709,0.09931027889251709,0.39309478234431144,0.6310252001555177,0.6565961017357204,0.6299441456794739,68a283166c593df8c03cff52daf64b815d3f4aa115982e21f8ab6a9303545e05
2,additive,5,1000,800,200,10000,10000,0.5,338,41260909,41760909,1041760909,2041260909,3041260909,0.1547386788774044,0.8250780226645382,0.8457857888634304,0.03540155028516122,0.6807537434840242,-0.0004008465629251032,0.0011194403404195033,0.7153536006433352,0.0,5.563824991838828e-07,2366,0.005,1,1,0.8827903270721436,1.0,-0.11720967292785645,0.11720967292785645,-1.1010245084762573,-1.0,-0.10102450847625732,0.10102450847625732,0.4136843262500685,0.6298003229979758,0.6607698243480165,0.6334388852119446,e68bdbdaac01cffa976f5b9eaac60a23611e17a85399a403d9333c869c469130
2,additive,5,1000,800,200,10000,10000,0.5,339,41260909,41760909,1041760909,2041260909,3041260909,0.1510414171887461,0.9091197533492479,0.8587985049806269,0.03332083628424728,0.8264987259297973,-0.06114234502854231,0.14222133972179027,0.7375348721569599,-1.1102230246251565e-16,6.860067358616107e-07,2373,0.005,1,1,0.8838903307914734,1.0,-0.11610966920852661,0.11610966920852661,-1.0966025590896606,-1.0,-0.09660255908966064,0.09660255908966064,0.3928725325614893,0.6332915262038192,0.6615982245123366,0.6307963728904724,f435164f715988d82d7858b913a74ba8f64ff869abad48aaa837e290b04f99cd
2,additive,5,1000,800,200,10000,10000,0.5,340,41260909,41760909,1041760909,2041260909,3041260909,0.15305824303887483,0.9580010757100476,0.9011431159400933,0.03405016105297004,0.9177660610616082,-0.0698786533541788,0.1468322386835027,0.8120589154062205,-1.1102230246251565e-16,6.772379776975868e-07,2380,0.005,1,1,0.8816836476325989,1.0,-0.11831635236740112,0.11831635236740112,-1.0970982313156128,-1.0,-0.09709823131561279,0.09709823131561279,0.39496777424674095,0.6411702239366823,0.6718726996318871,0.6414518356323242,9aa33a894cac24e935afbe0e356a8b3c5e45f4b523d945779c6f698c77c99983
2,additive,5,1000,800,200,10000,10000,0.5,341,41260909,41760909,1041760909,2041260909,3041260909,0.1576586811256578,0.915942888606193,0.8642565476430039,0.036337500021531424,0.8389513751882569,-0.06417474753299224,0.1466367261153888,0.7469393801438038,-1.1102230246251565e-16,7.009598252949445e-07,2387,0.005,1,1,0.8789317011833191,1.0,-0.12106829881668091,0.12106829881668091,-1.100988745689392,-1.0,-0.10098874568939209,0.10098874568939209,0.38430091564516006,0.6355536018409917,0.6635640995881716,0.6369184255599976,29b2871fabd4c1ddac8e86108318466b998314950e54e64fa7ad8290f138c274
2,additive,5,1000,800,200,10000,10000,0.5,342,41260909,41760909,1041760909,2041260909,3041260909,0.16136897908373757,0.8468987732084718,0.824321843121476,0.038101058723844144,0.7172375320620146,-0.037916044869335676,0.10039483042932468,0.6795065010471874,0.0,6.312282732068297e-07,2394,0.005,1,1,0.876208484172821,1.0,-0.12379151582717896,0.12379151582717896,-1.1035162210464478,-1.0,-0.10351622104644775,0.10351622104644775,0.3806279099618763,0.6241092076286683,0.6550989097398843,0.6245616674423218,418597723d4d3dd9c95f47f896f2f38fa0ab58624773f87f5e54c7c50ce4c48a
2,additive,5,1000,800,200,10000,10000,0.5,343,41260909,41760909,1041760909,2041260909,3041260909,0.16275150661311358,0.8488427478034771,0.8404101213555435,0.03846822486392929,0.7205340104985575,-0.02635653164282375,0.06945047172420069,0.7062891720768393,0.0,5.885808551653327e-07,2401,0.005,1,1,0.8740758895874023,1.0,-0.12592411041259766,0.12592411041259766,-1.1031075716018677,-1.0,-0.10310757160186768,0.10310757160186768,0.3880931878807925,0.6269701860319032,0.6585947119293871,0.6273494958877563,645d51e1ca088047ee3844da01126ad0f4d3b64456210db6c0d54fea95dc09b4
2,additive,5,1000,800,200,10000,10000,0.5,344,41260909,41760909,1041760909,2041260909,3041260909,0.15738723262235293,1.0463668786574458,0.9649816916166675,0.03569183137098291,1.094883644751326,-0.09969290548347186,0.17635780642510027,0.9311896651553652,1.1102230246251565e-16,5.863382614990087e-07,2408,0.005,1,1,0.8771771192550659,1.0,-0.12282288074493408,0.12282288074493408,-1.0984138250350952,-1.0,-0.09841382503509521,0.09841382503509521,0.4206926151498264,0.6596013258094263,0.686399475742987,0.6567577719688416,ea0b859e7aca7a3501775cae2593e7d122e6723abb1dfcb702cac525f2b0ba74
2,additive,5,1000,800,200,10000,10000,0.5,345,41260909,41760909,1041760909,2041260909,3041260909,0.16163819381178204,0.9420380828296984,0.9023602920548973,0.037644061683541716,0.8874357495014535,-0.05541285725379785,0.11980124651691597,0.8142540966773997,1.1102230246251565e-16,6.798100002924912e-07,2415,0.005,1,1,0.8738531470298767,1.0,-0.1261468529701233,0.1261468529701233,-1.1010637283325195,-1.0,-0.10106372833251953,0.10106372833251953,0.40321226921787556,0.642709644417285,0.6728639668017572,0.6489516496658325,7dd1db8605cb4380669527345d00a94fc0cf8fa933ba6b9b9eb43a8212a58afd
2,additive,5,1000,800,200,10000,10000,0.5,346,41260909,41760909,1041760909,2041260909,3041260909,0.16261940427478955,0.8074470241361444,0.8355159045377887,0.03849947944083618,0.6519706967863155,0.003808325254223746,-0.011031107165361126,0.6980868267355992,0.0,5.790693240470546e-07,2422,0.005,1,1,0.8745225667953491,1.0,-0.12547743320465088,0.12547743320465088,-1.1034431457519531,-1.0,-0.10344314575195312,0.10344314575195312,0.42593106248254176,0.6410300565017244,0.6583862308694641,0.6407734155654907,a643f4ac87046f467b24e81806ed19ad504f96ddc3ff327c4b4be36a2e7d25b0
2,additive,5,1000,800,200,10000,10000,0.5,347,41260909,41760909,1041760909,2041260909,3041260909,0.1568308498670333,0.9401103482082486,0.8826858630702836,0.035778848828749515,0.8838074668082343,-0.07022599138642617,0.15273387651007328,0.7791343328641316,1.1102230246251565e-16,5.738255897114186e-07,2429,0.005,1,1,0.8788796663284302,1.0,-0.12112033367156982,0.12112033367156982,-1.099628210067749,-1.0,-0.09962821006774902,0.09962821006774902,0.39002196794519806,0.6361114091974082,0.6678427898142903,0.6362471580505371,795ea6bc55041622dadca63cb1e564825f0461598c9b81f40be324b816d1c7d8
2,additive,5,1000,800,200,10000,10000,0.5,348,41260909,41760909,1041760909,2041260909,3041260909,0.155882162155141,0.9987504434644344,0.9250567216817186,0.035470701762975815,0.9975024483204045,-0.08862160587742583,0.17158549739704737,0.8557299383285286,0.0,6.84236024284246e-07,2436,0.005,1,1,0.8800902962684631,1.0,-0.11990970373153687,0.11990970373153687,-1.0996037721633911,-1.0,-0.09960377216339111,0.09960377216339111,0.399370663685324,0.6482493525945227,0.6778681652180226,0.6461641788482666,3b86b059e95bb1d53e6f02290abbe606f91da135409f10059d75d6aede0d2a15
2,additive,5,1000,800,200,10000,10000,0.5,349,41260909,41760909,1041760909,2041260909,3041260909,0.1605223470449087,0.8681203453618787,0.8458830454135037,0.03782036690710644,0.7536329340312274,-0.03796758721015517,0.09594397335924035,0.7155181265180236,1.1102230246251565e-16,6.749008765183362e-07,2443,0.005,1,1,0.8773135542869568,1.0,-0.12268644571304321,0.12268644571304321,-1.1035155057907104,-1.0,-0.10351550579071045,0.10351550579071045,0.3812841656476731,0.6310174988409448,0.6600311975354766,0.6323898434638977,48f30ed5ebcb7e384d1ccc7bb1a8552b0142befbba48c2b59731fdb39fedcab5
2,additive,5,1000,800,200,10000,10000,0.5,350,41260909,41760909,1041760909,2041260909,3041260909,0.16264357154881587,0.7997524381563255,0.8186005470287662,0.0388413651317397,0.6396039623369872,-0.004169235936465902,0.012290558332891114,0.6701068555957952,0.0,6.849692582022726e-07,2450,0.005,1,1,0.8757492899894714,1.0,-0.12425071001052856,0.12425071001052856,-1.1049509048461914,-1.0,-0.1049509048461914,0.1049509048461914,0.40752590601340866,0.6256723648741948,0.65431886650474,0.6269429922103882,f608fc31bd05cff5ee93610b166d74c45bf80493f2db24528bb967744eff0ddc
2,additive,5,1000,800,200,10000,10000,0.5,351,41260909,41760909,1041760909,2041260909,3041260909,0.15943523020961975,0.9470095000789079,0.8836703743605051,0.037175734522470194,0.8968269932397032,-0.07656469861986914,0.1639496252935247,0.7808733305224352,1.1102230246251565e-16,6.743919254148523e-07,2457,0.005,1,1,0.877623975276947,1.0,-0.12237602472305298,0.12237602472305298,-1.1021944284439087,-1.0,-0.10219442844390869,0.10219442844390869,0.3930845349529676,0.6434740359363821,0.66832690536769,0.6423043012619019,274b48c2edc401adacb1cf29744f4883a0eef39eb69da999db66a05a3577b9e0
2,additive,5,1000,800,200,10000,10000,0.5,352,41260909,41760909,1041760909,2041260909,3041260909,0.16018603057868377,0.9379599720240313,0.8827682228764223,0.03769398031830589,0.8797689091193215,-0.06909157705861527,0.1506144343363381,0.7792797353203967,-1.1102230246251565e-16,5.702727570167099e-07,2464,0.005,1,1,0.8776952028274536,1.0,-0.12230479717254639,0.12230479717254639,-1.103446125984192,-1.0,-0.1034461259841919,0.1034461259841919,0.3902584434155301,0.6434637066895067,0.66698114065941,0.644293487071991,c9876f0e0845ed0a829ee62c46779c92b5632eedc09b802b7549f1094834a35d
2,additive,5,1000,800,200,10000,10000,0.5,353,41260909,41760909,1041760909,2041260909,3041260909,0.1632698073593205,0.8516830665890487,0.8293907360504807,0.03924165333693066,0.725364045914526,-0.038358353102549175,0.10033499132978403,0.6878889930463582,-1.1102230246251565e-16,5.848940887176468e-07,2471,0.005,1,1,0.875658392906189,1.0,-0.12434160709381104,0.12434160709381104,-1.1058120727539062,-1.0,-0.10581207275390625,0.10581207275390625,0.3821462118930073,0.616131096558644,0.6557585587167019,0.6176746487617493,3e12d14cc7bf6f6292b386c1484dcfb1bd988a331164b2a513670a6d66797f26
2,additive,5,1000,800,200,10000,10000,0.5,354,41260909,41760909,1041760909,2041260909,3041260909,0.1635352989561485,0.8648804668366714,0.8413693423761398,0.039258538900398585,0.7480182219156187,-0.039687195262779675,0.1008214575561551,0.707902370290458,1.1102230246251565e-16,6.544522204166014e-07,2478,0.005,1,1,0.8750302195549011,1.0,-0.12496978044509888,0.12496978044509888,-1.105481505393982,-1.0,-0.10548150539398193,0.10548150539398193,0.37995543953744393,0.636221360720706,0.6577962275753224,0.6370540857315063,214dfd7fe26df73b6b929f4cf95115773ab339b0423386ec486c61c620d6ec5a
2,additive,5,1000,800,200,10000,10000,0.5,355,41260909,41760909,1041760909,2041260909,3041260909,0.16242580641011725,0.8703103810433533,0.8442568168502382,0.038354041033618204,0.757440159351827,-0.041512313793674274,0.10432926948592405,0.7127695727980967,1.1102230246251565e-16,6.00749268997447e-07,2485,0.005,1,1,0.8744733333587646,1.0,-0.12552666664123535,0.12552666664123535,-1.1030786037445068,-1.0,-0.10307860374450684,0.10307860374450684,0.3754005607625844,0.6275705208366849,0.6587655496302542,0.6273176670074463,148a65da4951583bb8977a7bf8458a6a0e70c0c0ab57d6c7543f7827cef27dba
2,additive,5,1000,800,200,10000,10000,0.5,356,41260909,41760909,1041760909,2041260909,3041260909,0.16516731396741732,0.9109390179052175,0.8697543462757893,0.03939265989574216,0.829809894342122,-0.05636496568611919,0.1296935113945707,0.7564726228656257,-1.1102230246251565e-16,6.977276907349506e-07,2492,0.005,1,1,0.8714026808738708,1.0,-0.12859731912612915,0.12859731912612915,-1.10364830493927,-1.0,-0.10364830493927002,0.10364830493927002,0.3787585402291019,0.6311208476182881,0.6642710964517395,0.6340204477310181,7036a90c50eac4afffc07c223002ad2aca57d63b42a01fdb4e68319b8437aab5
2,additive,5,1000,800,200,10000,10000,0.5,357,41260909,41760909,1041760909,2041260909,3041260909,0.16593595468856895,1.023714157093004,0.9419004293937483,0.039456928257207494,1.0479906754326398,-0.10013559239885995,0.184166284534698,0.8871764188921274,0.0,7.164125861436332e-07,2499,0.005,1,1,0.8697604537010193,1.0,-0.1302395462989807,0.1302395462989807,-1.102822184562683,-1.0,-0.1028221845626831,0.1028221845626831,0.4114908845075766,0.6550853148249368,0.68156310185122,0.653794527053833,4e040cf38b38ac0ebd333202dff09d491c139764e05acbe4cf8fb8119a50cd2c
2,additive,5,1000,800,200,10000,10000,0.5,358,41260909,41760909,1041760909,2041260909,3041260909,0.1732372222484494,0.831342447002939,0.8586383034074864,0.04251304146858029,0.6911302641888344,0.001808215210535978,-0.00492941241770248,0.7372597360784866,0.0,6.207347240660965e-07,2506,0.005,1,1,0.8624672889709473,1.0,-0.13753271102905273,0.13753271102905273,-1.1053370237350464,-1.0,-0.10533702373504639,0.10533702373504639,0.4175752240889981,0.6318677096009817,0.6629606281442754,0.6311975717544556,2e36b03d64fe0f305a3a7b20dd0464a8032bc5cc98f155d934f6dfa76fbc0a67
2,additive,5,1000,800,200,10000,10000,0.5,359,41260909,41760909,1041760909,2041260909,3041260909,0.1722702673261768,0.9093301853349395,0.8617269748553648,0.04160102957423269,0.8268813859612754,-0.06295451817106495,0.14497591901673004,0.7425733791933784,2.220446049250313e-16,6.377423531489512e-07,2513,0.005,1,1,0.8618929386138916,1.0,-0.1381070613861084,0.1381070613861084,-1.102973222732544,-1.0,-0.10297322273254395,0.10297322273254395,0.37400711354473615,0.6320608622811847,0.6628042844795091,0.6302348375320435,df45a55e5493e340549b5933b653b86ccb64f670ca07bc1eaefcafe4c35ecc7f
2,additive,5,1000,800,200,10000,10000,0.5,360,41260909,41760909,1041760909,2041260909,3041260909,0.1704846479560842,0.9036412602449657,0.8610863245322171,0.04060806733124536,0.8165675272171098,-0.057852968125976255,0.13498510338820116,0.7414696582964027,0.0,6.813791753046416e-07,2520,0.005,1,1,0.8629176020622253,1.0,-0.13708239793777466,0.13708239793777466,-1.1013579368591309,-1.0,-0.10135793685913086,0.10135793685913086,0.3768463718280616,0.6281368479711223,0.6617195669506989,0.6306719183921814,7dc4cd422dfe4079779c88a0377e72fa4ca23714463fabba5b9ef5a4277f08ae
2,additive,5,1000,800,200,10000,10000,0.5,361,41260909,41760909,1041760909,2041260909,3041260909,0.1676438391320796,0.8879595759276865,0.851747829497778,0.039401114114497794,0.7884722084816768,-0.05119947877099935,0.12368916203372762,0.725474365054176,1.1102230246251565e-16,6.204532070341884e-07,2527,0.005,1,1,0.8656158447265625,1.0,-0.1343841552734375,0.1343841552734375,-1.1002265214920044,-1.0,-0.1002265214920044,0.1002265214920044,0.3734872583509492,0.6263078872450197,0.6615484240927116,0.6262091398239136,b547a83a27a6ddf15219de35417b591746bda0182f5b6eaf1dd2ca2344e8aa4c
2,additive,5,1000,800,200,10000,10000,0.5,362,41260909,41760909,1041760909,2041260909,3041260909,0.16677617645098702,0.8726317913132318,0.839092620126529,0.0394493800859913,0.7614862432105397,-0.04842959907286378,0.12093256352747755,0.7040764251508034,-1.1102230246251565e-16,5.890608587577617e-07,2534,0.005,1,1,0.8677527904510498,1.0,-0.1322472095489502,0.1322472095489502,-1.101611852645874,-1.0,-0.10161185264587402,0.10161185264587402,0.3753527227303383,0.6311192680563034,0.6588770584263197,0.6297764778137207,73a842bbc3d97e46f9c83084c76354cd4864af4c5f4bb23b4ea0eccafbfa9eae
2,additive,5,1000,800,200,10000,10000,0.5,363,41260909,41760909,1041760909,2041260909,3041260909,0.16139564749553423,0.9529944827445185,0.8934932007850606,0.03733341578773166,0.9081984841414924,-0.07360090004004569,0.15568147419575148,0.7983300998491326,-1.1102230246251565e-16,6.948915327598115e-07,2541,0.005,1,1,0.8733455538749695,1.0,-0.12665444612503052,0.12665444612503052,-1.1000360250473022,-1.0,-0.10003602504730225,0.10003602504730225,0.3817182922807326,0.6376891679616038,0.670172197755458,0.6392377018928528,719ddae0979b645a4386a4ca150229ff61e8c2ee76df6c9d891b78d975e38a07
2,additive,5,1000,800,200,10000,10000,0.5,364,41260909,41760909,1041760909,2041260909,3041260909,0.16417428161152406,0.8720615290723062,0.8590408597095411,0.03877872166581948,0.7604913104879286,-0.030659416751620268,0.07671854446739122,0.7379511986505075,-1.1102230246251565e-16,6.192880199762385e-07,2548,0.005,1,1,0.8716788291931152,1.0,-0.12832117080688477,0.12832117080688477,-1.1024054288864136,-1.0,-0.10240542888641357,0.10240542888641357,0.38754800037372933,0.6268924982551094,0.6635607745718937,0.6305756568908691,bd2fd254d7ec3cf33e8ce3f4704e525658f6224062e228b817ad6db578a7ff81
2,additive,5,1000,800,200,10000,10000,0.5,365,41260909,41760909,1041760909,2041260909,3041260909,0.16223430942124392,0.8878609807651172,0.8503929989483123,0.03791882177355106,0.7882971211651959,-0.05152384513922138,0.12472246651633832,0.7231682526603043,0.0,7.096511716042642e-07,2555,0.005,1,1,0.8733758330345154,1.0,-0.12662416696548462,0.12662416696548462,-1.1014213562011719,-1.0,-0.10142135620117188,0.10142135620117188,0.37471980974392843,0.6292819233351914,0.6614667076128616,0.6290847659111023,70bc96e54827bc2d3ddbcf8305a15d27165795c13e3f1f9904b545867c3790d3
2,additive,5,1000,800,200,10000,10000,0.5,366,41260909,41760909,1041760909,2041260909,3041260909,0.15844973910432397,1.0245091653146017,0.9558972937378739,0.0362567781788562,1.0496190298136219,-0.08606808590854353,0.158522890509298,0.9137396361753912,3.3306690738754696e-16,6.500253011409995e-07,2562,0.005,1,1,0.8766448497772217,1.0,-0.12335515022277832,0.12335515022277832,-1.0994476079940796,-1.0,-0.09944760799407959,0.09944760799407959,0.40169968251709065,0.6562310911130405,0.6846734685662894,0.6574162244796753,b0c20c7737635f2e8c5160e792d8065010483319d6dac5c14b61f63f05a29899
2,additive,5,1000,800,200,10000,10000,0.5,367,41260909,41760909,1041760909,2041260909,3041260909,0.15709963885536826,0.9568091519952678,0.8986586460099687,0.03598133392427061,0.9154837533419035,-0.07193886260885202,0.15121703060183225,0.8075873620484701,1.1102230246251565e-16,5.842386077148376e-07,2569,0.005,1,1,0.8789776563644409,1.0,-0.12102234363555908,0.12102234363555908,-1.10016930103302,-1.0,-0.10016930103302002,0.10016930103302002,0.38404955862600054,0.639756722152537,0.6718767241370869,0.6425160765647888,af27d6ea91c923875ec71762ef8fdcf5d3a0c9403b859374c300cdb6ce640343
2,additive,5,1000,800,200,10000,10000,0.5,368,41260909,41760909,1041760909,2041260909,3041260909,0.1624023362516438,0.8196175193510862,0.830414001686807,0.03857504158969707,0.6717728780272282,-0.010380252709714443,0.029225827015337165,0.6895874141974964,0.0,5.899391748442895e-07,2576,0.005,1,1,0.875356912612915,1.0,-0.12464308738708496,0.12464308738708496,-1.1041086912155151,-1.0,-0.10410869121551514,0.10410869121551514,0.39234763541237966,0.63006599737673,0.6567707615986885,0.6327351331710815,524060e4a824bc2c26df3d1d8e4372d88cc4eda7e52b727c4d56d6801f1bed10
2,additive,5,1000,800,200,10000,10000,0.5,369,41260909,41760909,1041760909,2041260909,3041260909,0.16133793420921325,0.8845290315633665,0.850115950557209,0.03814792657058711,0.7823916076784271,-0.048921202428613614,0.11924154872900297,0.722697129391787,0.0,6.153489700011505e-07,2583,0.005,1,1,0.8764677047729492,1.0,-0.12353229522705078,0.12353229522705078,-1.1037771701812744,-1.0,-0.10377717018127441,0.10377717018127441,0.3704989641156913,0.6303948882607684,0.6603542769818096,0.630913496017456,c08676d895889312c08f99439110837129ddb0b5effc34b942236bef7a9e4abc
2,additive,5,1000,800,200,10000,10000,0.5,370,41260909,41760909,1041760909,2041260909,3041260909,0.16255225874156182,0.8403369459875748,0.8388485222262263,0.03904212189920015,0.7061661827917243,-0.020770730724900394,0.05574476450182628,0.7036668432411236,-1.1102230246251565e-16,6.081052355000338e-07,2590,0.005,1,1,0.8767728805541992,1.0,-0.12322711944580078,0.12322711944580078,-1.106010913848877,-1.0,-0.10601091384887695,0.10601091384887695,0.38238388434944504,0.625060754028237,0.6581215562503745,0.6264621615409851,c18fd32fbc155d5a0c56e1146ecf576ef577e074f87d7be5fb044a90c6d3efae
2,additive,5,1000,800,200,10000,10000,0.5,371,41260909,41760909,1041760909,2041260909,3041260909,0.1584819760926748,0.9408822869795963,0.8875306436430084,0.03701416267820078,0.8852594779519554,-0.06728149861239167,0.1459035488999136,0.7877106434053728,0.0,6.150269911131545e-07,2597,0.005,1,1,0.8794658184051514,1.0,-0.12053418159484863,0.12053418159484863,-1.1028982400894165,-1.0,-0.1028982400894165,0.1028982400894165,0.37588859622308896,0.637310154068576,0.6698000673925896,0.6391886472702026,9ce14f3c54d6ed7fe6d4adc428de48565e1c199421129c3d0e3752d09d3648e5
2,additive,5,1000,800,200,10000,10000,0.5,372,41260909,41760909,1041760909,2041260909,3041260909,0.16098273213241243,0.8659739478459803,0.8409689028761608,0.038191030499401216,0.7499108783479526,-0.04043660662131015,0.10261771013967244,0.7072286956047334,0.0,6.042634126401936e-07,2604,0.005,1,1,0.8775619864463806,1.0,-0.12243801355361938,0.12243801355361938,-1.1045197248458862,-1.0,-0.10451972484588623,0.10451972484588623,0.36781487028808457,0.626865029846584,0.6593024983899104,0.6284773945808411,f94bd71bec527fe15ece301142bf30e562f3530ece4fc17512a424dcb8a9ec40
2,additive,5,1000,800,200,10000,10000,0.5,373,41260909,41760909,1041760909,2041260909,3041260909,0.1557760392608543,0.8697701031540461,0.8452419435958624,0.03588700662392235,0.7565000323406,-0.038976547875405644,0.09837755025962949,0.714433943213711,0.0,5.87055792422575e-07,2611,0.005,1,1,0.8820427656173706,1.0,-0.1179572343826294,0.1179572343826294,-1.1017460823059082,-1.0,-0.1017460823059082,0.1017460823059082,0.3728860942928441,0.6190476955552312,0.6599440299323267,0.6201143860816956,4b8be4211ddaf49c83f52f5e87929bd18883b9c5296d751a47aede53f90e0d69
2,additive,5,1000,800,200,10000,10000,0.5,374,41260909,41760909,1041760909,2041260909,3041260909,0.15396713095247302,0.9403769623376479,0.8898189621414381,0.03499158734326293,0.884308831295382,-0.06376131662608939,0.13871704033489066,0.791777785386466,0.0,6.859271426407076e-07,2618,0.005,1,1,0.8831331133842468,1.0,-0.11686688661575317,0.11686688661575317,-1.1002397537231445,-1.0,-0.10023975372314453,0.10023975372314453,0.3746845142039578,0.6418032014131893,0.6691730954019696,0.6437644958496094,40de13d9cbc80e1976fffc0529866ba5eee4257f52369ec5f05b070e80448f98
2,additive,5,1000,800,200,10000,10000,0.5,375,41260909,41760909,1041760909,2041260909,3041260909,0.1542137874100009,0.9416939448003517,0.8903979797863817,0.034965143288045314,0.886787485673648,-0.06447203327701177,0.1398900990380384,0.7928085624076697,0.0,6.827448189028473e-07,2625,0.005,1,1,0.8823750615119934,1.0,-0.11762493848800659,0.11762493848800659,-1.0997309684753418,-1.0,-0.0997309684753418,0.0997309684753418,0.3692770587584357,0.6396527211143063,0.6696589159348444,0.6401187181472778,e4dca9e6c00b8a0b6125deccedc62ca2e91313ad87c22a3bd8cec955d20e6abe
2,additive,5,1000,800,200,10000,10000,0.5,376,41260909,41760909,1041760909,2041260909,3041260909,0.15647433617150758,0.9094154699633311,0.8695710161941325,0.03585893643864186,0.8270364970086265,-0.05337084062118597,0.12370175702047558,0.7561537522048962,-2.220446049250313e-16,5.805236060751895e-07,2632,0.005,1,1,0.8800979852676392,1.0,-0.11990201473236084,0.11990201473236084,-1.1005371809005737,-1.0,-0.10053718090057373,0.10053718090057373,0.36940946331009833,0.6316801381085477,0.6658986369019014,0.6323655843734741,9df123db0b2880f8293455fdceef642d265e54cee67e0547a2c77f95d7a63955
2,additive,5,1000,800,200,10000,10000,0.5,377,41260909,41760909,1041760909,2041260909,3041260909,0.1580613157283781,0.8552578729721448,0.8644169329696088,0.03659069824021659,0.7314660292808375,-0.010420046758234503,0.02713353424262238,0.7472166340045852,1.1102230246251565e-16,5.816506032374491e-07,2639,0.005,1,1,0.8788846731185913,1.0,-0.12111532688140869,0.12111532688140869,-1.101560115814209,-1.0,-0.10156011581420898,0.10156011581420898,0.38360623985977527,0.6317301235768694,0.6648037267930996,0.6351972818374634,fd850e268cfca8c3c253f8b2f60aea610fbfe984b2003ca02f42642b1c236f78
2,additive,5,1000,800,200,10000,10000,0.5,378,41260909,41760909,1041760909,2041260909,3041260909,0.15811903932845858,0.906638085808186,0.8695596699640733,0.036338943749697934,0.8219926186379315,-0.05109877137980057,0.11906534402080848,0.7561340196280282,-1.1102230246251565e-16,5.823307542840439e-07,2646,0.005,1,1,0.8777710199356079,1.0,-0.12222898006439209,0.12222898006439209,-1.1003080606460571,-1.0,-0.10030806064605713,0.10030806064605713,0.3740829445601126,0.63041147844902,0.665561581728509,0.6299139857292175,8cad7ec91c509427260d47d2e80053fc901e86ab2d32002b42c1c1ffda2f9ef7
2,additive,5,1000,800,200,10000,10000,0.5,379,41260909,41760909,1041760909,2041260909,3041260909,0.15828674265171094,0.9442219644330128,0.8988440751012369,0.036270029011080035,0.8915551181177376,-0.059952237892109815,0.12923175897448735,0.8079206713445979,-1.1102230246251565e-16,6.409318693556543e-07,2653,0.005,1,1,0.8770954608917236,1.0,-0.12290453910827637,0.12290453910827637,-1.099745512008667,-1.0,-0.09974551200866699,0.09974551200866699,0.3705614289818398,0.637186034512415,0.671738615834645,0.6389793157577515,145db74b912944c3038c4a94882469d035770ac9df3eb605c2361bcd4528a5dd
2,additive,5,1000,800,200,10000,10000,0.5,380,41260909,41760909,1041760909,2041260909,3041260909,0.1544080699614199,0.948863790752736,0.8937103601368149,0.03474640969654722,0.9003424934016518,-0.06818534764116184,0.14583714428702038,0.7987182078158754,1.1102230246251565e-16,6.270529446794626e-07,2660,0.005,1,1,0.8810019493103027,1.0,-0.11899805068969727,0.11899805068969727,-1.0983936786651611,-1.0,-0.09839367866516113,0.09839367866516113,0.37350298209178207,0.6382648922648015,0.671836882954775,0.639805793762207,17914cc8c95a1bc5bdae55d9986cf9702039f08783f467345a16dee225c6bad1
2,additive,5,1000,800,200,10000,10000,0.5,381,41260909,41760909,1041760909,2041260909,3041260909,0.15724738348404574,0.8894392634268613,0.8549133104571206,0.0364325782972495,0.7911022033253176,-0.04832900661290698,0.11680235728133904,0.7308767683967531,-1.1102230246251565e-16,6.362691920003272e-07,2667,0.005,1,1,0.8803759217262268,1.0,-0.1196240782737732,0.1196240782737732,-1.1020628213882446,-1.0,-0.10206282138824463,0.10206282138824463,0.368571629681104,0.6319639736403387,0.6627825624944396,0.6295396089553833,4606beb9cbc48525e9823216335e6124cf65002b47df2b82006414037c8106e8
2,additive,5,1000,800,200,10000,10000,0.5,382,41260909,41760909,1041760909,2041260909,3041260909,0.1594491874597234,0.9098731733541378,0.8771698191435068,0.03744144920906234,0.8278691915895288,-0.04794187459116922,0.11080847115649449,0.7694268916162524,-2.220446049250313e-16,6.797307943173792e-07,2674,0.005,1,1,0.8786271214485168,1.0,-0.12137287855148315,0.12137287855148315,-1.1034053564071655,-1.0,-0.10340535640716553,0.10340535640716553,0.3630701567375763,0.628198087241559,0.6676164441922561,0.6294362545013428,feba66c0171e1f554043110cc75fd2020f64f7f33fbe01dfede460d4ca67ca4a
2,additive,5,1000,800,200,10000,10000,0.5,383,41260909,41760909,1041760909,2041260909,3041260909,0.16102411800539523,0.9146744665069945,0.873951211007655,0.03786611663226808,0.836629379679855,-0.05535238854518817,0.12659273553407052,0.7637907192217468,0.0,7.071097591904163e-07,2681,0.005,1,1,0.8761982321739197,1.0,-0.12380176782608032,0.12380176782608032,-1.1029654741287231,-1.0,-0.10296547412872314,0.10296547412872314,0.36079597420923043,0.6343494362391546,0.6672279315707436,0.6353847980499268,a30981afb6382cb7d3844f2decfcafd25138c144b8980e1d86d3137a228517ba
2,additive,5,1000,800,200,10000,10000,0.5,384,41260909,41760909,1041760909,2041260909,3041260909,0.1612501872265123,0.932350303940721,0.8846177540821468,0.03755496538822646,0.869277089258355,-0.06214174190461998,0.13705237168493875,0.7825485708373415,0.0,6.416968041378368e-07,2688,0.005,1,1,0.874483585357666,1.0,-0.12551641464233398,0.12551641464233398,-1.1012287139892578,-1.0,-0.10122871398925781,0.10122871398925781,0.3617028807670883,0.6369713151909062,0.6693580598566786,0.6378864645957947,6d1a431d792502cd1b67b011fd2ddb618c4195aa9a492b17e4c0e72689d67c0b
2,additive,5,1000,800,200,10000,10000,0.5,385,41260909,41760909,1041760909,2041260909,3041260909,0.16286261289370396,1.0071806798476228,0.9499374835486541,0.03813012291153201,1.0144129218583195,-0.07508091105955095,0.14266573026658133,0.9023812226507496,-1.1102230246251565e-16,6.750370786789972e-07,2695,0.005,1,1,0.8725939393043518,1.0,-0.1274060606956482,0.1274060606956482,-1.1014491319656372,-1.0,-0.10144913196563721,0.10144913196563721,0.3788046805832454,0.6501056150604745,0.6838863990137987,0.6519155502319336,16748162847d408a8b913c7865081657fa751bb246fa88c5829fcaea145a2165
2,additive,5,1000,800,200,10000,10000,0.5,386,41260909,41760909,1041760909,2041260909,3041260909,0.16474168719964663,0.9183272904479025,0.8842010111475173,0.0390204028756215,0.8433250123813862,-0.05026699357135789,0.11393949059443172,0.7818114281142919,0.0,6.200702884484599e-07,2702,0.005,1,1,0.8711423873901367,1.0,-0.12885761260986328,0.12885761260986328,-1.1026427745819092,-1.0,-0.10264277458190918,0.10264277458190918,0.3627136310952506,0.6315206692782414,0.6691605627606656,0.6349567174911499,eb9ff8d826861e0fc4dede53581e340130bac8388c6a854e9caf5782768236f8
2,additive,5,1000,800,200,10000,10000,0.5,387,41260909,41760909,1041760909,2041260909,3041260909,0.16622235431804996,0.8670112307660222,0.8666144429691196,0.03993699022080436,0.7517084742744126,-0.020312435866269796,0.05131700180767605,0.7510205927626774,1.1102230246251565e-16,5.856831020167874e-07,2709,0.005,1,1,0.870719313621521,1.0,-0.129280686378479,0.129280686378479,-1.1044814586639404,-1.0,-0.10448145866394043,0.10448145866394043,0.380488199387095,0.6343395499780297,0.665932503405852,0.6387879252433777,8e14d27b2315a9a1d21847756e5be594f0e8ed55a124fc4fd99a156e399d24b2
2,additive,5,1000,800,200,10000,10000,0.5,388,41260909,41760909,1041760909,2041260909,3041260909,0.16161778209939826,0.9291298979184185,0.8903689481857979,0.037686905125408114,0.8632823672058908,-0.05410620421890747,0.12010665819691099,0.7927568638934841,2.220446049250313e-16,6.548235447212392e-07,2716,0.005,1,1,0.8740558624267578,1.0,-0.1259441375732422,0.1259441375732422,-1.1012836694717407,-1.0,-0.10128366947174072,0.10128366947174072,0.36139612555256995,0.6384370986919631,0.6706168838437139,0.637407124042511,7cb4a353c905fdb5a82c6589af56c935b8a928980251ecb5b44fa5782b5caa11
2,additive,5,1000,800,200,10000,10000,0.5,389,41260909,41760909,1041760909,2041260909,3041260909,0.1619215750326907,0.9037116014570499,0.8781760429426811,0.03755799836558142,0.8166946586080657,-0.041529747287590735,0.09723059553532508,0.7711931623984658,2.220446049250313e-16,6.463325412653376e-07,2723,0.005,1,1,0.8728664517402649,1.0,-0.1271335482597351,0.1271335482597351,-1.1002779006958008,-1.0,-0.10027790069580078,0.10027790069580078,0.3595327235099037,0.6354343737921798,0.6674611790379573,0.6367442607879639,049b86fd0d682ba0d1f9f93c5914eaa13bba2d047b6915578eb0b7f0b8b600be
2,additive,5,1000,800,200,10000,10000,0.5,390,41260909,41760909,1041760909,2041260909,3041260909,0.16479922221020352,0.8685766864599213,0.8616483365528839,0.038837789894759306,0.7544254602616964,-0.025412697136051945,0.06407128309811348,0.7424378558843518,0.0,6.757548973723715e-07,2730,0.005,1,1,0.8703795075416565,1.0,-0.1296204924583435,0.1296204924583435,-1.1017708778381348,-1.0,-0.10177087783813477,0.10177087783813477,0.3676397394012549,0.6318413225866772,0.6639811905452206,0.6340509653091431,b942537c01cb45f07f5cffbbddce9bf3d33d8b039b170730a444e2ae554779a6
2,additive,5,1000,800,200,10000,10000,0.5,391,41260909,41760909,1041760909,2041260909,3041260909,0.16172482156690662,1.0005154522445532,0.935098624379641,0.037394427240868444,1.0010311701801227,-0.08200808005214708,0.15794695403468553,0.8744094373166968,0.0,7.02696626220245e-07,2737,0.005,1,1,0.8727707266807556,1.0,-0.12722927331924438,0.12722927331924438,-1.0998380184173584,-1.0,-0.0998380184173584,0.0998380184173584,0.3774313429617013,0.6559659423115752,0.6812109771282007,0.6542667150497437,c9f96a4eca786b220ad3e7231d843932b70f26ac4d692ffe8726c3c297242437
2,additive,5,1000,800,200,10000,10000,0.5,392,41260909,41760909,1041760909,2041260909,3041260909,0.16474935935169754,1.009802579495562,0.9556798820414654,0.03873551294224503,1.0197012495558908,-0.07255636277967326,0.13710098770270376,0.9133240369387892,-2.220446049250313e-16,6.355233637123092e-07,2744,0.005,1,1,0.8701531887054443,1.0,-0.12984681129455566,0.12984681129455566,-1.1014009714126587,-1.0,-0.10140097141265869,0.10140097141265869,0.37753369546819493,0.6522757727519456,0.6858324802871305,0.656223475933075,7da9c678b982fb29c99782b96a6c85136c6c7dfe0c1782bf7bab4ad8d5efb551
2,additive,5,1000,800,200,10000,10000,0.5,393,41260909,41760909,1041760909,2041260909,3041260909,0.16411189665104817,0.9697146821324281,0.9155685702657885,0.0383193466646323,0.940346564743196,-0.07020005227464399,0.1434607080033266,0.8382658068585402,-1.1102230246251565e-16,5.742912136952327e-07,2751,0.005,1,1,0.8702636957168579,1.0,-0.1297363042831421,0.1297363042831421,-1.100504755973816,-1.0,-0.10050475597381592,0.10050475597381592,0.36251180281105877,0.646757734800801,0.6761248444881978,0.6500135064125061,217f0ee2279ef90be621ca9e4b5bc31f94516a0cc9d0a88a9f52c11fe872a4ac
2,additive,5,1000,800,200,10000,10000,0.5,394,41260909,41760909,1041760909,2041260909,3041260909,0.1673602157679892,0.951643882102946,0.9132599831090424,0.03976146511225768,0.9056260783439658,-0.05567187335394749,0.11777577087681482,0.8340437967483285,0.0,6.27006816245057e-07,2758,0.005,1,1,0.8674037456512451,1.0,-0.13259625434875488,0.13259625434875488,-1.1021159887313843,-1.0,-0.10211598873138428,0.10211598873138428,0.3660252407507328,0.6443079203524984,0.6770207494866138,0.6477622985839844,b83d9c588a336b2811cb75342ce701a3c54623f0d9f1f1ac0c62f6e0dcc3e2b6
2,additive,5,1000,800,200,10000,10000,0.5,395,41260909,41760909,1041760909,2041260909,3041260909,0.1665193833773969,0.9275744236109948,0.8897641327194107,0.03926513794144141,0.8603943113372694,-0.05398961870239288,0.1200223456679709,0.791680211873925,0.0,6.390593334515415e-07,2765,0.005,1,1,0.867753267288208,1.0,-0.132246732711792,0.132246732711792,-1.101190447807312,-1.0,-0.10119044780731201,0.10119044780731201,0.3568493047995447,0.6370680268086576,0.6704870927170843,0.6387147903442383,0acb39a2c5b1dc91492d650816e86d370b7919bed0317843dd851cfc89811fe5
2,additive,5,1000,800,200,10000,10000,0.5,396,41260909,41760909,1041760909,2041260909,3041260909,0.16840080110764805,0.9084655722580733,0.8968224601025633,0.040262295553938746,0.8253096959781887,-0.030640733293856807,0.0707988095585681,0.8042905249444138,-1.1102230246251565e-16,5.868014270049571e-07,2772,0.005,1,1,0.8665949106216431,1.0,-0.13340508937835693,0.13340508937835693,-1.1027711629867554,-1.0,-0.10277116298675537,0.10277116298675537,0.3675954775464818,0.6410891204054482,0.6719524038630912,0.6456669569015503,1e3d1f70df6b27d0b00565a2af6599c914381be4dcda387fce1953ca88152f50
2,additive,5,1000,800,200,10000,10000,0.5,397,41260909,41760909,1041760909,2041260909,3041260909,0.16606117979467652,0.905898608063033,0.8850276172353163,0.03943653377215241,0.8206522880905408,-0.03840746929673582,0.08931047194301821,0.7832738832692215,0.0,5.91148287654164e-07,2779,0.005,1,1,0.8693925142288208,1.0,-0.1306074857711792,0.1306074857711792,-1.1025573015213013,-1.0,-0.10255730152130127,0.10255730152130127,0.3693854271026791,0.6316778554018644,0.6695467101964694,0.6333067417144775,502343a14e50297b707b7facd9fd90b80676311e9eb43ef8e31c3281feb9e1d4
2,additive,5,1000,800,200,10000,10000,0.5,398,41260909,41760909,1041760909,2041260909,3041260909,0.1630284272985625,0.9496599599975324,0.910663261783814,0.03825594579621162,0.9018540396225148,-0.055401204527995615,0.11786111282143193,0.8293075763627352,1.1102230246251565e-16,5.948211789785773e-07,2786,0.005,1,1,0.8726328611373901,1.0,-0.12736713886260986,0.12736713886260986,-1.1017638444900513,-1.0,-0.10176384449005127,0.10176384449005127,0.3589370278938695,0.6485520412778973,0.6747899066925457,0.6501611471176147,086b5e16adadeb90eb90950816c69cd53e9d7fa3a0a7f2a18657eecb8d47c92e
2,additive,5,1000,800,200,10000,10000,0.5,399,41260909,41760909,1041760909,2041260909,3041260909,0.16157561380543584,0.9269964836085653,0.9122537026695327,0.037750392769228244,0.8593224806226452,-0.03243302767880078,0.07230856854732443,0.832206818034272,2.220446049250313e-16,5.980165536101367e-07,2793,0.005,1,1,0.8743877410888672,1.0,-0.1256122589111328,0.1256122589111328,-1.1016279458999634,-1.0,-0.10162794589996338,0.10162794589996338,0.3685557708085454,0.6418751636788096,0.676246604026368,0.6469047665596008,559b47adcdd55f691c03e14fa80552bbf18ff3e4477affcf1e3c8906c26c27f7
2,additive,5,1000,800,200,10000,10000,0.5,400,41260909,41760909,1041760909,2041260909,3041260909,0.1611622569680797,0.9473736837964816,0.902658594450684,0.03774094550907073,0.8975168967501158,-0.06023265206175115,0.12880437744580595,0.8147925381356843,1.1102230246251565e-16,5.895803862898674e-07,2800,0.005,1,1,0.8753806352615356,1.0,-0.12461936473846436,0.12461936473846436,-1.1021924018859863,-1.0,-0.10219240188598633,0.10219240188598633,0.3671705825683303,0.6441310704859419,0.6732496589565662,0.6439435482025146,a110e3d1397902957913deccafaeb637bfe7be0ca566cd17be81bdcae151ed28
2,additive,5,1000,800,200,10000,10000,0.5,401,41260909,41760909,1041760909,2041260909,3041260909,0.16097494397713014,0.937173509183741,0.8991726089807283,0.03741912566302438,0.8782941863157675,-0.05360096561879119,0.11706931616613345,0.8085113807412097,1.1102230246251565e-16,5.948104817576905e-07,2807,0.005,1,1,0.8746699094772339,1.0,-0.1253300905227661,0.1253300905227661,-1.1010212898254395,-1.0,-0.10102128982543945,0.10102128982543945,0.35405896668610276,0.6414373701625016,0.6735142257938574,0.6402517557144165,ad920be2ae3d293b43c1dbb543802d842f3be40e631881cfd9e6bca738d0e9ce
2,additive,5,1000,800,200,10000,10000,0.5,402,41260909,41760909,1041760909,2041260909,3041260909,0.164934860175677,0.890081320499905,0.8816743406011964,0.038656514157235186,0.7922447571028545,-0.02677581419276762,0.06445004988898669,0.7773496428745544,1.1102230246251565e-16,6.413734450205766e-07,2814,0.005,1,1,0.8694540858268738,1.0,-0.13054591417312622,0.13054591417312622,-1.1008031368255615,-1.0,-0.10080313682556152,0.10080313682556152,0.36153649038061547,0.6284448524080021,0.6685084657073747,0.6321929693222046,77640a307a8c6675d1d73f8654a02a8f3d964b272e647740f3293b624aa70566
2,additive,5,1000,800,200,10000,10000,0.5,403,41260909,41760909,1041760909,2041260909,3041260909,0.16474414521917605,0.8867892683385965,0.8692343157747578,0.039059177765566236,0.7863952064405033,-0.034943044242829124,0.08466378012259927,0.7555682957204114,1.1102230246251565e-16,7.072779943939622e-07,2821,0.005,1,1,0.8712708353996277,1.0,-0.12872916460037231,0.12872916460037231,-1.1028077602386475,-1.0,-0.10280776023864746,0.10280776023864746,0.3668174936545833,0.6331236940032277,0.6660059823280267,0.6343803405761719,8da7f4c655d498c0536c2be91289cc1f84b627bbe1e530d47eb74edb30583f4a
2,additive,5,1000,800,200,10000,10000,0.5,404,41260909,41760909,1041760909,2041260909,3041260909,0.1619499729745938,0.9219174487644443,0.894706728807566,0.03801608691016205,0.8499317823363417,-0.043723869336484186,0.09848296471185287,0.8005001305735353,0.0,5.879651716611534e-07,2828,0.005,1,1,0.8744248151779175,1.0,-0.12557518482208252,0.12557518482208252,-1.1022676229476929,-1.0,-0.10226762294769287,0.10226762294769287,0.35566536257296716,0.6406304022867233,0.6721003470701975,0.6432380676269531,6d3519f35ce55ffd05e2fb1aa807d9a44f83b865a901616d530282fa4ff84402
2,additive,5,1000,800,200,10000,10000,0.5,405,41260909,41760909,1041760909,2041260909,3041260909,0.16003442441771584,0.9797201448663568,0.9437194557389951,0.03727041770150935,0.9598515622569552,-0.05325778440907968,0.1068230075748569,0.8906064111403051,0.0,6.30486114872042e-07,2835,0.005,1,1,0.8764615058898926,1.0,-0.12353849411010742,0.12353849411010742,-1.101731300354004,-1.0,-0.1017313003540039,0.1017313003540039,0.3695162653730522,0.6483858525619383,0.682504086033685,0.6530988216400146,6443345b2b776b3bd9bad15f446f6ff73172d62e35066ce4da139bb4e55e77ff
2,additive,5,1000,800,200,10000,10000,0.5,406,41260909,41760909,1041760909,2041260909,3041260909,0.15445188113141664,1.0287164430822424,0.962277411160231,0.034822430077840645,1.0582575202677806,-0.08355106715819254,0.15287274664908912,0.9259778160292362,1.1102230246251565e-16,6.733185546892173e-07,2842,0.005,1,1,0.8811891674995422,1.0,-0.11881083250045776,0.11881083250045776,-1.0986882448196411,-1.0,-0.09868824481964111,0.09868824481964111,0.3791227490941701,0.6587857849893485,0.6880083959667946,0.6601995229721069,031f02924dc7cee488d663152ebba0541c1c289cd29a79da726b956eff0746c8
2,additive,5,1000,800,200,10000,10000,0.5,407,41260909,41760909,1041760909,2041260909,3041260909,0.1564669530993069,0.9306667075054341,0.9058712906509077,0.03574282351282575,0.8661405204590054,-0.04064027437314496,0.09012312877221579,0.8206027952255412,0.0,6.087044859270918e-07,2849,0.005,1,1,0.8796617984771729,1.0,-0.12033820152282715,0.12033820152282715,-1.1000031232833862,-1.0,-0.10000312328338623,0.10000312328338623,0.3553417851435406,0.6419918775752202,0.6745328176655486,0.6454227566719055,59b8c9b959ac43296f5880a4f73f353d3e1f0d3b05cac40097bc084866a9bacf
2,additive,5,1000,800,200,10000,10000,0.5,408,41260909,41760909,1041760909,2041260909,3041260909,0.1568963362535433,0.9171465524538621,0.8900492737104866,0.03607034167502837,0.8411577986780049,-0.04252021536023427,0.09694220557749632,0.7921877096325647,-1.1102230246251565e-16,7.083760085180302e-07,2856,0.005,1,1,0.8798444867134094,1.0,-0.12015551328659058,0.12015551328659058,-1.1008915901184082,-1.0,-0.1008915901184082,0.1008915901184082,0.35454037275151234,0.6367886769541911,0.6698155355022052,0.6391971707344055,0a4ef653ae2cfcde079f93b44120865e157082f81620691b07bd96dac4453224
2,additive,5,1000,800,200,10000,10000,0.5,409,41260909,41760909,1041760909,2041260909,3041260909,0.15541424013850824,1.0042848162898401,0.9669403778135247,0.035709563320460116,1.0085879922303178,-0.054661930652308045,0.1046865050325212,0.934973694246162,2.220446049250313e-16,7.079710933055594e-07,2863,0.005,1,1,0.8822712302207947,1.0,-0.11772876977920532,0.11772876977920532,-1.1014569997787476,-1.0,-0.10145699977874756,0.10145699977874756,0.36826577653326753,0.6546917182641578,0.6880874159074785,0.6590182185173035,c8dbc16a5e3beadcbb0dddabaf3a80dbdb4e5c7f6862cdd37995adb93d449683
2,additive,5,1000,800,200,10000,10000,0.5,410,41260909,41760909,1041760909,2041260909,3041260909,0.1535712708427306,0.9582780751749451,0.9167599171049072,0.03539409406544953,0.9182968693609979,-0.05662110890812553,0.11874099908569047,0.8404487456101964,1.1102230246251565e-16,6.78635016626572e-07,2870,0.005,1,1,0.8859687447547913,1.0,-0.11403125524520874,0.11403125524520874,-1.1028640270233154,-1.0,-0.10286402702331543,0.10286402702331543,0.36471259328668665,0.648683022754314,0.6764102547704796,0.6484643220901489,15a68eeb280c74e5d89d6c934523a2fd958ce23c051bd1848f9a8aee5d32ad27
2,additive,5,1000,800,200,10000,10000,0.5,411,41260909,41760909,1041760909,2041260909,3041260909,0.14955551385798718,0.9734406644184557,0.9252188840652061,0.03369519193396985,0.9475867271434445,-0.06262596782327456,0.1276411326974301,0.8560299834308653,1.1102230246251565e-16,6.61367396403989e-07,2877,0.005,1,1,0.8895543217658997,1.0,-0.11044567823410034,0.11044567823410034,-1.1008394956588745,-1.0,-0.10083949565887451,0.10083949565887451,0.3609358151622261,0.6436265627368463,0.6788130706269443,0.6497515439987183,9ea70debe44c8cd3ab900a5e481bc31aa08f353aa7ed4273f78beda556312774
2,additive,5,1000,800,200,10000,10000,0.5,412,41260909,41760909,1041760909,2041260909,3041260909,0.14895005015877835,0.9562293551678742,0.9132692679230064,0.03364241643463126,0.9143745796847684,-0.05697812019338785,0.12020484954725777,0.8340607557326241,0.0,6.218219752440746e-07,2884,0.005,1,1,0.8910727500915527,1.0,-0.10892724990844727,0.10892724990844727,-1.1015921831130981,-1.0,-0.10159218311309814,0.10159218311309814,0.3549193939806621,0.6442979827826474,0.6771337084748977,0.6450637578964233,bf334aa3f78a421ff4004279777b10d9ed2fa52c01f445022bc32ade39202213
2,additive,5,1000,800,200,10000,10000,0.5,413,41260909,41760909,1041760909,2041260909,3041260909,0.14731196529340868,0.9102583718623369,0.8974449717166799,0.033026435260232016,0.8285703035454726,-0.028094630773076085,0.06521526720729987,0.8054074772595524,1.1102230246251565e-16,6.435787014424932e-07,2891,0.005,1,1,0.8928806781768799,1.0,-0.10711932182312012,0.10711932182312012,-1.1011250019073486,-1.0,-0.10112500190734863,0.10112500190734863,0.3583102709162762,0.6365612514385119,0.6726484341315426,0.6389776468276978,2def69148538ac8b8d89167a23011b433c5ceb1bc493521467d500326351e354
2,additive,5,1000,800,200,10000,10000,0.5,414,41260909,41760909,1041760909,2041260909,3041260909,0.14626898263259716,0.8908694303920475,0.8794831922732732,0.032483928571509516,0.7936483420070511,-0.026320792543686675,0.06372052873628475,0.7734906854911873,0.0,6.586763294791353e-07,2898,0.005,1,1,0.8932456374168396,1.0,-0.1067543625831604,0.1067543625831604,-1.0999906063079834,-1.0,-0.0999906063079834,0.0999906063079834,0.35796568938297996,0.6299100828357465,0.6683251424618843,0.6336680054664612,1226d1e169bef69d6695105d21f8cc8ce17365b58f26c16a9705616edf469e71
2,additive,5,1000,800,200,10000,10000,0.5,415,41260909,41760909,1041760909,2041260909,3041260909,0.14178485685653056,0.8923784952920907,0.8837885280081935,0.030606045896437662,0.7963393788597759,-0.022931631258662148,0.0554610511701482,0.7810821622388894,1.1102230246251565e-16,6.481159822158133e-07,2905,0.005,1,1,0.8969607949256897,1.0,-0.1030392050743103,0.1030392050743103,-1.097395420074463,-1.0,-0.09739542007446289,0.09739542007446289,0.36256527589631155,0.6385132450874478,0.6711650148837268,0.6395359039306641,93b9509336554d1aa61ccbdfbfc8a61c0ab299e0384ce3c089ed860055036d0a
2,additive,5,1000,800,200,10000,10000,0.5,416,41260909,41760909,1041760909,2041260909,3041260909,0.14074513027772376,0.951133044920363,0.9145824635833576,0.030028846929972236,0.9046540691394813,-0.04911091668762497,0.10508572659944858,0.8364610826942036,0.0,5.906597699834037e-07,2912,0.005,1,1,0.8970242738723755,1.0,-0.10297572612762451,0.10297572612762451,-1.0959436893463135,-1.0,-0.09594368934631348,0.09594368934631348,0.3550700008643922,0.6410659636231066,0.6759184631489159,0.6435048580169678,1d5996d8b1d9f889840e1fafbc397318ddb040529fff8239f413b1e273b191fb
2,additive,5,1000,800,200,10000,10000,0.5,417,41260909,41760909,1041760909,2041260909,3041260909,0.14263032429146305,0.9796721398213829,0.944778466264084,0.03036533347342886,0.9597575015422073,-0.04875824234966057,0.09848927956275359,0.892606350316315,0.0,5.962996283415123e-07,2919,0.005,1,1,0.8932956457138062,1.0,-0.10670435428619385,0.10670435428619385,-1.094644546508789,-1.0,-0.09464454650878906,0.09464454650878906,0.3641288781363697,0.6417112505998728,0.6842644406029073,0.6458773016929626,f3fd3a219c1a3a3ed7a3294ab07089cfdf1d6f87693e437e2816c91864cc9613
2,additive,5,1000,800,200,10000,10000,0.5,418,41260909,41760909,1041760909,2041260909,3041260909,0.14243104176702062,0.9525268631288958,0.9179978312208693,0.030251358670411316,0.9073074249821741,-0.047419382763182895,0.10115500721660192,0.8427200181262197,1.1102230246251565e-16,5.917601555438523e-07,2926,0.005,1,1,0.8933061361312866,1.0,-0.10669386386871338,0.10669386386871338,-1.094355821609497,-1.0,-0.09435582160949707,0.09435582160949707,0.3602793811105585,0.6479464168154548,0.6782599007682136,0.651145339012146,c04c1f4131caf7b3639f409631d28d896f9cd6d444c5766bad67af5f9f3d385b
2,additive,5,1000,800,200,10000,10000,0.5,419,41260909,41760909,1041760909,2041260909,3041260909,0.14534213702305726,0.9164228579551903,0.9020163241053957,0.03130344303804293,0.8398308545827589,-0.028750424334095873,0.06600687038179437,0.8136334489526101,1.1102230246251565e-16,5.820834214631532e-07,2933,0.005,1,1,0.890224814414978,1.0,-0.10977518558502197,0.10977518558502197,-1.0952562093734741,-1.0,-0.09525620937347412,0.09525620937347412,0.35690643352187984,0.6370634970784451,0.6742891967108405,0.6392567157745361,0a1d92491cc4295a2f4fb29fd9ee323e817c34edaf2bf44d7e88a5f8d709c29d
2,additive,5,1000,800,200,10000,10000,0.5,420,41260909,41760909,1041760909,2041260909,3041260909,0.14951835420197296,0.8809823875489353,0.9082983696343645,0.03328705175144138,0.7761299671714225,0.0077944546787904415,-0.019259428691437586,0.8250059282804446,-1.1102230246251565e-16,6.57597277964328e-07,2940,0.005,1,1,0.8877732157707214,1.0,-0.11222678422927856,0.11222678422927856,-1.0987972021102905,-1.0,-0.09879720211029053,0.09879720211029053,0.39622321705473307,0.643088954028712,0.6764643787783167,0.6455512046813965,1c714694265c66cdd7d474abced90da2ee234e8d3a96d1021f3adb8760889891
2,additive,5,1000,800,200,10000,10000,0.5,421,41260909,41760909,1041760909,2041260909,3041260909,0.14701369957708765,0.9180649482056721,0.9020583985583632,0.032143389149133804,0.8428432491238833,-0.030638641931669146,0.07003225098874971,0.8137093544096788,0.0,6.579039641962936e-07,2947,0.005,1,1,0.8894816040992737,1.0,-0.11051839590072632,0.11051839590072632,-1.0969469547271729,-1.0,-0.09694695472717285,0.09694695472717285,0.35494595658970196,0.636100318226077,0.6743613015435007,0.639580249786377,6f2ba2c4d9910fe0f5408595d5df0692b886b290908a250804ffcdac7398c170
2,additive,5,1000,800,200,10000,10000,0.5,422,41260909,41760909,1041760909,2041260909,3041260909,0.15015972129267416,0.9617409181772544,0.9210504251517603,0.033461164532900364,0.9249455936964283,-0.055036436278545105,0.11484985014134452,0.8483338856722384,0.0,5.863067595868188e-07,2954,0.005,1,1,0.8867963552474976,1.0,-0.11320364475250244,0.11320364475250244,-1.098655343055725,-1.0,-0.0986553430557251,0.0986553430557251,0.35066112588920517,0.644073497976978,0.6785788089283528,0.6463128328323364,541b655ebc450f1ff7f6747bb6e17e6d11dd2b0c91013fadbac31e17ae4c67c9
2,additive,5,1000,800,200,10000,10000,0.5,423,41260909,41760909,1041760909,2041260909,3041260909,0.15130730329686234,1.0276734541999606,0.9724176591007433,0.033840253290095976,1.0561127284672787,-0.07217843901320256,0.13244321584739627,0.9455961037309695,0.0,6.978092645937295e-07,2961,0.005,1,1,0.8853526711463928,1.0,-0.11464732885360718,0.11464732885360718,-1.0987415313720703,-1.0,-0.09874153137207031,0.09874153137207031,0.36408969573486955,0.6453856557952723,0.6903517375175247,0.6472185850143433,48e2d05b456479a5c1025f90dacec650247e0141f2188e4d6fff1d39e852c709
2,additive,5,1000,800,200,10000,10000,0.5,424,41260909,41760909,1041760909,2041260909,3041260909,0.15297009466587827,0.9610516862630563,0.9178295529396135,0.03434470178934666,0.9236203436690639,-0.0577769786045399,0.12062439830858787,0.8424110882493309,1.1102230246251565e-16,6.346224594722116e-07,2968,0.005,1,1,0.8830831050872803,1.0,-0.11691689491271973,0.11691689491271973,-1.0986422300338745,-1.0,-0.09864223003387451,0.09864223003387451,0.3521015706967177,0.6331755388368517,0.6771049562163,0.6357399225234985,57d1afa6b64514a8cd4db0faf5f26770c68b3faacb277eb3bb435406eba2da36
2,additive,5,1000,800,200,10000,10000,0.5,425,41260909,41760909,1041760909,2041260909,3041260909,0.15427826351276477,0.9370443650016288,0.9062695226091684,0.03454906790185598,0.8780521419813057,-0.04563838113645565,0.10001823500167972,0.82132444761025,-3.3306690738754696e-16,6.204686648914048e-07,2975,0.005,1,1,0.8805627822875977,1.0,-0.11943721771240234,0.11943721771240234,-1.097655177116394,-1.0,-0.09765517711639404,0.09765517711639404,0.3439403016508205,0.6448043427463773,0.6750418842634551,0.6471796035766602,da281970e0a2f0d067f04d6f4e1b66219c0946e4e4187007bc430b8ae4b3de9d
2,additive,5,1000,800,200,10000,10000,0.5,426,41260909,41760909,1041760909,2041260909,3041260909,0.15596122506607096,0.8962912951057813,0.8923374443482186,0.0349640954314674,0.8033380856823987,-0.021018033263977966,0.05014428862883538,0.7962661145859101,-1.1102230246251565e-16,6.276609205713157e-07,2982,0.005,1,1,0.8779821395874023,1.0,-0.12201786041259766,0.12201786041259766,-1.0971367359161377,-1.0,-0.0971367359161377,0.0971367359161377,0.36654036634988346,0.6422254023934199,0.6726798591017603,0.6423778533935547,b587a7d59c0ed09d620cb9d41a92ffb928eb7f8fa808db68a69d267224ae74ee
2,additive,5,1000,800,200,10000,10000,0.5,427,41260909,41760909,1041760909,2041260909,3041260909,0.15498142603910586,0.8850059354583357,0.8928582597054896,0.03430656813800332,0.7832355057964839,-0.010173101005085873,0.02488703965075951,0.7971958719243155,0.0,6.745535134911052e-07,2989,0.005,1,1,0.8779522776603699,1.0,-0.12204772233963013,0.12204772233963013,-1.0955175161361694,-1.0,-0.09551751613616943,0.09551751613616943,0.3648008865618539,0.6323766927152097,0.6728587567720777,0.6364290714263916,2df655f9f6db91ca5fad6aa8331196b5cf2433eceacba2f44319aa0af0c90ac5
2,additive,5,1000,800,200,10000,10000,0.5,428,41260909,41760909,1041760909,2041260909,3041260909,0.15016106323653516,0.937642897645042,0.9109475150132132,0.03215558566098692,0.8791742035041908,-0.040752207028214756,0.08943459878678113,0.8298253751087484,2.220446049250313e-16,6.532492058397565e-07,2996,0.005,1,1,0.8815637230873108,1.0,-0.11843627691268921,0.11843627691268921,-1.0923103094100952,-1.0,-0.09231030941009521,0.09231030941009521,0.3510347864361583,0.6398171421255792,0.6762376983310293,0.6427402496337891,110079066744b45031d30f66e2a2df9311982ffc491eda0e0f47a794e89e2002
2,additive,5,1000,800,200,10000,10000,0.5,429,41260909,41760909,1041760909,2041260909,3041260909,0.14597139651170632,1.043074311604563,0.9806648358692561,0.03088982549058786,1.088004019529333,-0.07859516235472283,0.14048725480891983,0.9617035203104751,0.0,6.951923499087798e-07,3003,0.005,1,1,0.8868358731269836,1.0,-0.11316412687301636,0.11316412687301636,-1.0922037363052368,-1.0,-0.09220373630523682,0.09220373630523682,0.36913718806672696,0.6541500135541021,0.6934578562038681,0.6578295826911926,eee5f2c219e1483cd0235ca0c68e861daa36a53c65efed665b6c46e734e43407
2,additive,5,1000,800,200,10000,10000,0.5,430,41260909,41760909,1041760909,2041260909,3041260909,0.144495036848625,1.017483830976408,0.9619055864031378,0.030544228464668755,1.0352733462984278,-0.07027760880476598,0.131875492521104,0.9252623571535645,-2.220446049250313e-16,6.553198499403834e-07,3010,0.005,1,1,0.8891310095787048,1.0,-0.11086899042129517,0.11086899042129517,-1.092665433883667,-1.0,-0.09266543388366699,0.09266543388366699,0.3563869142491546,0.6518862333257691,0.6889109044364862,0.6546823978424072,dd822be03757ebe57ca46cf7b4850a14e8ba4ac9bbcfd588fa7f93481f52e14c
2,additive,5,1000,800,200,10000,10000,0.5,431,41260909,41760909,1041760909,2041260909,3041260909,0.14530053292096176,0.9197943828335766,0.9074123150377945,0.03097596915163009,0.8460217066922,-0.026800283180790137,0.06111825360313168,0.8233971094822496,-1.1102230246251565e-16,6.719259282306211e-07,3017,0.005,1,1,0.8888972401618958,1.0,-0.11110275983810425,0.11110275983810425,-1.093639850616455,-1.0,-0.09363985061645508,0.09363985061645508,0.35258152706321355,0.6432915232338564,0.6758051769708495,0.6465021371841431,d2a3cab8bd7cae93f786ce41b058aca4ef268cc7bd7a9942232846bd14f8ec67
2,additive,5,1000,800,200,10000,10000,0.5,432,41260909,41760909,1041760909,2041260909,3041260909,0.14482304192702797,0.9036283359930278,0.8907981116036441,0.0306530337885132,0.8165441696095284,-0.026837963880711566,0.06335706438375055,0.7935212756366183,-1.1102230246251565e-16,6.251641302412736e-07,3024,0.005,1,1,0.8887522220611572,1.0,-0.11124777793884277,0.11124777793884277,-1.0927234888076782,-1.0,-0.09272348880767822,0.09272348880767822,0.34829831085622154,0.6363173962570543,0.6713785047856551,0.6393266916275024,2dc8b52efc65729218d4b380ad4603bc6dfe0852375f5cd5b8e95b73a1946944
2,additive,5,1000,800,200,10000,10000,0.5,433,41260909,41760909,1041760909,2041260909,3041260909,0.14389633036251356,0.9779989332706697,0.9352312553125565,0.03005760576816827,0.9564819134785677,-0.05594100916661796,0.11340855196420566,0.8746575009135001,1.1102230246251565e-16,7.006509328277843e-07,3031,0.005,1,1,0.8886081576347351,1.0,-0.11139184236526489,0.11139184236526489,-1.0910934209823608,-1.0,-0.09109342098236084,0.09109342098236084,0.3447441288079506,0.648588423398364,0.6827184384250681,0.6513801217079163,a4358710053e9fc0d2de569c87220b30f37f1b5fe6e839de8ed5daaa2aa206cb
2,additive,5,1000,800,200,10000,10000,0.5,434,41260909,41760909,1041760909,2041260909,3041260909,0.14362004281106436,0.9452799154410918,0.9172274370981943,0.029872732344305916,0.8935541185363177,-0.041060339757450826,0.08893035700292609,0.841306171365722,1.1102230246251565e-16,6.547834630055149e-07,3038,0.005,1,1,0.8885359764099121,1.0,-0.11146402359008789,0.11146402359008789,-1.0905675888061523,-1.0,-0.09056758880615234,0.09056758880615234,0.3444382274820178,0.6400406258401082,0.6771069501837264,0.640896201133728,4656ec80b03ed54735c2c3b2d5f7a9b8562d872246fd4307f868c2400f514046
2,additive,5,1000,800,200,10000,10000,0.5,435,41260909,41760909,1041760909,2041260909,3041260909,0.143710498437401,0.9579625489996181,0.9231388113921226,0.029910006248997003,0.9176922452858456,-0.047708493218190956,0.1006930769548446,0.8521852650984609,2.220446049250313e-16,6.341382778884963e-07,3045,0.005,1,1,0.8884642720222473,1.0,-0.11153572797775269,0.11153572797775269,-1.0906227827072144,-1.0,-0.09062278270721436,0.09062278270721436,0.34368084739892524,0.6478673320324002,0.6792743094126444,0.6493710875511169,73838017954773062aad66ad39ddfb17b022dc4b4b02b61fe3e8eec1852e0062
2,additive,5,1000,800,200,10000,10000,0.5,436,41260909,41760909,1041760909,2041260909,3041260909,0.1450584004944071,0.930213885801373,0.9168818013164305,0.0305367239877335,0.8652978733376898,-0.027581179870080495,0.06157650073445707,0.8406722375852623,0.0,5.946876893148101e-07,3052,0.005,1,1,0.8876745700836182,1.0,-0.11232542991638184,0.11232542991638184,-1.0917874574661255,-1.0,-0.09178745746612549,0.09178745746612549,0.356653687629702,0.641540586869184,0.6792553531404133,0.6466972827911377,146908a68fb9204d31f48f9af607c0eb8e460995e805d410dd7ce976b3c60211
2,additive,5,1000,800,200,10000,10000,0.5,437,41260909,41760909,1041760909,2041260909,3041260909,0.1451939453833787,0.9531860026783806,0.9340704753105873,0.030732568055590787,0.9085635557019898,-0.03340423545531704,0.07112610093968239,0.8724876528469465,0.0,6.236337419807114e-07,3059,0.005,1,1,0.8881418704986572,1.0,-0.11185812950134277,0.11185812950134277,-1.09256911277771,-1.0,-0.09256911277770996,0.09256911277770996,0.37530731763084646,0.6573089276747804,0.6837416208621414,0.657676100730896,ecef6fbd44ba4ae59a1df73e170c79a31495299ed50184f5a0b83089fc56cbd3
2,additive,5,1000,800,200,10000,10000,0.5,438,41260909,41760909,1041760909,2041260909,3041260909,0.14350239260419978,0.9793689933291807,0.953812189423601,0.030205098619562453,0.9591636250946128,-0.039805515510566034,0.08046649253502315,0.9097576926930433,1.1102230246251565e-16,5.877189774849967e-07,3066,0.005,1,1,0.8902333974838257,1.0,-0.10976660251617432,0.10976660251617432,-1.0924350023269653,-1.0,-0.09243500232696533,0.09243500232696533,0.3535039404152887,0.6432578613813792,0.6864048688216899,0.6495171189308167,eb1d0d3e9f502fb426c653845980ed1615487f412185db62348b17038d4e9c77
2,additive,5,1000,800,200,10000,10000,0.5,439,41260909,41760909,1041760909,2041260909,3041260909,0.13905683350542117,1.0123360108208204,0.9603593706451982,0.02881423490656532,1.0248241988046123,-0.06567415646256834,0.12466165690491673,0.922290120786041,0.0,7.134994870483524e-07,3073,0.005,1,1,0.8957330584526062,1.0,-0.1042669415473938,0.1042669415473938,-1.0920065641403198,-1.0,-0.09200656414031982,0.09200656414031982,0.35103058557710304,0.6558373358098541,0.6870463058229921,0.6623902320861816,7c07716b2734d8fd77a37f4dd7c4ac8871a3bb0ad8d47156d5fc63098b404980
2,additive,5,1000,800,200,10000,10000,0.5,440,41260909,41760909,1041760909,2041260909,3041260909,0.13913146896016654,0.9476647003571025,0.9164754537475703,0.02882802336811256,0.8980683843029168,-0.04348457517460724,0.09382833899177356,0.839927257321815,1.1102230246251565e-16,6.346484546781994e-07,3080,0.005,1,1,0.8955943584442139,1.0,-0.10440564155578613,0.10440564155578613,-1.0919620990753174,-1.0,-0.09196209907531738,0.09196209907531738,0.3397984477681774,0.6470124552433519,0.6776725149778594,0.648073673248291,87051c8e9811186ac7cf948a3604a50a86e4eb3295437bc138f3109978f0cf80
2,additive,5,1000,800,200,10000,10000,0.5,441,41260909,41760909,1041760909,2041260909,3041260909,0.13819157418699748,0.9531528825485345,0.9381956963755862,0.028490251433638404,0.9085004175105803,-0.028389752123273843,0.06059772645390976,0.8802111646976711,1.1102230246251565e-16,6.015545981341575e-07,3087,0.005,1,1,0.8965452313423157,1.0,-0.10345476865768433,0.10345476865768433,-1.0916188955307007,-1.0,-0.09161889553070068,0.09161889553070068,0.35190934736858426,0.6412925281262959,0.6837251349359577,0.6451188325881958,77379c163c05648b269f507e4982002fa825406fab79c4e8fd18f31115b976f7
2,additive,5,1000,800,200,10000,10000,0.5,442,41260909,41760909,1041760909,2041260909,3041260909,0.13334647181336617,0.9910470801425991,0.9528095070990611,0.026651211612974738,0.9821743150591712,-0.05048978492689509,0.10009616844936073,0.9078459568183558,0.0,6.92856666262287e-07,3094,0.005,1,1,0.900807797908783,1.0,-0.09919220209121704,0.09919220209121704,-1.0891189575195312,-1.0,-0.08911895751953125,0.08911895751953125,0.34813659957015375,0.6511073267825939,0.6866529200768651,0.6534323692321777,b6d86e2b8b5f6a74bce74d1879d8b113b2e8bdf964dccac6a12eecf0fb134ce8
2,additive,5,1000,800,200,10000,10000,0.5,443,41260909,41760909,1041760909,2041260909,3041260909,0.1347526900406899,0.9134261242745817,0.9150268662604681,0.027452749349308626,0.8343472845072836,-0.012262933939069779,0.028458884793013114,0.8372741659784526,0.0,6.598248578626453e-07,3101,0.005,1,1,0.9010084271430969,1.0,-0.09899157285690308,0.09899157285690308,-1.0914273262023926,-1.0,-0.09142732620239258,0.09142732620239258,0.3565428375918726,0.6386665352083081,0.6781893126401674,0.6443600654602051,a9c490979362da95132d88b74c68140a3492bb90abec7e90e087373f7cd29788
2,additive,5,1000,800,200,10000,10000,0.5,444,41260909,41760909,1041760909,2041260909,3041260909,0.13136409488223966,0.9427089828490407,0.9202031539653523,0.02642766435332736,0.8887002263442728,-0.03417702306490909,0.07469343555654503,0.846773844567782,1.1102230246251565e-16,5.658427486565643e-07,3108,0.005,1,1,0.9054481983184814,1.0,-0.09455180168151855,0.09455180168151855,-1.091194748878479,-1.0,-0.091194748878479,0.091194748878479,0.3388124372302282,0.6419472748911018,0.6779047189672961,0.6485598683357239,239fdb9a431754677b7c51ea1112ffa491253dbbfc730622d3d1b81408f57760
2,additive,5,1000,800,200,10000,10000,0.5,445,41260909,41760909,1041760909,2041260909,3041260909,0.12924129304745696,1.0133360878076405,0.9678781079412296,0.025773106126532934,1.0268500268532943,-0.05791755057396626,0.11004422904902321,0.9367880318318945,-2.220446049250313e-16,5.926106148024246e-07,3115,0.005,1,1,0.9081825017929077,1.0,-0.09181749820709229,0.09181749820709229,-1.0909552574157715,-1.0,-0.09095525741577148,0.09095525741577148,0.351076301790058,0.6465210135468864,0.688420229217729,0.6508108973503113,07788a5b3767ac699ace8a3a0e966959833840b3924bc91a6c6685da1b745425
2,additive,5,1000,800,200,10000,10000,0.5,446,41260909,41760909,1041760909,2041260909,3041260909,0.12560811854110576,1.1901991641679874,1.1212965887786712,0.024461117945705924,1.4165740503861761,-0.09186456416259868,0.1274980183432158,1.2573060400066847,0.0,6.310443971813129e-07,3122,0.005,1,1,0.9115488529205322,1.0,-0.08845114707946777,0.08845114707946777,-1.089184045791626,-1.0,-0.08918404579162598,0.08918404579162598,0.4159493444856352,0.6944499768981955,0.7306046521149506,0.6992789506912231,99437dfb8f73bbcc852ec450d0b4c83f9df28564e977ac2a49a0ce057094691d
2,additive,5,1000,800,200,10000,10000,0.5,447,41260909,41760909,1041760909,2041260909,3041260909,0.12823310491151976,0.9107510298999872,0.9205425055205249,0.0256589745163699,0.8294674384638875,-0.003863954255125884,0.00903715332955127,0.8473985044700055,-1.1102230246251565e-16,6.657972484447328e-07,3129,0.005,1,1,0.9108341336250305,1.0,-0.08916586637496948,0.08916586637496948,-1.0921584367752075,-1.0,-0.09215843677520752,0.09215843677520752,0.3777966931349035,0.6449688768940801,0.6794422567786947,0.6448898315429688,95c89b75461c8be2a72d6bbf68bb91134b7101f440ee803e3c2cbc98ff19faed
2,additive,5,1000,800,200,10000,10000,0.5,448,41260909,41760909,1041760909,2041260909,3041260909,0.1274824413369559,0.9115322145488178,0.9226117553861906,0.02533953281370985,0.830890978160272,-0.002509029898597073,0.0058606411858484085,0.8512124511767879,2.220446049250313e-16,5.843877719513557e-07,3136,0.005,1,1,0.9112151861190796,1.0,-0.08878481388092041,0.08878481388092041,-1.091482400894165,-1.0,-0.09148240089416504,0.09148240089416504,0.36681257286871277,0.6317978433708096,0.6793714191947989,0.6364112496376038,4c87ec29e53110fec9b91537a800f7b89d524c18116537f79205769e9a52e271
2,additive,5,1000,800,200,10000,10000,0.5,449,41260909,41760909,1041760909,2041260909,3041260909,0.12178799135782169,1.063168120399033,1.009530753109175,0.02313393134069349,1.130326452232813,-0.06715402105016426,0.11643923277558278,1.019152341473178,0.0,6.906916549809239e-07,3143,0.005,1,1,0.9152372479438782,1.0,-0.08476275205612183,0.08476275205612183,-1.0874505043029785,-1.0,-0.08745050430297852,0.08745050430297852,0.36603589375755624,0.665676253742483,0.6985218628906552,0.6696958541870117,e74309d1133bcd01bdd945e61ebbbf22f43d833f0d62dc4fad0d2a2ab370c6f9
2,additive,5,1000,800,200,10000,10000,0.5,450,41260909,41760909,1041760909,2041260909,3041260909,0.12396012263370523,0.9719911099919428,0.9428182826696584,0.02389602213135213,0.9447667179033692,-0.039878212949278714,0.08233663028651086,0.8889063141361639,1.1102230246251565e-16,5.690436708505331e-07,3150,0.005,1,1,0.9132188558578491,1.0,-0.08678114414215088,0.08678114414215088,-1.088516354560852,-1.0,-0.08851635456085205,0.08851635456085205,0.3459406653475156,0.6439950975603059,0.6851427550734874,0.647786021232605,72ff05796100d1d37cdc54463808df7537b296a7e0fc5200b76f70d37eab5f9b
2,additive,5,1000,800,200,10000,10000,0.5,451,41260909,41760909,1041760909,2041260909,3041260909,0.12898559442983565,0.9280209713139285,0.9164279378891828,0.025902879451173477,0.8612229231984473,-0.02364281865290041,0.053302065123763245,0.8398401653438199,0.0,5.871341830498977e-07,3157,0.005,1,1,0.9099067449569702,1.0,-0.09009325504302979,0.09009325504302979,-1.0923064947128296,-1.0,-0.09230649471282959,0.09230649471282959,0.34087541829488827,0.6331122935576621,0.6776437918380535,0.6371618509292603,f7cc6bacfe5170baaf8d99387409077b63bae5f52a7fefd4a86db865ca6143f6
2,additive,5,1000,800,200,10000,10000,0.5,452,41260909,41760909,1041760909,2041260909,3041260909,0.12816701825280988,0.9687772362412689,0.9421817035859872,0.02566707235585075,0.9385293334592714,-0.03824502162146465,0.07933035508285821,0.887706362572193,2.220446049250313e-16,6.79432210048958e-07,3164,0.005,1,1,0.9111253619194031,1.0,-0.08887463808059692,0.08887463808059692,-1.0923476219177246,-1.0,-0.09234762191772461,0.09234762191772461,0.337202079224714,0.645917370336782,0.6842792313383518,0.6500921249389648,e726075955a4d72d40c970cca6a034f2b28cfcace3955f365116d3d44ff78f01
2,additive,5,1000,800,200,10000,10000,0.5,453,41260909,41760909,1041760909,2041260909,3041260909,0.12742562728527043,1.0057800869704263,0.9629864719879986,0.025366881635107214,1.0115935833462384,-0.05480875987472655,0.10571041370552643,0.9273429452318924,0.0,5.835342662408038e-07,3171,0.005,1,1,0.9116100072860718,1.0,-0.08838999271392822,0.08838999271392822,-1.0917850732803345,-1.0,-0.09178507328033447,0.09178507328033447,0.34969676548855516,0.6565971539495465,0.6870261729464565,0.659038245677948,59a796600b3f6dd3ac68afee69550e14bb9097851ee8aeb520aa5eaa0a1fed31
2,additive,5,1000,800,200,10000,10000,0.5,454,41260909,41760909,1041760909,2041260909,3041260909,0.12633141275762455,0.9899508542313938,0.9608126862419084,0.024941331067453523,0.9800026937934663,-0.040891503408763914,0.08138065881713787,0.923161018043392,0.0,6.79155503391371e-07,3178,0.005,1,1,0.9124286770820618,1.0,-0.08757132291793823,0.08757132291793823,-1.0910543203353882,-1.0,-0.09105432033538818,0.09105432033538818,0.3415360427868191,0.6485253590401442,0.6888259714151397,0.6539679765701294,f5bbf830432300413b00b97bd14faf8c29f878e8dea33a947202be50c1e9c3e3
2,additive,5,1000,800,200,10000,10000,0.5,455,41260909,41760909,1041760909,2041260909,3041260909,0.12565988687209811,1.0009571503986854,0.9637688501670582,0.02468090856483944,1.0019152169342564,-0.04887286447338122,0.09521342085646564,0.9288503965523334,0.0,6.348067742578678e-07,3185,0.005,1,1,0.9129235744476318,1.0,-0.08707642555236816,0.08707642555236816,-1.0905985832214355,-1.0,-0.09059858322143555,0.09059858322143555,0.3378148042246941,0.6555315300434249,0.6886791427285951,0.658359169960022,85d749bf829dfd3d6e7d1c85dc914181ffa6b2430f060e279feb79228991939e
2,additive,5,1000,800,200,10000,10000,0.5,456,41260909,41760909,1041760909,2041260909,3041260909,0.12379543704639173,0.9395414233255331,0.926175375591923,0.02385690019603037,0.8827380861445686,-0.02439707999387977,0.0538213432932311,0.8578008263528396,1.1102230246251565e-16,5.982566122497701e-07,3192,0.005,1,1,0.9135079383850098,1.0,-0.08649206161499023,0.08649206161499023,-1.0885688066482544,-1.0,-0.0885688066482544,0.0885688066482544,0.33844715635515976,0.6360895094476402,0.679948602683428,0.6402851343154907,ece9d5a0b1e0afe25c3bdb90cee1a2abee11c658f9690ad3aae4a8ad9f78f4f0
2,additive,5,1000,800,200,10000,10000,0.5,457,41260909,41760909,1041760909,2041260909,3041260909,0.12230888388830824,0.967895251432884,0.9488404930037101,0.02332124694531326,0.9368212177463258,-0.0299220917640577,0.06232844158948335,0.9002982811635236,0.0,6.530547089766969e-07,3199,0.005,1,1,0.9147937893867493,1.0,-0.08520621061325073,0.08520621061325073,-1.087746024131775,-1.0,-0.0877460241317749,0.0877460241317749,0.33921637775283614,0.6386022781978958,0.6863448405202164,0.6451497077941895,6f75e5753959c6f91a976d295a4db1454a2ac55a276bdacb9f41149149a80da6
2,additive,5,1000,800,200,10000,10000,0.5,458,41260909,41760909,1041760909,2041260909,3041260909,0.1223301548573401,0.9939841532249013,0.9613917294663856,0.02318918895983419,0.9880044968622241,-0.04345981416784522,0.08595744767237981,0.9242740574863679,1.1102230246251565e-16,6.414108746355396e-07,3206,0.005,1,1,0.913773775100708,1.0,-0.08622622489929199,0.08622622489929199,-1.0867738723754883,-1.0,-0.08677387237548828,0.08677387237548828,0.3472593105616012,0.6544998604256962,0.6896374878804867,0.6540314555168152,aa52418536ca13f43abc650655e28c2f69456f0bd245475642ce222ea64da31f
2,additive,5,1000,800,200,10000,10000,0.5,459,41260909,41760909,1041760909,2041260909,3041260909,0.12482426692289396,0.9341935271446046,0.9297205467210853,0.024115372869061617,0.872717546158877,-0.016226312016292464,0.0361858082414724,0.8643802949953537,1.1102230246251565e-16,6.256878428700929e-07,3213,0.005,1,1,0.9118173122406006,1.0,-0.08818268775939941,0.08818268775939941,-1.0883454084396362,-1.0,-0.08834540843963623,0.08834540843963623,0.3431176108505699,0.63323961795707,0.6811336647839211,0.6374684572219849,bc8b40f59ca1dd5e9dc806b211b61379426d25872a868bf5a528e82b69f230c4
2,additive,5,1000,800,200,10000,10000,0.5,460,41260909,41760909,1041760909,2041260909,3041260909,0.1235363994374016,0.9564607002785095,0.938394456737415,0.023405359957898976,0.9148170711772567,-0.02881913734982377,0.06143348611896964,0.8805841564355081,0.0,6.658792592872942e-07,3220,0.005,1,1,0.911296546459198,1.0,-0.088703453540802,0.088703453540802,-1.0859822034835815,-1.0,-0.08598220348358154,0.08598220348358154,0.34394427639533803,0.640959150741941,0.682889855665608,0.6430391669273376,9c400f9572345f55511d6c5ceab51c7e0a8f20f5ccda19f52a94c3b33f858a46
2,additive,5,1000,800,200,10000,10000,0.5,461,41260909,41760909,1041760909,2041260909,3041260909,0.12720833517828245,0.9411374808965427,0.9261455986692436,0.0245600488810648,0.8857397579482902,-0.026277068447471713,0.05773277825686196,0.8577456699344117,2.220446049250313e-16,5.95348604193191e-07,3227,0.005,1,1,0.9071019887924194,1.0,-0.09289801120758057,0.09289801120758057,-1.0869017839431763,-1.0,-0.08690178394317627,0.08690178394317627,0.34101893576368025,0.6427152746454675,0.6796070930900014,0.6450576186180115,96ae28f599b2c710136fbc6c2671b2fdfaaabc868d7f9e5667460044168ff5e1
2,additive,5,1000,800,200,10000,10000,0.5,462,41260909,41760909,1041760909,2041260909,3041260909,0.12396084488502437,1.0956871942045452,1.0414249519644156,0.023224165895895894,1.2005304275438289,-0.06959433143281978,0.11373903200184,1.0845659305740853,2.220446049250313e-16,6.4361123364165e-07,3234,0.005,1,1,0.9088923931121826,1.0,-0.09110760688781738,0.09110760688781738,-1.0840576887130737,-1.0,-0.08405768871307373,0.08405768871307373,0.3643054346628523,0.6699055393272314,0.7096854087604499,0.6770869493484497,810a803088efca32f2f004b8f1d5de846b7c1fa9843fa163477ff9622f2bfdea
2,additive,5,1000,800,200,10000,10000,0.5,463,41260909,41760909,1041760909,2041260909,3041260909,0.12594753435140035,0.9885405856204207,0.9607814196816206,0.02387357627769801,0.9772124894187644,-0.038992564645516106,0.07790052420395785,0.9231009364054302,0.0,5.942906167177853e-07,3241,0.005,1,1,0.9068566560745239,1.0,-0.09314334392547607,0.09314334392547607,-1.084776759147644,-1.0,-0.08477675914764404,0.08477675914764404,0.3415247778592685,0.6469971514994681,0.6877483837797262,0.6536390781402588,2b3f55f7d81f840f07f7444ef42b79c044b815c22f8c40f587ea3a6738bdf1a6
2,additive,5,1000,800,200,10000,10000,0.5,464,41260909,41760909,1041760909,2041260909,3041260909,0.12482818149342097,1.0084475618420117,0.9726208694857797,0.023454955888067047,1.0169664849850981,-0.04721504255694533,0.09076137938357075,0.9459913557592743,-2.220446049250313e-16,6.623121926452313e-07,3248,0.005,1,1,0.9077063202857971,1.0,-0.09229367971420288,0.09229367971420288,-1.0840473175048828,-1.0,-0.08404731750488281,0.08404731750488281,0.34143482661980384,0.6466890087103161,0.6918180723796883,0.6475552320480347,d341b453d42fcc8ce032876cd90aa18ef41f2992ff4abb4ee08efe6da6da9a4f
2,additive,5,1000,800,200,10000,10000,0.5,465,41260909,41760909,1041760909,2041260909,3041260909,0.12952191410735314,0.9489310098476565,0.9570313797337778,0.025257832111168443,0.9004700614504932,-0.004909415883261566,0.010606606795379132,0.9159090617951385,-1.1102230246251565e-16,5.537351288609216e-07,3255,0.005,1,1,0.9042679071426392,1.0,-0.09573209285736084,0.09573209285736084,-1.0872427225112915,-1.0,-0.0872427225112915,0.0872427225112915,0.35572413424836763,0.6410532006342169,0.6896242104321912,0.6451690793037415,0cc780efd6a6a5945b77b02c07777faf39b956b5fecffdc84af1e8366112fc4d
2,additive,5,1000,800,200,10000,10000,0.5,466,41260909,41760909,1041760909,2041260909,3041260909,0.1308095056163802,0.9813511170866378,0.9742158693708255,0.025709459196080912,0.9630500150071919,-0.019831457034659848,0.04011381443528464,0.9490965601339533,1.1102230246251565e-16,5.835804497422714e-07,3262,0.005,1,1,0.9030295610427856,1.0,-0.09697043895721436,0.09697043895721436,-1.0877944231033325,-1.0,-0.08779442310333252,0.08779442310333252,0.3708570269319641,0.6531288995038796,0.6937140002733854,0.657766580581665,812dedfbcc9b18dc411360a341115be09e353a9a0f0fac6270e5f30f963a0549
2,additive,5,1000,800,200,10000,10000,0.5,467,41260909,41760909,1041760909,2041260909,3041260909,0.12957242608216274,1.006673917157663,0.991957665541445,0.025181593953503098,1.0133923754855536,-0.02729697960631169,0.0525662695379416,0.9839800102264333,-1.1102230246251565e-16,5.871977890592461e-07,3269,0.005,1,1,0.9037097096443176,1.0,-0.09629029035568237,0.09629029035568237,-1.08670175075531,-1.0,-0.08670175075531006,0.08670175075531006,0.3537347626825406,0.646575840754616,0.6969714677962129,0.6537684798240662,88eaa804d3843c0ccd89552ae825b5d0afa7c4bce7cc403981a24c5949d8fe2b
2,additive,5,1000,800,200,10000,10000,0.5,468,41260909,41760909,1041760909,2041260909,3041260909,0.12281507105687832,1.012970203704021,0.9707953185024746,0.02287600893439657,1.0261086335921656,-0.05327054605012057,0.10156592173135015,0.9424435504263211,-1.1102230246251565e-16,5.742083732940273e-07,3276,0.005,1,1,0.9102078676223755,1.0,-0.08979213237762451,0.08979213237762451,-1.083790898323059,-1.0,-0.08379089832305908,0.08379089832305908,0.3406999152395842,0.6516221533879125,0.6907233274072947,0.6552413702011108,1ef32bf8e2cae88289f2ae6789e82cce2db9634aef4d48c7f96880f39994f40f
2,additive,5,1000,800,200,10000,10000,0.5,469,41260909,41760909,1041760909,2041260909,3041260909,0.1243986352727155,0.9487138617274428,0.9322544987631212,0.0234770250864271,0.9000579914337974,-0.027218283028073085,0.05894369469742143,0.8690984504640783,0.0,6.270425050303174e-07,3283,0.005,1,1,0.9090936183929443,1.0,-0.09090638160705566,0.09090638160705566,-1.0849179029464722,-1.0,-0.08491790294647217,0.08491790294647217,0.3310170353230648,0.6381582229036151,0.6811437548637714,0.6435819268226624,f6de7810c237eaf1fec424d5023d85ada634097b0e041aa0b374c0f5da2ccbb2
2,additive,5,1000,800,200,10000,10000,0.5,470,41260909,41760909,1041760909,2041260909,3041260909,0.12439946701949532,0.9928124634102985,0.9686649358137928,0.023520606903741925,0.9856765875028254,-0.03544271826571408,0.07023943083106818,0.9383117578751393,1.1102230246251565e-16,6.627807049852663e-07,3290,0.005,1,1,0.9093529582023621,1.0,-0.09064704179763794,0.09064704179763794,-1.0851958990097046,-1.0,-0.08519589900970459,0.08519589900970459,0.336372216572655,0.6503603165537839,0.6917148523129644,0.6520000100135803,aef60f81939bdc151270bde3ab0a330dce668f46d81c19e66c8ba08e458e7600
2,additive,5,1000,800,200,10000,10000,0.5,471,41260909,41760909,1041760909,2041260909,3041260909,0.12417604085135983,1.0482273250289325,1.0065359053884768,0.023199360470334853,1.098780524937311,-0.054432678285722486,0.09702968652766107,1.013114528836201,0.0,6.936659744383178e-07,3297,0.005,1,1,0.9081247448921204,1.0,-0.09187525510787964,0.09187525510787964,-1.0835381746292114,-1.0,-0.08353817462921143,0.08353817462921143,0.34810273169623085,0.6599439030744924,0.6985131387620982,0.6632211804389954,0a19ccb4104cfbf6c70f7176a2a83f8ddd1a485fb4bab57d0d18f1e4bfbcb230
2,additive,5,1000,800,200,10000,10000,0.5,472,41260909,41760909,1041760909,2041260909,3041260909,0.13139716831740175,0.9969779705201075,0.9799753917712128,0.025542555048938625,0.9939650737023923,-0.0295779301370943,0.05802395058744319,0.9603517684771421,-2.220446049250313e-16,5.874095005964364e-07,3304,0.005,1,1,0.9005483388900757,1.0,-0.09945166110992432,0.09945166110992432,-1.085875391960144,-1.0,-0.08587539196014404,0.08587539196014404,0.34450291408914696,0.6423248747585845,0.6934785079950968,0.650959849357605,ee19895cc4d212d62613698b711f0927076788e71dc455d89ad54874a274e40e
2,additive,5,1000,800,200,10000,10000,0.5,473,41260909,41760909,1041760909,2041260909,3041260909,0.128720739553925,1.0020103268288365,0.9718626771979696,0.024377166175234628,1.0040246950716316,-0.041942398958230716,0.08156811172507691,0.9445170633304047,0.0,6.470676581216139e-07,3311,0.005,1,1,0.9019012451171875,1.0,-0.0980987548828125,0.0980987548828125,-1.0833406448364258,-1.0,-0.08334064483642578,0.08334064483642578,0.3347846420911192,0.6514379034706783,0.6912251506839466,0.6560186147689819,5df045b9fe908d9333284cd372dd8e61a2d0d5ec4388303f9e5b2a2364b926c2
2,additive,5,1000,800,200,10000,10000,0.5,474,41260909,41760909,1041760909,2041260909,3041260909,0.12659987646393797,0.9697417794575535,0.9577868560361057,0.023504916926937975,0.9403991188255022,-0.023274187078456104,0.04829150250478591,0.917355661595528,-1.1102230246251565e-16,5.821453843424251e-07,3318,0.005,1,1,0.9031437635421753,1.0,-0.09685623645782471,0.09685623645782471,-1.081525444984436,-1.0,-0.08152544498443604,0.08152544498443604,0.33760212279743784,0.6445678776702958,0.6864421134875084,0.6476852297782898,22604c39f6e0c9f087235109e1ef4ad1d174bc78362350ce32a4d77ff9a8903e
2,additive,5,1000,800,200,10000,10000,0.5,475,41260909,41760909,1041760909,2041260909,3041260909,0.1243091949846425,1.007726595731472,0.9842265145431491,0.022479484769595874,1.0155128917445417,-0.034645272292190964,0.06675438678757789,0.9687018319297557,-1.1102230246251565e-16,7.005376154722853e-07,3325,0.005,1,1,0.9040002226829529,1.0,-0.09599977731704712,0.09599977731704712,-1.0789735317230225,-1.0,-0.07897353172302246,0.07897353172302246,0.3374737596617098,0.6474373592025404,0.6951765192037499,0.6530423164367676,6ecdbaa66994d866a2e0bb3b67e1726da9cbdfebb3397056eee5b72f5857d341
2,additive,5,1000,800,200,10000,10000,0.5,476,41260909,41760909,1041760909,2041260909,3041260909,0.12418612348455951,1.0099398589421709,0.9750362637456311,0.022566307738684416,1.019978518680132,-0.04592455539988825,0.08810087439144647,0.95069571561904,1.1102230246251565e-16,6.581450815446033e-07,3332,0.005,1,1,0.9047371745109558,1.0,-0.09526282548904419,0.09526282548904419,-1.0796692371368408,-1.0,-0.07966923713684082,0.07966923713684082,0.3272003573570423,0.6492476498132487,0.6918484140747675,0.6516875624656677,35062e7986ff506a29c362500ccbd7fcf23a4df1a1b6ddaea28d87b8823f58b5
2,additive,5,1000,800,200,10000,10000,0.5,477,41260909,41760909,1041760909,2041260909,3041260909,0.12177655855922007,1.0228165065860078,0.98521124135004,0.02159006725705441,1.046153606144805,-0.04855124165968643,0.0909417547846496,0.9706411900824867,3.3306690738754696e-16,5.682241610571737e-07,3339,0.005,1,1,0.9060410261154175,1.0,-0.09395897388458252,0.09395897388458252,-1.077467679977417,-1.0,-0.07746767997741699,0.07746767997741699,0.32927608476894304,0.6456820170361546,0.6939320996176795,0.6475932002067566,22b05489161b6d3da655656681ee28ff762da19c750877bf7d3f2bb5bfd41916
2,additive,5,1000,800,200,10000,10000,0.5,478,41260909,41760909,1041760909,2041260909,3041260909,0.12491248734201087,0.9939783393893824,0.9772900325359637,0.022432286010380706,0.9879929391752743,-0.027664708745755103,0.05475854730501608,0.9550958076941449,2.220446049250313e-16,6.498796842890897e-07,3346,0.005,1,1,0.9022905826568604,1.0,-0.09770941734313965,0.09770941734313965,-1.0778203010559082,-1.0,-0.0778203010559082,0.0778203010559082,0.3325879002233822,0.650077098483372,0.692621885593416,0.6532955169677734,ba220b911d2ca65699583c6c380ee12a596954122e53ba83408a5c1f84210fbd
2,additive,5,1000,800,200,10000,10000,0.5,479,41260909,41760909,1041760909,2041260909,3041260909,0.12641184201969557,0.9518603168262206,0.9463151284641773,0.02269752332624493,0.9060380627485131,-0.01661163185729273,0.0357725753300802,0.8955123223601724,-1.1102230246251565e-16,5.63359010996578e-07,3353,0.005,1,1,0.899901270866394,1.0,-0.10009872913360596,0.10009872913360596,-1.077202320098877,-1.0,-0.07720232009887695,0.07720232009887695,0.3299564722832997,0.6410894016705885,0.6850135793426935,0.6442376971244812,4c91fbce3daef5e0bbde09ac711a905803f62c0b2029a501a4b58974e1c4ef1f
2,additive,5,1000,800,200,10000,10000,0.5,480,41260909,41760909,1041760909,2041260909,3041260909,0.12248938421107947,0.9695914135788748,0.9516468082485882,0.020930336439077303,0.9401075092858806,-0.02770309903761646,0.05765246220187855,0.905631647649725,1.1102230246251565e-16,7.154509447104829e-07,3360,0.005,1,1,0.9013765454292297,1.0,-0.09862345457077026,0.09862345457077026,-1.0726433992385864,-1.0,-0.07264339923858643,0.07264339923858643,0.3274474346678477,0.6439128359596902,0.685751953448048,0.6476613283157349,2da27227ed5b253c909b2f065727e4888b54d5b31ac5a975b12754a6e7a4f4fd
2,additive,5,1000,800,200,10000,10000,0.5,481,41260909,41760909,1041760909,2041260909,3041260909,0.12173174432473258,0.9811748381919077,0.9611094099030617,0.020481271203937477,0.9627040631009162,-0.029727018250321056,0.060470833347690434,0.9237312978042115,-1.1102230246251565e-16,6.806970827000214e-07,3367,0.005,1,1,0.9012027382850647,1.0,-0.0987972617149353,0.0987972617149353,-1.071117639541626,-1.0,-0.07111763954162598,0.07111763954162598,0.3225043097775252,0.6434255138782113,0.6884957009303575,0.6491529941558838,d621a86e8c45e6fb4bb95470d78011c843d857a6515de17aea215d8c39eb7c90
2,additive,5,1000,800,200,10000,10000,0.5,482,41260909,41760909,1041760909,2041260909,3041260909,0.12069546519124115,0.9867060915158433,0.9581815092345843,0.020289041755945824,0.9735889110344719,-0.0378830740756759,0.0762328492534021,0.9181118046390658,-1.1102230246251565e-16,6.79152229565716e-07,3374,0.005,1,1,0.902683675289154,1.0,-0.09731632471084595,0.09731632471084595,-1.0713927745819092,-1.0,-0.07139277458190918,0.07139277458190918,0.32753389133287014,0.646859945956339,0.6871697251925178,0.6490083932876587,7d3f6d99b02113f09186c71f63d788ed0d733db4d9aa7a1ac52b5f4d9d74bbfe
2,additive,5,1000,800,200,10000,10000,0.5,483,41260909,41760909,1041760909,2041260909,3041260909,0.12125559573220589,0.9731516045910954,0.9583009720267052,0.02078539820335659,0.9470240455182236,-0.024734345367126223,0.05111408144978137,0.9183407529873279,1.1102230246251565e-16,5.94716127011452e-07,3381,0.005,1,1,0.9035482406616211,1.0,-0.0964517593383789,0.0964517593383789,-1.0734845399856567,-1.0,-0.07348453998565674,0.07348453998565674,0.3240334405695108,0.6427163467406338,0.6876576307343821,0.6481934785842896,f6676b4b6061f2486b3a1da222adfc2cda13db99f2b84666ca6408e7736aac52
2,additive,5,1000,800,200,10000,10000,0.5,484,41260909,41760909,1041760909,2041260909,3041260909,0.1261041835996749,0.9620941472103193,0.9523532663911627,0.02285404672081971,0.9256251480963514,-0.020751225405627058,0.043756838355588946,0.906976744005917,0.0,5.867650170188199e-07,3388,0.005,1,1,0.9013209342956543,1.0,-0.0986790657043457,0.0986790657043457,-1.078515648841858,-1.0,-0.07851564884185791,0.07851564884185791,0.327486150396145,0.6354091578799421,0.6861393356404445,0.6406230926513672,265f998f26e289c08cc560bc543f230808b59574015cfe49bab909406cd8ba99
2,additive,5,1000,800,200,10000,10000,0.5,485,41260909,41760909,1041760909,2041260909,3041260909,0.12786583026039633,0.9617825119318514,0.9560597339829222,0.023447445328952852,0.9250256002579419,-0.017211415321699435,0.036292892880365156,0.914050214943496,2.220446049250313e-16,5.717408217975617e-07,3395,0.005,1,1,0.899722695350647,1.0,-0.10027730464935303,0.10027730464935303,-1.0793355703353882,-1.0,-0.07933557033538818,0.07933557033538818,0.3321531753739649,0.6412793762521288,0.6875096343520855,0.6417096853256226,3873d6f99dad6d2d6f10c929725800299eb5e120a074a2a1bec2f4aa3f37b768
2,additive,5,1000,800,200,10000,10000,0.5,486,41260909,41760909,1041760909,2041260909,3041260909,0.12688653331906938,0.9654478453878033,0.9571062415744194,0.022769478445660574,0.9320895421639516,-0.019403331474450725,0.04064124871975975,0.9160523576607109,2.220446049250313e-16,6.282613860264519e-07,3402,0.005,1,1,0.8991060256958008,1.0,-0.10089397430419922,0.10089397430419922,-1.076945424079895,-1.0,-0.07694542407989502,0.07694542407989502,0.32970458326849383,0.6453200751839685,0.6874548681734807,0.6488386392593384,1fe20ac0be54376d53ac7cfec9758cf13ce3e6e66794816ba0387bbd39e12087
2,additive,5,1000,800,200,10000,10000,0.5,487,41260909,41760909,1041760909,2041260909,3041260909,0.1290890627110197,0.9600563113990525,0.9542451184994559,0.02328974471939166,0.9217081210571543,-0.01720705979825264,0.036417140019914966,0.9105837461800407,1.1102230246251565e-16,6.528206526468239e-07,3409,0.005,1,1,0.896233320236206,1.0,-0.10376667976379395,0.10376667976379395,-1.0767884254455566,-1.0,-0.07678842544555664,0.07678842544555664,0.33615587484734377,0.6329358934102729,0.6865538397106387,0.6391758918762207,d55ed93248db7514bbd86cfd2b717917dcb8ce7528ac018b6b7a9390ae963bc1
2,additive,5,1000,800,200,10000,10000,0.5,488,41260909,41760909,1041760909,2041260909,3041260909,0.12593912035020566,1.0003096908240297,0.9792311943503244,0.022178092504431465,1.0006194775564659,-0.0319519190360673,0.06247945824541777,0.9588937319887626,-1.1102230246251565e-16,6.53596210042906e-07,3416,0.005,1,1,0.8988103866577148,1.0,-0.10118961334228516,0.10118961334228516,-1.0749754905700684,-1.0,-0.07497549057006836,0.07497549057006836,0.3249354542114311,0.650454086977829,0.6927014068579154,0.6527649164199829,3f036faa219b5aaa40af558be2c5671b9a7d552d5f02711572d311f9a33c9db3
2,additive,5,1000,800,200,10000,10000,0.5,489,41260909,41760909,1041760909,2041260909,3041260909,0.12237550738381255,1.052214599429766,1.012715425261886,0.021006188832950117,1.1071555632531431,-0.05128460976136548,0.09091712188706041,1.0255925325633624,2.220446049250313e-16,6.391793512250388e-07,3423,0.005,1,1,0.9019491672515869,1.0,-0.09805083274841309,0.09805083274841309,-1.0732243061065674,-1.0,-0.07322430610656738,0.07322430610656738,0.33754974758564044,0.6524069778507412,0.7001583847146978,0.6567999124526978,cfea5e15a9e23e3bfcbebcdbc6e33f38f078c063eb9881b47e4aa7e3a3769ec4
2,additive,5,1000,800,200,10000,10000,0.5,490,41260909,41760909,1041760909,2041260909,3041260909,0.12686473512616014,1.007531886962136,0.9833409012713532,0.0224643300366364,1.0151205032454822,-0.03531275258448066,0.06806721041358774,0.9669593281131572,-2.220446049250313e-16,6.643276506679285e-07,3430,0.005,1,1,0.8979018330574036,1.0,-0.10209816694259644,0.10209816694259644,-1.075303554534912,-1.0,-0.07530355453491211,0.07530355453491211,0.32131837431714694,0.6425472002680273,0.6931252390660004,0.6488648653030396,12d841b380470ece5476d5b454d1aa0c3c7a8339fef7308ff1244e02edebd58a
2,additive,5,1000,800,200,10000,10000,0.5,491,41260909,41760909,1041760909,2041260909,3041260909,0.1255701155311259,1.00140280338245,0.9779576255151083,0.021786031093278976,1.00280757462223,-0.03409624420618014,0.06655564511818236,0.9564011173031489,2.220446049250313e-16,6.879313207974747e-07,3437,0.005,1,1,0.8980593085289001,1.0,-0.10194069147109985,0.10194069147109985,-1.0733208656311035,-1.0,-0.07332086563110352,0.07332086563110352,0.3326829959966728,0.6510857069364039,0.6915570526688171,0.6536740064620972,b80245c295f6334bbd8053c090bb3ec5da515722e8fad13aacebbce15ed81e7b
2,additive,5,1000,800,200,10000,10000,0.5,492,41260909,41760909,1041760909,2041260909,3041260909,0.12496247054950305,0.9879241829137315,0.971902360833405,0.021674211327157453,0.975994191185764,-0.026537101759687768,0.05319824040301621,0.9445941989935461,2.220446049250313e-16,6.830719350148229e-07,3444,0.005,1,1,0.8989428877830505,1.0,-0.10105711221694946,0.10105711221694946,-1.0735056400299072,-1.0,-0.07350564002990723,0.07350564002990723,0.32284376190026665,0.6426668289895175,0.6912218277695773,0.6483494639396667,01ebcf1d262e80fdb7253d1bf6511894f174d78ebd72bcea7bff82b75ee13e9b
2,additive,5,1000,800,200,10000,10000,0.5,493,41260909,41760909,1041760909,2041260909,3041260909,0.12530750720892744,0.9619364408652005,0.9538987051345601,0.021632692458200226,0.9253217162644094,-0.01851583453260966,0.03910607387653756,0.9099227396573905,1.1102230246251565e-16,5.891856371675885e-07,3451,0.005,1,1,0.8980294466018677,1.0,-0.10197055339813232,0.10197055339813232,-1.0728284120559692,-1.0,-0.07282841205596924,0.07282841205596924,0.3265558914195434,0.6470550907312196,0.6862450861108231,0.6518935561180115,a209e1fa35d37493154c0c7c3e32895df749c4cd28c82eb2347d0582401307f9
2,additive,5,1000,800,200,10000,10000,0.5,494,41260909,41760909,1041760909,2041260909,3041260909,0.11897572997956554,1.0264760755662876,0.9978928812749704,0.019321888586773063,1.053653133709967,-0.03859240989873884,0.07193533697761288,0.9957902024992623,0.0,6.265397409777052e-07,3458,0.005,1,1,0.9024579524993896,1.0,-0.09754204750061035,0.09754204750061035,-1.0681232213974,-1.0,-0.0681232213973999,0.0681232213973999,0.32833413747577095,0.6509457649792947,0.6967652703934804,0.6538653373718262,d300e7a0838481b2d9930c096bc22574eb69aaac91f7e6948612794adb2096cb
2,additive,5,1000,800,200,10000,10000,0.5,495,41260909,41760909,1041760909,2041260909,3041260909,0.11612812634380089,0.986190407787597,0.9780059187247995,0.018686505550726453,0.9725715204122669,-0.017381224451127036,0.035069021376631815,0.9564955770607392,-1.1102230246251565e-16,6.829912191363974e-07,3465,0.005,1,1,0.9059523940086365,1.0,-0.09404760599136353,0.09404760599136353,-1.0681233406066895,-1.0,-0.06812334060668945,0.06812334060668945,0.32483770761694297,0.6448890212355814,0.6928792366218451,0.6531795263290405,de6fb438a6ec26bf40271cf0bb361c0f0113a8d4ea6fd5d58d39f6323bd0e3ab
2,additive,5,1000,800,200,10000,10000,0.5,496,41260909,41760909,1041760909,2041260909,3041260909,0.11308395109160518,0.9801290749334004,0.9690951837117137,0.017738643413296094,0.9606530035298032,-0.019623085924929673,0.0401129465613087,0.93914547509324,0.0,6.536816510305243e-07,3472,0.005,1,1,0.9085012078285217,1.0,-0.09149879217147827,0.09149879217147827,-1.0664526224136353,-1.0,-0.06645262241363525,0.06645262241363525,0.32282591950015077,0.6457609734977123,0.6900393900256488,0.6514593362808228,a4638b8431e021fc266aea9904e1de08f74379ccc3fb033842e7e3bea46a0999
2,additive,5,1000,800,200,10000,10000,0.5,497,41260909,41760909,1041760909,2041260909,3041260909,0.10903744655625641,1.0333265794343054,1.0113665258097362,0.01664253141790172,1.0677638197654018,-0.030772050827423784,0.056753726670533314,1.0228622495284558,-2.220446049250313e-16,6.445058247095403e-07,3479,0.005,1,1,0.9124743938446045,1.0,-0.08752560615539551,0.08752560615539551,-1.0650264024734497,-1.0,-0.06502640247344971,0.06502640247344971,0.3305367477900717,0.6588161589910684,0.700018453902741,0.6642827987670898,f828a293edca8f03f1a20989cddb2ce296896f579e3d86899439cdeb01291ff6
2,additive,5,1000,800,200,10000,10000,0.5,498,41260909,41760909,1041760909,2041260909,3041260909,0.10555066901468521,1.0962025114599547,1.0583383865042335,0.015774144926098008,1.2016599461311122,-0.048676975354413045,0.07996650613281635,1.1200801403483842,2.220446049250313e-16,6.438967545818741e-07,3486,0.005,1,1,0.9161636233329773,1.0,-0.0838363766670227,0.0838363766670227,-1.064128041267395,-1.0,-0.06412804126739502,0.06412804126739502,0.33546510445310757,0.670142276337994,0.7121208684834234,0.6759079694747925,523375cff4b702e0e1682a11ab5afffd2983550fbc5c8677f44a41304d7b259d
2,additive,5,1000,800,200,10000,10000,0.5,499,41260909,41760909,1041760909,2041260909,3041260909,0.11240049479678671,0.9822244796755167,0.9712156315289294,0.017771114108963832,0.9647649284738397,-0.019638119828333068,0.039974350002896834,0.9432598029261373,0.0,5.618073135593704e-07,3493,0.005,1,1,0.9101723432540894,1.0,-0.08982765674591064,0.08982765674591064,-1.067563772201538,-1.0,-0.06756377220153809,0.06756377220153809,0.3223449803691139,0.6494833963566102,0.6908805326727467,0.6586524248123169,8f4af8bd03ad5aca7f17daa06e0938c9bb141dcc21981ceb23902d744ff7caa1
2,additive,5,1000,800,200,10000,10000,0.5,500,41260909,41760909,1041760909,2041260909,3041260909,0.11472293159094563,0.9650519303149246,0.9730166168956321,0.018373279518101512,0.9313252282045622,-0.0014685854838212091,0.003092740426312376,0.9467613367550213,0.0,5.694532134725705e-07,3500,0.005,1,1,0.9076873064041138,1.0,-0.09231269359588623,0.09231269359588623,-1.068115472793579,-1.0,-0.0681154727935791,0.0681154727935791,0.3449850530615034,0.6457371107713178,0.6924468975588471,0.6530449986457825,c043dc4cecec43209e9ea462a2d41200548d7d7353747fa4cd4990511af01018
2,additive,5,1000,800,200,10000,10000,0.5,501,41260909,41760909,1041760909,2041260909,3041260909,0.11622010576019427,0.96560765661293,0.96956478785643,0.01871058195644854,0.9323981465095142,-0.005526425307439338,0.011621016908030848,0.940055877851084,-1.1102230246251565e-16,6.151042946100915e-07,3507,0.005,1,1,0.9058542847633362,1.0,-0.09414571523666382,0.09414571523666382,-1.068144679069519,-1.0,-0.06814467906951904,0.06814467906951904,0.3443159608292427,0.6443250759037892,0.6915229392806135,0.6473173499107361,5a4847cf3643e86f61aabe7e1bc0343a102431d7967bc4332b08582e054f5219
2,additive,5,1000,800,200,10000,10000,0.5,502,41260909,41760909,1041760909,2041260909,3041260909,0.11941215000181939,0.9837686136999488,0.9766753527016699,0.019546651145204572,0.9678006853011191,-0.01672629593569611,0.033881280311947086,0.9538947445749314,0.0,6.124836584575633e-07,3514,0.005,1,1,0.9024293422698975,1.0,-0.09757065773010254,0.09757065773010254,-1.0688420534133911,-1.0,-0.06884205341339111,0.06884205341339111,0.326597552584675,0.6424919452311538,0.6927672903006631,0.6504268646240234,60d5a34763a0074ae7c5e7479a1039ac92dac766e2a952a5fee860d151526fbd
2,additive,5,1000,800,200,10000,10000,0.5,503,41260909,41760909,1041760909,2041260909,3041260909,0.11968669843210634,1.0148399633122094,0.996217695147179,0.01948704254233026,1.0299001511355266,-0.028468748776749566,0.05425785439018605,0.9924496961243576,-2.220446049250313e-16,5.876600948084842e-07,3521,0.005,1,1,0.9016145467758179,1.0,-0.09838545322418213,0.09838545322418213,-1.0681557655334473,-1.0,-0.06815576553344727,0.06815576553344727,0.3159522204178067,0.6560405937197317,0.6973598627441504,0.6637760400772095,ffa333746d0ec8b289f6b7e418e614d283719012f8478837d76d2b7120b0ecf9
2,additive,5,1000,800,200,10000,10000,0.5,504,41260909,41760909,1041760909,2041260909,3041260909,0.1230154571830416,0.9802350203658449,0.9707184703521406,0.020593406630761955,0.9608606951516283,-0.01957987654979518,0.039899729420329974,0.9422943486827998,0.0,6.696357743862791e-07,3528,0.005,1,1,0.8989060521125793,1.0,-0.10109394788742065,0.10109394788742065,-1.0700914859771729,-1.0,-0.07009148597717285,0.07009148597717285,0.33251989788522807,0.6542754777248646,0.6905577008066559,0.6572756767272949,ebea4e70b47fecbdb8c35aba19c02ace86a9870b5fa68043f499aad5d0c790c2
2,additive,5,1000,800,200,10000,10000,0.5,505,41260909,41760909,1041760909,2041260909,3041260909,0.12234346807873919,1.0012902766714848,0.9890079082195034,0.02050582009556065,1.0025822181568587,-0.02247569786585089,0.04393697712318599,0.9781366425207175,1.1102230246251565e-16,6.490298183337018e-07,3535,0.005,1,1,0.8999862670898438,1.0,-0.10001373291015625,0.10001373291015625,-1.070464015007019,-1.0,-0.07046401500701904,0.07046401500701904,0.31899675775278835,0.6484558712081164,0.6952837136216468,0.6559505462646484,d5d49b2248a17ed7467ef37151f75ff761eed22b7c3c3dffbab0dd8e58a88f0b
2,additive,5,1000,800,200,10000,10000,0.5,506,41260909,41760909,1041760909,2041260909,3041260909,0.11729332625858484,1.0611229533761697,1.0269042744790013,0.018979404582283803,1.1259819221817648,-0.045214468910402206,0.07897990587715267,1.0545323889432443,0.0,5.879484206161578e-07,3542,0.005,1,1,0.9046562910079956,1.0,-0.0953437089920044,0.0953437089920044,-1.0683176517486572,-1.0,-0.06831765174865723,0.06831765174865723,0.3204243340820052,0.6687122659899637,0.7033530456013494,0.6738375425338745,106889140e51ce34faddf0b892ad9e16c5d1fb5630ab0bdcd5b916e0093ca31a
2,additive,5,1000,800,200,10000,10000,0.5,507,41260909,41760909,1041760909,2041260909,3041260909,0.11670314671470297,1.0167081284181947,0.9927030221382268,0.01838888298110218,1.0336954183916283,-0.03331250560518095,0.06332668506072321,0.9854592901623688,3.3306690738754696e-16,5.883243225923707e-07,3549,0.005,1,1,0.9035190343856812,1.0,-0.09648096561431885,0.09648096561431885,-1.0656585693359375,-1.0,-0.0656585693359375,0.0656585693359375,0.3134148322739288,0.6488960715464913,0.6958578641232289,0.6557361483573914,f97bbfdd3bfc9f60fc32f5074bcfc945d49a3d333c992a81abdf0a80b15bbf20
2,additive,5,1000,800,200,10000,10000,0.5,508,41260909,41760909,1041760909,2041260909,3041260909,0.11690871788450108,1.083953901016041,1.0456586698173447,0.01804246908425156,1.1749560595278934,-0.04979823742398329,0.08348415564588373,1.0934020537641784,0.0,6.805564751743987e-07,3556,0.005,1,1,0.901799738407135,1.0,-0.09820026159286499,0.09820026159286499,-1.063437819480896,-1.0,-0.063437819480896,0.063437819480896,0.3253398956692352,0.6690046700806991,0.7085950307337128,0.6735603213310242,e3c3109e18c0a3c3731b7b90873809cda2927cf55398e094c031b3c37318a3de
2,additive,5,1000,800,200,10000,10000,0.5,509,41260909,41760909,1041760909,2041260909,3041260909,0.11678091735903032,1.1173140458606567,1.0760830360960445,0.017985102546865528,1.2483906770775097,-0.05421053952534732,0.08561525006649594,1.1579547005736808,2.220446049250313e-16,5.890724228407862e-07,3563,0.005,1,1,0.9018417596817017,1.0,-0.09815824031829834,0.09815824031829834,-1.0632672309875488,-1.0,-0.06326723098754883,0.06326723098754883,0.33335000391125097,0.6746274411603116,0.7171550079944782,0.6793640851974487,41bffcb3e271f5a48d8d5d30c4d8ca83af73e18b9d5f2d08ca4a7e40539f84b8
2,additive,5,1000,800,200,10000,10000,0.5,510,41260909,41760909,1041760909,2041260909,3041260909,0.11422031973258043,1.1171643630117154,1.0761778416599332,0.017137275449712195,1.248056213983372,-0.053517371276626,0.08459950469806228,1.1581587468798322,2.220446049250313e-16,6.330099893148144e-07,3570,0.005,1,1,0.9037435054779053,1.0,-0.09625649452209473,0.09625649452209473,-1.0614895820617676,-1.0,-0.06148958206176758,0.06148958206176758,0.3472048124192861,0.6672959147638025,0.7154434713039258,0.6731325387954712,cfa03907cdcd07138ca91b8779d635a8f008f5e9fa18abe251973e64c3ef980c
2,additive,5,1000,800,200,10000,10000,0.5,511,41260909,41760909,1041760909,2041260909,3041260909,0.11185072227519062,1.0655688034519213,1.0321573220632927,0.016439012088403596,1.135436874889959,-0.04326357474474752,0.07511846585874438,1.0653487374888677,0.0,6.365147644515901e-07,3577,0.005,1,1,0.9057607650756836,1.0,-0.0942392349243164,0.0942392349243164,-1.0602457523345947,-1.0,-0.06024575233459473,0.06024575233459473,0.326318053427523,0.668789088384097,0.7046104373066666,0.6728065013885498,3e94479603f112355426f9674fe03af39066df77233b5f4a3e8df7ef3662a050
2,additive,5,1000,800,200,10000,10000,0.5,512,41260909,41760909,1041760909,2041260909,3041260909,0.11107030499594894,0.9916011004055595,0.9908057022986145,0.01632871388193728,0.9832727423255164,-0.00895275825000151,0.01791265547765166,0.9816959397074508,2.220446049250313e-16,5.808738912094213e-07,3584,0.005,1,1,0.9068706035614014,1.0,-0.09312939643859863,0.09312939643859863,-1.0605270862579346,-1.0,-0.06052708625793457,0.06052708625793457,0.3307442840313118,0.6459549686687757,0.6966992836989931,0.651958703994751,3d31e29dace73eace09b36820a5a349b3e4223ea6db406df00dc5b641845aa93
2,additive,5,1000,800,200,10000,10000,0.5,513,41260909,41760909,1041760909,2041260909,3041260909,0.10822252373416057,0.9833206587657677,0.9760950828697276,0.015526972646587405,0.9669195179555434,-0.014842439899835216,0.03021526371525526,0.9527616108024602,-2.220446049250313e-16,6.789058311085228e-07,3591,0.005,1,1,0.9093571305274963,1.0,-0.09064286947250366,0.09064286947250366,-1.059126853942871,-1.0,-0.059126853942871094,0.059126853942871094,0.3183595185045069,0.6474984617496216,0.6918411110891066,0.6536214351654053,c923d7713a09133d35455d3e9c1327c5d08a90c1185aa7cdda256b9bb0fe2a1a
2,additive,5,1000,800,200,10000,10000,0.5,514,41260909,41760909,1041760909,2041260909,3041260909,0.10642338307955126,1.0325075392460972,1.0088499535602753,0.015146999292317984,1.066071818600031,-0.031720294546889835,0.05867506932356786,1.0177782287985695,2.220446049250313e-16,6.972316839437553e-07,3598,0.005,1,1,0.9114057421684265,1.0,-0.08859425783157349,0.08859425783157349,-1.058966040611267,-1.0,-0.05896604061126709,0.05896604061126709,0.30940469967878614,0.6616289199317906,0.7002620235599917,0.666521430015564,a2c77547de26e1f5667c75547228e034a0428f11890af228cb25fd303fa20424
2,additive,5,1000,800,200,10000,10000,0.5,515,41260909,41760909,1041760909,2041260909,3041260909,0.1063322359927408,0.9623323578391125,0.9617905638073262,0.015434146019079076,0.9260835669441858,-0.008238312167225263,0.017500068355159444,0.9250410886288144,0.0,6.092004092295156e-07,3605,0.005,1,1,0.9128268361091614,1.0,-0.08717316389083862,0.08717316389083862,-1.0608882904052734,-1.0,-0.06088829040527344,0.06088829040527344,0.32767016094950946,0.6456697446617441,0.6887326638675271,0.6486149430274963,faa7c2c81d63fe438612b40e8b42e24db427cd247de6e4eea3d4ee423dc667e6
2,additive,5,1000,800,200,10000,10000,0.5,516,41260909,41760909,1041760909,2041260909,3041260909,0.10415181247542767,0.9953784931954349,0.9847245161877742,0.014943180868628116,0.9907783447160146,-0.018019576401698167,0.035834126929366626,0.9696823727812461,-3.3306690738754696e-16,6.584669023368406e-07,3612,0.005,1,1,0.9152376055717468,1.0,-0.08476239442825317,0.08476239442825317,-1.060522198677063,-1.0,-0.06052219867706299,0.06052219867706299,0.3143109594255866,0.6526736306359905,0.694364351404063,0.6575222015380859,e400b0ecae6ddd6d710bd7c602d6ad8a9b5ea750247f80c956495eb12d1019a4
2,additive,5,1000,800,200,10000,10000,0.5,517,41260909,41760909,1041760909,2041260909,3041260909,0.10836690924046519,1.0105828465468958,1.0006903485967553,0.016198338617015758,1.0212776897348268,-0.018047427288573312,0.034791025132877254,1.0013811737746956,-2.220446049250313e-16,6.376020476039912e-07,3619,0.005,1,1,0.9119023680686951,1.0,-0.08809763193130493,0.08809763193130493,-1.0631046295166016,-1.0,-0.06310462951660156,0.06310462951660156,0.31301315506310773,0.6500948183246031,0.698495643058001,0.6555784940719604,a55ea13e3ac2297dd3a77a6d543fe3b3d2c44e8a67ec082fd30c1077dcb3a667
2,additive,5,1000,800,200,10000,10000,0.5,518,41260909,41760909,1041760909,2041260909,3041260909,0.10824118718008832,1.0113331587799024,1.0001556811089354,0.016023434349992156,1.022794758047735,-0.019253402971624128,0.03706789717878309,1.0003113864544786,-2.220446049250313e-16,6.444266649197061e-07,3626,0.005,1,1,0.9113936424255371,1.0,-0.08860635757446289,0.08860635757446289,-1.0621696710586548,-1.0,-0.062169671058654785,0.062169671058654785,0.3155706733226445,0.6419052620337944,0.6979344184904344,0.6468743085861206,b02ea9e87c796e67e8de7386dea21e16f5df12bf16a2acb6afb20ec12c50d8f8
2,additive,5,1000,800,200,10000,10000,0.5,519,41260909,41760909,1041760909,2041260909,3041260909,0.10528731759718764,1.0742801984383081,1.0429657134916397,0.015221466888372833,1.1540779447566505,-0.04076096606294926,0.06971861211424864,1.0877774795191248,0.0,6.270107579808837e-07,3633,0.005,1,1,0.9140869379043579,1.0,-0.08591306209564209,0.08591306209564209,-1.0608634948730469,-1.0,-0.060863494873046875,0.060863494873046875,0.3188835651886984,0.6600714821622701,0.7074102024364615,0.664910078048706,98d136c4f769c24f557c884993a6b5eaf1f0974c9617811d5c98509c84c77a92
2,additive,5,1000,800,200,10000,10000,0.5,520,41260909,41760909,1041760909,2041260909,3041260909,0.1010949332325212,1.0827848043298296,1.0510313137734595,0.013979085145162133,1.1724229324875872,-0.04086759755019261,0.06889333791211263,1.1046668225323644,2.220446049250313e-16,6.588789638328763e-07,3640,0.005,1,1,0.9172510504722595,1.0,-0.08274894952774048,0.08274894952774048,-1.0580757856369019,-1.0,-0.058075785636901855,0.058075785636901855,0.3246375733534748,0.6619258837176843,0.7098236772694833,0.6689972877502441,ccf7f17db4ab8414cc545f378482e92de674e732c3977db809fc148cc24b0ad9
2,additive,5,1000,800,200,10000,10000,0.5,521,41260909,41760909,1041760909,2041260909,3041260909,0.10168139717313558,1.0757840966174002,1.0455532428930157,0.014152880052102893,1.157311422534916,-0.03914135943145876,0.06682467292433993,1.0931815837241012,0.0,6.70967436278147e-07,3647,0.005,1,1,0.9168230891227722,1.0,-0.08317691087722778,0.08317691087722778,-1.058486819267273,-1.0,-0.05848681926727295,0.05848681926727295,0.3168899490806851,0.6569916012117412,0.7092322827911451,0.6615750789642334,b3d233cbbb38eafb2ec36b7d07c40c727933319737905851d74f3037c559955f
2,additive,5,1000,800,200,10000,10000,0.5,522,41260909,41760909,1041760909,2041260909,3041260909,0.10207373925429215,1.0692704262345312,1.041066204958354,0.014164223199116805,1.143339244419776,-0.03684231225625191,0.0636582321987172,1.0838188431063893,2.220446049250313e-16,6.546840580767821e-07,3654,0.005,1,1,0.9160497188568115,1.0,-0.08395028114318848,0.08395028114318848,-1.0580637454986572,-1.0,-0.05806374549865723,0.05806374549865723,0.3171060742784057,0.6608746124766782,0.7077448868848206,0.6649504899978638,933dc6a9293890fa4f6d78e49353f43628ddeb93f9e3bca5c6823ac82594da18
2,additive,5,1000,800,200,10000,10000,0.5,523,41260909,41760909,1041760909,2041260909,3041260909,0.0999437793185951,1.0559325908850687,1.029853057917062,0.013458445076351527,1.1149936364932538,-0.033927380334240864,0.06013083034425357,1.0605973209011235,0.0,6.970778052561855e-07,3661,0.005,1,1,0.9172465205192566,1.0,-0.08275347948074341,0.08275347948074341,-1.0560412406921387,-1.0,-0.05604124069213867,0.05604124069213867,0.30892424035292004,0.6556110408016798,0.7049353825560242,0.6586354970932007,0e598c84344c7cdd7f997ba518e214485677630e90a3c737964eb186fb7da3a2
2,additive,5,1000,800,200,10000,10000,0.5,524,41260909,41760909,1041760909,2041260909,3041260909,0.10134752161515216,1.013707918360271,1.0038179151364184,0.013864878325935052,1.027603743746314,-0.016909107661711737,0.03247166031381158,1.0076504067488254,0.0,6.108745473909494e-07,3668,0.005,1,1,0.9161994457244873,1.0,-0.0838005542755127,0.0838005542755127,-1.0569981336593628,-1.0,-0.05699813365936279,0.05699813365936279,0.3100855662003349,0.6508722565409024,0.6990241067429943,0.6552562713623047,7d969603aed29b53e02ea1b841df76bbc8d578eb0464b72cb64882da20153cf5
2,additive,5,1000,800,200,10000,10000,0.5,525,41260909,41760909,1041760909,2041260909,3041260909,0.10268868943235655,1.0277175194872836,1.0165598976363195,0.01415349513306688,1.0562032998610953,-0.018481384755899003,0.034533129218841094,1.0333940254823644,2.220446049250313e-16,6.669334311482089e-07,3675,0.005,1,1,0.9147354960441589,1.0,-0.08526450395584106,0.08526450395584106,-1.0572270154953003,-1.0,-0.05722701549530029,0.05722701549530029,0.31372933765182964,0.6584190285589844,0.7020352158481032,0.664470911026001,4c510dec57183b91e7bd98708e4aee186fdea892c2e0bd254a13670857ca5c4d
2,additive,5,1000,800,200,10000,10000,0.5,526,41260909,41760909,1041760909,2041260909,3041260909,0.10310623369412257,1.0026257106881262,1.006489538188483,0.014144442093195925,1.0052583157328703,-0.0031907836716001986,0.006260104060155231,1.0130211904828659,0.0,5.852407607420673e-07,3682,0.005,1,1,0.9138561487197876,1.0,-0.0861438512802124,0.0861438512802124,-1.0566580295562744,-1.0,-0.056658029556274414,0.056658029556274414,0.33346499597160334,0.6581351842444237,0.7007082221568812,0.6621570587158203,c8991889df76d14b2091a667d331441206ef17ee3e77af47d20ed7d7792f54c8
2,additive,5,1000,800,200,10000,10000,0.5,527,41260909,41760909,1041760909,2041260909,3041260909,0.10176537961194601,1.0233099190972996,1.010421356494457,0.013672383156719996,1.0471631905229217,-0.019942128009771538,0.037597019754154276,1.0209513176600986,0.0,6.110834274153376e-07,3689,0.005,1,1,0.9145252704620361,1.0,-0.08547472953796387,0.08547472953796387,-1.0552291870117188,-1.0,-0.05522918701171875,0.05522918701171875,0.30747740175192356,0.6561554980091822,0.7008299630486856,0.6576553583145142,a7a6a6efd56ac311a8a05c72efcc1ff6cc9520638457e6895b61d6313c475743
2,additive,5,1000,800,200,10000,10000,0.5,528,41260909,41760909,1041760909,2041260909,3041260909,0.10078863372769012,1.0384234172801499,1.0230587810522584,0.013566345658387092,1.0783231935557844,-0.0226201348630193,0.04143300956853002,1.046649269488133,2.220446049250313e-16,6.891216273174905e-07,3696,0.005,1,1,0.9160125851631165,1.0,-0.08398741483688354,0.08398741483688354,-1.0557177066802979,-1.0,-0.05571770668029785,0.05571770668029785,0.3074232988970999,0.6588016318998927,0.7048231852048624,0.6650773286819458,90782c9fe750ac44385fbcb87deb5aecdeca6ff2bd13d0a6d535b76779ea8166
2,additive,5,1000,800,200,10000,10000,0.5,529,41260909,41760909,1041760909,2041260909,3041260909,0.09560039822631593,1.0689749590554236,1.042213712081629,0.012259526130600995,1.1427074630875445,-0.034378783783588406,0.05953206300183715,1.0862094216509688,0.0,6.442215028101828e-07,3703,0.005,1,1,0.9205861687660217,1.0,-0.07941383123397827,0.07941383123397827,-1.053224802017212,-1.0,-0.053224802017211914,0.053224802017211914,0.3113493551821038,0.6668923603669364,0.7090212134552196,0.6708025336265564,d21bdc3898286ad66f93f65c77df977331211b921dddec896765ead9f7a6de2a
2,additive,5,1000,800,200,10000,10000,0.5,530,41260909,41760909,1041760909,2041260909,3041260909,0.09405529450722015,1.063848762406844,1.039908790742432,0.011867409649787195,1.1317741892745736,-0.031115652930486876,0.05441504219460423,1.081410293063387,0.0,7.048366015283136e-07,3710,0.005,1,1,0.9218742251396179,1.0,-0.07812577486038208,0.07812577486038208,-1.0523713827133179,-1.0,-0.05237138271331787,0.05237138271331787,0.3066606583075028,0.663945177720793,0.7088684882283519,0.6709729433059692,38f5431d570ae6ce40ab6e65cde3c642697a0e7aceb072e587f374d15e8937fc
2,additive,5,1000,800,200,10000,10000,0.5,531,41260909,41760909,1041760909,2041260909,3041260909,0.09561322824545178,1.0292206120770058,1.016290058605192,0.012088637594415582,1.0592950683241662,-0.019269111349418538,0.03597051409867692,1.0328454832197447,0.0,5.777586746802399e-07,3717,0.005,1,1,0.9197791814804077,1.0,-0.08022081851959229,0.08022081851959229,-1.0520241260528564,-1.0,-0.052024126052856445,0.052024126052856445,0.307944948117974,0.6538791937145327,0.7037059188219277,0.6603679656982422,28ec02ff3cefd0050a833c18ba19876dfed9e65c2706b5feb1d9c0d50ff2add7
2,additive,5,1000,800,200,10000,10000,0.5,532,41260909,41760909,1041760909,2041260909,3041260909,0.09683959846966504,1.0111608624493769,1.001176066663289,0.012423732145094592,1.0224462897493676,-0.016258252717543966,0.03142085938054549,1.0023535164593742,0.0,6.81087742648856e-07,3724,0.005,1,1,0.9188521504402161,1.0,-0.08114784955978394,0.08114784955978394,-1.052848219871521,-1.0,-0.052848219871520996,0.052848219871520996,0.3133460514688178,0.6570262858901685,0.6993396675789162,0.6599375009536743,e7fe0d68614a424d22a23dd7e894f55f63ce67ae3ca7c9c065c4d81dad11b1c8
2,additive,5,1000,800,200,10000,10000,0.5,533,41260909,41760909,1041760909,2041260909,3041260909,0.0963910934751989,1.0388568920748773,1.0184920316956478,0.012327368074541361,1.0792236422114734,-0.027112495829243192,0.049677011103931856,1.0373260186275286,4.440892098500626e-16,6.743640970086062e-07,3731,0.005,1,1,0.9193105101585388,1.0,-0.08068948984146118,0.08068948984146118,-1.0527299642562866,-1.0,-0.05272996425628662,0.05272996425628662,0.305453477096674,0.6524851098228572,0.7037617151845232,0.6558812856674194,4f0db6c301a5650763a54499e15be2bc8ec8eb1c2181fbf9a4750914de5c9358
2,additive,5,1000,800,200,10000,10000,0.5,534,41260909,41760909,1041760909,2041260909,3041260909,0.09621026914301913,1.0710170035361009,1.0465761377651162,0.0122334030884946,1.1470774218634483,-0.03199460640629785,0.05519590728849466,1.0953216121393474,2.220446049250313e-16,6.226052793323333e-07,3738,0.005,1,1,0.9192485809326172,1.0,-0.08075141906738281,0.08075141906738281,-1.0523031949996948,-1.0,-0.052303194999694824,0.052303194999694824,0.30950887890850026,0.6709639648621878,0.7102129643944212,0.673369824886322,2e28cb28cd7fadfcf1148a14793d3a4ebc5903293b49e937620e3584a51ffbe8
2,additive,5,1000,800,200,10000,10000,0.5,535,41260909,41760909,1041760909,2041260909,3041260909,0.09668155345896133,1.0703985237948237,1.045172561719292,0.012336483394210299,1.1457529997421376,-0.03285189968274025,0.05673464816167823,1.0923856837708672,-2.220446049250313e-16,6.98347896843643e-07,3745,0.005,1,1,0.9187777638435364,1.0,-0.08122223615646362,0.08122223615646362,-1.052443027496338,-1.0,-0.05244302749633789,0.05244302749633789,0.30399452290745055,0.658020735421731,0.7101088146869676,0.663166880607605,a32376233945eafa77a2428943d68d358932b940f6288e9da554cd3b807ceefa
2,additive,5,1000,800,200,10000,10000,0.5,536,41260909,41760909,1041760909,2041260909,3041260909,0.09835111571648221,1.0895558008354997,1.0607971838497279,0.012779748322174302,1.1871318431342872,-0.03731046309647416,0.06218868683681344,1.1252906652635133,0.0,6.384307624784924e-07,3752,0.005,1,1,0.9174337387084961,1.0,-0.0825662612915039,0.0825662612915039,-1.0534392595291138,-1.0,-0.05343925952911377,0.05343925952911377,0.31622565586489765,0.6670135605033862,0.7139079402663093,0.671479344367981,d8a20acf44d9d5d86d6cf724b6e3a4ba47945eaee6be27ffbda94145fe13832f
2,additive,5,1000,800,200,10000,10000,0.5,537,41260909,41760909,1041760909,2041260909,3041260909,0.09912891596569427,1.0940753595949424,1.0626198152509048,0.012792221640959039,1.1970008924728024,-0.04031612117494716,0.06664961257360252,1.1291608717638668,-2.220446049250313e-16,7.079217585470587e-07,3759,0.005,1,1,0.9159776568412781,1.0,-0.08402234315872192,0.08402234315872192,-1.0526002645492554,-1.0,-0.05260026454925537,0.05260026454925537,0.31438549140785604,0.674118740799778,0.715224767823927,0.679700493812561,d329adab959a6fc52b959763ae89e8882841f9920091558e299dc97a43a4fdf2
2,additive,5,1000,800,200,10000,10000,0.5,538,41260909,41760909,1041760909,2041260909,3041260909,0.10385705581195534,1.0982751139458387,1.0688056185403818,0.013928112844369183,1.2062082259127447,-0.038895444266812754,0.06375589847022083,1.1423454502234882,0.0,5.996801419883013e-07,3766,0.005,1,1,0.9115276336669922,1.0,-0.08847236633300781,0.08847236633300781,-1.0543960332870483,-1.0,-0.05439603328704834,0.05439603328704834,0.3209111925876631,0.6753441718943265,0.7161493209093782,0.6797852516174316,cc2f5b8619167353610df83cc038f9abcb49af9df29e98c239f5f3dfa7321d76
2,additive,5,1000,800,200,10000,10000,0.5,539,41260909,41760909,1041760909,2041260909,3041260909,0.10401379588042863,1.0531988507511634,1.0361640454796852,0.01401256969207438,1.1092278192235712,-0.024802229885409345,0.044161926743665154,1.073635929144827,2.220446049250313e-16,5.92449122649441e-07,3773,0.005,1,1,0.9115579128265381,1.0,-0.08844208717346191,0.08844208717346191,-1.0547436475753784,-1.0,-0.05474364757537842,0.05474364757537842,0.30152294906853333,0.6593559684872031,0.7084256439650765,0.6631401777267456,ffe1af99db0a0e112461126119142183e7f8cccdfb00f57b55e10eeef63a31da
2,additive,5,1000,800,200,10000,10000,0.5,540,41260909,41760909,1041760909,2041260909,3041260909,0.10150177260579002,1.0545047094114723,1.0333581318113678,0.013658652978109266,1.1119801821709738,-0.028904903284201516,0.05135733128890007,1.0678290285806802,0.0,6.743622016358586e-07,3780,0.005,1,1,0.9149873852729797,1.0,-0.08501261472702026,0.08501261472702026,-1.0554568767547607,-1.0,-0.05545687675476074,0.05545687675476074,0.29900640862813127,0.6591002630769017,0.7062522240583965,0.664027214050293,66ebd557f8709f262aef8f0e57ebab15319753cff9c4aa7274f78ed1a3875037
2,additive,5,1000,800,200,10000,10000,0.5,541,41260909,41760909,1041760909,2041260909,3041260909,0.09724998769146151,1.0508915490358333,1.031181614118999,0.012641880207058122,1.1043730478349332,-0.026839703372463577,0.048056122973236776,1.063335521297064,0.0,7.028274247034005e-07,3787,0.005,1,1,0.9190132021903992,1.0,-0.08098679780960083,0.08098679780960083,-1.0538395643234253,-1.0,-0.05383956432342529,0.05383956432342529,0.30653228091705953,0.6675085932190467,0.7063369869191213,0.6723185181617737,e6b6b28f565393523432fcf4e4a97643ce0baa08f2b2f6079d3115db12727d3f
2,additive,5,1000,800,200,10000,10000,0.5,542,41260909,41760909,1041760909,2041260909,3041260909,0.09919225002793951,1.0300331218837742,1.025370381690335,0.01303254701522009,1.0609682321776341,-0.011308179772535272,0.021058047613398807,1.0513844196477835,-2.220446049250313e-16,5.802751772421288e-07,3794,0.005,1,1,0.9168713092803955,1.0,-0.08312869071960449,0.08312869071960449,-1.0541176795959473,-1.0,-0.054117679595947266,0.054117679595947266,0.3176597075653994,0.6498468365548915,0.7065811673179748,0.6533858180046082,afe2c78d40d7ec918ed79d085e3505a3c5fb68666c100aebd463f7db1be97191
2,additive,5,1000,800,200,10000,10000,0.5,543,41260909,41760909,1041760909,2041260909,3041260909,0.09839964424513174,1.0504450804475258,1.0316316630852036,0.012810866213987922,1.1034348670364091,-0.025990922485227087,0.04656846017147872,1.0642638882799431,2.220446049250313e-16,5.875695165968864e-07,3801,0.005,1,1,0.9174734354019165,1.0,-0.0825265645980835,0.0825265645980835,-1.0535897016525269,-1.0,-0.053589701652526855,0.053589701652526855,0.3018431653100043,0.6594604085009089,0.7061481408378856,0.6635985374450684,5682eb1053373b93f52eee59448f9d758af766562dc5c56e1f78b31700d5ac53
2,additive,5,1000,800,200,10000,10000,0.5,544,41260909,41760909,1041760909,2041260909,3041260909,0.09826725339394808,1.1635293283438106,1.123018160739619,0.012567618023466431,1.353800497916199,-0.052599163294334256,0.0769912041721806,1.2611697893509968,-2.220446049250313e-16,5.861524172701138e-07,3808,0.005,1,1,0.9166947603225708,1.0,-0.0833052396774292,0.0833052396774292,-1.052121877670288,-1.0,-0.052121877670288086,0.052121877670288086,0.33745573751605357,0.6908926486817935,0.730232152616482,0.6919060349464417,8e039322264a1de5962ea99463bae01a6a108576b9b4baf354f6a234e115e82f
2,additive,5,1000,800,200,10000,10000,0.5,545,41260909,41760909,1041760909,2041260909,3041260909,0.104992206730641,1.058759012735303,1.0399835539675082,0.014316331619972493,1.1209706470482335,-0.026860593072658572,0.04731947706150646,1.081565792522889,0.0,6.670707470846082e-07,3815,0.005,1,1,0.9108760952949524,1.0,-0.08912390470504761,0.08912390470504761,-1.0555003881454468,-1.0,-0.05550038814544678,0.05550038814544678,0.3049214765973046,0.6594238700977119,0.7099388919407374,0.6633222103118896,1f613ae391f1cf859f96529a1a84b1d49105769cb95e09b28fc17ba5067c4b86
2,additive,5,1000,800,200,10000,10000,0.5,546,41260909,41760909,1041760909,2041260909,3041260909,0.10499087487066913,1.0452208440303083,1.0285511807113217,0.014246786489665661,1.09248661279543,-0.024407933971220992,0.04410806430344926,1.0579175313426539,2.220446049250313e-16,5.734704160431647e-07,3822,0.005,1,1,0.9106110334396362,1.0,-0.08938896656036377,0.08938896656036377,-1.055069923400879,-1.0,-0.055069923400878906,0.055069923400878906,0.2977153300651886,0.6531403626340351,0.7058992884644593,0.6585768461227417,31e3ab297b31ebb9fe15ce4cb6d45019ff1781be50ec937f92a367e0545d4dc9
2,additive,5,1000,800,200,10000,10000,0.5,547,41260909,41760909,1041760909,2041260909,3041260909,0.1090514648085796,1.0215996784408852,1.0169021015187818,0.015216884855530612,1.0436659029905202,-0.012396451886367937,0.02341420982313717,1.0340898840733148,0.0,6.513921473327855e-07,3829,0.005,1,1,0.9065975546836853,1.0,-0.0934024453163147,0.0934024453163147,-1.0562868118286133,-1.0,-0.05628681182861328,0.05628681182861328,0.31111456654204067,0.6482496995442136,0.7038304416895086,0.6501253843307495,8bc8fcf2e05c39b139e35d8d2b0cf571544da393518be0e55a28238e8851a02b
2,additive,5,1000,800,200,10000,10000,0.5,548,41260909,41760909,1041760909,2041260909,3041260909,0.10851868679425171,1.0499308626423094,1.0357643382669668,0.01519983784452059,1.102354816328824,-0.022373444873868574,0.040040001247935775,1.0728077644256075,2.220446049250313e-16,6.320515151259087e-07,3836,0.005,1,1,0.9075319766998291,1.0,-0.0924680233001709,0.0924680233001709,-1.0567976236343384,-1.0,-0.05679762363433838,0.05679762363433838,0.3009635379824338,0.6617058524894265,0.7075784840378988,0.6654517650604248,3d5243b54214520d82e5a24c6e9fafac80f5b0dc16bffef6e23c9fc54dee0b91
2,additive,5,1000,800,200,10000,10000,0.5,549,41260909,41760909,1041760909,2041260909,3041260909,0.10660341800119934,1.1043635738533093,1.0771963465773429,0.014734907454987149,1.2196189032540536,-0.037000920814732656,0.059951888176176145,1.1603519690795752,-4.440892098500626e-16,5.762026820121946e-07,3843,0.005,1,1,0.9094163179397583,1.0,-0.0905836820602417,0.0905836820602417,-1.0562039613723755,-1.0,-0.05620396137237549,0.05620396137237549,0.30610565812661966,0.6722194776670395,0.7180564777241734,0.6760382652282715,5012efc1457bf03ed130cd5c08134c8e7934a125d9ad183fbd0b93073f7864b4
2,additive,5,1000,800,200,10000,10000,0.5,550,41260909,41760909,1041760909,2041260909,3041260909,0.1064916508505038,1.0405438390577038,1.0268445436751452,0.014983917299543788,1.0827314810009443,-0.021652840712535436,0.03945073695068673,1.0544097168754172,0.0,7.029038471273452e-07,3850,0.005,1,1,0.910603940486908,1.0,-0.08939605951309204,0.08939605951309204,-1.0578689575195312,-1.0,-0.05786895751953125,0.05786895751953125,0.29954342987939553,0.6528507373582149,0.7075871207774452,0.6593130826950073,8f2ab017544b10f0e75a9aa260434ab459f135fff7317378859a71d09fd725b2
2,additive,5,1000,800,200,10000,10000,0.5,551,41260909,41760909,1041760909,2041260909,3041260909,0.10539019371188854,1.0601595740359613,1.0412035040300294,0.014716153447452444,1.123938322420111,-0.02727486953157595,0.047907192409347335,1.0841047368044114,0.0,5.837846721590267e-07,3857,0.005,1,1,0.9116936922073364,1.0,-0.08830630779266357,0.08830630779266357,-1.0575246810913086,-1.0,-0.057524681091308594,0.057524681091308594,0.29633187465564387,0.6594161660677073,0.7099526647983455,0.6642869710922241,be590894ec4e0fce49146ceae727d0ddb5cdc9db8b639bbc8e395f518d4592e7
2,additive,5,1000,800,200,10000,10000,0.5,552,41260909,41760909,1041760909,2041260909,3041260909,0.10388588056816468,1.0837156527842955,1.061845796595172,0.01411954603619015,1.174439616089692,-0.03052133318952329,0.051358542615467594,1.1275164957468353,-2.220446049250313e-16,6.623192057020333e-07,3864,0.005,1,1,0.9122238755226135,1.0,-0.08777612447738647,0.08777612447738647,-1.055566430091858,-1.0,-0.05556643009185791,0.05556643009185791,0.30168756649981565,0.6632384046864404,0.7160666964022441,0.6673604249954224,c07d7fdc080c0a0d1f3b5724ed01c65593726550ebc5397e79763f0c2ddfa119
2,additive,5,1000,800,200,10000,10000,0.5,553,41260909,41760909,1041760909,2041260909,3041260909,0.10296572964149234,1.0277250765835728,1.023436669685707,0.013930933158979638,1.0562188330387106,-0.011363574670159866,0.021237353927638307,1.0474226168573706,2.220446049250313e-16,6.63278299839476e-07,3871,0.005,1,1,0.9132463335990906,1.0,-0.08675366640090942,0.08675366640090942,-1.0554593801498413,-1.0,-0.05545938014984131,0.05545938014984131,0.31185461011780835,0.6467407524739701,0.706600884576564,0.6530419588088989,ccbfb29f117427bf9ed14db1b30b1d3447f30ea2dcc359e8f07901b661ad4c13
2,additive,5,1000,800,200,10000,10000,0.5,554,41260909,41760909,1041760909,2041260909,3041260909,0.09927106714540611,1.0746031875459374,1.0563464756862975,0.01310724633138567,1.1547720106838892,-0.026005690160206815,0.044534895202555484,1.1158678766948615,2.220446049250313e-16,6.68235802692152e-07,3878,0.005,1,1,0.9170405268669128,1.0,-0.08295947313308716,0.08295947313308716,-1.0545203685760498,-1.0,-0.054520368576049805,0.054520368576049805,0.3057489669470705,0.666413667260483,0.7127034459740845,0.6695295572280884,f422b8b6ea2c6043b0c7bd35c8a9a4229d6f967faaf8076b07dbed85ad8e8433
2,additive,5,1000,800,200,10000,10000,0.5,555,41260909,41760909,1041760909,2041260909,3041260909,0.09744955188706013,1.0994509427871246,1.0763384721217588,0.012640906952441612,1.208792375595497,-0.03146438798926836,0.051520436586815294,1.1585045065694022,2.220446049250313e-16,6.599787951699909e-07,3885,0.005,1,1,0.9186086058616638,1.0,-0.08139139413833618,0.08139139413833618,-1.0535897016525269,-1.0,-0.053589701652526855,0.053589701652526855,0.29929853985064603,0.6668609813288612,0.7186622537223675,0.6687672138214111,4b7c2381cc542aad222b63ec8cc00ac5eb63337ec4c6355c24fc07a90a7022ba
2,additive,5,1000,800,200,10000,10000,0.5,556,41260909,41760909,1041760909,2041260909,3041260909,0.09882818336848333,1.0712327329646327,1.0516900612436855,0.013373321953454208,1.147539568174876,-0.027430452604791673,0.047256694000114764,1.106051984918747,2.220446049250313e-16,6.873113598260261e-07,3892,0.005,1,1,0.9191742539405823,1.0,-0.08082574605941772,0.08082574605941772,-1.0568701028823853,-1.0,-0.056870102882385254,0.056870102882385254,0.2974908157627546,0.6699949733625646,0.7131053821808662,0.6733314990997314,cb4f673bb99923e773668239e492c55665042e11f11fd9564741ed9103bf52f7
2,additive,5,1000,800,200,10000,10000,0.5,557,41260909,41760909,1041760909,2041260909,3041260909,0.1012896687699088,1.0693953009168897,1.050568679984821,0.013857762715698465,1.1436063096231253,-0.02688476048688707,0.046454591774174936,1.1036945513650496,0.0,6.320260101944086e-07,3899,0.005,1,1,0.9162864685058594,1.0,-0.08371353149414062,0.08371353149414062,-1.0570231676101685,-1.0,-0.05702316761016846,0.05702316761016846,0.3013387427689728,0.6548922243044482,0.7126975299175338,0.6636323928833008,22e37fa02c01ba0c1776e5cef014e922d38ac3e536bced3b9b2925df9c7ff7f1
2,additive,5,1000,800,200,10000,10000,0.5,558,41260909,41760909,1041760909,2041260909,3041260909,0.10556858333123965,1.0234188239840527,1.0295544716895622,0.015152007991593223,1.0473860892849014,-0.0012778435502605128,0.0024052663213411183,1.0599824101759736,0.0,5.865683476713457e-07,3906,0.005,1,1,0.913180947303772,1.0,-0.08681905269622803,0.08681905269622803,-1.0600597858428955,-1.0,-0.06005978584289551,0.06005978584289551,0.3201250135396599,0.6557139981654205,0.7091170060287172,0.6599147319793701,967a4f80fc6d39eee985bd16aaaaaa558b3efc0b4c7e0006039519222386f9ee
2,additive,5,1000,800,200,10000,10000,0.5,559,41260909,41760909,1041760909,2041260909,3041260909,0.1053603813641847,1.0209839545252652,1.0235912590978988,0.015240670453582225,1.042408235398049,-0.004954920075004737,0.009369687894708267,1.047739065701622,2.220446049250313e-16,5.842309231951504e-07,3913,0.005,1,1,0.9140185117721558,1.0,-0.08598148822784424,0.08598148822784424,-1.0608932971954346,-1.0,-0.06089329719543457,0.06089329719543457,0.31693885925888465,0.6606201072530744,0.706855734069107,0.6629522442817688,6d6a4641043042935fa0d7add524aa1e0614e5b6a4f25d60b555cdc0ae163065
2,additive,5,1000,800,200,10000,10000,0.5,560,41260909,41760909,1041760909,2041260909,3041260909,0.10022959001471773,1.0884915612651604,1.0623074902085712,0.014022887435679286,1.1848138789454665,-0.03516978131395614,0.05867317770061554,1.1284972037532335,-2.220446049250313e-16,6.412232629315895e-07,3920,0.005,1,1,0.9193428158760071,1.0,-0.08065718412399292,0.08065718412399292,-1.0595011711120605,-1.0,-0.05950117111206055,0.05950117111206055,0.3127237237645262,0.6713822304300788,0.7146594882692822,0.6743308305740356,bea8e12ee608af5f4e6e2e6f61de165f995d3c2ed37d3448d3e9a8bf2327fa44
2,additive,5,1000,800,200,10000,10000,0.5,561,41260909,41760909,1041760909,2041260909,3041260909,0.09638011345388256,1.1181119116224132,1.0919604222170582,0.01336522375045322,1.2501742469119272,-0.035580953486962184,0.056319496641145245,1.192377563688456,0.0,6.63094668951203e-07,3927,0.005,1,1,0.9246711134910583,1.0,-0.07532888650894165,0.07532888650894165,-1.0601222515106201,-1.0,-0.06012225151062012,0.06012225151062012,0.3135301004026102,0.6816393673453429,0.7221260173396474,0.6871267557144165,88cd200b999a6d52efb8ba646259dea8422efdffcf8d50a0138f648820c79795
2,additive,5,1000,800,200,10000,10000,0.5,562,41260909,41760909,1041760909,2041260909,3041260909,0.08935838044330781,1.1885344878331858,1.1532904285373315,0.011674057949493062,1.4126142287688934,-0.047104737081282315,0.06614494764934617,1.3300788125558218,-2.220446049250313e-16,5.766302528797951e-07,3934,0.005,1,1,0.9313863515853882,1.0,-0.06861364841461182,0.06861364841461182,-1.0572458505630493,-1.0,-0.057245850563049316,0.057245850563049316,0.3391324918389991,0.6959326402561479,0.7387149467650177,0.7014980912208557,c87bcbd16144e600959164fae487669bec31f784d0275caeb8171775421d8232
2,additive,5,1000,800,200,10000,10000,0.5,563,41260909,41760909,1041760909,2041260909,3041260909,0.08871049826757832,1.0683510152697853,1.0517036729216784,0.011614143276310662,1.1413738918279808,-0.023453709733671294,0.040683353199844494,1.1060806156369487,0.0,6.216066736897119e-07,3941,0.005,1,1,0.9326517581939697,1.0,-0.06734824180603027,0.06734824180603027,-1.0577387809753418,-1.0,-0.0577387809753418,0.0577387809753418,0.29799229026478274,0.6648763291408472,0.7119920411845415,0.6697146892547607,d4191bb6901bfb393513a580ba6f8331ee020f2b86539f555d1d155124a6957b
2,additive,5,1000,800,200,10000,10000,0.5,564,41260909,41760909,1041760909,2041260909,3041260909,0.08793663289734316,1.0371893947694621,1.0336193744805782,0.011348726271701522,1.0757618406222431,-0.009370777796161574,0.017239787895605582,1.0683690113016215,0.0,6.19875606844289e-07,3948,0.005,1,1,0.9327816963195801,1.0,-0.06721830368041992,0.06721830368041992,-1.0566970109939575,-1.0,-0.05669701099395752,0.05669701099395752,0.30658264249230827,0.6498282116362921,0.7099224541414556,0.6559944748878479,829e8e3087ef746195af480ae2293f335bd0e66d11cbc87e6cc73c81307a81c9
2,additive,5,1000,800,200,10000,10000,0.5,565,41260909,41760909,1041760909,2041260909,3041260909,0.08868581108766403,1.0469004083140205,1.0365946973417537,0.011492107728326926,1.0960004649280628,-0.016482003049673812,0.029764539206146915,1.074528566557042,0.0,5.822929960430656e-07,3955,0.005,1,1,0.931855320930481,1.0,-0.06814467906951904,0.06814467906951904,-1.0567580461502075,-1.0,-0.05675804615020752,0.05675804615020752,0.304071551544723,0.6549321588552993,0.7099571461920255,0.6575974225997925,37400f5347e906e28b4a1a8da72fe8be9c7b70c366b477528e3fa58a3d89e8a5
2,additive,5,1000,800,200,10000,10000,0.5,566,41260909,41760909,1041760909,2041260909,3041260909,0.09267434537998036,1.092649951848291,1.07502231015781,0.01237475604845896,1.193883917274073,-0.025292852992748676,0.04193603503481018,1.1556729673370345,-2.220446049250313e-16,6.779230226072741e-07,3962,0.005,1,1,0.9276760220527649,1.0,-0.07232397794723511,0.07232397794723511,-1.0579463243484497,-1.0,-0.05794632434844971,0.05794632434844971,0.3013652745679521,0.670922206989662,0.7204886290527991,0.675521731376648,3a5f8ee0a4e54907922f092c89d8bdd979fcc1b1a58f56227c2175b649aa6f22
2,additive,5,1000,800,200,10000,10000,0.5,567,41260909,41760909,1041760909,2041260909,3041260909,0.10024655975769728,1.0792182002102013,1.0603357424055182,0.014273489386665995,1.1647119236649464,-0.027336763214475434,0.04637336969881359,1.1243118866226616,0.0,6.411220532243078e-07,3969,0.005,1,1,0.9206180572509766,1.0,-0.07938194274902344,0.07938194274902344,-1.0612199306488037,-1.0,-0.06121993064880371,0.06121993064880371,0.2902717334443255,0.6624344174891627,0.7158761144115783,0.6655471920967102,54c963536498a400ba3237fe586d2197995034aabacba79d1c18c69d42f94449
2,additive,5,1000,800,200,10000,10000,0.5,568,41260909,41760909,1041760909,2041260909,3041260909,0.10668851972770806,1.0616361469860844,1.0500925088138153,0.015808905482083555,1.127071308587459,-0.020092968501324873,0.0351619850513962,1.1026942770668928,0.0,5.985474711422967e-07,3976,0.005,1,1,0.9137691259384155,1.0,-0.08623087406158447,0.08623087406158447,-1.0628225803375244,-1.0,-0.06282258033752441,0.06282258033752441,0.3064057773720911,0.6548652677070881,0.7151966052007525,0.6578052043914795,99a5577876b605a9c74e451a099337719f592d2650673a249389c2e948eb8742
2,additive,5,1000,800,200,10000,10000,0.5,569,41260909,41760909,1041760909,2041260909,3041260909,0.10728463032761057,1.0771038543561138,1.058176999365565,0.015724378568737273,1.1601527130687965,-0.028069264825611537,0.04774183462749853,1.1197385619863107,0.0,5.74426229249525e-07,3983,0.005,1,1,0.912101149559021,1.0,-0.087898850440979,0.087898850440979,-1.0615124702453613,-1.0,-0.06151247024536133,0.06151247024536133,0.2988238354022523,0.6642149511844909,0.7158722405361617,0.6680414080619812,12001c53964a5d281dbee789b03c31d4e6ec7973a74db0f5258dc0994de7991c
2,additive,5,1000,800,200,10000,10000,0.5,570,41260909,41760909,1041760909,2041260909,3041260909,0.10303727659700815,1.1692203654699231,1.1374770260720017,0.01442176499730152,1.3670762630296205,-0.04382202159265837,0.06344130893222583,1.2938539848416053,0.0,5.871078379016126e-07,3990,0.005,1,1,0.915207028388977,1.0,-0.08479297161102295,0.08479297161102295,-1.0585391521453857,-1.0,-0.05853915214538574,0.05853915214538574,0.32040200108769645,0.6895409548639381,0.7353039714523522,0.6950132846832275,af538800f2588c7a78f5b9ee7749f6e56d982cd67dfe4ddb7a05c41851c77e7f
2,additive,5,1000,800,200,10000,10000,0.5,571,41260909,41760909,1041760909,2041260909,3041260909,0.10575121952274086,1.0751628923917558,1.0615474563204432,0.015346487783978844,1.1559752451762062,-0.022219365469890933,0.03793896219058065,1.1268830020204033,0.0,5.947498564751186e-07,3997,0.005,1,1,0.9136656522750854,1.0,-0.08633434772491455,0.08633434772491455,-1.0610712766647339,-1.0,-0.06107127666473389,0.06107127666473389,0.3003150570927741,0.6630428851888674,0.7157183499245148,0.6659418344497681,3c74ca165ebd3f959a0692745ebb925879d4dbdf5d6fb748ab502d2314697bc0
2,additive,5,1000,800,200,10000,10000,0.5,572,41260909,41760909,1041760909,2041260909,3041260909,0.10519197333536778,1.0466166136177946,1.0493710550965487,0.01535950082605296,1.09540633590078,-0.004793112726194523,0.008630284741775468,1.1011796112744436,-2.220446049250313e-16,5.855499747298154e-07,4004,0.005,1,1,0.9149359464645386,1.0,-0.08506405353546143,0.08506405353546143,-1.0618826150894165,-1.0,-0.061882615089416504,0.061882615089416504,0.33031878698215356,0.6695613651001583,0.7153485546879019,0.6700096130371094,3d8ed4e14b7a9b0ceae226dfb157dbe30bbec485c5b84968079d1d941cac892f
2,additive,5,1000,800,200,10000,10000,0.5,573,41260909,41760909,1041760909,2041260909,3041260909,0.10480600198411742,1.0513282663846246,1.0550595530424816,0.015338501641969652,1.1052911236993002,-0.0037394824375342607,0.0066738953762630745,1.1131506604662011,0.0,5.610505056097281e-07,4011,0.005,1,1,0.9156883955001831,1.0,-0.0843116044998169,0.0843116044998169,-1.0622563362121582,-1.0,-0.0622563362121582,0.0622563362121582,0.3242851490383975,0.6508647015911526,0.7174121184319313,0.6550421714782715,852246fc87e1d5c74951700445d5ed3378d5e1161aa7166b89a83aabc0a5f15d
2,additive,5,1000,800,200,10000,10000,0.5,574,41260909,41760909,1041760909,2041260909,3041260909,0.099486854394373,1.1136869655882133,1.0845606199068658,0.013930391913597493,1.2402986573210824,-0.03897865549095718,0.06215556164121957,1.1762717382527652,-4.440892098500626e-16,5.794206110465439e-07,4018,0.005,1,1,0.9205354452133179,1.0,-0.07946455478668213,0.07946455478668213,-1.0598583221435547,-1.0,-0.05985832214355469,0.05985832214355469,0.30280353999776555,0.6707794085013705,0.7230118664720735,0.6723719835281372,c0ae2a4d079a72904c8013e943a6aaa1534c9d9e2f6dede61140708f2bfa3265
2,additive,5,1000,800,200,10000,10000,0.5,575,41260909,41760909,1041760909,2041260909,3041260909,0.09948062660541329,1.1301361100149094,1.0996067143712895,0.013934223770658496,1.2772076271596315,-0.0410034623199336,0.06351503870839581,1.2091349262904227,-2.220446049250313e-16,6.546043245236888e-07,4025,0.005,1,1,0.9205698370933533,1.0,-0.07943016290664673,0.07943016290664673,-1.0598936080932617,-1.0,-0.05989360809326172,0.05989360809326172,0.3000078323128274,0.6784999047756824,0.7261839774707112,0.6839172840118408,0b8763136c25968ee23462eb1432ddcb1bf7edbd050247ac448030059c1b014e
2,additive,5,1000,800,200,10000,10000,0.5,576,41260909,41760909,1041760909,2041260909,3041260909,0.09882441237908199,1.1027606339096376,1.0844013458398376,0.013565993736804066,1.2160810157007858,-0.026860365289169262,0.04368792845916737,1.1759262788592513,0.0,6.632414795149089e-07,4032,0.005,1,1,0.9201342463493347,1.0,-0.07986575365066528,0.07986575365066528,-1.058204174041748,-1.0,-0.05820417404174805,0.05820417404174805,0.2924162627011443,0.6689839024933426,0.7221046533254261,0.6749392151832581,3fbe03e49c72539af1768ab701d03529296d99536bcbb9f41596d0fc67bc6543
2,additive,5,1000,800,200,10000,10000,0.5,577,41260909,41760909,1041760909,2041260909,3041260909,0.09613648373448584,1.0692119766989758,1.0563052081439994,0.012928223251747917,1.143214251116531,-0.020180890808070475,0.03491073333171571,1.115780692752138,2.220446049250313e-16,7.006740680992607e-07,4039,0.005,1,1,0.9227815270423889,1.0,-0.07721847295761108,0.07721847295761108,-1.057267189025879,-1.0,-0.057267189025878906,0.057267189025878906,0.28487090796829334,0.6640854584908571,0.7146878129114741,0.6680368185043335,aed7cb7b10da061bb66a28de7496bdb2003f6a138273e483dec8c8c2ba7fbda2
2,additive,5,1000,800,200,10000,10000,0.5,578,41260909,41760909,1041760909,2041260909,3041260909,0.09319264175173468,1.0627582375758704,1.056957906864495,0.012294524905206352,1.1294550715353702,-0.012294789778601014,0.021536753447393763,1.1171600168833746,0.0,6.521069764175991e-07,4046,0.005,1,1,0.9259670376777649,1.0,-0.07403296232223511,0.07403296232223511,-1.0566037893295288,-1.0,-0.05660378932952881,0.05660378932952881,0.2915622742212765,0.6602713419688198,0.7158912241563781,0.6647847890853882,be19d315f07fad3acea25b000b8dd87d7069125bda3e476bd6d9a8d5497eaf6d
2,additive,5,1000,800,200,10000,10000,0.5,579,41260909,41760909,1041760909,2041260909,3041260909,0.09272625532996268,1.0767271435370602,1.0666923891536888,0.012369730712846173,1.159341341629477,-0.01693920963195922,0.02891362901964678,1.1378326530784049,2.220446049250313e-16,5.842601442651585e-07,4053,0.005,1,1,0.9275187253952026,1.0,-0.07248127460479736,0.07248127460479736,-1.0578327178955078,-1.0,-0.05783271789550781,0.05783271789550781,0.28658669666141884,0.671150458584553,0.7172605582506759,0.6749155521392822,2c064c0b818aad1894782ccb80654c11cf06bd5185a431eed064783b02d47958
2,additive,5,1000,800,200,10000,10000,0.5,580,41260909,41760909,1041760909,2041260909,3041260909,0.09508009817674208,1.0546291371259808,1.0517127637387023,0.012926867034102622,1.112242616875091,-0.009534873249147128,0.016948332469913722,1.1060997374108992,-2.220446049250313e-16,5.86381151634896e-07,4060,0.005,1,1,0.9252108335494995,1.0,-0.07478916645050049,0.07478916645050049,-1.0587095022201538,-1.0,-0.05870950222015381,0.05870950222015381,0.30026059170826674,0.6628752850778784,0.7147907115378787,0.6646925806999207,a471cf4181a34a6b69a598f17f655c186f745a7836deb2de26bc637e66f82027
2,additive,5,1000,800,200,10000,10000,0.5,581,41260909,41760909,1041760909,2041260909,3041260909,0.09393884087029843,1.1087082647373778,1.0891220135822066,0.012580185052769744,1.2292340162969677,-0.02781372044018866,0.0447953009555821,1.1861867604693601,0.0,6.779781767107806e-07,4067,0.005,1,1,0.9258831143379211,1.0,-0.07411688566207886,0.07411688566207886,-1.0577164888381958,-1.0,-0.0577164888381958,0.0577164888381958,0.29497732311686337,0.6723997390526246,0.7236346511287026,0.6764645576477051,e46614f2683a3f120e48d4df28c41ea9eed7a4469e675e42d21a1bd365f5a01c
2,additive,5,1000,800,200,10000,10000,0.5,582,41260909,41760909,1041760909,2041260909,3041260909,0.09406940388479616,1.1264571117998967,1.1052758145912733,0.012556352905053789,1.2689056247245651,-0.02991367565460811,0.046686793953794645,1.2216346263204028,0.0,7.036275455618579e-07,4074,0.005,1,1,0.9254388213157654,1.0,-0.07456117868423462,0.07456117868423462,-1.0573557615280151,-1.0,-0.05735576152801514,0.05735576152801514,0.30380576127921244,0.677014622537397,0.7277336149185203,0.6822085976600647,5a5b61e1136bf7ea3bccbde16f3d5629fcb08b8f664f6f7e83cd938f652a027b
2,additive,5,1000,800,200,10000,10000,0.5,583,41260909,41760909,1041760909,2041260909,3041260909,0.09637419913884623,1.107645820894468,1.0918785417041612,0.013221118726687726,1.2268792645449795,-0.02395081671883086,0.03862722250862168,1.1921987498340056,0.0,6.71975460164731e-07,4081,0.005,1,1,0.9238488078117371,1.0,-0.07615119218826294,0.07615119218826294,-1.0590676069259644,-1.0,-0.059067606925964355,0.059067606925964355,0.30286804692315505,0.6681150720241226,0.7246056178719406,0.6714644432067871,0d0f7e6f683ddb3732b512e93f41dacb766e2b662357a49f9e06226370123118
2,additive,5,1000,800,200,10000,10000,0.5,584,41260909,41760909,1041760909,2041260909,3041260909,0.09556583420630135,1.121302805301854,1.0971509273140223,0.01318340845154126,1.2573199811778075,-0.03338161616166485,0.052548645574890536,1.203740157306019,-2.220446049250313e-16,6.517457276089544e-07,4088,0.005,1,1,0.9255669116973877,1.0,-0.0744330883026123,0.0744330883026123,-1.059937834739685,-1.0,-0.05993783473968506,0.05993783473968506,0.3018934912696383,0.6776783872761609,0.7243436790330395,0.6804826855659485,9c4367bad254310523464de65dddbcf9ae7aaed37cd5e7d3e7ad9c0d4b122e03
2,additive,5,1000,800,200,10000,10000,0.5,585,41260909,41760909,1041760909,2041260909,3041260909,0.09887263243840698,1.1020044502419333,1.088715782904043,0.014282730493277915,1.2144138083530256,-0.02169724145097016,0.03531749421438591,1.1853020559443634,2.220446049250313e-16,5.78434088183144e-07,4095,0.005,1,1,0.9240213632583618,1.0,-0.07597863674163818,0.07597863674163818,-1.0632696151733398,-1.0,-0.06326961517333984,0.06326961517333984,0.29751691376924255,0.6632502448600553,0.7250621944589347,0.6673325300216675,cbdfc60331bddd2e18cf78edba7ebaed2b34348b1c4d389671bd860e3b601e38
2,additive,5,1000,800,200,10000,10000,0.5,586,41260909,41760909,1041760909,2041260909,3041260909,0.10238561230576147,1.0634152933552192,1.0579637879005663,0.015203814137420002,1.130852086141767,-0.013384261885136226,0.02335708385930517,1.1192873765089146,0.0,6.213812628885762e-07,4102,0.005,1,1,0.9206650257110596,1.0,-0.07933497428894043,0.07933497428894043,-1.0647207498550415,-1.0,-0.0647207498550415,0.0647207498550415,0.30106149657339837,0.6626092199787766,0.7172437304452158,0.6668192148208618,d6f53e76103d0ed08b6e926b58f1675524467c51f0d9e4cad24fbcf284e52fb9
2,additive,5,1000,800,200,10000,10000,0.5,587,41260909,41760909,1041760909,2041260909,3041260909,0.10170385289422454,1.094680768124302,1.0768859620534732,0.014918919360804552,1.1983259841012117,-0.026780764097090907,0.0441473341790623,1.1596833752678344,0.0,6.642338234996714e-07,4109,0.005,1,1,0.920715868473053,1.0,-0.07928413152694702,0.07928413152694702,-1.0637000799179077,-1.0,-0.06370007991790771,0.06370007991790771,0.28216916309877677,0.6641602605818514,0.7205849209760822,0.6652637720108032,41118d931c3dd4db17b1a942b39b69f9653123a95c1a9166bb9daeac96019565
2,additive,5,1000,800,200,10000,10000,0.5,588,41260909,41760909,1041760909,2041260909,3041260909,0.09978295201066255,1.1252952068747022,1.1099996751742014,0.01445036512690514,1.266289302615179,-0.0243201944276255,0.037978357413574096,1.2320992788868328,-4.440892098500626e-16,6.44207917233075e-07,4116,0.005,1,1,0.9227392673492432,1.0,-0.07726073265075684,0.07726073265075684,-1.0631459951400757,-1.0,-0.06314599514007568,0.06314599514007568,0.3049457926944508,0.6599397572906919,0.7314327009138393,0.6672272682189941,6d19fec2b414c88248e5dc2dc149a19f71987b36ea866882415511e8cddee79c
2,additive,5,1000,800,200,10000,10000,0.5,589,41260909,41760909,1041760909,2041260909,3041260909,0.09890948707434019,1.111120858800592,1.0941768555397917,0.014246208117248483,1.2345895628617651,-0.02580638989003376,0.04132871669715718,1.197222991198946,0.0,6.742089180278299e-07,4123,0.005,1,1,0.9237038493156433,1.0,-0.07629615068435669,0.07629615068435669,-1.0629442930221558,-1.0,-0.06294429302215576,0.06294429302215576,0.2900195724743817,0.6619279940420464,0.7259209049835869,0.6690906286239624,3c9421ffcbaac9ae98e92243dcce5b1c68b07c5ea9f96d38705f8ff768a6a754
2,additive,5,1000,800,200,10000,10000,0.5,590,41260909,41760909,1041760909,2041260909,3041260909,0.09596417446322511,1.0980430297929729,1.0810862010775086,0.013529934256063731,1.2056984952769314,-0.025240527686397996,0.041404099633841306,1.1687473741601992,0.0,6.63493961994277e-07,4130,0.005,1,1,0.926740825176239,1.0,-0.07325917482376099,0.07325917482376099,-1.0619856119155884,-1.0,-0.06198561191558838,0.06198561191558838,0.3007189930551973,0.6718558494856666,0.7210898482008142,0.6744545698165894,ab51e15813df50d984fbaa741e32574fc7757ad90402c0355d847000c340c6de
2,additive,5,1000,800,200,10000,10000,0.5,591,41260909,41760909,1041760909,2041260909,3041260909,0.09425217673051103,1.117356564417464,1.0969448135734716,0.013289393908796306,1.2484856920467982,-0.029243580964927855,0.0463530803396399,1.2032879240257386,-2.220446049250313e-16,5.771492421757785e-07,4137,0.005,1,1,0.9297024011611938,1.0,-0.07029759883880615,0.07029759883880615,-1.062783122062683,-1.0,-0.0627831220626831,0.0627831220626831,0.2867504633312772,0.6765042425959876,0.7253687125561903,0.6810319423675537,d921b3d687eee870f1fc54617666d402b16eb434632b145d327008aefb8bf86e
2,additive,5,1000,800,200,10000,10000,0.5,592,41260909,41760909,1041760909,2041260909,3041260909,0.09756954764957922,1.1108854259547616,1.0989024404345822,0.014257008755816895,1.2340664295986923,-0.020368432380714275,0.032633261148349725,1.2075865735930806,0.0,6.293781584787439e-07,4144,0.005,1,1,0.9273386597633362,1.0,-0.07266134023666382,0.07266134023666382,-1.0651164054870605,-1.0,-0.06511640548706055,0.06511640548706055,0.2960870168395886,0.668032639041605,0.7264516760775623,0.6756930351257324,283b8a59e60cf0a7015ad10ec6467b14ff399263535c5fdc32128e36aa60ee42
2,additive,5,1000,800,200,10000,10000,0.5,593,41260909,41760909,1041760909,2041260909,3041260909,0.09763734399949443,1.10819389403538,1.0914663367121353,0.014133258068297277,1.228093706777299,-0.025464100334893842,0.040997500546220915,1.1912987641758086,0.0,6.345342420388533e-07,4151,0.005,1,1,0.9262995719909668,1.0,-0.0737004280090332,0.0737004280090332,-1.0640413761138916,-1.0,-0.0640413761138916,0.0640413761138916,0.30261397168567283,0.6699604015635136,0.7254662917021483,0.6711349487304688,40653dd5cc43327179fd358bf6f39c956381664d3aee0d4095344d34736e10ea
2,additive,5,1000,800,200,10000,10000,0.5,594,41260909,41760909,1041760909,2041260909,3041260909,0.09952762972474785,1.1301977558756284,1.1100916610734683,0.014599874183602268,1.2773469673863067,-0.029821672792528568,0.04616547962033913,1.232303495984852,2.220446049250313e-16,5.837835583832884e-07,4158,0.005,1,1,0.924315333366394,1.0,-0.07568466663360596,0.07568466663360596,-1.0646342039108276,-1.0,-0.06463420391082764,0.06463420391082764,0.29329336334848016,0.6659888159023345,0.7289962641904684,0.6713651418685913,a0579c14758c8a9c227d734874142a5fb4fb4efb783d7ef2ad00e1fb2040fbbb
2,additive,5,1000,800,200,10000,10000,0.5,595,41260909,41760909,1041760909,2041260909,3041260909,0.0973489376998075,1.1368532395654456,1.1108886702971703,0.014144703423284067,1.2924352883104486,-0.036253176969558654,0.055493237611045056,1.2340736377946153,0.0,6.705968438325272e-07,4165,0.005,1,1,0.9271662831306458,1.0,-0.07283371686935425,0.07283371686935425,-1.0645915269851685,-1.0,-0.06459152698516846,0.06459152698516846,0.28783307299038063,0.6709932774074775,0.72840502594825,0.672622799873352,024f2925ee6cae81a436ad41b639fb490b795d4a5b59426c63b54eb40d8f40c7
2,additive,5,1000,800,200,10000,10000,0.5,596,41260909,41760909,1041760909,2041260909,3041260909,0.0943014148417149,1.1839758386786656,1.1474294695479508,0.013397261608103825,1.4017987865748498,-0.049300830297931086,0.06967349910456729,1.3165943875870916,2.220446049250313e-16,6.426818934812673e-07,4172,0.005,1,1,0.9303629398345947,1.0,-0.06963706016540527,0.06963706016540527,-1.06358802318573,-1.0,-0.06358802318572998,0.06358802318572998,0.3179062526265113,0.693629954107621,0.7383683510497296,0.6933598518371582,db9c5a4c55ebbc983492e643b6fd907e1d9521dc673f01e5aa9ad0d4a7999a28
2,additive,5,1000,800,200,10000,10000,0.5,597,41260909,41760909,1041760909,2041260909,3041260909,0.09886074896511936,1.1236231958101002,1.1272411019068271,0.014805984541726007,1.2625290861625027,-0.0033312844380555605,0.00521599150365289,1.2706725018281178,0.0,5.938721319154183e-07,4179,0.005,1,1,0.927596926689148,1.0,-0.07240307331085205,0.07240307331085205,-1.0673145055770874,-1.0,-0.0673145055770874,0.0673145055770874,0.3281424695042306,0.6659889208493608,0.737175847156293,0.6717625856399536,f34ced4009953beb9616ecb52eb7161ebe63c7676ff36a07584ecf2808ed57a5
2,additive,5,1000,800,200,10000,10000,0.5,598,41260909,41760909,1041760909,2041260909,3041260909,0.09274142042020798,1.1446257048663417,1.1167519538943742,0.013039191084884348,1.3101680042407697,-0.038036134399375726,0.05749082159429259,1.2471349265269027,0.0,7.027344359755716e-07,4186,0.005,1,1,0.9321535229682922,1.0,-0.06784647703170776,0.06784647703170776,-1.0632283687591553,-1.0,-0.06322836875915527,0.06322836875915527,0.3023699725325265,0.6756456039822382,0.7302551379232521,0.6785290241241455,c16fde1619308000fcc202e5fa30b754ec8151646374d33433f915e0cba8aff2
2,additive,5,1000,800,200,10000,10000,0.5,599,41260909,41760909,1041760909,2041260909,3041260909,0.09578852225387148,1.1418506119379301,1.12241644601024,0.013896391952550149,1.3038228199830257,-0.028950266830659085,0.04393996318553255,1.2598186782742578,0.0,6.834321588655712e-07,4193,0.005,1,1,0.9298188090324402,1.0,-0.07018119096755981,0.07018119096755981,-1.0651923418045044,-1.0,-0.0651923418045044,0.0651923418045044,0.30014799466709957,0.6718947447553241,0.7330085614549173,0.6762350797653198,f2e88697b3927759021f6e9c23a4e8675c759e8640e725462d8547ad32aa6682
2,additive,5,1000,800,200,10000,10000,0.5,600,41260909,41760909,1041760909,2041260909,3041260909,0.09637324908125232,1.1047561598249145,1.0880891167948437,0.01408424434829989,1.220486172671092,-0.025316245466004604,0.04101223408078302,1.1839379260873828,2.220446049250313e-16,6.47365302697267e-07,4200,0.005,1,1,0.9295258522033691,1.0,-0.07047414779663086,0.07047414779663086,-1.0657358169555664,-1.0,-0.0657358169555664,0.0657358169555664,0.2931733325964009,0.6723410233541735,0.724101794463187,0.6757792234420776,85e4094551a6fd069ceb3727286639805c56ba17afccaf0834e22edc359e71c8
2,additive,5,1000,800,200,10000,10000,0.5,601,41260909,41760909,1041760909,2041260909,3041260909,0.09673018570594195,1.0677182118274975,1.0665374638556702,0.014063285576048015,1.140022179868109,-0.008291651818235957,0.014369216260850946,1.137502161807685,0.0,6.988212835068452e-07,4207,0.005,1,1,0.9283278584480286,1.0,-0.07167214155197144,0.07167214155197144,-1.064960241317749,-1.0,-0.06496024131774902,0.06496024131774902,0.29330534027333516,0.6566472540073218,0.7205247126679817,0.6622964143753052,d766dc667c059ba0c3b27c6e4b985f8b5b3955ac2eef54c026b912720e7aa62d
2,additive,5,1000,800,200,10000,10000,0.5,602,41260909,41760909,1041760909,2041260909,3041260909,0.09844767792873797,1.070627323873072,1.0690902744070279,0.014542682666427862,1.1462428666236155,-0.00891576722917463,0.01536160961794824,1.1429540148316943,2.220446049250313e-16,5.915882219653668e-07,4214,0.005,1,1,0.9268813133239746,1.0,-0.07311868667602539,0.07311868667602539,-1.0659211874008179,-1.0,-0.06592118740081787,0.06592118740081787,0.30306547662028516,0.6600908283288072,0.7210215268711178,0.6613487601280212,9212073d19576e11c7877e4128b68176fd69312de22bcdd88a39a6c6eb28259d
2,additive,5,1000,800,200,10000,10000,0.5,603,41260909,41760909,1041760909,2041260909,3041260909,0.09702872248698415,1.1031286976602916,1.0837967300541125,0.014238992758420778,1.2168929236016912,-0.02825828214206282,0.04590618075374002,1.1746153520759866,2.220446049250313e-16,6.571996280513304e-07,4221,0.005,1,1,0.9287623763084412,1.0,-0.07123762369155884,0.07123762369155884,-1.0658769607543945,-1.0,-0.06587696075439453,0.06587696075439453,0.2823243734065105,0.6726269592192093,0.7238960238593813,0.6739391684532166,8b9e3e857095744bac51f7c8c7308a5a550fd6c7510d8390d9263797c69db5c0
2,additive,5,1000,800,200,10000,10000,0.5,604,41260909,41760909,1041760909,2041260909,3041260909,0.09813537153972277,1.108524799288714,1.096828380438303,0.014525361044972325,1.2288272306380834,-0.020160047774072497,0.03242852897709891,1.2030324961349106,0.0,5.616916407547023e-07,4228,0.005,1,1,0.9276527166366577,1.0,-0.07234728336334229,0.07234728336334229,-1.0663055181503296,-1.0,-0.06630551815032959,0.06630551815032959,0.2896217914832732,0.6684726406459223,0.7274521186460967,0.6749801635742188,a5a1768799ead94d2ba9b9adc109e2f58e67ddf2b1a23eec8d2bf6491f60cc57
2,additive,5,1000,800,200,10000,10000,0.5,605,41260909,41760909,1041760909,2041260909,3041260909,0.09759875787307809,1.1212485769174838,1.1014332109544596,0.014204560134387012,1.2571983712394825,-0.029123906590209105,0.045813810667776275,1.2131551181934512,0.0,6.429910826000196e-07,4235,0.005,1,1,0.9268904328346252,1.0,-0.07310956716537476,0.07310956716537476,-1.0646568536758423,-1.0,-0.06465685367584229,0.06465685367584229,0.29160002821553355,0.6725151670562842,0.7287265680976367,0.6757177710533142,4e55bde32d8d26bb3b692dcd7d351196653b4eea45908a747af46b0a7630008f
2,additive,5,1000,800,200,10000,10000,0.5,606,41260909,41760909,1041760909,2041260909,3041260909,0.09729067293282455,1.0892533257883061,1.079869030225548,0.014000863497817317,1.1864728077408857,-0.01717827439921881,0.028619160604319613,1.1661171224402653,0.0,6.732451467428291e-07,4242,0.005,1,1,0.9263456463813782,1.0,-0.07365435361862183,0.07365435361862183,-1.0635650157928467,-1.0,-0.06356501579284668,0.06356501579284668,0.28286586368420435,0.6583634289939831,0.724076401039636,0.6622703075408936,b46790eeb9ad1d9099cdd285bd19a570e6d391a5f8bbd2239266546424facd06
2,additive,5,1000,800,200,10000,10000,0.5,607,41260909,41760909,1041760909,2041260909,3041260909,0.09649325817594373,1.0899098162907186,1.087618666264409,0.013794129204267827,1.1879034076468677,-0.009391586822181842,0.01563053353140934,1.1829143632067718,0.0,6.550788018699905e-07,4249,0.005,1,1,0.927096426486969,1.0,-0.072903573513031,0.072903573513031,-1.0632140636444092,-1.0,-0.06321406364440918,0.06321406364440918,0.2912786925575579,0.6675140980254852,0.7266872897608712,0.67195725440979,fa81f54886af82178466459849652ec7ee6d0121e0bd9f9962c05d7674c5463c
2,additive,5,1000,800,200,10000,10000,0.5,608,41260909,41760909,1041760909,2041260909,3041260909,0.0937072357137939,1.136333985967708,1.1115564611775295,0.01267790895328155,1.291254927665259,-0.03418753511651379,0.05243757064232166,1.2355577663855128,0.0,5.926314532445076e-07,4256,0.005,1,1,0.9270287752151489,1.0,-0.07297122478485107,0.07297122478485107,-1.058789849281311,-1.0,-0.058789849281311035,0.058789849281311035,0.2861223198236174,0.6845270152759528,0.7295407830066698,0.6863093376159668,6b0790d2063624b475fd11ff65c2fa37bb7f610948b7f2c86debc546afdf5920
2,additive,5,1000,800,200,10000,10000,0.5,609,41260909,41760909,1041760909,2041260909,3041260909,0.09478366754495052,1.120747653987305,1.1036674815246594,0.012851199887068038,1.2560753039180477,-0.025422297015065643,0.040068982622448325,1.2180819097749844,0.0,6.553241220785821e-07,4263,0.005,1,1,0.9254723191261292,1.0,-0.07452768087387085,0.07452768087387085,-1.0585625171661377,-1.0,-0.058562517166137695,0.058562517166137695,0.2917231242304862,0.6828550365594381,0.7279551536619805,0.683497428894043,b8397be16729b55f37e7e5968852ae54847ca6d3229b16f25db81b178cc87a77
2,additive,5,1000,800,200,10000,10000,0.5,610,41260909,41760909,1041760909,2041260909,3041260909,0.09408606941130307,1.13712365582446,1.1197501885668428,0.01245917179808546,1.2930502086355848,-0.025834447819095215,0.03957757516918554,1.25384048479548,0.0,5.844595385440243e-07,4270,0.005,1,1,0.924850344657898,1.0,-0.07514965534210205,0.07514965534210205,-1.0566102266311646,-1.0,-0.05661022663116455,0.05661022663116455,0.28521925605587417,0.668957192551714,0.7326202436594029,0.6757868528366089,e16c2f98b84205c242dc53f2f3bb4a559998c0d8fb05dad197fff55a9aed1a34
2,additive,5,1000,800,200,10000,10000,0.5,611,41260909,41760909,1041760909,2041260909,3041260909,0.09435540382251342,1.1229947520055663,1.1096984051285501,0.012908457291848672,1.2611172130320432,-0.02129755998952207,0.03343348644475531,1.2314305503448475,-2.220446049250313e-16,6.791719844301269e-07,4277,0.005,1,1,0.9268624186515808,1.0,-0.07313758134841919,0.07313758134841919,-1.0596140623092651,-1.0,-0.05961406230926514,0.05961406230926514,0.2835609393311183,0.6688821874894009,0.7300128258335447,0.6722599267959595,8c13bde5198654f8d9692e2bc668876eb9d41132de9917e60e2651acdd0d2b75
2,additive,5,1000,800,200,10000,10000,0.5,612,41260909,41760909,1041760909,2041260909,3041260909,0.09243280222002241,1.1385617662827667,1.1164038011812634,0.01264083970158605,1.2963228956409336,-0.031303144025273115,0.04782889423148449,1.2463574472919736,2.220446049250313e-16,6.830529493129234e-07,4284,0.005,1,1,0.930046021938324,1.0,-0.06995397806167603,0.06995397806167603,-1.0604174137115479,-1.0,-0.06041741371154785,0.06041741371154785,0.286809254245959,0.6765989229393083,0.7310120144826903,0.6819624900817871,3985345713fd541b495611fd0ce44a11b5991431fd5e8e227dba84ae16696031
2,additive,5,1000,800,200,10000,10000,0.5,613,41260909,41760909,1041760909,2041260909,3041260909,0.0956968286738719,1.131779102291016,1.110239780715492,0.013434122669689762,1.280923936382658,-0.03086284418458199,0.047688263643489714,1.2326323706831837,0.0,6.601659237048807e-07,4291,0.005,1,1,0.9268109202384949,1.0,-0.07318907976150513,0.07318907976150513,-1.0616542100906372,-1.0,-0.06165421009063721,0.06165421009063721,0.2847610337292981,0.6700617052308186,0.7308909153908486,0.6682910323143005,d7dc405229c4a644d5730baba18b144f8317f2b380145d1e8eed672f1ae09ebd
2,additive,5,1000,800,200,10000,10000,0.5,614,41260909,41760909,1041760909,2041260909,3041260909,0.09833437082779953,1.1066975494535753,1.0968319765994947,0.013991666993910462,1.2247794659665487,-0.017865374034652222,0.028843704150510706,1.2030403848911546,0.0,6.466450503950227e-07,4298,0.005,1,1,0.923608124256134,1.0,-0.07639187574386597,0.07639187574386597,-1.0619187355041504,-1.0,-0.06191873550415039,0.06191873550415039,0.2794468623361909,0.6617483991931098,0.7279578694782578,0.6633922457695007,760377bd80196d46c95cc1ee2ca2ad2f635df76326a78e95861c3a761845861b
2,additive,5,1000,800,200,10000,10000,0.5,615,41260909,41760909,1041760909,2041260909,3041260909,0.09612777220011068,1.1117717837642376,1.0971734227354428,0.013350608094830733,1.2360364991743147,-0.02279879385606934,0.036495964658866904,1.2037895195570067,0.0,6.79695910221767e-07,4305,0.005,1,1,0.9251999258995056,1.0,-0.07480007410049438,0.07480007410049438,-1.0603779554367065,-1.0,-0.06037795543670654,0.06037795543670654,0.2761480937270917,0.6756154390602062,0.7280830786803628,0.6792639493942261,b72da477896eebfe5c7b445f6cb9b78929cba966a0dce1bbda8dbd0a31d21301
2,additive,5,1000,800,200,10000,10000,0.5,616,41260909,41760909,1041760909,2041260909,3041260909,0.09106168286831255,1.1441399457462709,1.1222185523832549,0.011903005535996186,1.3090562154522796,-0.030792370837553863,0.046621228495632966,1.2593744793131683,2.220446049250313e-16,6.348706289571737e-07,4312,0.005,1,1,0.9286537170410156,1.0,-0.07134628295898438,0.07134628295898438,-1.056585669517517,-1.0,-0.05658566951751709,0.05658566951751709,0.2853865852515176,0.6826962047533073,0.732772753011925,0.6848190426826477,243b8e9aebf9c63f73d47e6198a767329a4a1b2424ca58e0fd4cbc746aba226a
2,additive,5,1000,800,200,10000,10000,0.5,617,41260909,41760909,1041760909,2041260909,3041260909,0.09034630183939706,1.1272254514206472,1.1101733866404624,0.011680130222116288,1.270637218330482,-0.024916200073922073,0.03886120717628279,1.2324849484047538,-4.440892098500626e-16,6.535719112576999e-07,4319,0.005,1,1,0.9289863705635071,1.0,-0.07101362943649292,0.07101362943649292,-1.0558526515960693,-1.0,-0.055852651596069336,0.055852651596069336,0.2813458796744582,0.6683194385025106,0.7281466035319721,0.6705037355422974,9c854c9167a2b7c7db55f79fcdbd846ebf1181bc22f3db0790482d63d8197584
2,additive,5,1000,800,200,10000,10000,0.5,618,41260909,41760909,1041760909,2041260909,3041260909,0.09610945463652133,1.083381935774872,1.0915167635795098,0.013046593918717942,1.173716418763309,0.0023229162465303057,-0.003914709544714623,1.1914088451750875,0.0,5.763059682806215e-07,4326,0.005,1,1,0.9234856367111206,1.0,-0.0765143632888794,0.0765143632888794,-1.0581599473953247,-1.0,-0.05815994739532471,0.05815994739532471,0.3130110806539,0.6599845083964289,0.729075219158226,0.6640599966049194,5268b2d0886d5335780dad701a4253c3f709bd1e8b9f73afce99dad498fcc5e5
2,additive,5,1000,800,200,10000,10000,0.5,619,41260909,41760909,1041760909,2041260909,3041260909,0.09483118715063799,1.1021452967486243,1.096986917661981,0.012639357852300642,1.214724255145113,-0.011991657737939643,0.0195405136847004,1.2033802975215342,-2.220446049250313e-16,6.981747198153698e-07,4333,0.005,1,1,0.9241562485694885,1.0,-0.07584375143051147,0.07584375143051147,-1.056926965713501,-1.0,-0.05692696571350098,0.05692696571350098,0.2864881986624135,0.6644090622275174,0.7277869195597692,0.6679449081420898,2ac6ced69a5e6bd5699a1e59f2dca2b73f95040da20a7cfd7ddaf1008b56c949
2,additive,5,1000,800,200,10000,10000,0.5,620,41260909,41760909,1041760909,2041260909,3041260909,0.09103625287663991,1.1081392085915074,1.0984670642704943,0.011634206178646387,1.2279725056178121,-0.01648841025471007,0.02660264759427576,1.2066298912870381,-2.220446049250313e-16,5.872576700483023e-07,4340,0.005,1,1,0.9271124601364136,1.0,-0.07288753986358643,0.07288753986358643,-1.0545436143875122,-1.0,-0.05454361438751221,0.05454361438751221,0.29380872720566686,0.6705751513010094,0.7280758379745171,0.6717276573181152,da468d4e8dcc47cda551c2a9e39d00b4a1233ff4c91191f74a6eb123d9ff7d91
2,additive,5,1000,800,200,10000,10000,0.5,621,41260909,41760909,1041760909,2041260909,3041260909,0.09287057912909029,1.1239430916949462,1.1141929393892176,0.012151267182639994,1.2632480733687943,-0.016986717183324937,0.026637487794184563,1.2414259061847845,0.0,6.15551442706419e-07,4347,0.005,1,1,0.92588871717453,1.0,-0.07411128282546997,0.07411128282546997,-1.0559684038162231,-1.0,-0.055968403816223145,0.055968403816223145,0.2868211312389138,0.6751557199498643,0.7328845225196785,0.6817675232887268,26835c289e47a8729b1d80187c6419e3b010edb239d765c786c65eb87e67ea2b
2,additive,5,1000,800,200,10000,10000,0.5,622,41260909,41760909,1041760909,2041260909,3041260909,0.09054865594042906,1.1374110522407817,1.1166646760552588,0.011765547144723446,1.2937039017594822,-0.029264725077304682,0.04483402518820968,1.2469399987495962,-2.220446049250313e-16,5.760674941512889e-07,4354,0.005,1,1,0.9290324449539185,1.0,-0.07096755504608154,0.07096755504608154,-1.0562375783920288,-1.0,-0.05623757839202881,0.05623757839202881,0.2859681424239995,0.6835816301835235,0.7309688812573704,0.6856179237365723,3f00ae6d0b9578a557a811bc62a8d0252e7a88b2d093e72c5a0740a26070bdd5
2,additive,5,1000,800,200,10000,10000,0.5,623,41260909,41760909,1041760909,2041260909,3041260909,0.0908918736302586,1.144385137522143,1.121911289157173,0.012027498970604811,1.3096173429815743,-0.03147995060693477,0.047637534090378277,1.2586849407383096,0.0,6.749670671268859e-07,4361,0.005,1,1,0.9298704266548157,1.0,-0.07012957334518433,0.07012957334518433,-1.057820200920105,-1.0,-0.05782020092010498,0.05782020092010498,0.285564628524728,0.6836308693445123,0.7324362310946475,0.6875181198120117,bbca20b292291daed548a97b2bd31020a6b5b213036b7490eb05c8c5679e8072
2,additive,5,1000,800,200,10000,10000,0.5,624,41260909,41760909,1041760909,2041260909,3041260909,0.09280871429344778,1.1894234780124981,1.1649630873906085,0.012514014019653805,1.4147282100473475,-0.035051614542171504,0.04911796183031931,1.3571389949826584,2.220446049250313e-16,6.577817135422492e-07,4368,0.005,1,1,0.9282228946685791,1.0,-0.0717771053314209,0.0717771053314209,-1.0588345527648926,-1.0,-0.05883455276489258,0.05883455276489258,0.30018000571559705,0.6982926882474271,0.7450804207722542,0.7021274566650391,f75bae6f2c42a22c1a8710631739395f6594ad277ce9b5cc48c129b4c5002750
2,additive,5,1000,800,200,10000,10000,0.5,625,41260909,41760909,1041760909,2041260909,3041260909,0.09405766212811396,1.2073771899337677,1.1749740120497534,0.01290491000044989,1.4577596787723617,-0.04505032989025865,0.06126526773565775,1.380563928992294,-2.220446049250313e-16,6.406294588146011e-07,4375,0.005,1,1,0.927588164806366,1.0,-0.07241183519363403,0.07241183519363403,-1.060028076171875,-1.0,-0.060028076171875,0.060028076171875,0.304906151281711,0.6971952628968802,0.7461192761126564,0.6987344026565552,053813b414aa51c1359679d9282b2f775e6868bc40e509c095f729b82627b0de
2,additive,5,1000,800,200,10000,10000,0.5,626,41260909,41760909,1041760909,2041260909,3041260909,0.09585858804347346,1.1668295917225997,1.1405501893516818,0.013481491503423211,1.361491296119529,-0.03705902659639721,0.05390510551189122,1.3008547344301575,0.0,6.4238975916453e-07,4382,0.005,1,1,0.9266996383666992,1.0,-0.07330036163330078,0.07330036163330078,-1.0617731809616089,-1.0,-0.06177318096160889,0.06177318096160889,0.2882344956264433,0.6857814743739299,0.7361896425909462,0.6865963339805603,0fa95823c67b047aca711c851d8ce46e992fa9b3f3fdaeaf1bd134468bbbd737
2,additive,5,1000,800,200,10000,10000,0.5,627,41260909,41760909,1041760909,2041260909,3041260909,0.09588202774582899,1.1588903738681602,1.1447276935473036,0.013578283587090052,1.343026898644284,-0.023101844928622356,0.03405831738107315,1.3104014923741296,2.220446049250313e-16,6.581314551112882e-07,4389,0.005,1,1,0.9272769093513489,1.0,-0.07272309064865112,0.07272309064865112,-1.0624877214431763,-1.0,-0.06248772144317627,0.06248772144317627,0.28527122150293266,0.6835515651791492,0.7401468006820465,0.6875925064086914,3553f9c36d2cacd7baca61a8c72d3881e221e03e1d314e8f8fea28eca55acd18
2,additive,5,1000,800,200,10000,10000,0.5,628,41260909,41760909,1041760909,2041260909,3041260909,0.09136673221625903,1.1837578001992184,1.1550714764142487,0.012279568490794226,1.4012825295324929,-0.039685991198747265,0.0561503329132039,1.3341901156257923,-2.220446049250313e-16,7.081058726043921e-07,4396,0.005,1,1,0.9303534626960754,1.0,-0.06964653730392456,0.06964653730392456,-1.0591374635696411,-1.0,-0.05913746356964111,0.05913746356964111,0.2909061976071852,0.6939155316802571,0.7419829554132623,0.6985328197479248,cf3fcf8b24699eb99c6a0f10bb164e8d4b7d4815641950f45723757f3a6ab926
2,additive,5,1000,800,200,10000,10000,0.5,629,41260909,41760909,1041760909,2041260909,3041260909,0.09142041822748224,1.1568968664336943,1.1320510361304048,0.012381736350275794,1.3384103595641008,-0.034626273755226686,0.051268102411848225,1.2815395484039231,-2.220446049250313e-16,7.067662579629541e-07,4403,0.005,1,1,0.9309280514717102,1.0,-0.0690719485282898,0.0690719485282898,-1.059889554977417,-1.0,-0.05988955497741699,0.05988955497741699,0.27933710433767067,0.6839146844849712,0.7362951276081884,0.6866024732589722,b0d6bc67c7d2052125c0d0c2f1bce49466192e972926262c598a985122d5daef
2,additive,5,1000,800,200,10000,10000,0.5,630,41260909,41760909,1041760909,2041260909,3041260909,0.08990010650886462,1.1926231011422144,1.1683282527174608,0.012077858143205781,1.4223498613780723,-0.03471840671172176,0.04840732821770704,1.3649909060978347,2.220446049250313e-16,6.648567634215397e-07,4410,0.005,1,1,0.9328524470329285,1.0,-0.06714755296707153,0.06714755296707153,-1.0597765445709229,-1.0,-0.05977654457092285,0.05977654457092285,0.299099922278409,0.6900466316157828,0.7452388828194941,0.692557692527771,12ab710e64f9248df2fa9aa50abb3fe5d017959cca5402bc5c7140c752d04858
2,additive,5,1000,800,200,10000,10000,0.5,631,41260909,41760909,1041760909,2041260909,3041260909,0.08734160033821482,1.1749400103005023,1.149286906620068,0.011571600267547376,1.3804840278049446,-0.03559761717208361,0.051143957833601525,1.3208603937283245,-2.220446049250313e-16,7.134269424113882e-07,4417,0.005,1,1,0.9361599087715149,1.0,-0.06384009122848511,0.06384009122848511,-1.0596070289611816,-1.0,-0.05960702896118164,0.05960702896118164,0.2841420561499983,0.6908033405017774,0.741992834633144,0.6898986101150513,096335db2c5a024e3c4789a31b4f0f46cd825d9574603698b365fdb29566657f
2,additive,5,1000,800,200,10000,10000,0.5,632,41260909,41760909,1041760909,2041260909,3041260909,0.08924598603253085,1.1248411115094898,1.1090762487216204,0.012113417293691702,1.2652675261419044,-0.02366540897858736,0.03705301711318436,1.2300501254784215,2.220446049250313e-16,7.00226523875358e-07,4424,0.005,1,1,0.9350338578224182,1.0,-0.06496614217758179,0.06496614217758179,-1.0611902475357056,-1.0,-0.061190247535705566,0.061190247535705566,0.27131530294644013,0.6700419448459397,0.7308799397174487,0.66975337266922,8f6008847a91ec98033e9ee45c42e6a97b70d7d30a173b4b9db0cc97b8223cd1
2,additive,5,1000,800,200,10000,10000,0.5,633,41260909,41760909,1041760909,2041260909,3041260909,0.08884745172701174,1.128359227437672,1.1161247884393328,0.011814139218049288,1.27319454614374,-0.01963707099652187,0.030563328046289633,1.2457345433687452,-2.220446049250313e-16,5.883339468937265e-07,4431,0.005,1,1,0.933773398399353,1.0,-0.06622660160064697,0.06622660160064697,-1.0592275857925415,-1.0,-0.059227585792541504,0.059227585792541504,0.26859410923741917,0.6753950924039649,0.7328369130225312,0.6819419860839844,3c5e5ec1b8c0a7aa8ed067d9ececafaee0dc1ee464b0eee6394ba780cefb23fe
2,additive,5,1000,800,200,10000,10000,0.5,634,41260909,41760909,1041760909,2041260909,3041260909,0.09134185428528875,1.1068616315001991,1.0990086503174468,0.012215208441596988,1.2251426712872824,-0.014768933128151597,0.02387172437352992,1.207820013472576,0.0,5.821468995748091e-07,4438,0.005,1,1,0.9299787282943726,1.0,-0.07002127170562744,0.07002127170562744,-1.058654546737671,-1.0,-0.0586545467376709,0.0586545467376709,0.2770292357703959,0.6758410876620892,0.7298837789783592,0.6781356930732727,d86f54869bdaeeae5a22c91d9d15d086ec620709aead6940f50ea89e9a7fcbc1
2,additive,5,1000,800,200,10000,10000,0.5,635,41260909,41760909,1041760909,2041260909,3041260909,0.08946135013778056,1.1427141490708241,1.1257770115479309,0.011861658311912647,1.3057956264866575,-0.02514170253438992,0.03816121661442994,1.2673738797297902,0.0,5.833560727808162e-07,4445,0.005,1,1,0.9324439764022827,1.0,-0.06755602359771729,0.06755602359771729,-1.0586473941802979,-1.0,-0.05864739418029785,0.05864739418029785,0.27388830705993394,0.6746698678296841,0.7343897255879404,0.6791405081748962,2aaaf186004339b48fe6a9885c3ee6a71fc12e70f5fb88a8b1b1384a54f89445
2,additive,5,1000,800,200,10000,10000,0.5,636,41260909,41760909,1041760909,2041260909,3041260909,0.09022110631979574,1.1684045752869847,1.151661567694663,0.012167762956123094,1.365169251551559,-0.025506324001376514,0.03703715754781126,1.326324366504929,0.0,6.140871064985731e-07,4452,0.005,1,1,0.9326391816139221,1.0,-0.06736081838607788,0.06736081838607788,-1.0600197315216064,-1.0,-0.060019731521606445,0.060019731521606445,0.2982810113924861,0.6832929314973453,0.743023417098826,0.6883995532989502,0414b67d75726f5b0c25bcdf3ed391b14b1595338df6ac556e88e8c26d6d2a7f
2,additive,5,1000,800,200,10000,10000,0.5,637,41260909,41760909,1041760909,2041260909,3041260909,0.09282057247331091,1.1476726523902334,1.1275235560707477,0.013199595858131692,1.3171525170444336,-0.029521371704070418,0.044381290363286786,1.2713093694944244,0.0,6.118522772879942e-07,4459,0.005,1,1,0.9332337379455566,1.0,-0.06676626205444336,0.06676626205444336,-1.0644819736480713,-1.0,-0.06448197364807129,0.06448197364807129,0.2978584565823636,0.6970898162242389,0.7369229978596635,0.694139301776886,e57f6ac88ec66618d43f65c8f3f78ba1abede3660d002aa23740ffaa95b10e73
2,additive,5,1000,800,200,10000,10000,0.5,638,41260909,41760909,1041760909,2041260909,3041260909,0.09045828296668715,1.1449112087492181,1.1304937400359123,0.012785805872525847,1.3108216759195956,-0.022795692765868358,0.034444792855059615,1.2780160962603848,0.0,6.890596395692228e-07,4466,0.005,1,1,0.9372759461402893,1.0,-0.0627240538597107,0.0627240538597107,-1.065179705619812,-1.0,-0.06517970561981201,0.06517970561981201,0.2813637653023514,0.6675956122875328,0.7372518209465072,0.6724389791488647,0348137c506d57123b0a525e83c1789738c1bfc842d3b96581a799659e24541e
2,additive,5,1000,800,200,10000,10000,0.5,639,41260909,41760909,1041760909,2041260909,3041260909,0.08921597065143685,1.134257235211263,1.1167367958528163,0.012497722736919493,1.2865394756290984,-0.025968063577201668,0.03998047724863516,1.2471010712116146,2.220446049250313e-16,5.900447828111055e-07,4473,0.005,1,1,0.9387732744216919,1.0,-0.061226725578308105,0.061226725578308105,-1.0648905038833618,-1.0,-0.06489050388336182,0.06489050388336182,0.27632066605650235,0.675186354574534,0.7319896374861692,0.6779345273971558,fa7bec00c08d8d68fe317b485718fb84183c2f85d05614d0af2f33a3639f6fe9
2,additive,5,1000,800,200,10000,10000,0.5,640,41260909,41760909,1041760909,2041260909,3041260909,0.09039683705996851,1.1561216353340622,1.1369535862286342,0.012756483051974367,1.3366172356875063,-0.028355130750664353,0.04202709798906167,1.2926634572381521,0.0,6.322118686341582e-07,4480,0.005,1,1,0.9371979236602783,1.0,-0.06280207633972168,0.06280207633972168,-1.065019130706787,-1.0,-0.06501913070678711,0.06501913070678711,0.2729149764784187,0.6841481086481963,0.7386801783159531,0.6890159845352173,77ed1c86593610a3b2334ad2561a9889e2d0489323baa7112023bf4ce907eb13
2,additive,5,1000,800,200,10000,10000,0.5,641,41260909,41760909,1041760909,2041260909,3041260909,0.0930976175537804,1.1847419392028191,1.16668510740532,0.013448104238676007,1.4036134625060561,-0.02795371345168464,0.039453068388411366,1.361154139841363,0.0,5.87003187391133e-07,4487,0.005,1,1,0.9345406293869019,1.0,-0.06545937061309814,0.06545937061309814,-1.066198468208313,-1.0,-0.06619846820831299,0.06619846820831299,0.2947810379723763,0.6805549821378598,0.7437043027081737,0.6845602989196777,324b01ded94953352aa84ff9a1b450928d5f8bba5ee31ede0458e1d879b96f1e
2,additive,5,1000,800,200,10000,10000,0.5,642,41260909,41760909,1041760909,2041260909,3041260909,0.09162778900834824,1.1605417146817043,1.1386091981648538,0.012915213156118259,1.3468570715163506,-0.031670689263428815,0.04658234267667457,1.2964309061456112,0.0,6.311183788909602e-07,4494,0.005,1,1,0.9345526695251465,1.0,-0.06544733047485352,0.06544733047485352,-1.0641272068023682,-1.0,-0.06412720680236816,0.06412720680236816,0.2898629360654392,0.6819399684743314,0.7365141515472955,0.6864007711410522,a2abdcf6fce4db689573a3441147da78bcb04e68a4cf676d633457398c670059
2,additive,5,1000,800,200,10000,10000,0.5,643,41260909,41760909,1041760909,2041260909,3041260909,0.09639317779010073,1.1373169561608694,1.1253936919931604,0.014305581760262283,1.2934898587710246,-0.020642239276645234,0.031567993949052776,1.2665109619779964,0.0,6.549036442038414e-07,4501,0.005,1,1,0.9312507510185242,1.0,-0.06874924898147583,0.06874924898147583,-1.067566156387329,-1.0,-0.0675661563873291,0.0675661563873291,0.27587525537572705,0.6781589620634952,0.7346402207258368,0.6796936392784119,20d8942d3749ae47e7d5588b15a52fa670489847be3770011133d7b921335477
2,additive,5,1000,800,200,10000,10000,0.5,644,41260909,41760909,1041760909,2041260909,3041260909,0.09547952833396768,1.1368736194373703,1.1290706445700396,0.014146023461797424,1.2924816265726269,-0.01591356480230974,0.024358224474876962,1.2748005204298045,-2.220446049250313e-16,6.189390084898605e-07,4508,0.005,1,1,0.9328746795654297,1.0,-0.06712532043457031,0.06712532043457031,-1.0679008960723877,-1.0,-0.0679008960723877,0.0679008960723877,0.2818380664594681,0.6715043611856353,0.7376858862384293,0.6776982545852661,b8dae2e0c9b98b2961f9d595ef42cdcbf1b8495285fc35989f4394cf20989460
2,additive,5,1000,800,200,10000,10000,0.5,645,41260909,41760909,1041760909,2041260909,3041260909,0.09256513801977662,1.1156859204094915,1.1130589774617228,0.013464550041739878,1.2447550729999743,-0.00965966786678922,0.015354502012037004,1.238900287308136,2.220446049250313e-16,6.391801683491849e-07,4515,0.005,1,1,0.9365875124931335,1.0,-0.06341248750686646,0.06341248750686646,-1.0674326419830322,-1.0,-0.06743264198303223,0.06743264198303223,0.29312068116995177,0.6757264925480778,0.7324309872712235,0.6771095991134644,3154386a824a2605f05d55a3e9b4977608dcd56536dfa3048fe463fae6991fcf
2,additive,5,1000,800,200,10000,10000,0.5,646,41260909,41760909,1041760909,2041260909,3041260909,0.09307007969865523,1.1105696865602224,1.1124119213105383,0.013606535247511929,1.2333650287064706,-0.00475564064008946,0.007627504551924104,1.2374602826738035,0.0,6.102254594964052e-07,4522,0.005,1,1,0.9361867904663086,1.0,-0.0638132095336914,0.0638132095336914,-1.0677489042282104,-1.0,-0.06774890422821045,0.06774890422821045,0.2865179277364684,0.6683769063483915,0.733273895771011,0.6723380088806152,e377465b133d70bc9d53383ff0269a2f49d7668563eee21dc388782059237ea3
2,additive,5,1000,800,200,10000,10000,0.5,647,41260909,41760909,1041760909,2041260909,3041260909,0.09347592923025876,1.129513031037777,1.1177115452351767,0.01373691576433838,1.2757996872841462,-0.02012875234823903,0.031218582397202762,1.2492790983520063,0.0,6.713371440980609e-07,4529,0.005,1,1,0.936026394367218,1.0,-0.06397360563278198,0.06397360563278198,-1.0681551694869995,-1.0,-0.06815516948699951,0.06815516948699951,0.2684802540554102,0.6734728944507942,0.7337674221225745,0.677020788192749,a2372af25716d1280f68e15881a6a33a9b6bc16d8579a7bde6487359671725aa
2,additive,5,1000,800,200,10000,10000,0.5,648,41260909,41760909,1041760909,2041260909,3041260909,0.09293646284276608,1.1101858092006138,1.1079473686670525,0.013578041048706944,1.232512530950422,-0.009271600131441739,0.014881101486173866,1.2275473717362453,0.0,5.932797684238267e-07,4536,0.005,1,1,0.9363875389099121,1.0,-0.06361246109008789,0.06361246109008789,-1.0677542686462402,-1.0,-0.06775426864624023,0.06775426864624023,0.2949388640125902,0.6709883169972579,0.7324024764195342,0.6722607612609863,0dd1f758738ee264fa104a8f1da9ea15b316312f4f4421c5fc9e5b65d71bfdf0
2,additive,5,1000,800,200,10000,10000,0.5,649,41260909,41760909,1041760909,2041260909,3041260909,0.09466221992084377,1.0920579677464652,1.0984237296869128,0.014121596919194627,1.1925906049185395,-8.875594921303769e-05,0.00014710375693204874,1.2065346899393083,4.440892098500626e-16,6.480688679033619e-07,4543,0.005,1,1,0.9355631470680237,1.0,-0.06443685293197632,0.06443685293197632,-1.0693457126617432,-1.0,-0.06934571266174316,0.06934571266174316,0.29917169952066985,0.6758339162128916,0.7310104873864269,0.6800884008407593,22f6a7bc8431f016fa794a88cf42365be239adc02468ee38dfb1c16e7f013465
2,additive,5,1000,800,200,10000,10000,0.5,650,41260909,41760909,1041760909,2041260909,3041260909,0.09280332825466664,1.10623437527691,1.1163178653962944,0.013705423070245519,1.223754493044295,0.004352830244199325,-0.0070351050365601055,1.2461655766029391,0.0,6.107357322093776e-07,4550,0.005,1,1,0.9383144974708557,1.0,-0.06168550252914429,0.06168550252914429,-1.0693351030349731,-1.0,-0.06933510303497314,0.06933510303497314,0.3067017778063802,0.6690585763088037,0.7364184929652487,0.6729991436004639,c072df7dfa8e5bdba5b8191e05d6c0cd98d8147b0884ff00f600a4b245b5a129
2,additive,5,1000,800,200,10000,10000,0.5,651,41260909,41760909,1041760909,2041260909,3041260909,0.08992051406277586,1.1217372750128507,1.1195841360967902,0.012907146155874367,1.258294514153256,-0.008866511254767255,0.013949810689534657,1.253468637799596,2.220446049250313e-16,6.253805349132335e-07,4557,0.005,1,1,0.9407243728637695,1.0,-0.05927562713623047,0.05927562713623047,-1.0676172971725464,-1.0,-0.06761729717254639,0.06761729717254639,0.2993025359249697,0.67390487636302,0.7344118117267422,0.6735806465148926,d4a9b93c23e90f70c0468093c2be9bef6d6cb8dc8986182f74fbcd697daf3aa2
2,additive,5,1000,800,200,10000,10000,0.5,652,41260909,41760909,1041760909,2041260909,3041260909,0.08950351503845431,1.1206643480142957,1.1156932038765894,0.0126676611401705,1.2558885809103064,-0.011892458437033761,0.018749595867836262,1.2447713251764092,-2.220446049250313e-16,6.69774090411579e-07,4564,0.005,1,1,0.9395598769187927,1.0,-0.060440123081207275,0.060440123081207275,-1.0660141706466675,-1.0,-0.06601417064666748,0.06601417064666748,0.2803203288892896,0.6694798139325385,0.7331934911487648,0.6714316606521606,4e0b312f9ac5a680d78d9412ef17677810f89a30b36415db1af190ed7ba7f7cb
2,additive,5,1000,800,200,10000,10000,0.5,653,41260909,41760909,1041760909,2041260909,3041260909,0.08887586533970583,1.129538323797334,1.1187601895073045,0.012451190294101688,1.275856824926891,-0.01834182679728626,0.028474288105923107,1.25162436162642,-2.220446049250313e-16,5.612748044114824e-07,4571,0.005,1,1,0.9395378828048706,1.0,-0.060462117195129395,0.060462117195129395,-1.0651402473449707,-1.0,-0.0651402473449707,0.0651402473449707,0.27281901323518293,0.6720165749217983,0.7337965336358122,0.6738959550857544,1848254653ced6b3705657a872725169febb1bf5b46687b1baa6d611b54cba2b
2,additive,5,1000,800,200,10000,10000,0.5,654,41260909,41760909,1041760909,2041260909,3041260909,0.08817675694745811,1.1971678830964372,1.173593383829338,0.012365603006001945,1.4332109403176048,-0.034127556377805436,0.047216533134026704,1.3773214305679957,-2.220446049250313e-16,7.033476254747484e-07,4578,0.005,1,1,0.9412990212440491,1.0,-0.05870097875595093,0.05870097875595093,-1.0657976865768433,-1.0,-0.06579768657684326,0.06579768657684326,0.2832982937191249,0.7006923757232287,0.7469269722234463,0.7060448527336121,04de85a052add07d7432ac8f9260f35a78478444148cfd2b98738be0baa41aff
2,additive,5,1000,800,200,10000,10000,0.5,655,41260909,41760909,1041760909,2041260909,3041260909,0.09053327749091791,1.1452175492235699,1.1365703321871417,0.0129668230718203,1.3115232350496395,-0.01634896905673529,0.024687190298616858,1.2917921200079894,2.220446049250313e-16,6.294755507951777e-07,4585,0.005,1,1,0.9389322400093079,1.0,-0.06106775999069214,0.06106775999069214,-1.066835641860962,-1.0,-0.06683564186096191,0.06683564186096191,0.2869579830897617,0.6834439213868176,0.7405686216494884,0.6880999803543091,cb612090b8c4768e4f5d2d6396e6b10c214d0926d89b815769f062ee0a8512ab
2,additive,5,1000,800,200,10000,10000,0.5,656,41260909,41760909,1041760909,2041260909,3041260909,0.08720624735432878,1.1504997448986911,1.1315947381098315,0.012068485209117566,1.3236496630119532,-0.027605748451606228,0.04133469098757395,1.2805066513178582,0.0,5.931608537679267e-07,4592,0.005,1,1,0.9416207075119019,1.0,-0.058379292488098145,0.058379292488098145,-1.0647826194763184,-1.0,-0.06478261947631836,0.06478261947631836,0.2813587783519234,0.684027839684137,0.7370355232374174,0.6821703314781189,b733ae39b7118758beedea59afa158b37303245180682f71c0183df6a661b520
2,additive,5,1000,800,200,10000,10000,0.5,657,41260909,41760909,1041760909,2041260909,3041260909,0.08478590055476115,1.1723826050848376,1.151503037902609,0.011524673557720438,1.3744809727055103,-0.030023199982146677,0.04332334440785483,1.3259592462989374,0.0,5.878268911629903e-07,4599,0.005,1,1,0.9447864294052124,1.0,-0.0552135705947876,0.0552135705947876,-1.0643436908721924,-1.0,-0.06434369087219238,0.06434369087219238,0.2719980930719677,0.6894617916854741,0.7424570269208501,0.6922401189804077,c73881c8accab0cc3d4026d97bb833bd4ef0f2c652268f12cb659ce8d4739a23
2,additive,5,1000,800,200,10000,10000,0.5,658,41260909,41760909,1041760909,2041260909,3041260909,0.08589779605937503,1.1961610194655599,1.1726167381741295,0.011832113973684288,1.4308011844888873,-0.0338016419082183,0.04686103106623289,1.3750300146461352,2.220446049250313e-16,7.036524891645968e-07,4606,0.005,1,1,0.9441066384315491,1.0,-0.05589336156845093,0.05589336156845093,-1.0652254819869995,-1.0,-0.06522548198699951,0.06522548198699951,0.28162553338904334,0.6912261868679235,0.7466614442608299,0.6917978525161743,0ea052b7e163f5580ddec1c5c1a3ac19b339dfde66aa6756e335fbcc03bcacf5
2,additive,5,1000,800,200,10000,10000,0.5,659,41260909,41760909,1041760909,2041260909,3041260909,0.0884175276078833,1.1088587014961482,1.1056359533210525,0.012457725326732842,1.2295676198837238,-0.009797241967151966,0.015776235170936643,1.2224308612761527,0.0,5.904696305236712e-07,4613,0.005,1,1,0.9414423704147339,1.0,-0.05855762958526611,0.05855762958526611,-1.0662469863891602,-1.0,-0.06624698638916016,0.06624698638916016,0.2790746427500735,0.6685513307508145,0.7315345589576974,0.6711651682853699,15e8ffacb607e449ec9400729927441b6163707c9ac706547d3cbf09260b9edf
2,additive,5,1000,800,200,10000,10000,0.5,660,41260909,41760909,1041760909,2041260909,3041260909,0.08587880681482088,1.1660948561695665,1.1457379922391484,0.011638948084543339,1.3597772135851218,-0.029350307404735123,0.04280291894621083,1.312715546860195,0.0,7.055053607984973e-07,4620,0.005,1,1,0.9417315125465393,1.0,-0.05826848745346069,0.05826848745346069,-1.0630868673324585,-1.0,-0.0630868673324585,0.0630868673324585,0.2742388152534361,0.6949085562163038,0.7401523545293841,0.6970874071121216,5b1cfebc62caf260d19fe3b347337ec0d4da31f6755f5ffb39f1064968cd498c
2,additive,5,1000,800,200,10000,10000,0.5,661,41260909,41760909,1041760909,2041260909,3041260909,0.08582351584573297,1.142768477134514,1.1277184486887848,0.011650924619931297,1.3059197923323358,-0.022910908719613935,0.03477750138923883,1.2717488995130393,2.220446049250313e-16,6.359396884647595e-07,4627,0.005,1,1,0.942086935043335,1.0,-0.05791306495666504,0.05791306495666504,-1.0633383989334106,-1.0,-0.06333839893341064,0.06333839893341064,0.26917830573962026,0.6879731623071484,0.7360490867827242,0.6880005598068237,d19a8c101ed91348993ef4e18ee5f66bcae060b80856c3adc72748e15aaaf035
2,additive,5,1000,800,200,10000,10000,0.5,662,41260909,41760909,1041760909,2041260909,3041260909,0.08324703671265428,1.1532150069227256,1.1390274106714193,0.011063993992373159,1.3299048521917822,-0.021792701961658785,0.032502920591588436,1.297383442260838,2.220446049250313e-16,6.408796373591485e-07,4634,0.005,1,1,0.9451448917388916,1.0,-0.0548551082611084,0.0548551082611084,-1.0626177787780762,-1.0,-0.06261777877807617,0.06261777877807617,0.27200810850060414,0.6909029343313035,0.7391729086579993,0.6929754614830017,9c550e30a76fb0a18a2ebdef432fc42c1f31666e14250de64395dceb3229bdfd
2,additive,5,1000,800,200,10000,10000,0.5,663,41260909,41760909,1041760909,2041260909,3041260909,0.07893100794494987,1.1386004800887655,1.1296439130918878,0.010068509926676654,1.296411053258367,-0.01519209639974569,0.02325653891241765,1.2760953703855524,2.220446049250313e-16,7.025507393620956e-07,4641,0.005,1,1,0.9498856663703918,1.0,-0.050114333629608154,0.050114333629608154,-1.0609807968139648,-1.0,-0.060980796813964844,0.060980796813964844,0.27490050150000683,0.6855757306955368,0.7362869203444493,0.6856637001037598,230f52d2d742a803f2f67cfacdc88ae878a5794b388dd7b8e8460a432531ef24
2,additive,5,1000,800,200,10000,10000,0.5,664,41260909,41760909,1041760909,2041260909,3041260909,0.07580681110317358,1.171632943320067,1.1617638547364626,0.009407777490674181,1.3727237538728434,-0.016218138595696506,0.02346829983640817,1.3496952541721245,0.0,6.226748077153843e-07,4648,0.005,1,1,0.954261302947998,1.0,-0.04573869705200195,0.04573869705200195,-1.0604536533355713,-1.0,-0.06045365333557129,0.06045365333557129,0.29118044552478023,0.6859725622517701,0.7463403744137131,0.6889508962631226,381ac1b38c29abce93ee28f6309ef9bb7a9e71848cce6f6f4750c1ef0ceebb1f
2,additive,5,1000,800,200,10000,10000,0.5,665,41260909,41760909,1041760909,2041260909,3041260909,0.07334365032715304,1.1460602744549597,1.1285929045856657,0.008884132801491177,1.3134541526837777,-0.024308170602079626,0.036765434184126436,1.2737219442811096,-2.220446049250313e-16,6.190874088929377e-07,4655,0.005,1,1,0.9578118324279785,1.0,-0.042188167572021484,0.042188167572021484,-1.059995412826538,-1.0,-0.059995412826538086,0.059995412826538086,0.2768169164787919,0.6907045762836,0.7365188233882236,0.6931003332138062,89805344c4875d0e022e2bf659db4efdb984ab68d2880cfc86f88656d143e959
2,additive,5,1000,800,200,10000,10000,0.5,666,41260909,41760909,1041760909,2041260909,3041260909,0.0752093028531323,1.128695023590332,1.118537094305201,0.009383527855385343,1.2739524562775797,-0.016105376398121415,0.025099236049244536,1.2511252313367223,0.0,6.423961664836497e-07,4662,0.005,1,1,0.9581134915351868,1.0,-0.04188650846481323,0.04188650846481323,-1.0624656677246094,-1.0,-0.062465667724609375,0.062465667724609375,0.2736513807901701,0.6779990226456738,0.7326639999718282,0.681376039981842,e5c8f79fe885595110a58b34f20167419077053317feb329f0442ac3d9bb005f
2,additive,5,1000,800,200,10000,10000,0.5,667,41260909,41760909,1041760909,2041260909,3041260909,0.07799838614189886,1.148290169274578,1.1430856484649543,0.010077957148405819,1.3185703128526387,-0.01100173513724986,0.01656079398235503,1.306644799726545,2.220446049250313e-16,5.951396371273177e-07,4669,0.005,1,1,0.9560669660568237,1.0,-0.04393303394317627,0.04393303394317627,-1.0644487142562866,-1.0,-0.06444871425628662,0.06444871425628662,0.28459901552441197,0.6717634559014743,0.7417491197101074,0.6771283149719238,c17fe2aaa79cdaa21c2dc4a65075740b91b76e47ba9d7c0baf7e9b1bc51aa826
2,additive,5,1000,800,200,10000,10000,0.5,668,41260909,41760909,1041760909,2041260909,3041260909,0.07529377150936802,1.1874972761320275,1.1641719203599625,0.009464612346131236,1.4101497808209849,-0.032159066506256745,0.04530676310559356,1.3552962601546028,2.220446049250313e-16,5.980837141095208e-07,4676,0.005,1,1,0.9609569311141968,1.0,-0.03904306888580322,0.03904306888580322,-1.0643800497055054,-1.0,-0.06438004970550537,0.06438004970550537,0.28655976870371647,0.7036268728371684,0.7451797754072653,0.7033510804176331,a1abe5b55aa0d36b34c5ca6c6a89dec6c059a28906a2a23462a53684a8df7c23
2,additive,5,1000,800,200,10000,10000,0.5,669,41260909,41760909,1041760909,2041260909,3041260909,0.07616400842264745,1.1524372498785835,1.1397823172165344,0.00967106888069189,1.328111614907713,-0.019339476574456047,0.02891273270138238,1.2991037306394928,0.0,6.447431015743632e-07,4683,0.005,1,1,0.9596784710884094,1.0,-0.040321528911590576,0.040321528911590576,-1.064615249633789,-1.0,-0.06461524963378906,0.06461524963378906,0.2767783266620929,0.6789668201389083,0.7384574471416993,0.6777921915054321,411241436cbc9c816c32dc731197020f11983e7ea1e5952bda87dfefda03cc0b
2,additive,5,1000,800,200,10000,10000,0.5,670,41260909,41760909,1041760909,2041260909,3041260909,0.07828372267922948,1.1516031287645851,1.1436913107221969,0.010213502210407958,1.3261897661803819,-0.014186727084666489,0.02123120680743205,1.3080298142214566,-2.220446049250313e-16,5.914207878987554e-07,4690,0.005,1,1,0.958379864692688,1.0,-0.04162013530731201,0.04162013530731201,-1.0663031339645386,-1.0,-0.06630313396453857,0.06630313396453857,0.2729023120826442,0.6801377517497141,0.7414155754457222,0.6816943883895874,874968aef5973735f2a25a40b60c224bd9ae55eb3c7de975a859ddd489182fb9
2,additive,5,1000,800,200,10000,10000,0.5,671,41260909,41760909,1041760909,2041260909,3041260909,0.07972669517890492,1.1242193930019344,1.1186830854248597,0.010591955546307532,1.2638692436016379,-0.01150467676613064,0.018054181286683683,1.2514518456156842,2.220446049250313e-16,6.901346498722205e-07,4697,0.005,1,1,0.9575356841087341,1.0,-0.04246431589126587,0.04246431589126587,-1.0674768686294556,-1.0,-0.06747686862945557,0.06747686862945557,0.26823508317506883,0.6701276813568825,0.7360490319260181,0.6721000075340271,74bc1aec2bca4286a1a2faa0db29a3270d783d07e4914e2f30e26f3ba614dd0d
2,additive,5,1000,800,200,10000,10000,0.5,672,41260909,41760909,1041760909,2041260909,3041260909,0.07832900334717512,1.1258623633992808,1.1203568890495454,0.010228195370826105,1.2675660613190143,-0.011297348924532515,0.017682578968227006,1.2551995588407754,0.0,6.261162184273417e-07,4704,0.005,1,1,0.9585058689117432,1.0,-0.041494131088256836,0.041494131088256836,-1.06643545627594,-1.0,-0.06643545627593994,0.06643545627593994,0.28121675715628525,0.6772031343211244,0.7359438573525213,0.6752640008926392,14bedf7b9f909fb91b2fd2725bf7f8868fec85eb74dd6898ab1849b6c899cdd7
2,additive,5,1000,800,200,10000,10000,0.5,673,41260909,41760909,1041760909,2041260909,3041260909,0.08078146249671744,1.1186584993032762,1.1188762381688837,0.010843126131907875,1.251396838063458,-0.005177963928206608,0.008204404986507268,1.2518840363389525,-2.220446049250313e-16,6.153300766698067e-07,4711,0.005,1,1,0.9556477069854736,1.0,-0.04435229301452637,0.04435229301452637,-1.067516803741455,-1.0,-0.06751680374145508,0.06751680374145508,0.27198206558981686,0.6727684874461143,0.7363465650440126,0.6761730909347534,1047297d4565bd3ce2d2f289526cbdbd9bfaaccfcd3d07862d094106db30f13d
2,additive,5,1000,800,200,10000,10000,0.5,674,41260909,41760909,1041760909,2041260909,3041260909,0.0796808497201724,1.130007338749205,1.1259913555972503,0.010554638386432596,1.2769165856270601,-0.009807345566879774,0.015235052067893043,1.2678565328797333,2.220446049250313e-16,6.24347586963836e-07,4718,0.005,1,1,0.9564468860626221,1.0,-0.04355311393737793,0.04355311393737793,-1.0667245388031006,-1.0,-0.06672453880310059,0.06672453880310059,0.2736370106404579,0.6739194957405072,0.7381404148670831,0.6766014099121094,30c3a308fb91300dda94a6c8d51620cc3446a1ea636b9f1fae612014883edf79
2,additive,5,1000,800,200,10000,10000,0.5,675,41260909,41760909,1041760909,2041260909,3041260909,0.07866268720383597,1.1441006996604113,1.1320715733599396,0.010313173431307951,1.3089664109634427,-0.0188467685925507,0.02857130333173022,1.2815860472096492,0.0,6.239297505317154e-07,4725,0.005,1,1,0.9582064151763916,1.0,-0.0417935848236084,0.0417935848236084,-1.0666416883468628,-1.0,-0.06664168834686279,0.06664168834686279,0.2662527125448193,0.6819372665457789,0.7390421849300194,0.6801078915596008,1ec616cbc78db0503a2551f96fcb0d6d42104945d39c478ceaea2ec3466a210a
2,additive,5,1000,800,200,10000,10000,0.5,676,41260909,41760909,1041760909,2041260909,3041260909,0.08217057694097142,1.1654778141992932,1.1554333626801538,0.011254828739266014,1.3583385353907624,-0.01728355426783031,0.025238957373028597,1.335026255594368,2.220446049250313e-16,6.994401271498418e-07,4732,0.005,1,1,0.9564087986946106,1.0,-0.043591201305389404,0.043591201305389404,-1.069654941558838,-1.0,-0.06965494155883789,0.06965494155883789,0.27649358965141163,0.6776364338769605,0.7448892681939027,0.6805682182312012,cab8065d0aaa4caa3335ea5215a745e76b51bac6eebb5def2719413d3fa60ed9
2,additive,5,1000,800,200,10000,10000,0.5,677,41260909,41760909,1041760909,2041260909,3041260909,0.08046158784436218,1.1721844201907534,1.1540396284648757,0.010802724440837165,1.3740163149379325,-0.026505787655710704,0.03828050727494505,1.3318074640673485,2.220446049250313e-16,6.562677778987336e-07,4739,0.005,1,1,0.9579269289970398,1.0,-0.042073071002960205,0.042073071002960205,-1.0685851573944092,-1.0,-0.06858515739440918,0.06858515739440918,0.26202241216334626,0.6857218922804382,0.7423714864618384,0.687502384185791,88643d2bea617f217e92b47f379f06169694e9968fa3f2dcc6d8b316510b4dd5
2,additive,5,1000,800,200,10000,10000,0.5,678,41260909,41760909,1041760909,2041260909,3041260909,0.08042517775349478,1.1821704873705237,1.161524141066443,0.010783783752813171,1.3975270612098616,-0.029586257341268157,0.04201665768192291,1.3491383302801383,0.0,6.858253769337352e-07,4746,0.005,1,1,0.9574384093284607,1.0,-0.04256159067153931,0.04256159067153931,-1.0682401657104492,-1.0,-0.06824016571044922,0.06824016571044922,0.2800625592451762,0.6995299059049995,0.7447227373446932,0.7003086805343628,ddf44f9905990f5bb7e76b548c593eefe734d749f6fb91afa597fb8784ce2923
2,additive,5,1000,800,200,10000,10000,0.5,679,41260909,41760909,1041760909,2041260909,3041260909,0.08310211661061952,1.1406462730239735,1.1300916802169834,0.011503941675887327,1.3010739201634811,-0.01773532807186179,0.027023658691010616,1.2771072056956447,-2.220446049250313e-16,5.876197803900141e-07,4753,0.005,1,1,0.9555569887161255,1.0,-0.04444301128387451,0.04444301128387451,-1.0702195167541504,-1.0,-0.07021951675415039,0.07021951675415039,0.2679986440016214,0.6801523523704858,0.7366623070167045,0.6828071475028992,f0f7aab49e2da644b60212d26e65179f2ff535b85447087e399b8190d16f00c9
2,additive,5,1000,800,200,10000,10000,0.5,680,41260909,41760909,1041760909,2041260909,3041260909,0.08153174666353731,1.203931935093492,1.184371655787652,0.011085428783045534,1.4494521043379605,-0.028900657043910656,0.039575370558472635,1.4027362190331845,-2.220446049250313e-16,6.068973892325857e-07,4760,0.005,1,1,0.9570024013519287,1.0,-0.04299759864807129,0.04299759864807129,-1.0692721605300903,-1.0,-0.06927216053009033,0.06927216053009033,0.278229265518723,0.6948751309956268,0.75091323137131,0.698338508605957,78e26844d697881962d197790b3bbe95a9772729d9b55b4752b29a727a3022dc
2,additive,5,1000,800,200,10000,10000,0.5,681,41260909,41760909,1041760909,2041260909,3041260909,0.08358785048185247,1.1709666322426893,1.1554378398149314,0.011645197170692562,1.3711628538257854,-0.023885724660141334,0.03454669596829267,1.3350366016761952,0.0,6.239827960996536e-07,4767,0.005,1,1,0.9555971622467041,1.0,-0.0444028377532959,0.0444028377532959,-1.0708189010620117,-1.0,-0.07081890106201172,0.07081890106201172,0.2667910308960557,0.6861436096980185,0.7441392197481114,0.691254734992981,c79fe2bebf7c70fdebcd3d878237da14db7a08fcd90e1902f97ce31b260d32db
2,additive,5,1000,800,200,10000,10000,0.5,682,41260909,41760909,1041760909,2041260909,3041260909,0.08522301780225841,1.1870672338828276,1.1607883562660872,0.01200630242362683,1.409128617758228,-0.03685265606946518,0.05186369787430084,1.3474296080429244,0.0,6.96000425293164e-07,4774,0.005,1,1,0.9512792229652405,1.0,-0.04872077703475952,0.04872077703475952,-1.0699231624603271,-1.0,-0.06992316246032715,0.06992316246032715,0.27795456035644905,0.7073582415532517,0.7439479556568109,0.7093930244445801,2691ad403b2c56935d990930a6afe3701a1106a91c5a0f39495a906996247bf9
2,additive,5,1000,800,200,10000,10000,0.5,683,41260909,41760909,1041760909,2041260909,3041260909,0.08997033997984989,1.1688831453067126,1.1530358155158669,0.013284014428880222,1.3662878073821132,-0.025040114974326552,0.036301285048654965,1.32949159186234,-2.220446049250313e-16,5.931419053695208e-07,4781,0.005,1,1,0.9463521242141724,1.0,-0.05364787578582764,0.05364787578582764,-1.07222580909729,-1.0,-0.07222580909729004,0.07222580909729004,0.25783952790618686,0.6857378154764407,0.7411302652777138,0.6877121925354004,9b523a05b7b653f13fa9d67b390cd2af2a3e6ebaa617f15ebcdeb867be29c944
2,additive,5,1000,800,200,10000,10000,0.5,684,41260909,41760909,1041760909,2041260909,3041260909,0.0898378909453162,1.185055014346107,1.165841708436113,0.01322688053084606,1.4043553870268515,-0.02919768921423132,0.041193643406015494,1.359186889129235,0.0,6.153381590934259e-07,4788,0.005,1,1,0.9460709095001221,1.0,-0.05392909049987793,0.05392909049987793,-1.0718505382537842,-1.0,-0.07185053825378418,0.07185053825378418,0.26345165101483586,0.6912513516002367,0.7453773564273676,0.6973243951797485,a9d922d2f41412bee9ecdfa2ec50436400fca0f6f79b8a4d43164c6a2f64ab58
2,additive,5,1000,800,200,10000,10000,0.5,685,41260909,41760909,1041760909,2041260909,3041260909,0.09255845598789113,1.1446272762790537,1.1327863015441024,0.013917196821933566,1.310171601602005,-0.02044199672898623,0.030877078264415974,1.2832048049659661,0.0,5.846275623611064e-07,4795,0.005,1,1,0.9423171281814575,1.0,-0.05768287181854248,0.05768287181854248,-1.0723861455917358,-1.0,-0.07238614559173584,0.07238614559173584,0.2562427939561409,0.6796208119193503,0.7375172560470128,0.6809334754943848,458bc6482fa765fe8175235ff7845026b643a66a996f145a4f4ca3e8df5f5fe7
2,additive,5,1000,800,200,10000,10000,0.5,686,41260909,41760909,1041760909,2041260909,3041260909,0.09517841749786485,1.132283877237187,1.1329830425900995,0.01470090554459365,1.2820667786512772,-0.0065585546995755905,0.010115234639954137,1.2836505747967195,-2.220446049250313e-16,5.941918903573651e-07,4802,0.005,1,1,0.9404517412185669,1.0,-0.059548258781433105,0.059548258781433105,-1.0742491483688354,-1.0,-0.07424914836883545,0.07424914836883545,0.27650666131597856,0.6796647127985415,0.7397325832612863,0.681132435798645,2fcb0a948a01bcbcc7082f4487d3face67a96bc6c123dbe5e75f5ff9e0b3e578
2,additive,5,1000,800,200,10000,10000,0.5,687,41260909,41760909,1041760909,2041260909,3041260909,0.09401235708252738,1.1398583914862377,1.137607598702857,0.014364532587917865,1.2992771526415932,-0.009745318301515144,0.014837102706302297,1.2941510486264807,0.0,6.29212422609271e-07,4809,0.005,1,1,0.9415151476860046,1.0,-0.05848485231399536,0.05848485231399536,-1.073606014251709,-1.0,-0.07360601425170898,0.07360601425170898,0.26915962767053525,0.6760806760255516,0.7395614876659135,0.6773860454559326,c44a2004b04b6c85eb9026bb908ba67b7b81bf091b61e89e0d4a8429ffbcd65e
2,additive,5,1000,800,200,10000,10000,0.5,688,41260909,41760909,1041760909,2041260909,3041260909,0.0916904082022183,1.154789011893825,1.138764070921638,0.013663220832410158,1.3335376619907169,-0.02520863680055296,0.037423723695499664,1.2967836092220213,2.220446049250313e-16,6.505163092640487e-07,4816,0.005,1,1,0.9429513812065125,1.0,-0.05704861879348755,0.05704861879348755,-1.0717815160751343,-1.0,-0.07178151607513428,0.07178151607513428,0.25871952221967187,0.6817297679344313,0.7394562392163921,0.6825817823410034,79829e0d2a23340a9a28f182040d095a67d1217f08d7c52a51fa5a003dfe08d7
2,additive,5,1000,800,200,10000,10000,0.5,689,41260909,41760909,1041760909,2041260909,3041260909,0.09162537520378447,1.1562228172290658,1.141447168598611,0.013670398499908481,1.336851203081118,-0.023809981439620452,0.03526042295324506,1.3029016387017855,0.0,5.870684667286241e-07,4823,0.005,1,1,0.9434257745742798,1.0,-0.056574225425720215,0.056574225425720215,-1.0720733404159546,-1.0,-0.07207334041595459,0.07207334041595459,0.2641564822397225,0.6869018717415605,0.7410946635361362,0.6853677034378052,8461176961ed782a976d37a183b4d381ed33d7b04556d2307db75829d6682259
2,additive,5,1000,800,200,10000,10000,0.5,690,41260909,41760909,1041760909,2041260909,3041260909,0.0886538749561087,1.1435633017935671,1.1504973231570998,0.012783557607295066,1.3077370252090053,0.001561753887675773,-0.002365360915988132,1.323644090591652,2.220446049250313e-16,6.420813463137165e-07,4830,0.005,1,1,0.9450132250785828,1.0,-0.054986774921417236,0.054986774921417236,-1.069541096687317,-1.0,-0.0695410966873169,0.0695410966873169,0.29756735870432266,0.679016751365393,0.7463714506852007,0.6827002763748169,1d4df660f1e164877552decb5ecea525f7899aff7f8be8c0f2ee0d56c76cd172
2,additive,5,1000,800,200,10000,10000,0.5,691,41260909,41760909,1041760909,2041260909,3041260909,0.08630390503136512,1.1620412058816925,1.1461989698228496,0.012183966765925598,1.350339764166978,-0.024375826254970957,0.03578040617065968,1.3137720784229618,0.0,6.197828632537039e-07,4837,0.005,1,1,0.9477384686470032,1.0,-0.052261531352996826,0.052261531352996826,-1.0686811208724976,-1.0,-0.06868112087249756,0.06868112087249756,0.2993618020408888,0.7024719611661189,0.7420338316931958,0.7033213376998901,5055961d894425ebf5b683a731f9d908bc5e61a1bbbb1eb50d687d71e219fc8b
2,additive,5,1000,800,200,10000,10000,0.5,692,41260909,41760909,1041760909,2041260909,3041260909,0.085777001156424,1.2005043964920588,1.1828144670096181,0.01197873712491307,1.441210805996762,-0.02706973987721405,0.037255621615696566,1.3990500633672471,0.0,5.582918998214836e-07,4844,0.005,1,1,0.9469975233078003,1.0,-0.05300247669219971,0.05300247669219971,-1.0674420595169067,-1.0,-0.06744205951690674,0.06744205951690674,0.2846274231969586,0.7082403629413497,0.752282555017266,0.7091986536979675,7e8f554ec9ff7cae00f874051b4d4486130850ad92235366192fbe777a31503d
2,additive,5,1000,800,200,10000,10000,0.5,693,41260909,41760909,1041760909,2041260909,3041260909,0.08365897481797156,1.2192442235597287,1.1945801195460641,0.011258944276295278,1.4865564766837656,-0.03539687947268592,0.04726467490900505,1.427021662014689,-2.220446049250313e-16,5.948234207409087e-07,4851,0.005,1,1,0.9460829496383667,1.0,-0.0539170503616333,0.0539170503616333,-1.063966989517212,-1.0,-0.06396698951721191,0.06396698951721191,0.288373779228675,0.7024641833575325,0.752770535183014,0.7091282606124878,1179ab36563460f85ba924a395c64475b550ec9e45baa11672eecd86409d0082
2,additive,5,1000,800,200,10000,10000,0.5,694,41260909,41760909,1041760909,2041260909,3041260909,0.08365329966473295,1.2457728829748678,1.2131737824001467,0.011184549381687703,1.5519500759555136,-0.045671999517061294,0.05843642483091803,1.4717906263030787,-2.220446049250313e-16,6.709844875274484e-07,4858,0.005,1,1,0.9450448155403137,1.0,-0.05495518445968628,0.05495518445968628,-1.0630698204040527,-1.0,-0.06306982040405273,0.06306982040405273,0.3084783644153576,0.7057990032516835,0.756579796391629,0.7053093910217285,a8631c647e8de4d0fd18ffd0c3052572a0abf4bebafe35b0ce7b433ef1fdb5ed
2,additive,5,1000,800,200,10000,10000,0.5,695,41260909,41760909,1041760909,2041260909,3041260909,0.0846333931406151,1.2058923715330923,1.1887290329518667,0.011604273256389968,1.4541764117217055,-0.02635198559770766,0.03595624620759887,1.4130767137826803,2.220446049250313e-16,5.62639950629773e-07,4865,0.005,1,1,0.9467226266860962,1.0,-0.05327737331390381,0.05327737331390381,-1.0657596588134766,-1.0,-0.06575965881347656,0.06575965881347656,0.2791714909584268,0.6937030376575575,0.753754928310766,0.6955487728118896,d41177fdd237500e26e590644d36ee9562dc80a8fb7ea1ac70c12a5d1abe5f9a
2,additive,5,1000,800,200,10000,10000,0.5,696,41260909,41760909,1041760909,2041260909,3041260909,0.0841009658012121,1.1759200907986687,1.158322336906886,0.01153334897383412,1.382788059943949,-0.026305386370176712,0.03773217021833425,1.3417106361774296,0.0,5.896353680867605e-07,4872,0.005,1,1,0.9483665227890015,1.0,-0.051633477210998535,0.051633477210998535,-1.0663849115371704,-1.0,-0.06638491153717041,0.06638491153717041,0.26555621795536516,0.6914903398702404,0.7439938130578917,0.6921695470809937,2d5408372a15927550b8d8677498f5537468d83fbc9c04e3da851a8511c4d5ff
2,additive,5,1000,800,200,10000,10000,0.5,697,41260909,41760909,1041760909,2041260909,3041260909,0.08589436103167139,1.1713746983846856,1.1549452832668285,0.011954210054973931,1.3721186840158133,-0.025087143365246128,0.036251188030220996,1.3338986073402948,-2.220446049250313e-16,6.26883146281898e-07,4879,0.005,1,1,0.9459543228149414,1.0,-0.054045677185058594,0.054045677185058594,-1.0667600631713867,-1.0,-0.06676006317138672,0.06676006317138672,0.2665266787295628,0.6937144733054016,0.7439205629694691,0.6926184892654419,6b256391b7c6e9b6e3c1a4f6bb53f2b54a5bb19b6033f4a3defd1e8433c441e0
2,additive,5,1000,800,200,10000,10000,0.5,698,41260909,41760909,1041760909,2041260909,3041260909,0.08990353297644482,1.182614938206812,1.1665301631781129,0.012924395389790564,1.3985780920699018,-0.025354932927668848,0.03592616116929499,1.3607926216043549,2.220446049250313e-16,6.781179102688384e-07,4886,0.005,1,1,0.9410166144371033,1.0,-0.05898338556289673,0.05898338556289673,-1.06784987449646,-1.0,-0.06784987449645996,0.06784987449645996,0.2788908585170123,0.6914859030031713,0.747644500513999,0.6951308250427246,5f1262037ab25b87a84cacf5a121be998e69b7788280672389cd43c7615a6950
2,additive,5,1000,800,200,10000,10000,0.5,699,41260909,41760909,1041760909,2041260909,3041260909,0.08797589727840914,1.1573698781307968,1.1448988686002277,0.012392583632784913,1.3395050348044955,-0.020552099557599443,0.030404816573841656,1.3107934193220816,0.0,6.435618455924441e-07,4893,0.005,1,1,0.9424991607666016,1.0,-0.05750083923339844,0.05750083923339844,-1.0665838718414307,-1.0,-0.06658387184143066,0.06658387184143066,0.2655165279782644,0.6878868108037216,0.7417040107109854,0.6891259551048279,6076e189ff4752aa062840fc70f1d5cc6d1299e9dc6ac08055259b5e2952abc4
2,additive,5,1000,800,200,10000,10000,0.5,700,41260909,41760909,1041760909,2041260909,3041260909,0.08866800312434601,1.1546447965520183,1.1411866054648752,0.012630311622761035,1.3332046062046516,-0.021764024667484047,0.03234278495704036,1.3023068684924446,0.0,6.458179093726812e-07,4900,0.005,1,1,0.9426142573356628,1.0,-0.05738574266433716,0.05738574266433716,-1.0675935745239258,-1.0,-0.06759357452392578,0.06759357452392578,0.26352116044390056,0.6875570057132734,0.7395965449397203,0.6888004541397095,a686a62774dfb16e12945c99421f174c44e8a0679e68eb01aa1a2b06c1d98392
2,additive,5,1000,800,200,10000,10000,0.5,701,41260909,41760909,1041760909,2041260909,3041260909,0.08390803544173783,1.2081318904339515,1.1848160036524442,0.011437030972611914,1.4595826646835133,-0.03361536657258837,0.04570348945272928,1.4037889625109485,0.0,6.785392514530031e-07,4907,0.005,1,1,0.9477019906044006,1.0,-0.052298009395599365,0.052298009395599365,-1.0656161308288574,-1.0,-0.06561613082885742,0.06561613082885742,0.2747389876922528,0.7063217115910118,0.7506844881945066,0.7045785784721375,a712e2aa4fe763edee452cefc012ec047f1f0948a183830208a61f3b4c98ef58
2,additive,5,1000,800,200,10000,10000,0.5,702,41260909,41760909,1041760909,2041260909,3041260909,0.08527320518982719,1.18045497627882,1.1661156901024183,0.011717392880605373,1.3934739510214293,-0.02268277059949768,0.03228424470152308,1.3598258027030394,0.0,6.67860101444262e-07,4914,0.005,1,1,0.9453354477882385,1.0,-0.054664552211761475,0.054664552211761475,-1.0654469728469849,-1.0,-0.06544697284698486,0.06544697284698486,0.27212172485401476,0.6871776924947711,0.7477293516159167,0.6885395050048828,bda304ffa8970bd64127e0adbf8cf572e63d008c7d6e071194e0898c5c76fb35
2,additive,5,1000,800,200,10000,10000,0.5,703,41260909,41760909,1041760909,2041260909,3041260909,0.08408301211805233,1.1654339748256517,1.1583041460289785,0.011404771052853292,1.358236349677918,-0.013986313011425125,0.020423325205018283,1.341668494707921,0.0,6.745478913217084e-07,4921,0.005,1,1,0.9462851881980896,1.0,-0.0537148118019104,0.0537148118019104,-1.064689040184021,-1.0,-0.064689040184021,0.064689040184021,0.27023670416781004,0.6871895318605306,0.7468338692713379,0.6933425664901733,38c56c5a654da1a9551203536e34f27d2d865a306c2589946d5dd24e28d00681
2,additive,5,1000,800,200,10000,10000,0.5,704,41260909,41760909,1041760909,2041260909,3041260909,0.08211831734715787,1.1546214298893411,1.1413573328130684,0.010969632427978385,1.333150646359707,-0.020711858810762047,0.03081846042742973,1.3026965611661612,0.0,6.823151412760353e-07,4928,0.005,1,1,0.949092447757721,1.0,-0.05090755224227905,0.05090755224227905,-1.0644347667694092,-1.0,-0.06443476676940918,0.06443476676940918,0.28180674583189413,0.701977613249012,0.741038782320303,0.6991657018661499,6bbab040448c8552fa849df24b1089c34bddb1378748297379d4d70c6e0363c0
2,additive,5,1000,800,200,10000,10000,0.5,705,41260909,41760909,1041760909,2041260909,3041260909,0.08515866762348401,1.1457061923632061,1.146187337345457,0.011833075017929164,1.3126426792193961,-0.005365170973128414,0.008101576727190219,1.3137454122910683,-2.220446049250313e-16,6.14996768177889e-07,4935,0.005,1,1,0.947861909866333,1.0,-0.05213809013366699,0.05213809013366699,-1.067332148551941,-1.0,-0.06733214855194092,0.06733214855194092,0.2722460044710422,0.6813558794815898,0.7431924113779445,0.6846902370452881,90006305d9637605e870f509a3f800231d1477f3c031b0fc1319c837f3f95ba0
2,additive,5,1000,800,200,10000,10000,0.5,706,41260909,41760909,1041760909,2041260909,3041260909,0.08444597832466515,1.1633073346024196,1.155316283053785,0.01166478309331979,1.3532839547397857,-0.015096511971945836,0.022120262180559208,1.3347557138892139,0.0,6.53637931335993e-07,4942,0.005,1,1,0.9488586783409119,1.0,-0.051141321659088135,0.051141321659088135,-1.0671988725662231,-1.0,-0.06719887256622314,0.06719887256622314,0.26169045426797,0.687073496160584,0.7433483498081915,0.6925962567329407,a6cae3357f4db6e9af4ee7ac47b51a573d366115105f36cfa7470a2f64ae3280
2,additive,5,1000,800,200,10000,10000,0.5,707,41260909,41760909,1041760909,2041260909,3041260909,0.08672814747989253,1.1305261894434446,1.125867155625129,0.012303754471000326,1.2780894650175154,-0.011408183686548678,0.017681716726736425,1.2675768521154183,0.0,6.013437250373954e-07,4949,0.005,1,1,0.9474759101867676,1.0,-0.05252408981323242,0.05252408981323242,-1.0690144300460815,-1.0,-0.06901443004608154,0.06901443004608154,0.27496092210599843,0.676869906635425,0.7371860947097988,0.6736289262771606,5d9e282296a4f240c8b5841f03ea43bef94293816ad641360c018e535d4ba361
2,additive,5,1000,800,200,10000,10000,0.5,708,41260909,41760909,1041760909,2041260909,3041260909,0.08661753248524634,1.1634403827636892,1.1553335351107625,0.012331886800146007,1.3535935242453196,-0.015564916846966918,0.022790288138872364,1.3347955773515316,-2.220446049250313e-16,6.511409527121259e-07,4956,0.005,1,1,0.9487714767456055,1.0,-0.05122852325439453,0.05122852325439453,-1.069844365119934,-1.0,-0.06984436511993408,0.06984436511993408,0.26975598256937194,0.6926599566568632,0.744535466725305,0.6922946572303772,cd1d00b05caed9ec933516347c6b5f356f3c9717d5301fc57d0dbd21e1ede363
2,additive,5,1000,800,200,10000,10000,0.5,709,41260909,41760909,1041760909,2041260909,3041260909,0.0870088708916588,1.1708651412771924,1.1632885057085725,0.01234711185543926,1.3709251790580599,-0.015016071699907775,0.02171094122038881,1.3532401475136835,0.0,6.214534593595999e-07,4963,0.005,1,1,0.9466248154640198,1.0,-0.053375184535980225,0.053375184535980225,-1.0687141418457031,-1.0,-0.06871414184570312,0.06871414184570312,0.2684495117529174,0.6841879228190464,0.747106155714685,0.6860674023628235,deb073419c68befa88c821e45502f0b2fb00335baceaae76d56bd99e1a96f93b
2,additive,5,1000,800,200,10000,10000,0.5,710,41260909,41760909,1041760909,2041260909,3041260909,0.08729914207447696,1.1816392365118926,1.168955504624454,0.012368072296902817,1.3962712852644086,-0.021091192884749994,0.029945482882522675,1.3664569717918116,2.220446049250313e-16,6.291261023250172e-07,4970,0.005,1,1,0.9453883767127991,1.0,-0.05461162328720093,0.05461162328720093,-1.068108081817627,-1.0,-0.06810808181762695,0.06810808181762695,0.2717697541520803,0.6961160814217149,0.7483872175088343,0.6974623203277588,560613010d2bdf72df776b07147923eedd6cd61f2ca27d25b4f3ccfc6edbd18c
2,additive,5,1000,800,200,10000,10000,0.5,711,41260909,41760909,1041760909,2041260909,3041260909,0.08541911074336983,1.1498952326588365,1.140704862234667,0.011528458823437945,1.3222590460915198,-0.016289961094573594,0.024426621233960714,1.3012075827258107,2.220446049250313e-16,5.867454397900929e-07,4977,0.005,1,1,0.9422057867050171,1.0,-0.05779421329498291,0.05779421329498291,-1.0628987550735474,-1.0,-0.06289875507354736,0.06289875507354736,0.27396791699600415,0.6821561755216032,0.7416423246824153,0.6847823262214661,a00fa1031fc0fc6577eafeb4b0166d6117bc33bb88569cd7881ef9bdd8c1df0b
2,additive,5,1000,800,200,10000,10000,0.5,712,41260909,41760909,1041760909,2041260909,3041260909,0.08661497879699423,1.181764433777551,1.1683456139656183,0.011793228427631808,1.396567176941576,-0.021664465848255144,0.030765513948932285,1.3650314736726974,-2.220446049250313e-16,6.780911903092601e-07,4984,0.005,1,1,0.9407089352607727,1.0,-0.059291064739227295,0.059291064739227295,-1.0631405115127563,-1.0,-0.06314051151275635,0.06314051151275635,0.26905256907910846,0.6840596996512803,0.7468536334871938,0.6841782331466675,069b2a32074d0b2a5efa9d89b4f643848ee2c4399c0f7ebc48900c6947f92206
2,additive,5,1000,800,200,10000,10000,0.5,713,41260909,41760909,1041760909,2041260909,3041260909,0.08970579387482777,1.172429421740814,1.1605514318003256,0.01254309867382623,1.3745907489634996,-0.020127110891769807,0.029019709851434837,1.346879625853786,-2.220446049250313e-16,7.030986939327022e-07,4991,0.005,1,1,0.9374858736991882,1.0,-0.06251412630081177,0.06251412630081177,-1.0643359422683716,-1.0,-0.06433594226837158,0.06433594226837158,0.26643771873597133,0.6892307178360434,0.7471990791411018,0.6933300495147705,4b4c77b5044ad8da5cb7efe5b805ca0777a6fdcf7516be174bb2951800ef5d8c
2,additive,5,1000,800,200,10000,10000,0.5,714,41260909,41760909,1041760909,2041260909,3041260909,0.09188145775507886,1.1372143046084475,1.1426580197730503,0.013164082555094834,1.2932563746060748,-0.00037655350475056205,0.0005764660262115103,1.3056673501516685,-2.220446049250313e-16,6.103960465964064e-07,4998,0.005,1,1,0.9360203742980957,1.0,-0.0639796257019043,0.0639796257019043,-1.0659455060958862,-1.0,-0.06594550609588623,0.06594550609588623,0.2953569713069868,0.691960116620815,0.7431537890898202,0.695467472076416,9c2926b6f883b3c822b8311f51ed94c2319161da7a3ec0cf9d3195e3688d361c
2,additive,5,1000,800,200,10000,10000,0.5,715,41260909,41760909,1041760909,2041260909,3041260909,0.0896683053692045,1.1329731136352639,1.1370762355695954,0.012437931374100724,1.2836280762203844,-0.0015618210486814906,0.0024100949172801006,1.2929423654971222,0.0,6.127959721879961e-07,5005,0.005,1,1,0.9365922808647156,1.0,-0.06340771913528442,0.06340771913528442,-1.0634024143218994,-1.0,-0.06340241432189941,0.06340241432189941,0.2995826993913904,0.6933940107366303,0.7423766264237667,0.6954129338264465,2b9bae0a563fd3643cad8333648b9ffc89dac35196096e9dcc3b1b469821a611
2,additive,5,1000,800,200,10000,10000,0.5,716,41260909,41760909,1041760909,2041260909,3041260909,0.08908441868011938,1.1527045604450044,1.1548587750362627,0.012351067204881392,1.3287278036707106,-0.00369004029866745,0.005503092142907625,1.3336987902782573,2.220446049250313e-16,6.308145437117219e-07,5012,0.005,1,1,0.937730073928833,1.0,-0.06226992607116699,0.06226992607116699,-1.0637062788009644,-1.0,-0.06370627880096436,0.06370627880096436,0.282063317470771,0.6853257240142905,0.7450189880638127,0.6936134696006775,90e86f03d70cd0ae3972923b935bc206e7967387adde6b46b2eb7346f54ac794
2,additive,5,1000,800,200,10000,10000,0.5,717,41260909,41760909,1041760909,2041260909,3041260909,0.08722976974474698,1.1635823969413395,1.155095618912888,0.011969654774560802,1.353923994471753,-0.015823880207283005,0.023170003339593036,1.3342458888317479,0.0,7.106522801336723e-07,5019,0.005,1,1,0.9403814673423767,1.0,-0.05961853265762329,0.05961853265762329,-1.0636762380599976,-1.0,-0.06367623805999756,0.06367623805999756,0.2797924825880401,0.6880920525494965,0.744617309714279,0.688025951385498,cd2e94d3b5a3a3f798a2bbdc37e34db3d3b72af361c4b5979d351e381914399d
2,additive,5,1000,800,200,10000,10000,0.5,718,41260909,41760909,1041760909,2041260909,3041260909,0.08876541230784683,1.1933489952328615,1.18501969274669,0.01250316663207565,1.4240818244232802,-0.016156659428948183,0.022493148027502425,1.4042716721974597,2.220446049250313e-16,5.77179818606055e-07,5026,0.005,1,1,0.9405683279037476,1.0,-0.05943167209625244,0.05943167209625244,-1.065933108329773,-1.0,-0.06593310832977295,0.06593310832977295,0.28680606080984383,0.6831592088369662,0.7525660665782896,0.6866012811660767,3450a3c6982cc76e928d58a5449a60d8e98b873315abea2b17614abff9540f0f
2,additive,5,1000,800,200,10000,10000,0.5,719,41260909,41760909,1041760909,2041260909,3041260909,0.08329571909489047,1.2491137265681782,1.2199118376320064,0.011152717608898601,1.5602851019010413,-0.04162646395762044,0.05297882415812271,1.488184891594699,0.0,7.131578314556464e-07,5033,0.005,1,1,0.9461879134178162,1.0,-0.05381208658218384,0.05381208658218384,-1.0635801553726196,-1.0,-0.06358015537261963,0.06358015537261963,0.28387430375983175,0.7177095559065049,0.7607608983089585,0.7145664691925049,8fd25f579e866f8a8778baf4b02447a611726be70c339aa11d5496718f27ab18
2,additive,5,1000,800,200,10000,10000,0.5,720,41260909,41760909,1041760909,2041260909,3041260909,0.08487781376885631,1.213193712960958,1.1896281298619842,0.011595782474139902,1.4718389851679956,-0.03410984014160693,0.04598765093772644,1.4152150873589218,0.0,6.187181131878106e-07,5040,0.005,1,1,0.9453916549682617,1.0,-0.05460834503173828,0.05460834503173828,-1.0649782419204712,-1.0,-0.06497824192047119,0.06497824192047119,0.2680487417617488,0.7070731817008351,0.7511720953903235,0.7042782306671143,835fddcfc37d736c609826ce27d39ceba67fc1f87bbefca459ad1e233f1402f5
2,additive,5,1000,800,200,10000,10000,0.5,721,41260909,41760909,1041760909,2041260909,3041260909,0.0853053357835978,1.2070012258911218,1.1889546547920995,0.011766396774718081,1.4568519593026708,-0.027502592462794052,0.03745369564391418,1.4136131711518007,0.0,5.847250239554569e-07,5047,0.005,1,1,0.9459327459335327,1.0,-0.054067254066467285,0.054067254066467285,-1.0659828186035156,-1.0,-0.06598281860351562,0.06598281860351562,0.26966244804278666,0.6991418432490755,0.7514780645781162,0.6996383666992188,5d197e62f6d06cb8720cdae538a826a60829298e3c155388bd0f66cd7b0482ff
2,additive,5,1000,800,200,10000,10000,0.5,722,41260909,41760909,1041760909,2041260909,3041260909,0.08237505856705706,1.2474154219178433,1.2224073337811387,0.011094328589636217,1.556045234838471,-0.036429936873097486,0.0464922687465145,1.4942796896819124,0.0,6.400649859017449e-07,5054,0.005,1,1,0.9500043392181396,1.0,-0.04999566078186035,0.04999566078186035,-1.065468192100525,-1.0,-0.0654681921005249,0.0654681921005249,0.2858476885646003,0.7084317407094098,0.762074174515618,0.7096684575080872,79019f5d3bfdebb7bd0abbf7d348a711624284a25aa8c79bf60eb9b097c4334e
2,additive,5,1000,800,200,10000,10000,0.5,723,41260909,41760909,1041760909,2041260909,3041260909,0.08136101819723474,1.2058581597208935,1.1842272264040432,0.010856260148678618,1.4540939013654597,-0.03127801887876259,0.042701819762160864,1.402394123756613,0.0,6.371737732990823e-07,5061,0.005,1,1,0.9513282775878906,1.0,-0.048671722412109375,0.048671722412109375,-1.065197229385376,-1.0,-0.06519722938537598,0.06519722938537598,0.2864266767617343,0.713959947141456,0.7527504727049383,0.7119691371917725,39a94cb28ac29118e3dfc5e14db8668127573703ed8d4e52f2c5f2962757f0ca
2,additive,5,1000,800,200,10000,10000,0.5,724,41260909,41760909,1041760909,2041260909,3041260909,0.08532515177262262,1.1728818684460682,1.1680875201026848,0.011837761077426628,1.3756518773295403,-0.011530591893663613,0.01662079712091018,1.36442845461964,0.0,5.831446259207951e-07,5068,0.005,1,1,0.94701087474823,1.0,-0.05298912525177002,0.05298912525177002,-1.066877007484436,-1.0,-0.06687700748443604,0.06687700748443604,0.270513737523612,0.6835556873994766,0.7492423635190869,0.6881551742553711,2b53a3c181c206eeb88bef1ac18ac27a00d1aa53ebd9991b44d1ac9c97167c01
2,additive,5,1000,800,200,10000,10000,0.5,725,41260909,41760909,1041760909,2041260909,3041260909,0.08749856273873059,1.1473795955847603,1.150798558148013,0.012346459386145722,1.3164799363642483,-0.002244537157424244,0.0033782248224482987,1.3243373214355456,0.0,6.522964071109527e-07,5075,0.005,1,1,0.9440487027168274,1.0,-0.05595129728317261,0.05595129728317261,-1.0672714710235596,-1.0,-0.06727147102355957,0.06727147102355957,0.2794547628959487,0.675850363666336,0.7459055216288997,0.674604058265686,31c60ecbaa4edadc7b1ec00ad315a4bbf5003da4ef55a45de410089d3672f411
2,additive,5,1000,800,200,10000,10000,0.5,726,41260909,41760909,1041760909,2041260909,3041260909,0.0842023547475784,1.264716964568124,1.2332528318039904,0.01152294739522173,1.5995090004664096,-0.04505970035453492,0.05593892835501363,1.5209125471525615,0.0,6.121256426183663e-07,5082,0.005,1,1,0.9476149082183838,1.0,-0.05238509178161621,0.05238509178161621,-1.0659229755401611,-1.0,-0.06592297554016113,0.06592297554016113,0.2968766257652032,0.720015452040133,0.7624605193639883,0.7161803841590881,f5b7863d99efdedb4d3bbdd6b02878ee71586662f516226ee7d3b859c135b6c8
2,additive,5,1000,800,200,10000,10000,0.5,727,41260909,41760909,1041760909,2041260909,3041260909,0.08571005570552045,1.2028370181388672,1.1893589431080325,0.011989354661743432,1.4468168922052016,-0.022115775657944457,0.0303203742175387,1.414574695551056,0.0,6.27203764480555e-07,5089,0.005,1,1,0.9475717544555664,1.0,-0.052428245544433594,0.052428245544433594,-1.0678048133850098,-1.0,-0.06780481338500977,0.06780481338500977,0.26609170868892135,0.6920103108228051,0.7539012539406558,0.6939830780029297,7d80afc198e18c96881a949fc79c8a37d66c97fd7b8654325f5a033c83fb9663
2,additive,5,1000,800,200,10000,10000,0.5,728,41260909,41760909,1041760909,2041260909,3041260909,0.08560193313945387,1.190365014849872,1.1708634407363243,0.01196344429191056,1.4169688685785358,-0.029005558008771026,0.04059752550560568,1.3709211968529043,0.0,6.15827353556142e-07,5096,0.005,1,1,0.9477188587188721,1.0,-0.05228114128112793,0.05228114128112793,-1.0677818059921265,-1.0,-0.06778180599212646,0.06778180599212646,0.2618750795018813,0.6956490223689151,0.7484334660571665,0.6969473958015442,a3f7eba0e63ae7c6db482b23607900fb3dc9a2a03facd11997fd7020b41e6977
2,additive,5,1000,800,200,10000,10000,0.5,729,41260909,41760909,1041760909,2041260909,3041260909,0.08920021732906717,1.2022667564243,1.1819562099992806,0.013015871027741092,1.445445353603007,-0.03072037113744226,0.04212710028711256,1.3970204823558636,2.220446049250313e-16,6.948594446498646e-07,5103,0.005,1,1,0.9459922909736633,1.0,-0.05400770902633667,0.05400770902633667,-1.07099187374115,-1.0,-0.0709918737411499,0.0709918737411499,0.2629876737032616,0.6984172731021444,0.750706572245979,0.698112428188324,57e12f77f3d26bab3d3fbce3bdfe65e4fb86c3762fe14a3865058de48e279ae8
2,additive,5,1000,800,200,10000,10000,0.5,730,41260909,41760909,1041760909,2041260909,3041260909,0.0923798055173677,1.1957037815307108,1.1765633310280785,0.014027145530049103,1.4297075331668416,-0.029716703388501423,0.04116643290070943,1.384301271919888,0.0,6.750541245992281e-07,5110,0.005,1,1,0.9453616738319397,1.0,-0.0546383261680603,0.0546383261680603,-1.0744894742965698,-1.0,-0.07448947429656982,0.07448947429656982,0.2597939170377991,0.6929967303348212,0.74893145928981,0.6944074630737305,bb65f6996244cacba305ec42eeb49e6c95f55dec3f6ba3e51bbc401d19e60bef
2,additive,5,1000,800,200,10000,10000,0.5,731,41260909,41760909,1041760909,2041260909,3041260909,0.0893794137676383,1.1943285519473974,1.1775940121942443,0.013259448225227163,1.426420689996767,-0.02647624033312805,0.03678072598240638,1.3867276575557381,0.0,5.750036251583879e-07,5117,0.005,1,1,0.9504402875900269,1.0,-0.049559712409973145,0.049559712409973145,-1.074380874633789,-1.0,-0.07438087463378906,0.07438087463378906,0.2584702724075851,0.6941906664976918,0.7499988294413,0.6933009624481201,a69b7cc005f2d216d04c5cf47dfe29596d454759d3952a5beb7f18b7e32baf37
2,additive,5,1000,800,200,10000,10000,0.5,732,41260909,41760909,1041760909,2041260909,3041260909,0.08632782109491016,1.2037978521921202,1.1811314450595802,0.012391599563085358,1.4491292689423616,-0.033224688998457534,0.04546591118118367,1.395071490508532,0.0,6.154056695351073e-07,5124,0.005,1,1,0.9529094696044922,1.0,-0.04709053039550781,0.04709053039550781,-1.0723531246185303,-1.0,-0.07235312461853027,0.07235312461853027,0.276002129905834,0.7186461242229902,0.7502434799442139,0.7155396938323975,2aa6ddcfd82b8721b7b2cea8e3bdc5a2b9a78268942726aa2dd04e234b262c16
2,additive,5,1000,800,200,10000,10000,0.5,733,41260909,41760909,1041760909,2041260909,3041260909,0.08841257281526003,1.1935257656277527,1.1790652633079979,0.012962037831632299,1.424503753217313,-0.023635447954693318,0.0328848840812359,1.3901948951395586,0.0,5.901747233139076e-07,5131,0.005,1,1,0.9505957365036011,1.0,-0.049404263496398926,0.049404263496398926,-1.0733212232589722,-1.0,-0.07332122325897217,0.07332122325897217,0.2613017527014768,0.6952485964026761,0.7511533327212138,0.6977401971817017,c76e2388517d222a159352bf7e31fa1bad8ed02d8277c23a30ed0730c52a722c
2,additive,5,1000,800,200,10000,10000,0.5,734,41260909,41760909,1041760909,2041260909,3041260909,0.08922486443437411,1.1725773571215456,1.1660091825638617,0.013223315870567671,1.3749376584341488,-0.014291780240735739,0.020590955235424358,1.359577413823245,0.0,6.204222788852576e-07,5138,0.005,1,1,0.9508435726165771,1.0,-0.04915642738342285,0.04915642738342285,-1.074462890625,-1.0,-0.074462890625,0.074462890625,0.2632846980683172,0.6869066353463257,0.7478873190639571,0.6877590417861938,634503b6f7d8c788ec5961a805a303926f0529cfa91b00e7dafffe9c35daa28d
2,additive,5,1000,800,200,10000,10000,0.5,735,41260909,41760909,1041760909,2041260909,3041260909,0.08957438991447478,1.1814649566780442,1.1670708542291186,0.013371773314651057,1.395859443858253,-0.023588419190909822,0.03347700349447435,1.3620543787910844,0.0,5.888607361725917e-07,5145,0.005,1,1,0.9523626565933228,1.0,-0.047637343406677246,0.047637343406677246,-1.0758568048477173,-1.0,-0.07585680484771729,0.07585680484771729,0.28875189770009285,0.7129179931007595,0.7485102469917964,0.7075725793838501,eb68b4620cbaa6379758ff9b4363ff7bd649e67a7369e1dc781bcd45e0ffbd0c
2,additive,5,1000,800,200,10000,10000,0.5,736,41260909,41760909,1041760909,2041260909,3041260909,0.09095224099956416,1.1778037740175744,1.1700224408083864,0.013803162957675428,1.3872217300900413,-0.016036190526251208,0.022892085081182123,1.3689525119952142,-2.220446049250313e-16,6.150913307578776e-07,5152,0.005,1,1,0.9524343013763428,1.0,-0.04756569862365723,0.04756569862365723,-1.0775229930877686,-1.0,-0.07752299308776855,0.07752299308776855,0.2548447082976903,0.6861858765406459,0.7495636595484854,0.6885497570037842,781ebba6e8f313552ccefab9fe65a532a243da6f686ede6a4d440f08b86ad5f7
2,additive,5,1000,800,200,10000,10000,0.5,737,41260909,41760909,1041760909,2041260909,3041260909,0.09245336156367345,1.174790530313923,1.1730758781732022,0.014268821295574058,1.3801327901152685,-0.009147297729506546,0.013120033216615971,1.3761070159518294,-2.220446049250313e-16,6.447470006776257e-07,5159,0.005,1,1,0.9519820809364319,1.0,-0.048017919063568115,0.048017919063568115,-1.0790057182312012,-1.0,-0.07900571823120117,0.07900571823120117,0.2696291468385255,0.684123130514334,0.7517762519914215,0.6870415210723877,4da9be464f4eb39352321564ff8d80c1e83ef4993fcc85c4a23d85ba7aa41a52
2,additive,5,1000,800,200,10000,10000,0.5,738,41260909,41760909,1041760909,2041260909,3041260909,0.0906391230868009,1.1643295673294571,1.153236570702792,0.013734615648593802,1.355663341357601,-0.019721684499929438,0.02880343788893242,1.329954588006336,0.0,6.899328308662689e-07,5166,0.005,1,1,0.9542837738990784,1.0,-0.04571622610092163,0.04571622610092163,-1.0782654285430908,-1.0,-0.07826542854309082,0.07826542854309082,0.2762838302251607,0.6983869736237568,0.7443021935700093,0.6942281723022461,b9bc435691231c004b8f6c23a2c4176e4554600b6e58c4b28c67e0529b23bd4d
2,additive,5,1000,800,200,10000,10000,0.5,739,41260909,41760909,1041760909,2041260909,3041260909,0.08684193515666032,1.1863837375574962,1.172189426593215,0.01260966240772233,1.407506372740894,-0.023043991665843224,0.03245367434138106,1.37402805181693,2.220446049250313e-16,5.975111321276927e-07,5173,0.005,1,1,0.9563515186309814,1.0,-0.043648481369018555,0.043648481369018555,-1.0750755071640015,-1.0,-0.07507550716400146,0.07507550716400146,0.2601953373645151,0.692304057450261,0.7492573049874945,0.6942582726478577,003712a121f1cc48fbc3f739b9bfb1d477f86c1662395ba17904df01627cebec
2,additive,5,1000,800,200,10000,10000,0.5,740,41260909,41760909,1041760909,2041260909,3041260909,0.08842469104826796,1.1699481630931678,1.168256117139366,0.013074864694449425,1.3687787043250779,-0.008515606892989882,0.01232490487256475,1.3648223552335477,2.220446049250313e-16,5.76294945986433e-07,5180,0.005,1,1,0.9556816816329956,1.0,-0.044318318367004395,0.044318318367004395,-1.0765167474746704,-1.0,-0.07651674747467041,0.07651674747467041,0.2672349742980192,0.6846712092656037,0.7493767610315186,0.6836751699447632,37c208305f61970d92d9d347a2559cc6934bae779624284ac8f42397cb34d943
2,additive,5,1000,800,200,10000,10000,0.5,741,41260909,41760909,1041760909,2041260909,3041260909,0.0865747878118407,1.2495944158700774,1.2207791439120799,0.012531484224599427,1.5614862041736801,-0.041857985093784286,0.053186168620987954,1.4903017182107108,-2.220446049250313e-16,6.207194829244145e-07,5187,0.005,1,1,0.9564211368560791,1.0,-0.0435788631439209,0.0435788631439209,-1.0748069286346436,-1.0,-0.07480692863464355,0.07480692863464355,0.29524414146357025,0.7271527178646706,0.759849771146969,0.7215930819511414,b4d0c4a38d52b1de1c5905340e448970e56eaa46018a21ab439f27135a21b0ce
2,additive,5,1000,800,200,10000,10000,0.5,742,41260909,41760909,1041760909,2041260909,3041260909,0.09264820251845902,1.1719077964261633,1.165718863158834,0.01433489893416913,1.3733678833244256,-0.014401157167135168,0.020755391357933518,1.3589004679243244,0.0,6.203921056879835e-07,5194,0.005,1,1,0.952217161655426,1.0,-0.047782838344573975,0.047782838344573975,-1.0793756246566772,-1.0,-0.07937562465667725,0.07937562465667725,0.2648537125141631,0.6887189025531676,0.7480568397755898,0.6896543502807617,1b352e294214442acf2bcb32021b614514cf033d9dca0a3ba86d0043ef5feff9
2,additive,5,1000,800,200,10000,10000,0.5,743,41260909,41760909,1041760909,2041260909,3041260909,0.09055662774516093,1.264386916576663,1.234950514604527,0.013703147571201828,1.5986742748102416,-0.04363732442972871,0.05412792789578685,1.5251027735219862,2.220446049250313e-16,6.945366521904361e-07,5201,0.005,1,1,0.9538317322731018,1.0,-0.04616826772689819,0.04616826772689819,-1.0779037475585938,-1.0,-0.07790374755859375,0.07790374755859375,0.27865628681382426,0.7234037755413373,0.7650671596772174,0.7271946668624878,5041727641ed5f9e99c27183371f17c9a4b3a28a418be049cec67d5eec8d985a
2,additive,5,1000,800,200,10000,10000,0.5,744,41260909,41760909,1041760909,2041260909,3041260909,0.08982789842920276,1.2008043598607925,1.1829396539958532,0.013482928370396177,1.4419311106606878,-0.028033907017627337,0.03852361770028055,1.399346224995829,-2.220446049250313e-16,5.908448716951398e-07,5208,0.005,1,1,0.9541634321212769,1.0,-0.045836567878723145,0.045836567878723145,-1.0772532224655151,-1.0,-0.07725322246551514,0.07725322246551514,0.261406416742441,0.7101557462554866,0.7511591887585726,0.7094829082489014,bf2ce9d9a711e894aba32f32ad8397f012bb7c430255af1bfb57156d0c44caf2
2,additive,5,1000,800,200,10000,10000,0.5,745,41260909,41760909,1041760909,2041260909,3041260909,0.089338050361562,1.1958150300714827,1.180631969091457,0.013314182968090194,1.429973586144861,-0.02469796133609007,0.034224583433239385,1.393891846440771,-2.220446049250313e-16,6.489175738977337e-07,5215,0.005,1,1,0.9531030058860779,1.0,-0.04689699411392212,0.04689699411392212,-1.07603919506073,-1.0,-0.07603919506072998,0.07603919506072998,0.2528929532129397,0.6971550700278942,0.751034570940419,0.6997276544570923,ce920612f873e0a4318149c199fac8d109d6aca0e30c261fe8a1fd16eda3244b
2,additive,5,1000,800,200,10000,10000,0.5,746,41260909,41760909,1041760909,2041260909,3041260909,0.08895036483942513,1.1732695261324242,1.1591205268211962,0.013188337343404273,1.3765613809510033,-0.023094661298080264,0.03323571286839123,1.3435603956982471,0.0,5.69670618233431e-07,5222,0.005,1,1,0.9527958631515503,1.0,-0.04720413684844971,0.04720413684844971,-1.0753918886184692,-1.0,-0.07539188861846924,0.07539188861846924,0.2546610684919754,0.6884699050497085,0.744642110865835,0.6885701417922974,97afe87443bedcf04398495318a1ce0359303a750dd7089a4b1256843e6b240f
2,additive,5,1000,800,200,10000,10000,0.5,747,41260909,41760909,1041760909,2041260909,3041260909,0.08717176669201902,1.2291146327469187,1.2118990488809511,0.012678425143406327,1.510722780432593,-0.02735095044872255,0.03590774426147462,1.4686993046785541,2.220446049250313e-16,5.92052805004073e-07,5229,0.005,1,1,0.9543513059616089,1.0,-0.04564869403839111,0.04564869403839111,-1.0742638111114502,-1.0,-0.0742638111114502,0.0742638111114502,0.26071345872436846,0.7021766190464089,0.7583678267020155,0.7031951546669006,b97f05d20694933a0b653f96aac65bd3dc13e88df8a0b05b7c4bdb486a0469e3
2,additive,5,1000,800,200,10000,10000,0.5,748,41260909,41760909,1041760909,2041260909,3041260909,0.08866240037166907,1.1483406717634776,1.1558840734089788,0.013116797342552382,1.318686298426195,0.0021324476958932688,-0.003202346807374511,1.3360679911605338,0.0,7.007978553019711e-07,5236,0.005,1,1,0.9536270499229431,1.0,-0.046372950077056885,0.046372950077056885,-1.0755683183670044,-1.0,-0.0755683183670044,0.0755683183670044,0.2865825270209335,0.683180447589705,0.7476061082690744,0.6837514638900757,2eb26f5cf34462e499195932ca8fd02c47817f39fcc40e3d6ef9725acc431c85
2,additive,5,1000,800,200,10000,10000,0.5,749,41260909,41760909,1041760909,2041260909,3041260909,0.08572510416043097,1.1366739434425361,1.1328018739331152,0.012280978948575211,1.2920276537012059,-0.010534273531701818,0.016153038119974428,1.2832400855863775,0.0,5.632255906107275e-07,5243,0.005,1,1,0.9563742876052856,1.0,-0.043625712394714355,0.043625712394714355,-1.0737942457199097,-1.0,-0.07379424571990967,0.07379424571990967,0.2588312847573284,0.684353719723992,0.7405896183911126,0.6849581003189087,f781a67151e3721338ee9b7e72660379c43e313bf8a1e1ed380c8bef95c12196
2,additive,5,1000,800,200,10000,10000,0.5,750,41260909,41760909,1041760909,2041260909,3041260909,0.0841482977186737,1.182245511089286,1.1694975524498945,0.011829275640099396,1.397704448490767,-0.020904599472286116,0.029661723042740413,1.367724525186294,-4.440892098500626e-16,6.833617423041005e-07,5250,0.005,1,1,0.9568739533424377,1.0,-0.043126046657562256,0.043126046657562256,-1.0722570419311523,-1.0,-0.07225704193115234,0.07225704193115234,0.25094963618568245,0.7032461027471052,0.7499551312960078,0.7044904232025146,04093f46eef1b45788805f5733d874d3e20e4a9b165a8380cd372d75bee969d1
2,additive,5,1000,800,200,10000,10000,0.5,751,41260909,41760909,1041760909,2041260909,3041260909,0.08405479586235841,1.199751529493218,1.1816223183858625,0.011795338564430026,1.4394037325213156,-0.027483883889082596,0.037877482747449585,1.3962313033075804,0.0,6.807793049290467e-07,5257,0.005,1,1,0.9564151167869568,1.0,-0.04358488321304321,0.04358488321304321,-1.0718718767166138,-1.0,-0.07187187671661377,0.07187187671661377,0.2564853438197668,0.7006550547284144,0.752563259394871,0.7033289074897766,31e6f1a4fcc13d4ee6c7956de04dad45fa923aaba835b432a81e602662aaa6b9
2,additive,5,1000,800,200,10000,10000,0.5,752,41260909,41760909,1041760909,2041260909,3041260909,0.0834222391259236,1.2234226800887646,1.1991477236985542,0.011595078111429399,1.4967630541555756,-0.03520143450779043,0.04667516785935183,1.437955263251424,0.0,6.155336080837515e-07,5264,0.005,1,1,0.955493688583374,1.0,-0.04450631141662598,0.04450631141662598,-1.0705581903457642,-1.0,-0.07055819034576416,0.07055819034576416,0.27037975584434076,0.7269943269732974,0.7552550328404121,0.7272764444351196,ef645d353ac1aded3a335f061958ce209ad64ae496eea71d9d82439286c7ac70
2,additive,5,1000,800,200,10000,10000,0.5,753,41260909,41760909,1041760909,2041260909,3041260909,0.08256110378454468,1.208033687431491,1.1886546730099812,0.011341372141578265,1.4593453899693254,-0.028893415221219278,0.039292412178577076,1.4128999316684652,0.0,6.570011343853821e-07,5271,0.005,1,1,0.9552673697471619,1.0,-0.044732630252838135,0.044732630252838135,-1.0693925619125366,-1.0,-0.06939256191253662,0.06939256191253662,0.2625548699511158,0.7099287809176,0.7527870047026434,0.7134139537811279,16c443f35e26bb272f9c3a893ab1121c6f98be8f324c9028a7b5064254751b4f
2,additive,5,1000,800,200,10000,10000,0.5,754,41260909,41760909,1041760909,2041260909,3041260909,0.08072652731797295,1.2334283216343922,1.2096667978912239,0.010807921177887871,1.521345424609834,-0.034429791933657444,0.044943010473871524,1.463293761920407,0.0,6.57290440742031e-07,5278,0.005,1,1,0.9549446105957031,1.0,-0.045055389404296875,0.045055389404296875,-1.0669834613800049,-1.0,-0.06698346138000488,0.06698346138000488,0.27341938637764523,0.7189169340919094,0.7576814066901503,0.720946729183197,89bd9b6b48d4251f990895ba9a4559e1a75a8db7b26d6d9ca9a5218c793d87ae
2,additive,5,1000,800,200,10000,10000,0.5,755,41260909,41760909,1041760909,2041260909,3041260909,0.08256570411249292,1.20478338499713,1.1870214493609084,0.011277174441111277,1.4515030047651425,-0.026880128981690985,0.03675210993941264,1.4090199212428718,0.0,6.453901821856789e-07,5285,0.005,1,1,0.9530255794525146,1.0,-0.04697442054748535,0.04697442054748535,-1.0679006576538086,-1.0,-0.0679006576538086,0.0679006576538086,0.2570169858805637,0.711942139148167,0.7527821471666155,0.7131844758987427,4d061cc1fb7054a88eedbb7c4e20cf3e477bf7db95b5969de5898be3042aa2f5
2,additive,5,1000,800,200,10000,10000,0.5,756,41260909,41760909,1041760909,2041260909,3041260909,0.08321919041351222,1.2170187250453097,1.1979443448183393,0.011486910074136677,1.4811345771109115,-0.02877541695140401,0.03855688424487563,1.4350706532822401,2.220446049250313e-16,6.103054595030244e-07,5292,0.005,1,1,0.9535939693450928,1.0,-0.04640603065490723,0.04640603065490723,-1.069079041481018,-1.0,-0.06907904148101807,0.06907904148101807,0.2656313108761901,0.7086003259477335,0.7561539468929362,0.7063765525817871,2de3865a8b621488c977594def4dc36c4e286864aa6277464a6f63e0d0afbfd2
2,additive,5,1000,800,200,10000,10000,0.5,757,41260909,41760909,1041760909,2041260909,3041260909,0.08409111926987149,1.1751058217920272,1.1707685228332905,0.011754563835610002,1.3808736924095155,-0.010964661093940242,0.015746716390063364,1.370698934057245,0.0,6.261579059696487e-07,5299,0.005,1,1,0.9540064334869385,1.0,-0.04599356651306152,0.04599356651306152,-1.070398211479187,-1.0,-0.07039821147918701,0.07039821147918701,0.2620127244172255,0.6918492550388163,0.7491637113104384,0.6950715780258179,becac1ecac4ecd6208bd37c0899db2765005b2f34de6766e4f45d9e731eafe3c
2,additive,5,1000,800,200,10000,10000,0.5,758,41260909,41760909,1041760909,2041260909,3041260909,0.08265598860539589,1.1527491017552463,1.1530501337165247,0.011351490466842092,1.328830491597527,-0.005328685600336729,0.007952182123995741,1.3295246108636956,-2.220446049250313e-16,6.122570681554862e-07,5306,0.005,1,1,0.9545924663543701,1.0,-0.04540753364562988,0.04540753364562988,-1.0690664052963257,-1.0,-0.06906640529632568,0.06906640529632568,0.2752708349578829,0.6932435166679909,0.7479303234470077,0.6933917999267578,55392a1af7c70edc77e5a68d8c216c771b0ed3b819f940820099a529d143d3de
2,additive,5,1000,800,200,10000,10000,0.5,759,41260909,41760909,1041760909,2041260909,3041260909,0.08447264034107511,1.154064461510734,1.1500603750344507,0.011880437090202563,1.3318647813220608,-0.010553176093940735,0.01570710868301375,1.3226388662243815,-4.440892098500626e-16,6.205044957852124e-07,5313,0.005,1,1,0.9545566439628601,1.0,-0.04544335603713989,0.04544335603713989,-1.0712076425552368,-1.0,-0.07120764255523682,0.07120764255523682,0.2612884157234052,0.6941440484916194,0.7460474924708543,0.691109299659729,0691f0c801c5af2654cd987ae03ff02918104f67afcde34e0f53a79fad3b75c3
2,additive,5,1000,800,200,10000,10000,0.5,760,41260909,41760909,1041760909,2041260909,3041260909,0.08475727595477452,1.1697543166564643,1.1699807615341598,0.011980002295787455,1.368325161336432,-0.005725090636083546,0.008295398419025242,1.3688549823600522,-2.220446049250313e-16,5.916620988699606e-07,5320,0.005,1,1,0.955306887626648,1.0,-0.04469311237335205,0.04469311237335205,-1.0720161199569702,-1.0,-0.07201611995697021,0.07201611995697021,0.2667038787283344,0.6945177856157191,0.749291261682693,0.6933279633522034,d3685afcfda975e466a830baeb8d55223be41d13efd0d794d08b2da84bbca200
2,additive,5,1000,800,200,10000,10000,0.5,761,41260909,41760909,1041760909,2041260909,3041260909,0.08346814435771159,1.1723859563491474,1.1634229290185174,0.011634787690981429,1.374488830644705,-0.016285353284830065,0.0234976925137223,1.3535529117660263,0.0,5.931585445040355e-07,5327,0.005,1,1,0.9569451808929443,1.0,-0.043054819107055664,0.043054819107055664,-1.0715067386627197,-1.0,-0.07150673866271973,0.07150673866271973,0.25853043610179377,0.6964471760676144,0.747331002427772,0.6970515847206116,be259719ccc713ef4e0325b088f3222928c6d94ef3e8eb043dd09ada8cd97185
2,additive,5,1000,800,200,10000,10000,0.5,762,41260909,41760909,1041760909,2041260909,3041260909,0.08157122768476216,1.204630013394541,1.184923862820337,0.011113074613726346,1.4511334691709319,-0.02910099155179488,0.03980312577997178,1.4040445606810685,2.220446049250313e-16,6.739250544285369e-07,5334,0.005,1,1,0.9579994082450867,1.0,-0.04200059175491333,0.04200059175491333,-1.0699272155761719,-1.0,-0.06992721557617188,0.06992721557617188,0.2596792121688292,0.7008905031964693,0.7520131284815069,0.7007020711898804,d5c7b6121be71aa780f485d58afb1ba5bc9e36d248bbf9092653a8e7c0e20cab
2,additive,5,1000,800,200,10000,10000,0.5,763,41260909,41760909,1041760909,2041260909,3041260909,0.08204291440675335,1.2068282668557584,1.1923037570703248,0.011247859823097003,1.4564344656820734,-0.023047038190579083,0.03140603084205758,1.4215882491240122,0.0,6.605376547952346e-07,5341,0.005,1,1,0.9581882357597351,1.0,-0.04181176424026489,0.04181176424026489,-1.0705890655517578,-1.0,-0.07058906555175781,0.07058906555175781,0.2574182566935559,0.7027982420038097,0.7539604549439407,0.7003272175788879,e4b856c6ade532e47954d8fb966b32393969b5a6f6369bb48db60e2895bfebf9
2,additive,5,1000,800,200,10000,10000,0.5,764,41260909,41760909,1041760909,2041260909,3041260909,0.08275125865340195,1.1624627984412694,1.1552114681571113,0.01142334223537618,1.3513197577599074,-0.01411478191678745,0.020715249876277195,1.3345135361617086,0.0,6.823046838633218e-07,5348,0.005,1,1,0.9565641283988953,1.0,-0.043435871601104736,0.043435871601104736,-1.0704350471496582,-1.0,-0.0704350471496582,0.0704350471496582,0.25291139910401095,0.6909605618713948,0.7461637336500229,0.6930413246154785,f1fc3746286274eaf02c9ed75db3da1e189c0d83bfadfcbe9169cdcf3537efb4
2,additive,5,1000,800,200,10000,10000,0.5,765,41260909,41760909,1041760909,2041260909,3041260909,0.08579681026980925,1.185615694223761,1.1773853517530093,0.012267434643980453,1.4056845743896906,-0.015857871255556655,0.02236728909656644,1.3862362665225576,0.0,5.941046481439116e-07,5355,0.005,1,1,0.954358696937561,1.0,-0.045641303062438965,0.045641303062438965,-1.072649598121643,-1.0,-0.07264959812164307,0.07264959812164307,0.25766713954113585,0.6978850593645682,0.7499832391665258,0.6963534355163574,5e7c5ab7e5daab5c1d0baba5e2f3556856beea2c16785cc4371cbdf81610baa5
2,additive,5,1000,800,200,10000,10000,0.5,766,41260909,41760909,1041760909,2041260909,3041260909,0.0870474053613785,1.2040700372637823,1.189026924834778,0.012580746023500166,1.449784654636406,-0.024290186338928606,0.0332204062376851,1.4137850279820487,0.0,6.589611913909721e-07,5362,0.005,1,1,0.9518720507621765,1.0,-0.048127949237823486,0.048127949237823486,-1.0725324153900146,-1.0,-0.07253241539001465,0.07253241539001465,0.2532496226606377,0.6970764698549459,0.7544841143084894,0.6971336007118225,eb49805fe9f4ec67276c403394aaaea71cd4cb8f697e4511b982ff9c7fe9cc4f
2,additive,5,1000,800,200,10000,10000,0.5,767,41260909,41760909,1041760909,2041260909,3041260909,0.09224213016803928,1.1705454137668625,1.1730409413193779,0.014050945269230078,1.3701765656906355,-0.004101230474206642,0.005925659534627691,1.3760250500114521,-2.220446049250313e-16,6.886441674680555e-07,5369,0.005,1,1,0.9469073414802551,1.0,-0.05309265851974487,0.05309265851974487,-1.0754306316375732,-1.0,-0.07543063163757324,0.07543063163757324,0.27379046540850976,0.6980086809600569,0.7502614826551808,0.6966994404792786,fe10a18131179ca956d40b5118f051d5ff2a6a35d8dda881fa23897207955908
2,additive,5,1000,800,200,10000,10000,0.5,768,41260909,41760909,1041760909,2041260909,3041260909,0.09000353638650319,1.16323930499462,1.16373697050555,0.013419749758172157,1.3531256806843666,-0.006130846960551714,0.008972767130861235,1.3542837365214353,0.0,5.773912725715036e-07,5376,0.005,1,1,0.9493261575698853,1.0,-0.050673842430114746,0.050673842430114746,-1.0743827819824219,-1.0,-0.07438278198242188,0.07438278198242188,0.2941966426328758,0.7149558072380308,0.7495571321595093,0.7089066505432129,647867878d2f20f020ad64398b22c6b6c3297b9165a5473d99ca6a3bb342a9a3
2,additive,5,1000,800,200,10000,10000,0.5,769,41260909,41760909,1041760909,2041260909,3041260909,0.09151626585376407,1.1671117734755379,1.1739379901280487,0.013921778752674339,1.362149891785215,0.0010293670639966656,-0.0014960951323041171,1.3781304046658827,-2.220446049250313e-16,5.887031733209369e-07,5383,0.005,1,1,0.9499362707138062,1.0,-0.05006372928619385,0.05006372928619385,-1.076608419418335,-1.0,-0.07660841941833496,0.07660841941833496,0.28533775419801477,0.6929032692121854,0.7531836478954483,0.6903226375579834,623b2d73960b14f1cfda6a0bf4901c82ee1ebed6d4ea6bba997d91cc1e09b11b
2,additive,5,1000,800,200,10000,10000,0.5,770,41260909,41760909,1041760909,2041260909,3041260909,0.08749758390369257,1.1486467528131508,1.1447112401427857,0.012759110223341563,1.3193893627481956,-0.010892324831151521,0.016353019279982686,1.3103638233092345,4.440892098500626e-16,5.690211057896022e-07,5390,0.005,1,1,0.9534765481948853,1.0,-0.046523451805114746,0.046523451805114746,-1.0741039514541626,-1.0,-0.0741039514541626,0.0741039514541626,0.27037515996293565,0.6912807943627377,0.7436012603120478,0.6888003945350647,06f6d4049cff46688f5c05c74bcb0b5ab376dea0dea0046899a6c4ffcca35044
2,additive,5,1000,800,200,10000,10000,0.5,771,41260909,41760909,1041760909,2041260909,3041260909,0.0888275106248244,1.1604733024655318,1.170399555372682,0.013160626136648486,1.3466982857352576,0.004988103672332874,-0.007336207644462951,1.3698351192165719,0.0,6.086631394452979e-07,5397,0.005,1,1,0.9532787799835205,1.0,-0.04672122001647949,0.04672122001647949,-1.075547695159912,-1.0,-0.07554769515991211,0.07554769515991211,0.2867183193185632,0.6889902649549589,0.7510537689331271,0.6900956034660339,fedd10feeb8d78e6fd951c8dcd331dd0fbce3ed340db56079baa710b8b18bbfa
2,additive,5,1000,800,200,10000,10000,0.5,772,41260909,41760909,1041760909,2041260909,3041260909,0.08621295028638959,1.177054525529541,1.1771574644863205,0.012398291841781914,1.3854573560695729,-0.006077975857745822,0.008696142361805955,1.3856996961958632,0.0,6.334520321615855e-07,5404,0.005,1,1,0.9547063708305359,1.0,-0.04529362916946411,0.04529362916946411,-1.0733563899993896,-1.0,-0.07335638999938965,0.07335638999938965,0.26541959355397177,0.6910530830157576,0.7510515139387093,0.6906616687774658,bbcbf314ae9d221aeda765049c1e35955767aa8d579c97a0a723db60f25418e1
2,additive,5,1000,800,200,10000,10000,0.5,773,41260909,41760909,1041760909,2041260909,3041260909,0.08482910702590207,1.1964594749834763,1.180110993062124,0.011971789767222614,1.4315152752777356,-0.025412554549442915,0.035209951186713856,1.3926619559460724,0.0,6.769364961911606e-07,5411,0.005,1,1,0.9539884924888611,1.0,-0.046011507511138916,0.046011507511138916,-1.071266531944275,-1.0,-0.0712665319442749,0.0712665319442749,0.2577782463405645,0.6987717533979557,0.7504571053746623,0.6969294548034668,59335cb7213be626ebf0de1070a78883cb57c439d4026020bafc365bda97c019
2,additive,5,1000,800,200,10000,10000,0.5,774,41260909,41760909,1041760909,2041260909,3041260909,0.08754313876348682,1.1787820689852413,1.1708628241334724,0.012725689184756235,1.3895271661611264,-0.015666551204035963,0.022344830526548107,1.3709197529378105,-2.220446049250313e-16,6.913318042478522e-07,5418,0.005,1,1,0.9516394734382629,1.0,-0.04836052656173706,0.04836052656173706,-1.0729730129241943,-1.0,-0.07297301292419434,0.07297301292419434,0.2637791898413439,0.6898919044825516,0.7501046532819506,0.6860049962997437,1298b5198f0693dfd01fa3dd7f0e987f8b691bf45b3d8545acb899e312bb1dfb
2,additive,5,1000,800,200,10000,10000,0.5,775,41260909,41760909,1041760909,2041260909,3041260909,0.08979870913458338,1.1689568045952006,1.180763373472484,0.013332386091867042,1.366460011009422,0.007204873516415803,-0.01044341675103012,1.394202144134121,2.220446049250313e-16,6.676352004575392e-07,5425,0.005,1,1,0.9487211108207703,1.0,-0.051278889179229736,0.051278889179229736,-1.0737175941467285,-1.0,-0.07371759414672852,0.07371759414672852,0.29189078063972973,0.6908516165083196,0.7554958412243815,0.6938680410385132,28a86511719d0109220f83c72de4e6fa1f0b890c80891ec680ff4413d3fa88c0
2,additive,5,1000,800,200,10000,10000,0.5,776,41260909,41760909,1041760909,2041260909,3041260909,0.08910218533161028,1.165618860126978,1.1681613138006763,0.013180763785932555,1.358667327083715,-0.0036236179045627723,0.005282826762933604,1.364600855060522,0.0,6.294975705145589e-07,5432,0.005,1,1,0.950705349445343,1.0,-0.04929465055465698,0.04929465055465698,-1.0742242336273193,-1.0,-0.07422423362731934,0.07422423362731934,0.2867780855353559,0.7022730379149398,0.7499282798619273,0.7008486986160278,15b926854ee2f32b6f40ab5bfa1405d1031c45a520a47815b14c8bda96b072f7
2,additive,5,1000,800,200,10000,10000,0.5,777,41260909,41760909,1041760909,2041260909,3041260909,0.08563623408919356,1.252768411336992,1.2247570207183747,0.012213850898493538,1.5694286924438108,-0.040806391771677455,0.05160001789714884,1.5000297597989494,0.0,6.726912857857315e-07,5439,0.005,1,1,0.9540963768959045,1.0,-0.04590362310409546,0.04590362310409546,-1.072293996810913,-1.0,-0.07229399681091309,0.07229399681091309,0.2722575019865056,0.7184336707928288,0.7619672024899419,0.719183087348938,9c2149524bded365911097269dde921d4625b1287cfdd0bb9a61a76b633af4f5
2,additive,5,1000,800,200,10000,10000,0.5,778,41260909,41760909,1041760909,2041260909,3041260909,0.08399865165851672,1.25650307331935,1.2337146566434332,0.01174064338797701,1.578799973260972,-0.03424438131606276,0.04306005261055322,1.522051854016824,4.440892098500626e-16,7.09424837097572e-07,5446,0.005,1,1,0.9545244574546814,1.0,-0.045475542545318604,0.045475542545318604,-1.0706239938735962,-1.0,-0.07062399387359619,0.07062399387359619,0.2750726366070711,0.708770522726808,0.7647675838615878,0.7111469507217407,9a0f14801d6e969ba810ca229df6c8f8a5b7d62c7430cbd6c932a7b270b00877
2,additive,5,1000,800,200,10000,10000,0.5,779,41260909,41760909,1041760909,2041260909,3041260909,0.0851434250641266,1.2349956294237459,1.211448932303215,0.012036480493110947,1.525214204695754,-0.03482108480513268,0.04530306623458047,1.4676085155785994,-2.220446049250313e-16,6.789681865626562e-07,5453,0.005,1,1,0.9529271721839905,1.0,-0.04707282781600952,0.04707282781600952,-1.070947527885437,-1.0,-0.07094752788543701,0.07094752788543701,0.27117116285066695,0.716765179759512,0.7569988458385315,0.7149693965911865,1c9e4dc00cbdfb1adaf348a6eb60973fc93f8d3c5be825b35edf0eaa35ec7613
2,additive,5,1000,800,200,10000,10000,0.5,780,41260909,41760909,1041760909,2041260909,3041260909,0.08710949157324631,1.1931225947371373,1.1846527424962652,0.012617262707175163,1.423541526072279,-0.016378334237766048,0.022808528368489775,1.4034021203039222,0.0,5.895044061787758e-07,5460,0.005,1,1,0.9524921178817749,1.0,-0.0475078821182251,0.0475078821182251,-1.0730141401290894,-1.0,-0.07301414012908936,0.07301414012908936,0.2523139964837871,0.7027829300051078,0.7530796985463075,0.700753390789032,1bdba4a812097e602fd992d780b84cca2d80d920220c5ef29551be37204bbb91
2,additive,5,1000,800,200,10000,10000,0.5,781,41260909,41760909,1041760909,2041260909,3041260909,0.08566113952852067,1.1938027229979171,1.1837871888294949,0.012244723855885471,1.4251649414372414,-0.01802877842814446,0.025085094198901054,1.4013521084368379,0.0,6.456406751453869e-07,5467,0.005,1,1,0.9552475810050964,1.0,-0.044752418994903564,0.044752418994903564,-1.0730414390563965,-1.0,-0.07304143905639648,0.07304143905639648,0.24971881513497735,0.6961554303344082,0.7520393620246963,0.6940276622772217,539b1c4d49cf42bf8c44f5dbc4ad5dbf174b9814eeee03974eb0bfb97da657d4
2,additive,5,1000,800,200,10000,10000,0.5,782,41260909,41760909,1041760909,2041260909,3041260909,0.0853881251541538,1.1998648914427434,1.1885805517160968,0.012162019636219913,1.4396757577169064,-0.019557024717692623,0.026941060527226966,1.4127237279177411,0.0,5.870981958366883e-07,5474,0.005,1,1,0.9551306962966919,1.0,-0.044869303703308105,0.044869303703308105,-1.0726490020751953,-1.0,-0.07264900207519531,0.07264900207519531,0.2527570673391746,0.7041758970036568,0.7527919013866533,0.70000159740448,631cd99dae2e298ab62e29bad052086c4e67b1aacadbc8c4cb1abb65276369fe
2,additive,5,1000,800,200,10000,10000,0.5,783,41260909,41760909,1041760909,2041260909,3041260909,0.08561084097066733,1.183160052068079,1.1742019233521699,0.012198801323029583,1.3998677088097393,-0.016658176664416872,0.02359403972104769,1.378750156803935,-2.220446049250313e-16,6.31193461941848e-07,5481,0.005,1,1,0.9537796974182129,1.0,-0.04622030258178711,0.04622030258178711,-1.0720617771148682,-1.0,-0.07206177711486816,0.07206177711486816,0.2444591330686192,0.6943744901110103,0.7500595090518553,0.6927473545074463,b74dc11583136ef4a008292167c77e364a1f177aa3e30b80e030145ebe32246d
2,additive,5,1000,800,200,10000,10000,0.5,784,41260909,41760909,1041760909,2041260909,3041260909,0.08554199532263257,1.2212575300491084,1.2034245819966642,0.01217019151398847,1.491469954701649,-0.027704710830895665,0.03685018772692775,1.4482307245538462,0.0,6.515612334112575e-07,5488,0.005,1,1,0.953458845615387,1.0,-0.04654115438461304,0.04654115438461304,-1.0717729330062866,-1.0,-0.07177293300628662,0.07177293300628662,0.2435648532867772,0.7029403203302164,0.7573372513490157,0.7031913995742798,e78bee769aa10245f49af4ee56807ef3b9ead493311e4673ee76bed1301a33a1
2,additive,5,1000,800,200,10000,10000,0.5,785,41260909,41760909,1041760909,2041260909,3041260909,0.08530835292079332,1.257327748897459,1.2329706916320051,0.012071522874388242,1.5808730681475518,-0.036363932299217507,0.04565624253871697,1.520216726423505,0.0,6.412709723235821e-07,5495,0.005,1,1,0.9524493217468262,1.0,-0.04755067825317383,0.04755067825317383,-1.0708268880844116,-1.0,-0.07082688808441162,0.07082688808441162,0.268583403332267,0.7099434337299548,0.7642815928932981,0.7067223787307739,6ad64a6f5985b2de6e36b09be545d54a99d6b2655631a7dc5d65a055512a2777
2,additive,5,1000,800,200,10000,10000,0.5,786,41260909,41760909,1041760909,2041260909,3041260909,0.08570270634223706,1.2193432950133063,1.2021760144617717,0.012190768499782617,1.486798071093907,-0.026880834923250007,0.03586529027198925,1.4452271697471897,0.0,6.950397022364996e-07,5502,0.005,1,1,0.9524710774421692,1.0,-0.04752892255783081,0.04752892255783081,-1.071315884590149,-1.0,-0.07131588459014893,0.07131588459014893,0.24718063309044339,0.7079780226619894,0.75611443301692,0.704239010810852,aabea86e7f4a616b275ba622aec4ed0c27372dc90595e2b19e805f5a0bda8903
2,additive,5,1000,800,200,10000,10000,0.5,787,41260909,41760909,1041760909,2041260909,3041260909,0.08470065947594617,1.2218258136323836,1.2056487313810602,0.011886033643037407,1.4928583188584363,-0.025577744510356847,0.03399613292163101,1.45358886348076,2.220446049250313e-16,6.949059638827748e-07,5509,0.005,1,1,0.9523435235023499,1.0,-0.047656476497650146,0.047656476497650146,-1.0700218677520752,-1.0,-0.0700218677520752,0.0700218677520752,0.2548387187599703,0.7139730686297122,0.7584096915514851,0.7122539281845093,2086f6271c89e55bcf54af3b57dec2cec99bf1eb44dce3155d10a8a7962d195c
2,additive,5,1000,800,200,10000,10000,0.5,788,41260909,41760909,1041760909,2041260909,3041260909,0.08485087899228247,1.1872270205729099,1.176651165958323,0.011949679841655318,1.4095079983784287,-0.018474855934501495,0.025994239881464886,1.3845079663510809,-2.220446049250313e-16,6.569345352147593e-07,5516,0.005,1,1,0.9529449343681335,1.0,-0.047055065631866455,0.047055065631866455,-1.0706080198287964,-1.0,-0.07060801982879639,0.07060801982879639,0.25687390468565996,0.6942470193177966,0.7506483904391283,0.6895759701728821,ee5bab67f57ac5304bf9a64bf3bc680cad71aac829fa549c4e05c0715ef21c7e
2,additive,5,1000,800,200,10000,10000,0.5,789,41260909,41760909,1041760909,2041260909,3041260909,0.08423301909259652,1.2206349681172182,1.2059566415745213,0.011820452245674695,1.489949725390522,-0.023719378139249115,0.03158855927820285,1.4543314213576986,0.0,6.525665714463003e-07,5523,0.005,1,1,0.9550102353096008,1.0,-0.04498976469039917,0.04498976469039917,-1.071211814880371,-1.0,-0.0712118148803711,0.0712118148803711,0.25896039501459833,0.7090564448943029,0.7565056989562259,0.7095105648040771,db20d35f66262c79cdbaf7a1799817e4934de1c3e747e9c2e0805a6a53530185
2,additive,5,1000,800,200,10000,10000,0.5,790,41260909,41760909,1041760909,2041260909,3041260909,0.08366154377285402,1.2201160967048348,1.2032427775293302,0.011674343202970224,1.4886832894382416,-0.026282225482357386,0.035034614295380316,1.447793181676497,0.0,5.869115557999294e-07,5530,0.005,1,1,0.955994725227356,1.0,-0.04400527477264404,0.04400527477264404,-1.0711532831192017,-1.0,-0.07115328311920166,0.07115328311920166,0.2507951568454729,0.7092476187365198,0.7561690569077637,0.703300952911377,bb4a463a42cd3b57c5f16fffd74222a42d8386d03beddcf9db22b09d95116173
2,additive,5,1000,800,200,10000,10000,0.5,791,41260909,41760909,1041760909,2041260909,3041260909,0.08376988309217366,1.2363892624997848,1.2166892742352675,0.011716106515909146,1.5286584084247616,-0.0300208624507643,0.03897865377488485,1.480332790039142,0.0,6.088852355645713e-07,5537,0.005,1,1,0.9565999507904053,1.0,-0.04340004920959473,0.04340004920959473,-1.071650743484497,-1.0,-0.07165074348449707,0.07165074348449707,0.2515494846128587,0.7233440728809228,0.7614276935891828,0.7214007377624512,6b23ca11d845a1d60dde8934153ae2b9190e66b55632061ae10ba209898bdb7b
2,additive,5,1000,800,200,10000,10000,0.5,792,41260909,41760909,1041760909,2041260909,3041260909,0.08464712127357525,1.227053649594061,1.2072027036745896,0.011929344617042092,1.5056606589821042,-0.030125817919953772,0.03970218286692294,1.4573383677592389,0.0,6.955185725132651e-07,5544,0.005,1,1,0.9544532895088196,1.0,-0.04554671049118042,0.04554671049118042,-1.0713486671447754,-1.0,-0.07134866714477539,0.07134866714477539,0.24876789203728664,0.7161275051979917,0.7565979084272565,0.7121223211288452,cdb77befb520df875efea3ea9fa6ee5bca3098e1c45f0f2a31ece361509745ad
2,additive,5,1000,800,200,10000,10000,0.5,793,41260909,41760909,1041760909,2041260909,3041260909,0.08685444304176079,1.2198145551625075,1.2027393077219402,0.01248734911868628,1.487947548986306,-0.026926527882770127,0.03589163104214329,1.4465818423394519,-2.220446049250313e-16,5.799591686894701e-07,5551,0.005,1,1,0.9508157968521118,1.0,-0.049184203147888184,0.049184203147888184,-1.0715863704681396,-1.0,-0.07158637046813965,0.07158637046813965,0.24464309698323392,0.7054185500889792,0.7575244229505457,0.7046048641204834,cbee0a936004755129c28a81f4e8642272d06fd4e64155fec092eef31fe93c2a
2,additive,5,1000,800,200,10000,10000,0.5,794,41260909,41760909,1041760909,2041260909,3041260909,0.08731682113847582,1.2251962783891666,1.2061282623638356,0.01263541543485939,1.501105920578664,-0.029497975370358892,0.038973600929789715,1.4547453852728056,0.0,5.934699291998413e-07,5558,0.005,1,1,0.9509845972061157,1.0,-0.04901540279388428,0.04901540279388428,-1.0722614526748657,-1.0,-0.07226145267486572,0.07226145267486572,0.24476415680255365,0.7090832568742508,0.7571282692498604,0.7079276442527771,6486c31c95db059417a55732d7338214faa3f67927960ac3d3bc0f1130535430
2,additive,5,1000,800,200,10000,10000,0.5,795,41260909,41760909,1041760909,2041260909,3041260909,0.08693490975111288,1.196653947948518,1.1848808198494685,0.012523259128989245,1.4319806711407745,-0.020280686511307815,0.028079794158151386,1.4039425572471484,2.220446049250313e-16,6.703803876462189e-07,5565,0.005,1,1,0.9511428475379944,1.0,-0.048857152462005615,0.048857152462005615,-1.0719072818756104,-1.0,-0.07190728187561035,0.07190728187561035,0.24728101626286667,0.6941331716636491,0.7522222365080508,0.6902123689651489,f1c38b58f81bcd35c16148138dac6f1a1d4423a634a402fefc641ae939a52719
2,additive,5,1000,800,200,10000,10000,0.5,796,41260909,41760909,1041760909,2041260909,3041260909,0.0877525898809411,1.231866953755762,1.222430773061757,0.012803328274650085,1.5174961917555008,-0.01798126255089287,0.02350031783390822,1.494336994928365,-2.220446049250313e-16,5.88058362893662e-07,5572,0.005,1,1,0.9521075487136841,1.0,-0.04789245128631592,0.04789245128631592,-1.073531150817871,-1.0,-0.0735311508178711,0.0735311508178711,0.2575649735882337,0.7016317329443775,0.762273779951312,0.7020277976989746,dbe2cc5a71567ff01514ae21a665d9f5fce8a3de19560761db7f9d1812fe15da
2,additive,5,1000,800,200,10000,10000,0.5,797,41260909,41760909,1041760909,2041260909,3041260909,0.08489644163737681,1.2155307526859274,1.1955261164061253,0.012011043635114236,1.4775150107252168,-0.030121679675609532,0.04044464960842209,1.429282695009112,0.0,5.877853102020936e-07,5579,0.005,1,1,0.9548250436782837,1.0,-0.04517495632171631,0.04517495632171631,-1.071879267692566,-1.0,-0.07187926769256592,0.07187926769256592,0.26204371253028014,0.7141251867736088,0.7546975644000143,0.7151809930801392,815ea6524ae26ea4279e318bae9f2e094e8a3528ee2aaa8ceb412d724edb47c2
2,additive,5,1000,800,200,10000,10000,0.5,798,41260909,41760909,1041760909,2041260909,3041260909,0.08862096989582909,1.2336885728820968,1.217523116535122,0.013105603969660476,1.5219874948598644,-0.0263652797660645,0.034350072690923376,1.4823625392973963,4.440892098500626e-16,6.610575375987082e-07,5586,0.005,1,1,0.9537057280540466,1.0,-0.04629427194595337,0.04629427194595337,-1.0755679607391357,-1.0,-0.07556796073913574,0.07556796073913574,0.25484801852826755,0.7122530436835806,0.7608091332686665,0.711654543876648,69106c9c2b5869fd43903d628795cf70f01564c82e630412b5f405c7f94f760c
2,additive,5,1000,800,200,10000,10000,0.5,799,41260909,41760909,1041760909,2041260909,3041260909,0.08764340443820473,1.2278164245656589,1.210854455035213,0.012830126474212087,1.5075331724331984,-0.02709739381439399,0.035645945720824995,1.4661685112786225,0.0,6.673506778298588e-07,5593,0.005,1,1,0.9549346566200256,1.0,-0.045065343379974365,0.045065343379974365,-1.0751696825027466,-1.0,-0.07516968250274658,0.07516968250274658,0.24893503137081197,0.7001835379624469,0.7602010772336041,0.7005075216293335,85f6526df13753e754672fd80b87a73e462549a96601805dc237b59d4b6d5a50
2,additive,5,1000,800,200,10000,10000,0.5,800,41260909,41760909,1041760909,2041260909,3041260909,0.08762726875693765,1.2222609857036506,1.201576418591412,0.012833418898818257,1.4939219171732594,-0.031484723178557036,0.04179142084292698,1.443785889714964,4.440892098500626e-16,6.756679375996555e-07,5600,0.005,1,1,0.955511748790741,1.0,-0.04448825120925903,0.04448825120925903,-1.0754939317703247,-1.0,-0.07549393177032471,0.07549393177032471,0.25952202646559835,0.7071680185335043,0.7541211886903723,0.706755518913269,70cda5e207a84ddc79fd55227cd764cefba0af106fb392d49abf29aa6336a771
2,additive,5,1000,800,200,10000,10000,0.5,801,41260909,41760909,1041760909,2041260909,3041260909,0.0898591231338624,1.2142769007920955,1.2010456363541793,0.01351649409555796,1.4744683917972565,-0.02273713264369959,0.030560972573396742,1.4425106206054152,0.0,5.798096900377914e-07,5607,0.005,1,1,0.9570950269699097,1.0,-0.04290497303009033,0.04290497303009033,-1.0789545774459839,-1.0,-0.07895457744598389,0.07895457744598389,0.24708633793835694,0.7064024498257345,0.757859163077513,0.7027893662452698,57fc8d0b46a60df8bdd80d9ecca719dbd48e88ac880b3fae3e254ae4e8870857
2,additive,5,1000,800,200,10000,10000,0.5,802,41260909,41760909,1041760909,2041260909,3041260909,0.09256559694126501,1.204587345026079,1.1944408547509717,0.01434370876747307,1.4510306717969776,-0.019342712533109284,0.026399687055615947,1.426688955498232,-2.220446049250313e-16,6.157259804240311e-07,5614,0.005,1,1,0.9564146995544434,1.0,-0.04358530044555664,0.04358530044555664,-1.0816621780395508,-1.0,-0.08166217803955078,0.08166217803955078,0.24627014989573148,0.6941581446428537,0.7555738134860749,0.6922734975814819,721772a42dfeeb5e9328c5b4010b570c6918dd81a64e45fd128cf2d966e12aad
2,additive,5,1000,800,200,10000,10000,0.5,803,41260909,41760909,1041760909,2041260909,3041260909,0.09406084784971999,1.2031820446242452,1.1974044656537528,0.01481063862886074,1.4476470325061792,-0.014340108383745425,0.019610972224058706,1.4337774543675492,2.220446049250313e-16,6.379744377227325e-07,5621,0.005,1,1,0.9553870558738708,1.0,-0.04461294412612915,0.04461294412612915,-1.0828077793121338,-1.0,-0.08280777931213379,0.08280777931213379,0.25945134399135666,0.7116302739688481,0.7563309482830682,0.7093877792358398,884ffe643d258b699a5983314d8d1e36ccc42f8de6c3236d47e4138e446f1db1
2,additive,5,1000,800,200,10000,10000,0.5,804,41260909,41760909,1041760909,2041260909,3041260909,0.09776714374013938,1.1937988656162415,1.1986547404108268,0.015958357757159602,1.4251557315466252,-0.002170451297219322,0.003012185243803822,1.4367731867093463,0.0,7.056181381415172e-07,5628,0.005,1,1,0.9493380188941956,1.0,-0.05066198110580444,0.05066198110580444,-1.083616852760315,-1.0,-0.08361685276031494,0.08361685276031494,0.27742507364518326,0.6959447866757509,0.7585354783686981,0.6992616653442383,dac158ccbca95b2b279781227ac697f504874d6908c02cda1e13667bcd69dc80
2,additive,5,1000,800,200,10000,10000,0.5,805,41260909,41760909,1041760909,2041260909,3041260909,0.09523363037145735,1.2646480871575696,1.2337794816615841,0.01515114478759263,1.5993347843512997,-0.04613705988488241,0.057153870532015386,1.5222118093691273,-4.440892098500626e-16,5.870559895981842e-07,5635,0.005,1,1,0.9511867761611938,1.0,-0.04881322383880615,0.04881322383880615,-1.0817723274230957,-1.0,-0.0817723274230957,0.0817723274230957,0.27143282203270747,0.728761713731194,0.7634765514566144,0.7272583842277527,7629e6cce2bad618b0d9d61149c39d2fb920693c98b9bd3399ac4ba0b4cbf5ef
2,additive,5,1000,800,200,10000,10000,0.5,806,41260909,41760909,1041760909,2041260909,3041260909,0.09517545448557548,1.3316136273018655,1.2946657184714119,0.015144448853481504,1.7731948524160315,-0.05608998934220783,0.06272857650937991,1.676159322585097,-2.220446049250313e-16,6.90353857635273e-07,5642,0.005,1,1,0.9520466923713684,1.0,-0.04795330762863159,0.04795330762863159,-1.082212209701538,-1.0,-0.08221220970153809,0.08221220970153809,0.30321451515275244,0.7521585258643395,0.7807722272940042,0.7501708269119263,d93342f05a5519a51da57a35523bd080df80dc592d87fafff06b900aac9d879d
2,additive,5,1000,800,200,10000,10000,0.5,807,41260909,41760909,1041760909,2041260909,3041260909,0.095023125763989,1.2843085096257236,1.2540520880941843,0.015103536963860046,1.6494483478970476,-0.045952622603761865,0.05521320545391318,1.572646639653384,0.0,6.369425271657292e-07,5649,0.005,1,1,0.9528007507324219,1.0,-0.047199249267578125,0.047199249267578125,-1.0824719667434692,-1.0,-0.08247196674346924,0.08247196674346924,0.2741338800721257,0.7187727770064228,0.7696043537383584,0.7149399518966675,913810b62f0c10d9b656bf01258a7004b38433d38bbd9e1d7fcb0572878f8c7d
2,additive,5,1000,800,200,10000,10000,0.5,808,41260909,41760909,1041760909,2041260909,3041260909,0.09489528555010861,1.2692112471724555,1.2401382328402648,0.01504372623315692,1.61089718994906,-0.043999039815020964,0.05412132676792796,1.5379428365521748,-2.220446049250313e-16,5.899331689818155e-07,5656,0.005,1,1,0.951363205909729,1.0,-0.048636794090270996,0.048636794090270996,-1.0814836025238037,-1.0,-0.08148360252380371,0.08148360252380371,0.261559135206468,0.7179438733772906,0.7661548376001314,0.7171947956085205,87960edd14fec0d19d8f7aa4ecd19d5042bbc9df31dc3a4f3a7a76b858187321
2,additive,5,1000,800,200,10000,10000,0.5,809,41260909,41760909,1041760909,2041260909,3041260909,0.09606295268496953,1.2401335979032773,1.2209101917514935,0.015401994566036057,1.537931340648527,-0.03135581944594723,0.04037229966691731,1.4906216963226686,0.0,6.584591734082323e-07,5663,0.005,1,1,0.9499636292457581,1.0,-0.05003637075424194,0.05003637075424194,-1.0820027589797974,-1.0,-0.08200275897979736,0.08200275897979736,0.24429923024989214,0.7062653506539683,0.7613314673543453,0.7050608992576599,5beeaa380e5da4c4e316aa2de9dc1cf4df907e03ac9a0955653e5afb59e36d49
2,additive,5,1000,800,200,10000,10000,0.5,810,41260909,41760909,1041760909,2041260909,3041260909,0.0964702330950392,1.2363833985340789,1.215947841332695,0.015537098887886508,1.5286439081706786,-0.032825927108462126,0.04251564675178932,1.4785291528416409,0.0,5.710023867067093e-07,5670,0.005,1,1,0.9499732255935669,1.0,-0.050026774406433105,0.050026774406433105,-1.082485318183899,-1.0,-0.08248531818389893,0.08248531818389893,0.25160346595771854,0.714830647999743,0.7596747263146685,0.7122061252593994,7c3ea95c0d6adeb8ce4f65ab4e201837cea521a9c5039e60a1603139eb50c5b2
2,additive,5,1000,800,200,10000,10000,0.5,811,41260909,41760909,1041760909,2041260909,3041260909,0.09424950827031586,1.242846521651655,1.2205182289123684,0.014840632191087513,1.544667476381618,-0.03492168073266072,0.044785507097647316,1.4896647471073843,4.440892098500626e-16,6.5250277536677e-07,5677,0.005,1,1,0.9517554640769958,1.0,-0.04824453592300415,0.04824453592300415,-1.0809656381607056,-1.0,-0.08096563816070557,0.08096563816070557,0.25448808655876165,0.7181156481211604,0.7609557737091959,0.7162679433822632,fb9fb18b5f6a047e97a70b9522bfc396506b1f12d6fd8984850d2fb140c706c7
2,additive,5,1000,800,200,10000,10000,0.5,812,41260909,41760909,1041760909,2041260909,3041260909,0.09577525111001395,1.2270408835352427,1.2113476330665287,0.015322170389042867,1.505629329866949,-0.026794206060055035,0.03523347858961353,1.4673630881358817,-2.220446049250313e-16,6.884832011166964e-07,5684,0.005,1,1,0.9507984519004822,1.0,-0.04920154809951782,0.04920154809951782,-1.0821712017059326,-1.0,-0.08217120170593262,0.08217120170593262,0.24840610912905559,0.7122967980655963,0.7597737545239769,0.7133426666259766,7b2f84036ccfd0bff204ba5059752251c9349ea4f4793c1699b83c69eea67157
2,additive,5,1000,800,200,10000,10000,0.5,813,41260909,41760909,1041760909,2041260909,3041260909,0.09582340653717983,1.2046098776231404,1.1879579750213045,0.015318961060550848,1.4510849572672373,-0.027579883955534876,0.03761567138607426,1.4112441504167184,0.0,6.984647047403314e-07,5691,0.005,1,1,0.9497737288475037,1.0,-0.05022627115249634,0.05022627115249634,-1.0816054344177246,-1.0,-0.08160543441772461,0.08160543441772461,0.2373794970791721,0.7102895009775922,0.7541942246536866,0.7092664241790771,62daa26ff20b5960de10f235744395207014fe04bc46185a17850fd8b9704590
2,additive,5,1000,800,200,10000,10000,0.5,814,41260909,41760909,1041760909,2041260909,3041260909,0.09527547401784112,1.2452353347597238,1.2209529389169569,0.01512724117579835,1.5506110389341612,-0.03750610053000255,0.04790851830916282,1.4907260790499544,0.0,7.053810922030834e-07,5698,0.005,1,1,0.9492959380149841,1.0,-0.05070406198501587,0.05070406198501587,-1.0806629657745361,-1.0,-0.08066296577453613,0.08066296577453613,0.2528917291897791,0.7089944935880931,0.7627931738061339,0.7073262929916382,67ba8153a6907a9b0ecde82b5ccebbbd4b115cf5748ff884472cc4e4e6b2e94e
2,additive,5,1000,800,200,10000,10000,0.5,815,41260909,41760909,1041760909,2041260909,3041260909,0.09441382055629674,1.2443073780827711,1.2196509042215073,0.014863816546508524,1.5483008511512202,-0.037808169764694095,0.04837387966346373,1.4875483281683406,2.220446049250313e-16,6.473679654561693e-07,5705,0.005,1,1,0.9501464366912842,1.0,-0.04985356330871582,0.04985356330871582,-1.0801784992218018,-1.0,-0.08017849922180176,0.08017849922180176,0.2512288857660873,0.7164916167705249,0.7603820031242708,0.7158273458480835,fc67f11499f41d7d39c03eddfef122f8057f9a63df19c30588fad1a87613a1ff
2,additive,5,1000,800,200,10000,10000,0.5,816,41260909,41760909,1041760909,2041260909,3041260909,0.09277486754599282,1.2228207858848676,1.2056201183654127,0.014349851592052425,1.4952906743920853,-0.028060328088353084,0.03717484739628396,1.4535198698074316,2.220446049250313e-16,6.87078742345193e-07,5712,0.005,1,1,0.9509022831916809,1.0,-0.04909771680831909,0.04909771680831909,-1.0787184238433838,-1.0,-0.07871842384338379,0.07871842384338379,0.2447774221859948,0.7058825831253916,0.7581368003155491,0.7048074007034302,11eb984c5512cbcae33990b6585977d021a8ad81fd5b052ebd1646df0982f768
2,additive,5,1000,800,200,10000,10000,0.5,817,41260909,41760909,1041760909,2041260909,3041260909,0.09159625634637966,1.2342303148124778,1.22087046651718,0.014016465437193685,1.5233244700021082,-0.02340811971271287,0.030452737155566467,1.4905246960138763,0.0,5.695577449671418e-07,5719,0.005,1,1,0.9530898332595825,1.0,-0.04691016674041748,0.04691016674041748,-1.078672170639038,-1.0,-0.07867217063903809,0.07867217063903809,0.25968995583319154,0.7035363556934395,0.7628989568402661,0.6989017724990845,c86bdbd96157a0f4ceb178e434eeeab7f1a274ef3ce018b670a811a23b55bd80
2,additive,5,1000,800,200,10000,10000,0.5,818,41260909,41760909,1041760909,2041260909,3041260909,0.08821781719389794,1.2822315203038996,1.2523137838856575,0.013014066572166848,1.6441176716608497,-0.04442096246150162,0.053611866137893496,1.5682898133100132,0.0,6.698967958129742e-07,5726,0.005,1,1,0.9558145403862,1.0,-0.04418545961380005,0.04418545961380005,-1.0763546228408813,-1.0,-0.07635462284088135,0.07635462284088135,0.29064860293386735,0.730258868940047,0.7713285030090772,0.7317659854888916,5ab29fbadab8b45126ea6cd0ca8876999fa7e8eb0b319ebc938e1a58e9f08950
2,additive,5,1000,800,200,10000,10000,0.5,819,41260909,41760909,1041760909,2041260909,3041260909,0.09170269884545264,1.2390741268900163,1.2173474227580192,0.014054867275371077,1.535304691928256,-0.03371240575401763,0.043517859432636606,1.4819347476955917,-2.220446049250313e-16,6.68690034899555e-07,5733,0.005,1,1,0.9534395337104797,1.0,-0.046560466289520264,0.046560466289520264,-1.0790032148361206,-1.0,-0.0790032148361206,0.0790032148361206,0.2551043243956238,0.7235842338484801,0.7616804217206329,0.7185381650924683,187df56762425de692e0ac588977abc7e09e7b423fc893e4d287b9c8ef420860
2,additive,5,1000,800,200,10000,10000,0.5,820,41260909,41760909,1041760909,2041260909,3041260909,0.09321941612638367,1.2120846306704876,1.1935443556621634,0.014517292886914524,1.4691491519076123,-0.029559157930758972,0.039846096182154504,1.4245481289330089,0.0,6.708083102324736e-07,5740,0.005,1,1,0.9522365927696228,1.0,-0.0477634072303772,0.0477634072303772,-1.0800532102584839,-1.0,-0.08005321025848389,0.08005321025848389,0.2477376408199137,0.7016961460295705,0.7552843274300177,0.6965383291244507,79c09601c015e4432a95111592f8de8372b898b0b8a1842736308b1154d6278b
2,additive,5,1000,800,200,10000,10000,0.5,821,41260909,41760909,1041760909,2041260909,3041260909,0.0951880081555439,1.1740107272210907,1.1700300878555814,0.0151312598459653,1.378301187630194,-0.012231020494410015,0.017555239963822186,1.3689704064873394,2.220446049250313e-16,6.044092479839946e-07,5747,0.005,1,1,0.9508870244026184,1.0,-0.04911297559738159,0.04911297559738159,-1.0815393924713135,-1.0,-0.08153939247131348,0.08153939247131348,0.24552500699064528,0.6928081413086795,0.7509428559553489,0.6895462274551392,3458be1abf7ef2b4ad918d8463ec8147bd0e826245ed7cce476793a17bd00fb8
2,additive,5,1000,800,200,10000,10000,0.5,822,41260909,41760909,1041760909,2041260909,3041260909,0.09502720965127269,1.1963256204461026,1.1946297151566247,0.01510236027412427,1.4311949901357521,-0.009578597037339077,0.013245681511653923,1.4271401563351984,2.220446049250313e-16,5.807138414581914e-07,5754,0.005,1,1,0.9525567293167114,1.0,-0.047443270683288574,0.047443270683288574,-1.0823365449905396,-1.0,-0.08233654499053955,0.08233654499053955,0.25704205900508986,0.7030193023832143,0.7559566200756995,0.7019776105880737,cc1a4b873afe14de38a140b3915d0d2a09c43032e766d90f40a38c040ed58f9f
2,additive,5,1000,800,200,10000,10000,0.5,823,41260909,41760909,1041760909,2041260909,3041260909,0.09707766074575577,1.2049271140670128,1.1965041762424553,0.015761359530475798,1.4518493502138599,-0.017994232989349556,0.024521806593363213,1.4316222437656367,2.220446049250313e-16,6.626842399271027e-07,5761,0.005,1,1,0.9515536427497864,1.0,-0.04844635725021362,0.04844635725021362,-1.08412504196167,-1.0,-0.08412504196166992,0.08412504196166992,0.2656434708903283,0.7086768459506138,0.7572434527681782,0.7040477991104126,b7ea60b69e1397fff2d01925aee2dfd8f5cb31a987936b6bc770d1281c650039
2,additive,5,1000,800,200,10000,10000,0.5,824,41260909,41760909,1041760909,2041260909,3041260909,0.10151313111623123,1.2190538257384629,1.2106178465071034,0.017178070832563053,1.4860922300475827,-0.018837365299324598,0.025061847211769645,1.4655955702814965,-2.220446049250313e-16,5.785941805669381e-07,5768,0.005,1,1,0.9461857080459595,1.0,-0.05381429195404053,0.05381429195404053,-1.0860751867294312,-1.0,-0.08607518672943115,0.08607518672943115,0.24908990244039292,0.6940044500107129,0.7605301991173359,0.6923701763153076,2df427451dbdabf710624ac4ea56fe82e1a7e7ba844908f879ab94dab24de136
2,additive,5,1000,800,200,10000,10000,0.5,825,41260909,41760909,1041760909,2041260909,3041260909,0.10354399772484205,1.2164913522447534,1.2079871080981432,0.017802405148963012,1.4798512100862686,-0.019210380951958303,0.025653970659885852,1.4592328533313152,2.220446049250313e-16,6.907824054991352e-07,5775,0.005,1,1,0.942790687084198,1.0,-0.057209312915802,0.057209312915802,-1.0863044261932373,-1.0,-0.0863044261932373,0.0863044261932373,0.2558283121751242,0.6997926442654092,0.7591020227401932,0.7014777064323425,0eb828c62422086f4a9d8a576e58e01ce30163ff9704a0847a05c53d2ee2af05
2,additive,5,1000,800,200,10000,10000,0.5,826,41260909,41760909,1041760909,2041260909,3041260909,0.10611457154399628,1.200048688350775,1.1875368597675942,0.018676316134718995,1.4401168544124157,-0.02427468862022812,0.03328050762826599,1.4102437933066785,0.0,6.720142700089582e-07,5782,0.005,1,1,0.9408099055290222,1.0,-0.05919009447097778,0.05919009447097778,-1.0880728960037231,-1.0,-0.08807289600372314,0.08807289600372314,0.24860276025364136,0.7091368455802263,0.7543764694679561,0.7055696249008179,0aa20906d8882d6bcf8289ca1958092934f0430c05704409b6e37be08c86e100
2,additive,5,1000,800,200,10000,10000,0.5,827,41260909,41760909,1041760909,2041260909,3041260909,0.10521679613584076,1.2289341731308367,1.2116342638558153,0.01837202000699832,1.5102792018887736,-0.030296816273174272,0.03963862500381398,1.4680575893494234,0.0,6.464165025477087e-07,5789,0.005,1,1,0.9415857791900635,1.0,-0.05841422080993652,0.05841422080993652,-1.0875120162963867,-1.0,-0.08751201629638672,0.08751201629638672,0.2536003821441296,0.7268562594060132,0.760924093316515,0.725496768951416,3c0303dc5a70c167cf8d60e003f73443799c8dc8837fcd2da444ca001a51adc1
2,additive,5,1000,800,200,10000,10000,0.5,828,41260909,41760909,1041760909,2041260909,3041260909,0.1039145661056936,1.2164094544757689,1.201806111533536,0.01796366225894211,1.4796519609380379,-0.026638846738811083,0.035575011807028004,1.444337929719358,2.220446049250313e-16,6.294459637956606e-07,5796,0.005,1,1,0.9435998797416687,1.0,-0.0564001202583313,0.0564001202583313,-1.0872769355773926,-1.0,-0.08727693557739258,0.08727693557739258,0.24452773931315808,0.7006474447158203,0.7579698352927496,0.7005393505096436,1be1b37737c7261dcad93083d1b5b914ca066bb54eca6e0e6fe5ba4a4a3ea2ea
2,additive,5,1000,800,200,10000,10000,0.5,829,41260909,41760909,1041760909,2041260909,3041260909,0.10190123161493657,1.2077051478999623,1.1942543306989488,0.017349168685059636,1.45855172426407,-0.024828743277967698,0.033645542727947224,1.4262434063931941,0.0,6.017629452514939e-07,5803,0.005,1,1,0.9479000568389893,1.0,-0.05209994316101074,0.05209994316101074,-1.0875754356384277,-1.0,-0.08757543563842773,0.08757543563842773,0.2396296541490025,0.7022781803222804,0.7562808941517913,0.6984770894050598,bd6ac7f7a068bf8e04ce64efc69ee34bc0988c07c97024d27f7384ddba574619
2,additive,5,1000,800,200,10000,10000,0.5,830,41260909,41760909,1041760909,2041260909,3041260909,0.10018060284843935,1.232259458052476,1.2102016695234727,0.016795361095016142,1.518463371959782,-0.03533532606869855,0.04603175387693732,1.464588080917401,-2.220446049250313e-16,6.656045261621557e-07,5810,0.005,1,1,0.9511695504188538,1.0,-0.04883044958114624,0.04883044958114624,-1.0874742269515991,-1.0,-0.08747422695159912,0.08747422695159912,0.24607306898886194,0.7072058973769298,0.7594447216571524,0.7065072655677795,1a64d9d0512bde16ea7d16cb60f50368ee23684fa3ed99fa23ac4655fd9b6dcc
2,additive,5,1000,800,200,10000,10000,0.5,831,41260909,41760909,1041760909,2041260909,3041260909,0.10008148237071786,1.2557233522755347,1.231528246052742,0.016767499508089413,1.5768411374501066,-0.0384734080662265,0.0482846379894912,1.516661820825743,0.0,6.680784991885957e-07,5817,0.005,1,1,0.9530525803565979,1.0,-0.0469474196434021,0.0469474196434021,-1.0883868932724,-1.0,-0.0883868932723999,0.0883868932723999,0.24383422943280805,0.718941893027415,0.7644636220177683,0.715598464012146,068e6a90c4705520c756888a5177f9e4c44a206fd74086f0909020b2e2a54440
2,additive,5,1000,800,200,10000,10000,0.5,832,41260909,41760909,1041760909,2041260909,3041260909,0.09918303188028774,1.253413530274724,1.228831550752259,0.016461502247914716,1.5710454778757468,-0.038739999999730004,0.048806084615404075,1.5100269801242014,0.0,7.108148842860373e-07,5824,0.005,1,1,0.9551326632499695,1.0,-0.04486733675003052,0.04486733675003052,-1.0884544849395752,-1.0,-0.0884544849395752,0.0884544849395752,0.24274613247380722,0.7127325556129963,0.762683825363416,0.7124683856964111,884f0f5abcde1e036d7dd50b953381ce448b66996aad2615fafa8e9feb4d62d2
2,additive,5,1000,800,200,10000,10000,0.5,833,41260909,41760909,1041760909,2041260909,3041260909,0.10158767159317227,1.229772384752108,1.2132223624097942,0.01727602415992837,1.5123401182988867,-0.028853820903806605,0.037726878140060545,1.4719085006512018,0.0,6.476570533209269e-07,5831,0.005,1,1,0.9522730708122253,1.0,-0.04772692918777466,0.04772692918777466,-1.0896782875061035,-1.0,-0.08967828750610352,0.08967828750610352,0.2396426700487414,0.7074287220878637,0.7605206260765166,0.7040150761604309,571e756a682d8c92ee4efb7fd46787208756957ed435ae5d9d3c90a4938f2764
2,additive,5,1000,800,200,10000,10000,0.5,834,41260909,41760909,1041760909,2041260909,3041260909,0.10110830294928416,1.2226870643157974,1.2087374497446204,0.01710773319797974,1.4949636572451832,-0.025512584014016966,0.033745210940787196,1.4610462224151288,0.0,6.381439625613439e-07,5838,0.005,1,1,0.9506981372833252,1.0,-0.049301862716674805,0.049301862716674805,-1.088273525238037,-1.0,-0.08827352523803711,0.08827352523803711,0.24282830257933583,0.7169792714235755,0.7590397207149193,0.7145562767982483,3360140dc35a647e309825b96d3074da1dd4a14a3d94d45b55f0ded68bd0d54b
2,additive,5,1000,800,200,10000,10000,0.5,835,41260909,41760909,1041760909,2041260909,3041260909,0.10212013228314501,1.2403005512147212,1.217734187062549,0.01745076215751222,1.5383454573435413,-0.03645983458008305,0.04686967884749814,1.4828765503408874,0.0,6.83460653405632e-07,5845,0.005,1,1,0.9500498175621033,1.0,-0.04995018243789673,0.04995018243789673,-1.089070200920105,-1.0,-0.08907020092010498,0.08907020092010498,0.25390783914520126,0.717303841787825,0.7599890542121993,0.7182413339614868,a0571dc3bf3e4aefdb96205c047f6923ccdb32c93d796ec9a66028e29c702826
2,additive,5,1000,800,200,10000,10000,0.5,836,41260909,41760909,1041760909,2041260909,3041260909,0.10562566296447888,1.2291603583209583,1.2129677087683286,0.01866698949722868,1.5108351864677065,-0.02910575672512304,0.038059124311818314,1.471290662514689,0.0,5.954042769928947e-07,5852,0.005,1,1,0.9480400085449219,1.0,-0.051959991455078125,0.051959991455078125,-1.0919616222381592,-1.0,-0.09196162223815918,0.09196162223815918,0.235678538033157,0.702679624015318,0.7605713106961222,0.6960482597351074,1b6b6710bb28904b0cd7cab07a0f6a7406d4b1e4efed10c8b9cac33d649128c6
2,additive,5,1000,800,200,10000,10000,0.5,837,41260909,41760909,1041760909,2041260909,3041260909,0.10748766871131865,1.2040526238739342,1.1937468929765944,0.01932869402796561,1.4497427210577059,-0.022019885297199466,0.029977964408102433,1.4250316444912725,0.0,6.507767196239911e-07,5859,0.005,1,1,0.9468869566917419,1.0,-0.05311304330825806,0.05311304330825806,-1.0934484004974365,-1.0,-0.09344840049743652,0.09344840049743652,0.23557144292823615,0.6996334225323227,0.7570151671176784,0.695074200630188,88a4de8e44e9802d097c7c94d103cef86f36f33c2218b49eaae824de023749dc
2,additive,5,1000,800,200,10000,10000,0.5,838,41260909,41760909,1041760909,2041260909,3041260909,0.10510476595354899,1.2501237025846779,1.2246275375752715,0.018490238419183503,1.562809271764024,-0.040793452197767116,0.05159484580253976,1.4997126057876733,0.0,5.930958142386089e-07,5866,0.005,1,1,0.9493299722671509,1.0,-0.05067002773284912,0.05067002773284912,-1.092084527015686,-1.0,-0.09208452701568604,0.09208452701568604,0.2398055857550716,0.7271377774079781,0.763550311560884,0.725770115852356,8f6db1d2a5cf1399f074120e4172ac1f15781d09ccf6cfafa2061e59e46a0b07
2,additive,5,1000,800,200,10000,10000,0.5,839,41260909,41760909,1041760909,2041260909,3041260909,0.10568028387721683,1.2345019801075408,1.2149471283015747,0.018695153125893687,1.523995138889439,-0.033296883723544744,0.043167295335794865,1.4760965245682431,0.0,6.499745879295915e-07,5873,0.005,1,1,0.9509376883506775,1.0,-0.04906231164932251,0.04906231164932251,-1.0936013460159302,-1.0,-0.09360134601593018,0.09360134601593018,0.24057941723525972,0.7130177849587227,0.7615654912058173,0.7085788249969482,4210b743f32c9c9ef20ffacca50792645d26d07f6dbe43b8dda6e44d56d7f4e8
2,additive,5,1000,800,200,10000,10000,0.5,840,41260909,41760909,1041760909,2041260909,3041260909,0.10288009674831591,1.2767355094208885,1.2514647573864959,0.01769835662826618,1.630053561016216,-0.04079393933202065,0.049514661637095204,1.5661640389804408,0.0,6.666755432149785e-07,5880,0.005,1,1,0.9548234343528748,1.0,-0.045176565647125244,0.045176565647125244,-1.0924304723739624,-1.0,-0.0924304723739624,0.0924304723739624,0.2527794522890396,0.7229089866095672,0.7692199284899356,0.7218567728996277,c347b9f768f06c697f7e876c63d3ec9e1933f589b8eac324c15ad9688665c4f8
2,additive,5,1000,800,200,10000,10000,0.5,841,41260909,41760909,1041760909,2041260909,3041260909,0.10493223315929215,1.2153401840834699,1.204717678830518,0.01842456578054336,1.4770517630480426,-0.022065821570897422,0.029510091394334127,1.451344685686791,0.0,5.783147969395941e-07,5887,0.005,1,1,0.9526184797286987,1.0,-0.04738152027130127,0.04738152027130127,-1.0936256647109985,-1.0,-0.09362566471099854,0.09362566471099854,0.24276446277631436,0.7020175119642447,0.7601021000894327,0.7018564343452454,ed32dfa97e3916159656ebc49e92f32934703067a2c794c77d169edf4ee7ee24
2,additive,5,1000,800,200,10000,10000,0.5,842,41260909,41760909,1041760909,2041260909,3041260909,0.10127591634478025,1.2093161424980021,1.2018491421785382,0.017170137910081627,1.4624455325062484,-0.017587154930520862,0.023772598901405578,1.4444413605552884,0.0,6.89998994829466e-07,5894,0.005,1,1,0.9524528384208679,1.0,-0.04754716157913208,0.04754716157913208,-1.0894207954406738,-1.0,-0.08942079544067383,0.08942079544067383,0.2539904013499893,0.7026937259323983,0.758761872917741,0.7009419202804565,b2fd742e63c9fafa49b83f07b7b3cb451e61bf18eaeb811cdfe07b1ff27fa5f2
2,additive,5,1000,800,200,10000,10000,0.5,843,41260909,41760909,1041760909,2041260909,3041260909,0.09856189122108387,1.206037766130161,1.1926339500164744,0.016261310823107045,1.4545270933322285,-0.024206332711718674,0.0329161321143543,1.4223757387318983,0.0,5.729226604245241e-07,5901,0.005,1,1,0.9529081583023071,1.0,-0.04709184169769287,0.04709184169769287,-1.0865840911865234,-1.0,-0.08658409118652344,0.08658409118652344,0.24181687654909012,0.7043908040298084,0.7548371373129288,0.7010252475738525,6b162b2a4f3145482d212153171a36c65960281d5b0bbd4b97c5d6fe78da4291
2,additive,5,1000,800,200,10000,10000,0.5,844,41260909,41760909,1041760909,2041260909,3041260909,0.0968686747169461,1.2150742838857869,1.2144854124426117,0.015697775330983467,1.4764055153605578,-0.008564236827820383,0.011479415508628948,1.4749748170359003,-2.220446049250313e-16,6.961286445061887e-07,5908,0.005,1,1,0.9520787596702576,1.0,-0.04792124032974243,0.04792124032974243,-1.0841848850250244,-1.0,-0.08418488502502441,0.08418488502502441,0.25262833123696593,0.6980009757293826,0.7624497157622292,0.6936264634132385,9c5dbfe6d9e509884f1549cce0456b63ad08e22cc70eaa567ae62a4d939499f9
2,additive,5,1000,800,200,10000,10000,0.5,845,41260909,41760909,1041760909,2041260909,3041260909,0.09717280178521555,1.2017872260792923,1.199143715534954,0.015768324287316393,1.44429253676736,-0.011057605273850968,0.015146773081587156,1.4379456505069745,0.0,6.733512769585559e-07,5915,0.005,1,1,0.9498332142829895,1.0,-0.0501667857170105,0.0501667857170105,-1.083221673965454,-1.0,-0.0832216739654541,0.0832216739654541,0.24606397045625542,0.6974132772205269,0.7564718487957344,0.6981241703033447,7f88e3d600ff7acf5e14e4a4e3b883b7d5f570958ed7ac2994da7171edccf8c3
2,additive,5,1000,800,200,10000,10000,0.5,846,41260909,41760909,1041760909,2041260909,3041260909,0.09782557215030589,1.1970862625247705,1.1924319863356725,0.01594199171261682,1.4330155199255235,-0.013531734800851377,0.01867789040349827,1.4218940420364374,-2.220446049250313e-16,5.844947033040171e-07,5922,0.005,1,1,0.9477047920227051,1.0,-0.05229520797729492,0.05229520797729492,-1.0826743841171265,-1.0,-0.08267438411712646,0.08267438411712646,0.25208782691898723,0.6966333106788415,0.7557542164385768,0.6927347779273987,b767ebc82f9065f3a1157398391eba1a5a62b58670900a9370fbf9aa34146672
2,additive,5,1000,800,200,10000,10000,0.5,847,41260909,41760909,1041760909,2041260909,3041260909,0.09983823753873047,1.2159283250709711,1.2137409116992803,0.01653619582685556,1.4784816917098975,-0.010925443402076464,0.014615802918689663,1.4731670007326,0.0,7.12977014316607e-07,5929,0.005,1,1,0.9444167017936707,1.0,-0.055583298206329346,0.055583298206329346,-1.0829347372055054,-1.0,-0.08293473720550537,0.08293473720550537,0.2579462526262946,0.7097764207572027,0.7623403345022253,0.708547830581665,4ed60b87acd44b40a330299e1d5785b0e83d635b1cbfab3141a437a044e029f6
2,additive,5,1000,800,200,10000,10000,0.5,848,41260909,41760909,1041760909,2041260909,3041260909,0.1004915336656052,1.212019736139238,1.2047478702871313,0.01672519764211669,1.468991840791028,-0.017149803735883148,0.023086231485868317,1.4514174309613783,-2.220446049250313e-16,6.869560174038725e-07,5936,0.005,1,1,0.943310558795929,1.0,-0.056689441204071045,0.056689441204071045,-1.0829750299453735,-1.0,-0.08297502994537354,0.08297502994537354,0.24665492137221454,0.7004035857917233,0.7595631786042466,0.6949816942214966,7ef68adc3f1d5619054807138bec643cde06a7df6d972cb9b62dab85a13b658a
2,additive,5,1000,800,200,10000,10000,0.5,849,41260909,41760909,1041760909,2041260909,3041260909,0.09629336158163207,1.2318043328125763,1.2267419672799138,0.01536108035569578,1.5173419143358362,-0.013903570202869517,0.018142549797350287,1.504895854285793,0.0,6.389095190684202e-07,5943,0.005,1,1,0.9457884430885315,1.0,-0.054211556911468506,0.054211556911468506,-1.0795834064483643,-1.0,-0.07958340644836426,0.07958340644836426,0.24739827414928306,0.7083259209969632,0.7672175068674293,0.7053936719894409,199e22b456b94a0c90218e61e35181685e2f35662f42bd628c25147b870465ef
2,additive,5,1000,800,200,10000,10000,0.5,850,41260909,41760909,1041760909,2041260909,3041260909,0.09467092269769369,1.2119202555277147,1.2083203683105186,0.014877092742209275,1.4687507057583613,-0.011794843013251538,0.01590000271654657,1.4600381124740673,-2.220446049250313e-16,6.73990665944757e-07,5950,0.005,1,1,0.9475418925285339,1.0,-0.052458107471466064,0.052458107471466064,-1.0788081884384155,-1.0,-0.07880818843841553,0.07880818843841553,0.24532607472267043,0.6885865165259313,0.7614034242249667,0.6868919134140015,dc9650842c663e2b5bc1f0bce0d53b50deb9610a112d869eea651d6cedae6f74
2,additive,5,1000,800,200,10000,10000,0.5,851,41260909,41760909,1041760909,2041260909,3041260909,0.09420932780444435,1.2907822151240806,1.2651025550750234,0.014763344940867418,1.6661187268806286,-0.040198798482071786,0.04783059936918735,1.6004844748573528,2.220446049250313e-16,6.353957502369667e-07,5957,0.005,1,1,0.9488129615783691,1.0,-0.05118703842163086,0.05118703842163086,-1.0790903568267822,-1.0,-0.07909035682678223,0.07909035682678223,0.25221731856872187,0.7276044268750536,0.7738971388992737,0.727123498916626,b360a7123fc64ade7e051765f18e1b8806a28a8d78b074e6fa0fdfe8964180f6
2,additive,5,1000,800,200,10000,10000,0.5,852,41260909,41760909,1041760909,2041260909,3041260909,0.09898025454871198,1.2158601122692367,1.2071067732208531,0.01632523604293483,1.4783158126073612,-0.01876714334731795,0.02511257584456846,1.4571067619556601,0.0,6.540505523844331e-07,5964,0.005,1,1,0.9472713470458984,1.0,-0.05272865295410156,0.05272865295410156,-1.083766222000122,-1.0,-0.08376622200012207,0.08376622200012207,0.2413459283927578,0.7070198803558604,0.7582731258970437,0.7038853764533997,7e1206dfe3aedeaf36ac21597aee03f3917f3eef7dbdd2bd0e8a86d64552b307
2,additive,5,1000,800,200,10000,10000,0.5,853,41260909,41760909,1041760909,2041260909,3041260909,0.09804166319150967,1.225927530534286,1.2118256529700553,0.01606430795872683,1.502898310121893,-0.025220602442159443,0.03320766705112008,1.468521413196301,0.0,5.973766761258048e-07,5971,0.005,1,1,0.9501656293869019,1.0,-0.049834370613098145,0.049834370613098145,-1.0844316482543945,-1.0,-0.08443164825439453,0.08443164825439453,0.2418442289116319,0.7070771083536688,0.7592100035530827,0.7040504813194275,27ee142754be6f24de2c7512b41d9739eb4ce49765c96b10372b9a61779bba0b
2,additive,5,1000,800,200,10000,10000,0.5,854,41260909,41760909,1041760909,2041260909,3041260909,0.09938052489630383,1.2485297416033638,1.2333845307619415,0.016525791930695703,1.5588265156681622,-0.027057453438001585,0.03435098715060428,1.5212374007228546,-2.220446049250313e-16,5.922673995684136e-07,5978,0.005,1,1,0.9512273073196411,1.0,-0.04877269268035889,0.04877269268035889,-1.0865893363952637,-1.0,-0.08658933639526367,0.08658933639526367,0.23932416853712354,0.7075435228050188,0.7668685777576364,0.7038609981536865,982dbea507fbc7730fb88eae7d488f775a491dd6c534fb791e9c319ef9bd230c
2,additive,5,1000,800,200,10000,10000,0.5,855,41260909,41760909,1041760909,2041260909,3041260909,0.10014915777575405,1.2284938014585551,1.2105844321352843,0.016787563144406065,1.5091970202220921,-0.030234958019094763,0.03962681975776315,1.4655146673283086,0.0,6.480883136816828e-07,5985,0.005,1,1,0.9516791701316833,1.0,-0.04832082986831665,0.04832082986831665,-1.0877208709716797,-1.0,-0.08772087097167969,0.08772087097167969,0.24634648949653892,0.710662967454723,0.7601585057530595,0.7075905799865723,d27db5bf8d0970abbad00014347fa069e563a23c141a7232d5effded309a6d81
2,additive,5,1000,800,200,10000,10000,0.5,856,41260909,41760909,1041760909,2041260909,3041260909,0.10219536265975344,1.2111005423339851,1.2019404853925562,0.017420922745379975,1.466764523641673,-0.01976225798067959,0.026630443020158677,1.4446609304256937,-2.220446049250313e-16,6.823489169249797e-07,5992,0.005,1,1,0.946295440196991,1.0,-0.05370455980300903,0.05370455980300903,-1.0869466066360474,-1.0,-0.08694660663604736,0.08694660663604736,0.24402986021660908,0.7048678352876653,0.7581683690875564,0.6988999843597412,b966ac9ea750ace10aa32c2d244e6e00938e36d3fbd4ffe3b245c386104b9509
2,additive,5,1000,800,200,10000,10000,0.5,857,41260909,41760909,1041760909,2041260909,3041260909,0.10476287046117815,1.2276265651851963,1.2249711192255606,0.01813978897538902,1.5070669835484032,-0.012326264793534795,0.01616340159982146,1.5005542429367227,2.220446049250313e-16,6.742980467322468e-07,5999,0.005,1,1,0.9400363564491272,1.0,-0.0599636435508728,0.0599636435508728,-1.0859047174453735,-1.0,-0.08590471744537354,0.08590471744537354,0.26250375948397336,0.7123390769137058,0.7650454278884157,0.708794891834259,cd4b4a3addc2f01f415e7743734bc6122a4421f359bd2e628036e7216634da80
2,additive,5,1000,800,200,10000,10000,0.5,858,41260909,41760909,1041760909,2041260909,3041260909,0.1078844886673604,1.219900644070083,1.2172007425957716,0.0190177958207478,1.4881575814026033,-0.01279886472382648,0.01698390899592011,1.481577647775698,-2.220446049250313e-16,6.80074188963431e-07,6006,0.005,1,1,0.9343426823616028,1.0,-0.06565731763839722,0.06565731763839722,-1.0856047868728638,-1.0,-0.08560478687286377,0.08560478687286377,0.2644491621968411,0.7025394812620535,0.7639797744868785,0.6974303722381592,07dae0060fa52bcffa5250b9b02adf8937047683b3b7c2e7f32bd9affedec83b
2,additive,5,1000,800,200,10000,10000,0.5,859,41260909,41760909,1041760909,2041260909,3041260909,0.10899434025287084,1.2175134659344042,1.212380741743966,0.019272009742511483,1.4823390397316059,-0.01587199326123431,0.021139952675218895,1.469867062951649,4.440892098500626e-16,5.915341887430259e-07,6013,0.005,1,1,0.9317218065261841,1.0,-0.06827819347381592,0.06827819347381592,-1.0849579572677612,-1.0,-0.08495795726776123,0.08495795726776123,0.2541877331694051,0.7051055306237032,0.7597473192384941,0.7006028890609741,5aef26ea87eac3ac639802e01e89090968d96827b63b62141eff1fc37bad1a11
2,additive,5,1000,800,200,10000,10000,0.5,860,41260909,41760909,1041760909,2041260909,3041260909,0.10459360105215743,1.2122243848334469,1.2006306020039297,0.017672258781606574,1.4694879591848284,-0.022823187749058317,0.030693650184197483,1.4415138424683185,2.220446049250313e-16,5.653570518404649e-07,6020,0.005,1,1,0.9334946870803833,1.0,-0.0665053129196167,0.0665053129196167,-1.0807271003723145,-1.0,-0.08072710037231445,0.08072710037231445,0.24853930633226362,0.7002593329297594,0.7571864916478694,0.6964124441146851,43147898a94099462141f0cde4abbc64922993ee30aac8a8c82783525c3b3fbc
2,additive,5,1000,800,200,10000,10000,0.5,861,41260909,41760909,1041760909,2041260909,3041260909,0.10485559372890094,1.2457644909232937,1.2333003101320565,0.017837815629095685,1.551929166845373,-0.024368663751320692,0.031047491791307356,1.521029654971827,-2.220446049250313e-16,6.275708557268445e-07,6027,0.005,1,1,0.9343364238739014,1.0,-0.06566357612609863,0.06566357612609863,-1.0817495584487915,-1.0,-0.0817495584487915,0.0817495584487915,0.24815780262042753,0.7012562936638506,0.7649443563373036,0.7029777765274048,684b7323f5ab9a50be5b9656ab67f3b537bd54ae8d3d83cc6b87ffdd577bdd66
2,additive,5,1000,800,200,10000,10000,0.5,862,41260909,41760909,1041760909,2041260909,3041260909,0.10518988335664478,1.2185002326648313,1.2091761884325387,0.01786983357808745,1.484742817004248,-0.020252797955046618,0.026956778178591368,1.4621070546722421,0.0,6.507486407514307e-07,6034,0.005,1,1,0.9330589175224304,1.0,-0.06694108247756958,0.06694108247756958,-1.0811406373977661,-1.0,-0.08114063739776611,0.08114063739776611,0.23338257446470714,0.6922243806028362,0.7585522448310756,0.6899220943450928,f378912e28ae543116fb614e1bbc11ed5bd52d6674a03efda3511309a91f8d82
2,additive,5,1000,800,200,10000,10000,0.5,863,41260909,41760909,1041760909,2041260909,3041260909,0.10588462595902902,1.2316427490758237,1.22081177751158,0.01806548800208704,1.5169438613510524,-0.022313976621077796,0.02907340809419958,1.4903813961109837,0.0,6.759144941526074e-07,6041,0.005,1,1,0.9321114420890808,1.0,-0.06788855791091919,0.06788855791091919,-1.0812569856643677,-1.0,-0.08125698566436768,0.08125698566436768,0.2360977061225559,0.7239766418291729,0.7622699023578012,0.7209316492080688,0a93f599a0bf7b3c2daac7d3cc043b889ae0be8fb11bbacb0fb7b15f3bfd6d63
2,additive,5,1000,800,200,10000,10000,0.5,864,41260909,41760909,1041760909,2041260909,3041260909,0.10850821987794337,1.2387125043007436,1.2263411537764695,0.01879622598283686,1.5344086683110199,-0.024646134424027258,0.03173584440091825,1.5039126254458022,0.0,6.279091948613313e-07,6048,0.005,1,1,0.9284861087799072,1.0,-0.07151389122009277,0.07151389122009277,-1.0816075801849365,-1.0,-0.08160758018493652,0.08160758018493652,0.2504074544519389,0.7046666460424416,0.7657208197435946,0.7038792371749878,d6f11b8f049b2f959554fa955636d1257f09b95de4a852a57eb311fb4e8ee4da
2,additive,5,1000,800,200,10000,10000,0.5,865,41260909,41760909,1041760909,2041260909,3041260909,0.10666680244540144,1.243429742398672,1.229498755814381,0.01833344392634218,1.5461175242816279,-0.026391888829429354,0.0337394899114805,1.5116671905491113,-2.220446049250313e-16,6.717164211522686e-07,6055,0.005,1,1,0.9316107630729675,1.0,-0.06838923692703247,0.06838923692703247,-1.0818579196929932,-1.0,-0.08185791969299316,0.08185791969299316,0.2757965065758396,0.7267040468957694,0.7636701658577804,0.7251894474029541,dc0ef68651d43bb6d88ca030e569b05ec635efb82bc8d01024d792a981e8f5e7
2,additive,5,1000,800,200,10000,10000,0.5,866,41260909,41760909,1041760909,2041260909,3041260909,0.10452856419256513,1.231881563561398,1.2242724878315765,0.017599054160529485,1.5175321866424745,-0.018144058170843306,0.023638445611141916,1.4988431244613174,0.0,5.950954964362154e-07,6062,0.005,1,1,0.9328995943069458,1.0,-0.0671004056930542,0.0671004056930542,-1.0801483392715454,-1.0,-0.08014833927154541,0.08014833927154541,0.2496534775416085,0.7167770921533253,0.764739630209463,0.7160134315490723,2a36579c938618cc11488eda3626ef5c36ab8e6c4cb75b33fbd7091075e94ebf
2,additive,5,1000,800,200,10000,10000,0.5,867,41260909,41760909,1041760909,2041260909,3041260909,0.10306445175495811,1.2300472758123435,1.2226430731159914,0.017181435051231295,1.5130163007333672,-0.017670825773041444,0.023096133734612865,1.4948560842385157,0.0,6.490113300117173e-07,6069,0.005,1,1,0.9347549080848694,1.0,-0.06524509191513062,0.06524509191513062,-1.0797832012176514,-1.0,-0.07978320121765137,0.07978320121765137,0.2519333149287568,0.7065845746014605,0.7622674683352941,0.7070286273956299,2b3f5ed74c92ba6fa6d265ea5875ee9799bc6e8f9db37448b21415f56e364d11
2,additive,5,1000,800,200,10000,10000,0.5,868,41260909,41760909,1041760909,2041260909,3041260909,0.10022175450860446,1.1998266268264093,1.1927869519875625,0.016307775287282125,1.4395839344416397,-0.016575498448571153,0.022770235365455044,1.4227407128317795,0.0,6.676899104718359e-07,6076,0.005,1,1,0.9374060034751892,1.0,-0.06259399652481079,0.06259399652481079,-1.0782712697982788,-1.0,-0.07827126979827881,0.07827126979827881,0.24595534862821217,0.6977034623177881,0.7554894436125623,0.6939375400543213,c31ee58ce89c449eae125d30d8918aaa1f326a9b832abd52f1b36f3ab919cd39
2,additive,5,1000,800,200,10000,10000,0.5,869,41260909,41760909,1041760909,2041260909,3041260909,0.10056628171873486,1.2289169690662043,1.220894512305462,0.016549390538672014,1.510236916858866,-0.018101448609973023,0.02371182990346251,1.4905834101775919,-2.220446049250313e-16,6.282107953836658e-07,6083,0.005,1,1,0.9391974806785583,1.0,-0.06080251932144165,0.06080251932144165,-1.080103874206543,-1.0,-0.08010387420654297,0.08010387420654297,0.23743650518345205,0.7081392519067474,0.7608761071635648,0.7054013013839722,b8ecf53cc905c569e2323b046b4c5dd444cf552d1fcb76c3146e63e7b6e06011
2,additive,5,1000,800,200,10000,10000,0.5,870,41260909,41760909,1041760909,2041260909,3041260909,0.09854632003165399,1.2534879673513197,1.2331338114976533,0.015982251246640766,1.571232084294543,-0.0332976692412269,0.0419573695821914,1.52061899705873,0.0,6.875955023133429e-07,6090,0.005,1,1,0.9421077370643616,1.0,-0.05789226293563843,0.05789226293563843,-1.0797487497329712,-1.0,-0.07974874973297119,0.07974874973297119,0.24879900705165833,0.7308675884003799,0.765349144991192,0.7298833131790161,059c0fd8c45f8553ad44153e951a13cc59c8fc9a6553738e03ba29c58a51d7ef
2,additive,5,1000,800,200,10000,10000,0.5,871,41260909,41760909,1041760909,2041260909,3041260909,0.10001319461450768,1.2436545352780353,1.226912655923571,0.01651481164291364,1.5466766031176258,-0.02893837474755432,0.037024736029512166,1.5053146652654308,0.0,6.777741727859166e-07,6097,0.005,1,1,0.9423601031303406,1.0,-0.057639896869659424,0.057639896869659424,-1.081732988357544,-1.0,-0.08173298835754395,0.08173298835754395,0.24368519492869903,0.7177377324439298,0.7613269364629661,0.7179304361343384,894a96e2ba1cef5bd63f41f453e9ab3b305fbbad9566c8fb9785aadbe6b19678
2,additive,5,1000,800,200,10000,10000,0.5,872,41260909,41760909,1041760909,2041260909,3041260909,0.10148190569094911,1.2189334588766259,1.2138477437654744,0.016932875491047408,1.485798777168935,-0.014652653807724932,0.019501357786386276,1.4734263450445326,2.220446049250313e-16,5.894406189810297e-07,6104,0.005,1,1,0.9400800466537476,1.0,-0.05991995334625244,0.05991995334625244,-1.0819034576416016,-1.0,-0.08190345764160156,0.08190345764160156,0.24280459447577996,0.7030832644204028,0.7613470048400057,0.699764609336853,b7b8210b70d22f015d9f966aef2d8582c06b34267baa37a7f2c134a8869a35e1
2,additive,5,1000,800,200,10000,10000,0.5,873,41260909,41760909,1041760909,2041260909,3041260909,0.10019223275196244,1.2387304396032712,1.227001061009588,0.01649366443630117,1.5344531019997136,-0.022707581358679972,0.029282218900214957,1.5055316037186548,0.0,6.991411236612066e-07,6111,0.005,1,1,0.9406214356422424,1.0,-0.05937856435775757,0.05937856435775757,-1.0807011127471924,-1.0,-0.08070111274719238,0.08070111274719238,0.2334385997681092,0.7166292454957341,0.763387360317433,0.7156269550323486,3bf4a7e7a1ba98bedc31c49e030b3acc65d141a65bcb614e180740706fcd6992
2,additive,5,1000,800,200,10000,10000,0.5,874,41260909,41760909,1041760909,2041260909,3041260909,0.10068423892778688,1.25440825554817,1.2324138898622299,0.01667371444709032,1.5735400715874026,-0.03568489505457021,0.04488062594848637,1.5188439959253526,0.0,6.217397352514809e-07,6118,0.005,1,1,0.940666139125824,1.0,-0.059333860874176025,0.059333860874176025,-1.0813437700271606,-1.0,-0.08134377002716064,0.08134377002716064,0.23289102138003032,0.7202263059730248,0.7636620417497517,0.7167391777038574,16b9225aa10cb7070139ce40ae01cb896386947bafd824b0bd930599cd97f488
2,additive,5,1000,800,200,10000,10000,0.5,875,41260909,41760909,1041760909,2041260909,3041260909,0.10240728011181356,1.2504347702712946,1.2331474340939492,0.01718997967815939,1.5635871147034253,-0.030062250084547076,0.03803477440480971,1.5206525942124907,2.220446049250313e-16,6.811128407946399e-07,6125,0.005,1,1,0.9385769963264465,1.0,-0.06142300367355347,0.06142300367355347,-1.081941843032837,-1.0,-0.08194184303283691,0.08194184303283691,0.23480276473528305,0.7084839435336683,0.7653836923471914,0.7086243629455566,3fe21797e9f97b689b436a6e10ae6b813040f4191513e8b83de49d75110dc725
2,additive,5,1000,800,200,10000,10000,0.5,876,41260909,41760909,1041760909,2041260909,3041260909,0.10291369381370263,1.255338471708454,1.2386459722394287,0.017379833276301812,1.575874678551317,-0.029505333641329644,0.03703781589481789,1.5342438445449595,2.220446049250313e-16,6.432956567437031e-07,6132,0.005,1,1,0.9386119842529297,1.0,-0.06138801574707031,0.06138801574707031,-1.0825998783111572,-1.0,-0.08259987831115723,0.08259987831115723,0.23893869721326763,0.7133508966793984,0.7670178607727792,0.7097328901290894,f889d73033927f159580844dad4bf966d0909b5ab74865566c45bc5fe910d8c5
2,additive,5,1000,800,200,10000,10000,0.5,877,41260909,41760909,1041760909,2041260909,3041260909,0.10185281897604682,1.3290283630888438,1.2943698920550943,0.017078664651415793,1.7663163898946113,-0.054000818543655627,0.06055956968816629,1.6753934174587164,6.661338147750939e-16,7.034242450743022e-07,6139,0.005,1,1,0.9402812123298645,1.0,-0.0597187876701355,0.0597187876701355,-1.0825085639953613,-1.0,-0.08250856399536133,0.08250856399536133,0.26516896398126194,0.7437486957698742,0.7811835932422673,0.7417036294937134,db3811b828add3558ee710fbdc65af7004e77a16c029bca10aed79d128027861
2,additive,5,1000,800,200,10000,10000,0.5,878,41260909,41760909,1041760909,2041260909,3041260909,0.10086966483242858,1.3119733596379552,1.2804306725001513,0.01672969141429154,1.7212740963997035,-0.04925054036740254,0.056674836628921595,1.6395027070791897,-4.440892098500626e-16,6.846783318081862e-07,6146,0.005,1,1,0.9404513239860535,1.0,-0.05954867601394653,0.05954867601394653,-1.0814164876937866,-1.0,-0.08141648769378662,0.08141648769378662,0.2691690132580106,0.7219179344081442,0.7763606880808209,0.7235841751098633,bed93af3574ac0fd2c846e0999cb042491f58a786e62b87d6898c487ab5bb352
2,additive,5,1000,800,200,10000,10000,0.5,879,41260909,41760909,1041760909,2041260909,3041260909,0.09877106282492586,1.2585619855602457,1.2376361232187496,0.016004530504738084,1.5839782714973483,-0.03411981425307527,0.04265022625290791,1.531743173495936,2.220446049250313e-16,5.915210952167627e-07,6153,0.005,1,1,0.9410046339035034,1.0,-0.05899536609649658,0.05899536609649658,-1.0792165994644165,-1.0,-0.0792165994644165,0.0792165994644165,0.25648664109094144,0.7244714952063943,0.7645747047935573,0.721265435218811,6e2b95c10e74fe47b8287ac4b74f73e802c601b27ac717177a0fa64de60c8bb5
2,additive,5,1000,800,200,10000,10000,0.5,880,41260909,41760909,1041760909,2041260909,3041260909,0.09964357637788292,1.2291578970568142,1.2186029335563144,0.016210346796471656,1.51082913589713,-0.021023186510773145,0.02753456835797011,1.4849931096720552,0.0,6.447857288094383e-07,6160,0.005,1,1,0.9391457438468933,1.0,-0.06085425615310669,0.06085425615310669,-1.0789024829864502,-1.0,-0.0789024829864502,0.0789024829864502,0.2403437661887127,0.7022720778558442,0.7621836157195114,0.7003899812698364,f7e81d2c5e0cf8590ff3bc849908886da248168513aaae74a15759a95526b213
2,additive,5,1000,800,200,10000,10000,0.5,881,41260909,41760909,1041760909,2041260909,3041260909,0.09743082224532909,1.243131258619866,1.2274762062582922,0.01554344055307399,1.545375326157812,-0.027110464890318247,0.03473654807475277,1.5066978369302497,2.220446049250313e-16,6.749765582014788e-07,6167,0.005,1,1,0.941267192363739,1.0,-0.058732807636260986,0.058732807636260986,-1.0777381658554077,-1.0,-0.07773816585540771,0.07773816585540771,0.23353163663808757,0.7160359552691871,0.7652813674562982,0.7113795280456543,e2c704761cad915a8e65e8acf452884bb587e1fd5d98f0ec4e8bd9761dcb12d6
2,additive,5,1000,800,200,10000,10000,0.5,882,41260909,41760909,1041760909,2041260909,3041260909,0.09867102473679415,1.2061673837048836,1.2004671064985788,0.015854441498719674,1.4548397575134842,-0.014786462613566625,0.020108140255803004,1.4411212737850703,-2.220446049250313e-16,6.433095869340377e-07,6174,0.005,1,1,0.9390878677368164,1.0,-0.060912132263183594,0.060912132263183594,-1.0776252746582031,-1.0,-0.07762527465820312,0.07762527465820312,0.23286830244475543,0.7070139363444392,0.7588716924981318,0.7063759565353394,33afa62a9106c3320d4ad00cd341285dd03be9fb8343cf410b19f6f648f00b50
2,additive,5,1000,800,200,10000,10000,0.5,883,41260909,41760909,1041760909,2041260909,3041260909,0.10035428678708891,1.2471865351780602,1.2296989291033862,0.016380110550295986,1.5554742535294546,-0.029847453920867996,0.037977378315633366,1.512159456238015,2.220446049250313e-16,6.929246403331035e-07,6181,0.005,1,1,0.9377498030662537,1.0,-0.06225019693374634,0.06225019693374634,-1.0787140130996704,-1.0,-0.07871401309967041,0.07871401309967041,0.2442950163667465,0.7202861355026994,0.7645456624201966,0.7171776294708252,b5fb344f4ba0d42a2eb71ddc6930a62d72a1a139927af2368a29436842c78052
2,additive,5,1000,800,200,10000,10000,0.5,884,41260909,41760909,1041760909,2041260909,3041260909,0.10322231282676868,1.2311078969765201,1.2180776096442425,0.017158274695276237,1.51562665399795,-0.024535932788297295,0.032014840867747016,1.4837130631166315,-2.220446049250313e-16,7.019841774535962e-07,6188,0.005,1,1,0.933692991733551,1.0,-0.06630700826644897,0.06630700826644897,-1.0791089534759521,-1.0,-0.07910895347595215,0.07910895347595215,0.23083321057872175,0.7024298291756622,0.7623072214514613,0.7015090584754944,33a38f410eb0c53975dabe0c3792ffb728c697dfd701ff8ce9ab8db142bbed4f
2,additive,5,1000,800,200,10000,10000,0.5,885,41260909,41760909,1041760909,2041260909,3041260909,0.10853760133317987,1.203433515481302,1.2109028076811181,0.018919247207024006,1.4482522261836854,-0.00044293187034722195,0.0006037901886458894,1.466285609650015,0.0,6.436913775331732e-07,6195,0.005,1,1,0.9296875596046448,1.0,-0.07031244039535522,0.07031244039535522,-1.0826835632324219,-1.0,-0.08268356323242188,0.08268356323242188,0.2696973445204307,0.702912749832185,0.7623530772637591,0.7005283832550049,9c728db9d9fcfbd8e87444efc53f1356ed83c94cd7d05d99903c0db4bf2f9b71
2,additive,5,1000,800,200,10000,10000,0.5,886,41260909,41760909,1041760909,2041260909,3041260909,0.10718515268586398,1.2332240772437246,1.2298837557975988,0.018532412202067496,1.520841624693636,-0.013379992060448032,0.017383679001667558,1.5126140527748075,0.0,6.831143579688614e-07,6202,0.005,1,1,0.9315230250358582,1.0,-0.06847697496414185,0.06847697496414185,-1.0824594497680664,-1.0,-0.0824594497680664,0.0824594497680664,0.2585925299278074,0.7046626269747458,0.766056933427438,0.7054735422134399,4d01bb2285a1df98f499539bc3cd1fd1861cf3c85e9c2a8d2eeb20dad3209542
2,additive,5,1000,800,200,10000,10000,0.5,887,41260909,41760909,1041760909,2041260909,3041260909,0.10432723758685328,1.2397263169940624,1.2253522611938343,0.017731591739010566,1.5369213410476628,-0.02658238438691535,0.03419719453301663,1.5014881640128428,2.220446049250313e-16,6.942730284009713e-07,6209,0.005,1,1,0.9357045292854309,1.0,-0.06429547071456909,0.06429547071456909,-1.0821599960327148,-1.0,-0.08215999603271484,0.08215999603271484,0.24503144643659247,0.7147143981263666,0.7640026805618316,0.7118181586265564,ac0164dfe1f4a3e95b3dbcbec89defad7f719f3638405194fc78af9fd36fc310
2,additive,5,1000,800,200,10000,10000,0.5,888,41260909,41760909,1041760909,2041260909,3041260909,0.10170318341551293,1.2598338279817145,1.2352149789217015,0.016979957415235412,1.5871812741270601,-0.039202593694878045,0.048876126568882766,1.5257560441525395,0.0,7.103317241075047e-07,6216,0.005,1,1,0.9394524693489075,1.0,-0.06054753065109253,0.06054753065109253,-1.0817161798477173,-1.0,-0.08171617984771729,0.08171617984771729,0.24388594486977028,0.7113427891127024,0.76419504081937,0.7096495628356934,c4737ff8ced3be579994c730a59343e3048d2351e23da389676708445cce635b
2,additive,5,1000,800,200,10000,10000,0.5,889,41260909,41760909,1041760909,2041260909,3041260909,0.10508694399093879,1.271470018262866,1.2455369991308889,0.018205474214997103,1.6166360073413728,-0.041739532676195054,0.0510624829955489,1.5513624162039799,0.0,6.436979962387568e-07,6223,0.005,1,1,0.9388725757598877,1.0,-0.061127424240112305,0.061127424240112305,-1.0854792594909668,-1.0,-0.0854792594909668,0.0854792594909668,0.24740879164644924,0.7232512112106838,0.7683361145733048,0.7182785272598267,a06a04315d2398e95b119a47cb4aefee0031cfc2a57b947c72a6ec76b522789d
2,additive,5,1000,800,200,10000,10000,0.5,890,41260909,41760909,1041760909,2041260909,3041260909,0.1043342475648285,1.3209436795034026,1.2937157500249798,0.017989732974373045,1.7448922044199884,-0.044590747765832675,0.0505884674633859,1.673700441862696,0.0,5.971416392469564e-07,6230,0.005,1,1,0.9402390718460083,1.0,-0.0597609281539917,0.0597609281539917,-1.0855234861373901,-1.0,-0.08552348613739014,0.08552348613739014,0.2578294113840201,0.7238143166504559,0.7814485771942613,0.7230825424194336,53e9cf2237989101cc95a97c76f414facc640bbd3c4c1f5a774b19bac43dda5e
2,additive,5,1000,800,200,10000,10000,0.5,891,41260909,41760909,1041760909,2041260909,3041260909,0.10657119835284641,1.2754770828292517,1.2599817377936409,0.018651346833640503,1.6268417888226177,-0.028969578041387403,0.03521081603276784,1.5875539795734832,0.0,5.846984283408574e-07,6237,0.005,1,1,0.9366759061813354,1.0,-0.06332409381866455,0.06332409381866455,-1.0857174396514893,-1.0,-0.08571743965148926,0.08571743965148926,0.2564742385927172,0.7136837362323724,0.7719005592033445,0.7123950719833374,cb02ff4afde496e3f66be5dbf9a47b1cf1ab1613f93483e92b1ca184590e8b06
2,additive,5,1000,800,200,10000,10000,0.5,892,41260909,41760909,1041760909,2041260909,3041260909,0.1037229404087746,1.291167492113814,1.2639825915340794,0.017611147291744234,1.6671134926914761,-0.04353632414100626,0.05168360823812713,1.5976519917012078,0.0,6.352361943129381e-07,6244,0.005,1,1,0.9373960494995117,1.0,-0.06260395050048828,0.06260395050048828,-1.0826994180679321,-1.0,-0.08269941806793213,0.08269941806793213,0.2763858529895098,0.7457569535418866,0.7737195814570683,0.7470597624778748,2267d814d2ad2eebc3fdfc52749470b887d8dbc4e21a001375ed72d72540e261
2,additive,5,1000,800,200,10000,10000,0.5,893,41260909,41760909,1041760909,2041260909,3041260909,0.1062414595184294,1.2846930063245745,1.2609516968763232,0.018333578273595823,1.6504361204992732,-0.03938525845879512,0.047202748812801544,1.5899991818552792,4.440892098500626e-16,6.406120736102139e-07,6251,0.005,1,1,0.9337548613548279,1.0,-0.06624513864517212,0.06624513864517212,-1.0830591917037964,-1.0,-0.08305919170379639,0.08305919170379639,0.2364280621000736,0.7275332309119176,0.7725571523316588,0.7263211011886597,4bb8690498659dd67486bd8d9fb97eb1806bfcc2bee3f68ffdf73cd6012ad854
2,additive,5,1000,800,200,10000,10000,0.5,894,41260909,41760909,1041760909,2041260909,3041260909,0.10733791879008775,1.3029540641485755,1.2790765865186413,0.018605191208600935,1.6976892932812901,-0.04012878515485586,0.04676212097340946,1.6360369141801794,0.0,6.686492746155182e-07,6258,0.005,1,1,0.9316683411598206,1.0,-0.06833165884017944,0.06833165884017944,-1.0827780961990356,-1.0,-0.08277809619903564,0.08277809619903564,0.24782902156859554,0.7152944812079831,0.7779160514587375,0.7151482105255127,2811e07abb6132ca5c440bc7142789b7dbb33540cc9997ba863f79c07588c383
2,additive,5,1000,800,200,10000,10000,0.5,895,41260909,41760909,1041760909,2041260909,3041260909,0.11087060426796994,1.243840663702907,1.2287121935258039,0.019728102552921883,1.547139596680888,-0.028567022357408673,0.03646386018599757,1.5097336545189926,0.0,6.69270349362705e-07,6265,0.005,1,1,0.9280313849449158,1.0,-0.07196861505508423,0.07196861505508423,-1.0843374729156494,-1.0,-0.08433747291564941,0.08433747291564941,0.23085133390810136,0.7152682855208919,0.7641339951785794,0.7115048170089722,e029c3c3e0863190096a6eac3a1f6e8c50690c2fcb3e903f125d298934c49c81
2,additive,5,1000,800,200,10000,10000,0.5,896,41260909,41760909,1041760909,2041260909,3041260909,0.11029728493528565,1.2748816442042163,1.2495115148402256,0.01943147626994208,1.6253232067288463,-0.04173782864023655,0.05075264909918155,1.5612790257183156,2.220446049250313e-16,6.309987305996856e-07,6272,0.005,1,1,0.9274132251739502,1.0,-0.0725867748260498,0.0725867748260498,-1.0830460786819458,-1.0,-0.0830460786819458,0.0830460786819458,0.24917424904688035,0.7378851470910271,0.7686353494231427,0.7340623140335083,f373cd85d2ea9c9a9b1fff1f0b7f14e981afa97f6f7919a0120ba52ec290a3a0
2,additive,5,1000,800,200,10000,10000,0.5,897,41260909,41760909,1041760909,2041260909,3041260909,0.10993997611938455,1.2832607385633776,1.2623257410587387,0.01928677793123137,1.6467581231382253,-0.03628931226498136,0.04356342646189999,1.593466276539494,0.0,5.883345064461309e-07,6279,0.005,1,1,0.9274526834487915,1.0,-0.0725473165512085,0.0725473165512085,-1.0826056003570557,-1.0,-0.08260560035705566,0.08260560035705566,0.24471919211722615,0.7230102855541198,0.7724414018749293,0.7230602502822876,ac88ac04e6ae802e8b30e10c0d608d7a527f7144d75d79d5f29a756acc697326
2,additive,5,1000,800,200,10000,10000,0.5,898,41260909,41760909,1041760909,2041260909,3041260909,0.10705971470822986,1.2741710655888616,1.2486943111548967,0.018365986590147414,1.6235119043838548,-0.041320204131700074,0.05033285892800215,1.5592374827106021,2.220446049250313e-16,5.831657254873335e-07,6286,0.005,1,1,0.9301785230636597,1.0,-0.06982147693634033,0.06982147693634033,-1.0811587572097778,-1.0,-0.08115875720977783,0.08115875720977783,0.23836314250740462,0.7202171311606546,0.76847713599654,0.7181251049041748,71640c0ca5244b6ab65976b24fb9ff5572c4806959d4e19d2c1b370ef9f32400
2,additive,5,1000,800,200,10000,10000,0.5,899,41260909,41760909,1041760909,2041260909,3041260909,0.10631971000183876,1.255733790186194,1.2406706777736427,0.01822249229565233,1.5768673518153846,-0.027913056711863452,0.034998726642159445,1.5392637306873098,-2.220446049250313e-16,7.107341470913298e-07,6293,0.005,1,1,0.9319317936897278,1.0,-0.06806820631027222,0.06806820631027222,-1.0816737413406372,-1.0,-0.08167374134063721,0.08167374134063721,0.2469606432992181,0.7170552319342831,0.7677252379072077,0.7147558331489563,56011af3b228daafbe0860938a2670b8d9a1cd39192578bd4f5d51210ac8090a
2,additive,5,1000,800,200,10000,10000,0.5,900,41260909,41760909,1041760909,2041260909,3041260909,0.10571947577139036,1.2269622928908117,1.2182622898100275,0.018130990667844123,1.5054364681758783,-0.019702226035275452,0.02586328018613369,1.4841630067731715,0.0,6.459956978233095e-07,6300,0.005,1,1,0.9337690472602844,1.0,-0.06623095273971558,0.06623095273971558,-1.0824018716812134,-1.0,-0.08240187168121338,0.08240187168121338,0.23013349156555152,0.702568531597789,0.7618363955037453,0.6984220147132874,5cdbbbb4ad7da721fa152c4eed5006ec3057969185654c1585908c6827228252
2,additive,5,1000,800,200,10000,10000,0.5,901,41260909,41760909,1041760909,2041260909,3041260909,0.10205458207848499,1.259580908857921,1.2407669695246153,0.01705002066554724,1.5865440659593464,-0.032045706980798,0.03996735489121818,1.5395026726632977,0.0,6.104302165965692e-07,6307,0.005,1,1,0.9384174346923828,1.0,-0.06158256530761719,0.06158256530761719,-1.0813801288604736,-1.0,-0.08138012886047363,0.08138012886047363,0.22830814939536231,0.7121324823065632,0.7676772884488983,0.710578441619873,edfa7b69ef2da68a4f69d2152d4d4291392ea4b2ae01fb46e3bfc39d49164bbc
2,additive,5,1000,800,200,10000,10000,0.5,902,41260909,41760909,1041760909,2041260909,3041260909,0.10159987851269153,1.2473071499047814,1.23062954604569,0.016908431812064664,1.5557751262035886,-0.02911723920751597,0.03702873226989782,1.514449079600621,-4.440892098500626e-16,6.688812792532417e-07,6314,0.005,1,1,0.9388617873191833,1.0,-0.06113821268081665,0.06113821268081665,-1.0811458826065063,-1.0,-0.08114588260650635,0.08114588260650635,0.2241079102664176,0.7129248826430274,0.7644954564212992,0.708791971206665,1ecb529ca540b78d64e8cff422d59c330a6ff375f38d5127d4e3112ef4f99e2a
2,additive,5,1000,800,200,10000,10000,0.5,903,41260909,41760909,1041760909,2041260909,3041260909,0.09963201584281352,1.2437466013724725,1.2266464895373725,0.016322814349773125,1.5469056084255761,-0.029283406240494855,0.03746529402082546,1.5046616102943593,-2.220446049250313e-16,6.83780276844459e-07,6321,0.005,1,1,0.9412041306495667,1.0,-0.05879586935043335,0.05879586935043335,-1.08043372631073,-1.0,-0.08043372631072998,0.08043372631072998,0.22673267846934933,0.7147863642112395,0.7643402933988158,0.7121886610984802,b4cfada02aff236e67f4669b4e3e0e3b531b58d272679b85a6d06f211ee2b5f0
2,additive,5,1000,800,200,10000,10000,0.5,904,41260909,41760909,1041760909,2041260909,3041260909,0.10043947469898382,1.259972965406845,1.241937583612471,0.016581260966729572,1.5875318735561188,-0.030852086466832417,0.03846622261591235,1.5424089615891834,0.0,5.844910511143553e-07,6328,0.005,1,1,0.9405900239944458,1.0,-0.0594099760055542,0.0594099760055542,-1.0809848308563232,-1.0,-0.08098483085632324,0.08098483085632324,0.22279071378740864,0.7159040308665314,0.7657528774189626,0.7157925963401794,ec7011e238ddef8c21769d66286961c602fbfbc8e84d2291b1e0d043b48175be
2,additive,5,1000,800,200,10000,10000,0.5,905,41260909,41760909,1041760909,2041260909,3041260909,0.1025225924148159,1.2335871524444948,1.2225412432871643,0.01738433038100387,1.5217372626761172,-0.022257250759497905,0.028922017415516664,1.4946070915381253,0.0,5.846872586090512e-07,6335,0.005,1,1,0.9415947198867798,1.0,-0.058405280113220215,0.058405280113220215,-1.0842597484588623,-1.0,-0.0842597484588623,0.0842597484588623,0.23219556730003732,0.7071298353831849,0.7635078930795296,0.7042207717895508,3846934b49130a5a96bf59d1f5cc17acdb74af1e7dddde17ac1a21eec1599b64
2,additive,5,1000,800,200,10000,10000,0.5,906,41260909,41760909,1041760909,2041260909,3041260909,0.10357924949461265,1.2447759436044337,1.234591947791182,0.017692195498962213,1.5494671497763082,-0.021471033862222832,0.027401213446423933,1.5242172775508247,0.0,6.400113523596929e-07,6342,0.005,1,1,0.9398588538169861,1.0,-0.060141146183013916,0.060141146183013916,-1.0843309164047241,-1.0,-0.08433091640472412,0.08433091640472412,0.23204122350877404,0.7224012720394362,0.7653372505436457,0.7198916077613831,9fa4251f838dba817cdb4af3fc8a1b8961277c50ad64592ef0fc08535b2ae881
2,additive,5,1000,800,200,10000,10000,0.5,907,41260909,41760909,1041760909,2041260909,3041260909,0.10517532188188171,1.2974024744701012,1.272580328010328,0.01802856170839411,1.6832531807611413,-0.040910525615330644,0.0480937690613737,1.6194606912388743,0.0,5.886870280136236e-07,6349,0.005,1,1,0.9352923631668091,1.0,-0.06470763683319092,0.06470763683319092,-1.0829142332077026,-1.0,-0.08291423320770264,0.08291423320770264,0.23859506706030295,0.7264235322747495,0.7750821862983395,0.7251688838005066,f52b2b4447ab42047f374868270a0e5234e5a786ffeab60a7435c5401c921539
2,additive,5,1000,800,200,10000,10000,0.5,908,41260909,41760909,1041760909,2041260909,3041260909,0.10723978218050101,1.2943049263768325,1.275240935953168,0.018589027385145653,1.6752252424433376,-0.03378741254888569,0.03989506187394091,1.6262394447307118,0.0,6.443035776015904e-07,6356,0.005,1,1,0.9319520592689514,1.0,-0.06804794073104858,0.06804794073104858,-1.0828845500946045,-1.0,-0.08288455009460449,0.08288455009460449,0.2474589957918426,0.7249891430745293,0.776105661645296,0.7227326035499573,720108603670030cb4d4569818d494a4665997e7e5a13db687ba8a485df8bdf7
2,additive,5,1000,800,200,10000,10000,0.5,909,41260909,41760909,1041760909,2041260909,3041260909,0.10606325402984355,1.2759071517992369,1.2587185548645798,0.018046873054359782,1.6279390600124406,-0.030806766353212094,0.037432599798484234,1.5843724003603763,2.220446049250313e-16,6.375305208194959e-07,6363,0.005,1,1,0.9310666918754578,1.0,-0.06893330812454224,0.06893330812454224,-1.0806077718734741,-1.0,-0.08060777187347412,0.08060777187347412,0.23537053854824122,0.7200628511904857,0.7719726932404423,0.7194794416427612,b2357402aa6201bcd790d71538866f142325f04e9de78a47224c4325c36cbc36
2,additive,5,1000,800,200,10000,10000,0.5,910,41260909,41760909,1041760909,2041260909,3041260909,0.10188407249424561,1.3061910574548978,1.2757486415233408,0.016676567601483835,1.7061350785751441,-0.04763852491398938,0.05530323064591744,1.6275345963486494,2.220446049250313e-16,6.448731912911398e-07,6370,0.005,1,1,0.9340672492980957,1.0,-0.0659327507019043,0.0659327507019043,-1.0776739120483398,-1.0,-0.07767391204833984,0.07767391204833984,0.2555652836340582,0.7447756025441734,0.7755101474110732,0.7440502047538757,c746e0665a435caa435f510581fee5e0d8d4e5140a279542f3e37005e7936a2e
2,additive,5,1000,800,200,10000,10000,0.5,911,41260909,41760909,1041760909,2041260909,3041260909,0.10376500762522219,1.2633962133682417,1.2446551427182357,0.017293155567863303,1.596169991953212,-0.03214836161306164,0.03985013436774727,1.5491664242949519,0.0,6.089575919077106e-07,6377,0.005,1,1,0.9327929019927979,1.0,-0.06720709800720215,0.06720709800720215,-1.079059362411499,-1.0,-0.07905936241149902,0.07905936241149902,0.23498988111676888,0.7236281651382512,0.7668767178576404,0.721561074256897,18cbf67f770b67bfc7072a331b7ba4bbf99df32a3fc6037753708b428203baf8
2,additive,5,1000,800,200,10000,10000,0.5,912,41260909,41760909,1041760909,2041260909,3041260909,0.1015318960465857,1.3580535226246182,1.3267595672738115,0.01664572721597463,1.8443093703131341,-0.05033207408825876,0.054092733516340495,1.7602909493525913,2.220446049250313e-16,6.956265394819638e-07,6384,0.005,1,1,0.9353495240211487,1.0,-0.06465047597885132,0.06465047597885132,-1.078288197517395,-1.0,-0.07828819751739502,0.07828819751739502,0.26665194191851394,0.749378332991835,0.7923553377881137,0.7499994039535522,7eb68eb7d2e801d6d55cf1d7097fe983affdbdffefeadb7a04976ebcad79d92b
2,additive,5,1000,800,200,10000,10000,0.5,913,41260909,41760909,1041760909,2041260909,3041260909,0.10166284621753603,1.3243951751497218,1.2947414385802563,0.016740767578416752,1.754022579959862,-0.0472039773807037,0.05331483447105095,1.6763553927768713,-2.220446049250313e-16,6.966779491079933e-07,6391,0.005,1,1,0.9359584450721741,1.0,-0.06404155492782593,0.06404155492782593,-1.0789557695388794,-1.0,-0.0789557695388794,0.0789557695388794,0.25256905912833055,0.7388886944260569,0.7794571954074023,0.737067699432373,5c07cc7a43425c6cf4e9ce2692441ef4da6d8c537f7a0b7a4c393137087a218c
2,additive,5,1000,800,200,10000,10000,0.5,914,41260909,41760909,1041760909,2041260909,3041260909,0.10193038166255097,1.2981715554049795,1.271145588048237,0.01682202800857711,1.685249387262584,-0.043130154628331516,0.05067960632128981,1.615811106014498,-2.220446049250313e-16,5.854304134800259e-07,6398,0.005,1,1,0.9356955289840698,1.0,-0.06430447101593018,0.06430447101593018,-1.0790868997573853,-1.0,-0.07908689975738525,0.07908689975738525,0.24745903060409938,0.7262455566205656,0.774589953511382,0.724137544631958,11d62ef5865f9057840a8585cbfa2693fb2cbc621a7787df64c69d9c31330274
2,additive,5,1000,800,200,10000,10000,0.5,915,41260909,41760909,1041760909,2041260909,3041260909,0.10501939826020187,1.2915988677491734,1.26572577590249,0.017773830924386808,1.668227635170947,-0.04196986315568662,0.049786271245523886,1.6020617397839605,-2.220446049250313e-16,6.413650375236557e-07,6405,0.005,1,1,0.9326951503753662,1.0,-0.06730484962463379,0.06730484962463379,-1.0806171894073486,-1.0,-0.08061718940734863,0.08061718940734863,0.23891797403307932,0.733676676113486,0.7727709685563997,0.7309638261795044,cca78c2aea1749620e14d076bdedb028ce00fa5ca774457a63ea32d558c2543a
2,additive,5,1000,800,200,10000,10000,0.5,916,41260909,41760909,1041760909,2041260909,3041260909,0.10359353178872781,1.2489748838611974,1.2363026784510724,0.017204863492077747,1.5599382605160916,-0.024349405631436827,0.03087786423537132,1.5284443127452956,-2.220446049250313e-16,5.816624923937752e-07,6412,0.005,1,1,0.932540774345398,1.0,-0.06745922565460205,0.06745922565460205,-1.0786185264587402,-1.0,-0.07861852645874023,0.07861852645874023,0.24003023190150088,0.7193002000577376,0.7667011479415043,0.7153294086456299,13cb9ad5d3e4b07b4cfd6aee602c3331cfcfa35ff17c6675e59925f1796d72e7
2,additive,5,1000,800,200,10000,10000,0.5,917,41260909,41760909,1041760909,2041260909,3041260909,0.10463325098306503,1.2315947294911462,1.226519886536638,0.017550595846957808,1.5168255777103699,-0.015012570743740227,0.019568305351007623,1.5043510320698472,0.0,6.44573519892333e-07,6419,0.005,1,1,0.9318482875823975,1.0,-0.06815171241760254,0.06815171241760254,-1.0793943405151367,-1.0,-0.07939434051513672,0.07939434051513672,0.24222752969932457,0.7109718518237016,0.7658389668192344,0.7073591351509094,24ddabeff1eadec3e8c1df771832308598dcf0e254a1e63305c4fff31435c939
2,additive,5,1000,800,200,10000,10000,0.5,918,41260909,41760909,1041760909,2041260909,3041260909,0.10423351163101566,1.225687792747742,1.2202894428757272,0.017553220631089925,1.5023105652908317,-0.015378730763984692,0.020236985585726334,1.4891063243939524,0.0,6.339972298263774e-07,6426,0.005,1,1,0.9337546825408936,1.0,-0.06624531745910645,0.06624531745910645,-1.0804747343063354,-1.0,-0.08047473430633545,0.08047473430633545,0.24898354157710134,0.7134210360703974,0.7628088317861277,0.7084611654281616,236ebbbbb8c3c3e203c3099f567ef6b5a8a017cd575553631711b8c043169f04
2,additive,5,1000,800,200,10000,10000,0.5,919,41260909,41760909,1041760909,2041260909,3041260909,0.10701441739735168,1.2196463144493555,1.2102403221585911,0.018513380419667033,1.4875371323498963,-0.02068443769551649,0.027468451449850356,1.4646816373785303,0.0,6.356082096203863e-07,6433,0.005,1,1,0.9321251511573792,1.0,-0.06787484884262085,0.06787484884262085,-1.0827350616455078,-1.0,-0.08273506164550781,0.08273506164550781,0.23266327821209856,0.704368461165152,0.7598071486387266,0.7020950317382812,61d916e3168bcf635b847e65469d5e76dd1496c8b69aa8a329c8e5e3250e7389
2,additive,5,1000,800,200,10000,10000,0.5,920,41260909,41760909,1041760909,2041260909,3041260909,0.10811013946828986,1.2409873123358635,1.2373021855786586,0.018931856487854042,1.5400495093785898,-0.014032333714359363,0.018001926157161646,1.5309166984377252,2.220446049250313e-16,6.664522409494111e-07,6440,0.005,1,1,0.9319023489952087,1.0,-0.06809765100479126,0.06809765100479126,-1.0839673280715942,-1.0,-0.08396732807159424,0.08396732807159424,0.255547829621734,0.710555318937256,0.7671719054765787,0.7074998021125793,012e7498c47298b90b13244c2cae4f38bae40d02676dee33dc7a0eb2d322c55f
2,additive,5,1000,800,200,10000,10000,0.5,921,41260909,41760909,1041760909,2041260909,3041260909,0.10815751593143633,1.2030272742848485,1.2126859706333648,0.0189918955866568,1.447274622673232,0.0021703725555486456,-0.002960406622561857,1.4706072633709861,0.0,6.504286016451033e-07,6447,0.005,1,1,0.932440459728241,1.0,-0.06755954027175903,0.06755954027175903,-1.0844615697860718,-1.0,-0.08446156978607178,0.08446156978607178,0.2722472492302367,0.7129699334443792,0.7626546123645581,0.7095718383789062,76fb78b12e71fa1a0dd617c5cdc81ba1bf69af5ceacb932768b244aca080f3b8
2,additive,5,1000,800,200,10000,10000,0.5,922,41260909,41760909,1041760909,2041260909,3041260909,0.10727695699493753,1.229930385882772,1.2347108026714297,0.018703837495565916,1.512728754117744,-0.003460912689891734,0.004519836797055214,1.5245107662335264,-2.220446049250313e-16,5.868447097157059e-07,6454,0.005,1,1,0.9332610368728638,1.0,-0.06673896312713623,0.06673896312713623,-1.0839896202087402,-1.0,-0.08398962020874023,0.08398962020874023,0.28102794484232857,0.7240797566191111,0.7674477024094751,0.7171438932418823,dd9fe1a0e548a66a46c023e2c10fda91f512841b59bc28b5ecaa48dd4e17bd5e
2,additive,5,1000,800,200,10000,10000,0.5,923,41260909,41760909,1041760909,2041260909,3041260909,0.10631837344371896,1.237347267638435,1.2347195266599509,0.018435962477386807,1.5310282607323007,-0.012465956847157006,0.01609066754872726,1.5245323095153733,-2.220446049250313e-16,6.154293679117018e-07,6461,0.005,1,1,0.934786319732666,1.0,-0.06521368026733398,0.06521368026733398,-1.0839688777923584,-1.0,-0.0839688777923584,0.0839688777923584,0.25696193466793343,0.7020971785830167,0.766681574227529,0.695117175579071,80ef9e0bc2293a9c0adc269697fba75ff15c23e291e9e67d87dd6565ed0b22eb
2,additive,5,1000,800,200,10000,10000,0.5,924,41260909,41760909,1041760909,2041260909,3041260909,0.10383175493834054,1.2799694620319486,1.2686687721003054,0.017596858031097774,1.638321823734356,-0.023199114231478496,0.028019629812672704,1.6095204533024967,0.0,6.947253048394941e-07,6468,0.005,1,1,0.936513364315033,1.0,-0.06348663568496704,0.06348663568496704,-1.0821613073349,-1.0,-0.0821613073348999,0.0821613073348999,0.25056632789764977,0.716873931639183,0.776715423064081,0.7143846750259399,99628dfe2e5ade58b95c475739652c147a2b99a53e191cf12e05e85cefd67648
2,additive,5,1000,800,200,10000,10000,0.5,925,41260909,41760909,1041760909,2041260909,3041260909,0.10028784997273757,1.2683026061688016,1.2458754819283728,0.01645919097454972,1.6085915008145741,-0.03642248765943424,0.0448262787659065,1.5522057164702554,0.0,6.388010564961633e-07,6475,0.005,1,1,0.9393880367279053,1.0,-0.06061196327209473,0.06061196327209473,-1.0798989534378052,-1.0,-0.07989895343780518,0.07989895343780518,0.2374908943263768,0.7411862283879773,0.7674920228527431,0.7389301657676697,2955d049e14016d9ff91eaf8ebae8dbfdab1689520775f8f2be880c428efd2f4
2,additive,5,1000,800,200,10000,10000,0.5,926,41260909,41760909,1041760909,2041260909,3041260909,0.10117547497533175,1.272520676323359,1.2475425878496456,0.016747510280886516,1.6193088716704587,-0.03984693672637727,0.04871095784468176,1.5563625084985904,-2.220446049250313e-16,6.785959705268851e-07,6482,0.005,1,1,0.9387791752815247,1.0,-0.06122082471847534,0.06122082471847534,-1.0805511474609375,-1.0,-0.0805511474609375,0.0805511474609375,0.2372453562328173,0.7249695505901282,0.7693476579947506,0.7223325371742249,1ad1579e6586f736f17aaa1cec3e33d513353ceb5c15c864111e11300ba2ae16
2,additive,5,1000,800,200,10000,10000,0.5,927,41260909,41760909,1041760909,2041260909,3041260909,0.1028578946314756,1.3320190566232035,1.3058983559513646,0.017321423747509876,1.7742747672073693,-0.04311283743920095,0.04812785119421671,1.705370516076477,-4.440892098500626e-16,6.530177127928027e-07,6489,0.005,1,1,0.937964916229248,1.0,-0.06203508377075195,0.06203508377075195,-1.082045078277588,-1.0,-0.08204507827758789,0.08204507827758789,0.25055914348884417,0.7317740252545687,0.7851462664486784,0.7303495407104492,5df76ebf1764660d8e498c9a776e0e396ddda89d9cce158cf9fc5a277ef92d24
2,additive,5,1000,800,200,10000,10000,0.5,928,41260909,41760909,1041760909,2041260909,3041260909,0.10448311742739239,1.315443326253051,1.2868291543400932,0.01787380181262576,1.7303911445836908,-0.04616783696833863,0.05281560676887562,1.6559292724596395,2.220446049250313e-16,6.95013472551409e-07,6496,0.005,1,1,0.936995804309845,1.0,-0.06300419569015503,0.06300419569015503,-1.0833498239517212,-1.0,-0.08334982395172119,0.08334982395172119,0.23837393317719333,0.7358440708379845,0.7814799761131116,0.7349812984466553,c06b0cd1b6067b7a6789e0b8c36390dc8b39ab35cf032731c47297e7d8251b70
2,additive,5,1000,800,200,10000,10000,0.5,929,41260909,41760909,1041760909,2041260909,3041260909,0.10437404530055173,1.3013469527175503,1.27722786445597,0.0178801493446925,1.6935038913472542,-0.040036511474594444,0.04678845954226251,1.6313110177427577,-2.220446049250313e-16,6.890016113203501e-07,6503,0.005,1,1,0.9378034472465515,1.0,-0.062196552753448486,0.062196552753448486,-1.0838184356689453,-1.0,-0.08381843566894531,0.08381843566894531,0.23357803164306623,0.7430086901439853,0.7796619942614806,0.7384161353111267,365404917ca215b6076ea8f516d064f9ec69ec3f4cd0580abbc75a44fc0fd311
2,additive,5,1000,800,200,10000,10000,0.5,930,41260909,41760909,1041760909,2041260909,3041260909,0.10917791970203322,1.2615251764582676,1.2500205717706208,0.01951857742024026,1.5914457708380632,-0.02420645920427693,0.030052135207644763,1.5625514298497496,0.0,6.467142839028384e-07,6510,0.005,1,1,0.9342029690742493,1.0,-0.06579703092575073,0.06579703092575073,-1.0871238708496094,-1.0,-0.08712387084960938,0.08712387084960938,0.22523265352919167,0.7162292692072897,0.7714703237819072,0.7128490209579468,2aca0221b53ff8cd38bd195e3d9a28c516587b76fa8c672633507227ba9a7e3e
2,additive,5,1000,800,200,10000,10000,0.5,931,41260909,41760909,1041760909,2041260909,3041260909,0.11010732311302687,1.2652389375458228,1.2564676580089094,0.019796926101011775,1.6008295690820826,-0.020957759780350367,0.025863775327186183,1.5787109756223936,0.0,6.573862343373094e-07,6517,0.005,1,1,0.932803213596344,1.0,-0.067196786403656,0.067196786403656,-1.087225079536438,-1.0,-0.08722507953643799,0.08722507953643799,0.23890231769992454,0.7190285229608075,0.7744067963007297,0.7162630558013916,ed1a4fdfdcefcc481d383c7a2e015db1911e404a309075b9bd74992ddcf8d9c8
2,additive,5,1000,800,200,10000,10000,0.5,932,41260909,41760909,1041760909,2041260909,3041260909,0.11019154828856711,1.2767723706432936,1.2597152034859396,0.01979144625736131,1.6301476864380962,-0.03152836940091755,0.03821761515457915,1.5868823938936223,-2.220446049250313e-16,5.806058780422063e-07,6524,0.005,1,1,0.9322367906570435,1.0,-0.06776320934295654,0.06776320934295654,-1.0868926048278809,-1.0,-0.08689260482788086,0.08689260482788086,0.23613794272035477,0.7182484256588679,0.772337891397534,0.7166377305984497,a312094809af1eda819dcd7ed38a2bbfd21d2d5dbd08f345675fdcb11b2393a2
2,additive,5,1000,800,200,10000,10000,0.5,933,41260909,41760909,1041760909,2041260909,3041260909,0.10766941012132111,1.2946431734413153,1.2706730179335475,0.018847310026422006,1.6761009465381995,-0.040169169030135836,0.04739869653785428,1.6146099185043494,-4.440892098500626e-16,7.013538727562718e-07,6531,0.005,1,1,0.9331042170524597,1.0,-0.06689578294754028,0.06689578294754028,-1.0843662023544312,-1.0,-0.08436620235443115,0.08436620235443115,0.24366797572517712,0.7459791062123944,0.7756211358498614,0.7412620782852173,7584ccc0d202721eb7b1e7bb44028450d90e63b5ddbef8a45508fbde8ad5a52c
2,additive,5,1000,800,200,10000,10000,0.5,934,41260909,41760909,1041760909,2041260909,3041260909,0.10676709739731534,1.3018754948256794,1.281534644821633,0.01848515967511044,1.6948798040276076,-0.03551695891230455,0.04145871972956606,1.6423310458781089,0.0,5.817923494078059e-07,6538,0.005,1,1,0.9330204725265503,1.0,-0.06697952747344971,0.06697952747344971,-1.083144187927246,-1.0,-0.0831441879272461,0.0831441879272461,0.23927913370099596,0.7317401876006204,0.7801387798080199,0.7298578023910522,10fc8cf2323fa691f06554e6b2f365a77ef8a1afbc3cc6e29026a7110fdfecda
2,additive,5,1000,800,200,10000,10000,0.5,935,41260909,41760909,1041760909,2041260909,3041260909,0.10744729761288446,1.2491755159821794,1.241332879037713,0.0186510748868826,1.5604394697293442,-0.019091614018084742,0.024180518442309663,1.5409073165800573,0.0,5.939604577065438e-07,6545,0.005,1,1,0.9316966533660889,1.0,-0.06830334663391113,0.06830334663391113,-1.0829432010650635,-1.0,-0.08294320106506348,0.08294320106506348,0.2291722580902792,0.7154354380498558,0.7688826334739821,0.7137042284011841,0686747feb3bc94294f86bc85ae534cf3b80af8ee0cfa89742f2e011a08ff742
2,additive,5,1000,800,200,10000,10000,0.5,936,41260909,41760909,1041760909,2041260909,3041260909,0.10688780620104131,1.2466225262528126,1.2363697705763457,0.01841738182014679,1.5540677229609443,-0.02193744759304289,0.027901628481367204,1.5286102095950056,2.220446049250313e-16,6.495600537448354e-07,6552,0.005,1,1,0.931563675403595,1.0,-0.06843632459640503,0.06843632459640503,-1.0821064710617065,-1.0,-0.08210647106170654,0.08210647106170654,0.2325515765793541,0.7286202670365973,0.767577023458598,0.7244530320167542,ff9537c3f7f97732ad02e24656e39a8c1786f5f2f980d394198de229e8f7a1c1
2,additive,5,1000,800,200,10000,10000,0.5,937,41260909,41760909,1041760909,2041260909,3041260909,0.10787596520575357,1.2824568113756103,1.2650782907173281,0.01858875619835201,1.6446954730436978,-0.03143057379888672,0.03779338882231748,1.6004230816442764,0.0,6.035279653815451e-07,6559,0.005,1,1,0.9290179014205933,1.0,-0.07098209857940674,0.07098209857940674,-1.0812327861785889,-1.0,-0.08123278617858887,0.08123278617858887,0.22073846024459512,0.7231706098775236,0.77620699917662,0.7205023765563965,a722049194eaa9a1d1ccf40abf9d6154dcb3c1b278bc058f36724bf9774b30fb
2,additive,5,1000,800,200,10000,10000,0.5,938,41260909,41760909,1041760909,2041260909,3041260909,0.10899875290335072,1.2672392541630653,1.2579485721169228,0.018958748838505277,1.6058953272917618,-0.021209733019631104,0.02610663115071102,1.5824346100910047,0.0,6.157374272675042e-07,6566,0.005,1,1,0.9280819892883301,1.0,-0.07191801071166992,0.07191801071166992,-1.0819056034088135,-1.0,-0.08190560340881348,0.08190560340881348,0.23129965078890277,0.7184169893697946,0.773207216533191,0.7184109687805176,d010741dbb49bb4a2bc3a0dc7f7ca2141e2bcd2ae86bf0e665c3c02034b9e099
2,additive,5,1000,800,200,10000,10000,0.5,939,41260909,41760909,1041760909,2041260909,3041260909,0.10785833679889412,1.28114177645376,1.2593747537572524,0.01851188730948715,1.6413242513750963,-0.036905684141721545,0.044469069303394275,1.5860247704011403,0.0,6.720819047956184e-07,6573,0.005,1,1,0.9282980561256409,1.0,-0.07170194387435913,0.07170194387435913,-1.0805745124816895,-1.0,-0.08057451248168945,0.08057451248168945,0.2384528466396252,0.7300563625951153,0.7707218299185039,0.7264777421951294,51ef77b31c2ae725523b6f634e85a88161632eb64035c44229b0e039ed69c724
2,additive,5,1000,800,200,10000,10000,0.5,940,41260909,41760909,1041760909,2041260909,3041260909,0.10945731953747231,1.2817082091709764,1.2606046661120405,0.018840584011623408,1.6427759334562715,-0.03624619662222274,0.04362763157585556,1.5891241242234493,-2.220446049250313e-16,7.131009684968603e-07,6580,0.005,1,1,0.9251330494880676,1.0,-0.07486695051193237,0.07486695051193237,-1.0798488855361938,-1.0,-0.07984888553619385,0.07984888553619385,0.2271127800699997,0.7291407765112945,0.7729843502406263,0.7248979806900024,50df8715d306982ccf7c4955a5ecb1a9d61c4375611ce76de6bef2b615cfe8f6
2,additive,5,1000,800,200,10000,10000,0.5,941,41260909,41760909,1041760909,2041260909,3041260909,0.11317061287302461,1.2708311614309795,1.2556691399558875,0.019946653729611536,1.6150118408640122,-0.02912675277803288,0.03562995987280089,1.576704989037558,0.0,6.42160502550837e-07,6587,0.005,1,1,0.9210026264190674,1.0,-0.07899737358093262,0.07899737358093262,-1.0810370445251465,-1.0,-0.08103704452514648,0.08103704452514648,0.2263804920491256,0.7219170861930041,0.7725473475940366,0.7181288003921509,17d718bb716cef4484158d5c0d35f11cb411ab6f793af1b810525b80733d2338
2,additive,5,1000,800,200,10000,10000,0.5,942,41260909,41760909,1041760909,2041260909,3041260909,0.11544318257797048,1.2540876582339535,1.249787856499715,0.020730670432306187,1.5727358545347214,-0.01574841935643776,0.019766238084937028,1.5619696862541521,0.0,5.975409855807357e-07,6594,0.005,1,1,0.9192233085632324,1.0,-0.08077669143676758,0.08077669143676758,-1.0824757814407349,-1.0,-0.08247578144073486,0.08247578144073486,0.24605663135133427,0.7146541680905883,0.7711712393246853,0.711450457572937,183f009fc28e3820d7ab6cb235a7fb2c8d52f82efc0a53871bea88d8067d2357
2,additive,5,1000,800,200,10000,10000,0.5,943,41260909,41760909,1041760909,2041260909,3041260909,0.11559931810679618,1.251873068878619,1.2480633943027941,0.02095459885055707,1.5671861805835716,-0.015239271617758553,0.01919133595094569,1.5576622361986117,0.0,6.924695910015544e-07,6601,0.005,1,1,0.9204383492469788,1.0,-0.07956165075302124,0.07956165075302124,-1.0838638544082642,-1.0,-0.08386385440826416,0.08386385440826416,0.23969763021113075,0.7201743885438708,0.769114242935915,0.7180374264717102,a91a81b067bf3d2fc7a03c064301593f5dd7c371ee1d99f50cfe46364c69e10f
2,additive,5,1000,800,200,10000,10000,0.5,944,41260909,41760909,1041760909,2041260909,3041260909,0.1092877359176393,1.2567429961874663,1.2458193030635047,0.01878175779542516,1.5794029584662501,-0.02305949018801919,0.02885710262823411,1.5520657358856367,-2.220446049250313e-16,5.795810800179879e-07,6608,0.005,1,1,0.9252446889877319,1.0,-0.07475531101226807,0.07475531101226807,-1.0797210931777954,-1.0,-0.07972109317779541,0.07972109317779541,0.2303036400368692,0.7227839583695418,0.7695565334988065,0.7204886674880981,1aaca47953f6c3690a04d21d2c5598d2da41760c78783081ca9274aa0171a0a9
2,additive,5,1000,800,200,10000,10000,0.5,945,41260909,41760909,1041760909,2041260909,3041260909,0.10785212986631978,1.2358356396980075,1.2247697918622826,0.018405779702481907,1.5272897283477833,-0.02281723249594296,0.029523580002796975,1.5000610430583792,-2.220446049250313e-16,5.927264332683535e-07,6615,0.005,1,1,0.9272822141647339,1.0,-0.07271778583526611,0.07271778583526611,-1.0796505212783813,-1.0,-0.07965052127838135,0.07965052127838135,0.23419321323013903,0.7079909345581302,0.7628752867297474,0.7030379772186279,53b7acac0f776db0b4868367bfe21dcab59a4ff3fc0ec12212cc57b00da3b025
2,additive,5,1000,800,200,10000,10000,0.5,946,41260909,41760909,1041760909,2041260909,3041260909,0.10467249922645931,1.2618040086216462,1.2475587313809018,0.01745784437911392,1.5921493561736555,-0.026602206154022257,0.03305428323740917,1.5564027882447249,0.0,6.897425492979892e-07,6622,0.005,1,1,0.9306613802909851,1.0,-0.06933861970901489,0.06933861970901489,-1.0784122943878174,-1.0,-0.07841229438781738,0.07841229438781738,0.22154221728748438,0.7227277664837625,0.7691946642077168,0.7185028791427612,116c0bd44ac6a11f0ed47bb13cf621de7457c3723e6f42425bd6994cde673ab4
2,additive,5,1000,800,200,10000,10000,0.5,947,41260909,41760909,1041760909,2041260909,3041260909,0.10409931791667208,1.2725778040441613,1.2568382522206398,0.01733046845999074,1.6194542673458596,-0.028571171780408907,0.03491133703216294,1.5796423922450324,0.0,5.725088279007196e-07,6629,0.005,1,1,0.931728720664978,1.0,-0.06827127933502197,0.06827127933502197,-1.0785856246948242,-1.0,-0.07858562469482422,0.07858562469482422,0.22491354536872543,0.7350216857302385,0.7716903936305481,0.7336046099662781,86bf30ee319475c253e35a26ba8fba0e598f72fb491d9c636cea729e4a09884e
2,additive,5,1000,800,200,10000,10000,0.5,948,41260909,41760909,1041760909,2041260909,3041260909,0.10358962213806233,1.255206315373638,1.2399990196416415,0.017215301002802833,1.5755428941538647,-0.027580313222217854,0.03463214103193484,1.537597568712232,2.220446049250313e-16,6.854930330035813e-07,6636,0.005,1,1,0.9326789975166321,1.0,-0.06732100248336792,0.06732100248336792,-1.0787317752838135,-1.0,-0.07873177528381348,0.07873177528381348,0.23664882480211324,0.7298051730837894,0.7672311042532564,0.7263752818107605,02aa7e528509e88c2f346cd834878c73aaa9d6dad88f8edf30ee07e509eb4227
2,additive,5,1000,800,200,10000,10000,0.5,949,41260909,41760909,1041760909,2041260909,3041260909,0.10193310374791123,1.3239115704635274,1.305856647778402,0.016593416161752722,1.7527418464072033,-0.0320368390109555,0.03621341832575038,1.7052615845470454,2.220446049250313e-16,6.977252731132921e-07,6643,0.005,1,1,0.9328874945640564,1.0,-0.0671125054359436,0.0671125054359436,-1.0767220258712769,-1.0,-0.07672202587127686,0.07672202587127686,0.24452918674649132,0.7409433922365106,0.7860959228296654,0.7389411926269531,a1187420affe485953a3d2e0f4b46b1c3391c8eedabee7792f42f9f0cd393db9
2,additive,5,1000,800,200,10000,10000,0.5,950,41260909,41760909,1041760909,2041260909,3041260909,0.10198763792907063,1.2685656188633532,1.2530462131588855,0.016553572078132486,1.6092587293621623,-0.027843744564235783,0.03425210221323731,1.570124812311823,-2.220446049250313e-16,7.077476436023744e-07,6650,0.005,1,1,0.9322225451469421,1.0,-0.06777745485305786,0.06777745485305786,-1.076208233833313,-1.0,-0.07620823383331299,0.07620823383331299,0.2228785930978659,0.7249064582225005,0.7710489502042459,0.7199738025665283,16ee7b26991b6ee15d74289ede68e25df9274172c44285532beed48238026826
2,additive,5,1000,800,200,10000,10000,0.5,951,41260909,41760909,1041760909,2041260909,3041260909,0.10096696723495936,1.2781100817595952,1.2644256172161215,0.01603926712768563,1.633565381095519,-0.02541625337541739,0.03081496333414595,1.59877214147237,0.0,6.366698510618107e-07,6657,0.005,1,1,0.9310187697410583,1.0,-0.06898123025894165,0.06898123025894165,-1.0737286806106567,-1.0,-0.07372868061065674,0.07372868061065674,0.23203301200551565,0.7345546565726468,0.7728499724307284,0.7324729561805725,08ee66689e0f8736bd3a6d0062076debb185c291fb13ffe54597379a0b796050
2,additive,5,1000,800,200,10000,10000,0.5,952,41260909,41760909,1041760909,2041260909,3041260909,0.10427928767146889,1.282818484865745,1.2676173480657809,0.017008825415859973,1.6456232651132454,-0.02788917470589107,0.03354822135908107,1.6068537411173232,-2.220446049250313e-16,6.905780978172515e-07,6664,0.005,1,1,0.9278466105461121,1.0,-0.07215338945388794,0.07215338945388794,-1.0752865076065063,-1.0,-0.07528650760650635,0.07528650760650635,0.22699284948034204,0.7364871373907701,0.7745538458597934,0.7371336817741394,2de27079035a9411d6ca7db3657933487e3d56efd8a166d9da1a242c86a40d34
2,additive,5,1000,800,200,10000,10000,0.5,953,41260909,41760909,1041760909,2041260909,3041260909,0.10560509169534008,1.3027579056589262,1.2828661055480377,0.01736246837812154,1.6971781607568315,-0.03439759218548221,0.04012455768147883,1.6457454447639888,2.220446049250313e-16,6.666195027094091e-07,6671,0.005,1,1,0.9262294173240662,1.0,-0.07377058267593384,0.07377058267593384,-1.0755667686462402,-1.0,-0.07556676864624023,0.07556676864624023,0.23119139647450127,0.7247645040050027,0.7794958268091928,0.7216665744781494,67a0c8c5bf0f5e9c0faaa6dcf5e15d079e8b0ba5de122311ee767abd235756c2
2,additive,5,1000,800,200,10000,10000,0.5,954,41260909,41760909,1041760909,2041260909,3041260909,0.10974845192561113,1.2504501433396933,1.2441228654456615,0.018780557338028234,1.5636255609782594,-0.017282206995782177,0.021842947642506334,1.5478417043247235,2.220446049250313e-16,6.2574163095519e-07,6678,0.005,1,1,0.9235708713531494,1.0,-0.07642912864685059,0.07642912864685059,-1.078761100769043,-1.0,-0.07876110076904297,0.07876110076904297,0.2289121059349649,0.7207244107672482,0.7684473636072383,0.7156762480735779,326dd1a0ebea48e10e7690e957738e39061e42fabc625f008060bbb31cfcb6b8
2,additive,5,1000,800,200,10000,10000,0.5,955,41260909,41760909,1041760909,2041260909,3041260909,0.1095446981802319,1.244032741772847,1.241975654007145,0.018603266960620084,1.5476174626028671,-0.011858602208505946,0.015142951417596156,1.5425035251464754,2.220446049250313e-16,6.332466018221794e-07,6685,0.005,1,1,0.9228488802909851,1.0,-0.07715111970901489,0.07715111970901489,-1.077767252922058,-1.0,-0.0777672529220581,0.0777672529220581,0.23689852891779595,0.7099020729050024,0.769691143823325,0.7093899846076965,6a3e1adcadb51b45fa6e30ebedc0c4c6d89bb70da95681f099b505b1e03a7759
2,additive,5,1000,800,200,10000,10000,0.5,956,41260909,41760909,1041760909,2041260909,3041260909,0.10614523062044687,1.2900446099522889,1.26860105453095,0.017400314351663088,1.664215095666953,-0.03613338723078873,0.04297461478470719,1.6093486355570386,0.0,5.789310399961778e-07,6692,0.005,1,1,0.9247139692306519,1.0,-0.07528603076934814,0.07528603076934814,-1.0748252868652344,-1.0,-0.07482528686523438,0.07482528686523438,0.22446891682384496,0.7278641078406716,0.7735026168858831,0.7296634912490845,c3e8c35d90ed90d2188d9f9688ae80748efd276a79a931c6105527cfc9a70e66
2,additive,5,1000,800,200,10000,10000,0.5,957,41260909,41760909,1041760909,2041260909,3041260909,0.10507575747682349,1.31460168179656,1.2906642771599632,0.01707188045580749,1.728177581782344,-0.039717592950650686,0.04551508974506814,1.6658142763368502,2.220446049250313e-16,6.340660441139789e-07,6699,0.005,1,1,0.925635814666748,1.0,-0.07436418533325195,0.07436418533325195,-1.0742353200912476,-1.0,-0.07423532009124756,0.07423532009124756,0.23551083607306392,0.7327189762850179,0.780534969793066,0.7337982654571533,c52ed8dc8d73b7956badf09e68ac266d70be4a3c2ea8af2a6e55bc89d30168f3
2,additive,5,1000,800,200,10000,10000,0.5,958,41260909,41760909,1041760909,2041260909,3041260909,0.10642469788908082,1.3024872845949416,1.2815191006278401,0.017479138634587124,1.6964731265315043,-0.0358305299460514,0.041810417564434585,1.6422912052739884,-2.220446049250313e-16,5.741715121132529e-07,6706,0.005,1,1,0.9244145154953003,1.0,-0.07558548450469971,0.07558548450469971,-1.0749202966690063,-1.0,-0.07492029666900635,0.07492029666900635,0.2335903800210745,0.7321519635342262,0.7775870752911742,0.7334120273590088,7a62728d44303fe3125a59f10313ce94fbf025c8a1bb71d098a4944eadbf5a6e
2,additive,5,1000,800,200,10000,10000,0.5,959,41260909,41760909,1041760909,2041260909,3041260909,0.1071942835492118,1.2693562179922093,1.255140806325615,0.01767203379696603,1.6112652081554855,-0.02677939912436816,0.03287959589194517,1.5753784437037153,0.0,6.803913379371807e-07,6713,0.005,1,1,0.9234018921852112,1.0,-0.07659810781478882,0.07659810781478882,-1.0749889612197876,-1.0,-0.0749889612197876,0.0749889612197876,0.22112264755453254,0.7215419953258649,0.7726097277049605,0.7187895178794861,42d136392a74bbc16bf6062dd7bf991ec72873352ad60f8374b29c30ab9f9f24
2,additive,5,1000,800,200,10000,10000,0.5,960,41260909,41760909,1041760909,2041260909,3041260909,0.10628716244708342,1.2862373399534803,1.2698292176757204,0.017596121681217106,1.6544064946906047,-0.029768187154444906,0.0356078236516647,1.612466242062932,2.220446049250313e-16,6.944097332706178e-07,6720,0.005,1,1,0.9258254170417786,1.0,-0.07417458295822144,0.07417458295822144,-1.0761255025863647,-1.0,-0.07612550258636475,0.07612550258636475,0.22700970207670898,0.72677949360572,0.7762046617352225,0.7260252237319946,3c4141e68bc3a591064420b516f6033c4b2ced500faca7d6b5031ea9456d4f69
2,additive,5,1000,800,200,10000,10000,0.5,961,41260909,41760909,1041760909,2041260909,3041260909,0.11013638733429724,1.2596563853369256,1.2502989189044194,0.018971365805211308,1.586734209120089,-0.02122909415587004,0.026442075667399548,1.5632473866135599,-2.220446049250313e-16,6.978714477412495e-07,6727,0.005,1,1,0.9237788319587708,1.0,-0.07622116804122925,0.07622116804122925,-1.079500675201416,-1.0,-0.07950067520141602,0.07950067520141602,0.22729702296290058,0.7163326578101018,0.7719499653909341,0.7139579653739929,95a778ef715ca61658ab220f75a2e86949b02d6ced7cb2bf6b8cb8e80002228c
2,additive,5,1000,800,200,10000,10000,0.5,962,41260909,41760909,1041760909,2041260909,3041260909,0.11224716712657679,1.2638427816662217,1.2471536605634865,0.01962233715124745,1.597298576769813,-0.030764330432078036,0.03805298102981922,1.5553922530569042,0.0,5.774286151449814e-07,6734,0.005,1,1,0.921646237373352,1.0,-0.07835376262664795,0.07835376262664795,-1.080374836921692,-1.0,-0.0803748369216919,0.0803748369216919,0.2214710243189651,0.7190179822420126,0.7685953150043549,0.7168678641319275,f79367238212a6677ec76f9220fae1a1a29eb3f35739dd4daf66b555c260d59b
2,additive,5,1000,800,200,10000,10000,0.5,963,41260909,41760909,1041760909,2041260909,3041260909,0.11453443485477466,1.2552245323378584,1.2511296513152164,0.020224263953173522,1.5755886265827954,-0.015243743067916904,0.019104674687515713,1.565325404400135,-2.220446049250313e-16,5.842659049903887e-07,6741,0.005,1,1,0.9185082912445068,1.0,-0.08149170875549316,0.08149170875549316,-1.0804812908172607,-1.0,-0.08048129081726074,0.08048129081726074,0.23003049566627545,0.7180917614401753,0.7708236481053973,0.7165236473083496,6a2eb408532ec46119217fa6828166c76d94459112640a242662b2aa31f79a43
2,additive,5,1000,800,200,10000,10000,0.5,964,41260909,41760909,1041760909,2041260909,3041260909,0.11139557082635487,1.269959307123735,1.2556139479692014,0.018945961164424936,1.6127966417501969,-0.027588108289908767,0.03381428938685652,1.5765663863348043,0.0,6.661968612320379e-07,6748,0.005,1,1,0.9194151759147644,1.0,-0.0805848240852356,0.0805848240852356,-1.0769094228744507,-1.0,-0.07690942287445068,0.07690942287445068,0.22044690008431647,0.7263193606075596,0.7720831753773572,0.721569299697876,a977de06fd8c9702fcd05414cf400f6aac63b53ce7b4b52218a09a196eeb0558
2,additive,5,1000,800,200,10000,10000,0.5,965,41260909,41760909,1041760909,2041260909,3041260909,0.11155204686840345,1.3151558719729737,1.2874177982408481,0.01888820167198415,1.7296349675849925,-0.04553929101483164,0.05208886197851557,1.657444587227313,-4.440892098500626e-16,6.702354617971196e-07,6755,0.005,1,1,0.9185463786125183,1.0,-0.08145362138748169,0.08145362138748169,-1.0762178897857666,-1.0,-0.0762178897857666,0.0762178897857666,0.23688436544974828,0.7504738694641219,0.7792287018424475,0.7486817836761475,806b0c4334fd52dd9a1cf3eef7277736980f78c83af50873d60705114344043b
2,additive,5,1000,800,200,10000,10000,0.5,966,41260909,41760909,1041760909,2041260909,3041260909,0.11249854967853228,1.30463365728153,1.2771757751047164,0.019286553238658546,1.7020689797117805,-0.04508878621805294,0.052387534538864064,1.6311779605143333,0.0,5.953668011926538e-07,6762,0.005,1,1,0.9183682203292847,1.0,-0.08163177967071533,0.08163177967071533,-1.0774091482162476,-1.0,-0.07740914821624756,0.07740914821624756,0.23451780780607784,0.7407030822263821,0.7778028235323086,0.7354903221130371,f4e954fd3bef1a5eb9fac07c39ff29ff0554af761d332768f62c7c94707a4fc0
2,additive,5,1000,800,200,10000,10000,0.5,967,41260909,41760909,1041760909,2041260909,3041260909,0.11032655774779336,1.3338264486138132,1.3074358472798782,0.018873190817784644,1.7790929950217373,-0.04428884554353467,0.049265493302761906,1.709388494752453,2.220446049250313e-16,6.064837165808967e-07,6769,0.005,1,1,0.9223248958587646,1.0,-0.07767510414123535,0.07767510414123535,-1.0783487558364868,-1.0,-0.07834875583648682,0.07834875583648682,0.24059901299911376,0.7428326298639298,0.7853551268313272,0.7431007623672485,41a98752849c42c8281b61aaf5073eee3aec1b0f3c355c78cac9a3d2246ad042
2,additive,5,1000,800,200,10000,10000,0.5,968,41260909,41760909,1041760909,2041260909,3041260909,0.1092227495230185,1.3074085960766504,1.2893241982882473,0.018786700750795186,1.709317237095118,-0.03287352477714079,0.03804577266124136,1.6623568882916315,0.0,6.839771309330445e-07,6776,0.005,1,1,0.9255324006080627,1.0,-0.07446759939193726,0.07446759939193726,-1.079901099205017,-1.0,-0.07990109920501709,0.07990109920501709,0.22307869427766802,0.7328048393802152,0.7800276671709268,0.7318986654281616,d5e0f5603b070acc15da31eddc3d5762dc73dbffbf8e7aa9f210c3adcd5d442a
2,additive,5,1000,800,200,10000,10000,0.5,969,41260909,41760909,1041760909,2041260909,3041260909,0.10700585839570836,1.2342117578058924,1.2289990975771794,0.01819875206499135,1.523278663106311,-0.015519316662890597,0.020135639367983803,1.5104387818455214,2.220446049250313e-16,6.973527408860036e-07,6783,0.005,1,1,0.9286454319953918,1.0,-0.07135456800460815,0.07135456800460815,-1.0797419548034668,-1.0,-0.0797419548034668,0.0797419548034668,0.24208641044133997,0.721969488213982,0.762947150272863,0.7180607318878174,9815fa6a7393272aaaea13f82c7a5797f60565afe82d1b87988564e7966c0835
2,additive,5,1000,800,200,10000,10000,0.5,970,41260909,41760909,1041760909,2041260909,3041260909,0.10974464203008315,1.2468715314164467,1.2475022272719565,0.019206886490119503,1.5546886158567947,-0.008816847649211236,0.01120385392303872,1.556261807048492,0.0,7.093015046422124e-07,6790,0.005,1,1,0.9274649024009705,1.0,-0.07253509759902954,0.07253509759902954,-1.0823562145233154,-1.0,-0.08235621452331543,0.08235621452331543,0.25122597375782046,0.7251140555814989,0.7690558742385466,0.720501184463501,ea1e791047eb7a5432ca555e91f5410e692b24ec50744f57e84c0fbcc8e2b437
2,additive,5,1000,800,200,10000,10000,0.5,971,41260909,41760909,1041760909,2041260909,3041260909,0.11081864128445741,1.2500428758962434,1.2578836864696068,0.019617958764244787,1.562607191578951,2.310917158602024e-05,-2.9210977440230544e-05,1.5822713686863679,0.0,6.788630990683941e-07,6797,0.005,1,1,0.9270942807197571,1.0,-0.07290571928024292,0.07290571928024292,-1.083459734916687,-1.0,-0.08345973491668701,0.08345973491668701,0.25483687105668457,0.7298373286093102,0.7740156326621281,0.7270442247390747,b5fed2d69e6f6f4cc58bf4a181388a77e349648d6d87a3942e109f375feda3d2
2,additive,5,1000,800,200,10000,10000,0.5,972,41260909,41760909,1041760909,2041260909,3041260909,0.10819056115985067,1.2266817657409024,1.2280262399763875,0.01867712375257898,1.5047481544012182,-0.007688416041626557,0.0100935912668378,1.5080484460705441,0.0,6.802956864504495e-07,6804,0.005,1,1,0.9285994172096252,1.0,-0.07140058279037476,0.07140058279037476,-1.0812844038009644,-1.0,-0.08128440380096436,0.08128440380096436,0.25644803366631,0.7239272975536621,0.7647404482318892,0.7143956422805786,160d996762cde811390d816cf70584266f5cf934c8f69a5ae90a55456fbcb8ad
2,additive,5,1000,800,200,10000,10000,0.5,973,41260909,41760909,1041760909,2041260909,3041260909,0.10734834168025008,1.2439056927446368,1.244995203491498,0.01833268418435386,1.5473013724425149,-0.007810499955016244,0.009977427256333233,1.5500130567168362,0.0,5.845887507405223e-07,6811,0.005,1,1,0.9285908937454224,1.0,-0.07140910625457764,0.07140910625457764,-1.0801523923873901,-1.0,-0.08015239238739014,0.08015239238739014,0.24565720121840584,0.7218586507573599,0.7699435035089037,0.7188147306442261,ba67e3b9cd5880b6d82a7a7a921f4fa02a15b8bfb3a7ae8b2bd1af6c22acbb00
2,additive,5,1000,800,200,10000,10000,0.5,974,41260909,41760909,1041760909,2041260909,3041260909,0.10826385730499867,1.2552993527876262,1.2551637416119856,0.018567199032693948,1.575776465109033,-0.0094538229421635,0.01185920345128692,1.5754360182573997,-2.220446049250313e-16,5.700762955029859e-07,6818,0.005,1,1,0.9272013902664185,1.0,-0.07279860973358154,0.07279860973358154,-1.0801337957382202,-1.0,-0.08013379573822021,0.08013379573822021,0.2507143506140801,0.735055732964253,0.7731204747965412,0.72746741771698,8cf72b71e5325c16141509435e6c227b603be69094e0231b7f92adf6acd3eb48
2,additive,5,1000,800,200,10000,10000,0.5,975,41260909,41760909,1041760909,2041260909,3041260909,0.10866628955631383,1.2593663932914836,1.251735542707495,0.018756696945402156,1.5860037125519995,-0.018959270310087196,0.02362878620120631,1.5668418688772272,0.0,5.839033079269029e-07,6825,0.005,1,1,0.9274274110794067,1.0,-0.07257258892059326,0.07257258892059326,-1.080880045890808,-1.0,-0.0808800458908081,0.0808800458908081,0.22841081012430023,0.7305560160663108,0.7711925651087684,0.7291976809501648,1ef4e24cf60b52c8164d106d83cc7a62b8be6ff9f9b16ea96a57bc2d66f1b5ad
2,additive,5,1000,800,200,10000,10000,0.5,976,41260909,41760909,1041760909,2041260909,3041260909,0.10613755409952141,1.295638246764911,1.2785078765810638,0.017957560170063874,1.6786784664800523,-0.03102681808514761,0.03657451285695942,1.634582390479821,0.0,6.904204266078295e-07,6832,0.005,1,1,0.929770290851593,1.0,-0.07022970914840698,0.07022970914840698,-1.0795799493789673,-1.0,-0.07957994937896729,0.07957994937896729,0.22709480792496664,0.7382341288966954,0.7771750820576575,0.7373882532119751,45fc5a2cdc68c31bdb769fd2c5be12d75537c5e5287ed818ae5156e23f8ac4aa
2,additive,5,1000,800,200,10000,10000,0.5,977,41260909,41760909,1041760909,2041260909,3041260909,0.10896130490799043,1.283152744396756,1.2752063528893585,0.018874964286699162,1.646480965452927,-0.01960234364512374,0.023541326265537135,1.626151242449379,0.0,5.835655105812521e-07,6839,0.005,1,1,0.9273909330368042,1.0,-0.0726090669631958,0.0726090669631958,-1.0812433958053589,-1.0,-0.08124339580535889,0.08124339580535889,0.23091444073098727,0.7200014472755272,0.7780243374394217,0.7144837379455566,6615914d31e6edd97e9fcb78f598963195a811dbb63ae9c9ecf36636b343c842
2,additive,5,1000,800,200,10000,10000,0.5,978,41260909,41760909,1041760909,2041260909,3041260909,0.10550527229557803,1.2776987255303907,1.2705303277177469,0.01768760843163826,1.6325140332219847,-0.017977164001528725,0.02178783919220234,1.6142473136505655,0.0,6.895129214257167e-07,6846,0.005,1,1,0.9296022057533264,1.0,-0.07039779424667358,0.07039779424667358,-1.0785844326019287,-1.0,-0.07858443260192871,0.07858443260192871,0.2286730092651132,0.7296336748548208,0.7763700998124595,0.7260130643844604,e170b0f627aa5ad97065d9f8177d55596d3018a6a79b4e81d7c255f63e50cfe9
2,additive,5,1000,800,200,10000,10000,0.5,979,41260909,41760909,1041760909,2041260909,3041260909,0.1051711180235195,1.2553924109752594,1.2505803656638839,0.017560420673555063,1.5760101055342746,-0.014809637611908037,0.018586736348782846,1.5639512509840137,0.0,5.810271961337321e-07,6853,0.005,1,1,0.9296694993972778,1.0,-0.07033050060272217,0.07033050060272217,-1.0781958103179932,-1.0,-0.07819581031799316,0.07819581031799316,0.2356020456315413,0.7196191094517184,0.7686826020194532,0.716864824295044,c108c0b4702b50d9cd762a428ec212b294ed0a957785ef70c5bf7a5259991297
2,additive,5,1000,800,200,10000,10000,0.5,980,41260909,41760909,1041760909,2041260909,3041260909,0.10352288196368456,1.3069696736581482,1.295653392773975,0.017065356142162084,1.7081697278620864,-0.023258684898768124,0.026962916664997345,1.6787177142067125,2.220446049250313e-16,6.384710733442489e-07,6860,0.005,1,1,0.9313045144081116,1.0,-0.06869548559188843,0.06869548559188843,-1.0774462223052979,-1.0,-0.07744622230529785,0.07744622230529785,0.2335298129216908,0.7291009700049478,0.7835900832016283,0.7257028818130493,b0b2e8f1036f84f528d6256f6211df8506f7d44b44d18b95af9921065acc60a2
2,additive,5,1000,800,200,10000,10000,0.5,981,41260909,41760909,1041760909,2041260909,3041260909,0.10367990705479016,1.3052271550540646,1.2876845310679343,0.0171949641611162,1.7036179262905273,-0.03134071944999876,0.03642548196134572,1.658131451551646,0.0,6.414051991754377e-07,6867,0.005,1,1,0.9320468902587891,1.0,-0.06795310974121094,0.06795310974121094,-1.0783064365386963,-1.0,-0.07830643653869629,0.07830643653869629,0.22410879263606437,0.7425247204747341,0.7796435522850553,0.7408026456832886,c460516823619217e7f969dd45586e65b40b37b70bc9c8e860774dee50d1d538
2,additive,5,1000,800,200,10000,10000,0.5,982,41260909,41760909,1041760909,2041260909,3041260909,0.10256990064484299,1.3260254801530589,1.300179222408861,0.016738717455500603,1.75834357401515,-0.04230814054346999,0.04766893427618819,1.6904660103837108,0.0,6.883383179001612e-07,6874,0.005,1,1,0.9317887425422668,1.0,-0.06821125745773315,0.06821125745773315,-1.0766016244888306,-1.0,-0.07660162448883057,0.07660162448883057,0.22586378659222422,0.7470415081493862,0.7845816582508435,0.7413833737373352,c17a9c61c63b305d3546979102890e3b0fb6d8bfc94e009d9c0fb6b725b54875
2,additive,5,1000,800,200,10000,10000,0.5,983,41260909,41760909,1041760909,2041260909,3041260909,0.10232142812546548,1.337101775260936,1.3123529713848774,0.016648460725464484,1.7878411574059465,-0.04110964831434719,0.04556374046298714,1.7222703215027166,0.0,5.778105958142987e-07,6881,0.005,1,1,0.9318557977676392,1.0,-0.06814420223236084,0.06814420223236084,-1.0763285160064697,-1.0,-0.07632851600646973,0.07632851600646973,0.23678846915100193,0.7436741129123103,0.787082465610647,0.7431855201721191,0eeac30719c291d66d59786be31dea9f8966c8ec6ea6e10a799cb8e35e1125f3
2,additive,5,1000,800,200,10000,10000,0.5,984,41260909,41760909,1041760909,2041260909,3041260909,0.10213400124206692,1.3392363705443675,1.313261617209244,0.01657567356719416,1.7935540561888506,-0.042736827260502944,0.04721962913261767,1.7246560752350386,-2.220446049250313e-16,5.818667787593768e-07,6888,0.005,1,1,0.9318555593490601,1.0,-0.06814444065093994,0.06814444065093994,-1.076076865196228,-1.0,-0.07607686519622803,0.07607686519622803,0.23046764355378926,0.7547907486134261,0.7883797724587439,0.7510229349136353,219e771e2f4af34f6422183f56b07005f6b4ca574e409b869dd9c2e4ec7c2320
2,additive,5,1000,800,200,10000,10000,0.5,985,41260909,41760909,1041760909,2041260909,3041260909,0.10078518990286908,1.2776393075680865,1.2640124733679747,0.016004256144604493,1.6323622002430598,-0.02531946177891968,0.030720670977989164,1.597727532829825,0.0,6.445512283903554e-07,6895,0.005,1,1,0.9313633441925049,1.0,-0.06863665580749512,0.06863665580749512,-1.0738015174865723,-1.0,-0.07380151748657227,0.07380151748657227,0.2266951741862006,0.7306094540676924,0.7744136300863061,0.7254148721694946,78629f39bac3229d5ca47c8120fa4fdf0cb40adbbd3fcd8bbe9939891c5f45be
2,additive,5,1000,800,200,10000,10000,0.5,986,41260909,41760909,1041760909,2041260909,3041260909,0.10318258481315207,1.292523447033866,1.2851880380742013,0.016479640233450988,1.670616861132307,-0.01769410407837149,0.02097580555000565,1.6517082932090146,-4.440892098500626e-16,7.012648488569084e-07,6902,0.005,1,1,0.9271183609962463,1.0,-0.07288163900375366,0.07288163900375366,-1.07304048538208,-1.0,-0.07304048538208008,0.07304048538208008,0.22744894646034752,0.7302125271208566,0.7799951170533852,0.7291966676712036,182b34825e29e8b50fe5018bd1f23ab3f30aeb5c76d4a87a4e30ef76f57c03c4
2,additive,5,1000,800,200,10000,10000,0.5,987,41260909,41760909,1041760909,2041260909,3041260909,0.10377929869105931,1.2902239783743605,1.2760192634095022,0.016619845606646606,1.6646779143721622,-0.026536299693340072,0.0315664486386689,1.6282251605921287,0.0,7.126107526289616e-07,6909,0.005,1,1,0.9262842535972595,1.0,-0.07371574640274048,0.07371574640274048,-1.0730488300323486,-1.0,-0.07304883003234863,0.07304883003234863,0.22651099727727847,0.7413137945747994,0.7762849585088839,0.7377837300300598,653ec1ca4a1693ab39d873a8edfa11a418de482ef8c429cabc9c51a51347340f
2,additive,5,1000,800,200,10000,10000,0.5,988,41260909,41760909,1041760909,2041260909,3041260909,0.10223842895092214,1.2952119628324739,1.2779576286060768,0.016042955032853176,1.6775740286643497,-0.030220641592367765,0.035687693124564025,1.6331757005124672,0.0,6.865137649469943e-07,6916,0.005,1,1,0.926684558391571,1.0,-0.07331544160842896,0.07331544160842896,-1.0712568759918213,-1.0,-0.07125687599182129,0.07125687599182129,0.21696202334708503,0.7368093115438468,0.7782376474467851,0.7330069541931152,e2aa127bd4c7b640ba198d63951ddd88930536b7f2a05d32082f238285595b97
2,additive,5,1000,800,200,10000,10000,0.5,989,41260909,41760909,1041760909,2041260909,3041260909,0.10064941462086627,1.3328832513079636,1.3088723702954415,0.015672298814620053,1.776577761617288,-0.039551589354550505,0.04413623994524414,1.7131468817228073,2.220446049250313e-16,6.917451127463892e-07,6923,0.005,1,1,0.9288392663002014,1.0,-0.07116073369979858,0.07116073369979858,-1.0711790323257446,-1.0,-0.07117903232574463,0.07117903232574463,0.23007596609640543,0.750288280159549,0.7849122118870535,0.7495366334915161,0b46312ad1a118b4c28c00ad0e58214334833deff7ceacb864bd8c7b7d1b550c
2,additive,5,1000,800,200,10000,10000,0.5,990,41260909,41760909,1041760909,2041260909,3041260909,0.0999672904505176,1.3272051105582308,1.303820407829189,0.015552915179787862,1.7614734054918855,-0.038539332399900025,0.04337508336436242,1.699947655871873,-4.440892098500626e-16,6.67774934015597e-07,6930,0.005,1,1,0.9301213622093201,1.0,-0.06987863779067993,0.06987863779067993,-1.071487307548523,-1.0,-0.07148730754852295,0.07148730754852295,0.22868875945014086,0.743705487388178,0.7850511541402093,0.7426393032073975,07d10f17deacc49072796cb9d72c3885273e900a9c4533c2e256edf194342a46
2,additive,5,1000,800,200,10000,10000,0.5,991,41260909,41760909,1041760909,2041260909,3041260909,0.0986801824822554,1.3133470291134814,1.287286298096846,0.015155092446216989,1.724880418881208,-0.04146474902977151,0.0476596583918442,1.657106013267882,2.220446049250313e-16,6.301467507796588e-07,6937,0.005,1,1,0.9310219287872314,1.0,-0.06897807121276855,0.06897807121276855,-1.0705677270889282,-1.0,-0.07056772708892822,0.07056772708892822,0.23948226589391722,0.751954915175483,0.7790710597717474,0.7499240636825562,5f6d1d64ef615d596774c2fae6f82de37152dc2db0735ba88b17815ff76b46d3
2,additive,5,1000,800,200,10000,10000,0.5,992,41260909,41760909,1041760909,2041260909,3041260909,0.09920245264808181,1.2997092856449892,1.2868477738762594,0.015355412184735235,1.6892442271918084,-0.024311223123129673,0.028524261722854157,1.6559771931302842,0.0,6.880498713002225e-07,6944,0.005,1,1,0.9310131669044495,1.0,-0.06898683309555054,0.06898683309555054,-1.071287751197815,-1.0,-0.07128775119781494,0.07128775119781494,0.22877224038365604,0.7275998237659026,0.7818185420034017,0.7270458340644836,ae5dcdcea6dea565ade619f0ad6a11da7d0bb10ea0173801815976dc91bfacf8
2,additive,5,1000,800,200,10000,10000,0.5,993,41260909,41760909,1041760909,2041260909,3041260909,0.09824402671701213,1.2839366427676293,1.2728566560967751,0.015060319346310169,1.648493302641411,-0.02169477750892864,0.02608245051098061,1.620164066969864,2.220446049250313e-16,6.970382600002267e-07,6951,0.005,1,1,0.9316813349723816,1.0,-0.06831866502761841,0.06831866502761841,-1.0706006288528442,-1.0,-0.07060062885284424,0.07060062885284424,0.21424323978299234,0.7259930822086909,0.7762376923615684,0.7221393585205078,c50bb450dc2e7abf668f0eb5ad759dbdb92ca91c28e4d36e40f0d54fa32843ee
2,additive,5,1000,800,200,10000,10000,0.5,994,41260909,41760909,1041760909,2041260909,3041260909,0.09769295256539708,1.268496116082788,1.2579187085565375,0.015009210168637575,1.609082396517118,-0.020866064674603956,0.02569567454040949,1.5823594773365475,-2.220446049250313e-16,5.90913655784675e-07,6958,0.005,1,1,0.933188796043396,1.0,-0.066811203956604,0.066811203956604,-1.0712753534317017,-1.0,-0.07127535343170166,0.07127535343170166,0.23749878750035705,0.7388913647076876,0.7721016524272701,0.7354314923286438,e01fe38ee6fb2636e26159c07980308078ede4fa87af8b75fd55bc5f41bd5cf8
2,additive,5,1000,800,200,10000,10000,0.5,995,41260909,41760909,1041760909,2041260909,3041260909,0.10164521954729333,1.2721156969980127,1.2677854443284646,0.01640427830624341,1.6182783465487396,-0.013701346001930275,0.016763310251916033,1.6072799328511225,0.0,5.914543166340991e-07,6965,0.005,1,1,0.9320436716079712,1.0,-0.06795632839202881,0.06795632839202881,-1.0755889415740967,-1.0,-0.07558894157409668,0.07558894157409668,0.22346753887344847,0.7301467890414925,0.775033655878905,0.728499174118042,f67286c8896d058ea533636efe84331641c361085ea6b7d17e1f867109b55def
2,additive,5,1000,800,200,10000,10000,0.5,996,41260909,41760909,1041760909,2041260909,3041260909,0.1029959768390413,1.2549036673236,1.248621966379509,0.016974747930820457,1.5747832142622207,-0.016350573633804596,0.020544045039708962,1.5590568149254318,-2.220446049250313e-16,6.48279463888457e-07,6972,0.005,1,1,0.9325615763664246,1.0,-0.06743842363357544,0.06743842363357544,-1.0778474807739258,-1.0,-0.07784748077392578,0.07784748077392578,0.22140890776876965,0.7187468240463727,0.7701709638485782,0.7163734436035156,b261a8bb69c72c6c5ef7e6e4e9db6ee82c2649d1add57e3345482eca50e37f26
2,additive,5,1000,800,200,10000,10000,0.5,997,41260909,41760909,1041760909,2041260909,3041260909,0.1023808461355784,1.2785247353451854,1.2711151235664602,0.01671603142113066,1.6346254988894764,-0.01780393647561495,0.02156299729501279,1.6157336573593772,0.0,6.612178342635389e-07,6979,0.005,1,1,0.9323342442512512,1.0,-0.06766575574874878,0.06766575574874878,-1.0768321752548218,-1.0,-0.07683217525482178,0.07683217525482178,0.2231964560500509,0.7367826180446552,0.7764472765621424,0.7321352362632751,c17948d22c963b1ff2eeee8d2230815f9972356c07d012c2600ab28fe18a465b
2,additive,5,1000,800,200,10000,10000,0.5,998,41260909,41760909,1041760909,2041260909,3041260909,0.10539894720987962,1.2659261878130055,1.264240665452801,0.017535246645770827,1.6025691129907689,-0.010899949725999227,0.013455861236549679,1.598304460184541,0.0,5.87557044795517e-07,6986,0.005,1,1,0.9285246133804321,1.0,-0.07147538661956787,0.07147538661956787,-1.0774610042572021,-1.0,-0.07746100425720215,0.07746100425720215,0.23619660269121603,0.7227830518828685,0.7743609778953434,0.7172547578811646,7fbd18d9873eb19855e93c4c19664ed83f2132c66ab212c8e68a04b4e7a31a5e
2,additive,5,1000,800,200,10000,10000,0.5,999,41260909,41760909,1041760909,2041260909,3041260909,0.10501636589204183,1.279956336104705,1.271541815317509,0.017203130402525902,1.6382882223345805,-0.01933638231808007,0.023360293952741296,1.6168185881009463,0.0,6.845026803148357e-07,6993,0.005,1,1,0.9269281029701233,1.0,-0.07307189702987671,0.07307189702987671,-1.0754250288009644,-1.0,-0.07542502880096436,0.07542502880096436,0.24284737552739358,0.7227440358648838,0.7776882255521068,0.714443564414978,604cadb0e822ba9e7f094982f1c6d304b647c37c402626f8ca4269ecd29c6b4b
2,additive,5,1000,800,200,10000,10000,0.5,1000,41260909,41760909,1041760909,2041260909,3041260909,0.10653369967533664,1.2911185058404266,1.2746457351915796,0.01764854831973562,1.6669869961236157,-0.02995689710063448,0.03556484035902619,1.6247217502420823,-2.220446049250313e-16,5.776924503209102e-07,7000,0.005,1,1,0.9254096746444702,1.0,-0.07459032535552979,0.07459032535552979,-1.076063871383667,-1.0,-0.07606387138366699,0.07606387138366699,0.22982566843523147,0.7358699997551648,0.777230196159773,0.7326031923294067,105dce0214ded348c9b8e88979f867eb35ae15c02addd5a979c2837adbf14ec7
