case,case_name,replicate,n,n_train,n_validation,n_test,n_eval,tau,epoch,data_seed,init_seed,training_seed,test_seed,eval_seed,theta_error_l2,m_l2_error,q_l2_error,linear_error_mse,nonlinear_error_mse,cross_error_moment,cancellation_fraction,q_mse,decomposition_residual,max_float32_prediction_gap,optimizer_steps,learning_rate,model_instance,fit_calls,theta_hat_1,theta_true_1,theta_error_1,abs_theta_error_1,theta_hat_2,theta_true_2,theta_error_2,abs_theta_error_2,train_check_loss,validation_check_loss,test_check_loss,stopping_validation_check_loss,state_sha256
3,deep,7,1000,800,200,10000,10000,0.5,1,51260911,51760911,1051760911,2051260911,3051260911,1.612006211746352,2.2919430610316667,1.9360186366295942,0.840575504080734,5.253002995011205,-1.1727051688574137,0.3848986827796407,3.7481681613771123,4.440892098500626e-16,6.017865605834061e-08,7,0.005,1,1,-0.11288348585367203,1.0,-1.112883485853672,1.112883485853672,0.16621369123458862,-1.0,1.1662136912345886,1.1662136912345886,1.0137706063909926,0.935620440472903,0.947616727685653,0.9249229431152344,1e911bb6ee02c84c0ec465f446142ae5db1de4cd98bd719bf8b6c9a2bda32fbd
3,deep,7,1000,800,200,10000,10000,0.5,2,51260911,51760911,1051760911,2051260911,3051260911,1.6123648436196873,1.830644008866315,1.5496592571470988,0.9108415175661201,3.351257487198133,-0.9303275957512773,0.4365584162692326,2.4014438132616984,0.0,1.3521600639165854e-07,14,0.005,1,1,-0.07886356115341187,1.0,-1.0788635611534119,1.0788635611534119,0.19823779165744781,-1.0,1.1982377916574478,1.1982377916574478,0.8918480790520286,0.8299960567868502,0.8296482748067272,0.8338625431060791,f7192d67fc3d6c849cafe8260f4983e66665356170bc1bdb79881e9fdfbf064e
3,deep,7,1000,800,200,10000,10000,0.5,3,51260911,51760911,1051760911,2051260911,3051260911,1.61080897238795,1.0890817054070825,1.2725981556989017,0.9719272794760766,1.1860989610523993,-0.26926008732011486,0.2495429223827938,1.6195060658882459,-2.220446049250313e-16,2.676336841034299e-07,21,0.005,1,1,-0.04815969616174698,1.0,-1.048159696161747,1.048159696161747,0.22313809394836426,-1.0,1.2231380939483643,1.2231380939483643,0.8136988951727302,0.760648734196885,0.7574770660539254,0.7807595133781433,1d9bc5d07a88e58f8ba8721f9818b0e31d6072fddd294dd9568bb0adf1c145d9
3,deep,7,1000,800,200,10000,10000,0.5,4,51260911,51760911,1051760911,2051260911,3051260911,1.597265308298171,1.146427658032857,1.1474195167916612,0.9716951632777767,1.314296375102701,-0.48470999543303434,0.42406980716685383,1.3165715475144093,2.220446049250313e-16,2.73190204680418e-07,28,0.005,1,1,-0.031861260533332825,1.0,-1.0318612605333328,1.0318612605333328,0.21922877430915833,-1.0,1.2192287743091583,1.2192287743091583,0.7729074583928502,0.7183426097737126,0.7210580050862812,0.7380626201629639,facaa7b195173043ec58dfde87e9e496e2cfaf9114067a03c5013fa57e2b8600
3,deep,7,1000,800,200,10000,10000,0.5,5,51260911,51760911,1051760911,2051260911,3051260911,1.577673625791743,1.168144193254078,1.0602030593626248,0.9524349951093912,1.3645608562332205,-0.5964826621303712,0.5148759000019201,1.1240305270818696,0.0,2.468757882567729e-07,35,0.005,1,1,-0.017121823504567146,1.0,-1.0171218235045671,1.0171218235045671,0.20603369176387787,-1.0,1.2060336917638779,1.2060336917638779,0.7494758774132683,0.6919576362694667,0.6985680931792599,0.7111672163009644,f59a0cb197294bdb5eb7d3d047f411aea9f319094e32411041b260c6cb53d240
3,deep,7,1000,800,200,10000,10000,0.5,6,51260911,51760911,1051760911,2051260911,3051260911,1.5565654085406333,0.8273105665730596,0.9889279937349744,0.9357580786011833,0.6844427735634367,-0.32111113768596933,0.3963843584663698,0.9779785767926816,2.220446049250313e-16,2.646250285565088e-07,42,0.005,1,1,0.0005896042566746473,1.0,-0.9994103957433254,0.9994103957433254,0.1933460235595703,-1.0,1.1933460235595703,1.1933460235595703,0.7273918191590221,0.6764653878641428,0.6863303289859602,0.6950172185897827,12177e9a3fc4e89d3e70a3e53e0aa5815d9471a4fb2f97b7841b6f02b009a40e
3,deep,7,1000,800,200,10000,10000,0.5,7,51260911,51760911,1051760911,2051260911,3051260911,1.5311328172841163,0.9590477601709951,0.8764148307980003,0.8983601980435529,0.9197726062890026,-0.5250149243449339,0.5775319856655566,0.7681029556426875,-2.220446049250313e-16,2.7057294715859825e-07,49,0.005,1,1,0.013506578281521797,1.0,-0.9864934217184782,0.9864934217184782,0.17098182439804077,-1.0,1.1709818243980408,1.1709818243980408,0.7022195441658842,0.6427109097736345,0.6566790749486255,0.6589894890785217,4e1c6cf6cf518213be569643ea8d7fd11e1acebd949d46dac3694b0b7e64f908
3,deep,7,1000,800,200,10000,10000,0.5,8,51260911,51760911,1051760911,2051260911,3051260911,1.5059512779725743,0.9027281555482599,0.8530062585920646,0.8702476803565391,0.8149181228195633,-0.4787730629894351,0.5682207199874,0.7276196771972322,-1.1102230246251565e-16,2.666274516727185e-07,56,0.005,1,1,0.03031761385500431,1.0,-0.9696823861449957,0.9696823861449957,0.1522175669670105,-1.0,1.1522175669670105,1.1522175669670105,0.6919177717014268,0.6321707962491779,0.6518379417553588,0.6467523574829102,f34d56f875ae627bcc47892d79454ff67361517984f11fe5f4ed604e78913aef
3,deep,7,1000,800,200,10000,10000,0.5,9,51260911,51760911,1051760911,2051260911,3051260911,1.4798956525273685,0.8514022572923469,0.8610605335688435,0.8428382239578168,0.7248858037225037,-0.41314939260522954,0.5270690316796958,0.7414252424698614,1.1102230246251565e-16,2.606207036848218e-07,63,0.005,1,1,0.048315852880477905,1.0,-0.9516841471195221,0.9516841471195221,0.13330861926078796,-1.0,1.133308619260788,1.133308619260788,0.6876004342600681,0.6265520756126485,0.6550729633915543,0.6389363408088684,1265cc0c236627df66b7df00bdf4b3cddcb897d1d90945d3e7bc52319fc81a0d
3,deep,7,1000,800,200,10000,10000,0.5,10,51260911,51760911,1051760911,2051260911,3051260911,1.4547775776055096,0.8131226855082347,0.845778683577529,0.8210605923883347,0.6611685016881236,-0.3834437562411603,0.5173879770320862,0.7153415815941379,0.0,2.662963343169622e-07,70,0.005,1,1,0.06781028211116791,1.0,-0.9321897178888321,0.9321897178888321,0.1168706864118576,-1.0,1.1168706864118576,1.1168706864118576,0.6831216947810045,0.6240397925514543,0.6504557284166729,0.6354081630706787,389fe018dcd33cd70c4c76ccbaf1cff2f6bec76a32b82e2cadaf0cd887cd93df
3,deep,7,1000,800,200,10000,10000,0.5,11,51260911,51760911,1051760911,2051260911,3051260911,1.4278369321899116,0.8526617157496508,0.8233387195226773,0.7947756428522574,0.7270320015051382,-0.4219604986460769,0.5545516875416348,0.6778866470652419,-1.1102230246251565e-16,2.6225283811243116e-07,77,0.005,1,1,0.08705322444438934,1.0,-0.9129467755556107,0.9129467755556107,0.0978371873497963,-1.0,1.0978371873497963,1.0978371873497963,0.6762072780749699,0.6165657448095757,0.6463299267743777,0.6271794438362122,3f6cdd53f4ea1769a3467e28eb59f9d28d75bc959f5873ed3d87edb1754606d2
3,deep,7,1000,800,200,10000,10000,0.5,12,51260911,51760911,1051760911,2051260911,3051260911,1.4015790429818933,0.9270093765677702,0.8078458472680541,0.7687496022601558,0.8593463842445659,-0.48774053677824086,0.5991545226093786,0.6526149129482401,3.3306690738754696e-16,2.568645882661258e-07,84,0.005,1,1,0.10538070648908615,1.0,-0.8946192935109138,0.8946192935109138,0.07892545312643051,-1.0,1.0789254531264305,1.0789254531264305,0.6770869915602592,0.6207002421196111,0.6401364284223432,0.6302843689918518,2b32f37269de1813b18f58da0aa8dcd5587499e13605c7c9283153cd8f7f7573
3,deep,7,1000,800,200,10000,10000,0.5,13,51260911,51760911,1051760911,2051260911,3051260911,1.376104704241906,0.6648798240770436,0.8605606567494919,0.7523644452400514,0.4420651804647205,-0.22693249087982753,0.37998469896612996,0.7405646439451168,-1.1102230246251565e-16,2.5779568080253057e-07,91,0.005,1,1,0.1276477873325348,1.0,-0.8723522126674652,0.8723522126674652,0.06426771730184555,-1.0,1.0642677173018456,1.0642677173018456,0.6790303347401451,0.6252000029744788,0.6567266392984704,0.6341124773025513,b1a5716db1cf32e04a18a0b4d73c2f1abfc3e5f6e5b880c5fe1019daae6d08d8
3,deep,7,1000,800,200,10000,10000,0.5,14,51260911,51760911,1051760911,2051260911,3051260911,1.3475300494587825,0.9227938197683331,0.7902372294975032,0.7158460545373602,0.8515484338026308,-0.47145980472805077,0.6015841043659256,0.6244748788838895,2.220446049250313e-16,2.5016372884323346e-07,98,0.005,1,1,0.14272980391979218,1.0,-0.8572701960802078,0.8572701960802078,0.039675451815128326,-1.0,1.0396754518151283,1.0396754518151283,0.6701456490186811,0.6085214908780832,0.637182219266423,0.6176798343658447,1628db10dc41aac6b33abbf85d51e5932be9f7394c3149deb8e0430bc61fa983
3,deep,7,1000,800,200,10000,10000,0.5,15,51260911,51760911,1051760911,2051260911,3051260911,1.3214074615090072,0.70463151186193,0.8384064446355945,0.6951662953738947,0.4965055675088291,-0.24437324823811288,0.41013513174165195,0.7029253664064983,2.220446049250313e-16,2.470401900822594e-07,105,0.005,1,1,0.16310642659664154,1.0,-0.8368935734033585,0.8368935734033585,0.02260785549879074,-1.0,1.0226078554987907,1.0226078554987907,0.6667690462142489,0.6172617109486173,0.651402811561409,0.6234312057495117,8c20172acd82a5528e2f30ce52fb74fd590a9480bd271623de79c00be4a2a171
3,deep,7,1000,800,200,10000,10000,0.5,16,51260911,51760911,1051760911,2051260911,3051260911,1.2925227428871735,0.8369624468172674,0.7748321770383451,0.6643416607041137,0.7005061373823471,-0.3822414477562398,0.5601231848593647,0.6003649025739812,0.0,2.4529259690098115e-07,112,0.005,1,1,0.18096879124641418,1.0,-0.8190312087535858,0.8190312087535858,-9.854487143456936e-05,-1.0,0.9999014551285654,0.9999014551285654,0.6600939744053789,0.6014647293428584,0.6337392380916929,0.6090790033340454,a1465415987865d81d1c08ea4302e0e8fb42bf1c4003b6265a5daeb867fa30f3
3,deep,7,1000,800,200,10000,10000,0.5,17,51260911,51760911,1051760911,2051260911,3051260911,1.2655545824676286,0.7197391256442257,0.7782293039116465,0.6439263285406923,0.5180244089831145,-0.27815494402850055,0.4787723524686889,0.6056408494668059,0.0,2.480533565218934e-07,119,0.005,1,1,0.20208846032619476,1.0,-0.7979115396738052,0.7979115396738052,-0.01767338626086712,-1.0,0.9823266137391329,0.9823266137391329,0.6538984115774141,0.6041831873125565,0.6372493438969871,0.6121388673782349,887df78aac3bc6b5456eee7dd9fd106cb4f4927181ad2e9b9792bd86016d2572
3,deep,7,1000,800,200,10000,10000,0.5,18,51260911,51760911,1051760911,2051260911,3051260911,1.2376381231043492,0.7735964102339598,0.7427368702526932,0.6152401775437412,0.598451405926869,-0.33101676251892215,0.5454709697703656,0.551658058432766,2.220446049250313e-16,2.4959988387251997e-07,126,0.005,1,1,0.21934287250041962,1.0,-0.7806571274995804,0.7806571274995804,-0.03962373360991478,-1.0,0.9603762663900852,0.9603762663900852,0.6501455102215378,0.5974637846208746,0.6280510906124922,0.6060299873352051,4b766ac7a515dcdeec5d76991fe7f061682b5e8b20569eebc1127e754b882b7f
3,deep,7,1000,800,200,10000,10000,0.5,19,51260911,51760911,1051760911,2051260911,3051260911,1.2100258767878325,0.7581954244797372,0.7310289236202374,0.5921725978166765,0.5748603017020089,-0.3163148061746613,0.5420837858214926,0.5344032871693629,1.1102230246251565e-16,2.502342342225461e-07,133,0.005,1,1,0.23920167982578278,1.0,-0.7607983201742172,0.7607983201742172,-0.05907038599252701,-1.0,0.940929614007473,0.940929614007473,0.6450135883447896,0.5931571372591113,0.6263304884577643,0.6017569303512573,418e5e0fb4ed72a875fd8a67e126620daadd27d0aba019ce1dca76eb37e86a8a
3,deep,7,1000,800,200,10000,10000,0.5,20,51260911,51760911,1051760911,2051260911,3051260911,1.1834443182824834,0.7035077363765289,0.7307235177203807,0.5709206647141003,0.4949231351416276,-0.2659434702530402,0.4990289764579729,0.5339568593496475,0.0,2.538036332211391e-07,140,0.005,1,1,0.25864875316619873,1.0,-0.7413512468338013,0.7413512468338013,-0.07753656804561615,-1.0,0.9224634319543839,0.9224634319543839,0.6412726470309934,0.5927597938363024,0.6276735278560046,0.6006357669830322,fb1ca16b073af0dfafdfe22a5d0c88b2526425f1868af80ff1f675aaa4048fa0
3,deep,7,1000,800,200,10000,10000,0.5,21,51260911,51760911,1051760911,2051260911,3051260911,1.1559998713296877,0.7473387321094147,0.7071738362421796,0.5463638123193789,0.5585151805109075,-0.3023920790824028,0.5473759226931946,0.500094834665481,1.1102230246251565e-16,2.504376617196158e-07,147,0.005,1,1,0.2768482565879822,1.0,-0.7231517434120178,0.7231517434120178,-0.09812015295028687,-1.0,0.9018798470497131,0.9018798470497131,0.6389311453360115,0.5907709098548625,0.6201216121463969,0.5989826917648315,532548306118325f2e78a96918ca4e18bea179bd08ebacc84cdbe742c3b30538
3,deep,7,1000,800,200,10000,10000,0.5,22,51260911,51760911,1051760911,2051260911,3051260911,1.1288164902048046,0.6785571843660669,0.7149336644561276,0.5268324759524629,0.4604398524548045,-0.23807109191730028,0.4822804915465872,0.5111301445726668,0.0,2.5039169138096895e-07,154,0.005,1,1,0.29758527874946594,1.0,-0.7024147212505341,0.7024147212505341,-0.11634835600852966,-1.0,0.8836516439914703,0.8836516439914703,0.6339953239828929,0.59079505438786,0.6245401470215425,0.5982669591903687,75aa8c7c8109cec5024ac5a99a800bd0479fa9b98cf4be784aee577fb60bb297
3,deep,7,1000,800,200,10000,10000,0.5,23,51260911,51760911,1051760911,2051260911,3051260911,1.1003697407151642,0.726566139985201,0.6962074398488851,0.5018048606847669,0.5278983557729947,-0.2724992085784113,0.5292771824406344,0.48470479930093896,5.551115123125783e-17,2.544475812271685e-07,161,0.005,1,1,0.3160620629787445,1.0,-0.6839379370212555,0.6839379370212555,-0.13800089061260223,-1.0,0.8619991093873978,0.8619991093873978,0.6306588184799864,0.5881295204926706,0.6199209406054613,0.5955840349197388,ae281e6501bb4f209ae601a77242ce2569c005175ddd7000a9b9437c06ed71df
3,deep,7,1000,800,200,10000,10000,0.5,24,51260911,51760911,1051760911,2051260911,3051260911,1.0732674736230112,0.7177945290394377,0.6815257805765859,0.48024507993804655,0.5152289859189483,-0.2654983381332351,0.5334108586840379,0.46447738959052465,0.0,2.577969944184133e-07,168,0.005,1,1,0.33481094241142273,1.0,-0.6651890575885773,0.6651890575885773,-0.15772534906864166,-1.0,0.8422746509313583,0.8422746509313583,0.6263284007667437,0.5868528609826174,0.6163015800919381,0.5951091051101685,7a14130fc7ba442775565d699a9cb2b786f558c2eb4216edff3bc2ca539b58bb
3,deep,7,1000,800,200,10000,10000,0.5,25,51260911,51760911,1051760911,2051260911,3051260911,1.0485559938871947,0.6699568332105641,0.6826797383344249,0.4612780516819991,0.4488421583655276,-0.22203429245758388,0.48792300183288795,0.4660516251323588,-1.6653345369377348e-16,2.6063455482727704e-07,175,0.005,1,1,0.3520963490009308,1.0,-0.6479036509990692,0.6479036509990692,-0.17556653916835785,-1.0,0.8244334608316422,0.8244334608316422,0.6227949770959063,0.5867136142428003,0.6168112291606458,0.594410240650177,42c01dfb22c4b7309444aba360767fc669fbf06c157f8720a05eebd0fc878876
3,deep,7,1000,800,200,10000,10000,0.5,26,51260911,51760911,1051760911,2051260911,3051260911,1.0244371781502233,0.6630150342450195,0.6797493384702531,0.443007462777018,0.4395889356349244,-0.21026861763059787,0.47647739784330556,0.46205916315074674,0.0,2.574390114418179e-07,182,0.005,1,1,0.3688805103302002,1.0,-0.6311194896697998,0.6311194896697998,-0.19305531680583954,-1.0,0.8069446831941605,0.8069446831941605,0.6193524757917713,0.5858968256376574,0.6168757172605134,0.5927794575691223,a75755a04929af4c75288209451a0bf437a97f7e1c875898c89b0b49671e4733
3,deep,7,1000,800,200,10000,10000,0.5,27,51260911,51760911,1051760911,2051260911,3051260911,0.9995328352334054,0.6940845836219264,0.6591413369253212,0.42334118490199546,0.48175340922162296,-0.23531364603995936,0.5199758070985011,0.43446730204369977,1.1102230246251565e-16,2.61374144550075e-07,189,0.005,1,1,0.3853690028190613,1.0,-0.6146309971809387,0.6146309971809387,-0.21177755296230316,-1.0,0.7882224470376968,0.7882224470376968,0.6166301677956991,0.5855605947051093,0.6115745147814742,0.5937091112136841,09f64bba80149afd9ac399f23d444ff550b08bba5ce1fc6d0dcfd54a20c74112
3,deep,7,1000,800,200,10000,10000,0.5,28,51260911,51760911,1051760911,2051260911,3051260911,0.9766048936090103,0.6305390626538526,0.6767164366221324,0.40491681518199474,0.39757950953239907,-0.17227559455991862,0.4293492424933685,0.45794513559455663,5.551115123125783e-17,2.640988947533174e-07,196,0.005,1,1,0.40003103017807007,1.0,-0.5999689698219299,0.5999689698219299,-0.22941946983337402,-1.0,0.770580530166626,0.770580530166626,0.6130104170394025,0.5878962653820261,0.6170931420877134,0.5949153900146484,346515cf48bcaf492db167b24064dae33d79c803f5a1e8a1a4f98158dca7096b
3,deep,7,1000,800,200,10000,10000,0.5,29,51260911,51760911,1051760911,2051260911,3051260911,0.952779730013442,0.6451087751757525,0.6596435622353458,0.38533381012438483,0.4161653318087596,-0.1831847563673039,0.457105308748001,0.43512962919853654,-5.551115123125783e-17,2.6725889590295537e-07,203,0.005,1,1,0.4146176278591156,1.0,-0.5853823721408844,0.5853823721408844,-0.2482575625181198,-1.0,0.7517424374818802,0.7517424374818802,0.6094890127095995,0.5815111004692683,0.6129744486929203,0.5887612104415894,25a667726068a7b2c04c8fb103ca1ea96e6ddef625fe51c192eb1182d0b8e98a
3,deep,7,1000,800,200,10000,10000,0.5,30,51260911,51760911,1051760911,2051260911,3051260911,0.9291549587364273,0.6067550026627672,0.6725360981986416,0.3687960417325362,0.3681516332562946,-0.14232143580428894,0.3862457013829264,0.4523048033802529,-5.551115123125783e-17,2.645461645300884e-07,210,0.005,1,1,0.4309139549732208,1.0,-0.5690860450267792,0.5690860450267792,-0.2655137777328491,-1.0,0.7344862222671509,0.7344862222671509,0.6091383993817563,0.5865936177459191,0.6175748408674254,0.5933612585067749,976f5748e96f4cf7ca6f5b664626803537a2f99a6997751525cd914a8f021688
3,deep,7,1000,800,200,10000,10000,0.5,31,51260911,51760911,1051760911,2051260911,3051260911,0.903574540349014,0.709821770803195,0.6255220252152678,0.3473713503875048,0.5038469463061834,-0.22997024633213908,0.5403320093691409,0.3912778040294101,5.551115123125783e-17,2.738880651165232e-07,217,0.005,1,1,0.44548511505126953,1.0,-0.5545148849487305,0.5545148849487305,-0.2865855395793915,-1.0,0.7134144604206085,0.7134144604206085,0.607634521268669,0.5818634861241714,0.6062495994621582,0.58912193775177,37920b4d18b2140ff94f10d4a2106fd1bbc36e4491a82611c528a474cc95487d
3,deep,7,1000,800,200,10000,10000,0.5,32,51260911,51760911,1051760911,2051260911,3051260911,0.8781260960763666,0.6181814053778216,0.6315807110396587,0.32995157286164506,0.38214824995489866,-0.1566028141295914,0.4398338803404998,0.39889419455736086,-5.551115123125783e-17,2.7864495866225525e-07,224,0.005,1,1,0.4626125693321228,1.0,-0.5373874306678772,0.5373874306678772,-0.30550724267959595,-1.0,0.694492757320404,0.694492757320404,0.5996480782558551,0.5775450287059679,0.6086720748356091,0.5846445560455322,731fa7f0956b64d6ccfe2d92a1970362847da5845a29d68db7000c010449f9ff
3,deep,7,1000,800,200,10000,10000,0.5,33,51260911,51760911,1051760911,2051260911,3051260911,0.8542421183549815,0.5962077791973682,0.6664860742370017,0.31216937681798135,0.35546371597545773,-0.11171470282079445,0.33465897369877134,0.44420368715185016,-5.551115123125783e-17,2.616254022314024e-07,231,0.005,1,1,0.47716447710990906,1.0,-0.5228355228900909,0.5228355228900909,-0.324446439743042,-1.0,0.675553560256958,0.675553560256958,0.6000336848221018,0.5866997289643564,0.6163757028065717,0.5922226905822754,2c412e99b372ce9c5086e3c1244caa2861c3685a8c3c6637af4fcc82dd831a59
3,deep,7,1000,800,200,10000,10000,0.5,34,51260911,51760911,1051760911,2051260911,3051260911,0.8308838449926895,0.6621992353104884,0.6120826443826034,0.29338579686927585,0.43850782724579557,-0.17862423028033547,0.4881152790374668,0.37464516355440053,5.551115123125783e-17,2.781777448390699e-07,238,0.005,1,1,0.4898017644882202,1.0,-0.5101982355117798,0.5101982355117798,-0.3442060351371765,-1.0,0.6557939648628235,0.6557939648628235,0.5957827949800282,0.5802227459334018,0.6026187165902993,0.5870338678359985,6ad0c32d660e2ec9f6a9460ce791f4e683583ce420f5ecca4e3dd0d551e8721c
3,deep,7,1000,800,200,10000,10000,0.5,35,51260911,51760911,1051760911,2051260911,3051260911,0.8093016739624608,0.6787009667702966,0.6177373127601482,0.28043616329174653,0.4606350022949352,-0.17973588900527626,0.48507052318783783,0.38159938757612916,-5.551115123125783e-17,2.8502261173457555e-07,245,0.005,1,1,0.5048872828483582,1.0,-0.49511271715164185,0.49511271715164185,-0.35981830954551697,-1.0,0.640181690454483,0.640181690454483,0.5921108376303202,0.5808319005359792,0.6053621693127466,0.5868953466415405,edf049f8fc699d72c016eaeacb8f33ec9a773db95d193761c8374a1bb0284a8b
3,deep,7,1000,800,200,10000,10000,0.5,36,51260911,51760911,1051760911,2051260911,3051260911,0.7899821259457598,0.578084743708853,0.6397656829843057,0.2697843781857748,0.33418197090893026,-0.09733310998516491,0.3223130233366779,0.4093001291243752,0.0,2.8532676843440186e-07,252,0.005,1,1,0.5190110802650452,1.0,-0.48098891973495483,0.48098891973495483,-0.3733251094818115,-1.0,0.6266748905181885,0.6266748905181885,0.5907701538440484,0.5768255423819305,0.6113359692851377,0.5826213359832764,d0489ad23a7cb05dd3346db16b1c51dba764db8cb549110184c6c8d869043df8
3,deep,7,1000,800,200,10000,10000,0.5,37,51260911,51760911,1051760911,2051260911,3051260911,0.7700970089629285,0.6735302821481355,0.5967110156764989,0.25436134437160596,0.45364304097054703,-0.17597017455623706,0.4970878096219617,0.35606403622967886,5.551115123125783e-17,2.8641683957886244e-07,259,0.005,1,1,0.5292733907699585,1.0,-0.4707266092300415,0.4707266092300415,-0.39052000641822815,-1.0,0.6094799935817719,0.6094799935817719,0.589339401398515,0.5800530532724529,0.6025345296167263,0.5871931314468384,a81b2881b9d63df680fb82143d24e39121836b291aef15c8debf5e9098f7517c
3,deep,7,1000,800,200,10000,10000,0.5,38,51260911,51760911,1051760911,2051260911,3051260911,0.7504546403711854,0.5727215810891642,0.6388140106280703,0.24328218296279824,0.328010009445272,-0.08160442611667496,0.28568367361262814,0.40808334017472037,0.0,2.87741974247524e-07,266,0.005,1,1,0.5429088473320007,1.0,-0.45709115266799927,0.45709115266799927,-0.4048110842704773,-1.0,0.5951889157295227,0.5951889157295227,0.5863524684089405,0.588045183062655,0.6124638486581822,0.5946063995361328,bceff21238c84c0f14ee148a1cb885097c2a69c33842a51168cf4423af2a68e0
3,deep,7,1000,800,200,10000,10000,0.5,39,51260911,51760911,1051760911,2051260911,3051260911,0.7317499431267918,0.6306641819182672,0.6035624344393354,0.23133496406928203,0.39773731035463733,-0.13239233107879114,0.420912942634552,0.3642876122663371,5.551115123125783e-17,2.85052260906582e-07,273,0.005,1,1,0.5543295741081238,1.0,-0.4456704258918762,0.4456704258918762,-0.419624388217926,-1.0,0.580375611782074,0.580375611782074,0.5808783929183349,0.576786498801294,0.6030351122581012,0.5834496021270752,36fc6ac612cbc6491d1b3302aa19157678fcee9032e29beb08c43ab3fdf86c43
3,deep,7,1000,800,200,10000,10000,0.5,40,51260911,51760911,1051760911,2051260911,3051260911,0.7135436036345824,0.630477451150793,0.6000568580563178,0.22127633742755093,0.39750181640960053,-0.12935496046836575,0.41809801999703133,0.36006823290042,0.0,2.8580519639831437e-07,280,0.005,1,1,0.5667111277580261,1.0,-0.4332888722419739,0.4332888722419739,-0.43307387828826904,-1.0,0.566926121711731,0.566926121711731,0.5769302304481634,0.5750542486095696,0.6031617088227004,0.5813813209533691,62cb2724d988b59ae060b04e2406af4b5905ad048dbc817918dde2df37f2ce61
3,deep,7,1000,800,200,10000,10000,0.5,41,51260911,51760911,1051760911,2051260911,3051260911,0.6977106403001349,0.5580644756730664,0.641677846211292,0.21456666629158763,0.3114359590082545,-0.057126083490739804,0.2172083588296758,0.4117504583183625,0.0,2.8862754231084864e-07,287,0.005,1,1,0.5793450474739075,1.0,-0.42065495252609253,0.42065495252609253,-0.4433586895465851,-1.0,0.5566413104534149,0.5566413104534149,0.5824466220071737,0.5791967985454228,0.6121020746658401,0.5858634114265442,294a2f55167a092e40ac0230a7c02fcdad9c7aa763c82483612be1cb4f390fca
3,deep,7,1000,800,200,10000,10000,0.5,42,51260911,51760911,1051760911,2051260911,3051260911,0.6816405641341551,0.7142167658624087,0.624682187168953,0.2019406595138544,0.5101055886389587,-0.16090920659331315,0.45196279598619615,0.39022783496618685,0.0,2.936109257944963e-07,294,0.005,1,1,0.5860928893089294,1.0,-0.41390711069107056,0.41390711069107056,-0.45841458439826965,-1.0,0.5415854156017303,0.5415854156017303,0.5820656179339945,0.5827299087006849,0.608017222876103,0.5884541273117065,fdc08043b7f05cf446cf196c7f22c9001ccb47a9c4c6cb7d042a690ccac96be2
3,deep,7,1000,800,200,10000,10000,0.5,43,51260911,51760911,1051760911,2051260911,3051260911,0.6669963281020449,0.5575423486496504,0.6563838959304753,0.19737717308420752,0.31085347053776824,-0.03869541239255337,0.15227500694088486,0.430839818836869,-5.551115123125783e-17,2.838917625425097e-07,301,0.005,1,1,0.5992112755775452,1.0,-0.40078872442245483,0.40078872442245483,-0.46684664487838745,-1.0,0.5331533551216125,0.5331533551216125,0.5828557717589515,0.584862341791208,0.6140141818229051,0.5922462344169617,9722ad73c25584dc7c1ce8d85f03cf9bfcf458c7d0b45561f0b3f061c34d8854
3,deep,7,1000,800,200,10000,10000,0.5,44,51260911,51760911,1051760911,2051260911,3051260911,0.6495893505134525,0.629812392167159,0.6030192796837037,0.1863032823890457,0.3966636493273193,-0.10966734002305607,0.37623863055207835,0.36363225167025287,-5.551115123125783e-17,2.894184145674217e-07,308,0.005,1,1,0.6086954474449158,1.0,-0.39130455255508423,0.39130455255508423,-0.48149535059928894,-1.0,0.5185046494007111,0.5185046494007111,0.572195205454666,0.5760831381720278,0.6044568158289642,0.5806660652160645,65e83e866377a5dd3e0a51c6232bd8892ab0f27a13b30b1c657498e2f73c2ad5
3,deep,7,1000,800,200,10000,10000,0.5,45,51260911,51760911,1051760911,2051260911,3051260911,0.6325981670588229,0.6166952565854054,0.5735951138939699,0.17833969280613984,0.38031303949493894,-0.1148206888090213,0.41106283803921373,0.3290113546830363,5.551115123125783e-17,2.9445699034624795e-07,315,0.005,1,1,0.6207587718963623,1.0,-0.3792412281036377,0.3792412281036377,-0.4936833679676056,-1.0,0.5063166320323944,0.5063166320323944,0.5699537170254438,0.5720095895382841,0.5976423490097089,0.5779759287834167,0f9400e95cc4136c4b7eef7fee45de48a31be2b98532567dcd004d34b171468f
3,deep,7,1000,800,200,10000,10000,0.5,46,51260911,51760911,1051760911,2051260911,3051260911,0.6193979928735864,0.564463893861187,0.6301034163693463,0.17481970008146527,0.3186194874729334,-0.04820443611703845,0.19538146678601284,0.39703031532032174,0.0,4.703988256693492e-07,322,0.005,1,1,0.6329861879348755,1.0,-0.3670138120651245,0.3670138120651245,-0.501046359539032,-1.0,0.498953640460968,0.498953640460968,0.5686668911447251,0.5799622589648202,0.6103039578421106,0.5852247476577759,46c9a56be62a3e44dbecfe7c849867eecf9b6928b2915fdbd9a69c2b9d14f7ec
3,deep,7,1000,800,200,10000,10000,0.5,47,51260911,51760911,1051760911,2051260911,3051260911,0.6043648218655505,0.656413741168745,0.591746037063208,0.16815521548951892,0.43087899959514814,-0.12443542135232774,0.4154534689967255,0.35016337238001155,0.0,3.24244449956268e-07,329,0.005,1,1,0.6438592672348022,1.0,-0.35614073276519775,0.35614073276519775,-0.5117166638374329,-1.0,0.48828333616256714,0.48828333616256714,0.5677786534770279,0.5757601040370716,0.6021148160403531,0.5796813368797302,7f2b4f138899ce457201337123b54d6e83164c1f41def5e2f3829332868c73d9
3,deep,7,1000,800,200,10000,10000,0.5,48,51260911,51760911,1051760911,2051260911,3051260911,0.5933424129085755,0.5536207635031555,0.6006789466096379,0.16636727379715185,0.3064959497818168,-0.0560240133394522,0.23695652588679747,0.36081519690006425,-5.551115123125783e-17,3.137736044322992e-07,336,0.005,1,1,0.6553228497505188,1.0,-0.3446771502494812,0.3446771502494812,-0.5170373916625977,-1.0,0.48296260833740234,0.48296260833740234,0.5625367087771774,0.5728321158730824,0.6038392108798644,0.5770328044891357,c0b71d1433e86fc12f8a19f448276103996aaecd0938a0d0574423a14edebb0b
3,deep,7,1000,800,200,10000,10000,0.5,49,51260911,51760911,1051760911,2051260911,3051260911,0.581369522382918,0.6147364095415171,0.5671820364188519,0.15917180738426473,0.3779008532159958,-0.10768859908201234,0.4010205954689778,0.32169546243623587,5.551115123125783e-17,4.3584416431485806e-07,343,0.005,1,1,0.6616312861442566,1.0,-0.3383687138557434,0.3383687138557434,-0.5272451639175415,-1.0,0.4727548360824585,0.4727548360824585,0.5619361466404379,0.574413702323791,0.596532731120665,0.5780906677246094,49e3991734ce20615204125c64004e4372727c981a206ed58e454fb111f2391f
3,deep,7,1000,800,200,10000,10000,0.5,50,51260911,51760911,1051760911,2051260911,3051260911,0.569982203662416,0.6214035331616966,0.6610475678997367,0.15347210550215415,0.38614235102583977,-0.051315284750918386,0.19019240174213634,0.4369838870261571,0.0,3.519580591415661e-07,350,0.005,1,1,0.6688292026519775,1.0,-0.33117079734802246,0.33117079734802246,-0.5360974073410034,-1.0,0.4639025926589966,0.4639025926589966,0.5672366833569822,0.5909406996860842,0.6187861847577205,0.5938763618469238,6c1d26aee0563fbe1586586d3ef797f0a616a26613add1866ca11d60fca7a308
3,deep,7,1000,800,200,10000,10000,0.5,51,51260911,51760911,1051760911,2051260911,3051260911,0.561350447236225,0.6352152040508762,0.5840706349240923,0.14918867177915798,0.40349835545739626,-0.10577426032796097,0.3827636804027563,0.3411385065806323,-5.551115123125783e-17,3.1124701393991927e-07,357,0.005,1,1,0.6742463111877441,1.0,-0.32575368881225586,0.32575368881225586,-0.54283607006073,-1.0,0.45716392993927,0.45716392993927,0.5684909415390458,0.5765156764461699,0.5995551164186356,0.579988956451416,f4c89133208105a606aeb1de066956ff1a5db62cd14a2a89a8c80184a1e82db8
3,deep,7,1000,800,200,10000,10000,0.5,52,51260911,51760911,1051760911,2051260911,3051260911,0.5505303137691587,0.5943117409148543,0.6599201272355341,0.14875029738783208,0.3532064453892449,-0.033231084223256775,0.13240616727013452,0.43549457433056343,-5.551115123125783e-17,3.296262853780263e-07,364,0.005,1,1,0.6870225071907043,1.0,-0.31297749280929565,0.31297749280929565,-0.547088623046875,-1.0,0.452911376953125,0.452911376953125,0.5608338448409549,0.5883676559447972,0.618701252789766,0.5908676981925964,dd25ebb98caee9fd5efda3a183059b3acec2b9e605ec69cf05f7f6d809d93fd6
3,deep,7,1000,800,200,10000,10000,0.5,53,51260911,51760911,1051760911,2051260911,3051260911,0.5395064506505209,0.6222927083490306,0.5937407659787399,0.14134908537108432,0.3872482148643716,-0.08803460152521754,0.3330875942272267,0.3525280971850208,-5.551115123125783e-17,3.0482202539872105e-07,371,0.005,1,1,0.6914003491401672,1.0,-0.30859965085983276,0.30859965085983276,-0.5574692487716675,-1.0,0.4425307512283325,0.4425307512283325,0.5503412057017806,0.5723501386219132,0.603536956105452,0.5746109485626221,3e970fdf2bbea4755a02b8fb726d0d2a242fbd1cc6848b35b17f86c88655a4ce
3,deep,7,1000,800,200,10000,10000,0.5,54,51260911,51760911,1051760911,2051260911,3051260911,0.528049622511552,0.6666300405065905,0.5948468364197418,0.13587411513670922,0.4443956109058185,-0.11321348362197635,0.39020985772977923,0.353842758798575,5.551115123125783e-17,3.249240734248815e-07,378,0.005,1,1,0.6985507011413574,1.0,-0.3014492988586426,0.3014492988586426,-0.5664510130882263,-1.0,0.4335489869117737,0.4335489869117737,0.5557512032010934,0.5711353609672767,0.6018760841144176,0.572674036026001,d600b9199b53de52bedac8b141e7c083780c14121ab407517e7612c95ec54a46
3,deep,7,1000,800,200,10000,10000,0.5,55,51260911,51760911,1051760911,2051260911,3051260911,0.5186839944926329,0.5956328309581737,0.6782262504060512,0.13426085897447795,0.35477846931524826,-0.014524240774937221,0.059399070523557106,0.4599908467398517,-5.551115123125783e-17,5.234731332848241e-07,385,0.005,1,1,0.7080201506614685,1.0,-0.2919798493385315,0.2919798493385315,-0.5713033080101013,-1.0,0.4286966919898987,0.4286966919898987,0.5582063457360207,0.5926283099486509,0.6208138261803425,0.5939322710037231,0cbd00d5479e8f8f647f65310213666ed6d27dac2ccf2018eeee0e914731b31f
3,deep,7,1000,800,200,10000,10000,0.5,56,51260911,51760911,1051760911,2051260911,3051260911,0.5078306784964732,0.6456486270873848,0.5929519684186645,0.1278844663895984,0.4168621496598249,-0.09657728959892722,0.35457692348534037,0.3515920368515689,5.551115123125783e-17,3.420663752251585e-07,392,0.005,1,1,0.7130457162857056,1.0,-0.28695428371429443,0.28695428371429443,-0.5810140371322632,-1.0,0.4189859628677368,0.4189859628677368,0.5516078002648864,0.581029188700479,0.6019061449978308,0.583838939666748,59c35282b87a9ba32a42f9ff485f750ddf4fa65d8156fb05ebd2d1f744fc0ca1
3,deep,7,1000,800,200,10000,10000,0.5,57,51260911,51760911,1051760911,2051260911,3051260911,0.5001266491323996,0.609886128131257,0.6116727730171818,0.12558962182261457,0.371961089286936,-0.061703564929510846,0.24802925029253942,0.3741435812505289,0.0,4.968135769445325e-07,399,0.005,1,1,0.7194948196411133,1.0,-0.2805051803588867,0.2805051803588867,-0.5859426259994507,-1.0,0.4140573740005493,0.4140573740005493,0.5428980084773246,0.5818829449915224,0.608241908744022,0.584007740020752,e44abb110c02e85da0229af97d348d9aa0b4594443d0f9aebc99144919d88fc5
3,deep,7,1000,800,200,10000,10000,0.5,58,51260911,51760911,1051760911,2051260911,3051260911,0.4896753042500476,0.6032452562455072,0.6016675733788855,0.12072322662876953,0.36390483918270766,-0.06131209847792029,0.25302743610301354,0.3620038688556366,0.0,4.632878347621272e-07,406,0.005,1,1,0.7258066534996033,1.0,-0.27419334650039673,0.27419334650039673,-0.5942908525466919,-1.0,0.4057091474533081,0.4057091474533081,0.5388278040859895,0.5746379724582549,0.6060398823407442,0.5769255757331848,804a77d0e425c321fc5c3a26b1f60d1cad7f902670f1f45b6bec5050807bbe04
3,deep,7,1000,800,200,10000,10000,0.5,59,51260911,51760911,1051760911,2051260911,3051260911,0.4797561676443985,0.5956823691671865,0.6058843305587441,0.11623870363385051,0.35483748493663225,-0.05199018327693261,0.22072940445026887,0.36709582201661756,0.0,3.828524111071374e-07,413,0.005,1,1,0.7318605184555054,1.0,-0.26813948154449463,0.26813948154449463,-0.6021718978881836,-1.0,0.3978281021118164,0.3978281021118164,0.5360199980859917,0.5718805778091106,0.6063602291082033,0.574216902256012,518a5991cfa7f464f8ef911164f9364ce67417de33f45ebc22445c3859b9d24b
3,deep,7,1000,800,200,10000,10000,0.5,60,51260911,51760911,1051760911,2051260911,3051260911,0.46847817715921386,0.6443976513999986,0.6024824804917512,0.11190685212763188,0.41524833312983417,-0.08208502297898633,0.3114264082933964,0.3629851392994934,0.0,3.177155019074007e-07,420,0.005,1,1,0.7396941781044006,1.0,-0.26030582189559937,0.26030582189559937,-0.6104968786239624,-1.0,0.3895031213760376,0.3895031213760376,0.5364136228184213,0.5779091505012687,0.6052924924869324,0.5790910720825195,b7a9e7fa4863abd6ab27536db38dfe60c99bbfef9f00e43b626961e83fcc8e46
3,deep,7,1000,800,200,10000,10000,0.5,61,51260911,51760911,1051760911,2051260911,3051260911,0.457749940035578,0.6135879443131275,0.604532194664851,0.10953087022558129,0.37649016540640967,-0.060280930622844855,0.24805893656211547,0.36545917438630127,0.0,3.41616505750153e-07,427,0.005,1,1,0.7495800852775574,1.0,-0.2504199147224426,0.2504199147224426,-0.6168226599693298,-1.0,0.38317734003067017,0.38317734003067017,0.5317581949223245,0.5744061778512837,0.6063534194406324,0.5763518810272217,7ceae5508d4d7fa3f01ff9ccf779eece2afa7f267f0a27fcd431118e8aff833e
3,deep,7,1000,800,200,10000,10000,0.5,62,51260911,51760911,1051760911,2051260911,3051260911,0.4466742055252407,0.6099386595173283,0.6311376032863372,0.10628098348482212,0.37202516837379535,-0.03998573878829783,0.16719725904808022,0.39833467428202185,5.551115123125783e-17,4.4909719321140074e-07,434,0.005,1,1,0.7585926651954651,1.0,-0.2414073348045349,0.2414073348045349,-0.6241804361343384,-1.0,0.3758195638656616,0.3758195638656616,0.5304909583908485,0.5785517954966621,0.6114320664080274,0.5800647139549255,634337df8262cf4c5d9d4ca8b0883a2401d298919777d0ebe8f24723a5c72516
3,deep,7,1000,800,200,10000,10000,0.5,63,51260911,51760911,1051760911,2051260911,3051260911,0.43713432657702284,0.6359305350571395,0.6150310870053677,0.10113101313324496,0.4044076454180597,-0.06363771028415022,0.25176199369802277,0.3782632379830042,0.0,5.044330393388918e-07,441,0.005,1,1,0.7627493739128113,1.0,-0.23725062608718872,0.23725062608718872,-0.6328507661819458,-1.0,0.3671492338180542,0.3671492338180542,0.5292507430277094,0.5777332284293918,0.6079698683140202,0.5788272023200989,53b52a6ef65f729a8d1b844837eb25fef7129bd90c54a68b6aa09b7a5c7dabc6
3,deep,7,1000,800,200,10000,10000,0.5,64,51260911,51760911,1051760911,2051260911,3051260911,0.42892164317992615,0.6348194482201222,0.6261458074905123,0.0972096711447382,0.4029957318385003,-0.05407341537264645,0.21620484325099706,0.39205857223794566,1.1102230246251565e-16,3.3294902834768436e-07,448,0.005,1,1,0.7669637203216553,1.0,-0.23303627967834473,0.23303627967834473,-0.6399057507514954,-1.0,0.36009424924850464,0.36009424924850464,0.5266311508696717,0.5762229348098846,0.6104591823408713,0.5783029198646545,3081a2d072b1ed5fff6bfa0cc4ce6251324d397903460df6f7cfd251952afad0
3,deep,7,1000,800,200,10000,10000,0.5,65,51260911,51760911,1051760911,2051260911,3051260911,0.4229433403150239,0.626482541391177,0.683671917132135,0.0941288803820103,0.39248037466794783,-0.009600982387414633,0.039460747150930946,0.4674072902751289,5.551115123125783e-17,4.656427776694727e-07,455,0.005,1,1,0.7695994973182678,1.0,-0.23040050268173218,0.23040050268173218,-0.6453217267990112,-1.0,0.35467827320098877,0.35467827320098877,0.5347524009816298,0.5867295104564311,0.6218245541293387,0.5886529088020325,9567fb0d7f721b96711a563bcb4677b1d6f23e12bc3850a9478a5cf9af1ee408
3,deep,7,1000,800,200,10000,10000,0.5,66,51260911,51760911,1051760911,2051260911,3051260911,0.4186215299199161,0.665209418409132,0.6137682522764486,0.08958431042290733,0.44250357034021565,-0.07768820663031842,0.29201268977935607,0.3767114675024862,5.551115123125783e-17,5.063011450090471e-07,462,0.005,1,1,0.7677626609802246,1.0,-0.2322373390197754,0.2322373390197754,-0.6517044305801392,-1.0,0.34829556941986084,0.34829556941986084,0.5287312981516951,0.5786144677442454,0.6070498260953057,0.5766744017601013,59a5b0c9a1c1d69f21d2f2f85ed8df18909507d71843fe1859ee7df3aae57c99
3,deep,7,1000,800,200,10000,10000,0.5,67,51260911,51760911,1051760911,2051260911,3051260911,0.41390432637546637,0.6618376166505419,0.6422473229028974,0.08813026969066966,0.4380290308136697,-0.05683883836420041,0.21605182426584,0.41248162377593856,0.0,4.5060988718148565e-07,469,0.005,1,1,0.7712740898132324,1.0,-0.22872591018676758,0.22872591018676758,-0.6550344228744507,-1.0,0.3449655771255493,0.3449655771255493,0.525823340116945,0.5792008442888814,0.6130631045009454,0.5784159302711487,68dd927b7703d6ffe1fc959afc465a36da290a5f896e523b5a52c6e2935463c1
3,deep,7,1000,800,200,10000,10000,0.5,68,51260911,51760911,1051760911,2051260911,3051260911,0.4089361812511391,0.629942648869269,0.6302967367725635,0.08688627502542207,0.39682774086443107,-0.04322001975185545,0.17870071295059234,0.3972739763861422,-5.551115123125783e-17,4.797140107370979e-07,476,0.005,1,1,0.7754215598106384,1.0,-0.22457844018936157,0.22457844018936157,-0.6582496166229248,-1.0,0.3417503833770752,0.3417503833770752,0.5245232808351868,0.5746157874068196,0.6096373562018564,0.5754895210266113,fb0c760c70f5c425015058d6593ab3d3ec5c3b37ffbe04b599d55e75adb72aeb
3,deep,7,1000,800,200,10000,10000,0.5,69,51260911,51760911,1051760911,2051260911,3051260911,0.4050438722228785,0.6525309401542293,0.6630697246934727,0.0853858654470881,0.42579662785856237,-0.03576051675028631,0.13991291649694304,0.4396614598050777,-1.6653345369377348e-16,4.275105975892757e-07,483,0.005,1,1,0.7777988910675049,1.0,-0.22220110893249512,0.22220110893249512,-0.6613450050354004,-1.0,0.3386549949645996,0.3386549949645996,0.5210874476626902,0.5877285240212962,0.6182083559785206,0.5873409509658813,e84e5d090ca9d68476f1be1ff8a36bea9d7adfc6b9dc80366f8317584e764ab3
3,deep,7,1000,800,200,10000,10000,0.5,70,51260911,51760911,1051760911,2051260911,3051260911,0.40029088216252395,0.6551541873976177,0.6190245468643639,0.08216830338757657,0.4292270092646327,-0.06410196151578905,0.2506943647306507,0.38319138962063115,0.0,4.4328058557141503e-07,490,0.005,1,1,0.7783626317977905,1.0,-0.22163736820220947,0.22163736820220947,-0.6666688323020935,-1.0,0.3333311676979065,0.3333311676979065,0.5214908661888166,0.5767890337684434,0.6079540843569472,0.577715277671814,592d8293e09661f5e0f251d8f639c663691d50c001c36051aa975e2374f3a58a
3,deep,7,1000,800,200,10000,10000,0.5,71,51260911,51760911,1051760911,2051260911,3051260911,0.39618742748820746,0.6963467697073157,0.6931659848159318,0.079423182416907,0.48489882368181336,-0.04192146179643992,0.14857284083692576,0.4804790825058406,0.0,4.825987076628735e-07,497,0.005,1,1,0.7788266539573669,1.0,-0.22117334604263306,0.22117334604263306,-0.6712952256202698,-1.0,0.3287047743797302,0.3287047743797302,0.5229874131857174,0.5910464022494049,0.624176980281563,0.5901223421096802,9281e42406853c75149d17600f99cb39e248cad1f25e17862b31fb50e2b1eb17
3,deep,7,1000,800,200,10000,10000,0.5,72,51260911,51760911,1051760911,2051260911,3051260911,0.3893399593922862,0.6371498601936371,0.6353583684876857,0.07725207466423015,0.4059599443447713,-0.03976588130083385,0.16458978558682363,0.40368025640733374,0.0,4.290250412708474e-07,504,0.005,1,1,0.7835975289344788,1.0,-0.21640247106552124,0.21640247106552124,-0.6763403415679932,-1.0,0.32365965843200684,0.32365965843200684,0.5154457137161781,0.5771070069312177,0.6110365272258378,0.578502893447876,ef1f245d4c4493d0a2c9b575696713ebfd091ac9584cbb5aa98a6f879f78fa3d
3,deep,7,1000,800,200,10000,10000,0.5,73,51260911,51760911,1051760911,2051260911,3051260911,0.38413936733109155,0.6304346809244281,0.6530423304875895,0.0757965164380314,0.3974478869122855,-0.02339005897082742,0.09884980701404318,0.4264642854086621,0.0,5.02334842167329e-07,511,0.005,1,1,0.7875237464904785,1.0,-0.21247625350952148,0.21247625350952148,-0.6799736022949219,-1.0,0.3200263977050781,0.3200263977050781,0.51499295934679,0.5887241082468843,0.6158187120567805,0.5897873044013977,8449dd594e2a262d17bddf86a509499f42cddb54cb91c0678febc790f94ba74b
3,deep,7,1000,800,200,10000,10000,0.5,74,51260911,51760911,1051760911,2051260911,3051260911,0.3810373927641926,0.661340792579386,0.623345321833686,0.0726372425871557,0.43737164392953054,-0.06072474813237236,0.23813211784256072,0.38855939025194147,-1.1102230246251565e-16,4.1292129537850997e-07,518,0.005,1,1,0.7858237624168396,1.0,-0.2141762375831604,0.2141762375831604,-0.6848523616790771,-1.0,0.31514763832092285,0.31514763832092285,0.5168104527435896,0.5806537118883335,0.6089257947129952,0.5800966024398804,e19ee173a982ee91e8eb3cf07c6b368766e3b83c59dcd794d7c3e2accf0a1835
3,deep,7,1000,800,200,10000,10000,0.5,75,51260911,51760911,1051760911,2051260911,3051260911,0.3779692475445322,0.6240181116492596,0.6327515977871718,0.07281379737110967,0.38939860366630785,-0.030918908267599295,0.13378658036090346,0.4003745845022189,0.0,5.498058861519439e-07,525,0.005,1,1,0.7899320125579834,1.0,-0.2100679874420166,0.2100679874420166,-0.6857832074165344,-1.0,0.3142167925834656,0.3142167925834656,0.511836371172539,0.5734059219385873,0.6096231075310523,0.5739399790763855,e148555981cd682e4b6a8e40ddf64615f4e5f4cdb2e10ff7fd865e9434dd0cf7
3,deep,7,1000,800,200,10000,10000,0.5,76,51260911,51760911,1051760911,2051260911,3051260911,0.37303404827437414,0.6685547579111637,0.6892654478141568,0.06956444495744131,0.44696546432565465,-0.020721525866322966,0.08023359535978414,0.4750868575504501,1.1102230246251565e-16,4.3995579979139166e-07,532,0.005,1,1,0.7902258038520813,1.0,-0.2097741961479187,0.2097741961479187,-0.6915373802185059,-1.0,0.30846261978149414,0.30846261978149414,0.5124210557317013,0.5917907539479561,0.6228980736308484,0.592707097530365,b7ffcedb972b03f48be4fcb4efe051e1374d8b89d0b94472b55d76ec876f0ded
3,deep,7,1000,800,200,10000,10000,0.5,77,51260911,51760911,1051760911,2051260911,3051260911,0.37092173644152165,0.67988840376437,0.6278913135149256,0.06514582673667824,0.462248241573263,-0.06657328336122137,0.25246125188536367,0.39424750158749855,1.1102230246251565e-16,4.6648199081289476e-07,539,0.005,1,1,0.7847678065299988,1.0,-0.21523219347000122,0.21523219347000122,-0.6979105472564697,-1.0,0.3020894527435303,0.3020894527435303,0.522273872667086,0.5784359335493572,0.6096289837977441,0.5805773735046387,53b6df3053f823110e7876e7cae58c7857ede0025c32f510ba7f7da5a18aa4f0
3,deep,7,1000,800,200,10000,10000,0.5,78,51260911,51760911,1051760911,2051260911,3051260911,0.3702227162193557,0.642013656508318,0.6780555035142153,0.06612578932773347,0.41218153514318046,-0.009274029312498995,0.038778537722614165,0.459759265845916,0.0,4.4711191193869126e-07,546,0.005,1,1,0.7874307632446289,1.0,-0.2125692367553711,0.2125692367553711,-0.6968842148780823,-1.0,0.3031157851219177,0.3031157851219177,0.509990961263347,0.5885758890870482,0.6211197578470015,0.5901632308959961,bc3cd05274bb1c7b537d88577094fb4f72c482362881a0dba12f4387f1b02edb
3,deep,7,1000,800,200,10000,10000,0.5,79,51260911,51760911,1051760911,2051260911,3051260911,0.363924964842247,0.6461662752081896,0.674476677603368,0.06441964649945006,0.41753085521642586,-0.013515856542499193,0.05608815218317664,0.4549187886308777,1.6653345369377348e-16,3.7831613930450203e-07,553,0.005,1,1,0.7920256853103638,1.0,-0.20797431468963623,0.20797431468963623,-0.7013562917709351,-1.0,0.29864370822906494,0.29864370822906494,0.5073559525820222,0.5887018851286484,0.6185991364271846,0.5896676778793335,ea893e6e1651c86f721b4453c63681563a4192daa57dee3cf8d21017940086f3
3,deep,7,1000,800,200,10000,10000,0.5,80,51260911,51760911,1051760911,2051260911,3051260911,0.3602917958478727,0.6695955765893166,0.6570603086530868,0.06158460679777138,0.4483582361879793,-0.03910729688923044,0.15337913818048513,0.4317282492072898,0.0,5.121178592304432e-07,560,0.005,1,1,0.7911621928215027,1.0,-0.20883780717849731,0.20883780717849731,-0.706406831741333,-1.0,0.293593168258667,0.293593168258667,0.5054962624241288,0.5823637728830597,0.6143066715580642,0.5830389261245728,283d90038666d2cf7b896a1a781567ab18a12f41e7a9cb802e02a34291b73031
3,deep,7,1000,800,200,10000,10000,0.5,81,51260911,51760911,1051760911,2051260911,3051260911,0.3544469530374722,0.6482004896622021,0.6554623389157184,0.059502339260692906,0.42016387479831857,-0.025017668161073744,0.10431282182403581,0.42963087773686404,0.0,4.3653009385025143e-07,567,0.005,1,1,0.7943564653396606,1.0,-0.20564353466033936,0.20564353466033936,-0.7113074660301208,-1.0,0.28869253396987915,0.28869253396987915,0.5005890182860808,0.5845136433403482,0.614755368856017,0.5851435661315918,0ed9106440668223edaab9326ff0e764c27941717f240e8ffdf116e160ef623e
3,deep,7,1000,800,200,10000,10000,0.5,82,51260911,51760911,1051760911,2051260911,3051260911,0.3504594618412364,0.6578528788508765,0.7077073072952662,0.0591457493104092,0.432770410212386,0.004466736638160643,-0.018160560704058984,0.5008496327991164,-1.1102230246251565e-16,5.179396680432546e-07,574,0.005,1,1,0.7985672950744629,1.0,-0.2014327049255371,0.2014327049255371,-0.7132131457328796,-1.0,0.28678685426712036,0.28678685426712036,0.5106121246277957,0.600345969256095,0.6268790045523982,0.6006289124488831,aff3da907b462184525f8d8a116163030baf601d35594a46fba4d48baa233e01
3,deep,7,1000,800,200,10000,10000,0.5,83,51260911,51760911,1051760911,2051260911,3051260911,0.3483711446536667,0.6700811956748602,0.6581710112708687,0.05555404331685138,0.44900880879705035,-0.03568688601829181,0.14145665250138442,0.43318908007731804,-5.551115123125783e-17,5.042544906075364e-07,581,0.005,1,1,0.7940805554389954,1.0,-0.20591944456100464,0.20591944456100464,-0.7190024256706238,-1.0,0.2809975743293762,0.2809975743293762,0.5015879690832955,0.589003906689945,0.6144378353965925,0.5892411470413208,6f679733476df78ee94260711fcbc21b3f600726c03153ec7653eafd64974810
3,deep,7,1000,800,200,10000,10000,0.5,84,51260911,51760911,1051760911,2051260911,3051260911,0.3474790668597641,0.6839669647028371,0.6594073065182106,0.054316746570333654,0.467810808804812,-0.04365477974277222,0.16721883108201985,0.4348179958896013,5.551115123125783e-17,4.91332329488614e-07,588,0.005,1,1,0.7927060723304749,1.0,-0.20729392766952515,0.20729392766952515,-0.721125602722168,-1.0,0.27887439727783203,0.27887439727783203,0.5034974161753564,0.5873888709363061,0.6161060131517635,0.587370753288269,3eab35f104acc751e8471a0a9120de60e340b476997374e44698b011c4b8fb0f
3,deep,7,1000,800,200,10000,10000,0.5,85,51260911,51760911,1051760911,2051260911,3051260911,0.3436034976592097,0.6737979284306035,0.7282192310305732,0.05510803244930571,0.4540036483573727,0.010595783818040444,-0.04162459522143201,0.5303032484427593,0.0,4.757755718287626e-07,595,0.005,1,1,0.7990330457687378,1.0,-0.2009669542312622,0.2009669542312622,-0.721296489238739,-1.0,0.278703510761261,0.278703510761261,0.5097513757138148,0.6100043737927823,0.6314953039264883,0.6116023063659668,4522f52a97f644a8b822af5c2b52f63c2e3138c5de2cfcb60f0efcbb6331dafe
3,deep,7,1000,800,200,10000,10000,0.5,86,51260911,51760911,1051760911,2051260911,3051260911,0.33837240229672466,0.7023757187129572,0.6655821525291453,0.05146014509147575,0.4933316502375433,-0.05089609678184434,0.18684604730916107,0.44299960176533043,1.1102230246251565e-16,4.3709995090068787e-07,602,0.005,1,1,0.7980424761772156,1.0,-0.20195752382278442,0.20195752382278442,-0.7285059094429016,-1.0,0.2714940905570984,0.2714940905570984,0.5060229815916091,0.5952096266678696,0.6152594183788835,0.5941373109817505,f3ef55e5cb3257428a35d800ca53faece36a367379bd1b1e6498c98c419c70d9
3,deep,7,1000,800,200,10000,10000,0.5,87,51260911,51760911,1051760911,2051260911,3051260911,0.33594430596433356,0.7052928077437227,0.6832926561477507,0.0510112746422751,0.4974379446550238,-0.04078018267592532,0.14871087875072544,0.4668888539454482,0.0,4.549261216624245e-07,609,0.005,1,1,0.8000853657722473,1.0,-0.19991463422775269,0.19991463422775269,-0.7300134897232056,-1.0,0.26998651027679443,0.26998651027679443,0.5012258595225166,0.6001408492204148,0.6203531317290193,0.5994459390640259,5adf887a0a59b5b117f77d632e33012978d3e59c199b814fbd7b39f65dc1655e
3,deep,7,1000,800,200,10000,10000,0.5,88,51260911,51760911,1051760911,2051260911,3051260911,0.3350703860788865,0.679760560961663,0.6738692534950562,0.05029919115521395,0.4620744202389149,-0.02913692029407224,0.11373310274427655,0.45409977080598435,0.0,3.550767591065096e-07,616,0.005,1,1,0.799677848815918,1.0,-0.20032215118408203,0.20032215118408203,-0.7314051389694214,-1.0,0.2685948610305786,0.2685948610305786,0.49541541696032143,0.5946043820699267,0.6178279418057686,0.5956835746765137,c29ca9c6e2953711fb04f4a2a0da206a754c8779b323684ebc9037f0b772017f
3,deep,7,1000,800,200,10000,10000,0.5,89,51260911,51760911,1051760911,2051260911,3051260911,0.33279456614734165,0.6859635111747411,0.7006212007113585,0.04960624510165769,0.4705459386631792,-0.014641058439305639,0.056295287788025235,0.4908700668862257,1.1102230246251565e-16,5.464454808645769e-07,623,0.005,1,1,0.8010133504867554,1.0,-0.19898664951324463,0.19898664951324463,-0.7332481741905212,-1.0,0.26675182580947876,0.26675182580947876,0.49513770470588897,0.60464958021437,0.6246049472100551,0.604141354560852,c1d2a079825cffbdb0026b875636df881c95c7f65143ee9bf5b1f923a9bdbb7b
3,deep,7,1000,800,200,10000,10000,0.5,90,51260911,51760911,1051760911,2051260911,3051260911,0.3337111302817525,0.6720248535070196,0.6968471286807828,0.046837090224116106,0.4516174037311311,-0.006429286602297881,0.0257968848922651,0.4855959207506514,0.0,4.497812788883948e-07,630,0.005,1,1,0.7940455079078674,1.0,-0.20595449209213257,0.20595449209213257,-0.7374245524406433,-1.0,0.2625754475593567,0.2625754475593567,0.4927182963818447,0.6049561781158769,0.6229406957964342,0.6048566699028015,9d695cb1ca5f3cd14ebbabbc408ac484a003d964e5e003158a481084ba877964
3,deep,7,1000,800,200,10000,10000,0.5,91,51260911,51760911,1051760911,2051260911,3051260911,0.33302327410036014,0.7021778265324683,0.6994039404567399,0.043852949656266446,0.4930537000738612,-0.02387038890185636,0.08891820920398227,0.489165871926415,1.1102230246251565e-16,4.830469588767983e-07,637,0.005,1,1,0.7884267568588257,1.0,-0.21157324314117432,0.21157324314117432,-0.7428205609321594,-1.0,0.2571794390678406,0.2571794390678406,0.48925534792247616,0.608428756868117,0.6232038112591567,0.6078276634216309,036ad0f01353d03c63586fdaf73827b9bdc42b85b87170d5cdfa52c3ddc67b71
3,deep,7,1000,800,200,10000,10000,0.5,92,51260911,51760911,1051760911,2051260911,3051260911,0.33124131229067055,0.694568039055441,0.6970349315612423,0.042135088344968784,0.48242476087732056,-0.019351076702851862,0.07378024349954233,0.48585769581658567,0.0,4.41833240216738e-07,644,0.005,1,1,0.7867859601974487,1.0,-0.21321403980255127,0.21321403980255127,-0.7465032935142517,-1.0,0.2534967064857483,0.2534967064857483,0.48425737556232606,0.6040044930545051,0.6226913180566749,0.6043075323104858,caea43a00bf39f5e8782bfd1f030cb250518eae27d4b34b8eabb1902f58550f1
3,deep,7,1000,800,200,10000,10000,0.5,93,51260911,51760911,1051760911,2051260911,3051260911,0.3291773210565969,0.6694692126160972,0.6840853281200958,0.041341423471711526,0.44818902664081717,-0.010778856981674795,0.04403753425020671,0.4679727361491791,0.0,4.530384565271106e-07,651,0.005,1,1,0.7875064611434937,1.0,-0.21249353885650635,0.21249353885650635,-0.7485955357551575,-1.0,0.25140446424484253,0.25140446424484253,0.49442650580292347,0.6031345795107778,0.6200662198815766,0.605208694934845,c6d8d7f86e0979ccfa5e915eb4c259de89ff0b9cb14058c963f69b66723a3691
3,deep,7,1000,800,200,10000,10000,0.5,94,51260911,51760911,1051760911,2051260911,3051260911,0.3274262196905836,0.7302827755331164,0.7433118748502932,0.040391022797541885,0.533312932240352,-0.010595705872218083,0.03693788679395882,0.5525125432934579,1.1102230246251565e-16,4.715704697844103e-07,658,0.005,1,1,0.7874740958213806,1.0,-0.21252590417861938,0.21252590417861938,-0.7509203553199768,-1.0,0.2490796446800232,0.2490796446800232,0.4978732093136501,0.6247686504850635,0.6357040158936481,0.6225225925445557,6f2f546c259e8edb0ad1539f6c48937894ebac4cebf8e1177f298d5de64843c3
3,deep,7,1000,800,200,10000,10000,0.5,95,51260911,51760911,1051760911,2051260911,3051260911,0.32338015220662814,0.704539150041308,0.7110210226895354,0.03865391303382516,0.49637541394092866,-0.014739216134140571,0.05509685316683982,0.5055508947064727,1.1102230246251565e-16,4.1727781763256644e-07,665,0.005,1,1,0.788373589515686,1.0,-0.21162641048431396,0.21162641048431396,-0.7554821372032166,-1.0,0.24451786279678345,0.24451786279678345,0.4954759757445684,0.6072193742186321,0.6236440299538052,0.607730507850647,5d8e6d7a7a69589871266537357df2166cb5d36d1c3ad10f53c54101779f3a65
3,deep,7,1000,800,200,10000,10000,0.5,96,51260911,51760911,1051760911,2051260911,3051260911,0.32001745054008895,0.7409482590556271,0.7463045676161433,0.03651805648213561,0.5490043225975647,-0.014275935717490938,0.04876307457258682,0.5569705076447186,1.1102230246251565e-16,5.001985510233453e-07,672,0.005,1,1,0.7874031066894531,1.0,-0.21259689331054688,0.21259689331054688,-0.7608060836791992,-1.0,0.23919391632080078,0.23919391632080078,0.49275458314044046,0.6171449560741888,0.6349813359916727,0.6143670082092285,1c8d70d43ae25e27e0b1f6e52084eb4e0bbe32c9aca5f1753ca6938ac9443273
3,deep,7,1000,800,200,10000,10000,0.5,97,51260911,51760911,1051760911,2051260911,3051260911,0.3164390182644979,0.6846099867238492,0.7048571719724207,0.03429439160807555,0.4686908339220289,-0.003080796324572948,0.012250046992239368,0.4968236328809586,0.0,4.2317414994386127e-07,679,0.005,1,1,0.7863256335258484,1.0,-0.2136743664741516,0.2136743664741516,-0.7665970921516418,-1.0,0.23340290784835815,0.23340290784835815,0.492267519963236,0.6066092563696187,0.6245157363781629,0.608478844165802,7258034cfdadf7155866594e9498ea9fdf065f8fca969d695dc7e6d437a6c62d
3,deep,7,1000,800,200,10000,10000,0.5,98,51260911,51760911,1051760911,2051260911,3051260911,0.3130294219038476,0.7193029810849368,0.7280396015599293,0.0328914847280073,0.5173967785976771,-0.01012330094307186,0.03679271980794711,0.5300416614395406,-1.1102230246251565e-16,4.3842644359415317e-07,686,0.005,1,1,0.7869482040405273,1.0,-0.21305179595947266,0.21305179595947266,-0.7706610560417175,-1.0,0.22933894395828247,0.22933894395828247,0.48258167554255027,0.6169048781160145,0.6307313974842423,0.6161484718322754,f73b68e942e91fdb80d84ae1029f0b3841d9ece434b9ce63d851c29c9d93c264
3,deep,7,1000,800,200,10000,10000,0.5,99,51260911,51760911,1051760911,2051260911,3051260911,0.3150520153109751,0.7098628585070401,0.7017952980651182,0.03226866980350764,0.503905277887786,-0.02182865365249276,0.08142377579695752,0.49251664038630816,0.0,5.207714472987846e-07,693,0.005,1,1,0.7829101085662842,1.0,-0.21708989143371582,0.21708989143371582,-0.7716805934906006,-1.0,0.22831940650939941,0.22831940650939941,0.4837678861267765,0.6070488734613972,0.6240771431884491,0.6072325706481934,090ad3873b08316698afa1a695b45d02371f1d5d96a55b82acd45577a40f7dd6
3,deep,7,1000,800,200,10000,10000,0.5,100,51260911,51760911,1051760911,2051260911,3051260911,0.3187731942439003,0.6990494486058014,0.6908996926156016,0.03331114340344166,0.48867013159607503,-0.02231944487159199,0.08551818212870818,0.4773423852563328,5.551115123125783e-17,4.895135816695984e-07,700,0.005,1,1,0.7810420393943787,1.0,-0.21895796060562134,0.21895796060562134,-0.7683240175247192,-1.0,0.23167598247528076,0.23167598247528076,0.4836285804924917,0.6068144238813269,0.6206240870820308,0.6066643595695496,f91caa68af729e66dcff2dd986d1eeee14a7eabe6ff2f8ba5dad9b2e7b2e550e
3,deep,7,1000,800,200,10000,10000,0.5,101,51260911,51760911,1051760911,2051260911,3051260911,0.31981189541784366,0.740089862951728,0.7685117800696172,0.0334011178805446,0.5477330052439076,0.004738116490659745,-0.016306447348799234,0.5906103561057716,0.0,4.6812860432510206e-07,707,0.005,1,1,0.7800082564353943,1.0,-0.2199917435646057,0.2199917435646057,-0.7678722739219666,-1.0,0.23212772607803345,0.23212772607803345,0.48773357073676976,0.6265994441397287,0.6386312639820149,0.6259316802024841,ab6eee03db944ada370d747e71cfa84610ae588edc9d252e045542735ad5261e
3,deep,7,1000,800,200,10000,10000,0.5,102,51260911,51760911,1051760911,2051260911,3051260911,0.31893883664746203,0.7125724547242478,0.7097718280489431,0.03304214385059937,0.5077595032317401,-0.018512799595200503,0.06846428702678062,0.5037760478919384,0.0,4.926790833081895e-07,714,0.005,1,1,0.7801619172096252,1.0,-0.21983808279037476,0.21983808279037476,-0.7689303159713745,-1.0,0.2310696840286255,0.2310696840286255,0.4791287908499089,0.6048566100972443,0.6254678744742945,0.6034821271896362,a2746f8d7e5b01cea47d36d836fb49746f7d7ca0d1ef607248174a7ff57a2438
3,deep,7,1000,800,200,10000,10000,0.5,103,51260911,51760911,1051760911,2051260911,3051260911,0.3147965949300429,0.7135623535976103,0.7036058814521666,0.03184539660493656,0.5091712324717611,-0.02297769633130868,0.08494266200476151,0.4950612364140803,0.0,4.473484285227869e-07,721,0.005,1,1,0.7821319699287415,1.0,-0.21786803007125854,0.21786803007125854,-0.77277672290802,-1.0,0.22722327709197998,0.22722327709197998,0.48209913789609893,0.6017460755748963,0.6233385702976284,0.6017194986343384,de19b1666ee59eacbaa995d5b847d673524c451d0f976f83700d01817fb625ca
3,deep,7,1000,800,200,10000,10000,0.5,104,51260911,51760911,1051760911,2051260911,3051260911,0.3107353652135644,0.7458927473902163,0.75978973501688,0.03139711793730058,0.5563559906093251,-0.005236333554802476,0.017818139891257027,0.5772804414370207,0.0,4.3224692802823483e-07,728,0.005,1,1,0.7859017848968506,1.0,-0.21409821510314941,0.21409821510314941,-0.774792492389679,-1.0,0.22520750761032104,0.22520750761032104,0.48452175951322446,0.62461925935905,0.6389145073489639,0.6224649548530579,a379c67201d35bbba11c02390b13e0ea8359e8ffbe478dfe376df1242812e513
3,deep,7,1000,800,200,10000,10000,0.5,105,51260911,51760911,1051760911,2051260911,3051260911,0.3057683664025199,0.6943815559489147,0.7229578088279958,0.031441369216254136,0.4821657452420357,0.004530439443543632,-0.017641653770010424,0.522667993345377,-2.220446049250313e-16,4.428029356517982e-07,735,0.005,1,1,0.7920405268669128,1.0,-0.20795947313308716,0.20795947313308716,-0.775841236114502,-1.0,0.22415876388549805,0.22415876388549805,0.48237570799196006,0.6116935015922549,0.6302125817900489,0.6120147705078125,430754ccfa56a20fc79f19500c8a13cf0e452d9a570855db7d5901b56bdbbba7
3,deep,7,1000,800,200,10000,10000,0.5,106,51260911,51760911,1051760911,2051260911,3051260911,0.3049104971051438,0.7335352544182875,0.7493896991306707,0.03060316610513319,0.5380739694745018,-0.0035461072082389974,0.012471425300489919,0.5615849211631571,1.1102230246251565e-16,4.948776251012532e-07,742,0.005,1,1,0.7908960580825806,1.0,-0.20910394191741943,0.20910394191741943,-0.7780857086181641,-1.0,0.22191429138183594,0.22191429138183594,0.4772582983426686,0.6146120845970231,0.6350300991367103,0.6098136305809021,273c76d829851edb25540a1a9586c9a3e1caad49ebdc68ecca3c00abeaa406f5
3,deep,7,1000,800,200,10000,10000,0.5,107,51260911,51760911,1051760911,2051260911,3051260911,0.30102076429094843,0.7154513269499609,0.7449774814501545,0.030416497909210576,0.5118706012344599,0.006352174362072537,-0.023427348251888355,0.5549914478678154,-1.1102230246251565e-16,4.3526101656254923e-07,749,0.005,1,1,0.7951220273971558,1.0,-0.20487797260284424,0.20487797260284424,-0.7794585824012756,-1.0,0.22054141759872437,0.22054141759872437,0.4845574021598167,0.6122648008317032,0.6320520954283788,0.6102569699287415,87b686a66d96303f465fa744835bad188f1c04f512936f3b023149e4bda20ca7
3,deep,7,1000,800,200,10000,10000,0.5,108,51260911,51760911,1051760911,2051260911,3051260911,0.294655933423087,0.734695682597722,0.744704491275743,0.02850013238961344,0.5397777460277327,-0.006846549545541441,0.024095780622709024,0.5545847793262632,-1.1102230246251565e-16,5.144793231437461e-07,756,0.005,1,1,0.7977131009101868,1.0,-0.20228689908981323,0.20228689908981323,-0.7857521772384644,-1.0,0.21424782276153564,0.21424782276153564,0.4747813245133304,0.6166417202346592,0.6327979885252631,0.6148488521575928,098a56dd1acbde65e3e28a686329946b93d70650b0effce1da8eb633c1b900f8
3,deep,7,1000,800,200,10000,10000,0.5,109,51260911,51760911,1051760911,2051260911,3051260911,0.2933365837886186,0.7150196814247778,0.7094087984236852,0.02763263336761952,0.5112531448247908,-0.017812467455736766,0.0661085082463497,0.5032608432809368,0.0,4.420909700542097e-07,763,0.005,1,1,0.7969319224357605,1.0,-0.2030680775642395,0.2030680775642395,-0.7883169651031494,-1.0,0.21168303489685059,0.21168303489685059,0.47426241189783286,0.6038806439050698,0.6247720647538392,0.6037814617156982,d1b35e6808ea1162a84b6e6027fb22bb6bc77a4c9a95e085165b170ae70040f3
3,deep,7,1000,800,200,10000,10000,0.5,110,51260911,51760911,1051760911,2051260911,3051260911,0.2925196817549111,0.7743639605079309,0.752386592465416,0.027001603376064203,0.5996395433335284,-0.030277781093936345,0.09663515156296663,0.56608558452172,1.1102230246251565e-16,4.700606126561979e-07,770,0.005,1,1,0.7961636781692505,1.0,-0.2038363218307495,0.2038363218307495,-0.7901940941810608,-1.0,0.2098059058189392,0.2098059058189392,0.4889563988560528,0.6160852950908168,0.6358811325669907,0.6120571494102478,38eddcc7cc83c508e35dbacd6638d8e676b73ecc9574b41130077807e277ad0b
3,deep,7,1000,800,200,10000,10000,0.5,111,51260911,51760911,1051760911,2051260911,3051260911,0.29167180635349904,0.7243971325934246,0.7417688868545893,0.026963189794267418,0.5247512057095757,-0.0007466569991733037,0.0027066794169524357,0.5502210815054965,1.1102230246251565e-16,4.474026571443801e-07,777,0.005,1,1,0.797086238861084,1.0,-0.20291376113891602,0.20291376113891602,-0.7904804348945618,-1.0,0.20951956510543823,0.20951956510543823,0.4683635526604902,0.6171493702948958,0.6324457168618183,0.6155799627304077,f882654a8e31d61922c42c994188080450eb8be2cb294c1207e5e508d93fc2ab
3,deep,7,1000,800,200,10000,10000,0.5,112,51260911,51760911,1051760911,2051260911,3051260911,0.2890908964234788,0.739757125546121,0.7758540020829952,0.027353180040898668,0.5472406047962596,0.013677823855521033,-0.04760867317559786,0.6019494325482003,0.0,5.112760756986745e-07,784,0.005,1,1,0.8013098239898682,1.0,-0.19869017601013184,0.19869017601013184,-0.7900100946426392,-1.0,0.20998990535736084,0.20998990535736084,0.4835641049667005,0.6264873577251108,0.6410555716518125,0.6244896650314331,89238d3ab5271fa759599d7a08488ee5568011db6699720b30de69804d9e0cc2
3,deep,7,1000,800,200,10000,10000,0.5,113,51260911,51760911,1051760911,2051260911,3051260911,0.28432195876753713,0.7655491724063347,0.746777367001547,0.02511130139151384,0.586065535372024,-0.026750200448887346,0.08753669589489663,0.5576764358657632,1.1102230246251565e-16,4.645828397542573e-07,791,0.005,1,1,0.8007194399833679,1.0,-0.19928056001663208,0.19928056001663208,-0.7972039580345154,-1.0,0.20279604196548462,0.20279604196548462,0.4823703054869476,0.6141608613075679,0.6340432700871227,0.6122993230819702,9f4e82b5ab1631a6ec1ff9b6322d11996b456b6607945185ab94cbb00b0fb52d
3,deep,7,1000,800,200,10000,10000,0.5,114,51260911,51760911,1051760911,2051260911,3051260911,0.28138323707793067,0.7172790316578853,0.7243659789103334,0.02522126328246223,0.5144892092560737,-0.007502200567905246,0.027800833778965004,0.5247060714027255,1.1102230246251565e-16,4.29440930815872e-07,798,0.005,1,1,0.8046125173568726,1.0,-0.19538748264312744,0.19538748264312744,-0.797514796257019,-1.0,0.20248520374298096,0.20248520374298096,0.4726806804125492,0.6107716984536379,0.6279538355700593,0.6102649569511414,a5882b773b0ffe4ab86b4ccee67fd1dad5eb0100df3574fe484004d368e8c70f
3,deep,7,1000,800,200,10000,10000,0.5,115,51260911,51760911,1051760911,2051260911,3051260911,0.2793906133483099,0.7534738903091707,0.7695970704999219,0.025303881464405636,0.5677229033776361,-0.00037356695998996787,0.0012598653873263784,0.5922796509220618,0.0,4.4207643234983607e-07,805,0.005,1,1,0.8072716593742371,1.0,-0.19272834062576294,0.19272834062576294,-0.7977256774902344,-1.0,0.20227432250976562,0.20227432250976562,0.47027031126722924,0.6255942412736003,0.6399899512000664,0.6230208873748779,2a47255793feeb6c37d6c850f193c1106bda3699c7ac5ed65b8783d5cfdb0a0f
3,deep,7,1000,800,200,10000,10000,0.5,116,51260911,51760911,1051760911,2051260911,3051260911,0.27687080732519803,0.7193957975380343,0.7206959077911236,0.024653939418268732,0.5175303135153844,-0.01139083071339071,0.04201830153405286,0.5194025915068717,0.0,3.417118925597151e-07,812,0.005,1,1,0.8084375858306885,1.0,-0.19156241416931152,0.19156241416931152,-0.8000968098640442,-1.0,0.1999031901359558,0.1999031901359558,0.46997592603105476,0.6079241548207701,0.6278519500261985,0.6078352928161621,dd3ec2832ecaee3a25b129bc5f7c153136fbed4308eead789c72d5f30a8fd1c9
3,deep,7,1000,800,200,10000,10000,0.5,117,51260911,51760911,1051760911,2051260911,3051260911,0.2768177571304871,0.7534946390311684,0.7450919283909158,0.024078007993171686,0.5677541710487108,-0.018335098644294563,0.061960465461601846,0.5551619817532935,0.0,4.941998259511138e-07,819,0.005,1,1,0.8068001866340637,1.0,-0.19319981336593628,0.19319981336593628,-0.8017529249191284,-1.0,0.19824707508087158,0.19824707508087158,0.47106247103155346,0.6168597415051965,0.6344984115567283,0.6131266355514526,96f4ba7bf2bd42d1077474f5bdbc9904ff4a27b7e5c0c1cb438e9ceefb590099
3,deep,7,1000,800,200,10000,10000,0.5,118,51260911,51760911,1051760911,2051260911,3051260911,0.2785428449620607,0.7436730715539355,0.7628741875338703,0.02428202427548561,0.5530496373544648,0.0023226821877561287,-0.008046266443100041,0.5819770260054626,0.0,4.928917807234257e-07,826,0.005,1,1,0.8053087592124939,1.0,-0.1946912407875061,0.1946912407875061,-0.8007979989051819,-1.0,0.19920200109481812,0.19920200109481812,0.46504995987431363,0.6186351054668158,0.638829795732155,0.6167581081390381,a6193c8d67f1ea9e979844f34a52ad8aea94c1f5e874dc26203e4cfddcd85b3a
3,deep,7,1000,800,200,10000,10000,0.5,119,51260911,51760911,1051760911,2051260911,3051260911,0.2770915098354192,0.7538495228451131,0.7869470502882714,0.023868248238909345,0.5682891030938046,0.013564154312348583,-0.04581266881791129,0.6192856599574111,0.0,4.575955347974059e-07,833,0.005,1,1,0.8058408498764038,1.0,-0.1941591501235962,0.1941591501235962,-0.8023084998130798,-1.0,0.19769150018692017,0.19769150018692017,0.4836560538771573,0.6269839248919137,0.6434204282322886,0.6270980834960938,5ba2c9f39f852ffd7309bb49479eb68b0c7252754322499ee20451b55189ae16
3,deep,7,1000,800,200,10000,10000,0.5,120,51260911,51760911,1051760911,2051260911,3051260911,0.27449399977221417,0.7317418690590538,0.7289249582445343,0.022409680209282277,0.5354461629340375,-0.013262124195761811,0.0475467788274277,0.5313315947517961,1.1102230246251565e-16,3.577087746009511e-07,840,0.005,1,1,0.8045514225959778,1.0,-0.19544857740402222,0.19544857740402222,-0.8072649240493774,-1.0,0.19273507595062256,0.19273507595062256,0.4649810589182802,0.6186012013946478,0.6311905056446647,0.6172424554824829,3705867b1cb05a13266f3d99188fafb99a1f4e7e133b3d713de61182b65869b2
3,deep,7,1000,800,200,10000,10000,0.5,121,51260911,51760911,1051760911,2051260911,3051260911,0.2713200418234936,0.7420968890822709,0.7306350682497549,0.021262239765119546,0.5507077927855843,-0.019071214797189977,0.06668606294683578,0.5338276029563239,0.0,4.714062527000351e-07,847,0.005,1,1,0.8047960996627808,1.0,-0.19520390033721924,0.19520390033721924,-0.8115590214729309,-1.0,0.1884409785270691,0.1884409785270691,0.4732677156867582,0.6108302904427109,0.6298527117392437,0.6103115081787109,0400f02bfde7c4f263ec09175bff948d68478288393e64aef016a0a8411e0ec3
3,deep,7,1000,800,200,10000,10000,0.5,122,51260911,51760911,1051760911,2051260911,3051260911,0.26968443963267674,0.739210265890715,0.7495191455136536,0.021397881536010778,0.5464318171982216,-0.0030253746213574537,0.010655922464434017,0.5617789494915175,0.0,5.020745739159338e-07,854,0.005,1,1,0.8072326183319092,1.0,-0.19276738166809082,0.19276738166809082,-0.8113987445831299,-1.0,0.18860125541687012,0.18860125541687012,0.45817174512147846,0.6184724447524252,0.6346518840581868,0.6161509156227112,7694a549423c153cf9f671c231eb3a27b7a2f370667e98cc594cd00ccf5586b0
3,deep,7,1000,800,200,10000,10000,0.5,123,51260911,51760911,1051760911,2051260911,3051260911,0.26932560354389334,0.7501988147400737,0.7718831461825224,0.021195117265812857,0.5627982616374113,0.0059051062287026265,-0.02022319581702376,0.5958035913606293,0.0,4.855947821624795e-07,861,0.005,1,1,0.8070208430290222,1.0,-0.19297915697097778,0.19297915697097778,-0.8121294975280762,-1.0,0.18787050247192383,0.18787050247192383,0.46471512297072737,0.6221755788912932,0.6406265621087049,0.620093047618866,2892924fe17526272e9196b47be4b8c55438325b80f78ca698151dd0ed76f3f3
3,deep,7,1000,800,200,10000,10000,0.5,124,51260911,51760911,1051760911,2051260911,3051260911,0.2687397365991094,0.7457403795303531,0.7525743368715316,0.020873768830375967,0.5561287136620751,-0.005317174987412815,0.01843033660598637,0.5663681325176256,2.220446049250313e-16,4.281628740443466e-07,868,0.005,1,1,0.8066981434822083,1.0,-0.19330185651779175,0.19330185651779175,-0.8133038878440857,-1.0,0.1866961121559143,0.1866961121559143,0.45740672129305304,0.6193599289296816,0.6352254912750024,0.6183179616928101,4b4025e9a8ca47c4cdcca7745c45c9bfb597e7fc4658cdb8ea9dc476260e40b8
3,deep,7,1000,800,200,10000,10000,0.5,125,51260911,51760911,1051760911,2051260911,3051260911,0.26799719630199154,0.757061027983744,0.762245367315039,0.02032497192206601,0.5731414000918031,-0.006224186010315209,0.02097569905837816,0.5810179999932388,0.0,4.688464443347584e-07,875,0.005,1,1,0.8058063983917236,1.0,-0.19419360160827637,0.19419360160827637,-0.8153074383735657,-1.0,0.18469256162643433,0.18469256162643433,0.4607859539856929,0.6246059965726454,0.6362341553472692,0.6241649389266968,6e994723461ecfc4634548825553dbf03e6a7d634f440b65c980328259b4fdb0
3,deep,7,1000,800,200,10000,10000,0.5,126,51260911,51760911,1051760911,2051260911,3051260911,0.2691425167993944,0.7697358937390474,0.7630036445219653,0.020027268333790954,0.5924933461102501,-0.015173026445119654,0.04954290871954266,0.5821745615538017,-1.1102230246251565e-16,4.578641288333074e-07,882,0.005,1,1,0.8034037947654724,1.0,-0.1965962052345276,0.1965962052345276,-0.8161858916282654,-1.0,0.18381410837173462,0.18381410837173462,0.4654241634746033,0.622766683157138,0.638980149321701,0.6192210912704468,904050088d96c60969805cc72ef1f0e88eb6229740321ce26777504d4e2b6ff1
3,deep,7,1000,800,200,10000,10000,0.5,127,51260911,51760911,1051760911,2051260911,3051260911,0.2700728632740419,0.7450999241130348,0.7460213778793084,0.01955413543240358,0.5551738969132503,-0.009090068046355928,0.03163258979819159,0.556547896252942,0.0,4.717621617800205e-07,889,0.005,1,1,0.8006443381309509,1.0,-0.19935566186904907,0.19935566186904907,-0.8178004622459412,-1.0,0.18219953775405884,0.18219953775405884,0.46508295777540054,0.6119756947510319,0.6333642578753691,0.61029452085495,c99c1e347a4d6ee0025b114129b4cf573aca30d3326a95b9995efc28cc7403e0
3,deep,7,1000,800,200,10000,10000,0.5,128,51260911,51760911,1051760911,2051260911,3051260911,0.26901172760989217,0.7896031497259837,0.8081834297932489,0.019534414839060776,0.6234731340571942,0.005076453648062112,-0.015789717109156876,0.6531604561923792,0.0,4.779315272429585e-07,896,0.005,1,1,0.8018885850906372,1.0,-0.1981114149093628,0.1981114149093628,-0.8180132508277893,-1.0,0.1819867491722107,0.1819867491722107,0.46543896934865087,0.6340439949384841,0.6502772036114794,0.6312693953514099,bd022ec72c2a3b3643f99d97588e4c004efb75b689c3a9b2d06bd38f89f7f1a2
3,deep,7,1000,800,200,10000,10000,0.5,129,51260911,51760911,1051760911,2051260911,3051260911,0.27158708021390643,0.762798081183649,0.7485128271332343,0.019122119358936266,0.5818609126574568,-0.020355789816702895,0.06774164571138058,0.5602714523829871,-1.1102230246251565e-16,4.2982214587539147e-07,903,0.005,1,1,0.7972569465637207,1.0,-0.2027430534362793,0.2027430534362793,-0.8192936182022095,-1.0,0.18070638179779053,0.18070638179779053,0.4748454761633225,0.6140772414123121,0.6327126943629894,0.6132491827011108,e19c65149aaf7433db2b140c732a03d1bdfe8fd07c4f313597b297c30bc29932
3,deep,7,1000,800,200,10000,10000,0.5,130,51260911,51760911,1051760911,2051260911,3051260911,0.27533493694638267,0.7729055524593548,0.7792828169757492,0.01962896178713372,0.5973829930225004,-0.0048651229879875645,0.01576994724352981,0.6072817088336591,1.1102230246251565e-16,4.655152903154658e-07,910,0.005,1,1,0.7943733334541321,1.0,-0.20562666654586792,0.20562666654586792,-0.8168962001800537,-1.0,0.1831037998199463,0.1831037998199463,0.45262009313434454,0.624917572488607,0.6415719560758559,0.6228954792022705,8cd9b3f340b1f27a18a32ac8843a96fec16a2418280c0a9cae3c58db78422aee
3,deep,7,1000,800,200,10000,10000,0.5,131,51260911,51760911,1051760911,2051260911,3051260911,0.2796436625407943,0.7698212706240157,0.7898842707195652,0.020416336710248346,0.592624788705174,0.0054380178573785526,-0.017741119255885236,0.6239171611301794,-1.1102230246251565e-16,4.2752304807436303e-07,917,0.005,1,1,0.7917319536209106,1.0,-0.20826804637908936,0.20826804637908936,-0.8133854269981384,-1.0,0.18661457300186157,0.18661457300186157,0.45918652881655025,0.6267192015068732,0.6441437594643293,0.6263452768325806,c03bac470c3e13d244f4c452bb65731f141a5da07f13422570b034cf168b4f78
3,deep,7,1000,800,200,10000,10000,0.5,132,51260911,51760911,1051760911,2051260911,3051260911,0.2808233151805805,0.7692917919288776,0.776065937080323,0.02081775296794394,0.5918098611291436,-0.0051746377003637515,0.016893256462134236,0.6022783386963599,-1.1102230246251565e-16,4.6842374423761157e-07,924,0.005,1,1,0.7916268706321716,1.0,-0.20837312936782837,0.20837312936782837,-0.8117385506629944,-1.0,0.18826144933700562,0.18826144933700562,0.4521841173567979,0.6285342599469685,0.6414015581424043,0.6261745095252991,f4595e3ce6fe6cc1f25f75fd87c217b3b107d3ad8bc22de85f2ef29694ae7c88
3,deep,7,1000,800,200,10000,10000,0.5,133,51260911,51760911,1051760911,2051260911,3051260911,0.2830629379183511,0.7494690989722086,0.7550527647772503,0.020622937972731858,0.5617039303142142,-0.006111095344588158,0.020988539864442143,0.5701046775977696,-1.1102230246251565e-16,4.7617050746850964e-07,931,0.005,1,1,0.7881812453269958,1.0,-0.21181875467300415,0.21181875467300415,-0.8122303485870361,-1.0,0.18776965141296387,0.18776965141296387,0.45743983495061225,0.6178541628072831,0.6355758846095545,0.6192178726196289,1d3929370bde5b2a10712909f1a82b759747f36c765c0d5ee8e5f2e3c90bf809
3,deep,7,1000,800,200,10000,10000,0.5,134,51260911,51760911,1051760911,2051260911,3051260911,0.28298284601437684,0.7975745075709667,0.8170687946474884,0.02068881993538361,0.63612509512707,0.005393750062122979,-0.01642398231349928,0.6676014151866996,-1.1102230246251565e-16,4.1143449713842983e-07,938,0.005,1,1,0.7885059714317322,1.0,-0.21149402856826782,0.21149402856826782,-0.811985194683075,-1.0,0.18801480531692505,0.18801480531692505,0.46056143186601717,0.6338511526049367,0.6531410952399257,0.6309548616409302,bb73e839c028674ce814d8def9e760b70cdcf1e82b0811f14f5c624f1deea677
3,deep,7,1000,800,200,10000,10000,0.5,135,51260911,51760911,1051760911,2051260911,3051260911,0.28056660540577194,0.7715041736616501,0.7684241420043393,0.019984790478350226,0.5952186899773456,-0.012363909220295339,0.04019453599689357,0.590475662015105,-1.1102230246251565e-16,4.5101313972395474e-07,945,0.005,1,1,0.7890902161598206,1.0,-0.21090978384017944,0.21090978384017944,-0.8149738311767578,-1.0,0.1850261688232422,0.1850261688232422,0.460786477894823,0.609787712489953,0.6375803731106192,0.6078713536262512,5aaeea7e2569c2379800641a388ce753ecccd57dbae6afec6681c7a605b58dc7
3,deep,7,1000,800,200,10000,10000,0.5,136,51260911,51760911,1051760911,2051260911,3051260911,0.27946102990078503,0.7671591127155334,0.7597801228725769,0.01986221475169312,0.5885331042224844,-0.015564741930954756,0.0511665407196053,0.577265835112268,0.0,4.94925908256505e-07,952,0.005,1,1,0.7900428175926208,1.0,-0.20995718240737915,0.20995718240737915,-0.8155645132064819,-1.0,0.18443548679351807,0.18443548679351807,0.4586892616775378,0.6160798129561803,0.6367110743476416,0.6141661405563354,2c5471a1cdf358b728342ef98d9f7215c645ce835783954b4e854c2c7500354f
3,deep,7,1000,800,200,10000,10000,0.5,137,51260911,51760911,1051760911,2051260911,3051260911,0.2789286212909956,0.8022021483671513,0.8107002026140169,0.020521022154214644,0.6435282868448731,-0.0034072452403397712,0.01026202480498162,0.657234818518408,-2.220446049250313e-16,4.4677299371187473e-07,959,0.005,1,1,0.7929759621620178,1.0,-0.20702403783798218,0.20702403783798218,-0.813071608543396,-1.0,0.186928391456604,0.186928391456604,0.4531594699282838,0.6320810861919209,0.6485842075310598,0.6298122406005859,122ee2bc708fb4f41433901b3a31668428d964314a49ded1e22be8e482d3483b
3,deep,7,1000,800,200,10000,10000,0.5,138,51260911,51760911,1051760911,2051260911,3051260911,0.27799085945743934,0.7696422869373115,0.7945127794737125,0.0213392843938124,0.5923492498420949,0.008781011255568317,-0.028617159245125534,0.631250556747044,1.1102230246251565e-16,5.084226852858365e-07,966,0.005,1,1,0.7968541979789734,1.0,-0.2031458020210266,0.2031458020210266,-0.8102351427078247,-1.0,0.1897648572921753,0.1897648572921753,0.4632791416399452,0.6271638581296665,0.6448282060080375,0.6255344152450562,4cd4d9cab48a0b0a8a470bf24e96c2a2d6cff8e29e1736a8081fa8e92d854b90
3,deep,7,1000,800,200,10000,10000,0.5,139,51260911,51760911,1051760911,2051260911,3051260911,0.27589651261118703,0.784751645300039,0.792607075594677,0.02012160188498155,0.6158351448011182,-0.0038653852016769163,0.01215612609448366,0.628225976282746,0.0,4.624208465031643e-07,973,0.005,1,1,0.7953780293464661,1.0,-0.20462197065353394,0.20462197065353394,-0.8149358630180359,-1.0,0.1850641369819641,0.1850641369819641,0.4502177766305707,0.6275490012254654,0.6447621901686346,0.624809741973877,8a29fd7a4bb451a01ebda8f9e27a171d1821981f9abebd7ea496b01f365a9c6f
3,deep,7,1000,800,200,10000,10000,0.5,140,51260911,51760911,1051760911,2051260911,3051260911,0.2733764284717504,0.7780466289976073,0.7815948466015763,0.019055401947345035,0.6053565568945404,-0.0067607273038719,0.021654701541627144,0.6108905042341416,0.0,3.948371567474851e-07,980,0.005,1,1,0.7947884202003479,1.0,-0.2052115797996521,0.2052115797996521,-0.8193819522857666,-1.0,0.1806180477142334,0.1806180477142334,0.4500496466623399,0.6197958803203298,0.6408050642339821,0.6168466806411743,ea7c9f0b7915cefd71d01e49a69568e05f70cba3db8a3b9ef6e600ea805b40fe
3,deep,7,1000,800,200,10000,10000,0.5,141,51260911,51760911,1051760911,2051260911,3051260911,0.26915261468156765,0.8518872133616372,0.8489669367132938,0.018498706513066714,0.7257118242890556,-0.011732835584884301,0.03153095824171813,0.7207448596323538,1.1102230246251565e-16,4.6476931281347333e-07,987,0.005,1,1,0.7980591654777527,1.0,-0.20194083452224731,0.20194083452224731,-0.822058916091919,-1.0,0.17794108390808105,0.17794108390808105,0.4672514116986832,0.6467520191447959,0.6602086817603859,0.6399593353271484,b06097652504087338b24e039eec50edb521375898d0c5c60722c5726323e940
3,deep,7,1000,800,200,10000,10000,0.5,142,51260911,51760911,1051760911,2051260911,3051260911,0.26682338325020405,0.7779764168112607,0.7792524637942927,0.018156914569958583,0.6052473051144885,-0.00808490867748578,0.02593793375854329,0.6072344023294755,-1.1102230246251565e-16,4.61115734040618e-07,994,0.005,1,1,0.7997225522994995,1.0,-0.2002774477005005,0.2002774477005005,-0.8236944079399109,-1.0,0.1763055920600891,0.1763055920600891,0.465551765916176,0.6188160189057966,0.6401647645867679,0.6166613101959229,36a64dc20ea5ccc48d78c2b570f5173898cbb4dc12fbd0e1fcaf759b2ad30a6f
3,deep,7,1000,800,200,10000,10000,0.5,143,51260911,51760911,1051760911,2051260911,3051260911,0.265274420879714,0.7843947478299201,0.7966423304149028,0.017809999320598333,0.615275120423164,0.0007769414325624483,-0.0024544612038169874,0.6346390026088872,-1.1102230246251565e-16,4.918916598484202e-07,1001,0.005,1,1,0.8003795146942139,1.0,-0.19962048530578613,0.19962048530578613,-0.825294017791748,-1.0,0.17470598220825195,0.17470598220825195,0.4458675361093659,0.632690829265661,0.6470507401703564,0.6288248896598816,588ab3dade4cdb490cd79d53c2237590f33146732e2e5c69e021d7c6db36ebe4
3,deep,7,1000,800,200,10000,10000,0.5,144,51260911,51760911,1051760911,2051260911,3051260911,0.26478510911460124,0.7942959719091571,0.8074545357776365,0.017164226613673155,0.6309060909911126,0.0019562548715463344,-0.006037168555339768,0.6519828273478785,1.1102230246251565e-16,4.411505170054397e-07,1008,0.005,1,1,0.7985495924949646,1.0,-0.2014504075050354,0.2014504075050354,-0.828160285949707,-1.0,0.17183971405029297,0.17183971405029297,0.44418222116101247,0.6288734246488066,0.6474006660098044,0.6246582269668579,ae06c292fcc48cdc5265743c714a14f2f29ca7a6b8e44f678521207959957db1
3,deep,7,1000,800,200,10000,10000,0.5,145,51260911,51760911,1051760911,2051260911,3051260911,0.2650745909695913,0.7802442316464024,0.7897329889170347,0.017115236788837918,0.6087810610174849,-0.001109052011244759,0.0035438842349182383,0.6236781937838333,1.1102230246251565e-16,4.5342101628875753e-07,1015,0.005,1,1,0.7979945540428162,1.0,-0.20200544595718384,0.20200544595718384,-0.828365683555603,-1.0,0.17163431644439697,0.17163431644439697,0.44376275947686517,0.6245355586964975,0.6429705328629891,0.6207414269447327,28aa7fe7a7506afeb24eb22ba49ff7046a8c0764c96aaa0fc2b11f608876c797
3,deep,7,1000,800,200,10000,10000,0.5,146,51260911,51760911,1051760911,2051260911,3051260911,0.26417073440891686,0.8133489350294961,0.8302997530003414,0.01706519908306481,0.6615364901136156,0.005397995317873796,-0.01590917147366335,0.6893976798324281,1.1102230246251565e-16,4.22316666970346e-07,1022,0.005,1,1,0.7989416122436523,1.0,-0.20105838775634766,0.20105838775634766,-0.8286474347114563,-1.0,0.1713525652885437,0.1713525652885437,0.45197198333314115,0.6379049595627018,0.6557694145244857,0.6322892904281616,5c03b5fd2e6cf9ca7702162999c850d6907c756996d278a5ad53e8c3cd9f9b05
3,deep,7,1000,800,200,10000,10000,0.5,147,51260911,51760911,1051760911,2051260911,3051260911,0.2642417554937371,0.805423642951874,0.7947321338500293,0.0158829764705009,0.6487072446258677,-0.016495528261273797,0.04964120066064551,0.6315991645738209,0.0,5.060212604490744e-07,1029,0.005,1,1,0.7940542101860046,1.0,-0.20594578981399536,0.20594578981399536,-0.8344402313232422,-1.0,0.1655597686767578,0.1655597686767578,0.4731956201031104,0.6081320894819036,0.6413159943844479,0.6054352521896362,452a248f2d30bb3bff47edf6c07dededf0f932fafc78890c2b1b07b7f4229502
3,deep,7,1000,800,200,10000,10000,0.5,148,51260911,51760911,1051760911,2051260911,3051260911,0.2610757180115879,0.8223208756066523,0.8392373653481034,0.016295959094451747,0.6762116224584913,0.0059058869217415025,-0.01705652639498212,0.704319355396426,0.0,5.283925403887224e-07,1036,0.005,1,1,0.7998195886611938,1.0,-0.20018041133880615,0.20018041133880615,-0.8324042558670044,-1.0,0.1675957441329956,0.1675957441329956,0.4553101635639647,0.6378628051331264,0.6569583937704829,0.6349592208862305,e342f35f9a7a03d844019e8b143ba1852b67b4ff0983e4d9a39e3b5b64f4bbe9
3,deep,7,1000,800,200,10000,10000,0.5,149,51260911,51760911,1051760911,2051260911,3051260911,0.2593189706223444,0.7811370879470214,0.7889602796516264,0.015794449568369614,0.6101751501663527,-0.0017556384333749292,0.005609340882109756,0.6224583228679725,1.1102230246251565e-16,3.3840560575981726e-07,1043,0.005,1,1,0.8000050783157349,1.0,-0.19999492168426514,0.19999492168426514,-0.8349292278289795,-1.0,0.1650707721710205,0.1650707721710205,0.44291446182213334,0.6227593438926626,0.6435764765022747,0.6210035681724548,a549366a3de151bf38b5746f897a703b7077c935a72f1331252d37d034e28587
3,deep,7,1000,800,200,10000,10000,0.5,150,51260911,51760911,1051760911,2051260911,3051260911,0.25695281909269707,0.8446705303703052,0.8588237506276336,0.015337440562017867,0.7134683048760526,0.004386244602022665,-0.01203680028451527,0.7375782346421158,0.0,4.6728975888754576e-07,1050,0.005,1,1,0.8011115789413452,1.0,-0.19888842105865479,0.19888842105865479,-0.8373096585273743,-1.0,0.16269034147262573,0.16269034147262573,0.44540980669254204,0.6425569388998406,0.6611327839917097,0.6371012926101685,cbaabb943f4976351c9734eb9c01700bd31ff6b7fb88723c66a992e4689393b3
3,deep,7,1000,800,200,10000,10000,0.5,151,51260911,51760911,1051760911,2051260911,3051260911,0.2559884010518303,0.7981034266552345,0.8075613148680736,0.01455222016248874,0.6369690796388273,0.00031698873506789786,-0.0009730725155557149,0.6521552772714518,0.0,4.495701286799658e-07,1057,0.005,1,1,0.7988978624343872,1.0,-0.2011021375656128,0.2011021375656128,-0.8416081070899963,-1.0,0.15839189291000366,0.15839189291000366,0.43643713975652026,0.6296924199806986,0.6483359068660771,0.6285830736160278,c29ad163cbc32b5d9f082eea133ed29cc888cf95d004715255f56ade4475a7cb
3,deep,7,1000,800,200,10000,10000,0.5,152,51260911,51760911,1051760911,2051260911,3051260911,0.2537532120815033,0.8053813716537157,0.8139596058886,0.014316886745875331,0.6486391538068205,-0.00021290026718543968,0.0006422756688601801,0.662530240018325,1.1102230246251565e-16,4.609972314995048e-07,1064,0.005,1,1,0.800735354423523,1.0,-0.19926464557647705,0.19926464557647705,-0.8428876399993896,-1.0,0.15711236000061035,0.15711236000061035,0.43770850628889446,0.6295109162189736,0.6482561025880105,0.6264046430587769,9ca7c5ab9eeb228a0047b2e41f578cf20ea81f019121de4c5e504ad20c54b7e4
3,deep,7,1000,800,200,10000,10000,0.5,153,51260911,51760911,1051760911,2051260911,3051260911,0.2522942133236579,0.8447453715494856,0.8534628610578997,0.01421878812173141,0.7135947427542784,0.0002926621645630378,-0.0008042229283942667,0.7283988552051358,0.0,4.780263491710457e-07,1071,0.005,1,1,0.8021859526634216,1.0,-0.19781404733657837,0.19781404733657837,-0.8434050679206848,-1.0,0.15659493207931519,0.15659493207931519,0.44065575178941235,0.641887489375337,0.6590406801502763,0.6357520818710327,a19b48dfe191b76f6c0b72829d13f38704456a5e4ca655425d40cf76ce26ab6a
3,deep,7,1000,800,200,10000,10000,0.5,154,51260911,51760911,1051760911,2051260911,3051260911,0.2521869111051818,0.8150492551905041,0.810762341890423,0.013942463291620652,0.6643052883865955,-0.010456088325286552,0.030832651636263076,0.6573355750276432,1.1102230246251565e-16,5.364262687379551e-07,1078,0.005,1,1,0.8010355234146118,1.0,-0.19896447658538818,0.19896447658538818,-0.845043957233429,-1.0,0.15495604276657104,0.15495604276657104,0.4471805382296485,0.6247710740872224,0.6467073536927691,0.6211788654327393,28ed5a6c3d015e2fbc36ce14023cf8c8117bc8b7465a290838ba9d1d55ad5d5d
3,deep,7,1000,800,200,10000,10000,0.5,155,51260911,51760911,1051760911,2051260911,3051260911,0.25055118148218153,0.8544311725149094,0.8739761278484991,0.014300394112688453,0.7300526285652029,0.00974062468558233,-0.026172056507648395,0.7638342720490561,0.0,4.705786249559196e-07,1085,0.005,1,1,0.8048170208930969,1.0,-0.19518297910690308,0.19518297910690308,-0.8429028987884521,-1.0,0.15709710121154785,0.15709710121154785,0.4540674601951375,0.6553805401320898,0.6660444589670109,0.6512922644615173,4064fa74000e685834aed7d5ec4424d6a74a840436386c1b47bd30efe7720c8d
3,deep,7,1000,800,200,10000,10000,0.5,156,51260911,51760911,1051760911,2051260911,3051260911,0.25345617345722726,0.8031651813738228,0.8112663072638696,0.013980041068505727,0.6450743085712456,-0.0004506641690980306,0.001367608511632979,0.6581530213015553,0.0,4.600794660802876e-07,1092,0.005,1,1,0.7995437383651733,1.0,-0.20045626163482666,0.20045626163482666,-0.8448957800865173,-1.0,0.15510421991348267,0.15510421991348267,0.4449282140181489,0.6253635316698058,0.6477999682506187,0.6226808428764343,f8186b5a9311a85dcb4c0f9b2b2f99ba219943410c3cdf5ca0e8ec6851b9439a
3,deep,7,1000,800,200,10000,10000,0.5,157,51260911,51760911,1051760911,2051260911,3051260911,0.25232279231886906,0.8835400114487774,0.8916219625964654,0.013809570385456382,0.7806429518309056,0.0002686009840053258,-0.0006761914060162673,0.7949897241843727,1.1102230246251565e-16,5.02143281622125e-07,1099,0.005,1,1,0.8002195954322815,1.0,-0.1997804045677185,0.1997804045677185,-0.8458747863769531,-1.0,0.15412521362304688,0.15412521362304688,0.4512749085523213,0.6514482238295386,0.6693907042207194,0.6462376117706299,e945eb3f0d59d708a6124b96e6af76f263130dc35d7d8503b0cc5dd9286938a0
3,deep,7,1000,800,200,10000,10000,0.5,158,51260911,51760911,1051760911,2051260911,3051260911,0.250389604372346,0.8026747365765132,0.8050883342386677,0.013182757853523429,0.6442867327381749,-0.004651132332252826,0.014148587573446116,0.6481672259271927,0.0,4.3524519810489437e-07,1106,0.005,1,1,0.7996596097946167,1.0,-0.2003403902053833,0.2003403902053833,-0.8498045206069946,-1.0,0.15019547939300537,0.15019547939300537,0.44347040978637736,0.6194406296558159,0.6452804174685364,0.6154061555862427,1cbcdeb6d5f8294bbd90435373e2cc12be56ccaf150620a06bfe8501fa3a2998
3,deep,7,1000,800,200,10000,10000,0.5,159,51260911,51760911,1051760911,2051260911,3051260911,0.24925485982559575,0.8424651032136684,0.8353452742987038,0.012670667436192965,0.709747450132817,-0.012308195137916743,0.03407499019912381,0.6978017272931766,1.1102230246251565e-16,4.873346046707638e-07,1113,0.005,1,1,0.7984466552734375,1.0,-0.2015533447265625,0.2015533447265625,-0.8533567786216736,-1.0,0.14664322137832642,0.14664322137832642,0.4542319393645435,0.6278827378013467,0.6535741532699513,0.623945415019989,e50f3d38a033325b41f0e756d0c2a9fd39a99fd8107948b8f3a762c707b97245
3,deep,7,1000,800,200,10000,10000,0.5,160,51260911,51760911,1051760911,2051260911,3051260911,0.24657159164714015,0.8211828584088569,0.8292985029886967,0.012650852049423046,0.6743412869445407,0.0003719340326647894,-0.0010827897775059036,0.6877360070592933,0.0,5.421053366205797e-07,1120,0.005,1,1,0.8020058870315552,1.0,-0.19799411296844482,0.19799411296844482,-0.8530446290969849,-1.0,0.14695537090301514,0.14695537090301514,0.43615317196441356,0.6385133305059463,0.6534823189558273,0.6356431245803833,4d538e756c00a86982d3ae58f96313fb951f59c1a510ecc9d633f8fa0a4a5364
3,deep,7,1000,800,200,10000,10000,0.5,161,51260911,51760911,1051760911,2051260911,3051260911,0.24565798713703524,0.8327549726717884,0.8470206011470113,0.012715105701413761,0.693480844509591,0.005623974278219728,-0.015927517784658313,0.7174438987674443,1.1102230246251565e-16,4.662856785131453e-07,1127,0.005,1,1,0.803581953048706,1.0,-0.19641804695129395,0.19641804695129395,-0.8524608612060547,-1.0,0.1475391387939453,0.1475391387939453,0.4377429230879531,0.6436950227280791,0.657422099834547,0.6399247646331787,94de3038821bb007d0fdff475080af50dae4ac47f6f87fac80169fcaa8b2ef78
3,deep,7,1000,800,200,10000,10000,0.5,162,51260911,51760911,1051760911,2051260911,3051260911,0.24646244791300423,0.8393229609847602,0.8503916318819069,0.01250295388458154,0.7044630328362252,0.003099970426982863,-0.008647468595159509,0.7231659275747726,1.1102230246251565e-16,3.742427292507955e-07,1134,0.005,1,1,0.801346480846405,1.0,-0.19865351915359497,0.19865351915359497,-0.8541215658187866,-1.0,0.14587843418121338,0.14587843418121338,0.4338074113946046,0.6454638706102913,0.6568714341081711,0.6423856019973755,f0d158b358dac2d59580f7568aa4988c9722c06cba591b9e23ac67e85fca3e87
3,deep,7,1000,800,200,10000,10000,0.5,163,51260911,51760911,1051760911,2051260911,3051260911,0.24748899079068104,0.8529445537910146,0.8518326441986941,0.01259735144101203,0.7275144118417531,-0.007246454780113069,0.019582055412743136,0.725618853722539,-1.1102230246251565e-16,4.144448872978046e-07,1141,0.005,1,1,0.8004640340805054,1.0,-0.19953596591949463,0.19953596591949463,-0.8535889387130737,-1.0,0.14641106128692627,0.14641106128692627,0.4386091459118477,0.6428879461330635,0.6585788084837961,0.6386103630065918,05b2ea2525885ac09b47ee75fb883bbaf58b99fe2ad597582074467ef5e82cc9
3,deep,7,1000,800,200,10000,10000,0.5,164,51260911,51760911,1051760911,2051260911,3051260911,0.24942360319173734,0.8098187424633997,0.8103043169546655,0.012688630172012926,0.6558063956450021,-0.005950969870823927,0.01780408123022554,0.6565930860753671,0.0,3.986515242360156e-07,1148,0.005,1,1,0.7983146905899048,1.0,-0.20168530941009521,0.20168530941009521,-0.8532513380050659,-1.0,0.14674866199493408,0.14674866199493408,0.4368075345679701,0.6194292341738468,0.6469606315933714,0.6183018684387207,14d4b090764ec0bf24faa4543d91373e6b00175196fb045061cf94611ac212a1
3,deep,7,1000,800,200,10000,10000,0.5,165,51260911,51760911,1051760911,2051260911,3051260911,0.24812873677286862,0.8369439919972727,0.8414860506454589,0.01272841748595692,0.7004752457403308,-0.002552444897697963,0.00715768869203947,0.7080987734308918,0.0,4.905356458806409e-07,1155,0.005,1,1,0.8003088235855103,1.0,-0.19969117641448975,0.19969117641448975,-0.852720320224762,-1.0,0.14727967977523804,0.14727967977523804,0.42851964677320864,0.6315164144289609,0.6541323692755484,0.6276984214782715,3256e88e16a6efdfac05cf51822eb07ad4cba29e2467151c0113de886e80f900
3,deep,7,1000,800,200,10000,10000,0.5,166,51260911,51760911,1051760911,2051260911,3051260911,0.24837522826773892,0.8767985719559503,0.893910622023161,0.013178732348848263,0.7687757357839938,0.008560866016496234,-0.02189607289267864,0.7990762001658345,-1.1102230246251565e-16,4.960388935160154e-07,1162,0.005,1,1,0.8023372888565063,1.0,-0.19766271114349365,0.19766271114349365,-0.8496015071868896,-1.0,0.15039849281311035,0.15039849281311035,0.4477715256162849,0.6584109368653058,0.6711704113759753,0.6556262969970703,6a27a4b3e6fa9ace96467b12b0cfbe616d7e6937c2f39565b4af7fc01ed479e2
3,deep,7,1000,800,200,10000,10000,0.5,167,51260911,51760911,1051760911,2051260911,3051260911,0.24930491575660432,0.813641858232186,0.8207031833654966,0.012947542799828739,0.6620130734675247,-0.0007034505405467723,0.002084419516021462,0.67355371518626,0.0,3.903252068226948e-07,1169,0.005,1,1,0.7998891472816467,1.0,-0.20011085271835327,0.20011085271835327,-0.8513104319572449,-1.0,0.14868956804275513,0.14868956804275513,0.4330394100138395,0.6235037975374565,0.6504059714304451,0.6235602498054504,4eb2245f42418724542854c7e2750bf3df4ee9036491f4e3d49d9a142f129539
3,deep,7,1000,800,200,10000,10000,0.5,168,51260911,51760911,1051760911,2051260911,3051260911,0.247057359223043,0.8526796207427297,0.8600261696871587,0.012886550548725671,0.7270625356299654,-0.00015203681596273854,0.0004109385869990061,0.7396450125467655,0.0,4.981462460307284e-07,1176,0.005,1,1,0.8025997877120972,1.0,-0.19740021228790283,0.19740021228790283,-0.851438581943512,-1.0,0.14856141805648804,0.14856141805648804,0.43141112349440236,0.6458522839685485,0.6616589610424272,0.641903281211853,e75bcc9b3e60cfd73ce18268a3d05b584b9e75dbc2f641f9ccd4cad9906fd6e7
3,deep,7,1000,800,200,10000,10000,0.5,169,51260911,51760911,1051760911,2051260911,3051260911,0.24754623726305366,0.8539312086614627,0.8612230584463426,0.013027322411646199,0.7291985091260265,-0.00026033756900011864,0.0007015050081476581,0.7417051563996724,0.0,4.5327151099172625e-07,1183,0.005,1,1,0.8026725649833679,1.0,-0.19732743501663208,0.19732743501663208,-0.8505308628082275,-1.0,0.14946913719177246,0.14946913719177246,0.4260336242820386,0.6355014654538689,0.658308565550213,0.63063645362854,509cb328125844bcfa8ff3cb9a3ce7de5851da54319f41ddf1ae3e45cb639fc8
3,deep,7,1000,800,200,10000,10000,0.5,170,51260911,51760911,1051760911,2051260911,3051260911,0.25130113728158604,0.851538916859055,0.8555939216270347,0.013314821872032069,0.7251185269254926,-0.0031961950361981298,0.008656692012631497,0.7320409587251284,0.0,4.325715288189258e-07,1190,0.005,1,1,0.7991153597831726,1.0,-0.2008846402168274,0.2008846402168274,-0.8490111827850342,-1.0,0.15098881721496582,0.15098881721496582,0.42463151896929346,0.63967604469063,0.6592126677621374,0.6367943286895752,72cd9d90bf41976212d56fb7d04f898273f49be6831c0a74000e14963097730d
3,deep,7,1000,800,200,10000,10000,0.5,171,51260911,51760911,1051760911,2051260911,3051260911,0.25369994200409995,0.8483303374745628,0.8490783871482953,0.013425787435727114,0.7196643614797056,-0.006078020696541093,0.016581918896422757,0.7209341075223505,1.1102230246251565e-16,5.508732954240259e-07,1197,0.005,1,1,0.7964538335800171,1.0,-0.2035461664199829,0.2035461664199829,-0.8485648036003113,-1.0,0.15143519639968872,0.15143519639968872,0.4236846463366376,0.6391797932225802,0.6568152666553979,0.63604736328125,45ab1dd59be8912b506001d3015fab8aa705eebe826d5e172d10f213091e5929
3,deep,7,1000,800,200,10000,10000,0.5,172,51260911,51760911,1051760911,2051260911,3051260911,0.2539927000239406,0.8707988430323541,0.8764230933753222,0.013592927167691246,0.7582906250264865,-0.0018830567963045589,0.004879121445072198,0.7681174386015687,1.1102230246251565e-16,5.177896493790968e-07,1204,0.005,1,1,0.7969198226928711,1.0,-0.2030801773071289,0.2030801773071289,-0.8474525213241577,-1.0,0.15254747867584229,0.15254747867584229,0.4281280086793997,0.6491228260152165,0.6642302728088018,0.6465617418289185,2399ebd58c04389a25696e2e54d4e4b0746a68fd496c6b25b147c526346d5d00
3,deep,7,1000,800,200,10000,10000,0.5,173,51260911,51760911,1051760911,2051260911,3051260911,0.2533303296679669,0.843744851501463,0.8556635065375271,0.01324862835273675,0.7119053744352257,0.0035030168160671018,-0.009661442404232017,0.7321600364200967,0.0,4.899302847860554e-07,1211,0.005,1,1,0.7960209846496582,1.0,-0.2039790153503418,0.2039790153503418,-0.8497707843780518,-1.0,0.15022921562194824,0.15022921562194824,0.42885225012111183,0.6455272988698733,0.6575345820224195,0.6448884010314941,366db73fb13c1267a9aa3fa7e314ee2a85f8e0a67d18b541182c792a49fd4c38
3,deep,7,1000,800,200,10000,10000,0.5,174,51260911,51760911,1051760911,2051260911,3051260911,0.2526403722963127,0.8898640929508022,0.905397213140715,0.0130533388997129,0.7918581039231539,0.007416335370053099,-0.018427705149882376,0.8197441135629732,1.1102230246251565e-16,5.167038850117933e-07,1218,0.005,1,1,0.7959080934524536,1.0,-0.2040919065475464,0.2040919065475464,-0.8510918021202087,-1.0,0.14890819787979126,0.14890819787979126,0.43586497923406853,0.6543397149942979,0.6716865211370735,0.6502915024757385,a3273c4c99e5916a74885a87967a37aceefe5002c41cb3f6f8861656d8d883bc
3,deep,7,1000,800,200,10000,10000,0.5,175,51260911,51760911,1051760911,2051260911,3051260911,0.25226459812664703,0.8483730910462358,0.853229658920977,0.012525189146617407,0.7197369016113447,-0.0021306199477776483,0.005819282398115818,0.7280008508624067,-1.1102230246251565e-16,5.055645129203867e-07,1225,0.005,1,1,0.7933735847473145,1.0,-0.20662641525268555,0.20662641525268555,-0.8552832007408142,-1.0,0.1447167992591858,0.1447167992591858,0.41971829475175054,0.6390259412684159,0.6581517296567636,0.6358526945114136,2c89bf8c765d0ddde3262521ca4a1c0223975f7ab6577d9c414172dccc210b44
3,deep,7,1000,800,200,10000,10000,0.5,176,51260911,51760911,1051760911,2051260911,3051260911,0.2531212769057419,0.8379633895424302,0.836326429818393,0.012191274282022952,0.7021826422134387,-0.007466009641341083,0.020902245921764456,0.6994418972127795,0.0,3.927511045276333e-07,1232,0.005,1,1,0.789935290813446,1.0,-0.21006470918655396,0.21006470918655396,-0.8587796092033386,-1.0,0.14122039079666138,0.14122039079666138,0.4374101184305903,0.6305837945075244,0.6541356917288921,0.6280173063278198,f8b32e51fb13a1fabe53161d0f6e27772a73f8e387dd6e436132bdfdcf828a52
3,deep,7,1000,800,200,10000,10000,0.5,177,51260911,51760911,1051760911,2051260911,3051260911,0.2507207040561547,0.8672258951401489,0.8700494663491879,0.012159091661590748,0.7520807532016325,-0.0036268854843582938,0.009491484927764793,0.7569860738945067,0.0,4.813165190853397e-07,1239,0.005,1,1,0.7932775020599365,1.0,-0.20672249794006348,0.20672249794006348,-0.858131468296051,-1.0,0.14186853170394897,0.14186853170394897,0.41990381240810365,0.6391294646361865,0.663089281784541,0.6340209245681763,bdea0656492ecb4c295901e3e872ac2ba8c939d9fabf1dde2345178b2a4bb9a6
3,deep,7,1000,800,200,10000,10000,0.5,178,51260911,51760911,1051760911,2051260911,3051260911,0.24842751330810073,0.8597387863907306,0.8705273968815189,0.012115302189967958,0.7391507808246064,0.0032759328533695977,-0.008721098762303757,0.7578179487213136,1.1102230246251565e-16,5.313917696980752e-07,1246,0.005,1,1,0.7963173389434814,1.0,-0.20368266105651855,0.20368266105651855,-0.8577691912651062,-1.0,0.1422308087348938,0.1422308087348938,0.4225373991583453,0.6425971034145528,0.6622246058644614,0.6390537619590759,01f67131987e76880dde8df281222f57c81bdd72d05d7887ef5bc1f7e7f86b83
3,deep,7,1000,800,200,10000,10000,0.5,179,51260911,51760911,1051760911,2051260911,3051260911,0.24791149309555968,0.8672356760830221,0.8784374630488201,0.012115843251711597,0.7520977178711764,0.0037194076823795627,-0.009733948392421867,0.7716523764876471,0.0,4.878390384988052e-07,1253,0.005,1,1,0.7970589399337769,1.0,-0.20294106006622314,0.20294106006622314,-0.8576095700263977,-1.0,0.1423904299736023,0.1423904299736023,0.42650283031098696,0.6486074606898505,0.6633986033515046,0.6456285715103149,1947e75f71d3c3884b762c215392075ecb339104d98892bee66e37fa515cf4c5
3,deep,7,1000,800,200,10000,10000,0.5,180,51260911,51760911,1051760911,2051260911,3051260911,0.24936731537922158,0.8831192219140308,0.8868379899601555,0.012090556988836624,0.7798995601140432,-0.002754248333155418,0.006955259349019478,0.7864816204365689,-1.1102230246251565e-16,4.5813156468454963e-07,1260,0.005,1,1,0.7948026061058044,1.0,-0.20519739389419556,0.20519739389419556,-0.8583028316497803,-1.0,0.14169716835021973,0.14169716835021973,0.425186124154109,0.6454563776418822,0.6672012656272661,0.6424245834350586,a385e6e56ad4cb65a2661132be54b8d7f4c0bfeeedcec96ea0d74302a27d982c
3,deep,7,1000,800,200,10000,10000,0.5,181,51260911,51760911,1051760911,2051260911,3051260911,0.25370878054463525,0.8480514215280623,0.8545704039478815,0.01221953128304567,0.7191912135557672,-0.0005600847675836609,0.001531519112990585,0.7302905753036455,0.0,4.552508130473143e-07,1267,0.005,1,1,0.7892482280731201,1.0,-0.21075177192687988,0.21075177192687988,-0.8587490320205688,-1.0,0.14125096797943115,0.14125096797943115,0.42532808996455784,0.6331822546666512,0.6572369341648278,0.6328465938568115,ae617e64a47da48249b92b4d773648e6dc75bff23c8c73d043748468df61dd4f
3,deep,7,1000,800,200,10000,10000,0.5,182,51260911,51760911,1051760911,2051260911,3051260911,0.25321768255122745,0.9076858674111842,0.9087960958826553,0.012284680677966725,0.8238936338979939,-0.005133985342202101,0.012279642398537032,0.8259103438915565,1.1102230246251565e-16,5.007438161896971e-07,1274,0.005,1,1,0.7904349565505981,1.0,-0.20956504344940186,0.20956504344940186,-0.8578673601150513,-1.0,0.14213263988494873,0.14213263988494873,0.42639461112769284,0.6560336319818475,0.6738599762428995,0.6519864201545715,667600abca7df4b3f5bb1077c1f5c1c2ad646a0738967e9e10983e3e6bd4930a
3,deep,7,1000,800,200,10000,10000,0.5,183,51260911,51760911,1051760911,2051260911,3051260911,0.2493947402394467,0.8729865131127789,0.883418667486939,0.012133945456876976,0.762105452076808,0.0030945722653569208,-0.007993838275899114,0.7804285420643989,1.1102230246251565e-16,4.2906381203522415e-07,1281,0.005,1,1,0.7950429320335388,1.0,-0.20495706796646118,0.20495706796646118,-0.8579072952270508,-1.0,0.14209270477294922,0.14209270477294922,0.42320136385616947,0.6509329954160886,0.6649506070615536,0.6496298313140869,2f3532247d4d9d0d5898c8dfe610619d4de53fe019d268daf77b9f7c7d59d2f9
3,deep,7,1000,800,200,10000,10000,0.5,184,51260911,51760911,1051760911,2051260911,3051260911,0.2463425088656744,0.9004569597466185,0.9114616886120808,0.011937346770228539,0.8108227363561233,0.004001163340616906,-0.00972619703526002,0.8307624098075858,1.1102230246251565e-16,5.256800204023193e-07,1288,0.005,1,1,0.7981822490692139,1.0,-0.20181775093078613,0.20181775093078613,-0.8587405681610107,-1.0,0.14125943183898926,0.14125943183898926,0.42239698148951166,0.6557791727234649,0.6722834680307193,0.6522798538208008,6a0dcbab6c03f3b662f99c37bbe37d8fa8989ebcda964d0fb8172cdb6f5864e4
3,deep,7,1000,800,200,10000,10000,0.5,185,51260911,51760911,1051760911,2051260911,3051260911,0.24754583430859753,0.8849308545247409,0.892329820444809,0.011932811548354056,0.7831026172898881,0.0006085398084114469,-0.0015308495353488466,0.796252508455065,0.0,5.378904699426812e-07,1295,0.005,1,1,0.7964204549789429,1.0,-0.20357954502105713,0.20357954502105713,-0.8591656684875488,-1.0,0.14083433151245117,0.14083433151245117,0.41789374229698184,0.6463071844576106,0.6657897830270922,0.6422827243804932,89b35abe46271f132cf01e598b1b02d6723fb0cbfac86ec5b8652d274fa0bad3
3,deep,7,1000,800,200,10000,10000,0.5,186,51260911,51760911,1051760911,2051260911,3051260911,0.2485348673626737,0.8701226552310931,0.8764507375297216,0.011789918206008465,0.7571134351464077,-0.0003687290180116099,0.0009591036803362933,0.7681658953163929,-1.1102230246251565e-16,4.701325888589736e-07,1302,0.005,1,1,0.7939995527267456,1.0,-0.2060004472732544,0.2060004472732544,-0.8609554171562195,-1.0,0.13904458284378052,0.13904458284378052,0.41535883518305977,0.6420507252021403,0.664700176080089,0.639300525188446,0fc2414dbac41fd9c0f130539b057fa0659f3926dafda67f29e00cb4be4da581
3,deep,7,1000,800,200,10000,10000,0.5,187,51260911,51760911,1051760911,2051260911,3051260911,0.24729808517865992,0.8897679689913481,0.8923858213916956,0.0116831422468545,0.7916870386429887,-0.003508863334455873,0.0087353586626014,0.7963524542209314,-1.1102230246251565e-16,5.339987882990727e-07,1309,0.005,1,1,0.7950971126556396,1.0,-0.20490288734436035,0.20490288734436035,-0.8615400791168213,-1.0,0.1384599208831787,0.1384599208831787,0.4132259450842784,0.6506692021502926,0.6672385232165962,0.6456151604652405,992bb676833d128a2b01809605297a6e89e9005d77e91c979f2389089d8a9ed6
3,deep,7,1000,800,200,10000,10000,0.5,188,51260911,51760911,1051760911,2051260911,3051260911,0.24527216692044645,0.8638639740776292,0.8660659112131386,0.011354645350807288,0.7462609657091948,-0.003772724247278953,0.009959468079070928,0.7500701625654441,0.0,4.1440164011419256e-07,1316,0.005,1,1,0.7957693934440613,1.0,-0.20423060655593872,0.20423060655593872,-0.8641754984855652,-1.0,0.13582450151443481,0.13582450151443481,0.41469361154465006,0.6374239695297192,0.6606587075271168,0.6340558528900146,66f9a2eaa7753df8e6f1f9063c75331449e0a33d43bbe60a42f73a340ae2beb7
3,deep,7,1000,800,200,10000,10000,0.5,189,51260911,51760911,1051760911,2051260911,3051260911,0.24406712379048084,0.8910794974421932,0.8929632351816801,0.0112198732257666,0.7940226707618316,-0.003929602300732823,0.009760046411043439,0.7973833393861325,-1.1102230246251565e-16,4.766371386466517e-07,1323,0.005,1,1,0.796594500541687,1.0,-0.203405499458313,0.203405499458313,-0.8651112914085388,-1.0,0.13488870859146118,0.13488870859146118,0.41087889188760207,0.6498600108818693,0.6674763057749031,0.646069347858429,a333b7bc2b200ccdf71f2e47fb2e2190e9b8adf920b30a1d4ab62ed29105dcc0
3,deep,7,1000,800,200,10000,10000,0.5,190,51260911,51760911,1051760911,2051260911,3051260911,0.24393946249444745,0.9187112613671122,0.9239651954937282,0.011224850515749923,0.8440303817627504,-0.0007717748973683927,0.001804782638540062,0.8537116824837634,-1.1102230246251565e-16,4.5351105981694673e-07,1330,0.005,1,1,0.7968280911445618,1.0,-0.20317190885543823,0.20317190885543823,-0.864990234375,-1.0,0.135009765625,0.135009765625,0.41342987989776253,0.6519300738027874,0.6758855527032279,0.6473512053489685,3ac4c07a5888aa8edc12997d328608a7274a61350c3a59b56a40bfb2ac8e1d27
3,deep,7,1000,800,200,10000,10000,0.5,191,51260911,51760911,1051760911,2051260911,3051260911,0.24560434574232218,0.8986808906033849,0.9099671905439064,0.011349174165080661,0.807627343135693,0.004531885282798207,-0.011067192250480236,0.8280402878663701,1.1102230246251565e-16,4.755405296208437e-07,1337,0.005,1,1,0.7952184081077576,1.0,-0.20478159189224243,0.20478159189224243,-0.8644050359725952,-1.0,0.13559496402740479,0.13559496402740479,0.43263944550260136,0.6569141548716587,0.6705607432537974,0.6552993059158325,f274386b62ecda62631930ac2c1a38acc3b2bebc80fee1d82408e6a2cf3ac7e7
3,deep,7,1000,800,200,10000,10000,0.5,192,51260911,51760911,1051760911,2051260911,3051260911,0.24528333352339093,0.9568779612322911,0.9591886501525284,0.011202633251137451,0.9156154326920659,-0.003387599680886894,0.007310171878100811,0.9200428665814295,0.0,4.811544336291718e-07,1344,0.005,1,1,0.7945662140846252,1.0,-0.20543378591537476,0.20543378591537476,-0.8659818172454834,-1.0,0.1340181827545166,0.1340181827545166,0.4269034707487302,0.6660490218447195,0.6866232492236887,0.6597239375114441,f3f4086c85626095a5fdb8683aa5edd937223169f5557fd09909106dbcca19b4
3,deep,7,1000,800,200,10000,10000,0.5,193,51260911,51760911,1051760911,2051260911,3051260911,0.24647404703757014,0.9037566940080858,0.9106766263861744,0.01116734946576535,0.8167761619644248,0.0006942032079568346,-0.0016769337481917516,0.8293319178461039,1.1102230246251565e-16,4.906002057936121e-07,1351,0.005,1,1,0.7923535704612732,1.0,-0.2076464295387268,0.2076464295387268,-0.8672128915786743,-1.0,0.13278710842132568,0.13278710842132568,0.42927018306920006,0.6497298284331505,0.6706283115193978,0.6470682621002197,2ca3217994d52b00c56853182fade08dedbe5040cc2440a6475d19425a67ad17
3,deep,7,1000,800,200,10000,10000,0.5,194,51260911,51760911,1051760911,2051260911,3051260911,0.24506856452092293,0.920290306075607,0.9176842112221026,0.011096634264670144,0.8469342474567344,-0.007943285097536074,0.018515149668273112,0.8421443115263326,2.220446049250313e-16,4.334702286001857e-07,1358,0.005,1,1,0.7940270900726318,1.0,-0.20597290992736816,0.20597290992736816,-0.8672078251838684,-1.0,0.1327921748161316,0.1327921748161316,0.43379990526591455,0.6493344673289798,0.6751475743683903,0.6441878080368042,349c1fecdfe552463ba7ed70f607232d9f0178d581c75e43d36562c232c8ee8c
3,deep,7,1000,800,200,10000,10000,0.5,195,51260911,51760911,1051760911,2051260911,3051260911,0.24763844113021863,0.8985856880385436,0.899739802582443,0.011305091139730647,0.8074562387477028,-0.004614808768170019,0.011272659320157391,0.8095317123510934,0.0,5.474375619485272e-07,1365,0.005,1,1,0.7916500568389893,1.0,-0.20834994316101074,0.20834994316101074,-0.8661527037620544,-1.0,0.13384729623794556,0.13384729623794556,0.42374693961031723,0.6429556383619527,0.6677588893150032,0.6372432708740234,2081246c752436b5630fbdfdbf13004c7a6329190f8d5dbc6cbd80a895eb4bec
3,deep,7,1000,800,200,10000,10000,0.5,196,51260911,51760911,1051760911,2051260911,3051260911,0.24743916008225872,0.9044048561900372,0.9093626194775749,0.011258023483914465,0.8179481439001218,-0.0011328968404597172,0.0027324853215546104,0.8269403737031167,-2.220446049250313e-16,4.801248270069891e-07,1372,0.005,1,1,0.7915672063827515,1.0,-0.20843279361724854,0.20843279361724854,-0.866651177406311,-1.0,0.13334882259368896,0.13334882259368896,0.4135163212209143,0.6555266035258372,0.6703642227371056,0.6529878377914429,123c7f49e4e85f35a452f3149ca0a6b14d0b79a81062fe28134e3481d92e6a1f
3,deep,7,1000,800,200,10000,10000,0.5,197,51260911,51760911,1051760911,2051260911,3051260911,0.24684432326519748,0.9259094905021501,0.9296630147647462,0.011229195346783362,0.8573083846019511,-0.002132129463629022,0.004909699966591822,0.8642733210214767,2.220446049250313e-16,4.773520227985273e-07,1379,0.005,1,1,0.7922879457473755,1.0,-0.2077120542526245,0.2077120542526245,-0.8666290044784546,-1.0,0.1333709955215454,0.1333709955215454,0.4133198579738124,0.6594612309011976,0.6771847604661927,0.655996561050415,bf3e629e8a92766820541d4815f96cd1078d2f5a3fdfd8ebbfc5c1b2df45b9be
3,deep,7,1000,800,200,10000,10000,0.5,198,51260911,51760911,1051760911,2051260911,3051260911,0.24693826882775266,0.8845294812886786,0.8859800602525291,0.01116050812505704,0.7823924032688188,-0.0042961221144003905,0.010827563109444716,0.7849606671650751,0.0,4.2087361862286343e-07,1386,0.005,1,1,0.7915247082710266,1.0,-0.2084752917289734,0.2084752917289734,-0.8676498532295227,-1.0,0.1323501467704773,0.1323501467704773,0.4142136209325078,0.6401090307654869,0.6652356486137501,0.6351159811019897,c920905c70a2392ac72bd2e6900a7d0dcb69434c3d9dc7554162b5aaefd57ce6
3,deep,7,1000,800,200,10000,10000,0.5,199,51260911,51760911,1051760911,2051260911,3051260911,0.24385176681493642,0.8814289220110167,0.8839735595331608,0.011040775211025314,0.776916944557503,-0.0032742329074009,0.008310681716178232,0.7814092539537265,0.0,4.4774559704308103e-07,1393,0.005,1,1,0.7955061197280884,1.0,-0.20449388027191162,0.20449388027191162,-0.8671619892120361,-1.0,0.13283801078796387,0.13283801078796387,0.40647286452127723,0.6488105583077493,0.6644105987377344,0.6446112394332886,c6f76940c751a418200d06d18ea885cb5a575d2cd8f3c40e004cc8d8a6d7bb3a
3,deep,7,1000,800,200,10000,10000,0.5,200,51260911,51760911,1051760911,2051260911,3051260911,0.2421905218609824,0.9134558759183576,0.9170468857430688,0.010914830388507565,0.8344016372497739,-0.002170738493610179,0.005135919094714851,0.8409749906510611,-1.1102230246251565e-16,3.983873266832916e-07,1400,0.005,1,1,0.7970983386039734,1.0,-0.2029016613960266,0.2029016613960266,-0.867760956287384,-1.0,0.13223904371261597,0.13223904371261597,0.4096257395216321,0.6549425632422222,0.6740063171964178,0.6508290767669678,27bc86efa905973b7aa321b9d6fbbbdff733c5ae200359a223713db89004fd3e
3,deep,7,1000,800,200,10000,10000,0.5,201,51260911,51760911,1051760911,2051260911,3051260911,0.24264660704364835,0.8963170017660691,0.9006535982462694,0.01097417540912487,0.8033841676549156,-0.0015907195150440434,0.003906681938221269,0.8111769040339525,1.1102230246251565e-16,4.585091684106146e-07,1407,0.005,1,1,0.7968652844429016,1.0,-0.2031347155570984,0.2031347155570984,-0.8672835230827332,-1.0,0.13271647691726685,0.13271647691726685,0.40312266952432396,0.6418643092579748,0.6691388100662816,0.6382579803466797,8590def0130d9fae644a574985a65dc952e4638952a12b2f65f5732c7bd5fe75
3,deep,7,1000,800,200,10000,10000,0.5,202,51260911,51760911,1051760911,2051260911,3051260911,0.242658327161634,0.9045197112478883,0.9084249903762162,0.010955200152669804,0.8181559080359633,-0.0019375725243022958,0.004673854939744635,0.8252359631400285,0.0,4.5904315193467937e-07,1414,0.005,1,1,0.7966912984848022,1.0,-0.20330870151519775,0.20330870151519775,-0.8675287365913391,-1.0,0.1324712634086609,0.1324712634086609,0.400609527263842,0.6515471831800386,0.6711206505083341,0.6476847529411316,dfcf52a5795b0aa469b4b35e5d1823f2b069690ae1d4cb00b919e35f9f023297
3,deep,7,1000,800,200,10000,10000,0.5,203,51260911,51760911,1051760911,2051260911,3051260911,0.2427883131794265,0.9028081521783142,0.9066109586849449,0.011053077586055409,0.8150625596396222,-0.002086103409021285,0.00505039080491683,0.8219434304076348,-2.220446049250313e-16,5.268718155093666e-07,1421,0.005,1,1,0.7972754240036011,1.0,-0.20272457599639893,0.20272457599639893,-0.8664001822471619,-1.0,0.13359981775283813,0.13359981775283813,0.4025405636945225,0.655184189328267,0.6703578586838183,0.6508549451828003,f56b7af2bc343499816320db1d6d7510e56ddeb6701cf791bf2878fb9921a518
3,deep,7,1000,800,200,10000,10000,0.5,204,51260911,51760911,1051760911,2051260911,3051260911,0.24218587717580262,0.9595275768054613,0.9668888975410372,0.011097550157642978,0.9206931706501605,0.0015417096901593156,-0.0033091329538520215,0.9348741401881223,1.1102230246251565e-16,4.777353836971088e-07,1428,0.005,1,1,0.7985424995422363,1.0,-0.20145750045776367,0.20145750045776367,-0.8655794858932495,-1.0,0.1344205141067505,0.1344205141067505,0.41556290688845393,0.6736831831162914,0.6888402628126141,0.6694391965866089,0ae5ac8e370fb8b179755c251608bc7a6bb64f4e8e7891e7f1e96e07a6d8d7c7
3,deep,7,1000,800,200,10000,10000,0.5,205,51260911,51760911,1051760911,2051260911,3051260911,0.24249783304689154,0.9067177181619207,0.9085130568654868,0.010888973491685704,0.8221370204287602,-0.0038150097126874714,0.009159401364495248,0.8253959744950713,2.220446049250313e-16,4.955906351966632e-07,1435,0.005,1,1,0.7963926196098328,1.0,-0.20360738039016724,0.20360738039016724,-0.8682835102081299,-1.0,0.13171648979187012,0.13171648979187012,0.4199369257493483,0.6431829259066908,0.669154656552638,0.6387745141983032,14757834d1700e6a5923dbbcb6e783f9a2e845fe44b8909e36468d522f18ae0c
3,deep,7,1000,800,200,10000,10000,0.5,206,51260911,51760911,1051760911,2051260911,3051260911,0.24119123646099364,0.9560895813736933,0.964600528501112,0.011095841190148274,0.914107287611324,0.002625525391576165,-0.005675565310673616,0.9304541795846246,0.0,4.3962972640088083e-07,1442,0.005,1,1,0.8000309467315674,1.0,-0.19996905326843262,0.19996905326843262,-0.8651460409164429,-1.0,0.13485395908355713,0.13485395908355713,0.4132980655115129,0.6754533812376975,0.6879437600063265,0.6700186133384705,aa2236cb6f5c8c5609d98c770cbbde12e0f243f21c961111169bf3db0c37ae43
3,deep,7,1000,800,200,10000,10000,0.5,207,51260911,51760911,1051760911,2051260911,3051260911,0.23987642041591326,0.9228910533551073,0.9280855106287746,0.010622818992903774,0.8517278963628996,-0.0005040001583650438,0.001168898336582454,0.8613427150390733,1.1102230246251565e-16,4.5174979668161086e-07,1449,0.005,1,1,0.798315703868866,1.0,-0.20168429613113403,0.20168429613113403,-0.8701379895210266,-1.0,0.1298620104789734,0.1298620104789734,0.40005427609025346,0.6631086018753516,0.6767875260358458,0.6588881015777588,3f49209bb0da124814396ff3b1f81729bfa3a6cc1ed25274e3b335991f91812d
3,deep,7,1000,800,200,10000,10000,0.5,208,51260911,51760911,1051760911,2051260911,3051260911,0.23841726613341846,0.9245845249891551,0.9306656019632165,0.010438979808025326,0.8548565438494217,0.00042146951005460044,-0.0009741631582077887,0.8661384626775561,-1.1102230246251565e-16,5.604636719169775e-07,1456,0.005,1,1,0.7990477085113525,1.0,-0.20095229148864746,0.20095229148864746,-0.8716996908187866,-1.0,0.12830030918121338,0.12830030918121338,0.39881981242066394,0.661588204321375,0.6767284459880519,0.6581611037254333,9d58ae7e1fe5702138c887ee99b69e7d67766e07ee553e1d2422fba283e7f0e0
3,deep,7,1000,800,200,10000,10000,0.5,209,51260911,51760911,1051760911,2051260911,3051260911,0.23981270659030604,0.9236056440796803,0.9272836890213012,0.010468016743404482,0.853047385775841,-0.0018301812971461282,0.0042389082853802095,0.8598550399249533,0.0,4.598259977228736e-07,1463,0.005,1,1,0.7969868779182434,1.0,-0.2030131220817566,0.2030131220817566,-0.872344970703125,-1.0,0.127655029296875,0.127655029296875,0.39499224087959306,0.655713874784047,0.6751069842700226,0.6510151028633118,adeb7150b1e6214e534378689ef0e009a4f059a2f3625afde9ca90b8ca560026
3,deep,7,1000,800,200,10000,10000,0.5,210,51260911,51760911,1051760911,2051260911,3051260911,0.2402585581069849,0.9272301582523285,0.9268272587862425,0.010418769755968777,0.8597557663726381,-0.005582884249693237,0.012831642430106961,0.8590087676292205,1.1102230246251565e-16,4.905498922624929e-07,1470,0.005,1,1,0.7957075238227844,1.0,-0.20429247617721558,0.20429247617721558,-0.8735533356666565,-1.0,0.1264466643333435,0.1264466643333435,0.4117432300916501,0.6567139039827404,0.6746617072510626,0.6524358987808228,345ab1800a4b269cf9c1deca89320ee656b16ddaee8c7104d1dc9177621dc453
3,deep,7,1000,800,200,10000,10000,0.5,211,51260911,51760911,1051760911,2051260911,3051260911,0.2382346950924923,0.9094242252142228,0.911128299113195,0.010241549820306079,0.8270524214064895,-0.003569596890945887,0.008526508045234688,0.8301547774449038,0.0,4.0831038461419666e-07,1477,0.005,1,1,0.7974022030830383,1.0,-0.20259779691696167,0.20259779691696167,-0.874660849571228,-1.0,0.12533915042877197,0.12533915042877197,0.40190003874875097,0.663149928555224,0.6728718223351325,0.6593154668807983,e245f504ae10fa827c6be3736cac78a07c06309d9c2830a0d1c1f25e1045a128
3,deep,7,1000,800,200,10000,10000,0.5,212,51260911,51760911,1051760911,2051260911,3051260911,0.2357240647032376,0.9487509653085743,0.9530546008601077,0.010038904950649864,0.9001283941739515,-0.0009271134519911871,0.002037237446089053,0.9083130722206192,2.220446049250313e-16,4.476154842336655e-07,1484,0.005,1,1,0.7996682524681091,1.0,-0.20033174753189087,0.20033174753189087,-0.8757702708244324,-1.0,0.12422972917556763,0.12422972917556763,0.40305023498138,0.6681932688266414,0.6836911051043542,0.6638482809066772,171904d1d44dff696cd43aa889e86c0236d84608120f69cf17bd5b0c8a4841bd
3,deep,7,1000,800,200,10000,10000,0.5,213,51260911,51760911,1051760911,2051260911,3051260911,0.2347452344382095,0.9411366655724769,0.9482026523399191,0.00997698318826518,0.8857382232848803,0.0016865317156560685,-0.003765776674255072,0.8990882699044574,-2.220446049250313e-16,4.499123757994994e-07,1491,0.005,1,1,0.8007276654243469,1.0,-0.19927233457565308,0.19927233457565308,-0.8759199380874634,-1.0,0.12408006191253662,0.12408006191253662,0.40065627954337957,0.6662745328679613,0.680463861112083,0.6612353324890137,71bede39f5a887da99e1df77396cf1a583c6b34d65a97b2d83bf623dd2ce8553
3,deep,7,1000,800,200,10000,10000,0.5,214,51260911,51760911,1051760911,2051260911,3051260911,0.23637753328640168,0.9366333729395366,0.9394463259140112,0.01007173628323992,0.8772820753040931,-0.0023972061569991878,0.005403044705946487,0.8825593992733346,0.0,4.2880426676106254e-07,1498,0.005,1,1,0.7988637089729309,1.0,-0.2011362910270691,0.2011362910270691,-0.8758286237716675,-1.0,0.12417137622833252,0.12417137622833252,0.3998576740765691,0.6587585431779212,0.6787764584986034,0.6541715860366821,ffd6d8c060c251c2f3661a4fee61ed460d4332f69e3509b74641de11cccc0442
3,deep,7,1000,800,200,10000,10000,0.5,215,51260911,51760911,1051760911,2051260911,3051260911,0.23719908961292333,0.9462025077760698,0.9465672651510504,0.010116860202859993,0.8952991857217235,-0.004713229234522231,0.010411189984399324,0.895989587455539,0.0,3.9367141724255816e-07,1505,0.005,1,1,0.7978859543800354,1.0,-0.2021140456199646,0.2021140456199646,-0.8758496046066284,-1.0,0.12415039539337158,0.12415039539337158,0.40695423217618837,0.6632125099658756,0.6793319777567969,0.6607248783111572,80c04823f61fdf6fa72d5075d52c1bef47038e970f5772482b4b1b42397b2783
3,deep,7,1000,800,200,10000,10000,0.5,216,51260911,51760911,1051760911,2051260911,3051260911,0.2389784165534413,0.955128991609272,0.9539248051996808,0.010245569392486375,0.9122713906125447,-0.006272213014891115,0.013598043801507798,0.9099725339752489,1.1102230246251565e-16,5.497158852563189e-07,1512,0.005,1,1,0.7961004972457886,1.0,-0.20389950275421143,0.20389950275421143,-0.8753578066825867,-1.0,0.12464219331741333,0.12464219331741333,0.41780149464023464,0.6548025585789736,0.6817654355704139,0.6499555110931396,aa349f2333bc99f09a8379a2e87d0105f8c8922fcbc1c629ca67677cd4616235
3,deep,7,1000,800,200,10000,10000,0.5,217,51260911,51760911,1051760911,2051260911,3051260911,0.23952307199359393,0.9291745280088605,0.931932654969723,0.010479213077891111,0.8633653035004886,-0.0026730215897313664,0.006117842565855614,0.8684984733989167,-2.220446049250313e-16,4.5690773653461747e-07,1519,0.005,1,1,0.7975853681564331,1.0,-0.2024146318435669,0.2024146318435669,-0.8719390034675598,-1.0,0.12806099653244019,0.12806099653244019,0.4062969699776271,0.6588734505541126,0.6772008002556495,0.6540429592132568,1b5ec2db38cc1ccf3370602d7f677571c52aa5bb1501002d32ba64dfe18e8b59
3,deep,7,1000,800,200,10000,10000,0.5,218,51260911,51760911,1051760911,2051260911,3051260911,0.24268060024052457,0.9529188856527432,0.9539972709000064,0.010637764225319792,0.9080544026336658,-0.00429068698716263,0.009340858977458176,0.9101107928846602,-1.1102230246251565e-16,5.71825333750553e-07,1526,0.005,1,1,0.7937309741973877,1.0,-0.2062690258026123,0.2062690258026123,-0.8721447587013245,-1.0,0.12785524129867554,0.12785524129867554,0.4040776268620389,0.6664081700283587,0.682299259495031,0.6617624759674072,4e3a45db8a5be1994568a104ef690946c36a4e441ca538d1ff07b998aa2e170a
3,deep,7,1000,800,200,10000,10000,0.5,219,51260911,51760911,1051760911,2051260911,3051260911,0.24345266143043487,0.9268686085484432,0.9308861726865546,0.010706610334515265,0.8590854175125272,-0.0016214806740102305,0.0037284330554829513,0.8665490664990219,-1.1102230246251565e-16,4.285965555794746e-07,1533,0.005,1,1,0.7930857539176941,1.0,-0.2069142460823059,0.2069142460823059,-0.8717202544212341,-1.0,0.12827974557876587,0.12827974557876587,0.39537582347396305,0.6579305033676691,0.6754125441739595,0.6547874212265015,e38f2db6580d5638666d1594e7edeeadc0fc861f1d5427aede9a88bb84125209
3,deep,7,1000,800,200,10000,10000,0.5,220,51260911,51760911,1051760911,2051260911,3051260911,0.24235709502633151,0.9653502249380712,0.9733860370380639,0.010856363740008632,0.9319010567879846,0.0023614782863368524,-0.0050097262241951945,0.9474803771006671,1.1102230246251565e-16,4.802085289412616e-07,1540,0.005,1,1,0.7963398098945618,1.0,-0.20366019010543823,0.20366019010543823,-0.8686246275901794,-1.0,0.13137537240982056,0.13137537240982056,0.4037960765941371,0.6728634047678596,0.6870216987468841,0.6692274808883667,89a8c43f8399c9b50054b2aa627bc495fc7c500cadd38bbe1261d79cdd00c54b
3,deep,7,1000,800,200,10000,10000,0.5,221,51260911,51760911,1051760911,2051260911,3051260911,0.24299355972131514,0.9767579026170986,0.9824526508038874,0.01085170541341729,0.9540560003249535,0.00015275266660728378,-0.00031661611923887315,0.9652132110715851,-3.3306690738754696e-16,4.94333658451751e-07,1547,0.005,1,1,0.7952635884284973,1.0,-0.20473641157150269,0.20473641157150269,-0.8691226840019226,-1.0,0.1308773159980774,0.1308773159980774,0.40113611231932356,0.6748514650238306,0.6914669675457094,0.6716834306716919,efe1a4f71a32617099db9069ac4b9af53dc37446d8faa1565f623ecc240b63d6
3,deep,7,1000,800,200,10000,10000,0.5,222,51260911,51760911,1051760911,2051260911,3051260911,0.24302442431310262,0.9476663039752959,0.9485486096115928,0.01072110808940456,0.898071423690198,-0.004524033491758351,0.009956141437252711,0.8997444647960859,1.1102230246251565e-16,4.509993640766652e-07,1554,0.005,1,1,0.7939814329147339,1.0,-0.2060185670852661,0.2060185670852661,-0.8710922002792358,-1.0,0.12890779972076416,0.12890779972076416,0.4166381253743306,0.6524815065145603,0.679174684036164,0.6486570239067078,b8680fc1c18e9b51ceffad3238dbf17adeabdd444798960a966728c3c15f4996
3,deep,7,1000,800,200,10000,10000,0.5,223,51260911,51760911,1051760911,2051260911,3051260911,0.24070818070228053,0.972508013608383,0.9722958212418475,0.01076450462571134,0.9457718365325228,-0.005588588576937739,0.011685052279708947,0.9453591640043587,0.0,5.195367425159247e-07,1561,0.005,1,1,0.7981973886489868,1.0,-0.20180261135101318,0.20180261135101318,-0.8687897324562073,-1.0,0.13121026754379272,0.13121026754379272,0.4072234033053189,0.6686215438310634,0.6869977099931561,0.662798285484314,c89186367b367e31ec433550378962ca390a6acfed9d1f0616f6a5586cc62b7b
3,deep,7,1000,800,200,10000,10000,0.5,224,51260911,51760911,1051760911,2051260911,3051260911,0.23892492185013703,0.9631504056180392,0.9650707261339418,0.010676854486677826,0.9276587038421934,-0.0034870259440887568,0.007432364495061821,0.9313615064406938,1.1102230246251565e-16,5.633389417170065e-07,1568,0.005,1,1,0.8002818822860718,1.0,-0.19971811771392822,0.19971811771392822,-0.8688596487045288,-1.0,0.1311403512954712,0.1311403512954712,0.40088436003292643,0.6674645406232103,0.6834660488365937,0.6634524464607239,29d62cbd72791af3f0b440dcf722d050bf6168e61da6f4815aee5d5d16853ba3
3,deep,7,1000,800,200,10000,10000,0.5,225,51260911,51760911,1051760911,2051260911,3051260911,0.23622716710885708,0.9565364193426034,0.9601521736035934,0.010588313228298063,0.9149619215287687,-0.0018290191406809867,0.003952284969515582,0.921892196475705,2.220446049250313e-16,4.843039373980673e-07,1575,0.005,1,1,0.8037298321723938,1.0,-0.1962701678276062,0.1962701678276062,-0.8685416579246521,-1.0,0.1314583420753479,0.1314583420753479,0.403446656002095,0.6755987504049951,0.6806836576443607,0.6720800399780273,7f74ed65519ed1272b76ffaa73d13b027fcb0a3e66b083cd7f1fcbefe7d45905
3,deep,7,1000,800,200,10000,10000,0.5,226,51260911,51760911,1051760911,2051260911,3051260911,0.2349554782732184,1.0036511739819567,1.008302490609533,0.010610292467906299,1.00731567903536,-0.00062602946693936,0.001230009813021754,1.0166739125693876,0.0,5.064509700503095e-07,1582,0.005,1,1,0.8057935237884521,1.0,-0.19420647621154785,0.19420647621154785,-0.8677580952644348,-1.0,0.13224190473556519,0.13224190473556519,0.4078450255666008,0.6825886108117873,0.6985566218567989,0.6780347228050232,f12788e9a0ecc15f77f4b451b590b655455a5cabc45583bd3a687c26b41a7983
3,deep,7,1000,800,200,10000,10000,0.5,227,51260911,51760911,1051760911,2051260911,3051260911,0.23497199059942853,0.9389846118712023,0.9458185672170284,0.010437360611154673,0.8816921013309124,0.0012216500752026327,-0.0027387282391576574,0.8945727620924725,2.220446049250313e-16,5.392449953234291e-07,1589,0.005,1,1,0.8044739365577698,1.0,-0.19552606344223022,0.19552606344223022,-0.8696873188018799,-1.0,0.13031268119812012,0.13031268119812012,0.4028490121668422,0.6667344152706388,0.6795663461779623,0.6657874584197998,18cadbe3af2fbda625b508571233033e7d4968cae0b6db4a8976acfdf5731288
3,deep,7,1000,800,200,10000,10000,0.5,228,51260911,51760911,1051760911,2051260911,3051260911,0.23184242009244246,1.0465683835040038,1.0548415473900572,0.010208360046665128,1.0953053813501834,0.0035884743517007735,-0.006491957932909332,1.1126906901002502,2.220446049250313e-16,5.324881300339257e-07,1596,0.005,1,1,0.8074461221694946,1.0,-0.19255387783050537,0.19255387783050537,-0.8708724975585938,-1.0,0.12912750244140625,0.12912750244140625,0.4140025966758699,0.6974042975472325,0.7095829893490292,0.6920362710952759,d6702b77773503d98f4db50b16774b0880ddff284677ebe589bf1a231c7ec599
3,deep,7,1000,800,200,10000,10000,0.5,229,51260911,51760911,1051760911,2051260911,3051260911,0.22917754829817305,0.934286732002885,0.936913469065491,0.009960291175002595,0.8728916975966308,-0.0025225701276503218,0.005714593521299374,0.8778068485163327,0.0,5.078368534583433e-07,1603,0.005,1,1,0.8095439672470093,1.0,-0.19045603275299072,0.19045603275299072,-0.8725290298461914,-1.0,0.1274709701538086,0.1274709701538086,0.4085988273450183,0.6532244163290178,0.6771583848157051,0.6477334499359131,3edc9f5ad8dfabcc67c476ad3b75e96891ea1f5765c8ae47f778c8c68db201d0
3,deep,7,1000,800,200,10000,10000,0.5,230,51260911,51760911,1051760911,2051260911,3051260911,0.22652483275535676,0.9633250465144312,0.9662205243258967,0.009949701683959736,0.927995145242031,-0.0021813726486899954,0.004651387884563149,0.9335821016286107,0.0,4.3182168241173713e-07,1610,0.005,1,1,0.8134030103683472,1.0,-0.18659698963165283,0.18659698963165283,-0.871566891670227,-1.0,0.12843310832977295,0.12843310832977295,0.3957626412255418,0.6697710019859434,0.6868779322257207,0.6638411283493042,2ca2efa19696bdf96ae28bf84907c3d10f6fa1a0c5086e4c5854774c7f910a4e
3,deep,7,1000,800,200,10000,10000,0.5,231,51260911,51760911,1051760911,2051260911,3051260911,0.2244232091371105,0.9968967083518699,1.0068951981575507,0.009817724689768065,0.9938030471227932,0.005108584130085853,-0.010180307689047999,1.013837940072733,0.0,4.951378951290053e-07,1617,0.005,1,1,0.8155081272125244,1.0,-0.18449187278747559,0.18449187278747559,-0.8722168803215027,-1.0,0.12778311967849731,0.12778311967849731,0.3986827127133623,0.671667770444747,0.6960724771431585,0.6681821346282959,2d6ca99df71366ee2b9dde07efe6930e37d950134a423e263a745d00742ac6cc
3,deep,7,1000,800,200,10000,10000,0.5,232,51260911,51760911,1051760911,2051260911,3051260911,0.22326313698255937,0.965921419620438,0.9669698046585744,0.009570564427178997,0.9330041888815623,-0.003772075093649933,0.008003768572007118,0.9350306031214415,0.0,4.920919920436972e-07,1624,0.005,1,1,0.8153820633888245,1.0,-0.18461793661117554,0.18461793661117554,-0.8744506239891052,-1.0,0.12554937601089478,0.12554937601089478,0.38953980699250373,0.6712090819649865,0.6842554732445868,0.6684238910675049,5a2a20329c7f32f420291f13f27a489fc1909907ec1ee361b30a3fc0f1527429
3,deep,7,1000,800,200,10000,10000,0.5,233,51260911,51760911,1051760911,2051260911,3051260911,0.22171174655828815,0.9941233894367122,0.9934461316471956,0.009704098383687607,0.988281313425137,-0.005525097662023762,0.011072501855532447,0.9869352164847772,1.1102230246251565e-16,4.0093509134919714e-07,1631,0.005,1,1,0.8186018466949463,1.0,-0.1813981533050537,0.1813981533050537,-0.8725213408470154,-1.0,0.12747865915298462,0.12747865915298462,0.3947742122941026,0.6717603181972421,0.6921881354781142,0.6659212112426758,b211e0893cac7a667209c56cd15ebe7f52b56aaa354be126ffc1b2fe407e380a
3,deep,7,1000,800,200,10000,10000,0.5,234,51260911,51760911,1051760911,2051260911,3051260911,0.2197597189223432,0.9375008708009229,0.9456119068330245,0.009711431666870874,0.8789078827524889,0.0027812819625143907,-0.006259782827997007,0.8941818783443887,2.220446049250313e-16,4.952983623240925e-07,1638,0.005,1,1,0.8214037418365479,1.0,-0.17859625816345215,0.17859625816345215,-0.8719464540481567,-1.0,0.12805354595184326,0.12805354595184326,0.4024900841463226,0.6664112174797816,0.6794720774264585,0.6651879549026489,103e9edd5d19a16c1e55ce10c800bd534c0898550464b3d6f98110f04d224b7a
3,deep,7,1000,800,200,10000,10000,0.5,235,51260911,51760911,1051760911,2051260911,3051260911,0.21872818909772768,0.9828625293480725,0.9843948691960364,0.009713002417544374,0.9660187515964908,-0.0033492477572768316,0.006865099436394186,0.9690332584994816,2.220446049250313e-16,4.630954659745612e-07,1645,0.005,1,1,0.822847843170166,1.0,-0.17715215682983398,0.17715215682983398,-0.8717068433761597,-1.0,0.12829315662384033,0.12829315662384033,0.39005464610066815,0.6826527139881909,0.6894659106881788,0.6784875988960266,76612a315baf9e0324051104574f201bd68e68718aea5201c2685f6d5aba4617
3,deep,7,1000,800,200,10000,10000,0.5,236,51260911,51760911,1051760911,2051260911,3051260911,0.21983527730401753,1.0011757914875328,1.0126589634140286,0.010380912635294408,1.0023529654606875,0.006372149043396597,-0.012584054273718441,1.0254781761827751,0.0,5.242657401538509e-07,1652,0.005,1,1,0.8253731727600098,1.0,-0.17462682723999023,0.17462682723999023,-0.8664596676826477,-1.0,0.1335403323173523,0.1335403323173523,0.3935106117361633,0.6799683370831682,0.6978843517269172,0.6757714748382568,3e2cf97c2febd8b3888866eec7ecc6b25bfed77760a813ec9737ad930395135a
3,deep,7,1000,800,200,10000,10000,0.5,237,51260911,51760911,1051760911,2051260911,3051260911,0.21787819830399383,0.968393075636048,0.9738313551434168,0.010146268491683359,0.9377851489398447,0.00020804541446777032,-0.00043894613184460274,0.9483475082604637,1.1102230246251565e-16,4.302101039854733e-07,1659,0.005,1,1,0.8266373872756958,1.0,-0.1733626127243042,0.1733626127243042,-0.8680291175842285,-1.0,0.13197088241577148,0.13197088241577148,0.3815695031919119,0.6721121895863444,0.686243169958251,0.6700786352157593,7c94a207f2cec521fcff80bb29e222f7aa4082ae4365d61d1ec5fc4e9378b1a0
3,deep,7,1000,800,200,10000,10000,0.5,238,51260911,51760911,1051760911,2051260911,3051260911,0.21848963357740242,0.9681777301114937,0.9710264016427436,0.009871665437961438,0.9373681170838442,-0.0021737549172753784,0.0045896613663929135,0.9428922726872548,0.0,5.362441548584229e-07,1666,0.005,1,1,0.8241772651672363,1.0,-0.17582273483276367,0.17582273483276367,-0.8702923059463501,-1.0,0.1297076940536499,0.1297076940536499,0.38384869723275294,0.6676649984230071,0.6860141311010016,0.6651803255081177,218c91fd703c763ada672f4beed1124147e5ad0e2144ead72a98a6a49453b9ae
3,deep,7,1000,800,200,10000,10000,0.5,239,51260911,51760911,1051760911,2051260911,3051260911,0.21937109868743776,0.9786682094339216,0.9769511422722866,0.009536169301221534,0.9577914641565983,-0.006447049535347122,0.013329608939840639,0.9544335343871256,0.0,5.202623505340398e-07,1673,0.005,1,1,0.8207665681838989,1.0,-0.17923343181610107,0.17923343181610107,-0.8735126256942749,-1.0,0.1264873743057251,0.1264873743057251,0.3904263011874838,0.6596309306694726,0.685378468587657,0.6553397178649902,b864e370b6ce599192e247dad039791a5d22aa30dcd12740ad41adc6e214498f
3,deep,7,1000,800,200,10000,10000,0.5,240,51260911,51760911,1051760911,2051260911,3051260911,0.21951810367215877,1.009702977683482,1.0061276006465478,0.009297381272774663,1.01950010314289,-0.008252367816442688,0.01604274493561745,1.0122927487827793,0.0,5.115084285023386e-07,1680,0.005,1,1,0.8188259601593018,1.0,-0.18117403984069824,0.18117403984069824,-0.8760477304458618,-1.0,0.12395226955413818,0.12395226955413818,0.4023506832026179,0.6773710206107251,0.6951215060239777,0.6735612154006958,e5d020b7e1eafc9cbf421f6d6f18c55ad95b659f6cae9fde51741c851263e856
3,deep,7,1000,800,200,10000,10000,0.5,241,51260911,51760911,1051760911,2051260911,3051260911,0.21919666465255186,1.0091287599016276,1.0201227881980626,0.009363754529593035,1.0183408540605967,0.006472947205399665,-0.012596902166818705,1.0406505030009892,0.0,4.854665540676706e-07,1687,0.005,1,1,0.8197900056838989,1.0,-0.18020999431610107,0.18020999431610107,-0.8752140402793884,-1.0,0.12478595972061157,0.12478595972061157,0.40712099433881277,0.6823024763624369,0.6995278236657688,0.6797264814376831,c2226813dd4f897aeae187ff56bc6ab5aa41e5da466f8c7a351bac8168ee8178
3,deep,7,1000,800,200,10000,10000,0.5,242,51260911,51760911,1051760911,2051260911,3051260911,0.21737649279035068,1.0692759036730493,1.0783290810022628,0.009075400788628304,1.1433509581758163,0.005183623985370059,-0.008996017741260269,1.1627936069351847,0.0,4.899642380706837e-07,1694,0.005,1,1,0.8202722072601318,1.0,-0.17972779273986816,0.17972779273986816,-0.8777279257774353,-1.0,0.1222720742225647,0.1222720742225647,0.4087496949601428,0.6976758000576001,0.7181050506032339,0.6914855241775513,589f4fe1e0cfce11eea04f701e8757910864d55ec68cb938cabbc4198ef2431f
3,deep,7,1000,800,200,10000,10000,0.5,243,51260911,51760911,1051760911,2051260911,3051260911,0.21584025216347066,0.9882075097081058,0.9897289013195868,0.008521365448559302,0.9765540822434959,-0.0027560747923894226,0.005595662340070829,0.9795632981072764,0.0,5.386571579890642e-07,1701,0.005,1,1,0.8177250623703003,1.0,-0.1822749376296997,0.1822749376296997,-0.8844021558761597,-1.0,0.11559784412384033,0.11559784412384033,0.39437878232166584,0.672110460224577,0.6898992461009088,0.669005274772644,46b343aa9ba25e31039199a388c1c3f61f972de60ca506bf8dd5e8c0d8c85240
3,deep,7,1000,800,200,10000,10000,0.5,244,51260911,51760911,1051760911,2051260911,3051260911,0.2151198500138128,0.9865621969942956,0.986605902196861,0.008512398405105617,0.9733049685382114,-0.004213080346817473,0.008582207829413362,0.973391206249682,0.0,4.932772146304387e-07,1708,0.005,1,1,0.8188243508338928,1.0,-0.18117564916610718,0.18117564916610718,-0.8840175271034241,-1.0,0.11598247289657593,0.11598247289657593,0.3889484165469483,0.6757051031653858,0.6928804114810516,0.6707188487052917,7c580a4cc3a043d06be93879680580e7c416a0205b99215c2f7fe90489f05565
3,deep,7,1000,800,200,10000,10000,0.5,245,51260911,51760911,1051760911,2051260911,3051260911,0.21511404614923418,1.0108459470661857,1.01018907099813,0.00836224837259135,1.0218095287001339,-0.004844908954330302,0.009406021524094373,1.0204819591640648,2.220446049250313e-16,4.874873980043049e-07,1715,0.005,1,1,0.8172081112861633,1.0,-0.18279188871383667,0.18279188871383667,-0.8865928649902344,-1.0,0.11340713500976562,0.11340713500976562,0.40069856932021863,0.6682368415704164,0.6940322675310525,0.6610813140869141,c0a265e820a0d886e3403e93b8777d0877fb061774dfd0f00c31b6b539e53f09
3,deep,7,1000,800,200,10000,10000,0.5,246,51260911,51760911,1051760911,2051260911,3051260911,0.2149746434474235,0.9980203655134728,1.0031532937652357,0.008528584544005274,0.996044649979646,0.0008716481341950024,-0.0017353600598533179,1.0063165307920412,-2.220446049250313e-16,5.676868948256697e-07,1722,0.005,1,1,0.8192214965820312,1.0,-0.18077850341796875,0.18077850341796875,-0.8836675882339478,-1.0,0.11633241176605225,0.11633241176605225,0.38026738051976977,0.6746071327091809,0.6950614011011117,0.6685693860054016,58b74bde2b8bebd2e125cefc86f80733d3049159464d56cd41e3cac44c022d57
3,deep,7,1000,800,200,10000,10000,0.5,247,51260911,51760911,1051760911,2051260911,3051260911,0.21394116139415056,1.0486585872720087,1.05928261942771,0.008633568456030832,1.099684832659325,0.006880633353137677,-0.012416347768318842,1.122079667821631,-2.220446049250313e-16,4.880718282862517e-07,1729,0.005,1,1,0.8218104839324951,1.0,-0.17818951606750488,0.17818951606750488,-0.8815968036651611,-1.0,0.11840319633483887,0.11840319633483887,0.41269941262406035,0.6952902655585419,0.7121117378027222,0.6921541690826416,a3180b7200c2b0ad60b315286564dba30c9c9cf07d545422bd52ade665dd9745
3,deep,7,1000,800,200,10000,10000,0.5,248,51260911,51760911,1051760911,2051260911,3051260911,0.21368133995448035,0.9900558956179238,0.9939217803234756,0.008417787123568827,0.9802106764478092,-0.0003739790849954535,0.0007565614359199615,0.9878805054013872,1.1102230246251565e-16,5.047170716920846e-07,1736,0.005,1,1,0.820224940776825,1.0,-0.17977505922317505,0.17977505922317505,-0.8844982981681824,-1.0,0.11550170183181763,0.11550170183181763,0.3848187333430823,0.6761390626413847,0.6914398762463707,0.6728341579437256,b8dc9fd209e6d666ce435acf837962640bb8643d5b0c7cc9029f213eebbc5f1d
3,deep,7,1000,800,200,10000,10000,0.5,249,51260911,51760911,1051760911,2051260911,3051260911,0.21260778952061224,1.0510555168536906,1.047875827315975,0.00827346423127464,1.1047176995085788,-0.007473707133357306,0.013429948730669676,1.0980437494731388,-2.220446049250313e-16,5.032440917318581e-07,1743,0.005,1,1,0.8205122947692871,1.0,-0.1794877052307129,0.1794877052307129,-0.8860428333282471,-1.0,0.11395716667175293,0.11395716667175293,0.41921308977324323,0.6929128420216776,0.7076145865399949,0.6876536011695862,950d7486016e21e104fdd4aa3e3bf1e05bd2fd8bf9c710e5c565e9f1425c926f
3,deep,7,1000,800,200,10000,10000,0.5,250,51260911,51760911,1051760911,2051260911,3051260911,0.21223516016951013,0.9886984558914573,0.9914559516628727,0.00838982629962054,0.9775246366821521,-0.00146477944701998,0.002971412839588419,0.9829849040877325,-1.1102230246251565e-16,5.389773338748682e-07,1750,0.005,1,1,0.8222695589065552,1.0,-0.17773044109344482,0.17773044109344482,-0.8840014934539795,-1.0,0.11599850654602051,0.11599850654602051,0.40132940128044176,0.6684841671991151,0.6891894602173364,0.6647578477859497,1ae71129e6500a30049989910add382be6c8ed08e59b39bb37e1e9365f021c53
3,deep,7,1000,800,200,10000,10000,0.5,251,51260911,51760911,1051760911,2051260911,3051260911,0.2120929647204575,1.0545183439779477,1.0602565267345878,0.008579424853913817,1.1120089377859934,0.0017777699216921406,-0.0031729223343066504,1.1241439024832915,2.220446049250313e-16,5.090201113944204e-07,1757,0.005,1,1,0.8241508603096008,1.0,-0.17584913969039917,0.17584913969039917,-0.8814229965209961,-1.0,0.1185770034790039,0.1185770034790039,0.3944250731510377,0.6944638693009874,0.711691699485866,0.6894197463989258,f44b73f3d56520e4908fe4f236b73b03dee227fcc65fc90ae0c0b0ce1ec93da5
3,deep,7,1000,800,200,10000,10000,0.5,252,51260911,51760911,1051760911,2051260911,3051260911,0.2123282507335073,1.0079868079101435,1.0145656630126623,0.008775269816280316,1.0160374049208805,0.002265404913581206,-0.004421110256393397,1.029343484564323,-2.220446049250313e-16,4.874586014835813e-07,1764,0.005,1,1,0.8253544569015503,1.0,-0.1746455430984497,0.1746455430984497,-0.8792431354522705,-1.0,0.12075686454772949,0.12075686454772949,0.3779571485029459,0.6789496311408999,0.6986463083902639,0.6733647584915161,a8ce20b2177a748140f706cca9c9bad7300a9faabf962c442ccabc4060449216
3,deep,7,1000,800,200,10000,10000,0.5,253,51260911,51760911,1051760911,2051260911,3051260911,0.20973500864867484,1.0089996982673817,1.0102743397784053,0.008729442699401605,1.0180803911036673,-0.0030777960941881055,0.005994870701205991,1.0206542416146926,0.0,5.108222751459834e-07,1771,0.005,1,1,0.8287308216094971,1.0,-0.17126917839050293,0.17126917839050293,-0.8789395093917847,-1.0,0.12106049060821533,0.12106049060821533,0.37374476173811144,0.6804029727399526,0.6971363499364351,0.6754217147827148,ae325a2000c273a293da3e1a2eb4551ddda4af3b0838333719abd72e8439e613
3,deep,7,1000,800,200,10000,10000,0.5,254,51260911,51760911,1051760911,2051260911,3051260911,0.2096533999968798,1.003354638205458,1.0067096755017586,0.008947421289001304,1.0067205300084052,-0.0011017902742753336,0.002169587556381818,1.013464370748856,2.220446049250313e-16,4.7278326853472663e-07,1778,0.005,1,1,0.8303566575050354,1.0,-0.1696433424949646,0.1696433424949646,-0.8768103718757629,-1.0,0.12318962812423706,0.12318962812423706,0.3730943979115991,0.682419800508115,0.6966627655505259,0.6780567765235901,07a32ddb3bd82fcb4a5e918ea43df4514b73637ff14ae09d15371919e83f6322
3,deep,7,1000,800,200,10000,10000,0.5,255,51260911,51760911,1051760911,2051260911,3051260911,0.2113815517846036,1.0274168631044716,1.0342872413445463,0.00902466748726335,1.0555854105914324,0.0025700097647080858,-0.004828077091560486,1.0697500976081118,-2.220446049250313e-16,5.123106969762148e-07,1785,0.005,1,1,0.8284828066825867,1.0,-0.17151719331741333,0.17151719331741333,-0.8764523863792419,-1.0,0.12354761362075806,0.12354761362075806,0.37237256386128614,0.693760149331625,0.7046058260681742,0.6898790597915649,d8f9d971fcf615a8878c10ea31e94908edc202e7844c48e2f73edbcb8482d568
3,deep,7,1000,800,200,10000,10000,0.5,256,51260911,51760911,1051760911,2051260911,3051260911,0.21027741989687004,1.0263331077319744,1.0289072169188804,0.008926425102742375,1.0533596480267726,-0.0018180060508794882,0.0034228181972180203,1.058650061027756,0.0,4.5707570883735116e-07,1792,0.005,1,1,0.8293499946594238,1.0,-0.17065000534057617,0.17065000534057617,-0.8771376013755798,-1.0,0.12286239862442017,0.12286239862442017,0.37084001136360795,0.6888956841200504,0.7030108052668784,0.6837775707244873,5bbb9b9e68046fa7af6135e617c0eceb7bc341e8212f93160907e77fe0ef86ca
3,deep,7,1000,800,200,10000,10000,0.5,257,51260911,51760911,1051760911,2051260911,3051260911,0.20776229943814845,1.0237266906813975,1.0298669149380497,0.00891844433970324,1.0480163372134856,0.001845540465413568,-0.003492250416248968,1.060625862484016,0.0,4.90298845079451e-07,1799,0.005,1,1,0.8327599167823792,1.0,-0.16724008321762085,0.16724008321762085,-0.8767282366752625,-1.0,0.12327176332473755,0.12327176332473755,0.37321026751962505,0.687972858621318,0.700945249010525,0.6845180988311768,d8e9f368ce8ca25fb5f66d9e15a8827841df569f418c7b36be1a769b867e6229
3,deep,7,1000,800,200,10000,10000,0.5,258,51260911,51760911,1051760911,2051260911,3051260911,0.20661814896305536,1.0033544457473156,1.0049214651457605,0.008722805648945502,1.0067201438009028,-0.002787899169573185,0.00549100108693182,1.0098671511107018,0.0,4.6223262373246143e-07,1806,0.005,1,1,0.8330329060554504,1.0,-0.16696709394454956,0.16696709394454956,-0.878291130065918,-1.0,0.12170886993408203,0.12170886993408203,0.37666339936928495,0.6777641418833649,0.6928461263301402,0.6731781959533691,fbdac56cc3b6a378ae0281ddc1659a1c1dfb704a44f6d3cd92241e4e73d9ed89
3,deep,7,1000,800,200,10000,10000,0.5,259,51260911,51760911,1051760911,2051260911,3051260911,0.20669694794985563,1.0474271283949579,1.0396155509282536,0.008592123934233777,1.0971035892977075,-0.01244760975004252,0.022515434583097443,1.0808004937318563,2.220446049250313e-16,4.7218495602407984e-07,1813,0.005,1,1,0.8320260047912598,1.0,-0.16797399520874023,0.16797399520874023,-0.8795493245124817,-1.0,0.12045067548751831,0.12045067548751831,0.4243762970539363,0.686892874273787,0.7018980723808369,0.6808961629867554,c820dae027e968f89f834cd938fb8e54db2ea68234239e445ab2e2cdf07ced95
3,deep,7,1000,800,200,10000,10000,0.5,260,51260911,51760911,1051760911,2051260911,3051260911,0.20436591289800068,0.9914889660062385,0.9931175641287746,0.008628689509280292,0.9830503697121199,-0.002698281520164822,0.005441844304513865,0.9862824961810708,2.220446049250313e-16,4.769894630385352e-07,1820,0.005,1,1,0.8354902267456055,1.0,-0.16450977325439453,0.16450977325439453,-0.87874835729599,-1.0,0.12125164270401001,0.12125164270401001,0.3840411931758706,0.6752343813139965,0.6917970088432321,0.6704434156417847,0ee250d43a017aa57f4c28899b2f8348f7ec6422e03f32fa26f3133ed0a8b5d5
3,deep,7,1000,800,200,10000,10000,0.5,261,51260911,51760911,1051760911,2051260911,3051260911,0.20431980087572965,1.0227620151444685,1.0278464164956995,0.008653014769435783,1.046042139622374,0.0008865507556204008,-0.0016811507134146845,1.056468255903051,4.440892098500626e-16,4.457208362396159e-07,1827,0.005,1,1,0.8357133865356445,1.0,-0.16428661346435547,0.16428661346435547,-0.8785237073898315,-1.0,0.12147629261016846,0.12147629261016846,0.37217877895417034,0.6949305765176949,0.7028218653884906,0.6915266513824463,c330f50fe84c973c25742018da2269dbeb1aaa80d8c89112f0bc0d5fdcd0561c
3,deep,7,1000,800,200,10000,10000,0.5,262,51260911,51760911,1051760911,2051260911,3051260911,0.20463089612390195,1.0620525868308812,1.0678442026297847,0.008571024273029613,1.1279556971941664,0.0018822598114224612,-0.0033123019034564587,1.140291241090041,0.0,5.283623885077304e-07,1834,0.005,1,1,0.8347418308258057,1.0,-0.16525816917419434,0.16525816917419434,-0.879320502281189,-1.0,0.12067949771881104,0.12067949771881104,0.38843501384924733,0.701921080565821,0.7156946462784173,0.696153998374939,95180f6fa1ce37f21ff8e53d11333cb4706fa61cb9abb70f714bc469d593e916
3,deep,7,1000,800,200,10000,10000,0.5,263,51260911,51760911,1051760911,2051260911,3051260911,0.20372421669806703,1.0075174965481943,1.0121032756019146,0.008264356540012452,1.0150915058507406,0.0004985890466862162,-0.0009744196813832049,1.0243530404841252,-2.220446049250313e-16,4.445150185716784e-07,1841,0.005,1,1,0.833846390247345,1.0,-0.16615360975265503,0.16615360975265503,-0.882116436958313,-1.0,0.11788356304168701,0.11788356304168701,0.38932217680955616,0.6748076021669366,0.6950987499757829,0.671642541885376,e6ab54afccfeb2ccf80bc3b4b8407ada6da30acb50d1b7f418759a26b55fc486
3,deep,7,1000,800,200,10000,10000,0.5,264,51260911,51760911,1051760911,2051260911,3051260911,0.20292070081389096,1.0124780610672606,1.0102279868323196,0.00821163700837148,1.0251118241425192,-0.0063814378858047935,0.012351288102366903,1.0205605853792812,0.0,4.518576641743266e-07,1848,0.005,1,1,0.8345924019813538,1.0,-0.16540759801864624,0.16540759801864624,-0.8824536800384521,-1.0,0.11754631996154785,0.11754631996154785,0.38865708524787124,0.682558552211264,0.6958331493025931,0.6767624616622925,05b7c90a37f46b9b4c1d405eca565ca49fd33f827a1dd130348d269581932d36
3,deep,7,1000,800,200,10000,10000,0.5,265,51260911,51760911,1051760911,2051260911,3051260911,0.2018426141392045,1.0222037994496467,1.024193024050696,0.007898577455723178,1.0449006076092935,-0.0019139172754535291,0.003635863899980761,1.0489713505141096,0.0,4.6875754833308747e-07,1855,0.005,1,1,0.8337265253067017,1.0,-0.16627347469329834,0.16627347469329834,-0.8855728507041931,-1.0,0.11442714929580688,0.11442714929580688,0.37021622926698017,0.6965052238221182,0.7002148626672708,0.6924223303794861,57ad595d5623e4b0c7b95f199ace731d81e153a7a175e27c73749f4d4ded3696
3,deep,7,1000,800,200,10000,10000,0.5,266,51260911,51760911,1051760911,2051260911,3051260911,0.2001667930294318,1.0300479385270969,1.033712791708148,0.007662123698236249,1.0609987556639218,-4.9371810552808173e-05,9.239939723867554e-05,1.0685621357410529,4.440892098500626e-16,4.6820231247579613e-07,1862,0.005,1,1,0.8342168927192688,1.0,-0.1657831072807312,0.1657831072807312,-0.8878273367881775,-1.0,0.11217266321182251,0.11217266321182251,0.36877944352687614,0.6888782663496551,0.7023036840545241,0.685387372970581,abb80713935ba98fbc59bf4e78c21321165301bf0beb74f9b67fff7143c732bf
3,deep,7,1000,800,200,10000,10000,0.5,267,51260911,51760911,1051760911,2051260911,3051260911,0.19828672808468456,1.0519462342036952,1.0583870043772952,0.00752806555196029,1.1065908796553354,0.0030320529137244402,-0.005442960873733799,1.1201830510347446,0.0,4.2385547693868375e-07,1869,0.005,1,1,0.835854172706604,1.0,-0.164145827293396,0.164145827293396,-0.8887625336647034,-1.0,0.11123746633529663,0.11123746633529663,0.37778185549087867,0.6970074484931785,0.7105559846077792,0.6928426623344421,8c3013dd01fd36091bccd5555fad3db89d5342a25e3222a392dcb885572e7779
3,deep,7,1000,800,200,10000,10000,0.5,268,51260911,51760911,1051760911,2051260911,3051260911,0.198182332405981,1.0382380510293034,1.0458373949578437,0.0074872795835320485,1.0779382506051267,0.0041751632517749715,-0.007693136259747424,1.0937758566922087,0.0,4.921019076675748e-07,1876,0.005,1,1,0.8356520533561707,1.0,-0.16434794664382935,0.16434794664382935,-0.8892480731010437,-1.0,0.1107519268989563,0.1107519268989563,0.3836400143859028,0.6979210214481342,0.7069055388316826,0.6948166489601135,a750a8b25e53afc2e113168be04373c000fac34cbda91b9be5588da707bd9845
3,deep,7,1000,800,200,10000,10000,0.5,269,51260911,51760911,1051760911,2051260911,3051260911,0.19595319037466377,1.0739885917633194,1.0853575361170889,0.00754217934610821,1.153451495237758,0.008503653311145897,-0.014648922724223893,1.178000981206158,2.220446049250313e-16,5.151068247499779e-07,1883,0.005,1,1,0.8393760323524475,1.0,-0.1606239676475525,0.1606239676475525,-0.8877609968185425,-1.0,0.11223900318145752,0.11223900318145752,0.40905835935718016,0.7039088434905435,0.7197610324914314,0.6985278129577637,9ef60c052fc73c68a48a618a563e454b67b12584dfa8db0d55485b4b5559304d
3,deep,7,1000,800,200,10000,10000,0.5,270,51260911,51760911,1051760911,2051260911,3051260911,0.1960407188857339,1.0031075584663685,1.0028500022129914,0.007232384836582113,1.0062247738523586,-0.003874515875172179,0.0076461364783972675,1.0057081269385966,2.220446049250313e-16,4.503755519635888e-07,1890,0.005,1,1,0.8365592956542969,1.0,-0.16344070434570312,0.16344070434570312,-0.8917452096939087,-1.0,0.10825479030609131,0.10825479030609131,0.37557000714505784,0.6726962595366538,0.6935462558343792,0.6677531003952026,7d1bfd1d23c18d1ec9dc253d2bed5f9f76b4af102ed60f4d75910363aab5e584
3,deep,7,1000,800,200,10000,10000,0.5,271,51260911,51760911,1051760911,2051260911,3051260911,0.19593198385723323,1.0579641446165267,1.05326834514676,0.007063601220869984,1.1192881312941791,-0.008488762813427463,0.015073023050220317,1.109374206888194,-2.220446049250313e-16,4.842635146218299e-07,1897,0.005,1,1,0.835006833076477,1.0,-0.16499316692352295,0.16499316692352295,-0.8943278789520264,-1.0,0.10567212104797363,0.10567212104797363,0.41950822219960243,0.6758613651759324,0.7066746567389984,0.6716023087501526,92ba376d2c1cd695a77d1807534a19e33038f7ea40a1f040ee2a1ae011612d50
3,deep,7,1000,800,200,10000,10000,0.5,272,51260911,51760911,1051760911,2051260911,3051260911,0.19503713165684564,1.0454899115959644,1.0530853674499423,0.007283611151611143,1.0930491552489374,0.004328012368315571,-0.007866733592735828,1.1089887911371799,0.0,4.745960460184051e-07,1904,0.005,1,1,0.838546633720398,1.0,-0.16145336627960205,0.16145336627960205,-0.8905820250511169,-1.0,0.10941797494888306,0.10941797494888306,0.3833811797855944,0.6937229961467586,0.708780696016818,0.6898012161254883,4e4aabe729e92551835924ac9caf6855e8dea7b414bcbbdee839cb3ea5fa0fd1
3,deep,7,1000,800,200,10000,10000,0.5,273,51260911,51760911,1051760911,2051260911,3051260911,0.1943191130850619,1.1006144679386785,1.1116732021055533,0.007374254205083595,1.2113522070359404,0.00854542351929516,-0.014023529956990336,1.2358173082796144,0.0,5.044076551996568e-07,1911,0.005,1,1,0.8403691649436951,1.0,-0.15963083505630493,0.15963083505630493,-0.8891942501068115,-1.0,0.11080574989318848,0.11080574989318848,0.4131535285081254,0.7103805339318078,0.727108532297743,0.7056789994239807,2f587fbddab099ef947797a4b9c1eb173b70eaef07c8f6aa3c97cf197b69a199
3,deep,7,1000,800,200,10000,10000,0.5,274,51260911,51760911,1051760911,2051260911,3051260911,0.19238469776513725,1.0401901852261544,1.0379963665020389,0.006995353145150674,1.0819956214408213,-0.005777258857268402,0.010610297040275989,1.077436456871435,-2.220446049250313e-16,5.253855288600562e-07,1918,0.005,1,1,0.8398981094360352,1.0,-0.16010189056396484,0.16010189056396484,-0.8933264017105103,-1.0,0.10667359828948975,0.10667359828948975,0.38717507690024006,0.6816499810852765,0.7010465259054188,0.6729681491851807,435ef277c3605c95b55b428a863945da1146f23c0dd198f18f86f0e90a39a9e0
3,deep,7,1000,800,200,10000,10000,0.5,275,51260911,51760911,1051760911,2051260911,3051260911,0.1896366858173581,1.0125898714739856,1.0119368259525328,0.006990786272963706,1.0253382478117026,-0.004156447182889768,0.008052562788908015,1.0240161397188867,0.0,4.718421049432209e-07,1925,0.005,1,1,0.8439414501190186,1.0,-0.15605854988098145,0.15605854988098145,-0.8922604918479919,-1.0,0.10773950815200806,0.10773950815200806,0.37755474275572887,0.6761478113726973,0.6954416263279696,0.6691120862960815,e1fdbf6d253172fbb9980199a0226f8c5ddd29b9c1143631561f53e3bc377a45
3,deep,7,1000,800,200,10000,10000,0.5,276,51260911,51760911,1051760911,2051260911,3051260911,0.18843654877708388,1.0615031399861856,1.0686950841308596,0.007038587204758798,1.1267889162005318,0.004140839720087146,-0.007304179352945169,1.142109182845465,2.220446049250313e-16,4.5405175441715073e-07,1932,0.005,1,1,0.8460593819618225,1.0,-0.1539406180381775,0.1539406180381775,-0.8913233280181885,-1.0,0.10867667198181152,0.10867667198181152,0.3802090364733488,0.6908868714909281,0.7112556422483187,0.6840965151786804,230118c989fd717ca57a1b3e7b2331ff4c99eb102c7d112c3d9d590ad122a6eb
3,deep,7,1000,800,200,10000,10000,0.5,277,51260911,51760911,1051760911,2051260911,3051260911,0.18902728310596353,1.0374144421926108,1.040745600120785,0.006866022089237427,1.076228724869806,2.832860586487076e-05,-5.2310485198839194e-05,1.083151404170773,0.0,4.69718601792124e-07,1939,0.005,1,1,0.8437420725822449,1.0,-0.15625792741775513,0.15625792741775513,-0.8936290740966797,-1.0,0.10637092590332031,0.10637092590332031,0.37137655526913416,0.6853179606905329,0.7024953489752463,0.6792800426483154,8ed83db8049443850521200ecac87bfd72fdb0edfe1cc3c5d17864733a275aa4
3,deep,7,1000,800,200,10000,10000,0.5,278,51260911,51760911,1051760911,2051260911,3051260911,0.1864316089420406,1.0524140302529896,1.0586786120809357,0.006802637663747705,1.1075752910733407,0.003211237470263888,-0.005763282612574975,1.1208004036776165,2.220446049250313e-16,4.7319653084798574e-07,1946,0.005,1,1,0.8469753861427307,1.0,-0.1530246138572693,0.1530246138572693,-0.893509566783905,-1.0,0.10649043321609497,0.10649043321609497,0.38123149339544427,0.7029059112733584,0.7121941587504882,0.6991931200027466,5f9f873f2ccc7df9932767980f617beb727bf2b4c44ddd56fa279a27bd718db5
3,deep,7,1000,800,200,10000,10000,0.5,279,51260911,51760911,1051760911,2051260911,3051260911,0.18633778049074556,1.0460710902563406,1.0470730634056016,0.006723842608962888,1.094264725870089,-0.00231328418473074,0.004202194738363905,1.0963620001095908,4.440892098500626e-16,4.923552676672216e-07,1953,0.005,1,1,0.8464298248291016,1.0,-0.15357017517089844,0.15357017517089844,-0.8944634199142456,-1.0,0.1055365800857544,0.1055365800857544,0.36626043231847205,0.6885152871992222,0.7038544046940274,0.681705117225647,6b1d8fa38553d41fe1a4c41b259c83ad6c2994691cb236c638c8b903f25a8d8b
3,deep,7,1000,800,200,10000,10000,0.5,280,51260911,51760911,1051760911,2051260911,3051260911,0.1871135915232946,1.0596064640941543,1.0554097033013505,0.0066930069192252944,1.1227658587501164,-0.007784611923348521,0.013784675405128973,1.1138896418226447,2.220446049250313e-16,4.771241535195259e-07,1960,0.005,1,1,0.8450058102607727,1.0,-0.1549941897392273,0.1549941897392273,-0.8951749205589294,-1.0,0.10482507944107056,0.10482507944107056,0.3976238628752283,0.6855004598560379,0.7070731398453729,0.6808443665504456,edc29f2b2ebe43d8b06b970b53b403a5fca1227f2e8d0533bc236cc9b9c258d2
3,deep,7,1000,800,200,10000,10000,0.5,281,51260911,51760911,1051760911,2051260911,3051260911,0.18730888552599412,1.0414978058404556,1.0443523500189076,0.006851331689811198,1.0847176795704832,-0.00044859013513967605,0.0008219180473468127,1.090671830990015,0.0,4.5813813898121225e-07,1967,0.005,1,1,0.8461241126060486,1.0,-0.15387588739395142,0.15387588739395142,-0.893197238445282,-1.0,0.10680276155471802,0.10680276155471802,0.3622216630501114,0.6880133171164576,0.7039510654677335,0.681579053401947,308422c2b101485dc150366e00dd0aa3781678408b3ff5c72c5755c0a011a688
3,deep,7,1000,800,200,10000,10000,0.5,282,51260911,51760911,1051760911,2051260911,3051260911,0.18646871085803074,1.070788786473918,1.0789728398362783,0.00686794002816392,1.1465886252382862,0.005362911918956523,-0.009298853689766259,1.164182389104363,-2.220446049250313e-16,4.820043724151901e-07,1974,0.005,1,1,0.8474674820899963,1.0,-0.15253251791000366,0.15253251791000366,-0.8927413821220398,-1.0,0.1072586178779602,0.1072586178779602,0.3923284675822215,0.7077642213613966,0.7136194460191155,0.7035890817642212,8fd0174f3164c050c1916b86a042630b3bcccd95df69751e035bdeba7d3b1cae
3,deep,7,1000,800,200,10000,10000,0.5,283,51260911,51760911,1051760911,2051260911,3051260911,0.18549393856873167,1.0307323691636905,1.032723816894553,0.006641717051076249,1.0624092168417942,-0.0012662259558081338,0.002368878629940044,1.0665184819812543,2.220446049250313e-16,4.2298870184254156e-07,1981,0.005,1,1,0.8469346165657043,1.0,-0.15306538343429565,0.15306538343429565,-0.8952193260192871,-1.0,0.10478067398071289,0.10478067398071289,0.3745219515620374,0.6915975152895677,0.7027298872761346,0.6847312450408936,1bf363e1990affbf693c44283e614659f199f06d06cec68bb43702d82e1210af
3,deep,7,1000,800,200,10000,10000,0.5,284,51260911,51760911,1051760911,2051260911,3051260911,0.18690420919013156,1.0363907212124788,1.0386972843580466,0.006559159730291729,1.074105727015322,-0.0008864191064165686,0.0016405069088271948,1.0788920485327806,0.0,4.879065791385528e-07,1988,0.005,1,1,0.8440272808074951,1.0,-0.15597271919250488,0.15597271919250488,-0.8970160484313965,-1.0,0.10298395156860352,0.10298395156860352,0.3670860067355815,0.679448802659069,0.7025207985039122,0.67323899269104,10fb32babfd8dff7c48367a45de9ebe83f915124bce8d2b75c4796b6d1547da7
3,deep,7,1000,800,200,10000,10000,0.5,285,51260911,51760911,1051760911,2051260911,3051260911,0.18679054495610203,1.0712020428777456,1.0751266529109693,0.006695891779475863,1.1474738166654552,0.0008638056773062878,-0.0014968434381632406,1.1558973197995437,0.0,5.257900284050265e-07,1995,0.005,1,1,0.8455126881599426,1.0,-0.15448731184005737,0.15448731184005737,-0.8950029611587524,-1.0,0.10499703884124756,0.10499703884124756,0.36906146509492566,0.704057751039946,0.7146317563809275,0.6975106000900269,8109c7bbd30ae93a807caa59147b4248c6a33e21e37d40cf32097ef521d049bf
3,deep,7,1000,800,200,10000,10000,0.5,286,51260911,51760911,1051760911,2051260911,3051260911,0.18816281651759154,1.0558406745988413,1.0605855897258387,0.0066721772124438755,1.1147995301373366,0.0016850428921624501,-0.0030050564470226002,1.1248417931341053,0.0,4.346880366767891e-07,2002,0.005,1,1,0.8432201743125916,1.0,-0.15677982568740845,0.15677982568740845,-0.8959551453590393,-1.0,0.1040448546409607,0.1040448546409607,0.3678885590791735,0.6918402036784738,0.7089814945191371,0.6852572560310364,9973f05dcd8c87ec3a66d846adfd43dba0605422619d242e119dabee76428378
3,deep,7,1000,800,200,10000,10000,0.5,287,51260911,51760911,1051760911,2051260911,3051260911,0.187734107528524,1.052305064209865,1.0537829105600276,0.006509443262569326,1.107345948161728,-0.0016984844179671985,0.0030497395461637623,1.1104584225883631,0.0,4.926205399158334e-07,2009,0.005,1,1,0.8421884775161743,1.0,-0.15781152248382568,0.15781152248382568,-0.8983160853385925,-1.0,0.10168391466140747,0.10168391466140747,0.36313516797487305,0.6855862185040579,0.7051888963161663,0.6778343319892883,94202c69bb9a0b7c5e287a4c5bbc8a432f6c02d336440a5f96d190e0bce209ac
3,deep,7,1000,800,200,10000,10000,0.5,288,51260911,51760911,1051760911,2051260911,3051260911,0.18527053722701478,1.0543603262193824,1.0529211662702307,0.00633835943324513,1.1116756975054423,-0.004685537279412429,0.008381893322955575,1.1086429823798627,2.220446049250313e-16,4.6368150030673405e-07,2016,0.005,1,1,0.8442439436912537,1.0,-0.15575605630874634,0.15575605630874634,-0.8996744155883789,-1.0,0.1003255844116211,0.1003255844116211,0.3777414657799445,0.6803107475095718,0.7059139096915659,0.6741521954536438,71419c6a48c55118cec76338d357c31960a639a4ff00efed83c96733181fd4fd
3,deep,7,1000,800,200,10000,10000,0.5,289,51260911,51760911,1051760911,2051260911,3051260911,0.18373964862328074,1.0798382951632723,1.0803461099022236,0.0064376364390204615,1.1660507437011223,-0.002670331479637828,0.004554981567183897,1.1671477171808673,2.220446049250313e-16,4.81300864052514e-07,2023,0.005,1,1,0.847646951675415,1.0,-0.15235304832458496,0.15235304832458496,-0.8972926139831543,-1.0,0.1027073860168457,0.1027073860168457,0.3721272665747359,0.6990641545717625,0.7149523837972502,0.6933712959289551,ae982164b5ba111b75e318fe2b4a13097aef55f39ed767bbdc3ca867446d91aa
3,deep,7,1000,800,200,10000,10000,0.5,290,51260911,51760911,1051760911,2051260911,3051260911,0.1863837812436752,1.0559511674919377,1.0582221970691525,0.00645681207018221,1.1150328681275863,-0.000827730913952114,0.0014761275624152837,1.1198342183698642,0.0,5.299767664723731e-07,2030,0.005,1,1,0.8437718152999878,1.0,-0.1562281847000122,0.1562281847000122,-0.8983551859855652,-1.0,0.10164481401443481,0.10164481401443481,0.36911921947071874,0.6800116126690265,0.7061464263869971,0.673744797706604,638f50b45181b3cb8aaf849fbf8f595ec7cd510df65989d007c78228dee5b10b
3,deep,7,1000,800,200,10000,10000,0.5,291,51260911,51760911,1051760911,2051260911,3051260911,0.18846837067290215,1.066227951356949,1.0670696143559961,0.006459293968660429,1.1368420442548366,-0.0023318881708214415,0.004079218825099625,1.138637561881854,-2.220446049250313e-16,4.857503217436943e-07,2037,0.005,1,1,0.8403753638267517,1.0,-0.1596246361732483,0.1596246361732483,-0.8997986912727356,-1.0,0.1002013087272644,0.1002013087272644,0.3607364090505938,0.6868370519435313,0.7111138899161635,0.6797162294387817,0e36a10984b3e1ce2ae2bc0b4ae3cebde4721dcc2739804b2ff2818e2a2f5de9
3,deep,7,1000,800,200,10000,10000,0.5,292,51260911,51760911,1051760911,2051260911,3051260911,0.19079688445735682,1.0768825456557085,1.0773666180276242,0.006476342747014114,1.159676017137919,-0.0027167651223261933,0.004659365646859837,1.1607188296402808,2.220446049250313e-16,4.988835513586309e-07,2044,0.005,1,1,0.8363722562789917,1.0,-0.1636277437210083,0.1636277437210083,-0.9018704295158386,-1.0,0.09812957048416138,0.09812957048416138,0.3580665043428368,0.6932782990962107,0.7123659154847204,0.6858616471290588,7de115a6bb8f33c9b2501ec4e15d4bb0baae566587f8050c550b2cbd326537ed
3,deep,7,1000,800,200,10000,10000,0.5,293,51260911,51760911,1051760911,2051260911,3051260911,0.19166226950754622,1.0535696228721654,1.055346503501801,0.0065446254518310215,1.110008950238997,-0.0013986666186755943,0.00250532826928653,1.1137562424534768,0.0,5.084937377830556e-07,2051,0.005,1,1,0.8357821702957153,1.0,-0.16421782970428467,0.16421782970428467,-0.9011722207069397,-1.0,0.0988277792930603,0.0988277792930603,0.3557723062733897,0.6900000692859412,0.7054560038193965,0.6838144659996033,c4b1a2f615dae1cf6ad275cf48141bc4751e0b9927c52761fd41e42dad0c76f9
3,deep,7,1000,800,200,10000,10000,0.5,294,51260911,51760911,1051760911,2051260911,3051260911,0.1937035843576618,1.0647258525002317,1.065827704256235,0.006611944866948426,1.1336411409823453,-0.002132195344588786,0.0037398633181521534,1.1359886951601161,0.0,4.989139554822941e-07,2058,0.005,1,1,0.8327478766441345,1.0,-0.16725212335586548,0.16725212335586548,-0.9022871255874634,-1.0,0.09771287441253662,0.09771287441253662,0.3585315429695149,0.6848636736681252,0.7090839334096718,0.6795681715011597,a2ebd51ff4656a6602586fe3fb9834050543c0d3446697338e527d0433049771
3,deep,7,1000,800,200,10000,10000,0.5,295,51260911,51760911,1051760911,2051260911,3051260911,0.1932117798475076,1.0798533197039906,1.0829669652585976,0.006573827018250591,1.1660831920757286,8.021437371863769e-05,-0.00013680790275849471,1.1728174478414164,0.0,5.334684995972339e-07,2065,0.005,1,1,0.8330795168876648,1.0,-0.1669204831123352,0.1669204831123352,-0.902694582939148,-1.0,0.09730541706085205,0.09730541706085205,0.3590655242138236,0.6902697333994936,0.7155569046367315,0.6849405765533447,f51f4e1ef8bc88936a61ebfc1471d0382cefc2d6587e925f7b06afd27d5f0e7e
3,deep,7,1000,800,200,10000,10000,0.5,296,51260911,51760911,1051760911,2051260911,3051260911,0.18989911958678884,1.054851475456342,1.0580138588821888,0.006368310221130833,1.112711635272422,0.0001566900466137003,-0.00028003369597440973,1.1193933255867803,0.0,4.894122618281926e-07,2072,0.005,1,1,0.8363015651702881,1.0,-0.16369843482971191,0.16369843482971191,-0.9037477374076843,-1.0,0.09625226259231567,0.09625226259231567,0.35860977206293787,0.6859260374784406,0.7090605137878576,0.6811230182647705,4d8ddc02da3a613ec5bdb09aa8bdc85c88f0d928b57eb24d9e4a088b8f50eb16
3,deep,7,1000,800,200,10000,10000,0.5,297,51260911,51760911,1051760911,2051260911,3051260911,0.18652588516867033,1.0705359894096385,1.0727143425115306,0.006182536977616746,1.1460473046212734,-0.000756890484472371,0.001313783860036246,1.1507160606299454,0.0,5.000138223465456e-07,2079,0.005,1,1,0.8399142622947693,1.0,-0.1600857377052307,0.1600857377052307,-0.9042688012123108,-1.0,0.09573119878768921,0.09573119878768921,0.3516323689549584,0.6860062369996861,0.7118955006316624,0.6793949007987976,4a0f17283b9f6e6003ebcb6c06cffaa7936a834c44bc39370f061020e51a3ece
3,deep,7,1000,800,200,10000,10000,0.5,298,51260911,51760911,1051760911,2051260911,3051260911,0.1867566019256486,1.0594955754314825,1.05955023823211,0.006140787537728636,1.1225308743588882,-0.0030124772794479647,0.005338093231446612,1.122646707337721,2.220446049250313e-16,5.26833961345119e-07,2086,0.005,1,1,0.8386325836181641,1.0,-0.16136741638183594,0.16136741638183594,-0.9059862494468689,-1.0,0.0940137505531311,0.0940137505531311,0.36665841390906934,0.6813784338206639,0.7074338427022108,0.6763217449188232,2c53beaed0db7539e9da5199ca7d17f3734ddc7f9cc15d7f765f79b627ce2155
3,deep,7,1000,800,200,10000,10000,0.5,299,51260911,51760911,1051760911,2051260911,3051260911,0.18447041833692304,1.0776918819564567,1.0782792392825802,0.006003127411371757,1.1614197924348493,-0.0023684009892005068,0.004057485850136444,1.1626861178678198,0.0,5.324388236971345e-07,2093,0.005,1,1,0.8408547639846802,1.0,-0.15914523601531982,0.15914523601531982,-0.9067147970199585,-1.0,0.0932852029800415,0.0932852029800415,0.361368765605052,0.6980045930382187,0.7136904656918704,0.6916238069534302,afc582e4c2ce25dec2fbd5c908b019accf60f082860c6bf52d028318d32cb6e1
3,deep,7,1000,800,200,10000,10000,0.5,300,51260911,51760911,1051760911,2051260911,3051260911,0.18410886971674353,1.07409392339859,1.0776836693600385,0.0058973157778195425,1.1536777562817762,0.0009135095728604566,-0.0015755936719783286,1.1614020912053167,2.220446049250313e-16,4.760480187826488e-07,2100,0.005,1,1,0.8388980627059937,1.0,-0.16110193729400635,0.16110193729400635,-0.9108807444572449,-1.0,0.08911925554275513,0.08911925554275513,0.3719868981612349,0.6894646526200755,0.7109193239192844,0.6865807771682739,9712961b25d62fa222487a55fdef7b9158534c26a676df962937b4b657dcc6e5
3,deep,7,1000,800,200,10000,10000,0.5,301,51260911,51760911,1051760911,2051260911,3051260911,0.18323877255180854,1.082038733073183,1.0831299993530301,0.005875373038174682,1.170807819870619,-0.0017562987051495216,0.002985168337125479,1.1731705954984948,0.0,5.672759257890903e-07,2107,0.005,1,1,0.8407924175262451,1.0,-0.15920758247375488,0.15920758247375488,-0.9092839956283569,-1.0,0.09071600437164307,0.09071600437164307,0.35592127120240774,0.7013969141901321,0.7170896664138253,0.6961238384246826,d312be9a0c61c848b3b044b29caaf32cb987c2e13bac86f4d52f7abd16d0496c
3,deep,7,1000,800,200,10000,10000,0.5,302,51260911,51760911,1051760911,2051260911,3051260911,0.1836473315654559,1.0816362815727012,1.0836599306487698,0.005877901035401841,1.1699370456144196,-0.000748050678062477,0.0012723952526608932,1.1743188452936963,0.0,4.71182671546444e-07,2114,0.005,1,1,0.8396996855735779,1.0,-0.16030031442642212,0.16030031442642212,-0.9103888869285583,-1.0,0.08961111307144165,0.08961111307144165,0.34972711002262136,0.6962683573315696,0.7145890333414058,0.6901003122329712,4004c0b960b3130093923a3432e45269be9ab5af29cd86313f8288778d069198
3,deep,7,1000,800,200,10000,10000,0.5,303,51260911,51760911,1051760911,2051260911,3051260911,0.18320338816170967,1.0803173203099756,1.0819019923018456,0.005836578966238979,1.1670855125617265,-0.0012050852906312492,0.0020548428567175926,1.170511920946703,0.0,5.012258057490726e-07,2121,0.005,1,1,0.8395609855651855,1.0,-0.16043901443481445,0.16043901443481445,-0.9115533828735352,-1.0,0.08844661712646484,0.08844661712646484,0.34948581898705167,0.6961210201601576,0.7151477799199344,0.6891179084777832,085d7e99f7248ef1efdbcd1dda9571e94b7739a23fa369f0a42a21b216b800f5
3,deep,7,1000,800,200,10000,10000,0.5,304,51260911,51760911,1051760911,2051260911,3051260911,0.17957122648960044,1.1227625930080203,1.1259783957781004,0.0056448071918559755,1.2605958402580935,0.0007933501545375338,-0.0012530795882050414,1.2678273477590247,2.220446049250313e-16,4.97892262529831e-07,2128,0.005,1,1,0.8440422415733337,1.0,-0.15595775842666626,0.15595775842666626,-0.9109887480735779,-1.0,0.08901125192642212,0.08901125192642212,0.3710855082250583,0.7162954450980561,0.7276557563119997,0.7122923731803894,e1b037382b9496d8043e01193aa18723ef682167ee19c65717e0482da85f66bd
3,deep,7,1000,800,200,10000,10000,0.5,305,51260911,51760911,1051760911,2051260911,3051260911,0.17819049362987333,1.1095264002247474,1.1122848328566295,0.005545328690555623,1.231048832795686,0.00029169395832928126,-0.00047176991031350044,1.2371775494029003,0.0,5.156364881742093e-07,2135,0.005,1,1,0.8448567986488342,1.0,-0.15514320135116577,0.15514320135116577,-0.9123504757881165,-1.0,0.08764952421188354,0.08764952421188354,0.36659029612337124,0.6967144980070924,0.7248331542261366,0.6910709738731384,4839a67b25fca56c01d270331c1f8c7b9716f53acd79898fbcaa74a60d75d018
3,deep,7,1000,800,200,10000,10000,0.5,306,51260911,51760911,1051760911,2051260911,3051260911,0.1777238015445406,1.1119451706722103,1.1169659798457907,0.005533639063178441,1.2364220625812508,0.0028286492442192615,-0.004555153199866868,1.2476130001328676,0.0,5.376031104731283e-07,2142,0.005,1,1,0.8457664847373962,1.0,-0.15423351526260376,0.15423351526260376,-0.9116950035095215,-1.0,0.08830499649047852,0.08830499649047852,0.39505481933557623,0.6998580655709706,0.726657946489827,0.6981419324874878,19bcfd9ce036af1f3a25e92f1ce76d563f9c4dde8de401ea88f7dd213f6ca14b
3,deep,7,1000,800,200,10000,10000,0.5,307,51260911,51760911,1051760911,2051260911,3051260911,0.17952221915189287,1.0925073094223425,1.0929936579659056,0.005587096952291492,1.1935722211412463,-0.002262090869923452,0.0037727945499682176,1.194635136353691,0.0,4.352683333763707e-07,2149,0.005,1,1,0.8411142230033875,1.0,-0.15888577699661255,0.15888577699661255,-0.9164324402809143,-1.0,0.0835675597190857,0.0835675597190857,0.38219406751819407,0.6818406562378232,0.7151476330653903,0.6724891662597656,b11cb2ce02a1be720d53f1bede9492f63a3885147bc0431fca9c2e7a89b50ef2
3,deep,7,1000,800,200,10000,10000,0.5,308,51260911,51760911,1051760911,2051260911,3051260911,0.18006678201320483,1.0748593258301191,1.0764302625776945,0.005624611867210688,1.1553225703239782,-0.0011225359990523077,0.0019338278541382332,1.1587021101930843,0.0,4.781709890266939e-07,2156,0.005,1,1,0.8399623036384583,1.0,-0.16003769636154175,0.16003769636154175,-0.9174652695655823,-1.0,0.08253473043441772,0.08253473043441772,0.36170830889215055,0.6924501037276569,0.7119169890417084,0.6850865483283997,3b376717cfdf1830a9cf42abbe5e49593782084c4af90264bcde6a0b941a6984
3,deep,7,1000,800,200,10000,10000,0.5,309,51260911,51760911,1051760911,2051260911,3051260911,0.18091365752185182,1.0932210378608553,1.0936937548404522,0.0056746669787649355,1.1951322376215658,-0.002320437611661554,0.003864797250535255,1.1961660293770073,-2.220446049250313e-16,4.595945153340608e-07,2163,0.005,1,1,0.840239942073822,1.0,-0.15976005792617798,0.15976005792617798,-0.9151090383529663,-1.0,0.08489096164703369,0.08489096164703369,0.3495454824247693,0.6975958931779374,0.7167756045630232,0.6905930638313293,a3d27af438f078d8ae035bfdc322f584ea7c3f872e87ddd19fdab52c630528a6
3,deep,7,1000,800,200,10000,10000,0.5,310,51260911,51760911,1051760911,2051260911,3051260911,0.18252774542869352,1.09681372301867,1.0976490721367547,0.00577629945731956,1.203000343002076,-0.0019715784483584115,0.003262105469455478,1.2048334855626786,-2.220446049250313e-16,5.01575774691787e-07,2170,0.005,1,1,0.8387957811355591,1.0,-0.16120421886444092,0.16120421886444092,-0.914387047290802,-1.0,0.085612952709198,0.085612952709198,0.34646542070528147,0.6957196780612105,0.7177632159908753,0.6896966099739075,3cf3833afa4beb7f001d46f637bcc6c4cd14760053340e20d5684a17aff1c983
3,deep,7,1000,800,200,10000,10000,0.5,311,51260911,51760911,1051760911,2051260911,3051260911,0.18521836295406896,1.1049208247654503,1.106051336329603,0.005947350320210646,1.2208500290003628,-0.0017239103620362232,0.0028104239397559877,1.2233495585965006,-2.220446049250313e-16,4.837493694509476e-07,2177,0.005,1,1,0.8360056281089783,1.0,-0.16399437189102173,0.16399437189102173,-0.913908839225769,-1.0,0.08609116077423096,0.08609116077423096,0.3443901878731524,0.6940645121371741,0.7195675275066808,0.6876217126846313,cfb300042991eb84a9f8de79cba429a96ee48a1b06080aa36d7f87bd71623343
3,deep,7,1000,800,200,10000,10000,0.5,312,51260911,51760911,1051760911,2051260911,3051260911,0.18615538618767483,1.0926857012425517,1.0954246320121201,0.006013531955837071,1.193962041699927,-1.0224618437479371e-05,1.704137761126211e-05,1.1999551244188889,-2.220446049250313e-16,5.586204796514949e-07,2184,0.005,1,1,0.8343697786331177,1.0,-0.16563022136688232,0.16563022136688232,-0.9150267243385315,-1.0,0.0849732756614685,0.0849732756614685,0.3556389231749496,0.7015667886457146,0.7163390390221801,0.6978766918182373,6b6e5caefd47151a4c6c3b20296bdc7dcb96d3d4fdee6ba1cff427b379ef1e8e
3,deep,7,1000,800,200,10000,10000,0.5,313,51260911,51760911,1051760911,2051260911,3051260911,0.1852064172738216,1.1559041643362291,1.1553226625241917,0.0059496221116575486,1.3361144371298364,-0.003646802349753162,0.005434617408373572,1.3347704545419874,-2.220446049250313e-16,4.955880115176114e-07,2191,0.005,1,1,0.8354610800743103,1.0,-0.1645389199256897,0.1645389199256897,-0.9149802327156067,-1.0,0.08501976728439331,0.08501976728439331,0.3651560537830133,0.7106179391023588,0.7378674658143926,0.7028665542602539,db7da423fd9480363bea67fa9686a9ee02bb7ce2065946188f57cc4c7c3953a8
3,deep,7,1000,800,200,10000,10000,0.5,314,51260911,51760911,1051760911,2051260911,3051260911,0.1861654534083113,1.0858457783714393,1.0883023000600376,0.006057238499202329,1.1790610544070765,-0.0003581982951553725,0.000604493740919244,1.1844018963159682,0.0,5.355961292252687e-07,2198,0.005,1,1,0.8326833248138428,1.0,-0.16731667518615723,0.16731667518615723,-0.9183745980262756,-1.0,0.08162540197372437,0.08162540197372437,0.35793899256219214,0.6927979660554405,0.7139219695635991,0.6869933605194092,6023f215af06cbeb2c3f7f1efd74ea162d8c5b79bc6df28dff31f5db0527640d
3,deep,7,1000,800,200,10000,10000,0.5,315,51260911,51760911,1051760911,2051260911,3051260911,0.1851854144173555,1.100376664126102,1.1017881217596077,0.005994437905995162,1.2108288029532879,-0.001443087804359303,0.002371893888779177,1.2139370652505643,0.0,5.148255191045337e-07,2205,0.005,1,1,0.8335433602333069,1.0,-0.16645663976669312,0.16645663976669312,-0.9188469052314758,-1.0,0.08115309476852417,0.08115309476852417,0.3649398385317055,0.6910783488526888,0.7182436169826762,0.6838173866271973,e24206f1173a1cc10d5b30646691a8a1bf95eddc507d575fdef934f30a9dab9a
3,deep,7,1000,800,200,10000,10000,0.5,316,51260911,51760911,1051760911,2051260911,3051260911,0.18372134487965694,1.0972269639159138,1.0974565137385826,0.005885894327221869,1.2039070103441338,-0.0026910525620560677,0.004448782186877019,1.2044107995472435,-2.220446049250313e-16,4.877639661060584e-07,2212,0.005,1,1,0.8352582454681396,1.0,-0.16474175453186035,0.16474175453186035,-0.918675422668457,-1.0,0.08132457733154297,0.08132457733154297,0.3717448987940772,0.6835952805793656,0.718433122767743,0.6787691712379456,b8595417e2d5ce14e5de30fc77dd8f58ea96eb5cdba71cbeb29e0c11f04388ac
3,deep,7,1000,800,200,10000,10000,0.5,317,51260911,51760911,1051760911,2051260911,3051260911,0.18063902884807112,1.0938831992232059,1.095092227353364,0.005690872584844619,1.1965804535427957,-0.0015221698589442249,0.00253215696966996,1.1992269864097522,4.440892098500626e-16,4.5315611174601145e-07,2219,0.005,1,1,0.8379964828491211,1.0,-0.1620035171508789,0.1620035171508789,-0.9200918078422546,-1.0,0.07990819215774536,0.07990819215774536,0.3504490015500481,0.6837240668905257,0.7166139511989753,0.6794332265853882,7609acfd7dcb3e6d4066909bd30b67e890b878aaac7344ecf898178eafe8f1ad
3,deep,7,1000,800,200,10000,10000,0.5,318,51260911,51760911,1051760911,2051260911,3051260911,0.1784161760541447,1.1073577137853796,1.1091027222974175,0.005525527491688824,1.2262411062799827,-0.0008288925820645335,0.001345859774633549,1.2301088486075422,-2.220446049250313e-16,4.421005552757151e-07,2226,0.005,1,1,0.8411347270011902,1.0,-0.15886527299880981,0.15886527299880981,-0.9187955856323242,-1.0,0.08120441436767578,0.08120441436767578,0.3504066525846494,0.6954087467003305,0.7207478493108116,0.6926733255386353,ab8f7550528fbeb91e686937ebf8526c03dfb310d94e77439cf03fcbc6fec665
3,deep,7,1000,800,200,10000,10000,0.5,319,51260911,51760911,1051760911,2051260911,3051260911,0.17673426264271183,1.112349936819084,1.1136899914739766,0.00541823983310026,1.23732238194142,-0.0012176123326072235,0.0019595598812382656,1.240305397109306,2.220446049250313e-16,4.743692958442125e-07,2233,0.005,1,1,0.8429351449012756,1.0,-0.15706485509872437,0.15706485509872437,-0.9189714193344116,-1.0,0.08102858066558838,0.08102858066558838,0.3457952190953937,0.7015217460527335,0.7209561441356556,0.6997822523117065,bdccb8f51280c68a6244d08a45158da2b5ab64a23bf95043a9a538f18b7dddb2
3,deep,7,1000,800,200,10000,10000,0.5,320,51260911,51760911,1051760911,2051260911,3051260911,0.17686438821525277,1.0874304495580684,1.0877661040768285,0.005434898732676167,1.1825049826260627,-0.002352392090128614,0.003960456462557685,1.1832350971784817,0.0,5.174447430533746e-07,2240,0.005,1,1,0.8422070145606995,1.0,-0.15779298543930054,0.15779298543930054,-0.9201101660728455,-1.0,0.07988983392715454,0.07988983392715454,0.357467572635956,0.697709627915151,0.7149518142277466,0.6944690942764282,b6b6ba1aef9a76465236c7383efced1b7eaeb4867b4bbbc42d28139584db5b5a
3,deep,7,1000,800,200,10000,10000,0.5,321,51260911,51760911,1051760911,2051260911,3051260911,0.17833051023409616,1.1067357044140753,1.1076917919890301,0.005542149188447397,1.2248639194249196,-0.0017124812867491798,0.0027836034467533114,1.2269811060398685,0.0,4.873889594136926e-07,2247,0.005,1,1,0.8402040004730225,1.0,-0.15979599952697754,0.15979599952697754,-0.920835554599762,-1.0,0.07916444540023804,0.07916444540023804,0.35115524169888174,0.6992006084957761,0.7204785040933334,0.6943154335021973,d1364a791039fcad1139c557d823953998c7ac96ce62f86195cd4576cdd8b04e
3,deep,7,1000,800,200,10000,10000,0.5,322,51260911,51760911,1051760911,2051260911,3051260911,0.1788473370545156,1.1272213954124681,1.1281631228608495,0.005567440192276002,1.2706280742756317,-0.0017217413423818752,0.0026982407050689747,1.2727520317831442,2.220446049250313e-16,5.006094916382153e-07,2254,0.005,1,1,0.8399896621704102,1.0,-0.16001033782958984,0.16001033782958984,-0.9201059341430664,-1.0,0.0798940658569336,0.0798940658569336,0.348789368981506,0.7007202960022137,0.7261781422991401,0.6982342600822449,950dae6275b8baeb281109b7a827633befd4bed7249c20ab1b4fe58a7996025b
3,deep,7,1000,800,200,10000,10000,0.5,323,51260911,51760911,1051760911,2051260911,3051260911,0.17848304072574783,1.113812200180304,1.1146951291239755,0.005535712340411131,1.2405776172704892,-0.0017840493590918797,0.0028633821927720655,1.2425452308927165,0.0,4.722218100994269e-07,2261,0.005,1,1,0.8407171368598938,1.0,-0.1592828631401062,0.1592828631401062,-0.9194694757461548,-1.0,0.08053052425384521,0.08053052425384521,0.34559605622411205,0.7129469863641859,0.7244627055166187,0.7105379104614258,52ff7def197734f1f9e0d363585801385ef525354901febdbc9182e499015121
3,deep,7,1000,800,200,10000,10000,0.5,324,51260911,51760911,1051760911,2051260911,3051260911,0.17842793561645096,1.1059300184514518,1.1067081879508895,0.005567243254674205,1.2230812057120286,-0.0019227178445806238,0.0031298095825500537,1.2248030132775416,0.0,5.001534137960562e-07,2268,0.005,1,1,0.8395569324493408,1.0,-0.16044306755065918,0.16044306755065918,-0.9219323992729187,-1.0,0.0780676007270813,0.0780676007270813,0.3361266795960678,0.7009162172985463,0.7215925650301621,0.6961500644683838,f08f825a2d90ea07e5c2abb07a9fc12df1fd58e577bf1748390379d39df141f7
3,deep,7,1000,800,200,10000,10000,0.5,325,51260911,51760911,1051760911,2051260911,3051260911,0.18059448364588157,1.1351290183235483,1.135611654525825,0.005689536831807864,1.2885178882401827,-0.0022967975885541648,0.0035493500408968906,1.2896138298948818,-4.440892098500626e-16,5.166433556524908e-07,2275,0.005,1,1,0.8379911184310913,1.0,-0.1620088815689087,0.1620088815689087,-0.920203447341919,-1.0,0.07979655265808105,0.07979655265808105,0.34446405040809625,0.7111153212600478,0.7297721358243594,0.7079499959945679,4fb5d1065f050f2bcc768ffa56057fce28ba64b55e4a4a64ef26e3e1e504602f
3,deep,7,1000,800,200,10000,10000,0.5,326,51260911,51760911,1051760911,2051260911,3051260911,0.18087801500103223,1.1194949601931532,1.1221165092814962,0.005689226218834401,1.2532689658978697,9.363414269304524e-05,-0.00014874861338424087,1.2591454604020902,0.0,5.393676314469076e-07,2282,0.005,1,1,0.8383933305740356,1.0,-0.16160666942596436,0.16160666942596436,-0.918758749961853,-1.0,0.08124125003814697,0.08124125003814697,0.34946876493514095,0.6987691068088094,0.7235406084192815,0.6938865780830383,fa18cd982319ae8543dd846253ac67eaeed7eedb654e7be2d7eaaa1de333cbc0
3,deep,7,1000,800,200,10000,10000,0.5,327,51260911,51760911,1051760911,2051260911,3051260911,0.17958638430395057,1.106131390640166,1.1069383235189951,0.0056071353481900255,1.2235266533595472,-0.0019106683163469182,0.0031089671993407963,1.2253124520750434,-2.220446049250313e-16,4.790353607120323e-07,2289,0.005,1,1,0.8395984768867493,1.0,-0.16040152311325073,0.16040152311325073,-0.9192372560501099,-1.0,0.08076274394989014,0.08076274394989014,0.341005283009956,0.6980187202054968,0.7206693133910098,0.6933433413505554,74baf140eddd318edd714f844835eea6370e86d8a12f10e0f47c7fca25ede345
3,deep,7,1000,800,200,10000,10000,0.5,328,51260911,51760911,1051760911,2051260911,3051260911,0.17730960570852727,1.1691080053654628,1.1701748234512703,0.005450782029777833,1.366813528209611,-0.0014775964000885787,0.002153515746293533,1.3693091174392118,2.220446049250313e-16,4.870811434187772e-07,2296,0.005,1,1,0.842831552028656,1.0,-0.157168447971344,0.157168447971344,-0.9179221391677856,-1.0,0.08207786083221436,0.08207786083221436,0.3647972872300237,0.7219609460838339,0.7414530593610509,0.7196658849716187,f3ca10b9910eb70ebc0f3f3d6ecfa5bfd91b843db8d81af1d66dc2fbe351a54d
3,deep,7,1000,800,200,10000,10000,0.5,329,51260911,51760911,1051760911,2051260911,3051260911,0.17919156794544716,1.1614894953967003,1.163969570535671,0.005575139096694211,1.3490578479168818,9.608705970908921e-05,-0.00014186434352366208,1.3548251611329942,0.0,5.166416663371365e-07,2303,0.005,1,1,0.8403457403182983,1.0,-0.15965425968170166,0.15965425968170166,-0.9186357855796814,-1.0,0.0813642144203186,0.0813642144203186,0.36010117810836983,0.7149903789325996,0.7356374503449926,0.71225506067276,cca4a1bb563f69faf567e9ca3ed74f597a2c0da7aba85e94e4f34f44a348afc2
3,deep,7,1000,800,200,10000,10000,0.5,330,51260911,51760911,1051760911,2051260911,3051260911,0.17904784604691498,1.1250603160286847,1.1244392472119618,0.0055580623487538,1.265760714702564,-0.0034775781903571656,0.005470820148543736,1.2643636206706033,-2.220446049250313e-16,5.175985737793098e-07,2310,0.005,1,1,0.8413212299346924,1.0,-0.15867877006530762,0.15867877006530762,-0.9170591831207275,-1.0,0.08294081687927246,0.08294081687927246,0.355652146762259,0.711794798075934,0.730992988180989,0.7049670219421387,18113bf3b233374727664f480df313b72644347509c7c36a2e1a0b9dada2d779
3,deep,7,1000,800,200,10000,10000,0.5,331,51260911,51760911,1051760911,2051260911,3051260911,0.17880512026367443,1.1257891533363487,1.1271880604205324,0.005551329398036583,1.2674012177697729,-0.0011998118066038135,0.0018850848906713348,1.2705529235546018,0.0,4.4564038503835945e-07,2317,0.005,1,1,0.8429479002952576,1.0,-0.15705209970474243,0.15705209970474243,-0.9145253896713257,-1.0,0.08547461032867432,0.08547461032867432,0.3481540041158578,0.7066062188517394,0.7225627953070362,0.700340211391449,ca3d1e8cca96f49d8a889b2c9eb19ee1d0fbe343cc75d7d1f1b17678b214576c
3,deep,7,1000,800,200,10000,10000,0.5,332,51260911,51760911,1051760911,2051260911,3051260911,0.1794670955694545,1.1232327134764055,1.1250766882311634,0.005611174873883068,1.261651728623569,-0.0007326745481246654,0.001156310259067153,1.2657975544012026,0.0,5.019595636923668e-07,2324,0.005,1,1,0.8432667255401611,1.0,-0.15673327445983887,0.15673327445983887,-0.9125750660896301,-1.0,0.08742493391036987,0.08742493391036987,0.3472121628260129,0.7050888486157022,0.7229416473415627,0.7008605003356934,a21806f95d51158be4fd3ff8225389e62f25762ba3fa7f25548495f17456f4bf
3,deep,7,1000,800,200,10000,10000,0.5,333,51260911,51760911,1051760911,2051260911,3051260911,0.17914052592612745,1.1655243515889513,1.165395539154032,0.005604953283489404,1.3584470141468454,-0.0029526023751089026,0.004329164057687851,1.3581467626801171,0.0,5.214968581412904e-07,2331,0.005,1,1,0.8440402150154114,1.0,-0.15595978498458862,0.15595978498458862,-0.9118644595146179,-1.0,0.08813554048538208,0.08813554048538208,0.3510143793950785,0.719821554868119,0.7372377320682607,0.7152113914489746,364e9bb90e6df94a023e8e4e45918beed4c1647be165b708b95630688b90186a
3,deep,7,1000,800,200,10000,10000,0.5,334,51260911,51760911,1051760911,2051260911,3051260911,0.17666243660907202,1.1311272747595633,1.132289893133634,0.005474905860639278,1.2794489117049965,-0.0014217077365296178,0.0022129058814134633,1.2820804020925762,-4.440892098500626e-16,5.011713213320945e-07,2338,0.005,1,1,0.8468756079673767,1.0,-0.1531243920326233,0.1531243920326233,-0.9118947386741638,-1.0,0.08810526132583618,0.08810526132583618,0.34851139584260293,0.696351794413801,0.7252388354128347,0.6916695237159729,44bb4c83ea547dbfb427ed8b344b357a674287836523f8e3d088817605644691
3,deep,7,1000,800,200,10000,10000,0.5,335,51260911,51760911,1051760911,2051260911,3051260911,0.17593585048118124,1.1263909341866134,1.1280559340386178,0.0054122314297057415,1.2687565366177915,-0.0008292888638794084,0.0013016939116317987,1.2725101903197382,-2.220446049250313e-16,4.613918154205976e-07,2345,0.005,1,1,0.8470160365104675,1.0,-0.15298396348953247,0.15298396348953247,-0.9131131172180176,-1.0,0.08688688278198242,0.08688688278198242,0.3484355223415917,0.7004476495589071,0.7242415822735766,0.6955264210700989,c8a1328999c3c592bf7dc3d13650bd068d704050b9e6b684c89b95539c890a53
3,deep,7,1000,800,200,10000,10000,0.5,336,51260911,51760911,1051760911,2051260911,3051260911,0.17447198392930469,1.142414839041881,1.1416060003458257,0.005324866201365741,1.3051116644630867,-0.003586135319429362,0.005473191925763889,1.3032642600255935,-4.440892098500626e-16,4.567186557835612e-07,2352,0.005,1,1,0.848358154296875,1.0,-0.151641845703125,0.151641845703125,-0.9137142896652222,-1.0,0.08628571033477783,0.08628571033477783,0.36286390825096093,0.7026269808380676,0.7294659642257137,0.695425271987915,4f4307f92c09aead766c840cc1e678465484959b4f9180b9e7a7bd3dec60cafb
3,deep,7,1000,800,200,10000,10000,0.5,337,51260911,51760911,1051760911,2051260911,3051260911,0.17408710921204162,1.129393951780343,1.1306205846804476,0.005344226627659441,1.27553069831802,-0.00128600922126105,0.002008016858188692,1.2783029065031573,0.0,4.691369532849876e-07,2359,0.005,1,1,0.8497664332389832,1.0,-0.15023356676101685,0.15023356676101685,-0.91204434633255,-1.0,0.08795565366744995,0.08795565366744995,0.3431495427854481,0.7095800116132565,0.7239496257514942,0.7068825960159302,86520ac069569abb3b8658551cc5f58a38427490515fb41f46074c2b4d921a1d
3,deep,7,1000,800,200,10000,10000,0.5,338,51260911,51760911,1051760911,2051260911,3051260911,0.17502812101298415,1.1366994550852383,1.136789179217397,0.0054305626939309005,1.2920856511910777,-0.0026132879496228445,0.004028139181086866,1.292289637985763,2.220446049250313e-16,5.549084445277686e-07,2366,0.005,1,1,0.8495335578918457,1.0,-0.1504664421081543,0.1504664421081543,-0.910586953163147,-1.0,0.08941304683685303,0.08941304683685303,0.3406136792332805,0.7100543214240644,0.7270097166718525,0.7030537128448486,37b3c1171e3992ca431ded1d294f857b8173052ee95d91f674c6f8dde0582cef
3,deep,7,1000,800,200,10000,10000,0.5,339,51260911,51760911,1051760911,2051260911,3051260911,0.17700042841115662,1.1214265179150762,1.1217886859144517,0.00549686750183492,1.2575974350831327,-0.0023422233696475977,0.003708707045632545,1.2584098558456724,0.0,4.7020946247755546e-07,2373,0.005,1,1,0.8466078639030457,1.0,-0.15339213609695435,0.15339213609695435,-0.9116823673248291,-1.0,0.0883176326751709,0.0883176326751709,0.3521624544055376,0.6983420544502114,0.7223110706530128,0.6923940777778625,c69fcbea5277af3955ad01fb79be0976acecd5090e7b22f417065b4e0244dcca
3,deep,7,1000,800,200,10000,10000,0.5,340,51260911,51760911,1051760911,2051260911,3051260911,0.1766152130359171,1.1323618675475102,1.133232510424904,0.0054989848646647774,1.282243399075685,-0.001763230628209983,0.002738483488933076,1.28421592268393,2.220446049250313e-16,5.328354202305263e-07,2380,0.005,1,1,0.8475503921508789,1.0,-0.1524496078491211,0.1524496078491211,-0.9108257293701172,-1.0,0.08917427062988281,0.08917427062988281,0.3385247982059056,0.7014450651124321,0.7278604554138721,0.6946743726730347,78be061981d86e6eba87f159eb986e99e210d3b1162e1d98247df48ab55e763b
3,deep,7,1000,800,200,10000,10000,0.5,341,51260911,51760911,1051760911,2051260911,3051260911,0.17609430583740598,1.1916310387239242,1.1968322693936704,0.005473905899133331,1.4199845324502585,0.003474521356305783,-0.0048749528752716235,1.4324074810620033,0.0,5.387262334011211e-07,2387,0.005,1,1,0.8481564521789551,1.0,-0.15184354782104492,0.15184354782104492,-0.9108218550682068,-1.0,0.08917814493179321,0.08917814493179321,0.3701051648046999,0.7262281809999575,0.7443935991230775,0.7241696119308472,ca968e88ea2dfc5d253ecbcecbbd1a155fbb09d361930d7f0eb45a30463d0cb9
3,deep,7,1000,800,200,10000,10000,0.5,342,51260911,51760911,1051760911,2051260911,3051260911,0.17638673232772023,1.1470561339667547,1.1479697260437502,0.0054847286378726465,1.3157377744707575,-0.0016940055978334556,0.0025643002504842673,1.3178344919129632,0.0,5.585577493860683e-07,2394,0.005,1,1,0.8477467894554138,1.0,-0.15225321054458618,0.15225321054458618,-0.9109424948692322,-1.0,0.08905750513076782,0.08905750513076782,0.34230733172666206,0.7173212505937876,0.731487815236137,0.7107225060462952,b4cc6f536017da0f20ea69ec57f603274ce0b514b47aceedcd354446f94d07aa
3,deep,7,1000,800,200,10000,10000,0.5,343,51260911,51760911,1051760911,2051260911,3051260911,0.17632406155325286,1.138416994595539,1.140078310603971,0.0054455854884241,1.2959932535839394,-0.0008301423813796198,0.001275730147981947,1.2997785543096043,0.0,5.025749789666634e-07,2401,0.005,1,1,0.8469477295875549,1.0,-0.15305227041244507,0.15305227041244507,-0.9124490022659302,-1.0,0.08755099773406982,0.08755099773406982,0.3374761054692319,0.7037012630405336,0.7313609812547426,0.6981316208839417,47438dfa20ddc7e105320ad6928a4ef00bbff1b81bf140d651e813a05577ef0c
3,deep,7,1000,800,200,10000,10000,0.5,344,51260911,51760911,1051760911,2051260911,3051260911,0.17585132608758552,1.1858882069507932,1.1891112325070463,0.00539835157846976,1.4063308393849674,0.0011281661554948137,-0.0015982755938125709,1.413985523274427,2.220446049250313e-16,5.657609918330309e-07,2408,0.005,1,1,0.8468172550201416,1.0,-0.1531827449798584,0.1531827449798584,-0.9136360287666321,-1.0,0.08636397123336792,0.08636397123336792,0.3465159446343317,0.7192356483762069,0.7415445962371259,0.7180567979812622,fba34fbedfdbff741a8e1f72503df17dbad284237f94841b1ce0b38981aed18e
3,deep,7,1000,800,200,10000,10000,0.5,345,51260911,51760911,1051760911,2051260911,3051260911,0.1743444157314321,1.185948246282746,1.18933207846011,0.005394354011507039,1.4064732428611209,0.0013215979908086724,-0.0018721273775757611,1.4145107928542453,0.0,4.833085416322547e-07,2415,0.005,1,1,0.8502382636070251,1.0,-0.14976173639297485,0.14976173639297485,-0.9107397198677063,-1.0,0.0892602801322937,0.0892602801322937,0.34909325802182556,0.7149197836763321,0.7426819726187183,0.7121564149856567,f6e39130bd45f3aac04613e5d98077f3e33143d268fc92d5e0afba1ec891dc38
3,deep,7,1000,800,200,10000,10000,0.5,346,51260911,51760911,1051760911,2051260911,3051260911,0.17397372892485344,1.1701457467813126,1.1737258336204814,0.00546146606209353,1.3692410687103957,0.001464898867802409,-0.0021312230548041393,1.377632332508094,-2.220446049250313e-16,5.159104130569858e-07,2422,0.005,1,1,0.8520479798316956,1.0,-0.14795202016830444,0.14795202016830444,-0.9084737300872803,-1.0,0.09152626991271973,0.09152626991271973,0.33988336394809443,0.7118332145917902,0.7401028749229189,0.7076129913330078,34700d3ac00a7f4a9b3ec2c82a73e999f4e68c07c6460beb6c8522f1245c1519
3,deep,7,1000,800,200,10000,10000,0.5,347,51260911,51760911,1051760911,2051260911,3051260911,0.17480126234298177,1.1587694538285742,1.1591339205800475,0.0053994751672987885,1.342746647126172,-0.0022773382270993973,0.003378473875257946,1.343591445839272,0.0,5.385993304685144e-07,2429,0.005,1,1,0.8493897914886475,1.0,-0.15061020851135254,0.15061020851135254,-0.9112754464149475,-1.0,0.08872455358505249,0.08872455358505249,0.3563025376039918,0.6999061064172482,0.7318296705196452,0.696006178855896,c40443d7a2ccca295300d5bae11e6f69d07c402881c01615b1665487fb94d750
3,deep,7,1000,800,200,10000,10000,0.5,348,51260911,51760911,1051760911,2051260911,3051260911,0.1728758621218547,1.1817502550578411,1.1784414814771667,0.0053551487151180695,1.3965336653292728,-0.0065822443891456915,0.009390537000086605,1.3887243252660995,0.0,5.247785139772532e-07,2436,0.005,1,1,0.8523975014686584,1.0,-0.14760249853134155,0.14760249853134155,-0.9100024104118347,-1.0,0.08999758958816528,0.08999758958816528,0.38738837697512674,0.7220042578048558,0.7413766746064684,0.7137819528579712,8c743845a561ac24df68ff553daac7ddae050b9548540dafa5e4563cabc53c10
3,deep,7,1000,800,200,10000,10000,0.5,349,51260911,51760911,1051760911,2051260911,3051260911,0.1730343835399944,1.1449683361564025,1.1497395063003668,0.005497496214473513,1.3109524908007606,0.0027254726662885114,-0.0041406398923941375,1.321900932347811,-2.220446049250313e-16,5.320550116039158e-07,2443,0.005,1,1,0.8541430830955505,1.0,-0.14585691690444946,0.14585691690444946,-0.9069051146507263,-1.0,0.09309488534927368,0.09309488534927368,0.3490765803648723,0.7226303118946881,0.7309068298776937,0.7206854224205017,0348563c75b7732f71f74e4721ff48c785fa8e5295584c4ef4f53f3d49190e06
3,deep,7,1000,800,200,10000,10000,0.5,350,51260911,51760911,1051760911,2051260911,3051260911,0.17281218015085462,1.2053603797922445,1.2115219081301194,0.005466205849128379,1.4528936451729038,0.004712741428606771,-0.0064630707233253,1.4677853338792455,-2.220446049250313e-16,5.361958663741007e-07,2450,0.005,1,1,0.8541098833084106,1.0,-0.14589011669158936,0.14589011669158936,-0.9073710441589355,-1.0,0.09262895584106445,0.09262895584106445,0.371353352596351,0.7342719491595417,0.7528231776177287,0.7315508127212524,81663a52033ee3c36f185cad4202f2c4e1935243776e050020c0e44189dc1c3c
3,deep,7,1000,800,200,10000,10000,0.5,351,51260911,51760911,1051760911,2051260911,3051260911,0.1722221752259864,1.144241748232015,1.1454869383318054,0.005295769922983484,1.3092891783970584,-0.0012223112156342648,0.0018596154127525997,1.3121403258887732,0.0,4.941413322967492e-07,2457,0.005,1,1,0.8526385426521301,1.0,-0.14736145734786987,0.14736145734786987,-0.9108648300170898,-1.0,0.08913516998291016,0.08913516998291016,0.3390903071835947,0.6985600187261096,0.728893690507214,0.6955038905143738,8de0b4e36f02b61039d5d5d4f81f537998e5d4dccca38e7d5c8606c491f84e36
3,deep,7,1000,800,200,10000,10000,0.5,352,51260911,51760911,1051760911,2051260911,3051260911,0.17122675148641867,1.1616045555242647,1.1598652198678563,0.005169018335793969,1.3493251434147244,-0.004603416745704079,0.006797248560679988,1.3452873282591105,2.220446049250313e-16,5.395622277859502e-07,2464,0.005,1,1,0.8522118330001831,1.0,-0.1477881669998169,0.1477881669998169,-0.9135288596153259,-1.0,0.08647114038467407,0.08647114038467407,0.39073621426615973,0.6962909539431891,0.733471571685153,0.6895508170127869,7843becf7bab0c83f109431f6fcc29605137f2381cd0ebcfe63715a570f3f528
3,deep,7,1000,800,200,10000,10000,0.5,353,51260911,51760911,1051760911,2051260911,3051260911,0.1708003904335896,1.1606239012973838,1.161142198435866,0.005168884456422149,1.3470478402627593,-0.0019827598653525975,0.0029326066289623253,1.3482512049884763,0.0,4.881129420652996e-07,2471,0.005,1,1,0.8531185388565063,1.0,-0.14688146114349365,0.14688146114349365,-0.9128299951553345,-1.0,0.08717000484466553,0.08717000484466553,0.34597652741181173,0.7140087290782949,0.7369686965728942,0.709089994430542,01e9917dd26eaa38810780eaee8df3937218e71bcf88993b7233fe9db982ca58
3,deep,7,1000,800,200,10000,10000,0.5,354,51260911,51760911,1051760911,2051260911,3051260911,0.1707748084688688,1.172312490398239,1.1761334188288577,0.005171245066482991,1.374316575143721,0.0019009993379264366,-0.0027560944142830716,1.383289818886057,2.220446049250313e-16,5.065935901882312e-07,2478,0.005,1,1,0.8532176613807678,1.0,-0.14678233861923218,0.14678233861923218,-0.9127132296562195,-1.0,0.08728677034378052,0.08728677034378052,0.34445282197522814,0.7152732752526494,0.7386385348295991,0.7133615016937256,045d124be9dd476c769a07bf5158523c3ddd9ce9df64538382c22ff29cf4778f
3,deep,7,1000,800,200,10000,10000,0.5,355,51260911,51760911,1051760911,2051260911,3051260911,0.1705351885137372,1.1493577055153008,1.1509385671216292,0.0051928653728296565,1.3210231352273971,-0.0007782076561189719,0.0011735760325116964,1.324659585287989,2.220446049250313e-16,4.904643198244685e-07,2485,0.005,1,1,0.8540878295898438,1.0,-0.14591217041015625,0.14591217041015625,-0.9117283225059509,-1.0,0.08827167749404907,0.08827167749404907,0.3311922276713898,0.7142910419205504,0.7326257843813424,0.7113653421401978,066d68b46eed6b60388cf144b6fd15b0b55f0e65baf7752f6a17a3440b842f04
3,deep,7,1000,800,200,10000,10000,0.5,356,51260911,51760911,1051760911,2051260911,3051260911,0.17100785870177032,1.1657470479268286,1.1658189120404359,0.005223590654845671,1.3589661797501154,-0.0025280173669077846,0.003706254689415154,1.3591337356711457,2.220446049250313e-16,5.162806573366652e-07,2492,0.005,1,1,0.8537161350250244,1.0,-0.14628386497497559,0.14628386497497559,-0.9114295840263367,-1.0,0.08857041597366333,0.08857041597366333,0.338070765729202,0.706908184249527,0.7370942580583504,0.700899064540863,94737530da0a057d1b959adeb0f10c89a49566b6cdded82ef54501bad1d0fb8a
3,deep,7,1000,800,200,10000,10000,0.5,357,51260911,51760911,1051760911,2051260911,3051260911,0.172238024605416,1.1551614370656682,1.1568804356893716,0.005258169109118307,1.33439794568362,-0.0006418861559538828,0.0009582849641278138,1.3383723424808305,0.0,5.162513279088898e-07,2499,0.005,1,1,0.8519196510314941,1.0,-0.14808034896850586,0.14808034896850586,-0.9120332598686218,-1.0,0.08796674013137817,0.08796674013137817,0.3316547234472691,0.7119527997589209,0.7326345980615856,0.7095102667808533,e39b17d894fdaea885413fe491a995830d4e37a871afdf1ad00c4f80f1319434
3,deep,7,1000,800,200,10000,10000,0.5,358,51260911,51760911,1051760911,2051260911,3051260911,0.17203560679760943,1.1432011412648397,1.1447787114161112,0.005260758009845043,1.3069088493892322,-0.0008256546437725339,0.0012584571980890624,1.3105182981115322,0.0,4.7010267856251176e-07,2506,0.005,1,1,0.852378249168396,1.0,-0.147621750831604,0.147621750831604,-0.9116593599319458,-1.0,0.0883406400680542,0.0883406400680542,0.3285460361298935,0.7117140251982331,0.7309972778500099,0.707866907119751,960b1e451ed3a9fc3d1b06eca3cad9898390fd0c1d92d5c43a68bd25c168d809
3,deep,7,1000,800,200,10000,10000,0.5,359,51260911,51760911,1051760911,2051260911,3051260911,0.16978716169582303,1.2095798961709718,1.2132149079712689,0.005123638750357136,1.4630835252209788,0.0018416244761993916,-0.0025086711485836966,1.4718904129237345,-2.220446049250313e-16,5.13979454552782e-07,2513,0.005,1,1,0.8542981147766113,1.0,-0.14570188522338867,0.14570188522338867,-0.9128298163414001,-1.0,0.08717018365859985,0.08717018365859985,0.34410739730802575,0.724735950621161,0.7494878001882442,0.7220160961151123,83646764cb4e61affbffb10d1f3bd06e93f1f56e807bba2592edf230cf46d94f
3,deep,7,1000,800,200,10000,10000,0.5,360,51260911,51760911,1051760911,2051260911,3051260911,0.16978500689873008,1.1806169986390296,1.1843319419851925,0.005081137327780395,1.3938564974754302,0.0018522570016036106,-0.0026480908877173337,1.4026421488064176,-2.220446049250313e-16,5.503568747400323e-07,2520,0.005,1,1,0.8534290790557861,1.0,-0.14657092094421387,0.14657092094421387,-0.9143033623695374,-1.0,0.08569663763046265,0.08569663763046265,0.34864616824159433,0.727763150597488,0.7413197078209259,0.7273457050323486,1ee4285710c19648a77e1dadbca96bada19195a4be4e3393f24076a901bb085f
3,deep,7,1000,800,200,10000,10000,0.5,361,51260911,51760911,1051760911,2051260911,3051260911,0.16870335237112322,1.210867467486482,1.2104739292108166,0.005028634573967977,1.4662000238171269,-0.002990762546010758,0.004065666514790969,1.4652471332990733,-2.220446049250313e-16,5.32394928143276e-07,2527,0.005,1,1,0.8546289801597595,1.0,-0.14537101984024048,0.14537101984024048,-0.9143957495689392,-1.0,0.08560425043106079,0.08560425043106079,0.36310010406244836,0.734147461596087,0.7526167320424767,0.7264342904090881,5f95ab56e4955aec6a44a6c0ed9ab5acf69c006f810cdaf845001dace40a5764
3,deep,7,1000,800,200,10000,10000,0.5,362,51260911,51760911,1051760911,2051260911,3051260911,0.1679657285656461,1.176539856908738,1.179115988147236,0.004928854054116273,1.3842460348948338,0.0005698122777412551,-0.0008203607512260391,1.3903145135044328,2.220446049250313e-16,5.195834233973073e-07,2534,0.005,1,1,0.8538142442703247,1.0,-0.1461857557296753,0.1461857557296753,-0.9172823429107666,-1.0,0.0827176570892334,0.0827176570892334,0.37450339079976336,0.7135017303042077,0.7358545083626461,0.7091126441955566,b0ab508a7635b1cd19100ecc7986a501d9239f0f5148508a1a22f589b1f4f663
3,deep,7,1000,800,200,10000,10000,0.5,363,51260911,51760911,1051760911,2051260911,3051260911,0.16711401709304616,1.1934788977475241,1.1934246877634829,0.004922456642996617,1.4243918793686454,-0.002525925324137659,0.0035344574114970395,1.4242624853633665,-2.220446049250313e-16,5.558212681222585e-07,2541,0.005,1,1,0.8557332754135132,1.0,-0.14426672458648682,0.14426672458648682,-0.9156542420387268,-1.0,0.0843457579612732,0.0843457579612732,0.35481477366296615,0.7205114294710196,0.7463489310163588,0.7152113318443298,de19d77553d5f1f2c2efe60f17eaaf4095643db65037ead1e2f6e693048c5b61
3,deep,7,1000,800,200,10000,10000,0.5,364,51260911,51760911,1051760911,2051260911,3051260911,0.16768117032334032,1.1532463511144087,1.1565769343637236,0.00499283763760356,1.329977146358698,0.0013501105529436796,-0.002022683010298185,1.3376702051021887,-2.220446049250313e-16,4.782570712791312e-07,2548,0.005,1,1,0.8560191988945007,1.0,-0.14398080110549927,0.14398080110549927,-0.9140552282333374,-1.0,0.0859447717666626,0.0859447717666626,0.337350663157606,0.7061406069041446,0.7319699575634364,0.7035074234008789,41c1876df20795b6d75e8022c0c898a5147030ccb2a72d690f8ec70fd42b47c8
3,deep,7,1000,800,200,10000,10000,0.5,365,51260911,51760911,1051760911,2051260911,3051260911,0.1671062042956579,1.1702602771140833,1.1724924699148713,0.005020645679906608,1.369509116191131,0.00010441506801880083,-0.00015192842078103703,1.3747385920070754,0.0,5.197601655737571e-07,2555,0.005,1,1,0.8576027154922485,1.0,-0.14239728450775146,0.14239728450775146,-0.9125500321388245,-1.0,0.08744996786117554,0.08744996786117554,0.32941057298280413,0.7241258999658367,0.7380541695976063,0.723892092704773,a533eecfc72a46bfd79a383980c691837b93924a6fa5d69fdb8ec6eb1eece128
3,deep,7,1000,800,200,10000,10000,0.5,366,51260911,51760911,1051760911,2051260911,3051260911,0.1676110127895704,1.1685149052628134,1.1708539328485956,0.0050180534536243175,1.3654270838213618,0.00022689739601872283,-0.00033112948464305403,1.3708989320670237,0.0,4.930728234597836e-07,2562,0.005,1,1,0.8566204905509949,1.0,-0.14337950944900513,0.14337950944900513,-0.9131911993026733,-1.0,0.08680880069732666,0.08680880069732666,0.3240007504309785,0.7191224005246419,0.7377338612531007,0.7167394757270813,b568d0707073a750e07fdf36aff1758fce2cffada28cd04736225f3ad56f1f2e
3,deep,7,1000,800,200,10000,10000,0.5,367,51260911,51760911,1051760911,2051260911,3051260911,0.1705711165867358,1.1483623870944084,1.1486425147037258,0.0051056385752117845,1.318736172093168,-0.002231092041740336,0.0033706323878891615,1.3193796265848992,0.0,5.38507729075377e-07,2569,0.005,1,1,0.8522019386291504,1.0,-0.1477980613708496,0.1477980613708496,-0.9148516654968262,-1.0,0.08514833450317383,0.08514833450317383,0.33529417690204255,0.7006224835881325,0.7314825762672582,0.6957791447639465,93ef3fd53f584d671a50f76938ac79479f6c96a1825cf542d1fdd028c19678f4
3,deep,7,1000,800,200,10000,10000,0.5,368,51260911,51760911,1051760911,2051260911,3051260911,0.16977552636383028,1.1664177343920976,1.1669791390809758,0.005100717663785053,1.360530331104394,-0.001895368859001939,0.0027758139516695845,1.3618403110501753,4.440892098500626e-16,5.71618430811327e-07,2576,0.005,1,1,0.8538717031478882,1.0,-0.14612829685211182,0.14612829685211182,-0.9135693907737732,-1.0,0.0864306092262268,0.0864306092262268,0.3261155460831147,0.703745974603896,0.7365445912750916,0.7002117037773132,8914d5f65d7d2756492f8964a58f940a3eaf1c41223712be4970a10e5e558b9b
3,deep,7,1000,800,200,10000,10000,0.5,369,51260911,51760911,1051760911,2051260911,3051260911,0.17173684619969484,1.1560241883172409,1.1575605104095343,0.005204060062288737,1.3363919239745354,-0.0008248243886211467,0.0012296166631913634,1.3399463352595817,0.0,4.687392127777912e-07,2583,0.005,1,1,0.8518640995025635,1.0,-0.14813590049743652,0.14813590049743652,-0.9131132960319519,-1.0,0.0868867039680481,0.0868867039680481,0.3238537694342316,0.7070802830800906,0.7311415625256806,0.704764723777771,09eb2a75838f2cd769dcf59877432e0a5b27687997085463b97081a87d8a98eb
3,deep,7,1000,800,200,10000,10000,0.5,370,51260911,51760911,1051760911,2051260911,3051260911,0.17215965982425846,1.1571837754401197,1.15765545293191,0.005205641627000833,1.3390742901418493,-0.0020568920329321373,0.0030602138502887678,1.340166147702986,2.220446049250313e-16,5.200105626101958e-07,2590,0.005,1,1,0.8509390354156494,1.0,-0.14906096458435059,0.14906096458435059,-0.913861870765686,-1.0,0.08613812923431396,0.08613812923431396,0.33212298692855013,0.7016235682526556,0.7324522909835824,0.6968737840652466,ecb93919790478364046861e736c85150e751f5cee7ddee3e6478c83fa52ada7
3,deep,7,1000,800,200,10000,10000,0.5,371,51260911,51760911,1051760911,2051260911,3051260911,0.17025697609613585,1.1859927980787222,1.1884672851048665,0.005182452050163465,1.4065789170945968,0.0003465593098856907,-0.0004909601827334814,1.412454487764532,2.220446049250313e-16,4.731278018255125e-07,2597,0.005,1,1,0.8544378876686096,1.0,-0.14556211233139038,0.14556211233139038,-0.911687433719635,-1.0,0.08831256628036499,0.08831256628036499,0.3315556062988618,0.7251447063932378,0.7422461729006957,0.7264597415924072,a19b09a48f5bff5ea88b4724b9e065676038ac758f40830165b68aa36023ec7d
3,deep,7,1000,800,200,10000,10000,0.5,372,51260911,51760911,1051760911,2051260911,3051260911,0.16874796624551486,1.1926052632703792,1.1958756824169678,0.005116966970232806,1.4223073139802103,0.001347183422902822,-0.00188757251909125,1.4301186477962484,-4.440892098500626e-16,5.325526117871959e-07,2604,0.005,1,1,0.8561587333679199,1.0,-0.14384126663208008,0.14384126663208008,-0.9117641448974609,-1.0,0.08823585510253906,0.08823585510253906,0.33519287888440125,0.7246342947087427,0.743863932505869,0.7234733700752258,cee92c5d404ec5c7b3fd87f3661c76a563590b73a67c2b336a71375f182af269
3,deep,7,1000,800,200,10000,10000,0.5,373,51260911,51760911,1051760911,2051260911,3051260911,0.1680527330752529,1.1777298444467506,1.1799945971601373,0.005060464027699503,1.3870475865005674,0.0001395993994238114,-0.0002005582819104268,1.3923872493271146,2.220446049250313e-16,5.182239295464797e-07,2611,0.005,1,1,0.8565148115158081,1.0,-0.1434851884841919,0.1434851884841919,-0.9125144481658936,-1.0,0.08748555183410645,0.08748555183410645,0.3265255602973707,0.7311576995350392,0.7377857399699503,0.7321666479110718,c19233b031678c6a7213f9095e5daeeb85858027ceac11f04f713422df1c237a
3,deep,7,1000,800,200,10000,10000,0.5,374,51260911,51760911,1051760911,2051260911,3051260911,0.17036030447763045,1.1949715897140576,1.1951744289078485,0.005154110320812049,1.427957100223742,-0.002334647514676141,0.0032581526088111767,1.4284419155152017,0.0,5.418921382727149e-07,2618,0.005,1,1,0.8537273406982422,1.0,-0.1462726593017578,0.1462726593017578,-0.9126676321029663,-1.0,0.08733236789703369,0.08733236789703369,0.33188223199337163,0.7103795168041341,0.7441429522089653,0.7063583731651306,6ecadbb5aa0fba0e158952d4f9ba214f1eba67e3e22292f01fd1f2166100e135
3,deep,7,1000,800,200,10000,10000,0.5,375,51260911,51760911,1051760911,2051260911,3051260911,0.17087271070080445,1.1795826227957944,1.1809671836779279,0.005164828905595046,1.3914151640018053,-0.0009482519916118367,0.0013579630188425736,1.3946834889241768,2.220446049250313e-16,5.25328578859785e-07,2625,0.005,1,1,0.8528857231140137,1.0,-0.14711427688598633,0.14711427688598633,-0.9130812287330627,-1.0,0.08691877126693726,0.08691877126693726,0.32401711165946395,0.7143367662894247,0.7401314484512984,0.7119964361190796,2fc99b1b44ebb7b147f83f9c705d364268d406b034686a9837f4cb6a10cb62f3
3,deep,7,1000,800,200,10000,10000,0.5,376,51260911,51760911,1051760911,2051260911,3051260911,0.1714462903914473,1.2253808349658697,1.2302529990758075,0.00517459352676333,1.501558190701652,0.003394828753301828,-0.00450621210188944,1.513522441735019,0.0,5.179936373167493e-07,2632,0.005,1,1,0.8518470525741577,1.0,-0.14815294742584229,0.14815294742584229,-0.9137182831764221,-1.0,0.08628171682357788,0.08628171682357788,0.36116872093763847,0.7352913296397756,0.7549145032952355,0.7347315549850464,7228f56e6ddf973acb76bce8137ef74df89386a4531417ac65fd2570c6a68948
3,deep,7,1000,800,200,10000,10000,0.5,377,51260911,51760911,1051760911,2051260911,3051260911,0.17044381882709514,1.2259161042624898,1.2301422127988,0.00517275771209236,1.5028702946901196,0.0026034056536579473,-0.003452694071977449,1.513249863709528,2.220446049250313e-16,4.983849706263754e-07,2639,0.005,1,1,0.853908121585846,1.0,-0.14609187841415405,0.14609187841415405,-0.912203311920166,-1.0,0.08779668807983398,0.08779668807983398,0.3567685305763465,0.7443579319343742,0.7566820458252319,0.744691014289856,8d4b798c23b34da191d60f8d95315ec1abba233737beb08450919fbd58c227b6
3,deep,7,1000,800,200,10000,10000,0.5,378,51260911,51760911,1051760911,2051260911,3051260911,0.17132759985161183,1.1621425646816153,1.1632955185980658,0.005228404515590474,1.350575340644762,-0.0012736407850048221,0.0018787981513566142,1.3532564635903428,0.0,4.629749490447921e-07,2646,0.005,1,1,0.853184163570404,1.0,-0.14681583642959595,0.14681583642959595,-0.9116922616958618,-1.0,0.08830773830413818,0.08830773830413818,0.32167037830275247,0.7164799463654618,0.7345756553283174,0.7146369218826294,d65b5b4818076ee090845da5a9fa67860bfd25c3fb0f5483d90ba60da8237abb
3,deep,7,1000,800,200,10000,10000,0.5,379,51260911,51760911,1051760911,2051260911,3051260911,0.17145833272805794,1.1790751697721626,1.1784255810324185,0.005218721062130681,1.3902182559732543,-0.003375063501896159,0.004837285463176565,1.388686850031593,4.440892098500626e-16,5.240310247955904e-07,2653,0.005,1,1,0.852745771408081,1.0,-0.14725422859191895,0.14725422859191895,-0.9121697545051575,-1.0,0.08783024549484253,0.08783024549484253,0.3569495549923491,0.7176543015559846,0.7369685617733971,0.7161214351654053,89884600e5cb1dcbf3ceda93c3725faa2751f00e228c6c7c38b69736a76bf852
3,deep,7,1000,800,200,10000,10000,0.5,380,51260911,51760911,1051760911,2051260911,3051260911,0.17043732065326575,1.1834667980445215,1.183824791618765,0.0053193501388576585,1.4005936620737522,-0.0022359374806986258,0.003180762196915345,1.4014411372512123,-4.440892098500626e-16,5.333795680684261e-07,2660,0.005,1,1,0.8561456799507141,1.0,-0.1438543200492859,0.1438543200492859,-0.9085953235626221,-1.0,0.09140467643737793,0.09140467643737793,0.3283522940748377,0.7235454952306375,0.7430766886511991,0.7194485664367676,24947dc7d12aa848852d47c99fd46cc17a69167eec04a74b7a54612fccf7b6c2
3,deep,7,1000,800,200,10000,10000,0.5,381,51260911,51760911,1051760911,2051260911,3051260911,0.1718446576857142,1.1886178293483205,1.1890862649836853,0.005298243387229936,1.412812344244713,-0.002092221029545983,0.002950716323244882,1.413926145572851,0.0,4.919871710029611e-07,2667,0.005,1,1,0.8533879518508911,1.0,-0.1466120481491089,0.1466120481491089,-0.9103590846061707,-1.0,0.08964091539382935,0.08964091539382935,0.3318932610237359,0.7119036084711626,0.7393347127799857,0.7091077566146851,e5ab6d5b4f5d04dd693a12a7a5ffabe3446bfd9ba0d9578c322b2e72bb7c31f8
3,deep,7,1000,800,200,10000,10000,0.5,382,51260911,51760911,1051760911,2051260911,3051260911,0.1695496139867738,1.1663215710320014,1.1668831085618196,0.005170223592658141,1.3603060070545558,-0.0019300208001594061,0.002826883041742304,1.3616161890468952,0.0,5.001889800126946e-07,2674,0.005,1,1,0.8555471897125244,1.0,-0.14445281028747559,0.14445281028747559,-0.9112280607223511,-1.0,0.08877193927764893,0.08877193927764893,0.32640839257387344,0.7153926821793968,0.737733184663358,0.7103515863418579,ba2bc32bb32d8f02d3ce458f6928e261f38176982898f17311fad6bb11d036f1
3,deep,7,1000,800,200,10000,10000,0.5,383,51260911,51760911,1051760911,2051260911,3051260911,0.1679892374790163,1.2068553511736766,1.2099041101156045,0.005092380991977741,1.4564998386565382,0.0011378680130584588,-0.0015570252738921853,1.4638679556746328,-2.220446049250313e-16,4.813669072234461e-07,2681,0.005,1,1,0.8571402430534363,1.0,-0.14285975694656372,0.14285975694656372,-0.9116174578666687,-1.0,0.0883825421333313,0.0883825421333313,0.3190439820108079,0.7250255504832392,0.7470074972043481,0.7233603000640869,79d1be35a78163b4fcd2645f2b88f1965ea65e517648bdbc2d67f30c3cce039a
3,deep,7,1000,800,200,10000,10000,0.5,384,51260911,51760911,1051760911,2051260911,3051260911,0.16605789784310285,1.1984610935643005,1.200157852136563,0.0050292334652725056,1.4363089927873391,-0.0004796781037816538,0.0006656010297163721,1.4403788700450484,2.220446049250313e-16,5.098447655171867e-07,2688,0.005,1,1,0.8595643043518066,1.0,-0.14043569564819336,0.14043569564819336,-0.9113826155662537,-1.0,0.08861738443374634,0.08861738443374634,0.3132686758203767,0.7238529133382223,0.7459226069968303,0.721124529838562,c2bf8466cbde0965c76eba228fa0d445c459cf0923e193fd49c4af1dc13b1cd5
3,deep,7,1000,800,200,10000,10000,0.5,385,51260911,51760911,1051760911,2051260911,3051260911,0.16799909707597838,1.2005399211164147,1.2039099810886904,0.005112205438041032,1.4412961021942072,0.001495467466361569,-0.0020678358364929887,1.449399242564971,-2.220446049250313e-16,4.845498864369802e-07,2695,0.005,1,1,0.8574203848838806,1.0,-0.14257961511611938,0.14257961511611938,-0.9111475944519043,-1.0,0.0888524055480957,0.0888524055480957,0.32038334096777993,0.7338745484771139,0.7482003599398984,0.7334896326065063,e893a3e5c2fc58e4b66df8d6bc8f994847c447e6156f0041d867508b05c951bb
3,deep,7,1000,800,200,10000,10000,0.5,386,51260911,51760911,1051760911,2051260911,3051260911,0.1692157936195309,1.186007873301478,1.1884834506578275,0.005097458628678352,1.406614675533095,0.0003903891628815146,-0.0005530719095409836,1.4124929124875365,2.220446049250313e-16,5.339577953122898e-07,2702,0.005,1,1,0.8549418449401855,1.0,-0.14505815505981445,0.14505815505981445,-0.9128672480583191,-1.0,0.08713275194168091,0.08713275194168091,0.3212699899249297,0.7208314853411855,0.7444732378200367,0.7196210026741028,a10991ea92fe654bbb87565248b679832093d0ec032850580b9499c299f65b67
3,deep,7,1000,800,200,10000,10000,0.5,387,51260911,51760911,1051760911,2051260911,3051260911,0.16890651225366965,1.1934692742097945,1.1971178862530463,0.0051370244180450695,1.424368908482854,0.0017926503430309403,-0.002508069818770338,1.4330912335869612,4.440892098500626e-16,5.519490677841077e-07,2709,0.005,1,1,0.8561886548995972,1.0,-0.14381134510040283,0.14381134510040283,-0.9114127159118652,-1.0,0.08858728408813477,0.08858728408813477,0.33251784536746426,0.727952568028866,0.743243840532778,0.7251557111740112,a4b43983506b54a37eba75ddcb6c7089a9acf99bc87ac3dee5525983b147d4da
3,deep,7,1000,800,200,10000,10000,0.5,388,51260911,51760911,1051760911,2051260911,3051260911,0.1668934651526223,1.2004690678269376,1.2030879370671157,0.005072988732349124,1.4411259828092768,0.0006108063873912307,-0.0008447058799110063,1.4474205843164083,0.0,4.851156560903291e-07,2716,0.005,1,1,0.8587601780891418,1.0,-0.14123982191085815,0.14123982191085815,-0.9110913872718811,-1.0,0.0889086127281189,0.0889086127281189,0.3330241376553073,0.7311538161561251,0.748211887343046,0.7294841408729553,4439751f727ecdb9882205d1b20fe1ebdad7af4f7cdc03a87e749070ec1e152f
3,deep,7,1000,800,200,10000,10000,0.5,389,51260911,51760911,1051760911,2051260911,3051260911,0.1652034078303436,1.1933504925030116,1.198142657677921,0.0049585326027666455,1.4240853979571806,0.003250948793782228,-0.004549823450855563,1.4355458281475117,2.220446049250313e-16,4.929845758283591e-07,2723,0.005,1,1,0.8600149154663086,1.0,-0.1399850845336914,0.1399850845336914,-0.9122712016105652,-1.0,0.08772879838943481,0.08772879838943481,0.33987577818110326,0.7253891102923197,0.7441691310354661,0.7261847257614136,a0d787c52c586bc06e5dd302f6d4588c5e0de79728bee4861cc73e795efd45a7
3,deep,7,1000,800,200,10000,10000,0.5,390,51260911,51760911,1051760911,2051260911,3051260911,0.16577402647870043,1.1892030266079063,1.1925067684288215,0.0049424576298522154,1.414203838493405,0.0014630483126468708,-0.0020618710229432196,1.422072392748551,0.0,4.934497130903992e-07,2730,0.005,1,1,0.8587628602981567,1.0,-0.14123713970184326,0.14123713970184326,-0.9132065773010254,-1.0,0.08679342269897461,0.08679342269897461,0.32916165226806243,0.7194844530584542,0.7445694269153875,0.7171757221221924,8751ee7618f4e60dcb84110d60485438238c4bc36e1e3e55bd45b2480d6853c0
3,deep,7,1000,800,200,10000,10000,0.5,391,51260911,51760911,1051760911,2051260911,3051260911,0.16322151474497082,1.2210482269349194,1.2235010312927168,0.004841196329607631,1.4909587725009104,0.0005774023719118779,-0.0007720315335523325,1.4969547735743418,2.220446049250313e-16,5.396701112658775e-07,2737,0.005,1,1,0.8617078065872192,1.0,-0.13829219341278076,0.13829219341278076,-0.9133020639419556,-1.0,0.08669793605804443,0.08669793605804443,0.3192573686947348,0.7287302456936808,0.752031986260421,0.7255170345306396,c6f57d28a6e1fca7b55f4d687c09dfd0db713b007dbab2ef77650f8fe50a3417
3,deep,7,1000,800,200,10000,10000,0.5,392,51260911,51760911,1051760911,2051260911,3051260911,0.16306299047532163,1.1900716218663498,1.191464116307476,0.004798618463762544,1.4162704651716043,-0.0007411715935060342,0.0010431183142904994,1.4195867404483546,0.0,5.215715876971672e-07,2744,0.005,1,1,0.8613378405570984,1.0,-0.1386621594429016,0.1386621594429016,-0.9141958951950073,-1.0,0.08580410480499268,0.08580410480499268,0.31826339217171523,0.7356478028692678,0.7424218966998011,0.7382743954658508,0ec2a72293b7e00e15326d52d34e2a35f2074dcf338446af64fa508f38d1dd91
3,deep,7,1000,800,200,10000,10000,0.5,393,51260911,51760911,1051760911,2051260911,3051260911,0.16432936286076305,1.1834650406592406,1.1846086044569022,0.004777470864425094,1.400589502462578,-0.0010347137868368503,0.0014725175793583864,1.4032975457533294,0.0,5.092551980112603e-07,2751,0.005,1,1,0.858532726764679,1.0,-0.14146727323532104,0.14146727323532104,-0.9163869023323059,-1.0,0.08361309766769409,0.08361309766769409,0.321300162627588,0.7181936163063887,0.7406593180495332,0.7148683071136475,6ca8340dde9056c6c8fc2447865b781727e9b99a95f7c14212cc792aa052dad1
3,deep,7,1000,800,200,10000,10000,0.5,394,51260911,51760911,1051760911,2051260911,3051260911,0.1640774739143192,1.1952456611198508,1.1969829296123375,0.004774961770916753,1.4286121904258293,-0.00030950920670588865,0.0004318570962932777,1.4327681337833342,0.0,5.535466502948339e-07,2758,0.005,1,1,0.859001874923706,1.0,-0.14099812507629395,0.14099812507629395,-0.916089653968811,-1.0,0.08391034603118896,0.08391034603118896,0.32620305239667197,0.7254481074534423,0.7469128886623446,0.7239774465560913,59d6ef0839d1c15cc4d4fe5decbffba881031b4873d1e718c0ec97f921f410ad
3,deep,7,1000,800,200,10000,10000,0.5,395,51260911,51760911,1051760911,2051260911,3051260911,0.16359901192483697,1.1900351123354618,1.19251771486628,0.004789914939386249,1.4161835685912754,0.0005625083696161658,-0.0007917225425185467,1.422098500269894,2.220446049250313e-16,5.474824753548546e-07,2765,0.005,1,1,0.8602156639099121,1.0,-0.1397843360900879,0.1397843360900879,-0.9150001406669617,-1.0,0.08499985933303833,0.08499985933303833,0.3157631401603976,0.7255002291097767,0.7421537780527264,0.7260621786117554,6e6a7639fe184acf5794fc79bf00c8f6b4c826ca185d6255eab7dca16e4d2d12
3,deep,7,1000,800,200,10000,10000,0.5,396,51260911,51760911,1051760911,2051260911,3051260911,0.1651237450255132,1.2025383610745235,1.2051326951287313,0.004866143081149427,1.4460985098558012,0.0006900799656443531,-0.0009512016219658239,1.4523448128682395,0.0,5.539648419983223e-07,2772,0.005,1,1,0.8586750030517578,1.0,-0.1413249969482422,0.1413249969482422,-0.9146003723144531,-1.0,0.08539962768554688,0.08539962768554688,0.3186661570380537,0.7293112118668243,0.7449770872387761,0.7302375435829163,acf65bc657b91de203b3f44a5fde00243bf8366501dcea4bcb732852c1c4c846
3,deep,7,1000,800,200,10000,10000,0.5,397,51260911,51760911,1051760911,2051260911,3051260911,0.16820742934391894,1.1912022765910206,1.1929348898794494,0.005069923967950281,1.4189628637556304,-0.0004695681159435134,0.0006594905959913352,1.4230936514916939,2.220446049250313e-16,5.214586540347455e-07,2779,0.005,1,1,0.8563850522041321,1.0,-0.14361494779586792,0.14361494779586792,-0.9124301075935364,-1.0,0.08756989240646362,0.08756989240646362,0.30926882615632395,0.7260527899477088,0.7422232619056668,0.7270217537879944,0d520cac71e8a6b30c81fe3e3af7a3c050e46a5b2e69a239103d4aa30e50186b
3,deep,7,1000,800,200,10000,10000,0.5,398,51260911,51760911,1051760911,2051260911,3051260911,0.16753823175464258,1.2032276168010372,1.2055722916843827,0.005136321847522966,1.4477566978327034,0.00025576539845388407,-0.00035207740004171347,1.4534045504771345,4.440892098500626e-16,4.993750213344583e-07,2786,0.005,1,1,0.8585442900657654,1.0,-0.14145570993423462,0.14145570993423462,-0.9102261662483215,-1.0,0.08977383375167847,0.08977383375167847,0.31877543446363693,0.7368097229047628,0.749464529742572,0.7370147109031677,f3292bf4a17e1e7d28a6b2778b5c13dea53dc92a3bb31593aa2908fc00280224
3,deep,7,1000,800,200,10000,10000,0.5,399,51260911,51760911,1051760911,2051260911,3051260911,0.16736660575251192,1.2049744987202164,1.2073925839340054,0.005026565327333147,1.451963542566037,0.00040337192273211145,-0.000553705780906554,1.4577968517388344,0.0,5.159597158410634e-07,2793,0.005,1,1,0.8572225570678711,1.0,-0.1427774429321289,0.1427774429321289,-0.9126719832420349,-1.0,0.08732801675796509,0.08732801675796509,0.31011202579541985,0.724754577397753,0.7457768194411639,0.7249997854232788,1ce08d97980838b1c7d667fb70f7ae8c24542dbd5a91d2310734b679e9bccac5
3,deep,7,1000,800,200,10000,10000,0.5,400,51260911,51760911,1051760911,2051260911,3051260911,0.16677572073860764,1.203895494652923,1.2048570558063705,0.004979766721634199,1.4493643620456063,-0.0013318019204226633,0.0018314811385824498,1.451680524926395,0.0,5.044447117796835e-07,2800,0.005,1,1,0.8575360178947449,1.0,-0.14246398210525513,0.14246398210525513,-0.9132927060127258,-1.0,0.08670729398727417,0.08670729398727417,0.31329031926787515,0.7141801581012363,0.7470029048886391,0.7114561796188354,e02077628c1cce2a624ec9719bb24c729caa86e9290fdfeb50ec71d715131392
3,deep,7,1000,800,200,10000,10000,0.5,401,51260911,51760911,1051760911,2051260911,3051260911,0.16540946605083107,1.1982867812024103,1.2003180365721693,0.004914220933624894,1.4358912100044332,-2.1021008795262652e-05,2.917952465181452e-05,1.4407633889204676,2.220446049250313e-16,4.890112084154907e-07,2807,0.005,1,1,0.8589670658111572,1.0,-0.14103293418884277,0.14103293418884277,-0.9135708212852478,-1.0,0.0864291787147522,0.0864291787147522,0.32767866775190446,0.713626637110231,0.7441691100605101,0.7144312262535095,a6b22476fbe4793dd16fc823e22250ac542483edf5e0cc9b6e1f30cb3c34ba5f
3,deep,7,1000,800,200,10000,10000,0.5,402,51260911,51760911,1051760911,2051260911,3051260911,0.165416887311422,1.2100099128421236,1.2097785268511656,0.00502235792914272,1.4641239891762035,-0.0027911315375848014,0.003799664401145819,1.4635640840301767,2.220446049250313e-16,4.825869357460988e-07,2814,0.005,1,1,0.8605408072471619,1.0,-0.13945919275283813,0.13945919275283813,-0.9110400080680847,-1.0,0.08895999193191528,0.08895999193191528,0.3312049126564749,0.7224219058444353,0.7472673408626375,0.7229341864585876,276dc40d93aaf995c414419c1cb15de06d9e02a03a5342c4948fe045a9a932cb
3,deep,7,1000,800,200,10000,10000,0.5,403,51260911,51760911,1051760911,2051260911,3051260911,0.16589608035424372,1.2390389464099838,1.2439607851350605,0.005318865877684135,1.5352175107207626,0.003451029177694777,-0.004480295603684165,1.5474384349538362,-2.220446049250313e-16,4.951619843041044e-07,2821,0.005,1,1,0.8631708025932312,1.0,-0.1368291974067688,0.1368291974067688,-0.9061955213546753,-1.0,0.09380447864532471,0.09380447864532471,0.34018189237309493,0.7487501978370639,0.7602862307208845,0.7533890604972839,4838f10803b3c3d58f242f382337a5b7683105ee2a19f8293ca25c2a4f58ee02
3,deep,7,1000,800,200,10000,10000,0.5,404,51260911,51760911,1051760911,2051260911,3051260911,0.16601530662074893,1.2182982425633,1.2223628903911423,0.005125709757744786,1.4842506078328255,0.0023973591074086956,-0.003219279209819865,1.494171035805388,2.220446049250313e-16,5.216466583135571e-07,2828,0.005,1,1,0.8608813285827637,1.0,-0.13911867141723633,0.13911867141723633,-0.9094070792198181,-1.0,0.09059292078018188,0.09059292078018188,0.3246456997397469,0.7340207763793442,0.7493953122622387,0.7357664108276367,ea33edfdf5a582d6fe4532b1254646ac0ae300a43cef87aeec2135eecac9cdf7
3,deep,7,1000,800,200,10000,10000,0.5,405,51260911,51760911,1051760911,2051260911,3051260911,0.16577231717332658,1.1919095336918684,1.196304868737731,0.00503048905242257,1.4206483365055669,0.0027332567038050753,-0.003834323207732736,1.4311453389655995,-2.220446049250313e-16,5.358012469258711e-07,2835,0.005,1,1,0.8600606918334961,1.0,-0.1399393081665039,0.1399393081665039,-0.9111323952674866,-1.0,0.08886760473251343,0.08886760473251343,0.3293153875510712,0.7326827897372032,0.7450134950118585,0.7376466393470764,90ab6e6c21894e92f11f05a2ae686aab84488b8c719aa419964f25a4eea1b8be
3,deep,7,1000,800,200,10000,10000,0.5,406,51260911,51760911,1051760911,2051260911,3051260911,0.16444943153614922,1.2485454005004726,1.2543496114162354,0.005017588622381048,1.5588656171108854,0.004754870963397019,-0.006080851748986685,1.5733929476600605,0.0,5.431492979823815e-07,2842,0.005,1,1,0.862047553062439,1.0,-0.13795244693756104,0.13795244693756104,-0.910486102104187,-1.0,0.08951389789581299,0.08951389789581299,0.33359545569470667,0.7419818144164495,0.760609892426816,0.7437711954116821,805fec460753f373980a577a4492689b562571ff19e7959d0d07a2966b38526f
3,deep,7,1000,800,200,10000,10000,0.5,407,51260911,51760911,1051760911,2051260911,3051260911,0.1636144428985309,1.2402163198383453,1.2455369347743621,0.005027985032648439,1.5381365199933688,0.004098875430548312,-0.005312298743521459,1.5513622558871139,0.0,4.7430572891471456e-07,2849,0.005,1,1,0.8634815812110901,1.0,-0.1365184187889099,0.1365184187889099,-0.9098201394081116,-1.0,0.09017986059188843,0.09017986059188843,0.32734471686380606,0.7470080810621563,0.7586507358904618,0.7480486631393433,1337a5508bfb77535710d32ed925e30dd525899342b89d04bb4df1497ffc4352
3,deep,7,1000,800,200,10000,10000,0.5,408,51260911,51760911,1051760911,2051260911,3051260911,0.1647364759586026,1.235910843056695,1.2402369800840571,0.004950796935206508,1.5274756119851103,0.0028806789238525403,-0.0037596310101209304,1.5381877667680217,-2.220446049250313e-16,5.444991533209986e-07,2856,0.005,1,1,0.8606998920440674,1.0,-0.13930010795593262,0.13930010795593262,-0.9120591878890991,-1.0,0.08794081211090088,0.08794081211090088,0.3287123201591171,0.7445389008704217,0.7549657829637038,0.7455157041549683,1082387cb4870208278af04ca9806a6832a2b4fa35b94704e6b021655cb259fc
3,deep,7,1000,800,200,10000,10000,0.5,409,51260911,51760911,1051760911,2051260911,3051260911,0.16631888083998714,1.246713267206001,1.2469664548378177,0.005018734445259841,1.5542939706274619,-0.0021936827909633575,0.002813653456201462,1.5549253394907951,0.0,5.263337587990691e-07,2863,0.005,1,1,0.8589683175086975,1.0,-0.1410316824913025,0.1410316824913025,-0.9118408560752869,-1.0,0.08815914392471313,0.08815914392471313,0.3379478105219478,0.7438734508395123,0.7593266616822337,0.7425785064697266,7e95df354ae05669c0ffecf23cd4f83b013816cc39820300245c5e90cd793624
3,deep,7,1000,800,200,10000,10000,0.5,410,51260911,51760911,1051760911,2051260911,3051260911,0.16781363730223425,1.2242638112816229,1.2257599444990084,0.005048530216043589,1.4988218796138049,-0.0006914841458182842,0.0009196060262885555,1.5024874415382121,2.220446049250313e-16,4.77089288963839e-07,2870,0.005,1,1,0.8567599058151245,1.0,-0.1432400941848755,0.1432400941848755,-0.9125717878341675,-1.0,0.08742821216583252,0.08742821216583252,0.3345178866143258,0.733522061562911,0.7500897607244001,0.7306872606277466,9779e0436dc31f8713ef89832652c87054b0ebd1094ab2b93e4c4f2b4748b0ff
3,deep,7,1000,800,200,10000,10000,0.5,411,51260911,51760911,1051760911,2051260911,3051260911,0.16963023920078793,1.2215584293411037,1.2222638107749455,0.005093690083636162,1.4922049962943043,-0.0016849316239243332,0.0022506286010312193,1.4939288231300918,0.0,5.405391263479942e-07,2877,0.005,1,1,0.8540315628051758,1.0,-0.14596843719482422,0.14596843719482422,-0.9135845303535461,-1.0,0.08641546964645386,0.08641546964645386,0.31831685811444355,0.7276700053237761,0.7501200869641275,0.7257667779922485,753a9b0444d763000c75ebb8dc84534beb2b69c42072dfad5649e29b13af9769
3,deep,7,1000,800,200,10000,10000,0.5,412,51260911,51760911,1051760911,2051260911,3051260911,0.1702713162534658,1.2063055385764703,1.2085681823653251,0.005134232987726819,1.455173052400268,0.00016488301891529034,-0.0002258196210689751,1.4606370514258256,2.220446049250313e-16,4.963143602765285e-07,2884,0.005,1,1,0.8535197973251343,1.0,-0.14648020267486572,0.14648020267486572,-0.9131906032562256,-1.0,0.08680939674377441,0.08680939674377441,0.30486157598541863,0.7350906674553259,0.7480027575755009,0.7362680435180664,8fc91db9579e38e3a2094ad59d2a3f0b253b0131e59ac3cf9dfaeea8aadf3e03
3,deep,7,1000,800,200,10000,10000,0.5,413,51260911,51760911,1051760911,2051260911,3051260911,0.16936171298296898,1.2376891366362712,1.2402082892776753,0.005063882377348159,1.5318743989474384,0.0005891597341358723,-0.0007666667442599418,1.538116600793058,-2.220446049250313e-16,4.997046971766395e-07,2891,0.005,1,1,0.8539736866950989,1.0,-0.14602631330490112,0.14602631330490112,-0.9142112731933594,-1.0,0.08578872680664062,0.08578872680664062,0.3094647636300128,0.7304519829137732,0.7571218275124233,0.7308223247528076,503e730b6605422babd4bd30505c426dc3bb68a1771d1463088c2b10f7825326
3,deep,7,1000,800,200,10000,10000,0.5,414,51260911,51760911,1051760911,2051260911,3051260911,0.1682105491137539,1.2116152983183828,1.2138856101553979,0.005007083755746204,1.4680116311191436,0.0002497798337265848,-0.00033914006822078935,1.4735182745423427,0.0,5.067659287760762e-07,2898,0.005,1,1,0.8552180528640747,1.0,-0.1447819471359253,0.1447819471359253,-0.9143671989440918,-1.0,0.0856328010559082,0.0856328010559082,0.30472709405135245,0.7321095223508796,0.749009781893799,0.7353065013885498,1a5b12e612fc1b8ff2326200e0eae870e36118d71406a002a1229355ce115422
3,deep,7,1000,800,200,10000,10000,0.5,415,51260911,51760911,1051760911,2051260911,3051260911,0.1683507320585668,1.2249314190324434,1.2283285027804944,0.005030624008131383,1.5004569813328352,0.0016516527010022124,-0.002194176418514109,1.5087909107429711,0.0,4.667855364459683e-07,2905,0.005,1,1,0.8554022908210754,1.0,-0.14459770917892456,0.14459770917892456,-0.9137824177742004,-1.0,0.08621758222579956,0.08621758222579956,0.31303723913705783,0.7334677514588381,0.7543449472890341,0.7346760034561157,b6c567165e6fcc11038f8e85c9035af7abbda4648f67e492c37ab6467b214755
3,deep,7,1000,800,200,10000,10000,0.5,416,51260911,51760911,1051760911,2051260911,3051260911,0.16728442252468845,1.206707205396579,1.2087045551055142,0.004964857998532116,1.4561422795560217,-7.021801086755017e-05,9.611616980404822e-05,1.460966701532819,2.220446049250313e-16,4.6891467775367346e-07,2912,0.005,1,1,0.8562740683555603,1.0,-0.1437259316444397,0.1437259316444397,-0.9144024848937988,-1.0,0.08559751510620117,0.08559751510620117,0.3012509343286155,0.7285790427598055,0.747078140768888,0.7300500869750977,3397b894afbf0f11d04c3854da6d7b8db5ab31764b1cdafcfe86e884cb0a16a7
3,deep,7,1000,800,200,10000,10000,0.5,417,51260911,51760911,1051760911,2051260911,3051260911,0.16451560465156473,1.2320306759101318,1.2327993311160947,0.004830426977479395,1.5178995863835765,-0.0014679112803826762,0.0019279994056761503,1.5197941908002905,0.0,4.943461888728962e-07,2919,0.005,1,1,0.8591966032981873,1.0,-0.14080339670181274,0.14080339670181274,-0.9149130582809448,-1.0,0.08508694171905518,0.08508694171905518,0.3051129777728043,0.7338168483908497,0.7524832879786463,0.7316039800643921,f8653edc293722480700e26c825d478df06d8af91c17f31c7481e7184077d4c8
3,deep,7,1000,800,200,10000,10000,0.5,418,51260911,51760911,1051760911,2051260911,3051260911,0.16221930278807561,1.254354300777072,1.2552963511339768,0.004707429293924233,1.5734047118779377,-0.0011716060007928106,0.0014848197035260229,1.5757689291702761,-2.220446049250313e-16,5.194920937867664e-07,2926,0.005,1,1,0.8613585829734802,1.0,-0.13864141702651978,0.13864141702651978,-0.9157761335372925,-1.0,0.08422386646270752,0.08422386646270752,0.33002614215550125,0.7541534645952441,0.7659125293144277,0.7555493712425232,891d5c2ccdf90a03c408722033682352ff0f34c53490a9c6486472ff34eaec7c
3,deep,7,1000,800,200,10000,10000,0.5,419,51260911,51760911,1051760911,2051260911,3051260911,0.16220238548606958,1.2408810798841072,1.2441305004203314,0.004608834775731794,1.5397858544143481,0.0017330064430321312,-0.002244253305404675,1.5478607020761441,0.0,4.954095391696001e-07,2933,0.005,1,1,0.859222948551178,1.0,-0.14077705144882202,0.14077705144882202,-0.9194305539131165,-1.0,0.08056944608688354,0.08056944608688354,0.32464324339861766,0.7331869247655339,0.7548535384111327,0.7329892516136169,b46aaaa33f9e987b054ba90ab68b28507b6e3f5093d1c5e1d5be8b25af2b3339
3,deep,7,1000,800,200,10000,10000,0.5,420,51260911,51760911,1051760911,2051260911,3051260911,0.16317992289900776,1.2159807115862815,1.2175288586672348,0.004638127194403492,1.4786090909498795,-0.0004353482283717348,0.0005870204549129803,1.4823765216875393,-2.220446049250313e-16,4.975455691891284e-07,2940,0.005,1,1,0.8574568629264832,1.0,-0.14254313707351685,0.14254313707351685,-0.920569896697998,-1.0,0.07943010330200195,0.07943010330200195,0.30740606563571804,0.7288052408667248,0.7485439767824038,0.7294200658798218,129227786da43c5dfd44aea6286bd8bda2bcea49f7d4eb408e38363a652a397d
3,deep,7,1000,800,200,10000,10000,0.5,421,51260911,51760911,1051760911,2051260911,3051260911,0.1621712507449453,1.2634058999909838,1.2633910995362791,0.004603962049191868,1.5961944681320277,-0.002320679896865614,0.0028994030142856894,1.5961570703874883,0.0,5.619389789046636e-07,2947,0.005,1,1,0.8591568470001221,1.0,-0.14084315299987793,0.14084315299987793,-0.9196089506149292,-1.0,0.0803910493850708,0.0803910493850708,0.3223250761742631,0.7416553940592264,0.7648914030153805,0.7371463775634766,0efc0e4635bc3f17cf944b5f8b7748721f5c842d0d926df4c12d58791f9835e6
3,deep,7,1000,800,200,10000,10000,0.5,422,51260911,51760911,1051760911,2051260911,3051260911,0.15934337277426822,1.2161875822305916,1.217843267018343,0.004441238497671126,1.4791122351718924,-0.00020562532382615312,0.0002772064876334248,1.4831422230219113,2.220446049250313e-16,5.473451647475258e-07,2954,0.005,1,1,0.8615001440048218,1.0,-0.13849985599517822,0.13849985599517822,-0.9212085008621216,-1.0,0.07879149913787842,0.07879149913787842,0.3175655317106838,0.7299190091264959,0.7483043738096791,0.7301958203315735,ee74264cdd69b64074df26eed0b9341d142f17482836479c383db172c0495d21
3,deep,7,1000,800,200,10000,10000,0.5,423,51260911,51760911,1051760911,2051260911,3051260911,0.15682920071474676,1.227623794550845,1.2294214054590202,0.004310769219443908,1.5070601809474151,5.302101698686741e-05,-7.016281076596551e-05,1.5114769922008326,-2.220446049250313e-16,5.580904591795388e-07,2961,0.005,1,1,0.8639535903930664,1.0,-0.1360464096069336,0.1360464096069336,-0.9219822287559509,-1.0,0.07801777124404907,0.07801777124404907,0.30739594733277753,0.7289272785508366,0.751058452299814,0.7279173731803894,8c3783ec44b69bd7c3569c656f7100d601b62ac8528e8670f2cb0194c2c79bc9
3,deep,7,1000,800,200,10000,10000,0.5,424,51260911,51760911,1051760911,2051260911,3051260911,0.15646467161518166,1.2672665135739838,1.2663342324132387,0.00426236293882741,1.60596441642596,-0.003312195591580533,0.00411394920768508,1.6036023881816266,2.220446049250313e-16,5.011025763224097e-07,2968,0.005,1,1,0.8632372617721558,1.0,-0.13676273822784424,0.13676273822784424,-0.9239924550056458,-1.0,0.07600754499435425,0.07600754499435425,0.3387792655918959,0.747992882098738,0.7653161024903502,0.7486209869384766,9598f76de20a4e912009df259516d43bf39603f7d94c84bb9c3509d6d7277f2b
3,deep,7,1000,800,200,10000,10000,0.5,425,51260911,51760911,1051760911,2051260911,3051260911,0.15534156067374283,1.2434067149203016,1.2461060041516963,0.0042085068943435765,1.5460602587088965,0.001255703989833484,-0.001619982312350678,1.552780173582907,0.0,5.178749020728901e-07,2975,0.005,1,1,0.8645267486572266,1.0,-0.13547325134277344,0.13547325134277344,-0.9239868521690369,-1.0,0.07601314783096313,0.07601314783096313,0.3330950181844516,0.7318830596683895,0.7558525983112395,0.7285974025726318,cda35fe9d0cb48c3e97b100fa50335ecd8e044968ed10536a51202d9136f0aa1
3,deep,7,1000,800,200,10000,10000,0.5,426,51260911,51760911,1051760911,2051260911,3051260911,0.15782371240511928,1.2140400332085202,1.2141524571447568,0.0043188796982601115,1.4738932022329445,-0.002022946370277051,0.0027370177730304847,1.4741661891906508,2.220446049250313e-16,5.067527073521205e-07,2982,0.005,1,1,0.8607003092765808,1.0,-0.1392996907234192,0.1392996907234192,-0.9258115887641907,-1.0,0.07418841123580933,0.07418841123580933,0.3317210814575182,0.7235399348928664,0.74826713085645,0.7219784259796143,c5d6adad9ddeebb097d50a847d38761619b1adc1aca6e7bc10edde7def612e6e
3,deep,7,1000,800,200,10000,10000,0.5,427,51260911,51760911,1051760911,2051260911,3051260911,0.161718875215226,1.2402603253174587,1.241935400611761,0.004535811060115963,1.5382456745565682,-0.0001889731619945148,0.0002449772229655427,1.5424035392926956,4.440892098500626e-16,5.044062678649652e-07,2989,0.005,1,1,0.8563864231109619,1.0,-0.14361357688903809,0.14361357688903809,-0.92564857006073,-1.0,0.07435142993927002,0.07435142993927002,0.30982344606125417,0.7365080943645682,0.7561517937518697,0.7381118535995483,eddc4060dd89ba42e898f60f27ce95bf5f9ed2758eb2739c2e46e18c3848c219
3,deep,7,1000,800,200,10000,10000,0.5,428,51260911,51760911,1051760911,2051260911,3051260911,0.16471284919934637,1.2505510623063456,1.2521800671102192,0.00470569843171377,1.5638779594355297,-0.00031436869954487535,0.00040083128237140137,1.5679549204681533,-4.440892098500626e-16,5.296012606237355e-07,2996,0.005,1,1,0.8536784648895264,1.0,-0.14632153511047363,0.14632153511047363,-0.9243671298027039,-1.0,0.07563287019729614,0.07563287019729614,0.30855676958097306,0.7392484707054746,0.7589868962214454,0.742131233215332,3d1d9c897e6194bb805a98742a66576f8c55e6c6223eb6a0227d89c550c4275f
3,deep,7,1000,800,200,10000,10000,0.5,429,51260911,51760911,1051760911,2051260911,3051260911,0.16280415103477583,1.242312882280736,1.2428415011870595,0.00462565841647349,1.5433412974806702,-0.0016559794121200845,0.0021395539559955798,1.5446549970729035,0.0,5.608545521340602e-07,3003,0.005,1,1,0.853888750076294,1.0,-0.14611124992370605,0.14611124992370605,-0.9281898736953735,-1.0,0.07181012630462646,0.07181012630462646,0.32464599679743417,0.7272312092846149,0.7559337591039331,0.7261466979980469,00d15cc5ed9f95df37b22a90553d776b7730b330a6530447f7cf93073f1e6cb2
3,deep,7,1000,800,200,10000,10000,0.5,430,51260911,51760911,1051760911,2051260911,3051260911,0.15917420741983215,1.2397963939558272,1.2405364074079648,0.004412779867233985,1.5370950984658727,-0.0012886501142233932,0.0016719345159842602,1.5389305781046598,0.0,4.959200641252437e-07,3010,0.005,1,1,0.857472836971283,1.0,-0.14252716302871704,0.14252716302871704,-0.9291308522224426,-1.0,0.07086914777755737,0.07086914777755737,0.3113624148845802,0.7274253721798712,0.7557933829456982,0.7263733148574829,e260213e9e12600b696c67dea4bd7692e611be9271a60294d9ad2b2c4a7c219c
3,deep,7,1000,800,200,10000,10000,0.5,431,51260911,51760911,1051760911,2051260911,3051260911,0.15709407173541096,1.2314425338065054,1.2330774441384278,0.0043128605180779035,1.516450714067786,-0.00014179567145325135,0.00018647957358114038,1.5204799832429574,-2.220446049250313e-16,5.01515261319696e-07,3017,0.005,1,1,0.8588206171989441,1.0,-0.1411793828010559,0.1411793828010559,-0.9311020374298096,-1.0,0.06889796257019043,0.06889796257019043,0.3059165805637363,0.7321271347578674,0.7548360375620965,0.7308355569839478,9553e52fc945045b798dd2805c525e9954b4c9e9788a124cc6cd781fef709a73
3,deep,7,1000,800,200,10000,10000,0.5,432,51260911,51760911,1051760911,2051260911,3051260911,0.15391156547990373,1.2468043824308457,1.2479231503604418,0.004126572279540672,1.5545211680487627,-0.0006677755613867704,0.0008568652737996008,1.55731218920553,0.0,5.155144897628361e-07,3024,0.005,1,1,0.8621535897254944,1.0,-0.13784641027450562,0.13784641027450562,-0.9315373301506042,-1.0,0.06846266984939575,0.06846266984939575,0.29869915507073025,0.7342894855714261,0.7570164790661557,0.7333743572235107,0b075e864fe42fd3f78dd50b0f5a383d8b631dbf895688ce13749e1c8f884a36
3,deep,7,1000,800,200,10000,10000,0.5,433,51260911,51760911,1051760911,2051260911,3051260911,0.15342200627201275,1.2555009899154073,1.2566929071336148,0.004093001629267447,1.5762827356785674,-0.0005493372339494612,0.0006951982632753594,1.5792770628399362,2.220446049250313e-16,5.550623214389816e-07,3031,0.005,1,1,0.862931489944458,1.0,-0.137068510055542,0.137068510055542,-0.9310758709907532,-1.0,0.06892412900924683,0.06892412900924683,0.3024480028055986,0.7398318787356339,0.7593417137583829,0.7429941296577454,3c95407a53d4dd6ad513fac4272b27a984ba78797a5859d01f564e72557f54b1
3,deep,7,1000,800,200,10000,10000,0.5,434,51260911,51760911,1051760911,2051260911,3051260911,0.15319687977691934,1.2500451192031055,1.2496725851439583,0.0041160007173678395,1.562612800043506,-0.0025236153502452012,0.0032215088520995087,1.5616815700603834,2.220446049250313e-16,5.597437624516033e-07,3038,0.005,1,1,0.8619120121002197,1.0,-0.13808798789978027,0.13808798789978027,-0.9336600303649902,-1.0,0.06633996963500977,0.06633996963500977,0.30423543805229164,0.733283096401766,0.7590318000076224,0.7309293746948242,2eeb64ac7cdfb7a755c00ebca0011ca439e5e067e6c8af419c26a5e0578ffed7
3,deep,7,1000,800,200,10000,10000,0.5,435,51260911,51760911,1051760911,2051260911,3051260911,0.15359874729405004,1.2502552825833657,1.2501281629118173,0.004163985853990896,1.5631382716276114,-0.002240916888163836,0.0028595848407244966,1.562820423705275,4.440892098500626e-16,5.139149550359434e-07,3045,0.005,1,1,0.8609498739242554,1.0,-0.13905012607574463,0.13905012607574463,-0.93474942445755,-1.0,0.06525057554244995,0.06525057554244995,0.3146626615750301,0.7384359863254126,0.7583871761279567,0.736953616142273,6ac24f3f48326168f88afb426f9e253760b567e353ccacf1579b4a33decf66a3
3,deep,7,1000,800,200,10000,10000,0.5,436,51260911,51760911,1051760911,2051260911,3051260911,0.1544055232821103,1.2773349367534854,1.2786963806589866,0.00427440187537639,1.6315845406510308,-0.0003972543080073571,0.0004856828393698063,1.6350644339103921,-2.220446049250313e-16,5.67671760265398e-07,3052,0.005,1,1,0.859107255935669,1.0,-0.14089274406433105,0.14089274406433105,-0.9368311762809753,-1.0,0.06316882371902466,0.06316882371902466,0.3125844843725955,0.738388456870311,0.7660211773207577,0.736754298210144,c7d12ca256ceb057f70a389fe2e3d2fea5144b65ef877279493826cd33b91546
3,deep,7,1000,800,200,10000,10000,0.5,437,51260911,51760911,1051760911,2051260911,3051260911,0.1537508736794879,1.270874465598736,1.2700095907049127,0.004178567206539454,1.6151219073108731,-0.00318805701747653,0.003937573128207279,1.61292436048246,2.220446049250313e-16,5.027880085606284e-07,3059,0.005,1,1,0.8606866002082825,1.0,-0.13931339979171753,0.13931339979171753,-0.9349530339241028,-1.0,0.06504696607589722,0.06504696607589722,0.3053863459331586,0.7501297276799539,0.7670750926053552,0.750812292098999,1f054e9c366c274f5321b4c974153a8535570c219ffab0012576fab232ac94b4
3,deep,7,1000,800,200,10000,10000,0.5,438,51260911,51760911,1051760911,2051260911,3051260911,0.15041954877355435,1.260979544524515,1.2600533256684234,0.0040065271744602685,1.5900694117092535,-0.003170777677829772,0.003978201540448791,1.5877343835280542,0.0,5.039477937174297e-07,3066,0.005,1,1,0.8635682463645935,1.0,-0.1364317536354065,0.1364317536354065,-0.9366563558578491,-1.0,0.06334364414215088,0.06334364414215088,0.30851958951703196,0.7442278056695594,0.764065945655276,0.7447634339332581,c8a4fda9a72794353b6956fcf954d0496ed149c04e8c97991c47ba48264ce88c
3,deep,7,1000,800,200,10000,10000,0.5,439,51260911,51760911,1051760911,2051260911,3051260911,0.15266973576537707,1.2861683458520938,1.2859086954362358,0.0042140560003830355,1.6542290138719111,-0.002440948436886185,0.002943662620959484,1.653561172998522,2.220446049250313e-16,5.099860498347653e-07,3073,0.005,1,1,0.8602190613746643,1.0,-0.1397809386253357,0.1397809386253357,-0.9386050701141357,-1.0,0.06139492988586426,0.06139492988586426,0.32347096168188927,0.7393650093773931,0.7690195510750711,0.7364518642425537,89823c1cf003753f2ea9adfb2b112cc1f1b2166d9c5c89594fd96e5ec459ae86
3,deep,7,1000,800,200,10000,10000,0.5,440,51260911,51760911,1051760911,2051260911,3051260911,0.1576946357367655,1.235422750904992,1.2356850678218152,0.004510291370147455,1.526269373453658,-0.0019310389930005422,0.0025229483215310506,1.5269175868378042,-2.220446049250313e-16,5.09893318678678e-07,3080,0.005,1,1,0.855448305606842,1.0,-0.14455169439315796,0.14455169439315796,-0.936972975730896,-1.0,0.063027024269104,0.063027024269104,0.311552646754579,0.7448227344324662,0.7549978738418683,0.7474469542503357,56e55d6a92a85e9bffa38cdba641968e71591fb102ca5260f19e00f7e3d9b9a5
3,deep,7,1000,800,200,10000,10000,0.5,441,51260911,51760911,1051760911,2051260911,3051260911,0.16118106732845983,1.262626767045714,1.263130677726181,0.005040058427497338,1.5942263528603118,-0.001883651137403853,0.0023556439678953088,1.5954991090130015,0.0,5.026866336521607e-07,3087,0.005,1,1,0.8495204448699951,1.0,-0.15047955513000488,0.15047955513000488,-0.9422484636306763,-1.0,0.05775153636932373,0.05775153636932373,0.3122238989919147,0.7348454552182782,0.7622862755060387,0.7339169383049011,807c3899bacdfc010f181297014761d8d88f84702d5309104403048bea97307d
3,deep,7,1000,800,200,10000,10000,0.5,442,51260911,51760911,1051760911,2051260911,3051260911,0.15742990574156024,1.2441482036616878,1.2440160803716411,0.004733931409196212,1.5479047526746046,-0.0025313379302897166,0.0032606915649321696,1.5475760082232217,2.220446049250313e-16,5.135389198329676e-07,3094,0.005,1,1,0.8535339832305908,1.0,-0.14646601676940918,0.14646601676940918,-0.9422775506973267,-1.0,0.05772244930267334,0.05772244930267334,0.30874071944920767,0.7387700488695131,0.7563433620797033,0.7392241358757019,60feed2cf9f56a469cea80ad5faa0ad46d77eb7fba2232615540ebd6427b26a8
3,deep,7,1000,800,200,10000,10000,0.5,443,51260911,51760911,1051760911,2051260911,3051260911,0.15332994609629044,1.2460987720595205,1.246463133568181,0.004354246932422497,1.552762149728245,-0.0017230266580290838,0.0022130993697378324,1.5536703433446093,0.0,5.206959627912511e-07,3101,0.005,1,1,0.8584901690483093,1.0,-0.14150983095169067,0.14150983095169067,-0.9409657716751099,-1.0,0.05903422832489014,0.05903422832489014,0.30404681225042834,0.7380246487212697,0.7565647270173289,0.7364106178283691,db6badf18d559df9c6fc3934f1c4ca64c6c0a80101da39feaa2a20a1dfbc53b2
3,deep,7,1000,800,200,10000,10000,0.5,444,51260911,51760911,1051760911,2051260911,3051260911,0.14973588153895767,1.258447983802583,1.2585780512251319,0.004074572097634139,1.5836913279367861,-0.0018735945043847181,0.002360038724026132,1.5840187110256507,0.0,5.00029136318858e-07,3108,0.005,1,1,0.8626460433006287,1.0,-0.13735395669937134,0.13735395669937134,-0.9403784871101379,-1.0,0.05962151288986206,0.05962151288986206,0.31163542046836135,0.7493735206475679,0.762508196448419,0.751332700252533,e4747a0a2c6ab17640172848e34bf152483133dbde270da9462829e7b89e6924
3,deep,7,1000,800,200,10000,10000,0.5,445,51260911,51760911,1051760911,2051260911,3051260911,0.14817332592833707,1.264122338228328,1.2663559801383713,0.003949572691285951,1.598005286007855,0.0008513048665368709,-0.0010628325285372505,1.603657468432215,2.220446049250313e-16,4.997992526512007e-07,3115,0.005,1,1,0.8646036982536316,1.0,-0.1353963017463684,0.1353963017463684,-0.9398071765899658,-1.0,0.06019282341003418,0.06019282341003418,0.31159756093972657,0.74154705160582,0.7606164236386825,0.7425161600112915,324139cecdadedcda8cdd02ab3be85ba226c70f29dd25172b143032a8e0b71c2
3,deep,7,1000,800,200,10000,10000,0.5,446,51260911,51760911,1051760911,2051260911,3051260911,0.14504968550257802,1.2443949820210933,1.2448484985585646,0.0037160136783546817,1.548518871279277,-0.0012935502970594093,0.001666694015957149,1.5496477843635128,-2.220446049250313e-16,5.399803946204429e-07,3122,0.005,1,1,0.8686327934265137,1.0,-0.13136720657348633,0.13136720657348633,-0.9385014772415161,-1.0,0.06149852275848389,0.06149852275848389,0.2959713492889034,0.7418825473109121,0.7566225183849904,0.7435150146484375,7adcac5383fd91aab553aaf7285713a7cde2dcdcc3092615884e3a7e3b4f10f7
3,deep,7,1000,800,200,10000,10000,0.5,447,51260911,51760911,1051760911,2051260911,3051260911,0.1440255466936472,1.2626840823494958,1.262693477339329,0.0036708931833427244,1.5943710918187883,-0.0018235836434222787,0.002282272506651128,1.5943948177152867,2.220446049250313e-16,5.153340740804424e-07,3129,0.005,1,1,0.8694125413894653,1.0,-0.13058745861053467,0.13058745861053467,-0.9392523765563965,-1.0,0.060747623443603516,0.060747623443603516,0.29909404561812514,0.7358513920670515,0.7610370595875141,0.7381043434143066,3867ef5b68ceb61ec07e330832be5dca4e6023543e9cc76006013692fda61f7e
3,deep,7,1000,800,200,10000,10000,0.5,448,51260911,51760911,1051760911,2051260911,3051260911,0.14365004451925006,1.2568535065373243,1.2570647510637667,0.0036601566462176566,1.579680736895168,-0.0015645525871879568,0.001976267515820417,1.58021178836701,2.220446049250313e-16,5.40057442321995e-07,3136,0.005,1,1,0.8695894479751587,1.0,-0.1304105520248413,0.1304105520248413,-0.939763605594635,-1.0,0.06023639440536499,0.06023639440536499,0.2914465422930848,0.7388441965113899,0.7606595930946364,0.7398229837417603,4703d5f3f39108550828fb35feb63299643e93273b2fed74f607f469f8bed1fb
3,deep,7,1000,800,200,10000,10000,0.5,449,51260911,51760911,1051760911,2051260911,3051260911,0.1457915605004925,1.2784759354343853,1.2789812155015012,0.0037966333536132994,1.6345007174848263,-0.0012522006163707975,0.0015286609793148387,1.6357929496056978,-2.220446049250313e-16,5.347073184225337e-07,3143,0.005,1,1,0.8671869039535522,1.0,-0.13281309604644775,0.13281309604644775,-0.9398679733276367,-1.0,0.06013202667236328,0.06013202667236328,0.29316297224613996,0.7418431359297506,0.7653584308805981,0.7406482100486755,625fa4349c954f88a0331bc6043141a88768584fe6c7ebdcc857607934d0f6a5
3,deep,7,1000,800,200,10000,10000,0.5,450,51260911,51760911,1051760911,2051260911,3051260911,0.14654428426053434,1.2483090074592205,1.2492498828647955,0.0038865783449361173,1.558275378103824,-0.0007683433055274111,0.0009836922508010303,1.5606252698377054,0.0,4.801715451918653e-07,3150,0.005,1,1,0.8657767176628113,1.0,-0.13422328233718872,0.13422328233718872,-0.941183865070343,-1.0,0.05881613492965698,0.05881613492965698,0.3035203356190014,0.7347013900943796,0.7576454598741998,0.7335478663444519,e6a01aaffdd8f593160937fc4fe383f3bb43379d6bdb1d004557238529b807c4
3,deep,7,1000,800,200,10000,10000,0.5,451,51260911,51760911,1051760911,2051260911,3051260911,0.14417012270914617,1.26296474103532,1.264262922910478,0.003771186487327583,1.5950799370984128,-0.00024519266979768355,0.00030671107044387023,1.598360738246145,2.220446049250313e-16,4.897053429431253e-07,3157,0.005,1,1,0.8678283095359802,1.0,-0.13217169046401978,0.13217169046401978,-0.9424181580543518,-1.0,0.05758184194564819,0.05758184194564819,0.30822830799187606,0.7379495374810946,0.76195496695307,0.7364879846572876,f5af3e19640a77be6edfece84f0999390479090f4953982b8f4f348de61abeac
3,deep,7,1000,800,200,10000,10000,0.5,452,51260911,51760911,1051760911,2051260911,3051260911,0.14271949172338155,1.2783521689115933,1.2785614809370873,0.003677840742962327,1.6341842677609746,-0.0015713239839496747,0.0019187500288225855,1.6347194605360378,2.220446049250313e-16,5.570890415640406e-07,3164,0.005,1,1,0.8693946599960327,1.0,-0.13060534000396729,0.13060534000396729,-0.9424578547477722,-1.0,0.05754214525222778,0.05754214525222778,0.3163480756302204,0.7460634928248291,0.768021330237755,0.7454824447631836,cbc8d8f93e52b41ef75107ab9f1111ead5dd5033282f5cec6c220a0343375042
3,deep,7,1000,800,200,10000,10000,0.5,453,51260911,51760911,1051760911,2051260911,3051260911,0.14029957105163987,1.2908812903820361,1.292024489229658,0.0034661680843849807,1.666374505858391,-0.0002566965868086844,0.00030745039429729584,1.6693272807691584,-2.220446049250313e-16,5.645062906012299e-07,3171,0.005,1,1,0.8731732368469238,1.0,-0.12682676315307617,0.12682676315307617,-0.940008819103241,-1.0,0.05999118089675903,0.05999118089675903,0.3009818151949112,0.7473000132546826,0.7684051221998734,0.7483948469161987,d36311906f82fe4b4294d298c80cbd81b8319774e7d8e6c3c7154b15faa6d168
3,deep,7,1000,800,200,10000,10000,0.5,454,51260911,51760911,1051760911,2051260911,3051260911,0.13555859326529207,1.270563871266159,1.2705354862683376,0.0032229533974312305,1.6143325509668487,-0.0016475412485795389,0.0020370753821236493,1.6142604218671208,0.0,5.550982145052785e-07,3178,0.005,1,1,0.8778054714202881,1.0,-0.12219452857971191,0.12219452857971191,-0.9413090348243713,-1.0,0.05869096517562866,0.05869096517562866,0.298070017164396,0.747759588661776,0.7650243502382047,0.7474724054336548,feb624702bff608a3b32afc1f45b7644cad7746a883aa12075fdcc0057b73e00
3,deep,7,1000,800,200,10000,10000,0.5,455,51260911,51760911,1051760911,2051260911,3051260911,0.1309192449154415,1.2769298631195976,1.277247756656978,0.0029806511764047406,1.630549875326634,-0.0010843473088780185,0.0013276119316843404,1.631361831885283,0.0,5.54424531173936e-07,3185,0.005,1,1,0.8830199241638184,1.0,-0.11698007583618164,0.11698007583618164,-0.9412164092063904,-1.0,0.05878359079360962,0.05878359079360962,0.2933617652495261,0.7387711962154245,0.7662562809581179,0.7386581897735596,8c10adfabbff2f6ef46349499f3002e42bee7a8e0282c5b6810817cd579f4d93
3,deep,7,1000,800,200,10000,10000,0.5,456,51260911,51760911,1051760911,2051260911,3051260911,0.13068674587431736,1.263926554712281,1.264936361393818,0.002972684740516169,1.5975103357068572,-0.0002095110355707896,0.00026180975729717674,1.6000639983762317,-2.220446049250313e-16,4.681585821231238e-07,3192,0.005,1,1,0.8830795288085938,1.0,-0.11692047119140625,0.11692047119140625,-0.9416165351867676,-1.0,0.05838346481323242,0.05838346481323242,0.29842543545781497,0.7304428982118876,0.7612283027543831,0.7302283048629761,93560d5035262046b7864e7c893d5cfdda8413f85ac74deb1510d3d8fbf5d07d
3,deep,7,1000,800,200,10000,10000,0.5,457,51260911,51760911,1051760911,2051260911,3051260911,0.1308808524678654,1.2632747732761354,1.263906804012545,0.0029707775685638618,1.595863152795871,-0.0006867605676146286,0.0008590767991245842,1.5974604092292057,0.0,5.135510789955333e-07,3199,0.005,1,1,0.8837903141975403,1.0,-0.11620968580245972,0.11620968580245972,-0.9397911429405212,-1.0,0.06020885705947876,0.06020885705947876,0.30135672470609165,0.7342332937204472,0.7621999300862233,0.7324954867362976,14e592082f71d51380522989f35826e8b040a6643039940ef2039bd59de7028f
3,deep,7,1000,800,200,10000,10000,0.5,458,51260911,51760911,1051760911,2051260911,3051260911,0.12950281996421617,1.2866356568064021,1.2874597385230304,0.00290741897890553,1.6554313133656418,-0.00039307701337879013,0.00047406118630909707,1.6575525783177898,0.0,4.823550376897856e-07,3206,0.005,1,1,0.8853938579559326,1.0,-0.11460614204406738,0.11460614204406738,-0.9396973252296448,-1.0,0.060302674770355225,0.060302674770355225,0.29251049778031635,0.7433297081355831,0.7674550353036724,0.7448395490646362,728b44c60556eec45e67c997ff5ae957e9c2966a1f973f2520beda124075a60e
3,deep,7,1000,800,200,10000,10000,0.5,459,51260911,51760911,1051760911,2051260911,3051260911,0.13126303064666908,1.2753805594285892,1.27655159334419,0.002988354689515064,1.6265955713683813,2.2205846791223393e-08,-2.725339448449427e-08,1.62958397046959,0.0,4.883198592153803e-07,3213,0.005,1,1,0.883417010307312,1.0,-0.11658298969268799,0.11658298969268799,-0.9396809339523315,-1.0,0.06031906604766846,0.06031906604766846,0.30112011069752276,0.7468203793881162,0.7647488941437552,0.7496376037597656,fb6165e570f5f1477483436c5924313863567d9e74e6ffeae699e2ba267d55ba
3,deep,7,1000,800,200,10000,10000,0.5,460,51260911,51760911,1051760911,2051260911,3051260911,0.13318897139557453,1.2857813927026298,1.2867597307421883,0.0030909251008897566,1.6532337898203142,-0.0002870551307475968,0.0003466169745118521,1.655750604659709,2.220446049250313e-16,5.160207727783472e-07,3220,0.005,1,1,0.8806782364845276,1.0,-0.11932176351547241,0.11932176351547241,-0.9408255219459534,-1.0,0.05917447805404663,0.05917447805404663,0.29741660909631934,0.7429414394641207,0.7661466605524867,0.7450512647628784,94f65e5965e0652b8e50f7ed77a04a252fc1a6bdb040072b23420c9581d4117e
3,deep,7,1000,800,200,10000,10000,0.5,461,51260911,51760911,1051760911,2051260911,3051260911,0.13710214825148748,1.2739196236311836,1.2746209783254612,0.003290983930512246,1.6228712074726166,-0.0007517765078865261,0.0009246021237744535,1.6246586383873558,0.0,5.01015170684127e-07,3227,0.005,1,1,0.8765882253646851,1.0,-0.12341177463531494,0.12341177463531494,-0.9402795433998108,-1.0,0.05972045660018921,0.05972045660018921,0.29223154886658315,0.7340115958366042,0.7653088695146185,0.7364104986190796,4c15b99d12765e53fb88e5ec5a0b614c8dffd738f8c32c205ed93c0e172a46a2
3,deep,7,1000,800,200,10000,10000,0.5,462,51260911,51760911,1051760911,2051260911,3051260911,0.13935969806658324,1.2735293789256774,1.2738425920155116,0.0034411666824528185,1.6218770789868215,-0.0013216482182385834,0.001626325455657891,1.6226749492327974,2.220446049250313e-16,4.694737150146011e-07,3234,0.005,1,1,0.8735560774803162,1.0,-0.12644392251968384,0.12644392251968384,-0.9414076805114746,-1.0,0.05859231948852539,0.05859231948852539,0.31357039364895994,0.7431802932327323,0.765399858156165,0.7450805902481079,c60cc612af77e6f07064e59f5de81ad0bb8641df7621e2d54a0159656986a1df
3,deep,7,1000,800,200,10000,10000,0.5,463,51260911,51760911,1051760911,2051260911,3051260911,0.14113540836282915,1.2691788326717213,1.2710623247877517,0.003575337358428725,1.6108149093019533,0.0006045934172311324,-0.0007490052897455596,1.6155994334948443,0.0,5.006547603159106e-07,3241,0.005,1,1,0.8711534738540649,1.0,-0.12884652614593506,0.12884652614593506,-0.9423998594284058,-1.0,0.05760014057159424,0.05760014057159424,0.31362770851808075,0.7406661283345792,0.7632848513402923,0.7392460107803345,edd9727936ed724d95078fe5afa3b1f1c96070481f002095ba8b69397c661360
3,deep,7,1000,800,200,10000,10000,0.5,464,51260911,51760911,1051760911,2051260911,3051260911,0.14105512140000456,1.2805445898767194,1.282106422996956,0.0036026957718688322,1.6397944466625352,0.0001998687278229025,-0.00024323849988789942,1.6437968798900495,-2.220446049250313e-16,5.578404032036133e-07,3248,0.005,1,1,0.8707799315452576,1.0,-0.12922006845474243,0.12922006845474243,-0.9434427618980408,-1.0,0.05655723810195923,0.05655723810195923,0.31649695253221233,0.7415032879352811,0.7669536546489769,0.7427928447723389,25b79b29d09382fa36883fc19c64370a7c7a927fc94708d18198c1be0f65c904
3,deep,7,1000,800,200,10000,10000,0.5,465,51260911,51760911,1051760911,2051260911,3051260911,0.1411300621198273,1.2976746233171887,1.2971198179122045,0.0036419797580391636,1.6839594280014076,-0.0025407928694278765,0.003011129118221315,1.6825198220205908,-2.220446049250313e-16,5.191534722115421e-07,3255,0.005,1,1,0.8702672123908997,1.0,-0.12973278760910034,0.12973278760910034,-0.9444383382797241,-1.0,0.05556166172027588,0.05556166172027588,0.30158817256169695,0.748173936253595,0.771795878345725,0.7491328716278076,3b881744f7ad15acea83faace08e3ec343cbc1a4892fe28a25c6b44aeb5742fb
3,deep,7,1000,800,200,10000,10000,0.5,466,51260911,51760911,1051760911,2051260911,3051260911,0.14241373648472036,1.2937819571015214,1.2936914727176059,0.0037414158219176963,1.673871752521443,-0.001987770880556314,0.0023697607029625704,1.6736376265822481,0.0,4.956524097821102e-07,3262,0.005,1,1,0.868720531463623,1.0,-0.13127946853637695,0.13127946853637695,-0.9447969794273376,-1.0,0.055203020572662354,0.055203020572662354,0.290117848182427,0.7557806797162125,0.7698371008951582,0.7612018585205078,388f8c7a02692b1c04925a99f7fb120eb88d2620f5f1fa3f4a3bab94be66b2de
3,deep,7,1000,800,200,10000,10000,0.5,467,51260911,51760911,1051760911,2051260911,3051260911,0.13992602295245424,1.2963417385739537,1.2966411149648234,0.0035540444965527092,1.6805019031689412,-0.0013888833241369539,0.0016494503357353178,1.6812781810172202,2.220446049250313e-16,4.885271138732605e-07,3269,0.005,1,1,0.8716980218887329,1.0,-0.1283019781112671,0.1283019781112671,-0.9441618919372559,-1.0,0.05583810806274414,0.05583810806274414,0.2971134996570664,0.7518211718569766,0.7704572228991289,0.752140462398529,e41f250318971842728357f84677e1bb4754f8116f19af7281cc8be3859f4f98
3,deep,7,1000,800,200,10000,10000,0.5,468,51260911,51760911,1051760911,2051260911,3051260911,0.1383515687938071,1.2841635659029709,1.2834335331048619,0.0034733230357503267,1.6490760639926338,-0.002673876565177916,0.0032360625179088695,1.6472016338980284,0.0,5.284207205136227e-07,3276,0.005,1,1,0.8731573820114136,1.0,-0.12684261798858643,0.12684261798858643,-0.9447541236877441,-1.0,0.05524587631225586,0.05524587631225586,0.29693852046762237,0.7530929248948239,0.7689756251483489,0.7570422887802124,d5fb5062be66d30200f36543067d6d1c0cd884fdfa08f0901377fd4d8e20690e
3,deep,7,1000,800,200,10000,10000,0.5,469,51260911,51760911,1051760911,2051260911,3051260911,0.13694339951754625,1.290016046921961,1.2907512033483128,0.003375246611294976,1.6641414013161633,-0.0007389894911703801,0.0008863353683321405,1.6660386689451174,-2.220446049250313e-16,5.020021038859568e-07,3283,0.005,1,1,0.8748403191566467,1.0,-0.12515968084335327,0.12515968084335327,-0.9444252848625183,-1.0,0.05557471513748169,0.05557471513748169,0.2889732376962682,0.7382297857267406,0.7687467139725944,0.7376531958580017,e8dbe218566dfeb25dd3f34c16c83395f68cc1f32a6a2dded526fbf9425b11fc
3,deep,7,1000,800,200,10000,10000,0.5,470,51260911,51760911,1051760911,2051260911,3051260911,0.13419702058443256,1.298963094713005,1.299720430254591,0.003179956649856568,1.6873051214263877,-0.0006059406275324059,0.0007168837340131516,1.6892731968211792,-2.220446049250313e-16,5.572290433519811e-07,3290,0.005,1,1,0.8784798383712769,1.0,-0.12152016162872314,0.12152016162872314,-0.9430641531944275,-1.0,0.05693584680557251,0.05693584680557251,0.2921403869093233,0.7509958610448167,0.7715894525957887,0.7536361217498779,9440f7c38bf65b363775ea784da4c381128a489451422b78a5309cdc4b7f1927
3,deep,7,1000,800,200,10000,10000,0.5,471,51260911,51760911,1051760911,2051260911,3051260911,0.13180268614028465,1.288098252177011,1.2878118201546822,0.00310079987877465,1.6591971072614706,-0.0019193115050647911,0.0023092268802367712,1.6584592841301158,0.0,4.91184513506937e-07,3297,0.005,1,1,0.8799698948860168,1.0,-0.12003010511398315,0.12003010511398315,-0.9455507397651672,-1.0,0.054449260234832764,0.054449260234832764,0.28573996554268943,0.7438629023001124,0.7690811836021965,0.7446296215057373,09ee71d8fb6f0970f5b4acf624178a5445fadcf12efebf1b4895166d8b4ad95d
3,deep,7,1000,800,200,10000,10000,0.5,472,51260911,51760911,1051760911,2051260911,3051260911,0.13001046424077384,1.2778378287735421,1.2788169262921372,0.003008184888045219,1.6328695166446803,-0.00025248528072809587,0.0003086847879783817,1.6353727309712693,0.0,4.792145293919248e-07,3304,0.005,1,1,0.8817686438560486,1.0,-0.11823135614395142,0.11823135614395142,-0.9459253549575806,-1.0,0.054074645042419434,0.054074645042419434,0.29072364249920807,0.739029011762153,0.7640581203390172,0.7382903099060059,3693494efd11146da0e18ad9fab86caf5535b0559e1a5c1f7c188edbda5ef7bb
3,deep,7,1000,800,200,10000,10000,0.5,473,51260911,51760911,1051760911,2051260911,3051260911,0.12945320522339007,1.2872094231431737,1.2884052117554985,0.002993236831173548,1.656908099028582,4.332690948777458e-05,-5.220419858910849e-05,1.659987989678731,-2.220446049250313e-16,5.044646567142763e-07,3311,0.005,1,1,0.8820731043815613,1.0,-0.11792689561843872,0.11792689561843872,-0.9466016888618469,-1.0,0.053398311138153076,0.053398311138153076,0.29975311116730247,0.7252546643306593,0.7673442347899398,0.7252489328384399,ce37d6ce50d8dc5e43645e84d0efd3e0da6c866f7e2ddeb9c573d0d888c99313
3,deep,7,1000,800,200,10000,10000,0.5,474,51260911,51760911,1051760911,2051260911,3051260911,0.13045808149364574,1.2968064812634328,1.2964314938083938,0.0030188308217863665,1.681707049846846,-0.001995631265184608,0.002369087206510514,1.6807346181382636,4.440892098500626e-16,4.78151354954548e-07,3318,0.005,1,1,0.8815643191337585,1.0,-0.11843568086624146,0.11843568086624146,-0.9452980756759644,-1.0,0.054701924324035645,0.054701924324035645,0.3093593065710587,0.7514735040218642,0.7722401518657301,0.7554349899291992,f7ea9151ab5f2e9667e48982f1529e86301f9c376e35e5b04dca1c5f52ec9ec8
3,deep,7,1000,800,200,10000,10000,0.5,475,51260911,51760911,1051760911,2051260911,3051260911,0.13002948369246606,1.3004596022166253,1.301050361550395,0.002989354278319179,1.6911951769974232,-0.0007262439926644372,0.0008573375323142235,1.6927320432904134,-2.220446049250313e-16,4.657627563631195e-07,3325,0.005,1,1,0.8821645379066467,1.0,-0.11783546209335327,0.11783546209335327,-0.9450230002403259,-1.0,0.05497699975967407,0.05497699975967407,0.2999463697597058,0.7413087920960817,0.7717238566416263,0.7412060499191284,b1426a57be1c2beeb42a3709d9a885c5e26e1773295f268454c07bfc4504d057
3,deep,7,1000,800,200,10000,10000,0.5,476,51260911,51760911,1051760911,2051260911,3051260911,0.12916669989210458,1.2829347429216564,1.283896037799853,0.0029207675009944476,1.6459215545954569,-0.00022664310914480694,0.00027491180461287207,1.6483890358781617,0.0,5.256019779409371e-07,3332,0.005,1,1,0.8837406039237976,1.0,-0.11625939607620239,0.11625939607620239,-0.9437168836593628,-1.0,0.05628311634063721,0.05628311634063721,0.30983341804298203,0.754153063191952,0.7658055899988246,0.7576509714126587,24307720148245981c2d3e5518d50795a2c9fcebbdaa365a4de62aaf654868a8
3,deep,7,1000,800,200,10000,10000,0.5,477,51260911,51760911,1051760911,2051260911,3051260911,0.12741598354633765,1.3116867284871099,1.311725811449278,0.0028778898356508664,1.720522073689217,-0.0013876795513005436,0.001610397563734798,1.7206246044222666,-2.220446049250313e-16,5.054702540974176e-07,3339,0.005,1,1,0.884364664554596,1.0,-0.11563533544540405,0.11563533544540405,-0.9464901685714722,-1.0,0.05350983142852783,0.05350983142852783,0.2991820318688893,0.7519532449193741,0.7739805035542684,0.7499703764915466,29d3fdfb715eae211a8ff2cbb16505653b719fdee34250688874f6c6eae4a11b
3,deep,7,1000,800,200,10000,10000,0.5,478,51260911,51760911,1051760911,2051260911,3051260911,0.1286446271721708,1.3199090612290476,1.319033475788529,0.002956285335365533,1.7421599299145456,-0.0026334524995717474,0.003018082665852281,1.739849310250768,2.220446049250313e-16,5.518555994399321e-07,3346,0.005,1,1,0.8828037977218628,1.0,-0.11719620227813721,0.11719620227813721,-0.946948230266571,-1.0,0.053051769733428955,0.053051769733428955,0.3037100638308983,0.7611888747501679,0.77659079559473,0.7664104700088501,abaab9939b431bb8222350e0f2eaa1f774301d3e9683af5693dae3a9dad164ec
3,deep,7,1000,800,200,10000,10000,0.5,479,51260911,51760911,1051760911,2051260911,3051260911,0.12948322574088583,1.318775926280663,1.3183413527007943,0.0030619040918688552,1.7391699437374208,-0.00210396279416481,0.0024152500676488196,1.73802392224096,-2.220446049250313e-16,5.536171858722128e-07,3353,0.005,1,1,0.8810222744941711,1.0,-0.11897772550582886,0.11897772550582886,-0.9489098191261292,-1.0,0.05109018087387085,0.05109018087387085,0.28968001909296837,0.7441501134202477,0.7761356232032969,0.7460611462593079,4e199f2cc82fc72fc212048ba7be46490d49515f66715ad8891b52119832c3d4
3,deep,7,1000,800,200,10000,10000,0.5,480,51260911,51760911,1051760911,2051260911,3051260911,0.1296384154595452,1.3017829297985262,1.3019973097659736,0.0030665884101487664,1.6946387963148346,-0.0012541950435753576,0.0014775178954604406,1.6951969946378325,-2.220446049250313e-16,4.829057687061322e-07,3360,0.005,1,1,0.8809145092964172,1.0,-0.11908549070358276,0.11908549070358276,-0.9487675428390503,-1.0,0.05123245716094971,0.05123245716094971,0.28941340625951656,0.7548773655088601,0.7708402550503746,0.7581952810287476,07e4d00d292f68c8656438bcdd5c1718bb51394817962c6929584a6f50e12f57
3,deep,7,1000,800,200,10000,10000,0.5,481,51260911,51760911,1051760911,2051260911,3051260911,0.12892755720431273,1.3198727635943293,1.3194836967717762,0.002926868146469031,1.7420641120781322,-0.0019768770890439026,0.002265773418255096,1.741037226046513,-4.440892098500626e-16,4.82164887571912e-07,3367,0.005,1,1,0.8834576606750488,1.0,-0.11654233932495117,0.11654233932495117,-0.9448620080947876,-1.0,0.0551379919052124,0.0551379919052124,0.3001297302779817,0.7526375565007517,0.7780252711957437,0.7545803785324097,0e0ab956bc3a29fc2b0d25b3a2ee53dd72100e6b706decc39fda85da2d50d451
3,deep,7,1000,800,200,10000,10000,0.5,482,51260911,51760911,1051760911,2051260911,3051260911,0.13091060092608117,1.3473111952035708,1.3457859188963193,0.0030061244890773413,1.8152474567208745,-0.0035569208551705905,0.0039124585172587946,1.8111397394996103,-4.440892098500626e-16,5.48251028575919e-07,3374,0.005,1,1,0.8819832801818848,1.0,-0.11801671981811523,0.11801671981811523,-0.9433463215827942,-1.0,0.05665367841720581,0.05665367841720581,0.3145008468770171,0.7692902670126358,0.7879479293858199,0.7728499174118042,79e2bcd8bce2c15ac40e2b4b7ae2efc4c4dffcf13d195149b48e0f2fe2399b2a
3,deep,7,1000,800,200,10000,10000,0.5,483,51260911,51760911,1051760911,2051260911,3051260911,0.13372909913086367,1.318595921584686,1.320305089160696,0.003230140529908562,1.7386952044197674,0.0006400917569786701,-0.0007349244430416876,1.7432055284636336,2.220446049250313e-16,5.320126934549307e-07,3381,0.005,1,1,0.8776063919067383,1.0,-0.12239360809326172,0.12239360809326172,-0.9461179375648499,-1.0,0.053882062435150146,0.053882062435150146,0.30140204489544525,0.7509864227861857,0.7759311050644325,0.7510002851486206,749c9d26f65b25fa0714386f3d7304f53a6fd91626faca6c9f2e86ed9a442944
3,deep,7,1000,800,200,10000,10000,0.5,484,51260911,51760911,1051760911,2051260911,3051260911,0.13554280971427415,1.2979271629682854,1.29789924516712,0.003378371809647193,1.6846149203709022,-0.0017254207875848052,0.002044345549923255,1.68454245060538,2.220446049250313e-16,4.860625377745009e-07,3388,0.005,1,1,0.8751763105392456,1.0,-0.1248236894607544,0.1248236894607544,-0.9471710324287415,-1.0,0.052828967571258545,0.052828967571258545,0.2888095078869642,0.7400132607416137,0.7727608736515981,0.7410028576850891,b5ba99e5f649beb4d06f4229aaefba4f5f43ede3ced8d175f90281a85f942762
3,deep,7,1000,800,200,10000,10000,0.5,485,51260911,51760911,1051760911,2051260911,3051260911,0.13451878024798505,1.3013917804045694,1.3026454402876588,0.0032948243857014725,1.6936205661045751,-1.5123694024164358e-05,1.7824924105137367e-05,1.6968851431022283,0.0,5.437293246757235e-07,3395,0.005,1,1,0.8765213489532471,1.0,-0.12347865104675293,0.12347865104675293,-0.9466302990913391,-1.0,0.05336970090866089,0.05336970090866089,0.28574836700263195,0.7377707001779084,0.7700886417529863,0.7399904131889343,d0bd46d9cd33874f71c3b847be9138fcbe707b4803510e5fb884f02a0eac554d
3,deep,7,1000,800,200,10000,10000,0.5,486,51260911,51760911,1051760911,2051260911,3051260911,0.13432978341018456,1.348323701078645,1.346967693971265,0.0032420871832106258,1.8179768028904153,-0.003448460735679631,0.0037869810756687473,1.814321968602267,2.220446049250313e-16,5.178538131644927e-07,3402,0.005,1,1,0.877315104007721,1.0,-0.12268489599227905,0.12268489599227905,-0.9452925324440002,-1.0,0.054707467555999756,0.054707467555999756,0.29627541590337514,0.7519140963685749,0.7857844136675407,0.7520200610160828,bfdbf5ee14040c56fd6f6597daddde7509e31912d54db9ab36afb9a821b4bdf8
3,deep,7,1000,800,200,10000,10000,0.5,487,51260911,51760911,1051760911,2051260911,3051260911,0.13547267575199592,1.3539741232558793,1.3515343647120992,0.003381567463660011,1.8332459264465273,-0.004991177456224799,0.005435154894255189,1.8266451389977374,-2.220446049250313e-16,5.033277243882139e-07,3409,0.005,1,1,0.8751643300056458,1.0,-0.12483566999435425,0.12483566999435425,-0.9473796486854553,-1.0,0.05262035131454468,0.05262035131454468,0.30312547125524764,0.75862665610965,0.7884093874725776,0.7607129812240601,f1521a11150c296d79ca9ced547d43021fb79cd107df46ee77685ecf749e2b93
3,deep,7,1000,800,200,10000,10000,0.5,488,51260911,51760911,1051760911,2051260911,3051260911,0.13744452536136456,1.3671056165269537,1.367594185358238,0.003452655227970378,1.8689777667395422,-0.001058283070924953,0.001130384401480649,1.870313855825663,2.220446049250313e-16,5.113962284752915e-07,3416,0.005,1,1,0.8736744523048401,1.0,-0.1263255476951599,0.1263255476951599,-0.9458441734313965,-1.0,0.054155826568603516,0.054155826568603516,0.3359009905526637,0.759130611128287,0.788127676582819,0.7621171474456787,e9b62db00fc0ca46fb6b910a2fa0ee8960184a21aeee7e80a607d6d514b5fbcf
3,deep,7,1000,800,200,10000,10000,0.5,489,51260911,51760911,1051760911,2051260911,3051260911,0.14030634452632762,1.3758509000363075,1.3735147190998844,0.0035674199947450403,1.8929656991307173,-0.004995217770714121,0.005267735870615892,1.8865426835840342,0.0,5.091618575647772e-07,3423,0.005,1,1,0.871427595615387,1.0,-0.12857240438461304,0.12857240438461304,-0.9438305497169495,-1.0,0.05616945028305054,0.05616945028305054,0.316434007124735,0.7683065488884805,0.7964164860407292,0.7714682221412659,c73bbc204a1572e0a286c3d95b01509768dfbedff8507117e0d478123d197059
3,deep,7,1000,800,200,10000,10000,0.5,490,51260911,51760911,1051760911,2051260911,3051260911,0.13942161631956723,1.3653053762359149,1.3636288527412397,0.0035092136960997926,1.8640587703786928,-0.004042168023201465,0.004328804153498044,1.8594836480283898,2.220446049250313e-16,4.903404100531361e-07,3430,0.005,1,1,0.8724213242530823,1.0,-0.12757867574691772,0.12757867574691772,-0.9437677264213562,-1.0,0.0562322735786438,0.0562322735786438,0.3229207956711284,0.7791653312835706,0.7935339758429124,0.783899188041687,72b4a39308af75607415486443154f8a8ce82d00de63f81292c806ad15b82f8b
3,deep,7,1000,800,200,10000,10000,0.5,491,51260911,51760911,1051760911,2051260911,3051260911,0.14000677482694612,1.355846384149615,1.3546834697604369,0.0037141059569861597,1.838319417411585,-0.0034331100631972426,0.0037275218063556534,1.8351673032421767,0.0,5.584471178821104e-07,3437,0.005,1,1,0.8699949979782104,1.0,-0.13000500202178955,0.13000500202178955,-0.9480327367782593,-1.0,0.05196726322174072,0.05196726322174072,0.31684958032273136,0.7697217133152974,0.7865435421552758,0.7692005038261414,d33b838561f363abb0f907f9a772c7838a1315c24bad85dff345e831efe58edd
3,deep,7,1000,800,200,10000,10000,0.5,492,51260911,51760911,1051760911,2051260911,3051260911,0.13689844871943754,1.3317130674861677,1.3293397507433011,0.0035898176313640846,1.7734596941134182,-0.004952669419260241,0.005574036498732667,1.7671441729062618,0.0,5.629023487330187e-07,3444,0.005,1,1,0.8725519180297852,1.0,-0.12744808197021484,0.12744808197021484,-0.9500182867050171,-1.0,0.04998171329498291,0.04998171329498291,0.2899753166263417,0.7561416815384967,0.7815084489686158,0.756135880947113,ad7a666b0bc6d883c07b45ca26ba8e17ada4ddf71c26ccd2415454fc424d954f
3,deep,7,1000,800,200,10000,10000,0.5,493,51260911,51760911,1051760911,2051260911,3051260911,0.1340366627007738,1.3459169012445547,1.3452856626992222,0.003373010529206875,1.8114923050557445,-0.0025359006604330093,0.0027945882690646497,1.8097935142640853,-2.220446049250313e-16,5.144988275418427e-07,3451,0.005,1,1,0.8758288025856018,1.0,-0.1241711974143982,0.1241711974143982,-0.9495288133621216,-1.0,0.05047118663787842,0.05047118663787842,0.30022545511931664,0.7491293811230036,0.7822914135074756,0.7548837661743164,90e3ef75ea02d6275ed24ad5f288c294f0fee73950e0f8b1d503283c7b1f612b
3,deep,7,1000,800,200,10000,10000,0.5,494,51260911,51760911,1051760911,2051260911,3051260911,0.1333077152779902,1.3052591780918916,1.3052197696166081,0.0033803585508801392,1.7037015219931206,-0.001741616772984721,0.002040460733412172,1.7035986469980315,2.220446049250313e-16,5.090224810544441e-07,3458,0.005,1,1,0.8760977983474731,1.0,-0.12390220165252686,0.12390220165252686,-0.9508147239685059,-1.0,0.04918527603149414,0.04918527603149414,0.28895943411205927,0.7361774145030756,0.7711842592760054,0.7387549877166748,655293943893908a6ca3c286f386c73d27f128e335122e6e409576ad8e750928
3,deep,7,1000,800,200,10000,10000,0.5,495,51260911,51760911,1051760911,2051260911,3051260911,0.1341480866694074,1.3304806203419681,1.3308146804864398,0.003372626023426451,1.7701786811055484,-0.001241796665374946,0.0014003504272849785,1.771067713798225,0.0,5.420796931332461e-07,3465,0.005,1,1,0.8757839202880859,1.0,-0.12421607971191406,0.12421607971191406,-0.9493435621261597,-1.0,0.05065643787384033,0.05065643787384033,0.29171210061362024,0.7446379064397973,0.7785561254516048,0.746684193611145,37dcad20d3faa35d11f726ecbf1517178192c108a810f7aed33855d7894ba074
3,deep,7,1000,800,200,10000,10000,0.5,496,51260911,51760911,1051760911,2051260911,3051260911,0.13540143733383328,1.3078977277813242,1.3097821697692515,0.0035869982863253,1.7105964663355508,0.0006729338117860278,-0.0007851362770372625,1.7155293322454486,4.440892098500626e-16,5.513947289870202e-07,3472,0.005,1,1,0.873363733291626,1.0,-0.12663626670837402,0.12663626670837402,-0.9520750045776367,-1.0,0.04792499542236328,0.04792499542236328,0.29455720698274157,0.7515210096406658,0.7724772511160408,0.7527912855148315,89e81fbfe76ed9897ae5a2a5e32fad1a75b319b52663a628ff668799ed6a91d9
3,deep,7,1000,800,200,10000,10000,0.5,497,51260911,51760911,1051760911,2051260911,3051260911,0.13195512014274435,1.3021713112131261,1.3034233088096423,0.003407942078820395,1.6956501237465123,-7.287193852820514e-05,8.577922084470603e-05,1.698912321948276,-2.220446049250313e-16,5.134315017585322e-07,3479,0.005,1,1,0.8765779137611389,1.0,-0.12342208623886108,0.12342208623886108,-0.95331871509552,-1.0,0.04668128490447998,0.04668128490447998,0.30471845083947124,0.7475548383254056,0.7731450929768624,0.7472071647644043,e6f0b033e6c13f6723513eb984ca36bb4affb1e91018adc53b27b53a8da871b0
3,deep,7,1000,800,200,10000,10000,0.5,498,51260911,51760911,1051760911,2051260911,3051260911,0.12873664343697297,1.3394394140657184,1.3397584757019088,0.0031575711714375678,1.7940979439527154,-0.0011513709545253729,0.0012812546071901602,1.7949527732151023,0.0,5.568058085714256e-07,3486,0.005,1,1,0.8803004622459412,1.0,-0.11969953775405884,0.11969953775405884,-0.9526170492172241,-1.0,0.04738295078277588,0.04738295078277588,0.2853699175566341,0.746421316549435,0.7812480115871073,0.7484068870544434,53f2c22f178d9e4c9d8005c62ce5bfa8de8a2a5c9cfe25146d6522fba3ee1794
3,deep,7,1000,800,200,10000,10000,0.5,499,51260911,51760911,1051760911,2051260911,3051260911,0.12555948090208488,1.3299018414113928,1.330031171441625,0.002909517812590004,1.7686389077894131,-0.0012827542978108833,0.0014481729985732464,1.7689829170063815,2.220446049250313e-16,4.68206561521356e-07,3493,0.005,1,1,0.8842417597770691,1.0,-0.11575824022293091,0.11575824022293091,-0.9513665437698364,-1.0,0.048633456230163574,0.048633456230163574,0.2833376131971159,0.7505275555460763,0.7784485335384961,0.752001166343689,d6dbfe38e95b6f38c4193f8c228eda3d4216d8066cc602c21cc2027c77363a6f
3,deep,7,1000,800,200,10000,10000,0.5,500,51260911,51760911,1051760911,2051260911,3051260911,0.1263846269421758,1.3380198149072364,1.338025856410122,0.0029669122852491263,1.790297025084395,-0.0014753724738018484,0.001645460484713613,1.7903131924220403,-2.220446049250313e-16,5.071431790071301e-07,3500,0.005,1,1,0.8832606077194214,1.0,-0.11673939228057861,0.11673939228057861,-0.9515749216079712,-1.0,0.04842507839202881,0.04842507839202881,0.2804248335779254,0.7529836310882826,0.7795316258643389,0.7553761005401611,e278c9641c7d2ecf7dbd909f38767a3aece1454dd602a0795683d8718c8040e1
3,deep,7,1000,800,200,10000,10000,0.5,501,51260911,51760911,1051760911,2051260911,3051260911,0.12739777699618898,1.3512596454628967,1.3498394342317228,0.003035672551874494,1.8259026294565135,-0.0034359019006852862,0.0037572638693303805,1.8220664982070176,2.220446049250313e-16,5.283975497150095e-07,3507,0.005,1,1,0.8820976614952087,1.0,-0.11790233850479126,0.11790233850479126,-0.9517378807067871,-1.0,0.04826211929321289,0.04826211929321289,0.28743069041610325,0.7534305554368536,0.7860613564580331,0.7557170987129211,974adbf7917173355ea7f28790669fceb8802a68a318c3d88a198c150175aebb
3,deep,7,1000,800,200,10000,10000,0.5,502,51260911,51760911,1051760911,2051260911,3051260911,0.12739459103760534,1.3367836317303627,1.3377401894793242,0.003056421101364593,1.786990478062218,-0.0002490423077020092,0.00027825227128783805,1.7895488145481784,0.0,4.75203615124542e-07,3514,0.005,1,1,0.8818873167037964,1.0,-0.11811268329620361,0.11811268329620361,-0.9522634744644165,-1.0,0.047736525535583496,0.047736525535583496,0.28878030058142234,0.7605980686466657,0.7803938896090653,0.7643277645111084,88390e39af0ac7297bb8294850f210961b264863d8c0da46c7afe3a9c4aad514
3,deep,7,1000,800,200,10000,10000,0.5,503,51260911,51760911,1051760911,2051260911,3051260911,0.12875205157273767,1.3394135693191793,1.3398274393855343,0.003149955945428564,1.794028709676344,-0.001020549145687322,0.0011357236375096195,1.7951375673303978,-4.440892098500626e-16,4.674152940253862e-07,3521,0.005,1,1,0.880362331867218,1.0,-0.11963766813278198,0.11963766813278198,-0.9524193406105042,-1.0,0.04758065938949585,0.04758065938949585,0.28465297910676257,0.7536165751501815,0.7815014592500985,0.7566441893577576,483ef277dc6ef938dc320ff9e9cabd532071c171fd9965d48df0b77028516568
3,deep,7,1000,800,200,10000,10000,0.5,504,51260911,51760911,1051760911,2051260911,3051260911,0.13093233167223492,1.3478438452705814,1.3454276806676615,0.0032921757915503,1.8166830312337872,-0.0048997815592873835,0.005384448689601484,1.8101756439067627,0.0,5.352696508253985e-07,3528,0.005,1,1,0.8780347108840942,1.0,-0.12196528911590576,0.12196528911590576,-0.9523791670799255,-1.0,0.04762083292007446,0.04762083292007446,0.2990094544790927,0.7609385383620259,0.7868436714580802,0.7645783424377441,3ff9c96156c2b83b5f954fd5b30ca2aa1fc671c815acc8f8c0e5a66d6d7bcb73
3,deep,7,1000,800,200,10000,10000,0.5,505,51260911,51760911,1051760911,2051260911,3051260911,0.13028255458377921,1.3743796006320954,1.3719869945641845,0.0031911762087402443,1.888919286633638,-0.004881074794557111,0.005159397287222472,1.8823483132532637,-2.220446049250313e-16,5.304979584508374e-07,3535,0.005,1,1,0.8792624473571777,1.0,-0.12073755264282227,0.12073755264282227,-0.9510511755943298,-1.0,0.048948824405670166,0.048948824405670166,0.3035925205394655,0.7610028185866382,0.7910190755170636,0.7643096446990967,0d95af67f3db40754ca4493b7fa488e7c971346b2d94c399408bf4a17732e2bf
3,deep,7,1000,800,200,10000,10000,0.5,506,51260911,51760911,1051760911,2051260911,3051260911,0.12852827881029294,1.3611492426749514,1.3612007917600453,0.0030526178318870394,1.8527272608345935,-0.00145614158915314,0.0015693042110139581,1.8528675954881744,2.220446049250313e-16,5.520859982510729e-07,3542,0.005,1,1,0.8814593553543091,1.0,-0.11854064464569092,0.11854064464569092,-0.9503247141838074,-1.0,0.04967528581619263,0.04967528581619263,0.3037614679325478,0.7636307327183931,0.7863645897052134,0.7672508358955383,c6a1c8d5765c25e8f699cff0e4eac36ce75b5acdaa38b22f75f5c183f9fc89f2
3,deep,7,1000,800,200,10000,10000,0.5,507,51260911,51760911,1051760911,2051260911,3051260911,0.12712756197471342,1.3353821392901408,1.3349820386232594,0.002898500892459024,1.7832454579351131,-0.001983457690429105,0.002220938217915033,1.7821770434467137,-4.440892098500626e-16,5.053523519649161e-07,3549,0.005,1,1,0.883981466293335,1.0,-0.11601853370666504,0.11601853370666504,-0.9480277299880981,-1.0,0.051972270011901855,0.051972270011901855,0.2842160796297091,0.7541542318923483,0.7820184343416653,0.7526781558990479,6cd9a04813d2a9bd0acd97f74cade646c94338eb27a637c223064789617f7bc7
3,deep,7,1000,800,200,10000,10000,0.5,508,51260911,51760911,1051760911,2051260911,3051260911,0.12568818708388665,1.3648134820843483,1.3643028037856288,0.0027938863267539197,1.8627158408792037,-0.0020937933943147575,0.0022447413313150706,1.8613221404173284,2.220446049250313e-16,5.456299660977493e-07,3556,0.005,1,1,0.8860796689987183,1.0,-0.11392033100128174,0.11392033100128174,-0.9468993544578552,-1.0,0.053100645542144775,0.053100645542144775,0.28737021943967256,0.7572658547875709,0.7889860767344092,0.7559666037559509,78ca014048afbdeebdabef6486c5cf205b34c96de149501eb13a964e7e7b08ce
3,deep,7,1000,800,200,10000,10000,0.5,509,51260911,51760911,1051760911,2051260911,3051260911,0.1250623579745816,1.3403719621411863,1.3413323644642459,0.0027656763905643425,1.796596996894214,-9.508066276656182e-05,0.00010568259993188574,1.7991725119592448,-4.440892098500626e-16,4.990473083665847e-07,3563,0.005,1,1,0.8866576552391052,1.0,-0.11334234476089478,0.11334234476089478,-0.9471406936645508,-1.0,0.05285930633544922,0.05285930633544922,0.2797103695930916,0.7531356490012284,0.7793047751466898,0.7553808689117432,246167af4f87edea8873269d2f6eead6bb1aaac9b257b85fb9f9d1894c87064d
3,deep,7,1000,800,200,10000,10000,0.5,510,51260911,51760911,1051760911,2051260911,3051260911,0.12453164564795662,1.3345364690897081,1.3358781028641935,0.0027672231501773893,1.7809875873304255,0.0004077476157168313,-0.00045717899491687483,1.7845703057120368,2.220446049250313e-16,4.924306580278426e-07,3570,0.005,1,1,0.8866086006164551,1.0,-0.11339139938354492,0.11339139938354492,-0.9485167860984802,-1.0,0.051483213901519775,0.051483213901519775,0.2826059347662464,0.7458546250004274,0.7782914673454262,0.7453833818435669,03c8ebd5de5a30e1dc7991e968d5185c7f9791d1ed5b8edc7179f252ae519d37
3,deep,7,1000,800,200,10000,10000,0.5,511,51260911,51760911,1051760911,2051260911,3051260911,0.12541738481463663,1.321192371372911,1.321315667021945,0.002816315703697247,1.7455492821739762,-0.0012452529800129602,0.0014244766443866916,1.7458750919176476,0.0,5.502476216889818e-07,3577,0.005,1,1,0.8856253623962402,1.0,-0.11437463760375977,0.11437463760375977,-0.9485416412353516,-1.0,0.05145835876464844,0.05145835876464844,0.2874282404144163,0.7520299311116707,0.7767586443419319,0.7536742091178894,8235e01984153a28b231f1ad21b1be2278a672c022e83fc88281b7fd309ae250
3,deep,7,1000,800,200,10000,10000,0.5,512,51260911,51760911,1051760911,2051260911,3051260911,0.13079582337464654,1.3310608977354723,1.3312715852288397,0.0031144144420856405,1.7717231134803617,-0.0012767471423698138,0.0014387200206030376,1.7722840336377077,0.0,4.4793709541579574e-07,3584,0.005,1,1,0.879946231842041,1.0,-0.12005376815795898,0.12005376815795898,-0.9480900764465332,-1.0,0.0519099235534668,0.0519099235534668,0.27933594770329184,0.7623347363641862,0.7801022921966867,0.7629438638687134,4a632666d719f2596429b4861519a62db73c1cf3791ce58c927ef5aae82aa5ca
3,deep,7,1000,800,200,10000,10000,0.5,513,51260911,51760911,1051760911,2051260911,3051260911,0.13618743983286888,1.3622563660759404,1.3617906956794705,0.003514945427771878,1.8557424069144264,-0.002391726751510969,0.0025727764351696583,1.8544738988391765,2.220446049250313e-16,5.624202543685897e-07,3591,0.005,1,1,0.87353515625,1.0,-0.12646484375,0.12646484375,-0.9494662284851074,-1.0,0.05053377151489258,0.05053377151489258,0.2811126325141788,0.7632624315378425,0.7869659315465413,0.7651234865188599,dfaca3d2f48b291fbbe1c779ae8b9701c930fbae270e4549cfa01865c850a6ca
3,deep,7,1000,800,200,10000,10000,0.5,514,51260911,51760911,1051760911,2051260911,3051260911,0.13801372969230713,1.3323898249444497,1.3328438247806347,0.00353762872016744,1.7752626456155012,-0.001163806539898633,0.0013085297508550046,1.7764726612558712,0.0,5.18102710955759e-07,3598,0.005,1,1,0.8725230693817139,1.0,-0.12747693061828613,0.12747693061828613,-0.9471093416213989,-1.0,0.052890658378601074,0.052890658378601074,0.27860101190325814,0.7544444082296528,0.7782352913578967,0.7597405910491943,72dd0c7adf5f9f1cc3d2dbda9419a2acda7eea66d0d5b75a072fee77606dd819
3,deep,7,1000,800,200,10000,10000,0.5,515,51260911,51760911,1051760911,2051260911,3051260911,0.13733383883893124,1.3460954498563256,1.3464159736057297,0.0034752241344571102,1.8119729601239036,-0.0013061051388476997,0.0014388790053859503,1.8128359739806652,-2.220446049250313e-16,5.502657707268099e-07,3605,0.005,1,1,0.8734481334686279,1.0,-0.12655186653137207,0.12655186653137207,-0.946659505367279,-1.0,0.05334049463272095,0.05334049463272095,0.2714528641349312,0.7616857001601349,0.7824442988937683,0.7649666666984558,86233307fee455ff278455b0616baf84270470e0f85f48ebfdf73b0d27e1f2ae
3,deep,7,1000,800,200,10000,10000,0.5,516,51260911,51760911,1051760911,2051260911,3051260911,0.13569394824527148,1.3970702297139668,1.3948610292898012,0.003328794370892294,1.9518052267530361,-0.004748365046262522,0.0048573294668903325,1.9456372910314035,0.0,5.120040089678923e-07,3612,0.005,1,1,0.875764787197113,1.0,-0.12423521280288696,0.12423521280288696,-0.9454247355461121,-1.0,0.05457526445388794,0.05457526445388794,0.31050242782630916,0.7825232082640905,0.8010027298304563,0.7870320677757263,3ac9c22245e99291f296dbe3bf1c52529eaa924bb9f3c221581fda7615c0341d
3,deep,7,1000,800,200,10000,10000,0.5,517,51260911,51760911,1051760911,2051260911,3051260911,0.13377438962730517,1.3561142143967007,1.3558343731028548,0.0032565620317163463,1.8390457624887808,-0.002007738616642806,0.002179597333098266,1.8382868472872114,-2.220446049250313e-16,5.544029448856236e-07,3619,0.005,1,1,0.8772295713424683,1.0,-0.12277042865753174,0.12277042865753174,-0.9468680024147034,-1.0,0.05313199758529663,0.05313199758529663,0.28520258231303347,0.7600805117486595,0.7860364279966843,0.7641783952713013,b489a8883c2f7562ded9387b315a93d740c1bd5585c4a949b1ccb8cb772159a4
3,deep,7,1000,800,200,10000,10000,0.5,518,51260911,51760911,1051760911,2051260911,3051260911,0.12985390327067955,1.3653254181035261,1.3653072733115654,0.003040826508562586,1.8641134973195688,-0.0015451866353347467,0.0016551247163830885,1.8640639505574619,0.0,5.161397158559566e-07,3626,0.005,1,1,0.8812262415885925,1.0,-0.11877375841140747,0.11877375841140747,-0.9475135207176208,-1.0,0.05248647928237915,0.05248647928237915,0.28447420741092544,0.7577865468638433,0.7874709440390029,0.7615617513656616,908d6eb5f4740ef756dec905e6ef51308218208bb08d1aae17e7b6cbe64a5a14
3,deep,7,1000,800,200,10000,10000,0.5,519,51260911,51760911,1051760911,2051260911,3051260911,0.12877825705805102,1.3620312481528385,1.362448466266098,0.002992175050656655,1.8551291209447793,-0.0009277363822965782,0.0009985746186710266,1.8562658232308429,0.0,4.973954101927802e-07,3633,0.005,1,1,0.8821867108345032,1.0,-0.11781328916549683,0.11781328916549683,-0.9480012655258179,-1.0,0.05199873447418213,0.05199873447418213,0.2854023088727604,0.7646287576185089,0.7864209101064707,0.7686142921447754,6dcd5d7ed2309b20258bcaf6858301427371a87a5abeb7888dafb9ddb694a550
3,deep,7,1000,800,200,10000,10000,0.5,520,51260911,51760911,1051760911,2051260911,3051260911,0.12795785767688242,1.348385914562613,1.349403734570794,0.0029257404419324564,1.818144574590854,-8.993807959018376e-05,9.87749664005308e-05,1.820890438873606,0.0,5.112091834291732e-07,3640,0.005,1,1,0.8834124207496643,1.0,-0.1165875792503357,0.1165875792503357,-0.947269082069397,-1.0,0.05273091793060303,0.05273091793060303,0.2756238206138349,0.7583026858991778,0.783284424281564,0.761045515537262,c96a2e5e9d6c05b2c09e33a2e948fcf1c349cfd8d201adddc2474798724828ec
3,deep,7,1000,800,200,10000,10000,0.5,521,51260911,51760911,1051760911,2051260911,3051260911,0.128070497405782,1.3745975852840433,1.3745185392783374,0.002864665863370824,1.8895185214687227,-0.0015409862561195093,0.001628619685944274,1.8893012148198545,0.0,5.734661954193143e-07,3647,0.005,1,1,0.884972333908081,1.0,-0.11502766609191895,0.11502766609191895,-0.9436911344528198,-1.0,0.056308865547180176,0.056308865547180176,0.28723501543920543,0.7638650207738206,0.7921198861401914,0.7678097486495972,7ca7a46d6961fec19979b07406ba25b92f7e989a7c46b9a9d04be054b951f147
3,deep,7,1000,800,200,10000,10000,0.5,522,51260911,51760911,1051760911,2051260911,3051260911,0.13039620796692197,1.3588512014980072,1.3598150374441171,0.0029708398734985997,1.8464765878125775,-0.00017524581346506024,0.00018951153824828411,1.8490969360591458,-2.220446049250313e-16,5.313436446385822e-07,3654,0.005,1,1,0.8828383684158325,1.0,-0.11716163158416748,0.11716163158416748,-0.9427608251571655,-1.0,0.05723917484283447,0.05723917484283447,0.28061890650343463,0.7626140646608708,0.787608242795247,0.7673829793930054,6f8376122a41d2dbfd78c075136b09f3a1349caade1e4e88692c5e19166e027c
3,deep,7,1000,800,200,10000,10000,0.5,523,51260911,51760911,1051760911,2051260911,3051260911,0.13101139648943114,1.3543566524541975,1.3540071011875272,0.0030060592105858232,1.8342819420469398,-0.001976385595637535,0.0021514162115953564,1.8333352300662507,0.0,4.879246198186138e-07,3661,0.005,1,1,0.8820386528968811,1.0,-0.1179613471031189,0.1179613471031189,-0.9429990649223328,-1.0,0.057000935077667236,0.057000935077667236,0.28877595611548335,0.7632940487462705,0.785245564913048,0.7652955651283264,e57e36b731035d68def4070356ef90327af7da2a059737c88c1db0a9b8b7c1ce
3,deep,7,1000,800,200,10000,10000,0.5,524,51260911,51760911,1051760911,2051260911,3051260911,0.12878849949860496,1.3726693386063833,1.3735606570413175,0.0028999659299294087,1.884221113150086,-0.0002261002541197687,0.00023962453350369459,1.8866688785717758,0.0,5.264284190786839e-07,3668,0.005,1,1,0.8842111825942993,1.0,-0.11578881740570068,0.11578881740570068,-0.943613588809967,-1.0,0.05638641119003296,0.05638641119003296,0.2773040449686814,0.7668894254267249,0.7895833766675531,0.7699897289276123,9fcea4e5332a3c81f375b9bd1f99bd56265b35710f48bb2a062a89e9372ce997
3,deep,7,1000,800,200,10000,10000,0.5,525,51260911,51760911,1051760911,2051260911,3051260911,0.12810344066248863,1.3575744197243207,1.358724712232476,0.002869960545535157,1.8430083050898258,0.00012728899793195688,-0.00013791700168065346,1.8461328436312248,0.0,4.910509208144731e-07,3675,0.005,1,1,0.8847994208335876,1.0,-0.11520057916641235,0.11520057916641235,-0.9439703822135925,-1.0,0.05602961778640747,0.05602961778640747,0.2813455953931899,0.7648864102222174,0.7850586046784932,0.7697678804397583,efe38d83c66f548894b3cfa5952e021efe73b3158f7070be4619a4b63757db5f
3,deep,7,1000,800,200,10000,10000,0.5,526,51260911,51760911,1051760911,2051260911,3051260911,0.12669922840034234,1.3480581411605441,1.3487810710508465,0.0027891625439696276,1.8172607519492217,-0.00041976843406106655,0.00046127134285540154,1.819210377625069,0.0,4.878149901799134e-07,3682,0.005,1,1,0.8869555592536926,1.0,-0.11304444074630737,0.11304444074630737,-0.9427841901779175,-1.0,0.05721580982208252,0.05721580982208252,0.28396264868155296,0.7700510057123059,0.7839014039385864,0.7723047733306885,a88991da933c1c7a931ebd68d1a913db0724bfa7deea4a1527fdcf984724ce8b
3,deep,7,1000,800,200,10000,10000,0.5,527,51260911,51760911,1051760911,2051260911,3051260911,0.1252416227523883,1.3628385410050512,1.362931951756056,0.0027204081929743692,1.8573288888487764,-0.0012328959620890195,0.001325659447897252,1.8575835051175724,-4.440892098500626e-16,5.701187149043108e-07,3689,0.005,1,1,0.8896077871322632,1.0,-0.11039221286773682,0.11039221286773682,-0.9408474564552307,-1.0,0.05915254354476929,0.05915254354476929,0.27701892175200166,0.772088685943659,0.7882024218084492,0.7739966511726379,15e584cb1869e3200d553c77b7a1f3ae0a5abe8a615e1016e217d676d46f0f14
3,deep,7,1000,800,200,10000,10000,0.5,528,51260911,51760911,1051760911,2051260911,3051260911,0.1254201668279456,1.3710117522559018,1.3720381688922982,0.0027281886735427714,1.8796732248237982,4.3661699994773606e-05,-4.6389361675684145e-05,1.8824887368973309,2.220446049250313e-16,5.218618763791483e-07,3696,0.005,1,1,0.8894537091255188,1.0,-0.1105462908744812,0.1105462908744812,-0.9407569766044617,-1.0,0.05924302339553833,0.05924302339553833,0.2713614585718661,0.7620806873785818,0.7895968192512215,0.7657716274261475,c3016582cd1a69c31040bf263c0fa311e99693bf017b867f1a595fc17852cc3d
3,deep,7,1000,800,200,10000,10000,0.5,529,51260911,51760911,1051760911,2051260911,3051260911,0.1251084394548382,1.3729989481869034,1.3735990741747603,0.0027172862774533088,1.8851261117223428,-0.0005344907130186439,0.0005662447569379392,1.886774416573759,2.220446049250313e-16,4.878729580326535e-07,3703,0.005,1,1,0.8885661959648132,1.0,-0.11143380403518677,0.11143380403518677,-0.9431262016296387,-1.0,0.05687379837036133,0.05687379837036133,0.27264276871835,0.7639500325343925,0.7906161079827726,0.7653955817222595,257cd4d06fea37aba0cfe378b22256f523191d9cbd470185dca5499ed67521f0
3,deep,7,1000,800,200,10000,10000,0.5,530,51260911,51760911,1051760911,2051260911,3051260911,0.12710652222353525,1.361376893769624,1.3620656270936242,0.0028243193914708653,1.8533470468898303,-0.0004742968856767541,0.0005110485963663711,1.8552227725099477,2.220446049250313e-16,5.252396437782636e-07,3710,0.005,1,1,0.885737955570221,1.0,-0.11426204442977905,0.11426204442977905,-0.9443200826644897,-1.0,0.055679917335510254,0.055679917335510254,0.2760010589606837,0.7574105226983702,0.7854350373572616,0.7593090534210205,ac0625903e391ab2c4c9a85e8ab225cb3efbfd712ed781766df42c87873b191b
3,deep,7,1000,800,200,10000,10000,0.5,531,51260911,51760911,1051760911,2051260911,3051260911,0.12907863417221346,1.3678024785149183,1.3682451652791559,0.0029478091789584978,1.8708836202315535,-0.000868298550363518,0.0009267627138015032,1.8720948323097848,-2.220446049250313e-16,5.130183620138951e-07,3717,0.005,1,1,0.8829804062843323,1.0,-0.11701959371566772,0.11701959371566772,-0.9455233216285706,-1.0,0.05447667837142944,0.05447667837142944,0.2704952756088459,0.7547812765589451,0.7872451776610448,0.75886470079422,3ac7b174a958432aa25a9847a981a0ac061676aacfa80902be5208696b0f7727
3,deep,7,1000,800,200,10000,10000,0.5,532,51260911,51760911,1051760911,2051260911,3051260911,0.12665514383386725,1.4007102766566433,1.4000385620793427,0.00282235832633036,1.96198927913153,-0.002351831074333485,0.002393950676489644,1.9601079753091937,2.220446049250313e-16,5.184229294741272e-07,3724,0.005,1,1,0.8855723738670349,1.0,-0.11442762613296509,0.11442762613296509,-0.9457059502601624,-1.0,0.054294049739837646,0.054294049739837646,0.28574382804583687,0.7700988462779006,0.7994742809274146,0.7745659351348877,4de20aa97942b59bfab9845ed8a8d5c225b0ef9b73d56f53842149106377b817
3,deep,7,1000,800,200,10000,10000,0.5,533,51260911,51760911,1051760911,2051260911,3051260911,0.12378800919533318,1.3800756965978167,1.3800791922025986,0.0026836007908943396,1.9046089283399488,-0.0013369761901328018,0.001401962383549066,1.9046185767505772,-2.220446049250313e-16,5.419634057091116e-07,3731,0.005,1,1,0.8885464668273926,1.0,-0.11145353317260742,0.11145353317260742,-0.9461336731910706,-1.0,0.05386632680892944,0.05386632680892944,0.2813876201189184,0.7720519857925493,0.7921344841421342,0.7759155035018921,6d1298b0e9aa9d6b79b249899cc59e60c32670ffdac7cfebfdb59fc39adb21fe
3,deep,7,1000,800,200,10000,10000,0.5,534,51260911,51760911,1051760911,2051260911,3051260911,0.12375522937249647,1.372850012780379,1.3738630666271636,0.002701666406043246,1.884717157591087,4.045092253173932e-05,-4.2863748117202017e-05,1.8874997258421944,6.661338147750939e-16,5.066072912285335e-07,3738,0.005,1,1,0.8880029320716858,1.0,-0.11199706792831421,0.11199706792831421,-0.9473500847816467,-1.0,0.05264991521835327,0.05264991521835327,0.28055457738019557,0.7578806960113792,0.7875277510486609,0.7572969198226929,6f696f3f2794650ce092c8a7bdbc2bd381524c2f505a94e41938a6dde982246d
3,deep,7,1000,800,200,10000,10000,0.5,535,51260911,51760911,1051760911,2051260911,3051260911,0.1269034856981963,1.354056882511778,1.3548363432835915,0.0028396512824487375,1.8334700410775149,-0.0003640876389549978,0.00039654274055166003,1.835581517082054,4.440892098500626e-16,5.534146030328202e-07,3745,0.005,1,1,0.8851845264434814,1.0,-0.11481547355651855,0.11481547355651855,-0.9459453821182251,-1.0,0.0540546178817749,0.0540546178817749,0.2890255669867908,0.7571372018185987,0.784287660261612,0.7628637552261353,f662e6b032ca75944e5c9722a0c363dfb9589a34c30fc84f61b3f30a5cbd016c
3,deep,7,1000,800,200,10000,10000,0.5,536,51260911,51760911,1051760911,2051260911,3051260911,0.12555577197924353,1.3871601683030865,1.3867123229966254,0.002753112296312294,1.924213332526647,-0.0019976890361308812,0.002073403033558708,1.9229710667506974,-2.220446049250313e-16,5.020494491247973e-07,3752,0.005,1,1,0.8872373700141907,1.0,-0.11276262998580933,0.11276262998580933,-0.9447836875915527,-1.0,0.055216312408447266,0.055216312408447266,0.2958297907211384,0.7604260028281815,0.7945933309709057,0.7664828300476074,36dec5ed247e4d095a24a02429c343f79bf1ff953d458f6134e33cc8ba1fdccc
3,deep,7,1000,800,200,10000,10000,0.5,537,51260911,51760911,1051760911,2051260911,3051260911,0.12492772331642533,1.3826204798597173,1.383395391110618,0.0027119941245422096,1.9116393913275147,-0.00028428865297837065,0.0002970078065487841,1.9137828081461001,0.0,5.57287334501666e-07,3759,0.005,1,1,0.8885151743888855,1.0,-0.1114848256111145,0.1114848256111145,-0.9436256289482117,-1.0,0.05637437105178833,0.05637437105178833,0.27910825797683986,0.7610271023057377,0.7905574889174403,0.7688900232315063,c312c5911ba8fd8f799e6b2b45f588c6233041813149c1cc302aaf6d94d7004f
3,deep,7,1000,800,200,10000,10000,0.5,538,51260911,51760911,1051760911,2051260911,3051260911,0.12359185744689223,1.3890354329570023,1.3898361335104739,0.002649034319819328,1.9294194340100466,-0.0002119951592609496,0.00021944890953497537,1.9316444780113438,-2.220446049250313e-16,5.148988293512957e-07,3766,0.005,1,1,0.8902738094329834,1.0,-0.1097261905670166,0.1097261905670166,-0.9431219696998596,-1.0,0.05687803030014038,0.05687803030014038,0.27887511829874956,0.7589296464859777,0.7913267001076304,0.7603864669799805,9231d61bee816dd999b478885128033693ca5afa1ca89a3456158d79ccac6d44
3,deep,7,1000,800,200,10000,10000,0.5,539,51260911,51760911,1051760911,2051260911,3051260911,0.12086581058490768,1.3790596175481051,1.3797762499451895,0.0025365268684351006,1.9018054287519262,-0.0002797278537754963,0.00029377901689339373,1.9037824999128103,0.0,5.176530581962879e-07,3773,0.005,1,1,0.8923056721687317,1.0,-0.10769432783126831,0.10769432783126831,-0.9451321959495544,-1.0,0.05486780405044556,0.05486780405044556,0.3099169977612719,0.7681205490057672,0.7909615972718572,0.7718098163604736,9eaf0b03b838a365dec8182046a657893b25d9f56aa7cc1aecd55f67ab39c55c
3,deep,7,1000,800,200,10000,10000,0.5,540,51260911,51760911,1051760911,2051260911,3051260911,0.11985335965392735,1.3729871869455523,1.3730096565675154,0.0024967759815471835,1.8850938155166608,-0.001217537235280948,0.0012900437634779383,1.8851555170276464,2.220446049250313e-16,5.404084770788131e-07,3780,0.005,1,1,0.8929972052574158,1.0,-0.10700279474258423,0.10700279474258423,-0.9460071325302124,-1.0,0.0539928674697876,0.0539928674697876,0.3034730618048401,0.7667563742843051,0.7888483525331343,0.7716498374938965,71438823328e08f05f873734f2bd27b6c5f493b0df6bf5417237be7dfcf5676e
3,deep,7,1000,800,200,10000,10000,0.5,541,51260911,51760911,1051760911,2051260911,3051260911,0.12032441651727327,1.370654317737156,1.3721197604851716,0.00252337278980754,1.8786932587315084,0.0007480027962845704,-0.0007952330250021977,1.882712637113885,-2.220446049250313e-16,4.981184229535529e-07,3787,0.005,1,1,0.8921676874160767,1.0,-0.10783231258392334,0.10783231258392334,-0.9466131329536438,-1.0,0.0533868670463562,0.0533868670463562,0.28814863053776407,0.7610751886516005,0.7877291991770525,0.762232780456543,3bf2b63b5658c577353ac6abfa7ef33cc6bfb6b7fbf7eae18b360fbe50da6836
3,deep,7,1000,800,200,10000,10000,0.5,542,51260911,51760911,1051760911,2051260911,3051260911,0.12074323928036945,1.412539720299247,1.413573323990522,0.0025290235108294404,1.9952684614230745,0.00019602868185463132,-0.00019624479791665854,1.9981895422976133,0.0,5.100644919764363e-07,3794,0.005,1,1,0.89268559217453,1.0,-0.10731440782546997,0.10731440782546997,-0.9446597099304199,-1.0,0.05534029006958008,0.05534029006958008,0.2754272148144619,0.7698103198699086,0.7996461324653573,0.7701942920684814,22f366a33e51cf35fda8dc291e67cb0543109bc90e2460d56bc4e8c572b521f2
3,deep,7,1000,800,200,10000,10000,0.5,543,51260911,51760911,1051760911,2051260911,3051260911,0.12011043063609053,1.4110616271841907,1.4113196129480372,0.0025009812141180377,1.9910949157116957,-0.0008864235170080837,0.0008892710086080896,1.9918230498917975,-2.220446049250313e-16,5.309396993169457e-07,3801,0.005,1,1,0.8937095403671265,1.0,-0.10629045963287354,0.10629045963287354,-0.9440638422966003,-1.0,0.05593615770339966,0.05593615770339966,0.28732567629330963,0.7744728767858204,0.8024754164574824,0.7784278392791748,0cc20ac6245701719418456fd58ccb57dcc4960cf8d9a3d9e80668cdca4fb4a6
3,deep,7,1000,800,200,10000,10000,0.5,544,51260911,51760911,1051760911,2051260911,3051260911,0.12005636473975094,1.3861651513430195,1.3869276538722124,0.0024991383837679026,1.921453826797816,-0.00019232405305238468,0.00019992594053278533,1.9235683170754794,2.220446049250313e-16,5.77653551658841e-07,3808,0.005,1,1,0.8940235376358032,1.0,-0.10597646236419678,0.10597646236419678,-0.9435861706733704,-1.0,0.05641382932662964,0.05641382932662964,0.27402762395994534,0.7717945503202641,0.7949598895423616,0.7760006189346313,0358af6722c0b9745353728257305892b4ebd89a6872120bd7a12a704bd89d6c
3,deep,7,1000,800,200,10000,10000,0.5,545,51260911,51760911,1051760911,2051260911,3051260911,0.12097690703325263,1.4069496561800208,1.4081275923460008,0.0025372710292306862,1.9795073350250787,0.0003893551359177101,-0.000392882314281318,1.9828233163261448,0.0,5.47168422571076e-07,3815,0.005,1,1,0.893069863319397,1.0,-0.10693013668060303,0.10693013668060303,-0.9434194564819336,-1.0,0.056580543518066406,0.056580543518066406,0.2874117984037657,0.7727533405817769,0.7989123371793311,0.778180718421936,27d46c379009e97ba584eec47ff64cfa3528ed0127ef4fed3a8930614d3f65bf
3,deep,7,1000,800,200,10000,10000,0.5,546,51260911,51760911,1051760911,2051260911,3051260911,0.1223566442045874,1.3670829388798726,1.3681036039253016,0.002605912545367501,1.8689157617764296,9.28983758008945e-05,-9.927576802930595e-05,1.8717074710733985,-2.220446049250313e-16,5.352738785546762e-07,3822,0.005,1,1,0.8905256986618042,1.0,-0.1094743013381958,0.1094743013381958,-0.9453508853912354,-1.0,0.05464911460876465,0.05464911460876465,0.2739134540067144,0.7567373407390999,0.787060231653303,0.7617671489715576,f3e239154b4b51cf247e5fa40b6f32a0115ba6764a4fa32e8a7787976a0a09e8
3,deep,7,1000,800,200,10000,10000,0.5,547,51260911,51760911,1051760911,2051260911,3051260911,0.12120156180367998,1.4099713017834696,1.4099242307573154,0.002553988749340009,1.9880190718529718,-0.0013433620628521953,0.0013497239457723978,1.9878863364766075,2.220446049250313e-16,5.094324553311935e-07,3829,0.005,1,1,0.8917428255081177,1.0,-0.10825717449188232,0.10825717449188232,-0.9455004334449768,-1.0,0.05449956655502319,0.05449956655502319,0.2737743846793005,0.7674555434891306,0.7989769970570761,0.7728395462036133,50a5cc2a9ec31c9b14a3d4f1e2ba19384b7feff0f615fc633b79198e72751f23
3,deep,7,1000,800,200,10000,10000,0.5,548,51260911,51760911,1051760911,2051260911,3051260911,0.1202443209590416,1.4147963528854675,1.4160585391780511,0.002525726330455368,2.00164872013802,0.0005236699553004085,-0.0005225792158194205,2.005221786379076,0.0,5.447656441504023e-07,3836,0.005,1,1,0.891981840133667,1.0,-0.10801815986633301,0.10801815986633301,-0.947172224521637,-1.0,0.05282777547836304,0.05282777547836304,0.2887556793250794,0.7605610370506958,0.7990012637777845,0.7646704912185669,de69674d1861b326f970a88bf7055f9d30e32a2b1c9b0a59ec0f8aa7c622ae8c
3,deep,7,1000,800,200,10000,10000,0.5,549,51260911,51760911,1051760911,2051260911,3051260911,0.12227476028473074,1.403678771340329,1.4036848551904193,0.002641080779823365,1.9703140931114955,-0.0013120006001850334,0.00132998520954466,1.9703311726909483,-6.661338147750939e-16,4.948893614908911e-07,3843,0.005,1,1,0.8892496228218079,1.0,-0.11075037717819214,0.11075037717819214,-0.9481784701347351,-1.0,0.05182152986526489,0.05182152986526489,0.27718180463589337,0.7683398260407783,0.7970832304068429,0.7715408802032471,25d6f92783cd94c31ca9db059b0d5d40703bf54b79bf6d426d02349e63b2c19d
3,deep,7,1000,800,200,10000,10000,0.5,550,51260911,51760911,1051760911,2051260911,3051260911,0.12421160284370557,1.400605908664963,1.399882131623808,0.002714408000587973,1.9616969113872063,-0.0023706684740889728,0.002413617199912886,1.9596699824396164,2.220446049250313e-16,5.221461716331532e-07,3850,0.005,1,1,0.8877827525138855,1.0,-0.1122172474861145,0.1122172474861145,-0.9467476606369019,-1.0,0.053252339363098145,0.053252339363098145,0.28450765635324676,0.7788703067891857,0.8003814377807922,0.7840732336044312,647c7e622775fed3216788bb3040fee01e6c21e75409f11af40c20867264942a
3,deep,7,1000,800,200,10000,10000,0.5,551,51260911,51760911,1051760911,2051260911,3051260911,0.12460171254196531,1.403625814753217,1.4048588087334366,0.0027755695031875787,1.9701654278416325,0.0003436375655554116,-0.0003483505751240187,1.9736282724759309,0.0,5.097863216008136e-07,3857,0.005,1,1,0.8864463567733765,1.0,-0.11355364322662354,0.11355364322662354,-0.9487051963806152,-1.0,0.051294803619384766,0.051294803619384766,0.2815599077458648,0.7754471617952057,0.7968556928144032,0.7771226763725281,f87a3ec6833a9ff43d5139a19eca653a9f6823df69257ea802a8d6ffd5ed37b0
3,deep,7,1000,800,200,10000,10000,0.5,552,51260911,51760911,1051760911,2051260911,3051260911,0.12163197912325102,1.3698124993107121,1.370792951138444,0.0025854648619056653,1.87638628326786,5.078338053945402e-05,-5.405443758268452e-05,1.8790733148908447,2.220446049250313e-16,4.803842799105951e-07,3864,0.005,1,1,0.890690803527832,1.0,-0.10930919647216797,0.10930919647216797,-0.9466536045074463,-1.0,0.05334639549255371,0.05334639549255371,0.27556436540460255,0.7728669071497453,0.7889013411476076,0.7748780846595764,603c4f0d068174617087d68bccb0c2f524d6c682ecb0cfbfe7ec4b7eb4d9e0e7
3,deep,7,1000,800,200,10000,10000,0.5,553,51260911,51760911,1051760911,2051260911,3051260911,0.11973671506515016,1.4145324059870752,1.4139253867109796,0.0024914250413034986,2.0009019275875835,-0.002104176721547005,0.0021006126617979124,1.9991849991857933,4.440892098500626e-16,5.321667533308982e-07,3871,0.005,1,1,0.8950116634368896,1.0,-0.10498833656311035,0.10498833656311035,-0.942429780960083,-1.0,0.05757021903991699,0.05757021903991699,0.3059864482213896,0.7780792772228173,0.8044842295883862,0.7830678224563599,c74be8faffe1aa2dd9df9fa586e9eea8209fc9b2fd13b86bf3ef98fddef440c9
3,deep,7,1000,800,200,10000,10000,0.5,554,51260911,51760911,1051760911,2051260911,3051260911,0.12230589907772513,1.3880837931725125,1.3888604729216079,0.002603169627274012,1.9267766168681908,-0.00022318662571639702,0.0002313558245800785,1.9289334132440323,4.440892098500626e-16,5.571960457473324e-07,3878,0.005,1,1,0.8930174112319946,1.0,-0.10698258876800537,0.10698258876800537,-0.940725564956665,-1.0,0.05927443504333496,0.05927443504333496,0.2759833702120972,0.7760887882005576,0.7940634354460071,0.781496524810791,879e52510d57471034c7a607beb76b5bd1883e897a959707f3b266422e989107
3,deep,7,1000,800,200,10000,10000,0.5,555,51260911,51760911,1051760911,2051260911,3051260911,0.12303400696159941,1.412342601558606,1.4140692881949863,0.002628304199101196,1.9947116241773315,0.0011260117199209884,-0.0011275113503952067,1.999591951816275,4.440892098500626e-16,5.317883271516166e-07,3885,0.005,1,1,0.8919271230697632,1.0,-0.10807287693023682,0.10807287693023682,-0.941198468208313,-1.0,0.05880153179168701,0.05880153179168701,0.2827945933334404,0.7687221473723181,0.7981594179026666,0.7719243764877319,7595236bacdcbb35a3e7c1ca995ff0f7d95714c1d8518110f165344d8a002c86
3,deep,7,1000,800,200,10000,10000,0.5,556,51260911,51760911,1051760911,2051260911,3051260911,0.12126110446483443,1.437104844739233,1.4371926631717375,0.002549832514751697,2.0652703347729746,-0.0011487081065277992,0.001111032888352677,2.0655227510746714,8.881784197001252e-16,5.079022287191037e-07,3892,0.005,1,1,0.8930343985557556,1.0,-0.10696560144424438,0.10696560144424438,-0.9428806900978088,-1.0,0.05711930990219116,0.05711930990219116,0.2911782539240867,0.7907322187683653,0.8094124254670662,0.7948697805404663,44cb9aa16d77598ea4af0e773dc42792450ec719486f3a13e56f8ae7a2a0e8bc
3,deep,7,1000,800,200,10000,10000,0.5,557,51260911,51760911,1051760911,2051260911,3051260911,0.11892096837824473,1.4146102424994713,1.415268373789694,0.0024539956331079736,2.001122138184413,-0.00029578198409769077,0.0002952540501010276,2.002984569849325,-4.440892098500626e-16,4.867154714816024e-07,3899,0.005,1,1,0.8953689932823181,1.0,-0.10463100671768188,0.10463100671768188,-0.9434796571731567,-1.0,0.05652034282684326,0.05652034282684326,0.2732718129378204,0.7788203548728228,0.8007106347552826,0.7833722829818726,0ab80a0550ae9260c8f5d953727b208921a4a4017d044a6cef3e5447a3ebbd15
3,deep,7,1000,800,200,10000,10000,0.5,558,51260911,51760911,1051760911,2051260911,3051260911,0.11787158631247184,1.3954483866284648,1.396500378666616,0.0024102484678500476,1.9472761997439856,0.0002634297020829822,-0.00027022776131473657,1.9502133076160015,0.0,5.017041981858483e-07,3906,0.005,1,1,0.8952243328094482,1.0,-0.10477566719055176,0.10477566719055176,-0.9460021257400513,-1.0,0.05399787425994873,0.05399787425994873,0.28962616214108633,0.7602152735939657,0.7948975928051619,0.7601866722106934,142f47e5f05c1f7af46c4e53a3c4465fe14bee10e66ab486955689cec54fe984
3,deep,7,1000,800,200,10000,10000,0.5,559,51260911,51760911,1051760911,2051260911,3051260911,0.11596157893920382,1.3939115472692307,1.3937240277991556,0.0023314355566897782,1.942989401610501,-0.0014270857512446358,0.001467198339707071,1.9424666656647016,2.220446049250313e-16,5.530105209317071e-07,3913,0.005,1,1,0.897592306137085,1.0,-0.10240769386291504,0.10240769386291504,-0.9455963969230652,-1.0,0.054403603076934814,0.054403603076934814,0.2830921821367412,0.7738990669846085,0.7964935887891529,0.7770400047302246,035d3d36ecb53a2841c29fe8a75d12038d06dbfb489d497fdef76bf202cfdd7e
3,deep,7,1000,800,200,10000,10000,0.5,560,51260911,51760911,1051760911,2051260911,3051260911,0.11779360931326247,1.3961233000230429,1.3970340037491835,0.002409156673259838,1.9491602688672316,6.729104549143843e-05,-6.89609548200439e-05,1.951704007631474,-2.220446049250313e-16,4.992537192549662e-07,3920,0.005,1,1,0.8950489163398743,1.0,-0.10495108366012573,0.10495108366012573,-0.9465153813362122,-1.0,0.05348461866378784,0.05348461866378784,0.28683789216234395,0.7748175457892337,0.7945311406140356,0.7784553170204163,c1a06af11303bfa78ae77e93c6e51a1309388e7e6147c653e4d0a6e6712d52a9
3,deep,7,1000,800,200,10000,10000,0.5,561,51260911,51760911,1051760911,2051260911,3051260911,0.1221593043173585,1.4060561492155668,1.4064697279984473,0.0025894627025922572,1.976993894746908,-0.0007131308367367874,0.0007204857871260211,1.9781570957760264,-2.220446049250313e-16,5.004768333094489e-07,3927,0.005,1,1,0.8913252353668213,1.0,-0.10867476463317871,0.10867476463317871,-0.9442085027694702,-1.0,0.055791497230529785,0.055791497230529785,0.31128555415282594,0.7873801565710912,0.7985165105071496,0.7903839349746704,4cb7f1bc2ff2d0436615947cf07e9422e880f65f5884898b47442946f34b91db
3,deep,7,1000,800,200,10000,10000,0.5,562,51260911,51760911,1051760911,2051260911,3051260911,0.12191999443672091,1.399420772770748,1.3991266783068068,0.0025785273822089296,1.9583784992622775,-0.001700782347323871,0.001734645200495988,1.9575554619498388,0.0,5.046048823231786e-07,3934,0.005,1,1,0.8926199078559875,1.0,-0.10738009214401245,0.10738009214401245,-0.9422591924667358,-1.0,0.05774080753326416,0.05774080753326416,0.29164478464222954,0.7780088616571716,0.7964314957383741,0.7806049585342407,b9e34b5c61dd7fa4f233f108032e8a5654c0ac762c65762196348fe1e7b6a217
3,deep,7,1000,800,200,10000,10000,0.5,563,51260911,51760911,1051760911,2051260911,3051260911,0.12337538430337747,1.4073355378134949,1.4077492671468461,0.0026397416213659597,1.9805933159927986,-0.0007375292308411474,0.0007437645596008745,1.981757999152482,-2.220446049250313e-16,5.066553327992551e-07,3941,0.005,1,1,0.8904700875282288,1.0,-0.10952991247177124,0.10952991247177124,-0.943213701248169,-1.0,0.056786298751831055,0.056786298751831055,0.28393106450803574,0.7731460638150263,0.7980832109944659,0.7751114368438721,1d29dfbb3d4234acd20c3e266a6ea779c7560e4c7aa1544b5480cf28fccad0c7
3,deep,7,1000,800,200,10000,10000,0.5,564,51260911,51760911,1051760911,2051260911,3051260911,0.12325378557277358,1.3963933475362884,1.3967455543755924,0.0026370444625403873,1.9499143810436013,-0.0008266409190803873,0.0008467289601513107,1.9508981436679809,0.0,4.825687618392749e-07,3948,0.005,1,1,0.890245258808136,1.0,-0.10975474119186401,0.10975474119186401,-0.9439162015914917,-1.0,0.0560837984085083,0.0560837984085083,0.2965107963742438,0.7790907745552275,0.7962432699764574,0.7822576761245728,99587b618daff3c8153143117592c5c241e1c1e9229832c33a4270499112f303
3,deep,7,1000,800,200,10000,10000,0.5,565,51260911,51760911,1051760911,2051260911,3051260911,0.12423311657253457,1.411659621723041,1.4133619817886247,0.002682914914833129,1.9927828876032392,0.0010631445236984245,-0.0010655602540087087,1.997592091565469,0.0,4.889820672815404e-07,3955,0.005,1,1,0.889064371585846,1.0,-0.11093562841415405,0.11093562841415405,-0.9440790414810181,-1.0,0.055920958518981934,0.055920958518981934,0.31709322273014534,0.7835344571728452,0.7986160537407504,0.7845795154571533,e362f704d7f26042777a16670d7c228819167d7e2082fe348387a674a43dcffc
3,deep,7,1000,800,200,10000,10000,0.5,566,51260911,51760911,1051760911,2051260911,3051260911,0.12465310716378127,1.4168329201939738,1.4159452011008642,0.002699458097245893,2.007415523745383,-0.002607084661030796,0.002593965703037483,2.004900812520567,0.0,5.244639424972775e-07,3962,0.005,1,1,0.8906398415565491,1.0,-0.10936015844345093,0.10936015844345093,-0.940177321434021,-1.0,0.059822678565979004,0.059822678565979004,0.30774356510123146,0.7839885998590757,0.8016616264176173,0.7889543771743774,b4aad1d47fb878a14dc3bf24d065db16effd53508f2766c356a52f35d64200cc
3,deep,7,1000,800,200,10000,10000,0.5,567,51260911,51760911,1051760911,2051260911,3051260911,0.127490432793464,1.4121783560179184,1.4140097867402706,0.002819127097790488,1.994247709205471,0.0011784203470019579,-0.0011801511352352264,1.9994236769972653,0.0,5.245398178033156e-07,3969,0.005,1,1,0.8867547512054443,1.0,-0.11324524879455566,0.11324524879455566,-0.9414395689964294,-1.0,0.05856043100357056,0.05856043100357056,0.29053029889176946,0.7838668725193797,0.7968625501042913,0.7833999991416931,a7a6bb64d90adce62200869bbc633a040a5a259c27846e457e38b1ab08f10865
3,deep,7,1000,800,200,10000,10000,0.5,568,51260911,51760911,1051760911,2051260911,3051260911,0.12642699345862268,1.4051637226797034,1.405913512454217,0.0027737633077422473,1.9744850875350821,-0.0003330231707351052,0.00033685338729742045,1.976592804501354,0.0,5.215584231166304e-07,3976,0.005,1,1,0.8875044584274292,1.0,-0.1124955415725708,0.1124955415725708,-0.9423065185546875,-1.0,0.0576934814453125,0.0576934814453125,0.2766515803636058,0.7739548899718787,0.7970341747003556,0.776612401008606,a208e8e9fda09c0a2d454247acff0248ddd2ed2efccc0fe632ee2874d6daf139
3,deep,7,1000,800,200,10000,10000,0.5,569,51260911,51760911,1051760911,2051260911,3051260911,0.1229627152066502,1.4175099598913092,1.4176475507730808,0.0026213117698675186,2.009334486391061,-0.0011156099740069992,0.0011089805998986124,2.0097245782129147,0.0,5.219725380811724e-07,3983,0.005,1,1,0.8910624384880066,1.0,-0.10893756151199341,0.10893756151199341,-0.9429698586463928,-1.0,0.05703014135360718,0.05703014135360718,0.27921223554075936,0.7780160907877687,0.8016968108445485,0.7851617336273193,e61ff6bb4565fecc90755de16914e1c00f496f153ba9826fd721c0cdb2459f12
3,deep,7,1000,800,200,10000,10000,0.5,570,51260911,51760911,1051760911,2051260911,3051260911,0.12243295651412531,1.3936835157768084,1.3943396138785715,0.002599386240717746,1.9423537421480055,-0.0003850847788398186,0.0003959836082619001,1.9441829588310438,2.220446049250313e-16,4.999960925289315e-07,3990,0.005,1,1,0.8913441300392151,1.0,-0.10865586996078491,0.10865586996078491,-0.9435754418373108,-1.0,0.05642455816268921,0.05642455816268921,0.2817947027399932,0.7770233892401984,0.7960307888417512,0.7781476974487305,9236f53482154713a30b0e33dd86dfa04137021bc67bbf6659ce195fc0499440
3,deep,7,1000,800,200,10000,10000,0.5,571,51260911,51760911,1051760911,2051260911,3051260911,0.12396953497114863,1.4162085048295407,1.416632602607388,0.0026778761738216784,2.0056465291515235,-0.0007382372775817437,0.000735177320580487,2.006847930770182,0.0,4.97021060752445e-07,3997,0.005,1,1,0.8889351487159729,1.0,-0.1110648512840271,0.1110648512840271,-0.944926917552948,-1.0,0.055073082447052,0.055073082447052,0.27459212360342944,0.7795765705148625,0.8018197739666344,0.7836738228797913,75d2b1b9ec00754fa0bdb49caa914c06ae61d0419aaf40841c89609de1b4f663
3,deep,7,1000,800,200,10000,10000,0.5,572,51260911,51760911,1051760911,2051260911,3051260911,0.12435915531158961,1.428439875960573,1.4295691925990512,0.0026961456054381983,2.0404404792342574,0.00026572579430395314,-0.0002601155410493432,2.0436680764283035,0.0,5.278232464434041e-07,4004,0.005,1,1,0.8885182738304138,1.0,-0.11148172616958618,0.11148172616958618,-0.9448907971382141,-1.0,0.05510920286178589,0.05510920286178589,0.2706588621412856,0.7761377583603553,0.8033281767961403,0.7792235612869263,781f8463c494efac819e1deae0f5c7abbd6d8260aa868d6a679900cffa588d1c
3,deep,7,1000,800,200,10000,10000,0.5,573,51260911,51760911,1051760911,2051260911,3051260911,0.12225428361537202,1.4163357745884224,1.4170315000795963,0.002605051062610145,2.0060070263789864,-0.0003169026118827966,0.0003155438677700682,2.007978272217831,0.0,5.390494983714689e-07,4011,0.005,1,1,0.8904340267181396,1.0,-0.10956597328186035,0.10956597328186035,-0.9457652568817139,-1.0,0.05423474311828613,0.05423474311828613,0.2684138218835411,0.779327350997392,0.7993296143750762,0.7792803049087524,2a05297d4bad99b3e363e878a579400cdbc963d6f368df74906531d323bfe85b
3,deep,7,1000,800,200,10000,10000,0.5,574,51260911,51760911,1051760911,2051260911,3051260911,0.11793815654117684,1.409368184583355,1.4088867536611567,0.0024333161746634352,1.9863186797157817,-0.0018950556242860977,0.0019057736994879588,1.9849618846418728,-2.220446049250313e-16,5.661758457620181e-07,4018,0.005,1,1,0.8939114809036255,1.0,-0.10608851909637451,0.10608851909637451,-0.9484768509864807,-1.0,0.05152314901351929,0.05152314901351929,0.282082917699574,0.776112659159987,0.7989865696947094,0.7801684141159058,f5140cbf5c4bdfaa7184922763945926704a111ca0c157e0e055dc97eb679af3
3,deep,7,1000,800,200,10000,10000,0.5,575,51260911,51760911,1051760911,2051260911,3051260911,0.11720088322819103,1.432096714981723,1.4324806460558293,0.0024529504134457284,2.0509010010614426,-0.0006765750751813155,0.0006589950794361035,2.052000801324526,4.440892098500626e-16,5.076374893775437e-07,4025,0.005,1,1,0.8932445049285889,1.0,-0.10675549507141113,0.10675549507141113,-0.9516335725784302,-1.0,0.048366427421569824,0.048366427421569824,0.28231249772437805,0.7761795419391696,0.8038788101214397,0.780619740486145,48b918c63226299ef2e5b2e21fc8d4e702d8f0b461226655ce9081454fd40b41
3,deep,7,1000,800,200,10000,10000,0.5,576,51260911,51760911,1051760911,2051260911,3051260911,0.11547012307909234,1.4014245764797655,1.402959824380979,0.0023916208694796954,1.96399084356149,0.000956902198069055,-0.0009732615250370052,1.968296268827108,2.220446049250313e-16,5.003389773605704e-07,4032,0.005,1,1,0.8946141004562378,1.0,-0.10538589954376221,0.10538589954376221,-0.9528071880340576,-1.0,0.04719281196594238,0.04719281196594238,0.2808567812665729,0.7675318099548,0.7940130246789419,0.7719785571098328,ad9fbefaaedac161ab75c2977135e499418f2f603035e49864a128da1fafcccf
3,deep,7,1000,800,200,10000,10000,0.5,577,51260911,51760911,1051760911,2051260911,3051260911,0.11557377913185185,1.42365672078989,1.4236830775926055,0.0023743936749474836,2.026798458650223,-0.0011496734508089227,0.001133144916157877,2.0268735054235525,0.0,5.368906386138406e-07,4039,0.005,1,1,0.8949594497680664,1.0,-0.1050405502319336,0.1050405502319336,-0.9517943859100342,-1.0,0.04820561408996582,0.04820561408996582,0.2677267299905319,0.7704197332314076,0.8015581534591062,0.7736870050430298,04edf1402ab1d6a8278adbc1a637d3f5c0c8a476c299aba9ef1f30bfdf0ee940
3,deep,7,1000,800,200,10000,10000,0.5,578,51260911,51760911,1051760911,2051260911,3051260911,0.1147571393698052,1.4201387001932022,1.4199923745210565,0.00231883149962636,2.016793927786438,-0.0013672077940578542,0.0013542659148380435,2.0163783436979488,0.0,4.880204631518836e-07,4046,0.005,1,1,0.8962671160697937,1.0,-0.1037328839302063,0.1037328839302063,-0.9509215950965881,-1.0,0.049078404903411865,0.049078404903411865,0.2766084656391819,0.7904251111903368,0.8044976312705027,0.7941820621490479,0ee0ba7e7efc823f71fd50e4baa79c41e884c75662ae23f50f8d07803e80fa9b
3,deep,7,1000,800,200,10000,10000,0.5,579,51260911,51760911,1051760911,2051260911,3051260911,0.1126180895335593,1.420175290126317,1.4210482178671178,0.0022217872508301134,2.0168978546853684,0.00012919778355644773,-0.00012797437147662614,2.0193780375033117,0.0,5.56294708076166e-07,4053,0.005,1,1,0.8985793590545654,1.0,-0.10142064094543457,0.10142064094543457,-0.9510440230369568,-1.0,0.04895597696304321,0.04895597696304321,0.2735634566065791,0.769862157300619,0.800225890515446,0.7724651098251343,080319064000797d954daeb662259a32872bfe2454dd9ef10a7003f7010e60d5
3,deep,7,1000,800,200,10000,10000,0.5,580,51260911,51760911,1051760911,2051260911,3051260911,0.11461889034194514,1.4359476545506555,1.4363685358345042,0.002323955202587172,2.0619456666095286,-0.0005575255383791806,0.0005401673623329859,2.063154570735357,-4.440892098500626e-16,5.773537470332712e-07,4060,0.005,1,1,0.8960995078086853,1.0,-0.1039004921913147,0.1039004921913147,-0.9516039490699768,-1.0,0.04839605093002319,0.04839605093002319,0.2736707606558585,0.7712532220592071,0.8053967935430927,0.7747549414634705,e39bbbc1d44ba7c73caf4a998b12ecacbc1d3e1cb631932af6296496475f8e5e
3,deep,7,1000,800,200,10000,10000,0.5,581,51260911,51760911,1051760911,2051260911,3051260911,0.11761822782537092,1.4271362713775908,1.426609358971708,0.0024523008848218765,2.0367179370815327,-0.0019779874303434896,0.0019399924474340288,2.0352142631056673,-4.440892098500626e-16,5.310470907460285e-07,4067,0.005,1,1,0.8932567834854126,1.0,-0.1067432165145874,0.1067432165145874,-0.9506043195724487,-1.0,0.04939568042755127,0.04939568042755127,0.2810606351287137,0.7692390266381346,0.8049268439687864,0.7708746194839478,7c8b17ef796f69fdf98c87625c936c2477ac378b8a9d8a26cfc05c8fea6e89d4
3,deep,7,1000,800,200,10000,10000,0.5,582,51260911,51760911,1051760911,2051260911,3051260911,0.12016883336740673,1.414104106676339,1.414326650934076,0.0025816274608346083,1.9996904245188867,-0.0009760882186611553,0.0009749806153425158,2.0003198755423997,4.440892098500626e-16,5.22284356208047e-07,4074,0.005,1,1,0.8904855251312256,1.0,-0.10951447486877441,0.10951447486877441,-0.950531542301178,-1.0,0.04946845769882202,0.04946845769882202,0.27101344764199736,0.7821717875885029,0.7998683746140794,0.7867040634155273,1f30d42e8f2f46b92d31886da7bd328f6697704e98f525c7d9675e3db9018fe4
3,deep,7,1000,800,200,10000,10000,0.5,583,51260911,51760911,1051760911,2051260911,3051260911,0.12222447156265126,1.4288936671026269,1.42893299831741,0.002705806580299196,2.041737111885993,-0.0012967023929543744,0.0012685141573208017,2.041849513680383,0.0,4.943709992488721e-07,4081,0.005,1,1,0.8880181312561035,1.0,-0.11198186874389648,0.11198186874389648,-0.9510216116905212,-1.0,0.04897838830947876,0.04897838830947876,0.268503681972146,0.783254591634529,0.8044241041427446,0.784135103225708,edb3d7fdf3a4f431afe66aadbd49a857df9d524377903869bd3212e748678046
3,deep,7,1000,800,200,10000,10000,0.5,584,51260911,51760911,1051760911,2051260911,3051260911,0.12371218221862372,1.4370140248036327,1.4376329359993574,0.002743267802712729,2.0650093074823355,-0.000482058307458068,0.00046626304638176,2.0667884586701324,4.440892098500626e-16,4.645423086202527e-07,4088,0.005,1,1,0.8871263861656189,1.0,-0.1128736138343811,0.1128736138343811,-0.9493615627288818,-1.0,0.050638437271118164,0.050638437271118164,0.27235495790479175,0.7783182403169161,0.8052423915608957,0.7795958518981934,62e609eb0ccb389fcf2b1a9dc43eaec0041cf7162ef8df48f752d242055f9955
3,deep,7,1000,800,200,10000,10000,0.5,585,51260911,51760911,1051760911,2051260911,3051260911,0.1227791725631386,1.4462845005804013,1.4469536728240033,0.002678964331256155,2.0917388566191004,-0.0003714448257419192,0.00035469983307664325,2.0936749312988727,0.0,5.571390335745718e-07,4095,0.005,1,1,0.8884259462356567,1.0,-0.11157405376434326,0.11157405376434326,-0.9487559199333191,-1.0,0.05124408006668091,0.05124408006668091,0.27988548942390434,0.782115852053339,0.8067698924017151,0.7837424874305725,6d801f5887473a0285fb7a07f8ded7648d8e048ff24d50e7775bf4ccab2d4154
3,deep,7,1000,800,200,10000,10000,0.5,586,51260911,51760911,1051760911,2051260911,3051260911,0.121630028983307,1.4517869485061368,1.4512968763135863,0.0025924592582085024,2.1076853438527605,-0.002007589956697937,0.0019026783618141178,2.106262623197573,0.0,5.171876740206471e-07,4102,0.005,1,1,0.8904340863227844,1.0,-0.10956591367721558,0.10956591367721558,-0.9471873641014099,-1.0,0.05281263589859009,0.05281263589859009,0.2995578120359599,0.8004597204383237,0.8151625071207125,0.8023189306259155,bcc515d65dcddf8eb78757d4d9e30966bc9c1288370c8163d29666c659b5e8bc
3,deep,7,1000,800,200,10000,10000,0.5,587,51260911,51760911,1051760911,2051260911,3051260911,0.12023172758221135,1.472403898794709,1.4720456696150832,0.002541133002672815,2.1679732411858597,-0.0017979603780065964,0.0016567136337705952,2.166918453432519,-4.440892098500626e-16,5.132869649315808e-07,4109,0.005,1,1,0.8914404511451721,1.0,-0.10855954885482788,0.10855954885482788,-0.9483231902122498,-1.0,0.051676809787750244,0.051676809787750244,0.30245288757110234,0.7921362455675017,0.8184793940554138,0.7925072908401489,0176a96cf76a492878f3ab05e6f2f8e27bbd049f1cf492acb749b188be354617
3,deep,7,1000,800,200,10000,10000,0.5,588,51260911,51760911,1051760911,2051260911,3051260911,0.12150943563034507,1.4513364106295068,1.4523345220398243,0.0026699533465611353,2.10637737681894,0.00011411687157131194,-0.00010821651078106146,2.109275563908645,8.881784197001252e-16,5.100723701190191e-07,4116,0.005,1,1,0.888740062713623,1.0,-0.11125993728637695,0.11125993728637695,-0.9511556625366211,-1.0,0.048844337463378906,0.048844337463378906,0.28614026467445147,0.7884773210225114,0.8056201221141414,0.7928162217140198,c6864ada10a79a4eba5afb372d90f63ad3c378d1b4ef35676e990e557cf0b3f2
3,deep,7,1000,800,200,10000,10000,0.5,589,51260911,51760911,1051760911,2051260911,3051260911,0.12411956829495298,1.4309227032413354,1.4312452439020453,0.002839811510102426,2.0475397826514907,-0.0009583229846840294,0.000934776162826465,2.0484629481922254,4.440892098500626e-16,5.665756859229987e-07,4123,0.005,1,1,0.8856103420257568,1.0,-0.11438965797424316,0.11438965797424316,-0.9518266320228577,-1.0,0.048173367977142334,0.048173367977142334,0.2709168580360958,0.7703759421593398,0.8033203662880102,0.7724370956420898,b8d5d35cd43f44296b93695af0bd2c140f9cc4d7b3a6bda8d326b9f927566d45
3,deep,7,1000,800,200,10000,10000,0.5,590,51260911,51760911,1051760911,2051260911,3051260911,0.12234221407330081,1.4569596908657774,1.454873524831158,0.0027658787935161753,2.1227315408077017,-0.004420223173289943,0.004159236452161167,2.116656973254638,0.0,5.033856567138173e-07,4130,0.005,1,1,0.887164294719696,1.0,-0.11283570528030396,0.11283570528030396,-0.952716588973999,-1.0,0.04728341102600098,0.04728341102600098,0.2895560089884271,0.7908662716278292,0.813163654875527,0.7968059778213501,01c49aba362364b784ec9bfe12811f1aa128357d32a959b2c0cf358aae1d92b6
3,deep,7,1000,800,200,10000,10000,0.5,591,51260911,51760911,1051760911,2051260911,3051260911,0.12099317188357002,1.4545990517329457,1.4547372924880182,0.0027649439018658287,2.115858401302385,-0.0011813775244406892,0.0011152312912201916,2.1162605901553695,0.0,5.25268397666423e-07,4137,0.005,1,1,0.8877399563789368,1.0,-0.11226004362106323,0.11226004362106323,-0.9548665285110474,-1.0,0.04513347148895264,0.04513347148895264,0.2779650530633537,0.7759317467988194,0.8101165121075937,0.7787544131278992,6a444ae7e8cc41ef0d730c5e5407e752ba3b5493ebce9a6488f43b0db646d776
3,deep,7,1000,800,200,10000,10000,0.5,592,51260911,51760911,1051760911,2051260911,3051260911,0.12278754277222927,1.449236060695307,1.4494694877746954,0.0028866450279328385,2.1002851596196517,-0.001105004328873188,0.0010507979675567652,2.100961795989838,-4.440892098500626e-16,5.137721306169851e-07,4144,0.005,1,1,0.8857002854347229,1.0,-0.1142997145652771,0.1142997145652771,-0.9551407098770142,-1.0,0.04485929012298584,0.04485929012298584,0.28217971478156895,0.7892915301142548,0.8072479266169874,0.7940083742141724,d25a59dc9ade71dec9be29b46715ad50ec4bc725cb093f1b2eae87652dda0f2c
3,deep,7,1000,800,200,10000,10000,0.5,593,51260911,51760911,1051760911,2051260911,3051260911,0.12339348139047422,1.4182519191482355,1.4183572891756935,0.002940660041237997,2.011438506167653,-0.0013208832255350842,0.0013114544150305302,2.0117373997578216,8.881784197001252e-16,4.923273664303451e-07,4151,0.005,1,1,0.8849111795425415,1.0,-0.1150888204574585,0.1150888204574585,-0.9554970264434814,-1.0,0.044502973556518555,0.044502973556518555,0.27333698438309506,0.7681047897722577,0.7999042835868637,0.7717233896255493,87101357a71c124a0ca60d8e925e071c6082e108b05a2d0605c3a41f2aeebbc4
3,deep,7,1000,800,200,10000,10000,0.5,594,51260911,51760911,1051760911,2051260911,3051260911,0.12380043995618494,1.4317885660523282,1.4324733193873398,0.0030547529611690857,2.0500184978781824,-0.000546720041383992,0.0005325869801873637,2.0519798107565834,0.0,5.379667289417966e-07,4158,0.005,1,1,0.8837913274765015,1.0,-0.11620867252349854,0.11620867252349854,-0.9573140144348145,-1.0,0.04268598556518555,0.04268598556518555,0.2824702912307858,0.7760003577423915,0.8039698519610555,0.7789120674133301,b72f8697bddd1f78b1463d61a835a0547383e028554995cfb1e9be1e696387d7
3,deep,7,1000,800,200,10000,10000,0.5,595,51260911,51760911,1051760911,2051260911,3051260911,0.12481434538834847,1.4338403170208744,1.4355804306298257,0.003144314331638654,2.055898054714522,0.0009244018805778286,-0.0008978949578449446,2.060891172807316,-4.440892098500626e-16,4.783377818284862e-07,4165,0.005,1,1,0.8825688362121582,1.0,-0.1174311637878418,0.1174311637878418,-0.9577088356018066,-1.0,0.04229116439819336,0.04229116439819336,0.2734868980565799,0.7832369483017624,0.8033670715291525,0.7861151099205017,e23ccbde77b72f911c5ec97939c772a6b992f6d1f41fb9c539defa61534698fa
3,deep,7,1000,800,200,10000,10000,0.5,596,51260911,51760911,1051760911,2051260911,3051260911,0.12420454354783628,1.4341869323990697,1.4354636958049387,0.0031250841866401692,2.056892157064254,0.0002693903615401018,-0.0002615418513454006,2.060556021973974,-4.440892098500626e-16,5.584572413397382e-07,4172,0.005,1,1,0.8830666542053223,1.0,-0.11693334579467773,0.11693334579467773,-0.9581268429756165,-1.0,0.041873157024383545,0.041873157024383545,0.28073108611450726,0.7871965046731344,0.8039460040826132,0.7895574569702148,5c5b751e1476e8bcddd7f958ed03281cd7dc2162e010f99959794bf4686d093e
3,deep,7,1000,800,200,10000,10000,0.5,597,51260911,51760911,1051760911,2051260911,3051260911,0.1243644726374276,1.4349152502294507,1.435464767303985,0.0030200252373148357,2.058981775341047,-0.0007213512036389083,0.0006996610802537414,2.060559098171084,0.0,4.864194504961006e-07,4179,0.005,1,1,0.8837341070175171,1.0,-0.11626589298248291,0.11626589298248291,-0.9558551907539368,-1.0,0.04414480924606323,0.04414480924606323,0.2754117202210125,0.7818879344346084,0.8053597223380647,0.7851022481918335,7a90396ccfa17abe0193356a0e09f6a053b3d40cface8f26e1dbddb0e568d326
3,deep,7,1000,800,200,10000,10000,0.5,598,51260911,51760911,1051760911,2051260911,3051260911,0.12455708024225265,1.4431633790039577,1.4435041082982796,0.0030164496413590675,2.082720538498121,-0.0010164387327341175,0.0009746566690949865,2.0837041106740113,-4.440892098500626e-16,4.77968210788049e-07,4186,0.005,1,1,0.8836584687232971,1.0,-0.11634153127670288,0.11634153127670288,-0.9555127620697021,-1.0,0.04448723793029785,0.04448723793029785,0.2653035031942618,0.7808951338797019,0.8050875666177472,0.7827829122543335,6db9e9f7d796fe138f71d28138eb7fd6c6045d3d48acbf08df8dfbd08904d4f1
3,deep,7,1000,800,200,10000,10000,0.5,599,51260911,51760911,1051760911,2051260911,3051260911,0.12278037712795237,1.4574584556224681,1.4559464653721188,0.0028803897226161823,2.1241851498654296,-0.003642714779239678,0.0034251081703342077,2.1197801100295663,0.0,5.403888039268168e-07,4193,0.005,1,1,0.8857614398002625,1.0,-0.11423856019973755,0.11423856019973755,-0.9550047516822815,-1.0,0.044995248317718506,0.044995248317718506,0.2945033504204026,0.7846547109520986,0.8114701847667075,0.7864325046539307,3d744e5e60e120203174496ec90757e8ac0a9bae8bfb8b76c26f43bde15b47f0
3,deep,7,1000,800,200,10000,10000,0.5,600,51260911,51760911,1051760911,2051260911,3051260911,0.12229464939199208,1.4823977987446897,1.4798327911726084,0.002849585314105709,2.1975032337231015,-0.005223864603747261,0.004748206340865853,2.189905089829713,4.440892098500626e-16,5.527700341900754e-07,4200,0.005,1,1,0.886289119720459,1.0,-0.11371088027954102,0.11371088027954102,-0.9549909234046936,-1.0,0.045009076595306396,0.045009076595306396,0.2944867884968025,0.7932543279536965,0.8201993159036796,0.7957537174224854,faa5d36d971ee3ef2b0fed9b179dfe841da539f753c98024a9129ac1136284db
3,deep,7,1000,800,200,10000,10000,0.5,601,51260911,51760911,1051760911,2051260911,3051260911,0.12310512312100409,1.4723437482857145,1.4709157378410653,0.0030322817543790015,2.1677961131160273,-0.0036176435209404226,0.003332961305913255,2.1635931078285253,0.0,5.677321368580124e-07,4207,0.005,1,1,0.8843601942062378,1.0,-0.11563980579376221,0.11563980579376221,-0.9577826261520386,-1.0,0.042217373847961426,0.042217373847961426,0.2818650663384064,0.7913527946093781,0.8148518219981364,0.790855348110199,28cfc955174da30669e36e8878c09cb0fa921ec7c846e5ac050ab32d4fbfff7d
3,deep,7,1000,800,200,10000,10000,0.5,602,51260911,51760911,1051760911,2051260911,3051260911,0.12198346139605697,1.438433168214713,1.4365292463254558,0.0029866991281121314,2.0690899794202164,-0.004230201499973339,0.004083054979352372,2.063616275548382,0.0,5.193514311940817e-07,4214,0.005,1,1,0.8853471875190735,1.0,-0.11465281248092651,0.11465281248092651,-0.9583503007888794,-1.0,0.041649699211120605,0.041649699211120605,0.2786781302800931,0.793671846582864,0.8051825264569942,0.7984511256217957,0cfb778c5f5b2d1cb4deb2e6ca1eab4e2d11a8ccbb4390f93cf37cd7fd39ddb5
3,deep,7,1000,800,200,10000,10000,0.5,603,51260911,51760911,1051760911,2051260911,3051260911,0.12248591570926391,1.4235481607864047,1.4234330347869804,0.003031703791661635,2.0264893660783554,-0.0016797326735721277,0.0016552995664930032,2.0261616045228728,-4.440892098500626e-16,5.08762775908167e-07,4221,0.005,1,1,0.8847350478172302,1.0,-0.11526495218276978,0.11526495218276978,-0.9585658311843872,-1.0,0.04143416881561279,0.04143416881561279,0.26819321974060784,0.7746899785950399,0.802354580656365,0.7754093408584595,c3d514d3649a19004c05c4658b04e6e858d18f62912c8fa71a866f8d677dff3d
3,deep,7,1000,800,200,10000,10000,0.5,604,51260911,51760911,1051760911,2051260911,3051260911,0.12172456186848793,1.44427792651762,1.4446351592159752,0.0028523203664421455,2.0859387290260356,-0.0009101530747559959,0.0008714639743603965,2.086970743242966,0.0,5.695757412382818e-07,4228,0.005,1,1,0.8865499496459961,1.0,-0.1134500503540039,0.1134500503540039,-0.9558870196342468,-1.0,0.044112980365753174,0.044112980365753174,0.2667765918689047,0.7799586411965065,0.8062888815257625,0.7819589972496033,c46dfdeef1e06b59856bfcf835fa05652b64aa69dd321a600a56e059a26789ff
3,deep,7,1000,800,200,10000,10000,0.5,605,51260911,51760911,1051760911,2051260911,3051260911,0.1203211971209954,1.4376635437870515,1.4375489567676578,0.0027630542576664533,2.066876465134343,-0.0015462581441142598,0.0014942294342818678,2.066547003103781,0.0,5.769380564402127e-07,4235,0.005,1,1,0.888079047203064,1.0,-0.11192095279693604,0.11192095279693604,-0.9558311104774475,-1.0,0.04416888952255249,0.04416888952255249,0.26848541107199636,0.7817791748050638,0.8060485818697711,0.7815573811531067,2364ba2f8eedb3f0ea35598afd7e6aadf7c418f54e85d7b7c30211ae49f0af5c
3,deep,7,1000,800,200,10000,10000,0.5,606,51260911,51760911,1051760911,2051260911,3051260911,0.11974643560108286,1.4232574723103897,1.4243540847102172,0.0027582810023986104,2.0256618324873594,0.0001822225704609851,-0.00017966945727774668,2.0287845586306803,0.0,5.524394524059062e-07,4242,0.005,1,1,0.8884125351905823,1.0,-0.11158746480941772,0.11158746480941772,-0.9565552473068237,-1.0,0.04344475269317627,0.04344475269317627,0.27377314728954366,0.7850992155167796,0.8008836271141614,0.7837653756141663,da4cf0d214a3fff2449037730341b1f4b09b8f298b44ffd03f85852803da4d0e
3,deep,7,1000,800,200,10000,10000,0.5,607,51260911,51760911,1051760911,2051260911,3051260911,0.1244096736632798,1.460636192681972,1.4639277298641542,0.003125176116393353,2.1334580873724867,0.003250567388167635,-0.0030427715537373464,2.143084398265216,8.881784197001252e-16,5.618504079762943e-07,4249,0.005,1,1,0.8829414248466492,1.0,-0.11705857515335083,0.11705857515335083,-0.9578685760498047,-1.0,0.04213142395019531,0.04213142395019531,0.29700404569734995,0.7822926536040784,0.8091039531733487,0.7791585922241211,daddcda91f0f5cdbb7dc3c6225529a001a540a79e0e061c66970aa39de51bcd4
3,deep,7,1000,800,200,10000,10000,0.5,608,51260911,51760911,1051760911,2051260911,3051260911,0.12155466070251858,1.4431212238222342,1.442685809829338,0.002916211750097451,2.0825988666461828,-0.0020863662566738272,0.0020008162763111756,2.0813423458829328,4.440892098500626e-16,5.252253192367107e-07,4256,0.005,1,1,0.8861144781112671,1.0,-0.11388552188873291,0.11388552188873291,-0.9575073719024658,-1.0,0.04249262809753418,0.04249262809753418,0.277073365121047,0.7841756590508311,0.8079153093183115,0.7840328216552734,9f247e403b268df9f5774972e0bb439409697bd697a2c58b4b0179effa0dcd44
3,deep,7,1000,800,200,10000,10000,0.5,609,51260911,51760911,1051760911,2051260911,3051260911,0.12112895601034698,1.4534053876581148,1.4519269096611434,0.002861776203456396,2.112387220873635,-0.0035786230394668707,0.0033836423460423897,2.108091750998158,0.0,4.987848392090655e-07,4263,0.005,1,1,0.8867848515510559,1.0,-0.11321514844894409,0.11321514844894409,-0.956935465335846,-1.0,0.04306453466415405,0.04306453466415405,0.2653506724184995,0.7882826839828853,0.8105992764457493,0.7908356189727783,19457d90b2092f4b4ed446cd27553ab9ea336828f81de60c58c2da132c01dfaa
3,deep,7,1000,800,200,10000,10000,0.5,610,51260911,51760911,1051760911,2051260911,3051260911,0.12463589643545937,1.4275403767389399,1.4274263060518975,0.0030274165811922556,2.0378715272199543,-0.0016765422960909016,0.0016429449397120707,2.037545859208965,4.440892098500626e-16,5.418044572991221e-07,4270,0.005,1,1,0.8835268616676331,1.0,-0.11647313833236694,0.11647313833236694,-0.9556365609169006,-1.0,0.044363439083099365,0.044363439083099365,0.26074142182701043,0.7755347372661666,0.8020158357200233,0.7782129049301147,79b32e06f5f0b94b7fd35e0dc589dcf338351759cce1d5cd6ebe19695841cea8
3,deep,7,1000,800,200,10000,10000,0.5,611,51260911,51760911,1051760911,2051260911,3051260911,0.12623419417281995,1.4468145108447683,1.447395385660606,0.0031699646687784375,2.0932722287909864,-0.0007443955140747527,0.0007101512423257181,2.094953402431615,-4.440892098500626e-16,5.195534900082066e-07,4277,0.005,1,1,0.8815497159957886,1.0,-0.11845028400421143,0.11845028400421143,-0.9563582539558411,-1.0,0.043641746044158936,0.043641746044158936,0.28359803920560467,0.7873760806583668,0.8072554166817563,0.7892113924026489,6528780d845b9e97f0bbae4d338a111e836a1f99c77f589cffdd2c7c0e9dd50d
3,deep,7,1000,800,200,10000,10000,0.5,612,51260911,51760911,1051760911,2051260911,3051260911,0.12813438936435131,1.450512745843954,1.4526970408058282,0.0033507231831099234,2.103987225855767,0.0014953716635663678,-0.001419204417828078,2.11032869236601,0.0,4.7165179672958857e-07,4284,0.005,1,1,0.8792114853858948,1.0,-0.12078851461410522,0.12078851461410522,-0.9572383761405945,-1.0,0.04276162385940552,0.04276162385940552,0.27833861149682093,0.7844782852791543,0.8078572669655961,0.7840752601623535,6059c424fdb5ebe41de2e30577c3f97681c3e5fe1c21436c0e9f5ee3b690514f
3,deep,7,1000,800,200,10000,10000,0.5,613,51260911,51760911,1051760911,2051260911,3051260911,0.13038473117170513,1.4535134191888044,1.453123304098416,0.003528703927187794,2.1127012597619292,-0.0023313133876098754,0.002203270370055449,2.1115673369138976,4.440892098500626e-16,5.076550859683948e-07,4291,0.005,1,1,0.8767443299293518,1.0,-0.1232556700706482,0.1232556700706482,-0.9574768543243408,-1.0,0.04252314567565918,0.04252314567565918,0.25999763973203893,0.7848622828794227,0.8082265294749934,0.7892711758613586,af084cea648a18f3abb0d5a8d2f99addf31907cae7bc8fb802217e2477fca8f6
3,deep,7,1000,800,200,10000,10000,0.5,614,51260911,51760911,1051760911,2051260911,3051260911,0.13253374077512078,1.4483320506100592,1.4484422374617665,0.0035187969560689482,2.097665728824339,-0.0015998052585801273,0.0015227651250533916,2.097984915263248,4.440892098500626e-16,4.914045810266998e-07,4298,0.005,1,1,0.8754755854606628,1.0,-0.12452441453933716,0.12452441453933716,-0.9546253085136414,-1.0,0.04537469148635864,0.04537469148635864,0.2586951872789974,0.7818776374001932,0.8066083798538437,0.7842539548873901,7f55063e0fe988e85b534564037a9b8624476e0a9054e5c38722812f0661d6b4
3,deep,7,1000,800,200,10000,10000,0.5,615,51260911,51760911,1051760911,2051260911,3051260911,0.13739586677738383,1.4676773266656862,1.4673124810445712,0.0038963103445047425,2.1540767352085353,-0.0024835642619322287,0.0023017565182754606,2.1530059170291755,0.0,4.83608650014844e-07,4305,0.005,1,1,0.8702358603477478,1.0,-0.1297641396522522,0.1297641396522522,-0.9548459053039551,-1.0,0.04515409469604492,0.04515409469604492,0.2630555657690984,0.7700370064372631,0.8107134596148913,0.7712403535842896,9e371a80750819b1a54b743e21170d8b784d10a2b5bd0ce0c10b14f26eae7dae
3,deep,7,1000,800,200,10000,10000,0.5,616,51260911,51760911,1051760911,2051260911,3051260911,0.135339441532732,1.4587742383650963,1.458003682588294,0.003694904273412689,2.1280222785176672,-0.002971222175026674,0.0027876326175092525,2.125774738441027,0.0,4.940360494032348e-07,4312,0.005,1,1,0.8726790547370911,1.0,-0.12732094526290894,0.12732094526290894,-0.9541072845458984,-1.0,0.04589271545410156,0.04589271545410156,0.2656158205555571,0.7918340688940788,0.807662452112566,0.7949573993682861,00bb65ef7acd2c662041c8fa8b9ced38d9625472fd2b8225b3f08124c9fe9478
3,deep,7,1000,800,200,10000,10000,0.5,617,51260911,51760911,1051760911,2051260911,3051260911,0.132173041055089,1.465335307790585,1.4645487696128066,0.0034362529568232767,2.1472075642577284,-0.0028703593200832957,0.0026693023708601804,2.1449030985743853,4.440892098500626e-16,5.209450240073465e-07,4319,0.005,1,1,0.8762495517730713,1.0,-0.12375044822692871,0.12375044822692871,-0.9535722136497498,-1.0,0.046427786350250244,0.046427786350250244,0.25789828043918495,0.7864260398547752,0.8116650533082398,0.7899918556213379,f0c17dd12c06d1708291edd2d426256a8675cd67ff301e38c7303d9880609ea5
3,deep,7,1000,800,200,10000,10000,0.5,618,51260911,51760911,1051760911,2051260911,3051260911,0.1281089620907693,1.4613051353348414,1.462368983654389,0.0032375045190087704,2.1354126985559794,-6.357936030891534e-05,5.945746547752394e-05,2.1385230443543706,4.440892098500626e-16,5.35584987915172e-07,4326,0.005,1,1,0.8799859285354614,1.0,-0.12001407146453857,0.12001407146453857,-0.9551833868026733,-1.0,0.04481661319732666,0.04481661319732666,0.25982065579058855,0.7826901021209011,0.8084861997792833,0.7882136106491089,b5e33a295e787a23c7bc1a056c1b397c201bf612e88f4e1cd3f594da1163c80c
3,deep,7,1000,800,200,10000,10000,0.5,619,51260911,51760911,1051760911,2051260911,3051260911,0.12223342969441175,1.4502364372797205,1.4508679953966568,0.002928502975409942,2.103185724013777,-0.0005481434614369662,0.0005205258617150783,2.1050179400663134,4.440892098500626e-16,5.208289710623148e-07,4333,0.005,1,1,0.8856372833251953,1.0,-0.11436271667480469,0.11436271667480469,-0.9568470120429993,-1.0,0.04315298795700073,0.04315298795700073,0.2757576560259956,0.7912017079659354,0.8074899670652192,0.7935422658920288,70456a8456a433796add0bf2eea50279b68944e57a12ad03806029087a0b8f5d
3,deep,7,1000,800,200,10000,10000,0.5,620,51260911,51760911,1051760911,2051260911,3051260911,0.12191131052028374,1.4671144698865932,1.4695879461021315,0.0028089208676077356,2.1524248677506193,0.0022274713552273475,-0.0020670345528087082,2.159688731328681,-4.440892098500626e-16,5.295692613316305e-07,4340,0.005,1,1,0.8868693113327026,1.0,-0.11313068866729736,0.11313068866729736,-0.9545707702636719,-1.0,0.045429229736328125,0.045429229736328125,0.28756327167736384,0.7827217458819902,0.8101440345631897,0.7826709151268005,1c0242152faf8ff4e977db476c6951ca36cb95c9f02f1bca29bc2771dd429965
3,deep,7,1000,800,200,10000,10000,0.5,621,51260911,51760911,1051760911,2051260911,3051260911,0.11943806517142892,1.4507611024123566,1.451084964862848,0.0025859573641453773,2.104707776272716,-0.000823079192924455,0.0007811717747615071,2.105647575251013,0.0,5.01066558911134e-07,4347,0.005,1,1,0.8905380368232727,1.0,-0.1094619631767273,0.1094619631767273,-0.952213704586029,-1.0,0.04778629541397095,0.04778629541397095,0.2702191871605136,0.7905231825566985,0.8076157318464808,0.7904500961303711,98f65d92f030e918a172f13b50a5e6918c820e1ac911db1f255d5daaa43cc381
3,deep,7,1000,800,200,10000,10000,0.5,622,51260911,51760911,1051760911,2051260911,3051260911,0.12057043230337612,1.451471649395976,1.451681930585887,0.002670638296699681,2.106769949000275,-0.0010300798537033924,0.0009766379388986071,2.107380427589568,-4.440892098500626e-16,5.067521389179319e-07,4354,0.005,1,1,0.8889984488487244,1.0,-0.11100155115127563,0.11100155115127563,-0.9529268145561218,-1.0,0.047073185443878174,0.047073185443878174,0.26400098735654304,0.7723063331595267,0.8073463021324183,0.7722017765045166,0eda5abc164318c222bdcf474e6317a86a9cb47b22bb6dd3309a2773b700021f
3,deep,7,1000,800,200,10000,10000,0.5,623,51260911,51760911,1051760911,2051260911,3051260911,0.12186791716796178,1.4675776799536182,1.467569485770189,0.002734813537364357,2.1537842466980446,-0.001379432335815946,0.0012793138361275277,2.1537601955637773,4.440892098500626e-16,5.702125722706342e-07,4361,0.005,1,1,0.8877220153808594,1.0,-0.11227798461914062,0.11227798461914062,-0.952613890171051,-1.0,0.047386109828948975,0.047386109828948975,0.2595440993297752,0.782386005773792,0.811121546510867,0.7824013233184814,d653cb64a80d5fd99bd49447fc39af22a4d2b28acee869c1bf8d42a3866d3553
3,deep,7,1000,800,200,10000,10000,0.5,624,51260911,51760911,1051760911,2051260911,3051260911,0.1187096692098495,1.490435955810283,1.489806182132946,0.0025568359741593594,2.221399338372112,-0.002216857012363345,0.001993615735719241,2.219522460321545,0.0,5.652287136115319e-07,4368,0.005,1,1,0.891169548034668,1.0,-0.10883045196533203,0.10883045196533203,-0.9525877833366394,-1.0,0.047412216663360596,0.047412216663360596,0.28358205393958774,0.7936032054054379,0.8171459563502144,0.7954946756362915,78408567f5fc104013a73934603607e22f7c938594fec6d4dab428b2483dc266
3,deep,7,1000,800,200,10000,10000,0.5,625,51260911,51760911,1051760911,2051260911,3051260911,0.12048172146036133,1.4940727481836509,1.4927616489707365,0.002693684694985044,2.2322533768650468,-0.003304860461099671,0.002957439590352374,2.2283373406378324,0.0,5.820419985980152e-07,4375,0.005,1,1,0.8887432813644409,1.0,-0.11125671863555908,0.11125671863555908,-0.9537637829780579,-1.0,0.04623621702194214,0.04623621702194214,0.27137349132189414,0.8020884217739145,0.8201325887398029,0.8035103678703308,ac1ccb56847659182d6f3120549e7dba7b4670e354b6562c87238f52af948b41
3,deep,7,1000,800,200,10000,10000,0.5,626,51260911,51760911,1051760911,2051260911,3051260911,0.1209969019590758,1.5028828362807467,1.5039303173195995,0.002732156464655116,2.2586568195872614,0.00020871165055746558,-0.00018458713009368984,2.261806399353031,0.0,5.19486025751803e-07,4382,0.005,1,1,0.8880898952484131,1.0,-0.11191010475158691,0.11191010475158691,-0.9539958834648132,-1.0,0.04600411653518677,0.04600411653518677,0.27000750009632485,0.7884503741656113,0.8201330666030288,0.7901477813720703,69dd8f06cacc5dcc2fca92aefbff55bbb63e7828bd6cc70b387e2e1e35c3593b
3,deep,7,1000,800,200,10000,10000,0.5,627,51260911,51760911,1051760911,2051260911,3051260911,0.11968725360856579,1.4839805487278008,1.4824821685009104,0.0026443024756171944,2.202198269002465,-0.003544595777460173,0.0032152824181764118,2.197753379923162,4.440892098500626e-16,5.474568478547326e-07,4389,0.005,1,1,0.8896484375,1.0,-0.1103515625,0.1103515625,-0.9536581039428711,-1.0,0.046341896057128906,0.046341896057128906,0.26705346434767274,0.7993539151877974,0.8187517121568644,0.8043705224990845,91fb2aacc18ddd7cee9446cb9565a2f90ea53c3de55f558b8b32f2b95a90d9f0
3,deep,7,1000,800,200,10000,10000,0.5,628,51260911,51760911,1051760911,2051260911,3051260911,0.12049771248333375,1.4795802159912674,1.4791236804390264,0.0026734728142585318,2.1891576155527654,-0.002012113165766227,0.00183601115655797,2.187806862035491,-4.440892098500626e-16,5.602757138234438e-07,4396,0.005,1,1,0.8889868259429932,1.0,-0.11101317405700684,0.11101317405700684,-0.953140914440155,-1.0,0.04685908555984497,0.04685908555984497,0.260226637523154,0.7907796602354629,0.8151127726513464,0.7936398983001709,ced03e97b4594588dbc2616617e0348968a13320253419fd5742c93652808e8c
3,deep,7,1000,800,200,10000,10000,0.5,629,51260911,51760911,1051760911,2051260911,3051260911,0.12263309513866971,1.4805343321715838,1.4819408794988596,0.0028391792307582023,2.1919819087387578,0.000663841180168887,-0.0006049159850045209,2.1961487703298537,0.0,4.75826977819338e-07,4403,0.005,1,1,0.8862307667732239,1.0,-0.11376923322677612,0.11376923322677612,-0.9542240500450134,-1.0,0.04577594995498657,0.04577594995498657,0.264194204620389,0.7868590699608273,0.8119784417102425,0.7882522344589233,a96055421fd06fe57e9eae21b758f02c0c535d9ddcb64dc1ef5ade4bce24444c
3,deep,7,1000,800,200,10000,10000,0.5,630,51260911,51760911,1051760911,2051260911,3051260911,0.12436315310970632,1.4612361789519774,1.4618599345560237,0.0029020100662624417,2.1352111706781756,-0.0005393562421481901,0.0005045160817542874,2.137034468260142,8.881784197001252e-16,4.689584791606194e-07,4410,0.005,1,1,0.8848081231117249,1.0,-0.11519187688827515,0.11519187688827515,-0.9531275629997253,-1.0,0.04687243700027466,0.04687243700027466,0.2552511350931303,0.7810965048586925,0.810529904259542,0.7817510962486267,e812d871c43fa70e57e916cf4f036a9cc6d8126eec67712bbf258ce18bc183e6
3,deep,7,1000,800,200,10000,10000,0.5,631,51260911,51760911,1051760911,2051260911,3051260911,0.12419603948288846,1.4845047232866107,1.4837234655194185,0.002877869859085856,2.203754273460256,-0.0025984105931946217,0.002355091763764434,2.201435322132953,0.0,5.66918345157319e-07,4417,0.005,1,1,0.8851383924484253,1.0,-0.11486160755157471,0.11486160755157471,-0.9527615904808044,-1.0,0.04723840951919556,0.04723840951919556,0.25530359872846364,0.7932837453655738,0.817189616907386,0.7959045171737671,d2a0b55feb38dcb121e4270b791a3a44440f5d85e51187651cc24259d7ff44c6
3,deep,7,1000,800,200,10000,10000,0.5,632,51260911,51760911,1051760911,2051260911,3051260911,0.12674126832903695,1.488128130363111,1.4875153795160887,0.003086520000945541,2.2145253323780083,-0.0024549240410300668,0.0022140250002691273,2.2127020042968937,0.0,5.108288849697828e-07,4424,0.005,1,1,0.8819237351417542,1.0,-0.11807626485824585,0.11807626485824585,-0.9539419412612915,-1.0,0.046058058738708496,0.046058058738708496,0.2511659217826132,0.7912771904934958,0.8177794464948227,0.793264627456665,ac5c12ebd973bc514ebed2ae608c33fbb0d676ff54d1986197b418d751e8b48a
3,deep,7,1000,800,200,10000,10000,0.5,633,51260911,51760911,1051760911,2051260911,3051260911,0.12964525537471544,1.493647311970183,1.4918922390097111,0.003246448600407969,2.230982292555753,-0.00424314416937591,0.0037983077481853382,2.225742452817409,0.0,5.749921658804169e-07,4431,0.005,1,1,0.8790780305862427,1.0,-0.12092196941375732,0.12092196941375732,-0.9532477855682373,-1.0,0.046752214431762695,0.046752214431762695,0.2587713846390084,0.7957451029503825,0.8199816628695346,0.7998307943344116,f4f451a005935d0d3dd167427bd6d4f74f6e6e906ebc12b350dd7181b35d5f93
3,deep,7,1000,800,200,10000,10000,0.5,634,51260911,51760911,1051760911,2051260911,3051260911,0.1323699087310322,1.4826844919915876,1.4832120736371912,0.003376132346053845,2.198353302792352,-0.0009056898776344109,0.0008227076980305502,2.199918055383137,0.0,5.084565444235523e-07,4438,0.005,1,1,0.8766029477119446,1.0,-0.12339705228805542,0.12339705228805542,-0.9520942568778992,-1.0,0.04790574312210083,0.04790574312210083,0.2567367254656977,0.7911623361628637,0.8141139417826256,0.7944254279136658,e50ac5b51024372e77518a7f673e113d4b8abac4d47fa4b9e2735a953d1285ac
3,deep,7,1000,800,200,10000,10000,0.5,635,51260911,51760911,1051760911,2051260911,3051260911,0.13142151524899648,1.4719440208759866,1.4738799921330141,0.003400388839663624,2.166619200592567,0.0011513208888917523,-0.0010611156641152598,2.1723222312100137,-4.440892098500626e-16,4.854965318656923e-07,4445,0.005,1,1,0.8769307732582092,1.0,-0.12306922674179077,0.12306922674179077,-0.9538959860801697,-1.0,0.04610401391983032,0.04610401391983032,0.2677091291230837,0.7891660060684808,0.8111737693176506,0.7917113304138184,3c1ccf8d3c8ef95a8a57575e90f8a3527fa2d4e4a1bd9a5313a2a2b5d4983444
3,deep,7,1000,800,200,10000,10000,0.5,636,51260911,51760911,1051760911,2051260911,3051260911,0.13118539204491214,1.4939365923742562,1.491941334369348,0.0033338223217723325,2.2318465420348046,-0.004645709578392999,0.004156899060564467,2.2258889451997907,-4.440892098500626e-16,4.798039725528724e-07,4452,0.005,1,1,0.8775631785392761,1.0,-0.12243682146072388,0.12243682146072388,-0.9528955221176147,-1.0,0.047104477882385254,0.047104477882385254,0.2791825314646987,0.8055069588088037,0.822276402354805,0.8101062774658203,192b5d0d247b7e5a3d22bcb8da601865173acc7c43194fd0646016183801cd10
3,deep,7,1000,800,200,10000,10000,0.5,637,51260911,51760911,1051760911,2051260911,3051260911,0.13296317062157811,1.5227676238434782,1.520640367028243,0.003446122221459378,2.3188212362259124,-0.004960116305791244,0.004271787473348885,2.3123471258357893,0.0,5.511866625340645e-07,4459,0.005,1,1,0.8757400512695312,1.0,-0.12425994873046875,0.12425994873046875,-0.9526854157447815,-1.0,0.047314584255218506,0.047314584255218506,0.2673920104833246,0.794697034905372,0.8264478066369692,0.7979146242141724,9c6695c09f80383e109b3cac50386cc014d90e3b6fa61c2b39fb2ec4d9aeb4c3
3,deep,7,1000,800,200,10000,10000,0.5,638,51260911,51760911,1051760911,2051260911,3051260911,0.13512358324534002,1.4926809469459343,1.4934342447928879,0.0037380015578684527,2.228096409375411,-0.0007442837065883182,0.0006669703656707071,2.2303458435201033,4.440892098500626e-16,5.182276012760667e-07,4466,0.005,1,1,0.8725546002388,1.0,-0.12744539976119995,0.12744539976119995,-0.9550995230674744,-1.0,0.044900476932525635,0.044900476932525635,0.2723001796435984,0.7932943432507464,0.8156918856136532,0.7937017679214478,a445978dfc19f827c37e8a490e7fb1b12c13f32ed580901f1d05cf4d9c8d830a
3,deep,7,1000,800,200,10000,10000,0.5,639,51260911,51760911,1051760911,2051260911,3051260911,0.13496793662619241,1.4570355981662033,1.4582335783568077,0.003850613399711076,2.1229527343235457,-0.00017908933797836522,0.00016841175106300298,2.1264451690473,0.0,4.866158249683394e-07,4473,0.005,1,1,0.8720486164093018,1.0,-0.12795138359069824,0.12795138359069824,-0.9570490121841431,-1.0,0.042950987815856934,0.042950987815856934,0.26068432351429494,0.7798579680579991,0.8083325871454372,0.7806620597839355,79f6357f1690a999bb0fa00a4c1669be8d12d4e0d701ffc7aaa8bfb28a716b2e
3,deep,7,1000,800,200,10000,10000,0.5,640,51260911,51760911,1051760911,2051260911,3051260911,0.12901813642428234,1.4936483923718424,1.493566749088002,0.00338981551660966,2.2309855200349893,-0.0018168507851477542,0.0016262717872324072,2.230741633981303,-4.440892098500626e-16,5.02377337951998e-07,4480,0.005,1,1,0.878423273563385,1.0,-0.12157672643661499,0.12157672643661499,-0.9568169116973877,-1.0,0.043183088302612305,0.043183088302612305,0.2947237037270536,0.7993924401090469,0.8237076941019088,0.8020257949829102,a2c4df4b1a3e23a34927d1afbf8d80e1dd5bdc05d222dbd8d57a9e74dfb39012
3,deep,7,1000,800,200,10000,10000,0.5,641,51260911,51760911,1051760911,2051260911,3051260911,0.12644911287222735,1.4711451897460452,1.4755739749826895,0.003206132527951857,2.1642681693129275,0.004922126902668001,-0.0045418087757603766,2.177318555646215,-4.440892098500626e-16,5.39776632280109e-07,4487,0.005,1,1,0.8811719417572021,1.0,-0.11882805824279785,0.11882805824279785,-0.9567649364471436,-1.0,0.043235063552856445,0.043235063552856445,0.30112535973025967,0.7929028707582608,0.8119282742413758,0.7915955781936646,728a272a950ded9a96283742341636b0787c7ea38b345904dec2cd7d5fe16b51
3,deep,7,1000,800,200,10000,10000,0.5,642,51260911,51760911,1051760911,2051260911,3051260911,0.1252488258943404,1.4706386116209185,1.4717495179261937,0.0030278771480742937,2.1627779259903024,0.00012042018880342998,-0.00011120128003067884,2.1660466435159833,-4.440892098500626e-16,5.526480197914907e-07,4494,0.005,1,1,0.8831966519355774,1.0,-0.11680334806442261,0.11680334806442261,-0.9547866582870483,-1.0,0.04521334171295166,0.04521334171295166,0.2681475918216887,0.7850459815080656,0.8115861833473006,0.7864227890968323,53dddf65a7ed6901aed2f8647621e3ea5560ddc220e802e72cecbbd285d63b60
3,deep,7,1000,800,200,10000,10000,0.5,643,51260911,51760911,1051760911,2051260911,3051260911,0.12449022649760756,1.4965139571836463,1.493647777697775,0.003063764675607211,2.2395540240454563,-0.005817052449780766,0.005187734155179566,2.2309836838215023,0.0,5.127573086127768e-07,4501,0.005,1,1,0.8833267688751221,1.0,-0.11667323112487793,0.11667323112487793,-0.9565814137458801,-1.0,0.04341858625411987,0.04341858625411987,0.28376188889670145,0.7999973722340923,0.8238740803093957,0.8045445680618286,03da30ff9ff9811b6cb54d149c31a83d7dc62705c617063d098270f6cf726292
3,deep,7,1000,800,200,10000,10000,0.5,644,51260911,51760911,1051760911,2051260911,3051260911,0.1260846845367877,1.4893455977624792,1.4909638797467069,0.003499078835909712,2.218150309574477,0.0006619511494826958,-0.000595909645271551,2.2229732907093522,4.440892098500626e-16,5.150288693300809e-07,4508,0.005,1,1,0.8797792196273804,1.0,-0.12022078037261963,0.12022078037261963,-0.9619958996772766,-1.0,0.03800410032272339,0.03800410032272339,0.2759820846272094,0.7821455059933585,0.8155916003220376,0.7816916108131409,7a0b0cf4774b256ca5e26b31bbc103e758bab091802cb500ed87cbe49648015d
3,deep,7,1000,800,200,10000,10000,0.5,645,51260911,51760911,1051760911,2051260911,3051260911,0.12497322807739118,1.4700523312700229,1.4682451647063965,0.0034755499954762653,2.1610538566724293,-0.004392771492096153,0.004058869774246608,2.1557438636837136,4.440892098500626e-16,5.485023386597732e-07,4515,0.005,1,1,0.8806659579277039,1.0,-0.11933404207229614,0.11933404207229614,-0.9628826975822449,-1.0,0.03711730241775513,0.03711730241775513,0.2623986401070028,0.787447448018891,0.8114643279506392,0.7893445491790771,e2a202bfdc35c56cd2d087f8aa18d3d87a0544428a1b3df2f76b6943512845fe
3,deep,7,1000,800,200,10000,10000,0.5,646,51260911,51760911,1051760911,2051260911,3051260911,0.12447785047624109,1.5006511870630859,1.49722740670055,0.0034106970828964456,2.2519539852338486,-0.006837387470745456,0.006063221193764538,2.241689907375254,0.0,5.089446251105301e-07,4522,0.005,1,1,0.881310224533081,1.0,-0.11868977546691895,0.11868977546691895,-0.9624837040901184,-1.0,0.03751629590988159,0.03751629590988159,0.27735033031748135,0.7952484554974458,0.8242413728824828,0.797553300857544,0a9313b1b24d050501a8e347268846ae73254eb56778afd93d1cfef929dac10e
3,deep,7,1000,800,200,10000,10000,0.5,647,51260911,51760911,1051760911,2051260911,3051260911,0.12310658064605447,1.5009580703081509,1.5018134102598704,0.003307161230708958,2.2528751288231676,-0.0003693854087477967,0.00032744287584934097,2.2554435192363815,4.440892098500626e-16,5.382405952047975e-07,4529,0.005,1,1,0.8827560544013977,1.0,-0.1172439455986023,0.1172439455986023,-0.9624621868133545,-1.0,0.03753781318664551,0.03753781318664551,0.265860014284134,0.7961447870055696,0.8185333490562399,0.7975274324417114,fde7b966e330a7c6c31ea47bc0756c5d2de95f595b3b38a81d18219cc0fed278
3,deep,7,1000,800,200,10000,10000,0.5,648,51260911,51760911,1051760911,2051260911,3051260911,0.12308208720112654,1.4555473930505956,1.4555725858321555,0.0034013902538934447,2.118618213416385,-0.001664025522085145,0.0015683413284279,2.118691552626108,0.0,4.7652065582326486e-07,4536,0.005,1,1,0.882336437702179,1.0,-0.11766356229782104,0.11766356229782104,-0.963882327079773,-1.0,0.03611767292022705,0.03611767292022705,0.2555110084314805,0.7955534982313579,0.8072852822431985,0.8004978895187378,5348691369535870e69c1e9a374b79798ca8ee263cf90a1b182b724f3c4a9a9d
3,deep,7,1000,800,200,10000,10000,0.5,649,51260911,51760911,1051760911,2051260911,3051260911,0.121869396185047,1.4980501444265455,1.4966656919107144,0.003413957786430868,2.244154235216394,-0.003779999830123584,0.0033636352764659662,2.2400081933425775,0.0,5.226825248172418e-07,4543,0.005,1,1,0.8831567764282227,1.0,-0.11684322357177734,0.11684322357177734,-0.9653617143630981,-1.0,0.034638285636901855,0.034638285636901855,0.2622354420731901,0.8000549769426386,0.8175148927306751,0.8005704879760742,2a2de5f4e4906a4eff3ddceedeaf466ebdf82ec49a74587e04815288956a9d98
3,deep,7,1000,800,200,10000,10000,0.5,650,51260911,51760911,1051760911,2051260911,3051260911,0.1260963669884082,1.4953402958335609,1.4912336124174181,0.003740179891904115,2.2360426003436014,-0.008002546716001422,0.007145823949195628,2.2237776868035026,0.0,5.499241986228753e-07,4550,0.005,1,1,0.8787778615951538,1.0,-0.12122213840484619,0.12122213840484619,-0.9652798771858215,-1.0,0.03472012281417847,0.03472012281417847,0.270843269055206,0.8055321441331432,0.8185538003544778,0.8082941770553589,09faf647fdfd326ea1c2481ed8358550ae9cdf538eb5b1a955acc6aa6757f471
3,deep,7,1000,800,200,10000,10000,0.5,651,51260911,51760911,1051760911,2051260911,3051260911,0.1289517484703732,1.5222493442427099,1.5190920234213008,0.0040493974626780085,2.3172430660473604,-0.006825943943908215,0.005881158062768764,2.307640575622222,0.0,5.32592540736232e-07,4557,0.005,1,1,0.875562310218811,1.0,-0.12443768978118896,0.12443768978118896,-0.9661796689033508,-1.0,0.03382033109664917,0.03382033109664917,0.2680213962422777,0.8079518645228881,0.8253584202030304,0.809604823589325,8f77703f63fdc026ff902aff7d7cc5df2b0ac5cc304fff665c3cd98677861315
3,deep,7,1000,800,200,10000,10000,0.5,652,51260911,51760911,1051760911,2051260911,3051260911,0.1295781043063251,1.52570358660176,1.5204654684290748,0.0038944272812260665,2.3277714341694744,-0.009925310382727044,0.008513492903783202,2.311815240685246,-4.440892098500626e-16,5.161173426415644e-07,4564,0.005,1,1,0.8756330013275146,1.0,-0.12436699867248535,0.12436699867248535,-0.9636223316192627,-1.0,0.036377668380737305,0.036377668380737305,0.27780215008601866,0.8078382118983334,0.8283639434830564,0.8094215393066406,cb662a883b5f7cafa2a03ee2aae147d857199e3146ad0c23c2ac92a578f788f9
3,deep,7,1000,800,200,10000,10000,0.5,653,51260911,51760911,1051760911,2051260911,3051260911,0.13344380821225094,1.509119748445182,1.5065056970704376,0.004231165140147242,2.277442415147249,-0.006057082490855933,0.005309333064279064,2.269559415305685,4.440892098500626e-16,5.38232946212247e-07,4571,0.005,1,1,0.8715690970420837,1.0,-0.12843090295791626,0.12843090295791626,-0.9637680649757385,-1.0,0.036231935024261475,0.036231935024261475,0.2678828481033736,0.8049688422246711,0.8202244075321425,0.8065137267112732,67e8da37099065caaa4eaf07b0a7a625fefe1559a0c6d444669761ac0baf6ab4
3,deep,7,1000,800,200,10000,10000,0.5,654,51260911,51760911,1051760911,2051260911,3051260911,0.1353787661288357,1.4913215654364984,1.4887199262238318,0.0043660011538653775,2.224040011535968,-0.006059496976970907,0.005438413774208671,2.2162870187358914,-4.440892098500626e-16,4.967282407619678e-07,4578,0.005,1,1,0.8696696162223816,1.0,-0.1303303837776184,0.1303303837776184,-0.9633748531341553,-1.0,0.03662514686584473,0.03662514686584473,0.2685682425298742,0.7996430633582701,0.816201033427194,0.8029229640960693,d5cf5c9dbd87bffcd5c7fe68b87c13dcc0c42a106003a88bef6ac06765fd9506
3,deep,7,1000,800,200,10000,10000,0.5,655,51260911,51760911,1051760911,2051260911,3051260911,0.133560312602098,1.4942324246131928,1.4898024932937857,0.004205268690625316,2.232730538765421,-0.008712169215832993,0.007789377939942678,2.2195114690243805,4.440892098500626e-16,5.119482757720561e-07,4585,0.005,1,1,0.8715705275535583,1.0,-0.12842947244644165,0.12842947244644165,-0.9633362889289856,-1.0,0.036663711071014404,0.036663711071014404,0.27788598958418914,0.7897600004466918,0.8188123141165649,0.7927209138870239,045f2169da1c893a384f6afec9ead4e6857537550956e8486dd182248432e633
3,deep,7,1000,800,200,10000,10000,0.5,656,51260911,51760911,1051760911,2051260911,3051260911,0.13273718878324062,1.517574586125096,1.5154102403305898,0.004124166817572998,2.303032624452756,-0.005344297385756559,0.004632799475075094,2.296468196498816,-4.440892098500626e-16,5.234348101623709e-07,4592,0.005,1,1,0.8724654912948608,1.0,-0.12753450870513916,0.12753450870513916,-0.9632017612457275,-1.0,0.03679823875427246,0.03679823875427246,0.28462693669096945,0.8047200225629012,0.8237074624608547,0.8044267296791077,39fb51cdfb96aca601aba4e5d312c67ee5a3b442b15c344e7e6eb0ff43bd569e
3,deep,7,1000,800,200,10000,10000,0.5,657,51260911,51760911,1051760911,2051260911,3051260911,0.13230692994011978,1.5168738763223473,1.5136051061435523,0.004111139631694449,2.3009063566691834,-0.007008539478521797,0.006081116078094151,2.291000417343834,-4.440892098500626e-16,5.554278299513271e-07,4599,0.005,1,1,0.8728303909301758,1.0,-0.12716960906982422,0.12716960906982422,-0.9634895324707031,-1.0,0.036510467529296875,0.036510467529296875,0.2741670076040122,0.8001840198760733,0.8237923530745233,0.7998402714729309,e48c55a13e2dceba961be2431f5952ca554d1c9f0ba657fb660e801ec5a6000f
3,deep,7,1000,800,200,10000,10000,0.5,658,51260911,51760911,1051760911,2051260911,3051260911,0.13172258252477376,1.5433565415397485,1.536827001653506,0.00400981578837946,2.381949414313534,-0.012060998545304066,0.01010997873990403,2.3618372330113053,0.0,6.025425189903899e-07,4606,0.005,1,1,0.8736289143562317,1.0,-0.1263710856437683,0.1263710856437683,-0.9628356695175171,-1.0,0.03716433048248291,0.03716433048248291,0.2974475605150949,0.8059784032928669,0.8315070907068733,0.8086744546890259,769e28f593cea96fa2f6e13dec5fa167ce10ba9b752c962e0812bdbede5a412c
3,deep,7,1000,800,200,10000,10000,0.5,659,51260911,51760911,1051760911,2051260911,3051260911,0.13210172179174476,1.5083341329159587,1.506908169177631,0.004094527069874749,2.2750718565193373,-0.004197076627466187,0.003682992744791774,2.2707722303342797,0.0,5.240552773955187e-07,4613,0.005,1,1,0.8730413317680359,1.0,-0.1269586682319641,0.1269586682319641,-0.9634984731674194,-1.0,0.036501526832580566,0.036501526832580566,0.2831827248513224,0.7969666870232921,0.8197101160233231,0.7999238967895508,cd833aff097ae17f6a80074385a4a22fb19cdd8f8f65e0238426da6a05f577d2
3,deep,7,1000,800,200,10000,10000,0.5,660,51260911,51760911,1051760911,2051260911,3051260911,0.12944992609388872,1.5225714415305422,1.51793823737252,0.0037289587619950596,2.3182237945643935,-0.008908130424397998,0.007672964414660349,2.304136492477593,8.881784197001252e-16,5.264307372243593e-07,4620,0.005,1,1,0.8763914704322815,1.0,-0.1236085295677185,0.1236085295677185,-0.9615524411201477,-1.0,0.038447558879852295,0.038447558879852295,0.2828365783361806,0.819422383769108,0.8266137935346678,0.8223437666893005,bb284d62e2a5eef37c3b3cbe8babb2df6c1aa574fbe354135f760737b6a1432a
3,deep,7,1000,800,200,10000,10000,0.5,661,51260911,51760911,1051760911,2051260911,3051260911,0.12924350101791934,1.536968924743656,1.5336036273398908,0.0037420740366898137,2.36227347562767,-0.007037731937144614,0.00594901579420556,2.3519400857900705,-4.440892098500626e-16,5.765786141864737e-07,4627,0.005,1,1,0.8764815926551819,1.0,-0.12351840734481812,0.12351840734481812,-0.9619594216346741,-1.0,0.03804057836532593,0.03804057836532593,0.267402127524314,0.8058257900568973,0.8289249760266972,0.8070557117462158,d5f66521e1b473b70c0b571dceb46fa638bb32a232291de66e307e9dd2a288ec
3,deep,7,1000,800,200,10000,10000,0.5,662,51260911,51760911,1051760911,2051260911,3051260911,0.12960467578891463,1.4900438838767938,1.4878613712795923,0.003788479439247355,2.2202307758786404,-0.005143897585949152,0.004625767131871269,2.213731460145989,-4.440892098500626e-16,4.843636887130742e-07,4634,0.005,1,1,0.8760302662849426,1.0,-0.12396973371505737,0.12396973371505737,-0.9621995091438293,-1.0,0.037800490856170654,0.037800490856170654,0.2632117061080014,0.7908514894704314,0.8148780809927318,0.7940530180931091,55ffd33bcee590dc08f73ee43a22c8678ca0df6efbe139758b7bdce31ec31a96
3,deep,7,1000,800,200,10000,10000,0.5,663,51260911,51760911,1051760911,2051260911,3051260911,0.1296271291934445,1.5403030392677288,1.535241499207539,0.0038197286046391795,2.3725334527774025,-0.00969336024651472,0.00815818147105326,2.3569664608890117,-4.440892098500626e-16,5.501938158403163e-07,4641,0.005,1,1,0.8758870959281921,1.0,-0.12411290407180786,0.12411290407180786,-0.9625943899154663,-1.0,0.03740561008453369,0.03740561008453369,0.28966485900581296,0.8085398101753394,0.8291540829976352,0.8115087151527405,f8983c54fb7902894ffc10d8a6d420e0922d3b333d31b43dbfa0ac6b7c352c0f
3,deep,7,1000,800,200,10000,10000,0.5,664,51260911,51760911,1051760911,2051260911,3051260911,0.1293976977808501,1.526742572012793,1.5212034542738155,0.003802834415045352,2.3309428811962385,-0.01034288315834757,0.008859965425090923,2.3140599492945886,0.0,5.168821424206271e-07,4648,0.005,1,1,0.876120388507843,1.0,-0.12387961149215698,0.12387961149215698,-0.962615430355072,-1.0,0.03738456964492798,0.03738456964492798,0.28509742400160737,0.8071477941600653,0.8284285768686972,0.8097928762435913,40e42b0e00670c73c04a26b8f0d654fd01701f5511b691a1c814284ebd163049
3,deep,7,1000,800,200,10000,10000,0.5,665,51260911,51760911,1051760911,2051260911,3051260911,0.12880428328619065,1.5226615236556955,1.5210689115133924,0.0037919358613697552,2.3184981156214843,-0.004319708955159162,0.0037202148391419876,2.313650633572536,4.440892098500626e-16,5.591525571446709e-07,4655,0.005,1,1,0.876592755317688,1.0,-0.12340724468231201,0.12340724468231201,-0.9631056189537048,-1.0,0.036894381046295166,0.036894381046295166,0.28599486587085843,0.7844165280378991,0.8223135179773496,0.785881519317627,948471360fc037e82bd2fcf0ce1a13a7f6a7ddfc58b4af366a473c19297096f3
3,deep,7,1000,800,200,10000,10000,0.5,666,51260911,51760911,1051760911,2051260911,3051260911,0.12960746763572695,1.533313935702279,1.5279204693177926,0.0037753321281626738,2.3510516254188123,-0.010142998493335737,0.008614644452602755,2.334540960560304,0.0,5.52017763055801e-07,4662,0.005,1,1,0.8760827779769897,1.0,-0.12391722202301025,0.12391722202301025,-0.9620181918144226,-1.0,0.03798180818557739,0.03798180818557739,0.30241636824891155,0.8085507262459463,0.8287543129647794,0.8111114501953125,3900b31dbac8777826273f411cecc08b1dfe7aec20f61a962db9bc92885e937e
3,deep,7,1000,800,200,10000,10000,0.5,667,51260911,51760911,1051760911,2051260911,3051260911,0.1302679817118057,1.553283455353995,1.5475083236830807,0.0038730709927405384,2.4126894926764457,-0.01089027590038395,0.009013030379688333,2.3947820118684184,0.0,5.283169528524922e-07,4669,0.005,1,1,0.8752121329307556,1.0,-0.12478786706924438,0.12478786706924438,-0.9626137018203735,-1.0,0.037386298179626465,0.037386298179626465,0.31409088457245005,0.8105260420814777,0.834015436198968,0.8099678158760071,0e2fa2c60a0b5fc422dc2abf7daa05d8f4ba1f931dda2016b86bb88d855fad76
3,deep,7,1000,800,200,10000,10000,0.5,668,51260911,51760911,1051760911,2051260911,3051260911,0.1339858621059237,1.5192151097500457,1.5160647800972449,0.00420909446162117,2.3080145496928437,-0.006885613351578792,0.005955836814476246,2.2984524174513075,4.440892098500626e-16,5.27729053345638e-07,4676,0.005,1,1,0.8712412714958191,1.0,-0.1287587285041809,0.1287587285041809,-0.9629405736923218,-1.0,0.03705942630767822,0.03705942630767822,0.2851005508626474,0.7945000029019876,0.8217331985998706,0.7945138216018677,9e19ca51e4c780ba62edf9ce132d83db28ffcc60bb6534bc8ad7978aa5d9cc39
3,deep,7,1000,800,200,10000,10000,0.5,669,51260911,51760911,1051760911,2051260911,3051260911,0.13795844290794917,1.480685693259511,1.4806503266230833,0.004658404602970733,2.1924301222233984,-0.0023815685486628588,0.002167931350588741,2.192325389729043,-4.440892098500626e-16,5.297781342505914e-07,4683,0.005,1,1,0.8668001890182495,1.0,-0.1331998109817505,0.1331998109817505,-0.9640786647796631,-1.0,0.035921335220336914,0.035921335220336914,0.26289376370397155,0.7841756348332203,0.8124605424724795,0.785605788230896,e53ee7052af91ff9dbf7dc8254865e5e0a1e7be7b4a274dbf8c84d851ed174cd
3,deep,7,1000,800,200,10000,10000,0.5,670,51260911,51760911,1051760911,2051260911,3051260911,0.13587272888032434,1.4958382528611966,1.496208847698877,0.004519709045973059,2.2375320787228374,-0.0017054359182045015,0.001521317150217725,2.238640915932401,-4.440892098500626e-16,5.013746999793511e-07,4690,0.005,1,1,0.8688106536865234,1.0,-0.13118934631347656,0.13118934631347656,-0.9646340012550354,-1.0,0.0353659987449646,0.0353659987449646,0.2551500200405558,0.7856334617007817,0.8169173924293532,0.7860002517700195,7bf3be06d914d2bcea06c013bd2c23106162bdc0eb4559b38439b469fd51a61e
3,deep,7,1000,800,200,10000,10000,0.5,671,51260911,51760911,1051760911,2051260911,3051260911,0.1363633565886282,1.5067176451240936,1.5075112033202884,0.004684094271506727,2.2701980621282942,-0.0011460641318080953,0.0010075810991650148,2.272590028136184,-4.440892098500626e-16,5.77373814536486e-07,4697,0.005,1,1,0.8679576516151428,1.0,-0.13204234838485718,0.13204234838485718,-0.9659444093704224,-1.0,0.03405559062957764,0.03405559062957764,0.25964700521395484,0.7908303380673826,0.8217564586926704,0.7928951978683472,85187d3c6815fe26cd70b974afaa817bfce26833ef0bc3c722b5d5c21d8e39d0
3,deep,7,1000,800,200,10000,10000,0.5,672,51260911,51760911,1051760911,2051260911,3051260911,0.13744593193369828,1.493535504701039,1.4935330233492008,0.004810135900187842,2.230648303802587,-0.0024087739340851668,0.0021550603592571695,2.2306408918346046,0.0,5.723742031449319e-07,4704,0.005,1,1,0.8667709827423096,1.0,-0.13322901725769043,0.13322901725769043,-0.966215193271637,-1.0,0.03378480672836304,0.03378480672836304,0.24924079868714702,0.7916599306864797,0.8153971754320891,0.7928792238235474,152723b4f51903a7bbcdcc6a084fc43310d7039998b9a773ea619eaedd628a17
3,deep,7,1000,800,200,10000,10000,0.5,673,51260911,51760911,1051760911,2051260911,3051260911,0.14015657144164143,1.4998466767945908,1.5031298420290276,0.005016082017445474,2.249540053891778,0.0024215930444934125,-0.0021481772007569252,2.2593993219982096,-8.881784197001252e-16,5.007889640751273e-07,4711,0.005,1,1,0.8641063570976257,1.0,-0.13589364290237427,0.13589364290237427,-0.9656957387924194,-1.0,0.034304261207580566,0.034304261207580566,0.26489237641793084,0.799243926640423,0.8177826131062959,0.7976477146148682,04e36ab9f5819dcad95b4f6c926b7d1d9eb605856829a6c250744c60e9cd9afe
3,deep,7,1000,800,200,10000,10000,0.5,674,51260911,51760911,1051760911,2051260911,3051260911,0.1395920119061669,1.5063483946875813,1.505514836981075,0.004751990424219355,2.2690854861778536,-0.0036312761159603434,0.003193962764116959,2.2665749243701523,0.0,4.999156963947371e-07,4718,0.005,1,1,0.8652743697166443,1.0,-0.1347256302833557,0.1347256302833557,-0.9634632468223572,-1.0,0.03653675317764282,0.03653675317764282,0.26583717526255257,0.7917116943246139,0.8218671631467083,0.7954468727111816,74dc24a34fb6608eefd2524c82a216f951d8f9c70b1fbda7d9e69fb3a9b3b1ee
3,deep,7,1000,800,200,10000,10000,0.5,675,51260911,51760911,1051760911,2051260911,3051260911,0.13912243139818786,1.4994446203095668,1.4987988073954843,0.004655893772637615,2.2483341693753007,-0.0032960990489060327,0.0029259774402206054,2.246397865050126,-4.440892098500626e-16,5.006146572839043e-07,4725,0.005,1,1,0.8659231066703796,1.0,-0.13407689332962036,0.13407689332962036,-0.9628726840019226,-1.0,0.03712731599807739,0.03712731599807739,0.25013162095072866,0.7903341589454456,0.8181827376998703,0.7948923707008362,b7f219ed7c4bfa458c5e8a4d4a95112b34981acf998d5786ea7055e37149a207
3,deep,7,1000,800,200,10000,10000,0.5,676,51260911,51760911,1051760911,2051260911,3051260911,0.1389450748286204,1.4888306309896533,1.491281296244429,0.00463582021932017,2.216616647773049,0.0013337182680476104,-0.0012008704883988831,2.2239199045284646,4.440892098500626e-16,5.026999154722489e-07,4732,0.005,1,1,0.8661196827888489,1.0,-0.13388031721115112,0.13388031721115112,-0.9628275036811829,-1.0,0.03717249631881714,0.03717249631881714,0.2620551538875548,0.7953272216154624,0.8166015125192729,0.7961100935935974,1d2ec167551d25f93585b56a24217484f646083efbc4024c3ad2ad22b75219e1
3,deep,7,1000,800,200,10000,10000,0.5,677,51260911,51760911,1051760911,2051260911,3051260911,0.1377208447409543,1.4732984384857462,1.4761838820453097,0.004548907997657705,2.170608288844538,0.001980828384082735,-0.001821319752851353,2.179118853610361,-4.440892098500626e-16,5.11242555845115e-07,4739,0.005,1,1,0.8673169612884521,1.0,-0.13268303871154785,0.13268303871154785,-0.9630914330482483,-1.0,0.03690856695175171,0.03690856695175171,0.2581159884199456,0.7916625960415169,0.8120914492571498,0.7923983335494995,6acaaf8e3f71916d09ed01a0e514fc3bb1aa53f29ad5719c54ec68b224bd8add
3,deep,7,1000,800,200,10000,10000,0.5,678,51260911,51760911,1051760911,2051260911,3051260911,0.13730443568162964,1.4992573231913915,1.5020888794364387,0.004669515277494526,2.2477725211430166,0.001914482653052152,-0.001699917353784224,2.2562710017266157,0.0,5.195092036558435e-07,4746,0.005,1,1,0.8672696948051453,1.0,-0.13273030519485474,0.13273030519485474,-0.9648549556732178,-1.0,0.03514504432678223,0.03514504432678223,0.2656700205238308,0.7954729652917527,0.8206906452215684,0.7979154586791992,006a7a2e4b6397341da171f0828d59f95e0b2860ca6d8646c3ea74cb8eac3a02
3,deep,7,1000,800,200,10000,10000,0.5,679,51260911,51760911,1051760911,2051260911,3051260911,0.13778460190932226,1.4957338862838423,1.4968032558568607,0.004874354793573863,2.237219858577766,-0.000837113313820315,0.0007467244764541666,2.240419986743699,0.0,5.369557278811499e-07,4753,0.005,1,1,0.8663369417190552,1.0,-0.13366305828094482,0.13366305828094482,-0.9665517807006836,-1.0,0.033448219299316406,0.033448219299316406,0.2571000357288189,0.7945196761393247,0.8187021644014998,0.7974729537963867,f4209240890c7a0f30e3bba506de8000a02cd44e787e4c4280171401fcfc21ca
3,deep,7,1000,800,200,10000,10000,0.5,680,51260911,51760911,1051760911,2051260911,3051260911,0.13602147567047335,1.5350399049462264,1.5321974370688307,0.004888816987520638,2.35634750977732,-0.006803670302273814,0.005762803345987488,2.3476289861602933,4.440892098500626e-16,5.526310555836744e-07,4760,0.005,1,1,0.867700457572937,1.0,-0.132299542427063,0.132299542427063,-0.9683982133865356,-1.0,0.031601786613464355,0.031601786613464355,0.26095270235766405,0.8096815765394431,0.8292615296208143,0.8130077719688416,4012aac860309640143b0d662b7010b2d76fdd604865e6a213091da5948759bd
3,deep,7,1000,800,200,10000,10000,0.5,681,51260911,51760911,1051760911,2051260911,3051260911,0.1379692548572483,1.509400335167623,1.510666912303064,0.005234512874192416,2.278289371804133,-0.0007046823755258115,0.0006171885306337213,2.2821145199272737,0.0,5.046428039889861e-07,4767,0.005,1,1,0.8653483390808105,1.0,-0.13465166091918945,0.13465166091918945,-0.9699259996414185,-1.0,0.030074000358581543,0.030074000358581543,0.2656543949807262,0.8065338002935866,0.8207248929859907,0.8089300394058228,92983c0b9532851debbb8e5cb3f332cbca6706acb220b07d5bb98efe9de73fd7
3,deep,7,1000,800,200,10000,10000,0.5,682,51260911,51760911,1051760911,2051260911,3051260911,0.13939001234643122,1.5233560801933574,1.5187971213592493,0.00531778095097416,2.3206137470620707,-0.009593416081951188,0.008249095870974738,2.306744695849142,-8.881784197001252e-16,4.854729169778693e-07,4774,0.005,1,1,0.8640145063400269,1.0,-0.13598549365997314,0.13598549365997314,-0.9693810343742371,-1.0,0.03061896562576294,0.03061896562576294,0.2587443347748836,0.7970252772063211,0.8252680315317237,0.7995492219924927,6bdf0588d49e8e68b06462b64c363e72d8ec7b89fcd2272b8f01c7164f6df205
3,deep,7,1000,800,200,10000,10000,0.5,683,51260911,51760911,1051760911,2051260911,3051260911,0.14104153888810192,1.5206145128633295,1.5160192661518934,0.00541275358558462,2.3122684967305807,-0.009683417486219821,0.00835612531697261,2.2983144153437256,0.0,5.598840644438496e-07,4781,0.005,1,1,0.8624703884124756,1.0,-0.13752961158752441,0.13752961158752441,-0.968721866607666,-1.0,0.031278133392333984,0.031278133392333984,0.2546387828506176,0.8106231849791709,0.8238748313980621,0.814972996711731,77a004beaf47d00e9f642abc79fca9408633fb570f26bdaa68d0f582f4f45005
3,deep,7,1000,800,200,10000,10000,0.5,684,51260911,51760911,1051760911,2051260911,3051260911,0.14297855788617087,1.5250916107311232,1.5263336008128767,0.005565386937789755,2.3259044211224515,-0.0008877735449194869,0.0007615569730736555,2.329694260970402,0.0,5.690001749769635e-07,4788,0.005,1,1,0.8605754375457764,1.0,-0.13942456245422363,0.13942456245422363,-0.9683194160461426,-1.0,0.03168058395385742,0.03168058395385742,0.25380968656537,0.7903381112171709,0.8235736131211775,0.7946560382843018,89a761e158add3c434f26ba5c0fb11d023ffd02e17c046202a1dd724031dbfb1
3,deep,7,1000,800,200,10000,10000,0.5,685,51260911,51760911,1051760911,2051260911,3051260911,0.1411074247649343,1.505407010245671,1.5032637633433539,0.0051996949117045525,2.26625026649681,-0.0058240096136454814,0.005128010488977749,2.259801942181223,0.0,5.625636703143755e-07,4795,0.005,1,1,0.8628987073898315,1.0,-0.13710129261016846,0.13710129261016846,-0.9666152596473694,-1.0,0.033384740352630615,0.033384740352630615,0.2515404586329991,0.7971862193970344,0.8202961528941909,0.7966251969337463,c05040657366cf07ac5e4397c1a37c8dfccf9e8024b0718354a85dbde8c97e4f
3,deep,7,1000,800,200,10000,10000,0.5,686,51260911,51760911,1051760911,2051260911,3051260911,0.1408063613056443,1.5334843068231772,1.5294101789424857,0.005129115234808746,2.3515741192729602,-0.008803869527441378,0.007471343356712616,2.339095495452886,-4.440892098500626e-16,5.222614145594662e-07,4802,0.005,1,1,0.8633091449737549,1.0,-0.13669085502624512,0.13669085502624512,-0.966205894947052,-1.0,0.033794105052948,0.033794105052948,0.25329824852576655,0.793481384210865,0.826700498537334,0.796812891960144,74bd85c99c7200628d39723a1fbe7f4686b35e5b481c225f972d65c651e63cfc
3,deep,7,1000,800,200,10000,10000,0.5,687,51260911,51760911,1051760911,2051260911,3051260911,0.14129303272180194,1.4973824435096623,1.49683075202881,0.005320467100323856,2.242154182130967,-0.003486174506079381,0.0031023037410204076,2.240502300219133,8.881784197001252e-16,5.029722913718615e-07,4809,0.005,1,1,0.862469494342804,1.0,-0.13753050565719604,0.13753050565719604,-0.9676104784011841,-1.0,0.03238952159881592,0.03238952159881592,0.2573846286189541,0.7844858280040463,0.8192789929877703,0.7880023121833801,6301f2d566a3a799ecd498502db1e38d8150fab12bd6cdea367f33ca3539cb7c
3,deep,7,1000,800,200,10000,10000,0.5,688,51260911,51760911,1051760911,2051260911,3051260911,0.14338091832929406,1.527767495604094,1.5323952353577366,0.0059438074798893285,2.3340735206244054,0.0041089146213990095,-0.00351186683282191,2.348235157347093,0.0,5.85905461036873e-07,4816,0.005,1,1,0.8595180511474609,1.0,-0.14048194885253906,0.14048194885253906,-0.9713135957717896,-1.0,0.02868640422821045,0.02868640422821045,0.27524961015714183,0.797469757657337,0.8279300242450623,0.797930121421814,deada0162aa045bf7a5273fdd1f3f058ddcd17769c12519463338df2a3e807ee
3,deep,7,1000,800,200,10000,10000,0.5,689,51260911,51760911,1051760911,2051260911,3051260911,0.14334434345108082,1.5064705898988595,1.508779337284653,0.005793046428421738,2.2694536382302175,0.0005842019792386868,-0.0005135284742334091,2.276415088617117,4.440892098500626e-16,5.108862133340608e-07,4823,0.005,1,1,0.8598229289054871,1.0,-0.14017707109451294,0.14017707109451294,-0.9700335264205933,-1.0,0.02996647357940674,0.02996647357940674,0.26110172714609814,0.8022096017787723,0.8213719571921998,0.8050209283828735,6504ca7958f9df798fc38b367d57886bd03b7c56834d7a76c98ce531ca8cb494
3,deep,7,1000,800,200,10000,10000,0.5,690,51260911,51760911,1051760911,2051260911,3051260911,0.14215207823123033,1.5319249688152603,1.528702109310349,0.005520994652155273,2.3467941100796366,-0.007692482860940852,0.006540350691509878,2.33693013900991,0.0,5.619320120331395e-07,4830,0.005,1,1,0.8613399267196655,1.0,-0.13866007328033447,0.13866007328033447,-0.968685507774353,-1.0,0.03131449222564697,0.03131449222564697,0.25300898026949853,0.8092312564167705,0.8262976236529946,0.8126567006111145,37187b1150e0bdc3b7bf53c159dbfe593c886dea6e0dbdb71667e8a272f18665
3,deep,7,1000,800,200,10000,10000,0.5,691,51260911,51760911,1051760911,2051260911,3051260911,0.141461851536346,1.5285190070701216,1.5259947487193157,0.005416483458318281,2.3363703549746306,-0.006563432657010496,0.005605491114129364,2.3286599731189277,0.0,5.446453847923749e-07,4837,0.005,1,1,0.8621216416358948,1.0,-0.13787835836410522,0.13787835836410522,-0.9683611989021301,-1.0,0.03163880109786987,0.03163880109786987,0.25835143321123,0.7864347992489132,0.8264188525090828,0.7876631021499634,7c09cc5f3a583489bbacbb67c5097d5f59bf7b8d3abb507102dd96108edc1786
3,deep,7,1000,800,200,10000,10000,0.5,692,51260911,51760911,1051760911,2051260911,3051260911,0.1394087360621538,1.5355871251863549,1.5311206144466563,0.0051068929893516996,2.3580278190380937,-0.009402188021969848,0.007957386410614962,2.344330335983506,4.440892098500626e-16,5.674759382401362e-07,4844,0.005,1,1,0.8644731044769287,1.0,-0.1355268955230713,0.1355268955230713,-0.9673311114311218,-1.0,0.032668888568878174,0.032668888568878174,0.2629583996646458,0.8010792635174927,0.8281186158306475,0.803457498550415,58cbae8f72026e55dc915b5ef5997da4dea0edcfd83121b65540d00823860395
3,deep,7,1000,800,200,10000,10000,0.5,693,51260911,51760911,1051760911,2051260911,3051260911,0.13505475518375737,1.5492856387646678,1.5428313605999429,0.004707771028143095,2.4002859904824447,-0.012332577129958505,0.010255808000277186,2.3803286072506706,0.0,6.110996366714971e-07,4851,0.005,1,1,0.8689207434654236,1.0,-0.13107925653457642,0.13107925653457642,-0.9674728512763977,-1.0,0.032527148723602295,0.032527148723602295,0.275039894518755,0.8027439074351063,0.8316720315062401,0.8051960468292236,e26f9b83287799d014d1b28e020fbdec0412d09d65eb3cad200afc452b19c6e8
3,deep,7,1000,800,200,10000,10000,0.5,694,51260911,51760911,1051760911,2051260911,3051260911,0.13244611237680962,1.5631566366222442,1.5606521852896424,0.004522899212991723,2.443458670616167,-0.0061731631899113295,0.005043471949294247,2.4356352434493362,0.0,5.085083767397691e-07,4858,0.005,1,1,0.8714652061462402,1.0,-0.12853479385375977,0.12853479385375977,-0.9680503606796265,-1.0,0.031949639320373535,0.031949639320373535,0.2716972799403026,0.8080556038337887,0.8324629521753762,0.810499906539917,58cf444888f2340e435f30124957d9db3c8d234ba53cc8ab84295626d08884f2
3,deep,7,1000,800,200,10000,10000,0.5,695,51260911,51760911,1051760911,2051260911,3051260911,0.1304782578729839,1.5350730944407076,1.5334879315666645,0.004480282536217292,2.3564494052757694,-0.004672225775689878,0.003957954190512049,2.351585236260607,4.440892098500626e-16,5.063793988568932e-07,4865,0.005,1,1,0.8731378316879272,1.0,-0.12686216831207275,0.12686216831207275,-0.9694948196411133,-1.0,0.03050518035888672,0.03050518035888672,0.25117945206235953,0.7944021067379168,0.8254384130629716,0.7978544235229492,0e8b51edaa69fb08d98490ba5f647ab8fde71e02c267d4bdb10062382171331f
3,deep,7,1000,800,200,10000,10000,0.5,696,51260911,51760911,1051760911,2051260911,3051260911,0.13168576743852664,1.5058258564461215,1.503279294168023,0.0047841747795515045,2.2675115099416954,-0.006223524223468604,0.005477741532772459,2.2598486362743095,-4.440892098500626e-16,5.094740114230945e-07,4872,0.005,1,1,0.871446430683136,1.0,-0.128553569316864,0.128553569316864,-0.9714496731758118,-1.0,0.028550326824188232,0.028550326824188232,0.25126881921767835,0.7946791619902899,0.8207008268478204,0.795623779296875,bd13a48a9a536300403473cfc41ea08e2510211b485748fccd61d7cade62df97
3,deep,7,1000,800,200,10000,10000,0.5,697,51260911,51760911,1051760911,2051260911,3051260911,0.13492491593405181,1.4997947233047566,1.4994877616794875,0.004998295637733058,2.2493842120527914,-0.0029594801319826236,0.0026255350384300383,2.2484635474265597,4.440892098500626e-16,5.277271526438199e-07,4879,0.005,1,1,0.8683362603187561,1.0,-0.1316637396812439,0.1316637396812439,-0.9705145359039307,-1.0,0.029485464096069336,0.029485464096069336,0.24922579468098674,0.7986189248289591,0.8172731931986161,0.8019733428955078,6674d0e43022d492d5020abbc1ac4359aa7a009b68239dace4805c2e1d26973c
3,deep,7,1000,800,200,10000,10000,0.5,698,51260911,51760911,1051760911,2051260911,3051260911,0.1384269867169424,1.5481736339138523,1.5432997741760857,0.005224873983325968,2.3968416007460225,-0.010146140878696223,0.008447843542580923,2.3817741929719567,8.881784197001252e-16,5.794054747099153e-07,4886,0.005,1,1,0.8649961948394775,1.0,-0.13500380516052246,0.13500380516052246,-0.9694058299064636,-1.0,0.030594170093536377,0.030594170093536377,0.2533623988192356,0.8023305590088959,0.830661034415874,0.8066554069519043,d502eacb145dff23de26914b3ce2874767cb52e2980d2d948dd15716a1f8f1ad
3,deep,7,1000,800,200,10000,10000,0.5,699,51260911,51760911,1051760911,2051260911,3051260911,0.14021834774604053,1.5492661000731867,1.5464341415777572,0.005233063970976651,2.400225448835981,-0.0069999792848114365,0.00582007899744908,2.3914585542373343,-4.440892098500626e-16,5.562774738621101e-07,4893,0.005,1,1,0.8635309934616089,1.0,-0.1364690065383911,0.1364690065383911,-0.9677913784980774,-1.0,0.03220862150192261,0.03220862150192261,0.2651197729654424,0.7997791989662271,0.8276932272397768,0.802615225315094,37a952abf2ebb081d772e560502497ef0e9f868eb04408c9a5c2949fb30955ad
3,deep,7,1000,800,200,10000,10000,0.5,700,51260911,51760911,1051760911,2051260911,3051260911,0.14122558256295714,1.533052420529574,1.5344928363967858,0.005462110721636521,2.3502497240915856,-0.0005217849300845691,0.00044299555011229974,2.354668264953053,0.0,4.942712941158334e-07,4900,0.005,1,1,0.8622167706489563,1.0,-0.1377832293510437,0.1377832293510437,-0.9690089225769043,-1.0,0.030991077423095703,0.030991077423095703,0.2546145056088939,0.8132210541279005,0.8279248607332341,0.8155166506767273,9fb08bf0287445a2e732fac69bbc5ac0f42da8f7dbd7de4cd050a7ceb1755f79
3,deep,7,1000,800,200,10000,10000,0.5,701,51260911,51760911,1051760911,2051260911,3051260911,0.14336610327171692,1.5311664732304895,1.5328773724378402,0.0055380047504285075,2.3444707687450954,-0.00014786728179352727,0.00012584402531704754,2.3497130389319367,0.0,5.55887572417646e-07,4907,0.005,1,1,0.8603197336196899,1.0,-0.13968026638031006,0.13968026638031006,-0.9677004218101501,-1.0,0.032299578189849854,0.032299578189849854,0.25805749493805963,0.7975784457852185,0.8283305261177549,0.7989307045936584,97a71f4ed5a849c500a9c602de75fe65a53de634369ea1c51389d892015f4113
3,deep,7,1000,800,200,10000,10000,0.5,702,51260911,51760911,1051760911,2051260911,3051260911,0.14728649678482156,1.5202841398714806,1.520440338215336,0.005865817180258708,2.3112638659447673,-0.002695430526330473,0.002326525395587913,2.3117388220723654,4.440892098500626e-16,5.62829830741407e-07,4914,0.005,1,1,0.8564567565917969,1.0,-0.14354324340820312,0.14354324340820312,-0.9670053124427795,-1.0,0.03299468755722046,0.03299468755722046,0.25131944052588134,0.79594765116029,0.823971159647529,0.7979275584220886,f68610ed2aa193eca9fd2f85b2c05921be6c8bf672bb5118de37480e485e9f0f
3,deep,7,1000,800,200,10000,10000,0.5,703,51260911,51760911,1051760911,2051260911,3051260911,0.14965764753589278,1.537466433375981,1.5370796277737226,0.006347820420048157,2.3638030337578604,-0.0037685360304510803,0.0031799967700859313,2.362613782117006,-4.440892098500626e-16,5.100074567110369e-07,4921,0.005,1,1,0.8535894155502319,1.0,-0.14641058444976807,0.14641058444976807,-0.9689943194389343,-1.0,0.031005680561065674,0.031005680561065674,0.24531483507518914,0.7989912628099717,0.8283813292575806,0.8030061721801758,0c111c519fea8acdec925de279841af82ddcd07e74c93e65e98e6bf955f5f7a6
3,deep,7,1000,800,200,10000,10000,0.5,704,51260911,51760911,1051760911,2051260911,3051260911,0.14866461172578313,1.512525488842025,1.5140391219417864,0.006516147830631237,2.2877333543968064,-0.0009675197285911853,0.0008434302613136376,2.292314462770255,0.0,5.341796445179625e-07,4928,0.005,1,1,0.8541336059570312,1.0,-0.14586639404296875,0.14586639404296875,-0.9712917804718018,-1.0,0.028708219528198242,0.028708219528198242,0.2510175187293561,0.7985770793510889,0.8235747272310698,0.8008157014846802,a7f811ae944fc4032647c299ce3efdcc4e9b2c8e5e66e3de1e76d2bf09a5e1c4
3,deep,7,1000,800,200,10000,10000,0.5,705,51260911,51760911,1051760911,2051260911,3051260911,0.14913212917141772,1.5113588321101343,1.512659779813415,0.0066434725227032185,2.284205519397309,-0.0013546912274218937,0.0011826979711015316,2.2881396094651687,0.0,5.76106659266884e-07,4935,0.005,1,1,0.8535400629043579,1.0,-0.1464599370956421,0.1464599370956421,-0.9718952178955078,-1.0,0.028104782104492188,0.028104782104492188,0.26464549160671197,0.7977930088478069,0.8223268436387305,0.7994514107704163,0a4d24131299f8494ea310096362dc1a6a66cab27c6a63755abd6f0a49b72635
3,deep,7,1000,800,200,10000,10000,0.5,706,51260911,51760911,1051760911,2051260911,3051260911,0.15078890292015554,1.5182248066859803,1.520048084245526,0.006634154088632397,2.305006563636682,-0.0005472696534102432,0.000473490235064525,2.3105461784184937,0.0,4.935886757095886e-07,4942,0.005,1,1,0.8521605730056763,1.0,-0.14783942699432373,0.14783942699432373,-0.970321774482727,-1.0,0.02967822551727295,0.02967822551727295,0.2552592789555057,0.8005365224577239,0.8208171469340177,0.8023058176040649,cf9807fbe683525f1d5eb4c71443b5a85259b8356ff97a0ee509642808a229b0
3,deep,7,1000,800,200,10000,10000,0.5,707,51260911,51760911,1051760911,2051260911,3051260911,0.1502697402457034,1.523694759026566,1.5261685419323467,0.006382008520940209,2.3216457186850246,0.0005813455889699961,-0.0004994318428223457,2.329190418383905,0.0,5.105680607186969e-07,4949,0.005,1,1,0.8530223965644836,1.0,-0.14697760343551636,0.14697760343551636,-0.9687177538871765,-1.0,0.031282246112823486,0.031282246112823486,0.262553492877571,0.7941032848929752,0.8239786023321294,0.7931722402572632,b0fa0bfd670f0aab86d74344b8dd4a475dd66afce40bddb9212539c4a1f54abb
3,deep,7,1000,800,200,10000,10000,0.5,708,51260911,51760911,1051760911,2051260911,3051260911,0.1486458641746972,1.5377768687757993,1.5341842862433928,0.006216705344384571,2.364757698141902,-0.008626489665069318,0.007276746347311812,2.353721424156148,4.440892098500626e-16,5.124614830265273e-07,4956,0.005,1,1,0.8546618819236755,1.0,-0.14533811807632446,0.14533811807632446,-0.9688162803649902,-1.0,0.031183719635009766,0.031183719635009766,0.26142583719454066,0.7999205379287581,0.8273006901542657,0.8058794736862183,6340f29f5c1eb2789d0ca6e2e2a96e1945bcae59dbace8394d094ba8ebe41231
3,deep,7,1000,800,200,10000,10000,0.5,709,51260911,51760911,1051760911,2051260911,3051260911,0.1451947264123379,1.5717502869749556,1.564966961144526,0.005540856564138892,2.470398964605855,-0.013409115848030553,0.010831536157202832,2.4491215894739327,-4.440892098500626e-16,5.728902543467029e-07,4963,0.005,1,1,0.8588453531265259,1.0,-0.14115464687347412,0.14115464687347412,-0.9659871459007263,-1.0,0.03401285409927368,0.03401285409927368,0.2709080247232709,0.8135809004468151,0.839479649547984,0.8192260265350342,021203f5b98bc62d8fd29cd6ba54c1ea93eac9f73579a9082e2760cd6d114f19
3,deep,7,1000,800,200,10000,10000,0.5,710,51260911,51760911,1051760911,2051260911,3051260911,0.14676064810240394,1.5322238629900942,1.5293939229858344,0.005857136436019259,2.3477099663162866,-0.007260665543152587,0.006169924396599381,2.3390457716660005,0.0,5.275467120924304e-07,4970,0.005,1,1,0.8569008111953735,1.0,-0.14309918880462646,0.14309918880462646,-0.9674222469329834,-1.0,0.0325777530670166,0.0325777530670166,0.2666955650634477,0.7937191992865064,0.8246455748831777,0.794913113117218,c8a3782de3977044fc81c13152f48cb8e9bcbab8e5b5093e85d46d9be7854cde
3,deep,7,1000,800,200,10000,10000,0.5,711,51260911,51760911,1051760911,2051260911,3051260911,0.15012115646686996,1.5583978787288386,1.553624353126013,0.0062073139057660055,2.4286039484265443,-0.010531315853044048,0.008650621931948911,2.4137486306262224,0.0,5.126445294934001e-07,4977,0.005,1,1,0.8534690737724304,1.0,-0.14653092622756958,0.14653092622756958,-0.9673649072647095,-1.0,0.03263509273529053,0.03263509273529053,0.27854502141347565,0.8044226657173107,0.8316961292153261,0.8061200380325317,fd397503bec7994d16772b83c8ef7af54f23c29f906de4cc7e77d6217a54e4f6
3,deep,7,1000,800,200,10000,10000,0.5,712,51260911,51760911,1051760911,2051260911,3051260911,0.1532796689135851,1.5720552432132116,1.5665844048914213,0.00650998157164261,2.47135768771415,-0.01184048581839217,0.009556996093988352,2.4541866976490083,4.440892098500626e-16,5.858102429812106e-07,4984,0.005,1,1,0.8503135442733765,1.0,-0.14968645572662354,0.14968645572662354,-0.967005729675293,-1.0,0.03299427032470703,0.03299427032470703,0.2616073782847721,0.80354267729613,0.8361755173524674,0.8061220645904541,0383f1984292fa5bb12ab2840b516c3e63527c963d084effe872ad41df2d6fb3
3,deep,7,1000,800,200,10000,10000,0.5,713,51260911,51760911,1051760911,2051260911,3051260911,0.15252390917193404,1.508049329441517,1.5097020751971133,0.006526834003924099,2.274212780029009,-0.0007696290892309245,0.0006748943057730495,2.2792003558544707,-4.440892098500626e-16,5.4665876447757e-07,4991,0.005,1,1,0.8509032726287842,1.0,-0.14909672737121582,0.14909672737121582,-0.9678486585617065,-1.0,0.03215134143829346,0.03215134143829346,0.2603162687040483,0.8055922175973451,0.8185597312790792,0.8104459047317505,f4be2eeb5aed7b4635517a6ff99c4978da66d67eada346f12ebc993610337d3e
3,deep,7,1000,800,200,10000,10000,0.5,714,51260911,51760911,1051760911,2051260911,3051260911,0.1504872377004667,1.5448246749472236,1.5414144439214021,0.006071681072578697,2.3864832763257953,-0.008298234734424377,0.006936714000039309,2.3759584879295255,4.440892098500626e-16,5.383617356358172e-07,4998,0.005,1,1,0.85344398021698,1.0,-0.14655601978302002,0.14655601978302002,-0.9658277630805969,-1.0,0.034172236919403076,0.034172236919403076,0.2502569716267036,0.8057434661619144,0.8283290492300143,0.8119943141937256,cff7aeafbfb5a9efd5ee50c069dea671cec101ec3ad1f29e1a154b38569f8ead
3,deep,7,1000,800,200,10000,10000,0.5,715,51260911,51760911,1051760911,2051260911,3051260911,0.1518837750491165,1.5547596691327794,1.5543602637116134,0.006305337398420354,2.4172776287618696,-0.003773568377326926,0.003114041012844246,2.416035829405636,0.0,5.225453669766011e-07,5005,0.005,1,1,0.8518423438072205,1.0,-0.14815765619277954,0.14815765619277954,-0.9665636420249939,-1.0,0.033436357975006104,0.033436357975006104,0.25060403097889133,0.8047307007224359,0.8312036839209379,0.805150032043457,e1da02bbff8944f06c3cc07fe6645904de7991db05ef0f2c0dc32b0cbc38fae2
3,deep,7,1000,800,200,10000,10000,0.5,716,51260911,51760911,1051760911,2051260911,3051260911,0.14945655162005717,1.5343058415750501,1.5364405657631928,0.006237107349519746,2.354094415491323,0.00015904464093844073,-0.0001347646628444958,2.3606496121227196,0.0,5.467210897336372e-07,5012,0.005,1,1,0.853956937789917,1.0,-0.146043062210083,0.146043062210083,-0.9682402014732361,-1.0,0.031759798526763916,0.031759798526763916,0.2698506797363007,0.8047603832643793,0.8284797148457923,0.8066646456718445,e3c17d13096eb5835b23efe8b7c61b4912b600acdff19f8fbd523184f03510da
3,deep,7,1000,800,200,10000,10000,0.5,717,51260911,51760911,1051760911,2051260911,3051260911,0.15015423899838892,1.541489111445615,1.5407451487205048,0.006251793608134166,2.3761886807053916,-0.004272430503877835,0.0035866000010840895,2.3738956133057703,4.440892098500626e-16,5.022837381574163e-07,5019,0.005,1,1,0.8533570170402527,1.0,-0.14664298295974731,0.14664298295974731,-0.9677179455757141,-1.0,0.03228205442428589,0.03228205442428589,0.24891854177018755,0.8061739226261159,0.8274288714539724,0.8088852167129517,6102a2156f309bf5ab9d36dfcf7416051aefa1c0f711678537bcedd1558cc6b9
3,deep,7,1000,800,200,10000,10000,0.5,718,51260911,51760911,1051760911,2051260911,3051260911,0.15021567513294634,1.5347094273932183,1.5310467275797195,0.006264814358885247,2.35533302652962,-0.008746879427968786,0.007407594363888767,2.3441040820325676,0.0,5.546017938229397e-07,5026,0.005,1,1,0.85328209400177,1.0,-0.14671790599822998,0.14671790599822998,-0.9677726030349731,-1.0,0.032227396965026855,0.032227396965026855,0.2488007396190097,0.8055459807411816,0.8261589377997487,0.8101950883865356,6ea6ad01e9e755548168a455b74cc106f3738b34d4760de00732ee397f7eb1ec
3,deep,7,1000,800,200,10000,10000,0.5,719,51260911,51760911,1051760911,2051260911,3051260911,0.15007810084487297,1.5909941048069152,1.5835750379695348,0.00630376727939692,2.5312622415303574,-0.014928053964770016,0.011765647800249359,2.5077099008802137,-4.440892098500626e-16,5.040041806125828e-07,5033,0.005,1,1,0.853322446346283,1.0,-0.14667755365371704,0.14667755365371704,-0.9682331681251526,-1.0,0.03176683187484741,0.03176683187484741,0.29793845515551853,0.8235849321630293,0.8404697560382157,0.8250248432159424,e8fd4b31e83f5a3dee64265bc90146bbbffd5c3eec7f5a37fad3de1439b9f2f1
3,deep,7,1000,800,200,10000,10000,0.5,720,51260911,51760911,1051760911,2051260911,3051260911,0.14812221509540707,1.5331866636504237,1.5285950872250957,0.006173788575135514,2.3506613455955176,-0.010116096740977468,0.008584475506418672,2.336602940688698,0.0,5.018272997148188e-07,5040,0.005,1,1,0.8551723957061768,1.0,-0.14482760429382324,0.14482760429382324,-0.9689330458641052,-1.0,0.031066954135894775,0.031066954135894775,0.2558886294617388,0.8084615164241913,0.8258593487479051,0.8098596930503845,9362a43975194a53f463835740fb52ee79cd881daaa4c1c2a7080893b2078799
3,deep,7,1000,800,200,10000,10000,0.5,721,51260911,51760911,1051760911,2051260911,3051260911,0.14931162623218353,1.5571442225806986,1.5546401965967485,0.00656667674861837,2.4246981299164485,-0.007179332895345455,0.0059058419927471816,2.4169061408743766,8.881784197001252e-16,4.921219112219433e-07,5047,0.005,1,1,0.8535088300704956,1.0,-0.1464911699295044,0.1464911699295044,-0.97111576795578,-1.0,0.02888423204421997,0.02888423204421997,0.25446488898104885,0.8040599965522194,0.8328665306182796,0.8042385578155518,93dbc94d004b7cb1530cbd9d305e674f9440501e039d8e0e382b3e378e0377f8
3,deep,7,1000,800,200,10000,10000,0.5,722,51260911,51760911,1051760911,2051260911,3051260911,0.14838617331975493,1.5621098640213718,1.5578071944142022,0.006362752685240316,2.440187227272869,-0.00989336249473029,0.008087603013039357,2.426763254968648,0.0,5.088052876800475e-07,5054,0.005,1,1,0.854619562625885,1.0,-0.145380437374115,0.145380437374115,-0.9702849388122559,-1.0,0.02971506118774414,0.02971506118774414,0.2605577446957059,0.8154599739180829,0.8333231600713783,0.8166342973709106,c9ee752b843c64e489e8a5b3b33a592a90bdab74bffa948119b3cf297d441157
3,deep,7,1000,800,200,10000,10000,0.5,723,51260911,51760911,1051760911,2051260911,3051260911,0.14853024745312413,1.5562988816320302,1.5518349613056053,0.0064195390693764995,2.422066208969108,-0.010147000454057576,0.008356648139486446,2.408191747130369,0.0,5.439823045350067e-07,5061,0.005,1,1,0.8544037938117981,1.0,-0.1455962061882019,0.1455962061882019,-0.9706234931945801,-1.0,0.029376506805419922,0.029376506805419922,0.26583087140987127,0.8243644563893264,0.8341316883756963,0.8306368589401245,be97f7ce888b53633088802c178133be327e3677a68b847cba18f1621a8186ca
3,deep,7,1000,800,200,10000,10000,0.5,724,51260911,51760911,1051760911,2051260911,3051260911,0.15143621209189997,1.5450921279509005,1.544712820048403,0.006825070811619261,2.3873096838558414,-0.003998529122785194,0.0033402707303671216,2.38613769642189,-4.440892098500626e-16,5.551234352196843e-07,5068,0.005,1,1,0.8513156175613403,1.0,-0.14868438243865967,0.14868438243865967,-0.9712618589401245,-1.0,0.02873814105987549,0.02873814105987549,0.2510251584244282,0.8093321822898975,0.8292184215155168,0.8097169399261475,fae7834ccf0be9d1574171828c29462dea21bcc81aec905892224e1b2ac94a96
3,deep,7,1000,800,200,10000,10000,0.5,725,51260911,51760911,1051760911,2051260911,3051260911,0.15306825815913905,1.5540053719409517,1.5500975010134534,0.006777902070065657,2.4149326960213355,-0.009454167721623954,0.0078078427117385316,2.4028022626481533,0.0,5.039465218459327e-07,5075,0.005,1,1,0.8500203490257263,1.0,-0.14997965097427368,0.14997965097427368,-0.9694059491157532,-1.0,0.030594050884246826,0.030594050884246826,0.24625097404891583,0.7963203428341987,0.830184954588645,0.7966146469116211,83f53dabae966782896fe80de1328f7f9089d16c26c27eb71e89a766217aa7ea
3,deep,7,1000,800,200,10000,10000,0.5,726,51260911,51760911,1051760911,2051260911,3051260911,0.1538302868072712,1.532542040727578,1.53009873341578,0.007103779077661148,2.3486851065974497,-0.007293375837268307,0.006191875580717162,2.341202134000574,0.0,5.230047168680585e-07,5082,0.005,1,1,0.8488742709159851,1.0,-0.1511257290840149,0.1511257290840149,-0.9712811708450317,-1.0,0.02871882915496826,0.02871882915496826,0.2506028298408873,0.7939788626057771,0.8252347918556503,0.7988492250442505,fa8b35322f6268ff3acbc5263d7e19da9d4a7f45a4410ac7f75309431bf8e8d6
3,deep,7,1000,800,200,10000,10000,0.5,727,51260911,51760911,1051760911,2051260911,3051260911,0.1513990827201337,1.555520191431367,1.5552824719440743,0.006714932979381922,2.4196430659506767,-0.0037272156967941826,0.003072271856368894,2.4189035675364705,4.440892098500626e-16,5.286777273738608e-07,5089,0.005,1,1,0.8515189290046692,1.0,-0.1484810709953308,0.1484810709953308,-0.9704186916351318,-1.0,0.029581308364868164,0.029581308364868164,0.2494839878038463,0.7922346172073667,0.8322209023277545,0.7960629463195801,ef9f511d47fd9dceff6385a91ff2d3f5dc0917fb8abca58db3da35a1abc08462
3,deep,7,1000,800,200,10000,10000,0.5,728,51260911,51760911,1051760911,2051260911,3051260911,0.14833996407705632,1.534657410735744,1.5362933238756191,0.00612902365575142,2.355173368326138,-0.0005526074985458522,0.00046805313916786176,2.360197176984798,-4.440892098500626e-16,4.964456774558812e-07,5096,0.005,1,1,0.8550767302513123,1.0,-0.14492326974868774,0.14492326974868774,-0.9683457612991333,-1.0,0.0316542387008667,0.0316542387008667,0.25042458381065114,0.8086290449447878,0.8269862299078082,0.8124184608459473,f7e7ca371999fa951cd9d1aa1c8a66b1755cb36ec356235f2cc905a4a01c55ac
3,deep,7,1000,800,200,10000,10000,0.5,729,51260911,51760911,1051760911,2051260911,3051260911,0.1457764681547315,1.5596427515747577,1.5602388994172087,0.005628856719342886,2.4324855125396816,-0.001884473002201114,0.0015458446297364062,2.4343454232546224,4.440892098500626e-16,5.637515378964508e-07,5103,0.005,1,1,0.8581818342208862,1.0,-0.14181816577911377,0.14181816577911377,-0.9662600159645081,-1.0,0.03373998403549194,0.03373998403549194,0.2510539242489138,0.8037128285159207,0.8344002078744767,0.8064923286437988,71eef1b24dcc0bdc16a9a5f2b6a4b1ffab0b54da70d0cb21eed29f25868c5559
3,deep,7,1000,800,200,10000,10000,0.5,730,51260911,51760911,1051760911,2051260911,3051260911,0.14274137935083045,1.5678340025751658,1.5657639613564638,0.005281551478796197,2.458103459630865,-0.0058841142134874605,0.004777259086136025,2.451616782682686,0.0,5.033435339640846e-07,5110,0.005,1,1,0.8614051938056946,1.0,-0.13859480619430542,0.13859480619430542,-0.9658447504043579,-1.0,0.03415524959564209,0.03415524959564209,0.24337364900474376,0.8136753517222632,0.8361528353741496,0.8177351951599121,fde710af0f8d46aa873ca101e915d2c7af252e41e53b48d484eb556abd1ff0bd
3,deep,7,1000,800,200,10000,10000,0.5,731,51260911,51760911,1051760911,2051260911,3051260911,0.14494379320517875,1.5591630825710259,1.5624804589547414,0.0055505634058769975,2.430989518052384,0.002402551578579219,-0.0019721010106604118,2.441345184615419,-4.440892098500626e-16,5.571735641751729e-07,5117,0.005,1,1,0.8590237498283386,1.0,-0.14097625017166138,0.14097625017166138,-0.9663191437721252,-1.0,0.033680856227874756,0.033680856227874756,0.2638320585451826,0.8041912292213087,0.833211507785854,0.8029952645301819,ffe4ce98b9681fcc4cae1013dc31993fc7d47b64ebe2a66d5b9d7ba59f497601
3,deep,7,1000,800,200,10000,10000,0.5,732,51260911,51760911,1051760911,2051260911,3051260911,0.14817407589375645,1.5456963706187006,1.5469193490537292,0.005781779979068471,2.3891772701438234,-0.000999788823039162,0.0008349109960672272,2.392959472476813,-4.440892098500626e-16,5.379271907912653e-07,5124,0.005,1,1,0.8559238910675049,1.0,-0.14407610893249512,0.14407610893249512,-0.9653931856155396,-1.0,0.03460681438446045,0.03460681438446045,0.27762351146366954,0.8001129048801144,0.8324120799394495,0.8035740852355957,7732ceafff1183e30c7fb16018706038f7b2e9a0e956876485fce08b2d722911
3,deep,7,1000,800,200,10000,10000,0.5,733,51260911,51760911,1051760911,2051260911,3051260911,0.15101517419915625,1.5366969466070055,1.540023177203804,0.0060744580804053695,2.361437505711294,0.002079711266599764,-0.0017568749796465595,2.3716713863248993,0.0,5.423211462129984e-07,5131,0.005,1,1,0.8530133962631226,1.0,-0.14698660373687744,0.14698660373687744,-0.9653514623641968,-1.0,0.03464853763580322,0.03464853763580322,0.26664287294247163,0.7978835592908016,0.8279287166277347,0.8007838726043701,68611d28e30a7b9ff05b2b58ed2fff80b5265d3e7c1fbec558af61b002d44e4f
3,deep,7,1000,800,200,10000,10000,0.5,734,51260911,51760911,1051760911,2051260911,3051260911,0.15178143013373613,1.545999306668328,1.5451945072061057,0.005925835512300155,2.390113856218951,-0.004206813315665617,0.003511472143122969,2.38762606509992,4.440892098500626e-16,5.039699395581465e-07,5138,0.005,1,1,0.8527334332466125,1.0,-0.14726656675338745,0.14726656675338745,-0.9632554650306702,-1.0,0.036744534969329834,0.036744534969329834,0.24641367505661202,0.8089759601175242,0.8297909330417671,0.8155554533004761,1e7071f1d02f94c17a9fc9e5f8babbf5a0f41462bf643a58fe38c45c722d1052
3,deep,7,1000,800,200,10000,10000,0.5,735,51260911,51760911,1051760911,2051260911,3051260911,0.1526068224599157,1.5631799334106162,1.5606673348042024,0.005880738828670953,2.443531504217619,-0.006864856560718698,0.005605309257522939,2.4356825299248523,0.0,5.171127668290865e-07,5145,0.005,1,1,0.8521938920021057,1.0,-0.1478061079978943,0.1478061079978943,-0.9620237350463867,-1.0,0.03797626495361328,0.03797626495361328,0.24567502786944992,0.8074542925653319,0.8346706249828981,0.8098441362380981,20fda06a5e058a0417a939398fc5b1a959929f882d402e97ecefce90fc390804
3,deep,7,1000,800,200,10000,10000,0.5,736,51260911,51760911,1051760911,2051260911,3051260911,0.15268362678968725,1.5610763607669487,1.560916126056001,0.00611051986713432,2.43695940414538,-0.0033053857154204886,0.0027059280480942606,2.4364591525816737,0.0,4.815218463960491e-07,5152,0.005,1,1,0.8516011834144592,1.0,-0.14839881658554077,0.14839881658554077,-0.9640823006629944,-1.0,0.035917699337005615,0.035917699337005615,0.24025650560307887,0.8123568390108521,0.8326195140396409,0.8115848302841187,3e5e3af99105390c99041713a9c083713e34bc9c729da6a95c44035508ed8b8f
3,deep,7,1000,800,200,10000,10000,0.5,737,51260911,51760911,1051760911,2051260911,3051260911,0.15305047190901758,1.5473907561912215,1.5481605310257778,0.00618216396940071,2.39441815234604,-0.0018996432447111495,0.0015826401686281665,2.396801029826018,-4.440892098500626e-16,5.223318542135758e-07,5159,0.005,1,1,0.8511531949043274,1.0,-0.1488468050956726,0.1488468050956726,-0.964375913143158,-1.0,0.03562408685684204,0.03562408685684204,0.2396815680187863,0.808980460609709,0.8284161303075543,0.8110260963439941,657f1bb641bb7a23c1242e9d4096e5d8b1faf40a70385e96b9a2c676e977e80b
3,deep,7,1000,800,200,10000,10000,0.5,738,51260911,51760911,1051760911,2051260911,3051260911,0.15261313396019202,1.5615662125840801,1.5614888279328043,0.006382641085811888,2.4384890362841887,-0.003312158805519185,0.0027094745594845645,2.4382473597589627,4.440892098500626e-16,5.276733006098766e-07,5166,0.005,1,1,0.8510987758636475,1.0,-0.14890122413635254,0.14890122413635254,-0.9665456414222717,-1.0,0.03345435857772827,0.03345435857772827,0.24476986201384776,0.8129764114386261,0.8322467551664551,0.8152635097503662,ad17cf25781e8b3de757e771df5300162ab752dd85e61916f2a7231ca567889f
3,deep,7,1000,800,200,10000,10000,0.5,739,51260911,51760911,1051760911,2051260911,3051260911,0.15273748841266266,1.5444649669461474,1.544667962366312,0.006521950487621206,2.3853720341239644,-0.0029474353253454762,0.0024645200366805588,2.3859991139608945,0.0,4.6147729015899586e-07,5173,0.005,1,1,0.8507363796234131,1.0,-0.14926362037658691,0.14926362037658691,-0.9676100015640259,-1.0,0.03238999843597412,0.03238999843597412,0.23953385374507327,0.7998864741273803,0.8286740542295611,0.8015248775482178,45679c67350de2cf80cad5bd00268389eec8eabba4bc465e8beb2e563744c451
3,deep,7,1000,800,200,10000,10000,0.5,740,51260911,51760911,1051760911,2051260911,3051260911,0.15259572751038608,1.5460386381749298,1.5478208127572135,0.00642148700380084,2.3902354707297913,-0.00045384466459542417,0.00037873143516092025,2.3957492684044013,0.0,5.50199581894617e-07,5180,0.005,1,1,0.8510388135910034,1.0,-0.14896118640899658,0.14896118640899658,-0.9668937921524048,-1.0,0.033106207847595215,0.033106207847595215,0.24760747207859904,0.8038295748369346,0.831083335510256,0.8043845295906067,7369f99ab2120d3870b5f5da99eb5c7c2341af0e9221c2734b5a342d6669657e
3,deep,7,1000,800,200,10000,10000,0.5,741,51260911,51760911,1051760911,2051260911,3051260911,0.1542062610918146,1.554928064699081,1.555776426930287,0.006582827227145481,2.41780128638883,-0.00197191151200246,0.0016267319200185231,2.4204402905919706,4.440892098500626e-16,5.27788428072995e-07,5187,0.005,1,1,0.8494199514389038,1.0,-0.1505800485610962,0.1505800485610962,-0.9667551517486572,-1.0,0.03324484825134277,0.03324484825134277,0.24970664326465922,0.8062682550342535,0.8318081914055141,0.8101357221603394,e48ff49c63d28d4228a8aa530839e856facaa5eecd2e0f281aa9a8b543a1c61f
3,deep,7,1000,800,200,10000,10000,0.5,742,51260911,51760911,1051760911,2051260911,3051260911,0.15307834401980883,1.554124008203724,1.5519867475625642,0.006480573072000518,2.415301432875209,-0.006559570668691765,0.005417143783035237,2.408662864609826,4.440892098500626e-16,5.477519717800305e-07,5194,0.005,1,1,0.850533127784729,1.0,-0.149466872215271,0.149466872215271,-0.9669449925422668,-1.0,0.033055007457733154,0.033055007457733154,0.24321866397896016,0.8185273867583525,0.8326330334378117,0.8213002681732178,48b53816a9c0a9f3a2113caf246446895a8dfbf16a746c65e324f8518ff52a43
3,deep,7,1000,800,200,10000,10000,0.5,743,51260911,51760911,1051760911,2051260911,3051260911,0.15208229760055336,1.597565643943177,1.59211821104161,0.0064858789853703665,2.5522159867075778,-0.01193073388130569,0.00932561471211075,2.5348403979303367,0.0,5.48077728979024e-07,5201,0.005,1,1,0.8513407707214355,1.0,-0.14865922927856445,0.14865922927856445,-0.9679148197174072,-1.0,0.03208518028259277,0.03208518028259277,0.25318957444556606,0.8142555816415046,0.8424525014993791,0.8139296174049377,491a8657f8a603d61a9c5c67b2c84e97d9a79fa461e533a87cfa06dc44de2e3b
3,deep,7,1000,800,200,10000,10000,0.5,744,51260911,51760911,1051760911,2051260911,3051260911,0.1522521694320934,1.5959564302120601,1.5914846910019058,0.0066198027370663395,2.5470769271352225,-0.010436604089428477,0.008173722405910286,2.5328235216934316,-4.440892098500626e-16,5.273567413865976e-07,5208,0.005,1,1,0.8509646058082581,1.0,-0.14903539419174194,0.14903539419174194,-0.9688684344291687,-1.0,0.0311315655708313,0.0311315655708313,0.2556920386220054,0.828041113785049,0.8406696700976245,0.830216646194458,e763d432d7d710482918976bdf1b6eefcc8da4646c44c80ff4afb78d4797524d
3,deep,7,1000,800,200,10000,10000,0.5,745,51260911,51760911,1051760911,2051260911,3051260911,0.15097969699612412,1.5701706330185552,1.570579039550359,0.006512840606121526,2.46543581679389,-0.0026150689625420993,0.002115795532171466,2.4667185194749277,4.440892098500626e-16,4.978901309016237e-07,5215,0.005,1,1,0.8522046208381653,1.0,-0.14779537916183472,0.14779537916183472,-0.9691553115844727,-1.0,0.030844688415527344,0.030844688415527344,0.2397131792609338,0.8027794392019336,0.8344614432993666,0.805107593536377,e550b08f735e547c361f1208f85b9c575ce9a83c70d367d400484033124e8c17
3,deep,7,1000,800,200,10000,10000,0.5,746,51260911,51760911,1051760911,2051260911,3051260911,0.14910992562625117,1.554529810867311,1.553515903010485,0.006100021243799187,2.4165629328751574,-0.004625646606237167,0.003818646418291696,2.4134116609064824,0.0,5.438346395436611e-07,5222,0.005,1,1,0.8545029163360596,1.0,-0.14549708366394043,0.14549708366394043,-0.9673753380775452,-1.0,0.032624661922454834,0.032624661922454834,0.24486999340845572,0.8051869959439132,0.8310280281130985,0.8105576038360596,9c40170d253db52c079d800b639c9f001899ad4349c5a9db007c21e9132a0eb6
3,deep,7,1000,800,200,10000,10000,0.5,747,51260911,51760911,1051760911,2051260911,3051260911,0.1497046643671327,1.626431703011485,1.6203757585288365,0.005790434896637009,2.6452800845608393,-0.012726460314787106,0.009600997198212207,2.625617598827902,0.0,5.437510459671557e-07,5229,0.005,1,1,0.8546882271766663,1.0,-0.14531177282333374,0.14531177282333374,-0.9640003442764282,-1.0,0.03599965572357178,0.03599965572357178,0.2805113179075613,0.8220464923635555,0.8506156143921632,0.822496771812439,6e6a68d879068be72dbf5c4f88e8c4a6422518ebc130dac820866af9ddded391
3,deep,7,1000,800,200,10000,10000,0.5,748,51260911,51760911,1051760911,2051260911,3051260911,0.1495078367530164,1.5938324906732533,1.589138924722371,0.005711897476112579,2.540302008325706,-0.010325691867022176,0.008111261170641796,2.525362522067774,-4.440892098500626e-16,5.301130006074573e-07,5236,0.005,1,1,0.8550295233726501,1.0,-0.14497047662734985,0.14497047662734985,-0.9634465575218201,-1.0,0.03655344247817993,0.03655344247817993,0.2672531973047765,0.8118258593358613,0.8417416661154079,0.8133555054664612,c32c933fe5be89661603b28768866b4d387db9c328655f2d044cef5f716ba1ea
3,deep,7,1000,800,200,10000,10000,0.5,749,51260911,51760911,1051760911,2051260911,3051260911,0.14869274000249083,1.5912422715995738,1.5843993752803809,0.005657767930604672,2.532051966925372,-0.013694177233557737,0.010792548135403616,2.510321380388861,0.0,5.22244427259011e-07,5243,0.005,1,1,0.8558005690574646,1.0,-0.1441994309425354,0.1441994309425354,-0.9637225270271301,-1.0,0.03627747297286987,0.03627747297286987,0.2734304795631522,0.8245746977705424,0.8420967760111349,0.8282207250595093,8a0fb62eac9fe9a19a86ed2e4301f456973831d84d6b1f0883d2d88d9cc64242
3,deep,7,1000,800,200,10000,10000,0.5,750,51260911,51760911,1051760911,2051260911,3051260911,0.14832542947945349,1.5910678965339902,1.5851643642570858,0.005669613356275637,2.531497051381096,-0.012210301513400464,0.009625147360718915,2.512746061710571,0.0,5.158613038958038e-07,5250,0.005,1,1,0.8560615181922913,1.0,-0.14393848180770874,0.14393848180770874,-0.9641929268836975,-1.0,0.03580707311630249,0.03580707311630249,0.26458775707794785,0.825196020489633,0.841594017239194,0.8269698619842529,d50b88ffc11bddb9280838bb4b5b21f20581d94138db5e64ae65ad6b3eb62a6e
3,deep,7,1000,800,200,10000,10000,0.5,751,51260911,51760911,1051760911,2051260911,3051260911,0.14655738591362408,1.6300228272011799,1.6243337895103955,0.005491494520442305,2.656974417196927,-0.012002825986083895,0.009016322750469857,2.6384602597452016,-4.440892098500626e-16,5.205755755355312e-07,5257,0.005,1,1,0.8578835129737854,1.0,-0.1421164870262146,0.1421164870262146,-0.9641953706741333,-1.0,0.0358046293258667,0.0358046293258667,0.31344417136913577,0.8218591900183861,0.8512122004991043,0.8219035863876343,7dbc36a813de27838e8e7f002ed3c0f79ac5f0de466013bcbf88fe67e5e1b73d
3,deep,7,1000,800,200,10000,10000,0.5,752,51260911,51760911,1051760911,2051260911,3051260911,0.14761006337045235,1.5947157426156162,1.585438377163981,0.005610955150950688,2.543118299746076,-0.01755720355633455,0.01377722135264139,2.513614847784358,0.0,5.591951701688913e-07,5264,0.005,1,1,0.8567655086517334,1.0,-0.1432344913482666,0.1432344913482666,-0.9643263220787048,-1.0,0.035673677921295166,0.035673677921295166,0.2930354148906256,0.8288539796385246,0.8471610401775194,0.8341333866119385,7dcc244329bf657f33ba16e2e358c301934647817072d0a89940aed9f515f39f
3,deep,7,1000,800,200,10000,10000,0.5,753,51260911,51760911,1051760911,2051260911,3051260911,0.1509632850613057,1.5456400099807759,1.5448008448690786,0.0062242995982351775,2.3890030404533733,-0.004408844871694531,0.0036813581725395105,2.3864096503082193,0.0,5.343541520375084e-07,5271,0.005,1,1,0.852749764919281,1.0,-0.147250235080719,0.147250235080719,-0.966724157333374,-1.0,0.03327584266662598,0.03327584266662598,0.2423439594583251,0.8007410258595258,0.8304218626968439,0.8041414618492126,741234bfafa68ac72f8bffcd2e1cbad406e8d7b3f9ff6c4ca5be1ab67bd12f68
3,deep,7,1000,800,200,10000,10000,0.5,754,51260911,51760911,1051760911,2051260911,3051260911,0.1508798731920584,1.540503899494804,1.5432991385915449,0.006527917302844915,2.3731522643586973,0.00104602475793133,-0.0008791305369454929,2.3817722311774046,-4.440892098500626e-16,5.353736138857812e-07,5278,0.005,1,1,0.8522616624832153,1.0,-0.14773833751678467,0.14773833751678467,-0.9693712592124939,-1.0,0.030628740787506104,0.030628740787506104,0.24433580580046546,0.8094834973175982,0.829200847587966,0.8134167194366455,23f59c6ae1f91b2eb4ac2d24da3c5e11a0473dade0d0e936a0fba944a241ea0f
3,deep,7,1000,800,200,10000,10000,0.5,755,51260911,51760911,1051760911,2051260911,3051260911,0.15075903198770083,1.5485951375863263,1.548886694043673,0.0065076605538974,2.398146900156013,-0.0028022848621859883,0.0023307171915442925,2.3990499909855383,0.0,5.123918267457839e-07,5285,0.005,1,1,0.8523967862129211,1.0,-0.14760321378707886,0.14760321378707886,-0.9693148732185364,-1.0,0.030685126781463623,0.030685126781463623,0.2372856541013917,0.809308894367615,0.831679334754512,0.812226414680481,73b6cc55a45e430a1d96b6a5cf550a644b1b2985cf976c8f9eca5b79fe90a5f3
3,deep,7,1000,800,200,10000,10000,0.5,756,51260911,51760911,1051760911,2051260911,3051260911,0.15293513101298598,1.553158993014405,1.551800117519748,0.006703313366779361,2.4123028575815204,-0.005461283106997972,0.004515311430443385,2.4080836047343035,-4.440892098500626e-16,5.687043511670709e-07,5292,0.005,1,1,0.8502553701400757,1.0,-0.14974462985992432,0.14974462985992432,-0.9689242839813232,-1.0,0.031075716018676758,0.031075716018676758,0.2386853598459485,0.806637810092964,0.8327451807255638,0.811775803565979,a29aff038ed6af011b6b38d01c0d52be0fdcdae737226f9ca686ddc9c2499236
3,deep,7,1000,800,200,10000,10000,0.5,757,51260911,51760911,1051760911,2051260911,3051260911,0.1536591010750314,1.5824333776711628,1.5787068746364141,0.006790075525437405,2.5040953947677647,-0.009285037134464096,0.0073958268860266725,2.4923153960242743,4.440892098500626e-16,5.355647623161985e-07,5299,0.005,1,1,0.8495078086853027,1.0,-0.15049219131469727,0.15049219131469727,-0.9689642190933228,-1.0,0.031035780906677246,0.031035780906677246,0.23516544369874987,0.8112218169304733,0.8395839109526587,0.8135757446289062,a5fdc1b7e5fa07861fb503590c6828251b51a116e2180b0a327d48da2476dde7
3,deep,7,1000,800,200,10000,10000,0.5,758,51260911,51760911,1051760911,2051260911,3051260911,0.15388207516651262,1.5450906145799612,1.543711821985411,0.007166116447395814,2.3873050072630826,-0.005712467186480665,0.004771381145435249,2.383046189337517,0.0,5.439336643320303e-07,5306,0.005,1,1,0.8487401604652405,1.0,-0.15125983953475952,0.15125983953475952,-0.9717130064964294,-1.0,0.028286993503570557,0.028286993503570557,0.23419768780459427,0.805424157681889,0.8286534651728865,0.8081650733947754,332f412313ec34f5bb2c06f2551d7e64b2fd3ee8de86e4d7e54600b604c3a00d
3,deep,7,1000,800,200,10000,10000,0.5,759,51260911,51760911,1051760911,2051260911,3051260911,0.15194381527422005,1.582519090162091,1.5823179177042326,0.0071938582659751,2.504366670727452,-0.003915268152784172,0.0031177971684029585,2.5037299926878585,-4.440892098500626e-16,5.277722650021133e-07,5313,0.005,1,1,0.8503585457801819,1.0,-0.14964145421981812,0.14964145421981812,-0.9736493229866028,-1.0,0.026350677013397217,0.026350677013397217,0.24386109512595744,0.809354427943319,0.8401653604650273,0.810359537601471,7e9b7c2f53a2c9292c1f883621e700a897d65b9b1eb7104999b08db41436ef92
3,deep,7,1000,800,200,10000,10000,0.5,760,51260911,51760911,1051760911,2051260911,3051260911,0.14990574770698692,1.5584893428817201,1.5563529903477058,0.006978711742236985,2.4288890318758956,-0.006816556526943501,0.005596819896977233,2.4222346305642457,4.440892098500626e-16,4.983353179000005e-07,5320,0.005,1,1,0.8523973822593689,1.0,-0.1476026177406311,0.1476026177406311,-0.9738236665725708,-1.0,0.0261763334274292,0.0261763334274292,0.2536484635890642,0.8113692022967907,0.8377803749138024,0.8172012567520142,7c1644faa5a37a0bebf3db8c988619a359765fc38d4bbcf7084b6a4cb1a9c6b3
3,deep,7,1000,800,200,10000,10000,0.5,761,51260911,51760911,1051760911,2051260911,3051260911,0.14772620997733057,1.5651873487811947,1.570475516399665,0.006661620363462324,2.4498114367847053,0.004960145231313216,-0.004038428361247061,2.4663933476107944,4.440892098500626e-16,5.349280378652566e-07,5327,0.005,1,1,0.8547068238258362,1.0,-0.14529317617416382,0.14529317617416382,-0.9732993245124817,-1.0,0.02670067548751831,0.02670067548751831,0.27442589689400987,0.8119613602705535,0.838527969319461,0.8137490749359131,91e74fed5a04afebe6b170cdf60cca9a1dd73abd75f1c738e97312a5f35bda4a
3,deep,7,1000,800,200,10000,10000,0.5,762,51260911,51760911,1051760911,2051260911,3051260911,0.14671510725252854,1.560445522843866,1.5611470281986246,0.006254634822460127,2.4349902297634665,-0.002032410466264437,0.0016650607202478769,2.4371800436533975,-4.440892098500626e-16,4.789673120342286e-07,5334,0.005,1,1,0.8561981916427612,1.0,-0.14380180835723877,0.14380180835723877,-0.9709076881408691,-1.0,0.02909231185913086,0.02909231185913086,0.2523341180217534,0.8151268258906391,0.8330903452203278,0.8174729347229004,88c080b1e8e2e2b2eee96d03926b32e825315be17719c123c414607a36077f97
3,deep,7,1000,800,200,10000,10000,0.5,763,51260911,51760911,1051760911,2051260911,3051260911,0.1490454966382869,1.5596291201802241,1.5607887131598592,0.006191165401542921,2.4324429925141398,-0.0012863753942367571,0.0010549966177265647,2.4360614071272093,0.0,5.373537455000132e-07,5341,0.005,1,1,0.8543804883956909,1.0,-0.14561951160430908,0.14561951160430908,-0.9682270884513855,-1.0,0.0317729115486145,0.0317729115486145,0.24491060703521697,0.7976308678442945,0.8337740098944165,0.8010505437850952,04d33bf3de2013fe14d506c9ab0662ca62383127fe08ee90d7dea21271960960
3,deep,7,1000,800,200,10000,10000,0.5,764,51260911,51760911,1051760911,2051260911,3051260911,0.15157237389703043,1.5710359149017818,1.5721461407918023,0.0064300940029050225,2.468153845911279,-0.0014702259538133748,0.001188261129557287,2.471643488006557,0.0,5.303593511030158e-07,5348,0.005,1,1,0.8518617153167725,1.0,-0.14813828468322754,0.14813828468322754,-0.967918336391449,-1.0,0.032081663608551025,0.032081663608551025,0.23737091047250708,0.8088695608741253,0.8369800405764727,0.8116930723190308,5b58558b91672a7120604947acafe92e9a9d6112e2cd09e4b0f1fe42b97a95c6
3,deep,7,1000,800,200,10000,10000,0.5,765,51260911,51760911,1051760911,2051260911,3051260911,0.15247152495146485,1.576293939259729,1.5759822457062795,0.0065039333576388915,2.4847025829469542,-0.0037432387615923893,0.0030051613441867808,2.4837200387814082,-4.440892098500626e-16,5.271492415914736e-07,5355,0.005,1,1,0.8509877920150757,1.0,-0.14901220798492432,0.14901220798492432,-0.9677056074142456,-1.0,0.032294392585754395,0.032294392585754395,0.23694536583626635,0.8088970491314039,0.8375313424752956,0.8158700466156006,1adc004c0926de430b2e1e08c73048dbf159dc3af5788abb8874e051a9b10c6e
3,deep,7,1000,800,200,10000,10000,0.5,766,51260911,51760911,1051760911,2051260911,3051260911,0.15174048872103071,1.5867938737722191,1.5871499848776507,0.006738595101449434,2.517914797841045,-0.002804159222683636,0.0022214211507389347,2.519045074497127,0.0,5.61848187530245e-07,5362,0.005,1,1,0.8511947393417358,1.0,-0.14880526065826416,0.14880526065826416,-0.9702986478805542,-1.0,0.0297013521194458,0.0297013521194458,0.2434798188305666,0.8156366216749614,0.8400380922173288,0.817415714263916,7e61d260985afda51c8066eb612e849e2946136b6b5874912fbc351144255ffa
3,deep,7,1000,800,200,10000,10000,0.5,767,51260911,51760911,1051760911,2051260911,3051260911,0.15113777570450612,1.5909149782030128,1.5920462613374493,0.007064993467282684,2.5310104678706926,-0.0017320815497126525,0.0013648778975228466,2.53461129823855,-4.440892098500626e-16,5.389787478549124e-07,5369,0.005,1,1,0.8512234091758728,1.0,-0.1487765908241272,0.1487765908241272,-0.9733888506889343,-1.0,0.026611149311065674,0.026611149311065674,0.24585677464509742,0.8153711457100098,0.8415197803822876,0.8193345069885254,1e28b39df4e593e19cedc854d2963bbf1f6efbb9763605032b741ac4d460c23c
3,deep,7,1000,800,200,10000,10000,0.5,768,51260911,51760911,1051760911,2051260911,3051260911,0.14735453269750215,1.6267175422962472,1.6199760360698807,0.006780643595912283,2.6462099624143427,-0.014334124284785725,0.01080601209240039,2.6243223574406835,0.0,5.766352693115095e-07,5376,0.005,1,1,0.8548581600189209,1.0,-0.1451418399810791,0.1451418399810791,-0.9745597839355469,-1.0,0.025440216064453125,0.025440216064453125,0.25917750775031556,0.8257425004902939,0.850723764720293,0.8309290409088135,4acc1f5c8714d1b4e995cd8533370426f1dd00d266d964fd9d659d23828d9673
3,deep,7,1000,800,200,10000,10000,0.5,769,51260911,51760911,1051760911,2051260911,3051260911,0.1467968095986922,1.6107857172127806,1.6068442998917696,0.006812166347697871,2.5946306267766923,-0.009747094514859783,0.007493606655984395,2.581948604094671,4.440892098500626e-16,5.208808637746642e-07,5383,0.005,1,1,0.8552969098091125,1.0,-0.14470309019088745,0.14470309019088745,-0.97529536485672,-1.0,0.02470463514328003,0.02470463514328003,0.24992104507950777,0.8209448698538037,0.8488686490403379,0.8220192193984985,0d06c5e6458bf71deb655b899f4c123131e86addc293814745ec17e59df392ec
3,deep,7,1000,800,200,10000,10000,0.5,770,51260911,51760911,1051760911,2051260911,3051260911,0.1504476650335642,1.5913432813596682,1.5861654804136482,0.006988209585626803,2.5323734391285564,-0.011720358729162106,0.009230948837158946,2.5159209312558595,4.440892098500626e-16,5.474934123839148e-07,5390,0.005,1,1,0.8519197702407837,1.0,-0.1480802297592163,0.1480802297592163,-0.9734153151512146,-1.0,0.0265846848487854,0.0265846848487854,0.24950841021053718,0.8109576924047537,0.8438945844624297,0.8124918937683105,d4d2c0b9029c2d224731dfb2575c803882d3dcbe5fdf8f18b8bbf7baf14bf0d2
3,deep,7,1000,800,200,10000,10000,0.5,771,51260911,51760911,1051760911,2051260911,3051260911,0.15314008690566935,1.6362473375877031,1.6311168716486601,0.007568220041115613,2.6773053497628467,-0.012165660413525452,0.009062371167379577,2.6605422489769115,0.0,6.2150042268172e-07,5397,0.005,1,1,0.8488559126853943,1.0,-0.1511440873146057,0.1511440873146057,-0.9753555059432983,-1.0,0.02464449405670166,0.02464449405670166,0.2512405968975547,0.8183018145670107,0.850823359025607,0.8220916986465454,cf6691687f851e985e0a3fada7460de1e124fa1762a32dcfc42ec61173b49c03
3,deep,7,1000,800,200,10000,10000,0.5,772,51260911,51760911,1051760911,2051260911,3051260911,0.15100162643154283,1.6229536338888673,1.614500974834057,0.007130449422696084,2.633978497753079,-0.01724777471782724,0.01306100964617219,2.6066133977401207,0.0,5.392849509178177e-07,5404,0.005,1,1,0.8512526154518127,1.0,-0.14874738454818726,0.14874738454818726,-0.9740056395530701,-1.0,0.02599436044692993,0.02599436044692993,0.2625313359054533,0.8256911325648602,0.8516524515306679,0.8272527456283569,5d6b422099071e12635517c06b8b516ba16ac034cfb0f3cca47893d590293304
3,deep,7,1000,800,200,10000,10000,0.5,773,51260911,51760911,1051760911,2051260911,3051260911,0.1566735743628698,1.6064774264384785,1.6079278490577873,0.008077120983234482,2.580769721656397,-0.001707437432014665,0.001319071799762193,2.585431967775602,0.0,5.618600802392848e-07,5411,0.005,1,1,0.8451947569847107,1.0,-0.1548052430152893,0.1548052430152893,-0.9758764505386353,-1.0,0.024123549461364746,0.024123549461364746,0.2566257927602754,0.8188393010941388,0.845431107262773,0.8202295303344727,c2ed2a926ace49cc790aa2612107548cba6c3976181d8116ab20e258b322b69f
3,deep,7,1000,800,200,10000,10000,0.5,774,51260911,51760911,1051760911,2051260911,3051260911,0.16043847292865238,1.5867192675049127,1.587013850960723,0.008182038251018452,2.5176780338713263,-0.0036235544905805256,0.0028691648682944238,2.5186129631411838,0.0,6.157462841827055e-07,5418,0.005,1,1,0.841796338558197,1.0,-0.15820366144180298,0.15820366144180298,-0.9733147025108337,-1.0,0.02668529748916626,0.02668529748916626,0.24198780941797662,0.8063749335168757,0.8400651185969509,0.8081267476081848,2213294e04996f9589a213ae6b802f340945af78b24feb069fb1eb2e22434d6a
3,deep,7,1000,800,200,10000,10000,0.5,775,51260911,51760911,1051760911,2051260911,3051260911,0.16416510761770722,1.5601325670506907,1.558936890267783,0.008430544952854703,2.434013626772178,-0.006079971943623681,0.004978596451872683,2.4302842278377854,4.440892098500626e-16,5.364424602305462e-07,5425,0.005,1,1,0.8382823467254639,1.0,-0.16171765327453613,0.16171765327453613,-0.9717584848403931,-1.0,0.028241515159606934,0.028241515159606934,0.2519994513099844,0.8103521741124569,0.8352978744912564,0.8146710395812988,523ae0c7c1ac694f8f1172bcc5313c2d50996bd177d9f38489731551e1f1d10c
3,deep,7,1000,800,200,10000,10000,0.5,776,51260911,51760911,1051760911,2051260911,3051260911,0.1667157881610937,1.5994505159713028,1.6047210870295847,0.008853903916313362,2.558241953040867,0.004016955100116319,-0.0031295715656505943,2.5751297671574123,-8.881784197001252e-16,5.492843015986182e-07,5432,0.005,1,1,0.8355848789215088,1.0,-0.1644151210784912,0.1644151210784912,-0.9723988771438599,-1.0,0.027601122856140137,0.027601122856140137,0.2649466259513716,0.8167075302768797,0.8438237102506413,0.8164935111999512,1fc7bfeb824846041ca576b88e1db29f536164c6f63400459502460c9aa27466
3,deep,7,1000,800,200,10000,10000,0.5,777,51260911,51760911,1051760911,2051260911,3051260911,0.16689274166105503,1.5682288287156225,1.5721204480788924,0.008879023657134551,2.4593416592147737,0.001671010197934556,-0.0013540200919070538,2.4715627032677774,4.440892098500626e-16,5.599146994939019e-07,5439,0.005,1,1,0.8354032635688782,1.0,-0.16459673643112183,0.16459673643112183,-0.9724119305610657,-1.0,0.027588069438934326,0.027588069438934326,0.2578051992140598,0.8128616315837063,0.8370012512619763,0.8142291307449341,63b667b6c5b53036c7d1032c0c34749c774eb05d533e6162a4129aa0af5b9ce1
3,deep,7,1000,800,200,10000,10000,0.5,778,51260911,51760911,1051760911,2051260911,3051260911,0.16401496376552133,1.5885328417864966,1.5908017128702576,0.008411222642153715,2.5234365894342825,-0.0005988612027455293,0.0004730625592020771,2.5306500896709454,0.0,5.107194827047579e-07,5446,0.005,1,1,0.8384349942207336,1.0,-0.16156500577926636,0.16156500577926636,-0.971757173538208,-1.0,0.028242826461791992,0.028242826461791992,0.2704434855227828,0.8112491363361974,0.8426675867124981,0.8135888576507568,777d18cdf0d47b3c5d5775dc67a9047fd66bf9198631732eedc6b9ba8b2087f6
3,deep,7,1000,800,200,10000,10000,0.5,779,51260911,51760911,1051760911,2051260911,3051260911,0.1620312530297645,1.5804083955289494,1.5841243718195068,0.008314592499549621,2.4976906966583883,0.0017223681173043467,-0.001374592563516171,2.509450025392547,0.0,5.674819778533902e-07,5453,0.005,1,1,0.8402618169784546,1.0,-0.1597381830215454,0.1597381830215454,-0.9728367924690247,-1.0,0.027163207530975342,0.027163207530975342,0.25520793813562326,0.8114189072547913,0.8392027992340793,0.8141604661941528,249ae43a41537f16faef7b444ffd9b91a59dc79bb09c01a087e71b641b81cefb
3,deep,7,1000,800,200,10000,10000,0.5,780,51260911,51760911,1051760911,2051260911,3051260911,0.1622094309786482,1.5598807573013724,1.5598420553292354,0.008255624675820087,2.433227976999103,-0.004188182050594584,0.0034308500353812566,2.4331072375737337,0.0,5.892112842076358e-07,5460,0.005,1,1,0.8401786684989929,1.0,-0.15982133150100708,0.15982133150100708,-0.9722684025764465,-1.0,0.027731597423553467,0.027731597423553467,0.2455023227243729,0.8172502604762648,0.8322158345605544,0.8202346563339233,9ccc8c6c2f36b1718686da46bef548697ae14c9db713102083c0d409014998db
3,deep,7,1000,800,200,10000,10000,0.5,781,51260911,51760911,1051760911,2051260911,3051260911,0.16350082625080037,1.5723415766176223,1.5729614050752554,0.008184934287448771,2.4722580335603905,-0.0031176929957585533,0.0025138195364061327,2.4742075818563216,-4.440892098500626e-16,5.583183178003992e-07,5467,0.005,1,1,0.8391598463058472,1.0,-0.16084015369415283,0.16084015369415283,-0.9706237316131592,-1.0,0.02937626838684082,0.02937626838684082,0.23490411216185086,0.8040262558550004,0.836705381006351,0.805626392364502,9afc96b4f372839b3c04201fc66a2e4f5ea2ec82b5296fb46457dc4571cb0b34
3,deep,7,1000,800,200,10000,10000,0.5,782,51260911,51760911,1051760911,2051260911,3051260911,0.1656145790769763,1.5785924343229822,1.5755161254231598,0.00843200182951185,2.491954073701759,-0.009067507031432559,0.007252885560487642,2.4822510614684057,0.0,5.261499573805395e-07,5474,0.005,1,1,0.8370370864868164,1.0,-0.1629629135131836,0.1629629135131836,-0.970482587814331,-1.0,0.029517412185668945,0.029517412185668945,0.23367599568609562,0.816381615265445,0.8387040479157662,0.8179435729980469,84eeca073b44e2e877eb02136dc3162a75ae5fd7415e4dbf5a7603ad9cc36b04
3,deep,7,1000,800,200,10000,10000,0.5,783,51260911,51760911,1051760911,2051260911,3051260911,0.1668180770470634,1.6329076340819924,1.6231678617359346,0.00853971932115706,2.66638734144325,-0.02012657669600031,0.015048318132643804,2.6346739073724064,0.0,5.669257348017709e-07,5481,0.005,1,1,0.8358721137046814,1.0,-0.1641278862953186,0.1641278862953186,-0.9701619744300842,-1.0,0.02983802556991577,0.02983802556991577,0.2686753139304096,0.8262388813958232,0.8514246020509306,0.8283389806747437,c98e4286ff136c337d464fc3a3bf185663628bcaa484cffb8479f85eca0579d4
3,deep,7,1000,800,200,10000,10000,0.5,784,51260911,51760911,1051760911,2051260911,3051260911,0.16726141144016815,1.6223569301422842,1.6135946572027486,0.008759999478629746,2.6320420087806964,-0.018557145253035257,0.014054173841883075,2.603687717753256,4.440892098500626e-16,5.774756672849435e-07,5488,0.005,1,1,0.8352221846580505,1.0,-0.16477781534194946,0.16477781534194946,-0.9712832570075989,-1.0,0.028716742992401123,0.028716742992401123,0.25400980989231586,0.8370176008026519,0.8522918980866739,0.8380584716796875,61da8b14a177fa4aaaa9d76be12bdc7b73caf3b690b87800af6d139ff567965c
3,deep,7,1000,800,200,10000,10000,0.5,785,51260911,51760911,1051760911,2051260911,3051260911,0.16674471106064942,1.6185579748590129,1.6108511881078176,0.008642665411305412,2.6197299179797087,-0.016765516581323362,0.012757336374048774,2.5948415502283675,4.440892098500626e-16,5.704139720563717e-07,5495,0.005,1,1,0.8358073234558105,1.0,-0.16419267654418945,0.16419267654418945,-0.9709386229515076,-1.0,0.02906137704849243,0.02906137704849243,0.24951934003819448,0.8271956697271239,0.8481884419350856,0.8275510668754578,8dd35dc117de6e3044b73ee1da70f48908521a856e1349d5ad80ee8859185dcb
3,deep,7,1000,800,200,10000,10000,0.5,786,51260911,51760911,1051760911,2051260911,3051260911,0.16673532044371556,1.591460480454024,1.5873312432132487,0.008305320272259336,2.532746460846953,-0.010715652719147465,0.008434029403704421,2.5196204756809175,0.0,5.663696871494039e-07,5502,0.005,1,1,0.8362510204315186,1.0,-0.16374897956848145,0.16374897956848145,-0.968584418296814,-1.0,0.031415581703186035,0.031415581703186035,0.24711547196210223,0.8232579761630606,0.8400387225208229,0.8238753080368042,b6abd93ca19cae0619f231e3a2a8081ab7636713820933206c68f37dec244195
3,deep,7,1000,800,200,10000,10000,0.5,787,51260911,51760911,1051760911,2051260911,3051260911,0.16518174314173306,1.6027436388096263,1.596253175307141,0.007830343702636102,2.568787171744722,-0.014296657884614046,0.011097229448222414,2.54802419967813,0.0,5.566904093257108e-07,5509,0.005,1,1,0.8382478952407837,1.0,-0.1617521047592163,0.1617521047592163,-0.9665147066116333,-1.0,0.0334852933883667,0.0334852933883667,0.25926596862631457,0.8171004965531946,0.8451552990203359,0.8178262710571289,5e84711189cb5dcb61ed11f0e300bcf92cd4d83d84443cfd9a580ddcc617607b
3,deep,7,1000,800,200,10000,10000,0.5,788,51260911,51760911,1051760911,2051260911,3051260911,0.16523354587036426,1.6195835020042597,1.6145670443831963,0.007698624292985494,2.623050719964382,-0.011961301724538584,0.009093456015221497,2.60682674080829,0.0,5.038595656259304e-07,5516,0.005,1,1,0.8384153246879578,1.0,-0.16158467531204224,0.16158467531204224,-0.9654671549797058,-1.0,0.03453284502029419,0.03453284502029419,0.24832374542467256,0.8188172731449112,0.8472320018419057,0.8199876546859741,ac982a9625764ada98b1e362544c845ce2e0497172a25680948568386147b5c7
3,deep,7,1000,800,200,10000,10000,0.5,789,51260911,51760911,1051760911,2051260911,3051260911,0.1672864268112416,1.614579145157474,1.6105698600779956,0.008048678527809624,2.6068658159774394,-0.010489610156797245,0.008022908725190969,2.5939352741916544,0.0,5.902101065657916e-07,5523,0.005,1,1,0.8361600637435913,1.0,-0.1638399362564087,0.1638399362564087,-0.9662179946899414,-1.0,0.033782005310058594,0.033782005310058594,0.24615853263242696,0.824086913968582,0.8468049175111124,0.8243741989135742,b13b1338f5f42f386b05b9ce05385ed0e0cf10eb7091ec4eb35fcc5884f91ce0
3,deep,7,1000,800,200,10000,10000,0.5,790,51260911,51760911,1051760911,2051260911,3051260911,0.17032844655497023,1.6004385086856245,1.5992535457375037,0.00847531115813117,2.5614034200838662,-0.00613341384400957,0.004773309938282847,2.557611903553978,0.0,5.35445865423867e-07,5530,0.005,1,1,0.8329882621765137,1.0,-0.16701173782348633,0.16701173782348633,-0.9665506482124329,-1.0,0.03344935178756714,0.03344935178756714,0.2343637267547862,0.8174807696599268,0.842518915162548,0.8226838111877441,d7636e5b260dcd6b078ad9d1a52847777c5c56d4adb21485638a0583b33a2982
3,deep,7,1000,800,200,10000,10000,0.5,791,51260911,51760911,1051760911,2051260911,3051260911,0.17254752083679423,1.5706552086333492,1.572842118621032,0.00876245948241111,2.46695778440707,-0.0009439568905922084,0.0007625715328071194,2.4738323301082965,0.0,5.520913752832257e-07,5537,0.005,1,1,0.8307216167449951,1.0,-0.16927838325500488,0.16927838325500488,-0.9665713310241699,-1.0,0.03342866897583008,0.03342866897583008,0.2447724879818607,0.8185555441329982,0.8373657293525152,0.8202387094497681,de3e0b0096d5d8b24955f581cb28ebb397b2b9be8ee77d52a6940bc13b492ae4
3,deep,7,1000,800,200,10000,10000,0.5,792,51260911,51760911,1051760911,2051260911,3051260911,0.17112352289686183,1.6008656367970124,1.6036085090247412,0.008429917371998384,2.562770787077504,0.00017977288352558781,-0.0001398357453889057,2.5715602502165535,0.0,5.14344659308108e-07,5544,0.005,1,1,0.8323904275894165,1.0,-0.1676095724105835,0.1676095724105835,-0.9654994010925293,-1.0,0.0345005989074707,0.0345005989074707,0.24797900110729096,0.8280496637364894,0.8447392635165457,0.8304885625839233,20fbdf45fd7383bdd68cb20564e07fd604329c23c343c2b2efb0f521f2f5ebfd
3,deep,7,1000,800,200,10000,10000,0.5,793,51260911,51760911,1051760911,2051260911,3051260911,0.17144841761226545,1.564238002706177,1.5642872720331449,0.008406986020501507,2.4468405291102098,-0.004126422842906475,0.0033613090472361553,2.4469946694448983,0.0,5.222171601815262e-07,5551,0.005,1,1,0.8321546912193298,1.0,-0.16784530878067017,0.16784530878067017,-0.9650355577468872,-1.0,0.03496444225311279,0.03496444225311279,0.24875034351727693,0.8172477356271844,0.8320363226174624,0.8213902115821838,d9d213ad59b7a109dca0feb234c71b67ce96cd62ed27697a5ce3712d1d402c6e
3,deep,7,1000,800,200,10000,10000,0.5,794,51260911,51760911,1051760911,2051260911,3051260911,0.17262130278933996,1.5825983016678087,1.583424209186841,0.008875611619055937,2.5046173844418322,-0.003130384910957742,0.0024908642402136296,2.5072322262389726,0.0,5.086559689004844e-07,5558,0.005,1,1,0.8305056095123291,1.0,-0.1694943904876709,0.1694943904876709,-0.9672927260398865,-1.0,0.032707273960113525,0.032707273960113525,0.24277158310739655,0.8155886801381973,0.8405611916320344,0.8161017894744873,07e71d706e386e1a3f22e4e43a8d1cd288179cae0be7a86b10aa897ca1ed7819
3,deep,7,1000,800,200,10000,10000,0.5,795,51260911,51760911,1051760911,2051260911,3051260911,0.1726027997805731,1.5695795409503925,1.5685691671877522,0.008788222605384982,2.463579935370045,-0.005979462861675543,0.0048370327391467445,2.4604092322520787,0.0,5.232226740758961e-07,5565,0.005,1,1,0.8306396007537842,1.0,-0.16936039924621582,0.16936039924621582,-0.9667016267776489,-1.0,0.033298373222351074,0.033298373222351074,0.23807129594983054,0.8025401894528502,0.8362407238831784,0.8033244609832764,c649776dedcd20bcc1da5619b94844a8d8c360056371fb6ae1f167377ddf1ab6
3,deep,7,1000,800,200,10000,10000,0.5,796,51260911,51760911,1051760911,2051260911,3051260911,0.1714023929947879,1.5882072170119697,1.5890460396366644,0.008700854182772525,2.5224021641689056,-0.003017851133355249,0.0023846134364934337,2.5250673160849675,-4.440892098500626e-16,5.723073606134221e-07,5572,0.005,1,1,0.8317700624465942,1.0,-0.16822993755340576,0.16822993755340576,-0.9671751856803894,-1.0,0.032824814319610596,0.032824814319610596,0.23672681478529867,0.8145787477969515,0.840913824713177,0.8178136348724365,8509d29e5d3fc6d5fb2f4fc10f663038d8aae5ae0dc91adc63ba7e5c6fd27dfe
3,deep,7,1000,800,200,10000,10000,0.5,797,51260911,51760911,1051760911,2051260911,3051260911,0.17136179102862015,1.5741674848204272,1.5736873782881977,0.008842813443026377,2.4780032702658703,-0.005177059562657548,0.0041635544689090295,2.4764919645835812,-4.440892098500626e-16,5.713791821904124e-07,5579,0.005,1,1,0.8316149115562439,1.0,-0.1683850884437561,0.1683850884437561,-0.9681986570358276,-1.0,0.03180134296417236,0.03180134296417236,0.23430392419389853,0.8087579525341094,0.8365559087656941,0.8107981085777283,f6ea351bf98078003d99c9aa774105895fe4d201afe413be72bf16932cce300c
3,deep,7,1000,800,200,10000,10000,0.5,798,51260911,51760911,1051760911,2051260911,3051260911,0.16975489500280694,1.6077616221112374,1.6016814690228194,0.008739659408171322,2.5848974335337576,-0.014126782365416077,0.010893414814169125,2.565383528211097,0.0,6.243256081006621e-07,5586,0.005,1,1,0.8331133723258972,1.0,-0.16688662767410278,0.16688662767410278,-0.9689262509346008,-1.0,0.03107374906539917,0.03107374906539917,0.23899196436802397,0.8285172937127671,0.8456652731806081,0.8313758373260498,f6c06512b62c286cdd483b2dfcdc73972d20309d8c9c79a04395111fe8311f27
3,deep,7,1000,800,200,10000,10000,0.5,799,51260911,51760911,1051760911,2051260911,3051260911,0.1671098333978735,1.615652532859127,1.6119681811999251,0.008514742318713499,2.610333106934112,-0.01020321602591521,0.007792141134756076,2.598441417200995,-4.440892098500626e-16,5.650363448239659e-07,5593,0.005,1,1,0.8356549739837646,1.0,-0.16434502601623535,0.16434502601623535,-0.9697277545928955,-1.0,0.030272245407104492,0.030272245407104492,0.22755153537691122,0.8187741727240379,0.8473088028277885,0.8197501301765442,fcb4c8b4cd715008d5ef5acb98e72af1c8d9f5270e5a0ad64c3752e0b21ee85f
3,deep,7,1000,800,200,10000,10000,0.5,800,51260911,51760911,1051760911,2051260911,3051260911,0.16552544715223322,1.6268469156307264,1.6210998146757336,0.008570124532278647,2.6466308868972077,-0.01361820114389414,0.01025775531515219,2.627964609141698,0.0,5.804067644277211e-07,5600,0.005,1,1,0.8369431495666504,1.0,-0.1630568504333496,0.1630568504333496,-0.9715195298194885,-1.0,0.028480470180511475,0.028480470180511475,0.23148148840449218,0.8317773943090717,0.8512332835787376,0.8337393999099731,34e21cfbda75f5a43ab77ae1b741f0eb8e23a72a7435a25dd74972f9caf3bba0
3,deep,7,1000,800,200,10000,10000,0.5,801,51260911,51760911,1051760911,2051260911,3051260911,0.1645358362230237,1.6016189575580169,1.5991615974527487,0.008396287152110724,2.5651832852092284,-0.00813087879685611,0.006318731221040721,2.557317814767627,0.0,5.450282980490329e-07,5607,0.005,1,1,0.838005781173706,1.0,-0.16199421882629395,0.16199421882629395,-0.9711917638778687,-1.0,0.028808236122131348,0.028808236122131348,0.23003854538336108,0.8153440183766396,0.8445448348201373,0.8154820203781128,6efc81c4334a1d9b7fcf7b178799b6c4fddaab5d65dc5ad2945df4a408e4d638
3,deep,7,1000,800,200,10000,10000,0.5,802,51260911,51760911,1051760911,2051260911,3051260911,0.16781463855264886,1.5960657168517185,1.5964601193833903,0.008763635284940974,2.54742577250939,-0.003752247506351202,0.0029358133594559552,2.5486849127816287,0.0,5.517530592413777e-07,5614,0.005,1,1,0.8347420692443848,1.0,-0.16525793075561523,0.16525793075561523,-0.9708183407783508,-1.0,0.02918165922164917,0.02918165922164917,0.23620042262533367,0.823745671890262,0.842901904378712,0.8267290592193604,97ab909fbeec5d33de1fc49a4d0b82459de234d75796cce2fef1e51f540cef8a
3,deep,7,1000,800,200,10000,10000,0.5,803,51260911,51760911,1051760911,2051260911,3051260911,0.17000513860368244,1.602689373683742,1.6098206781640585,0.009039008522002328,2.568613228518785,0.006935189401901107,-0.005381012459510743,2.5915226158445894,0.0,4.982874770576018e-07,5621,0.005,1,1,0.832531750202179,1.0,-0.16746824979782104,0.16746824979782104,-0.9707402586936951,-1.0,0.02925974130630493,0.02925974130630493,0.266858600928569,0.8310717308878705,0.8488615064167876,0.8304154872894287,f89158b4cdeaa7448903b5b7188b162e5b2ba4458701e0564c93d2dc7f074e6f
3,deep,7,1000,800,200,10000,10000,0.5,804,51260911,51760911,1051760911,2051260911,3051260911,0.17320963352341814,1.585238083859717,1.5856559231266163,0.009615692481156419,2.5129797825192277,-0.004145384226930959,0.0032866024441991254,2.514304706546522,-4.440892098500626e-16,5.11489421484157e-07,5628,0.005,1,1,0.8291176557540894,1.0,-0.17088234424591064,0.17088234424591064,-0.9717015624046326,-1.0,0.02829843759536743,0.02829843759536743,0.2507427231362041,0.8299560654566287,0.8436773645916695,0.8319697380065918,76f767effea8b1a6c5acbdcb66c10d1885b2fc341fa8f25379a3b3a257935ce5
3,deep,7,1000,800,200,10000,10000,0.5,805,51260911,51760911,1051760911,2051260911,3051260911,0.17400745212540156,1.6009549868619088,1.601265014508883,0.00963834982013088,2.563056869958015,-0.004322786544006366,0.003360511972637892,2.564049646690133,-4.440892098500626e-16,5.155682725188626e-07,5635,0.005,1,1,0.8284013867378235,1.0,-0.1715986132621765,0.1715986132621765,-0.9711467623710632,-1.0,0.028853237628936768,0.028853237628936768,0.22815355707597057,0.8280603132525856,0.8461334979008192,0.8298808336257935,ab7dcc7348d926e65ed26bf5285c06085b149640006a9602eab0779353fb0f09
3,deep,7,1000,800,200,10000,10000,0.5,806,51260911,51760911,1051760911,2051260911,3051260911,0.17238070834173988,1.5972685378647218,1.5977151140531243,0.009238552374797718,2.551266782052506,-0.0039058743767577384,0.003050862128066097,2.5526935856737882,0.0,5.116752213041309e-07,5642,0.005,1,1,0.8302555084228516,1.0,-0.16974449157714844,0.16974449157714844,-0.9699680805206299,-1.0,0.030031919479370117,0.030031919479370117,0.24080742824638166,0.8298083115837762,0.8426798342296202,0.8342108726501465,e640eb0d444864e29454ceedc22597c71a78640510f1dac5edbc3752f3e301d1
3,deep,7,1000,800,200,10000,10000,0.5,807,51260911,51760911,1051760911,2051260911,3051260911,0.17079064147129383,1.5930267723972595,1.5976858429239864,0.008974516609403347,2.53773429757443,0.0029456192479479486,-0.0023132752606363108,2.552600052679729,-4.440892098500626e-16,5.044754516347894e-07,5649,0.005,1,1,0.8319350481033325,1.0,-0.16806495189666748,0.16806495189666748,-0.9696089625358582,-1.0,0.030391037464141846,0.030391037464141846,0.2522579419881964,0.8245833511793965,0.8435779425513087,0.8249980807304382,19884f5ee47296177a0ed17982475724c944bcc7bf38093baf6e0928930d76d1
3,deep,7,1000,800,200,10000,10000,0.5,808,51260911,51760911,1051760911,2051260911,3051260911,0.1708056087145659,1.617984571192179,1.6183657501911946,0.008715272252070227,2.6178740726159395,-0.00374082173805101,0.0028484252746704053,2.6191077013919077,0.0,5.606202453378728e-07,5656,0.005,1,1,0.8322542905807495,1.0,-0.1677457094192505,0.1677457094192505,-0.9678140878677368,-1.0,0.032185912132263184,0.032185912132263184,0.23847780788914008,0.8397510400124911,0.8494389330554575,0.843367338180542,84dd876ffe210d70ed610231eb4362cded0cbce159961e329ae8e5ff05652485
3,deep,7,1000,800,200,10000,10000,0.5,809,51260911,51760911,1051760911,2051260911,3051260911,0.17204706302033543,1.6287015127355544,1.6245903521905012,0.008789101327838621,2.6526686175870835,-0.011081953242232582,0.008327731951909948,2.639293812430457,0.0,5.546526224975423e-07,5663,0.005,1,1,0.8311065435409546,1.0,-0.1688934564590454,0.1688934564590454,-0.9672098755836487,-1.0,0.03279012441635132,0.03279012441635132,0.23090366723930308,0.8274786042988994,0.8513414443044177,0.8292883634567261,98c2f243933270de2746d425b9a3f4c07cfbab653a8791d8adb4efc0327a3016
3,deep,7,1000,800,200,10000,10000,0.5,810,51260911,51760911,1051760911,2051260911,3051260911,0.1743036727901501,1.6110748377745991,1.606155835056598,0.009110122731144773,2.595562132910451,-0.012467844577618927,0.009573445987773833,2.579736566486358,0.0,5.003642300493993e-07,5670,0.005,1,1,0.8287742733955383,1.0,-0.17122572660446167,0.17122572660446167,-0.9673883318901062,-1.0,0.0326116681098938,0.0326116681098938,0.2407067060339265,0.8226000668081085,0.8459829710303091,0.8229726552963257,5a584550631503c8bd9ad1a5b27b20a4b713235aee8ab5243b43c239c14adf80
3,deep,7,1000,800,200,10000,10000,0.5,811,51260911,51760911,1051760911,2051260911,3051260911,0.1782467140287682,1.5999708349717245,1.5983809333820824,0.009919745400272153,2.5599066727601176,-0.007502404980506567,0.005838841820201353,2.554821608199377,4.440892098500626e-16,5.286437936291577e-07,5677,0.005,1,1,0.8244320750236511,1.0,-0.17556792497634888,0.17556792497634888,-0.9692137241363525,-1.0,0.03078627586364746,0.03078627586364746,0.2426913171705074,0.8297107446757471,0.8443456887884946,0.83083176612854,16b4cffd1b5cb4bb2668ac9e162a2cceabc4f99e8416ebbc1eb30d832f3ad08f
3,deep,7,1000,800,200,10000,10000,0.5,812,51260911,51760911,1051760911,2051260911,3051260911,0.1795837338066546,1.611187380259372,1.6124711843769783,0.010346906242838131,2.5959247743070577,-0.0031041800519002473,0.0023820847803904294,2.600063320446095,-4.440892098500626e-16,5.284641240166366e-07,5684,0.005,1,1,0.8228184580802917,1.0,-0.17718154191970825,0.17718154191970825,-0.9707251191139221,-1.0,0.02927488088607788,0.02927488088607788,0.24497971166055676,0.8158787527645857,0.845160438926427,0.8177127838134766,985b682e74ff41768b975e2af4ca7e8d379982476bc3453fa73ca18e9c358048
3,deep,7,1000,800,200,10000,10000,0.5,813,51260911,51760911,1051760911,2051260911,3051260911,0.1777684944451421,1.6153251274763236,1.6141877017233488,0.010304124419908363,2.6092752674564013,-0.006988727740701219,0.005335763262128465,2.605601936394907,0.0,4.997942557594115e-07,5691,0.005,1,1,0.8244428038597107,1.0,-0.1755571961402893,0.1755571961402893,-0.9720481038093567,-1.0,0.02795189619064331,0.02795189619064331,0.2318833430515478,0.8294114850541331,0.8470177254402166,0.831235408782959,8bce2274176849bfd2232df7d64da204889dc607fdfc03b9ca617a6c139ecfed
3,deep,7,1000,800,200,10000,10000,0.5,814,51260911,51760911,1051760911,2051260911,3051260911,0.17451671974068236,1.6139505302490216,1.6093710548409166,0.009689343065716104,2.6048363140910977,-0.012225232498524917,0.009351778564544163,2.5900751921597642,0.0,4.873479575451256e-07,5698,0.005,1,1,0.8279051184654236,1.0,-0.17209488153457642,0.17209488153457642,-0.9710269570350647,-1.0,0.028973042964935303,0.028973042964935303,0.23725957189681815,0.8164942122295199,0.8496231910020793,0.8186984658241272,43bdabc7848c1d54a0524d6654b583bae7a131723f6808bfdcf42e604a478e35
3,deep,7,1000,800,200,10000,10000,0.5,815,51260911,51760911,1051760911,2051260911,3051260911,0.17601222572419184,1.6510764605360153,1.648040263929539,0.01028211433504251,2.7260534785361363,-0.010149440669116945,0.007418271863698818,2.716036711532945,0.0,5.295033105312541e-07,5705,0.005,1,1,0.8260031938552856,1.0,-0.17399680614471436,0.17399680614471436,-0.9734403491020203,-1.0,0.026559650897979736,0.026559650897979736,0.23950231401936456,0.8452932746540489,0.8582738907386848,0.8457252979278564,1911dc29791cead3f7eec565711e4124b5ea1be52e2b7b1badae0ef88aef69d2
3,deep,7,1000,800,200,10000,10000,0.5,816,51260911,51760911,1051760911,2051260911,3051260911,0.17718139014269146,1.6009325454124306,1.5984357979185069,0.010997044689061666,2.562985014960724,-0.009492529791206189,0.0073757544312470745,2.554997000067374,8.881784197001252e-16,5.592209930682657e-07,5712,0.005,1,1,0.8243566751480103,1.0,-0.17564332485198975,0.17564332485198975,-0.9767047762870789,-1.0,0.023295223712921143,0.023295223712921143,0.24461417869148455,0.8204898822040255,0.8447519580305507,0.8221441507339478,e7141e6d52cb1f07cba268fcc835a09463eb1ca5d02a1be6ebff87ed5d1b33ab
3,deep,7,1000,800,200,10000,10000,0.5,817,51260911,51760911,1051760911,2051260911,3051260911,0.17776470489975935,1.641859968962344,1.6487155817684664,0.011554179291535386,2.6957041576810297,0.0055023662967835976,-0.004064899327588151,2.7182630695661327,4.440892098500626e-16,5.090531924878405e-07,5719,0.005,1,1,0.8234336972236633,1.0,-0.17656630277633667,0.17656630277633667,-0.9793934226036072,-1.0,0.020606577396392822,0.020606577396392822,0.2727963033752807,0.8273122634279167,0.858140151458909,0.824389636516571,7ec989e8de8ec767a2a7d2e4b41fca5b4cd41c5c53c739f75bed4168d9eff610
3,deep,7,1000,800,200,10000,10000,0.5,818,51260911,51760911,1051760911,2051260911,3051260911,0.17447453741550278,1.612058240002413,1.6165300038648798,0.010859442611014595,2.598731769159677,0.0017890208123480203,-0.0013711119230311265,2.613169253395388,0.0,5.576588737454813e-07,5726,0.005,1,1,0.8268914222717285,1.0,-0.17310857772827148,0.17310857772827148,-0.97821044921875,-1.0,0.02178955078125,0.02178955078125,0.24554058246936505,0.8185048752142942,0.8469529422088486,0.8173302412033081,8c1b079543f4201a754c9bc6884c8919ad448afcbc7bf7d4b0acd060be1b8c5d
3,deep,7,1000,800,200,10000,10000,0.5,819,51260911,51760911,1051760911,2051260911,3051260911,0.17404630984074954,1.602282544243659,1.6052941887394814,0.01112882022713044,2.567309351587933,-0.0007343697071564785,0.0005696236700060385,2.57696943240075,-4.440892098500626e-16,5.252163095548212e-07,5733,0.005,1,1,0.8270919322967529,1.0,-0.17290806770324707,0.17290806770324707,-0.9801274538040161,-1.0,0.019872546195983887,0.019872546195983887,0.27467729105250827,0.8261283860451648,0.8486386231806237,0.827134907245636,acd2bb46d1a895358d5f3c861236383211d72b97eb8eb695ee4672c79b1c6e68
3,deep,7,1000,800,200,10000,10000,0.5,820,51260911,51760911,1051760911,2051260911,3051260911,0.17666338904157675,1.6029526994130805,1.6148716227339672,0.011808999853088007,2.5694573565556817,0.013272000751333406,-0.010283325251097528,2.6078103579114367,0.0,4.838237792625932e-07,5740,0.005,1,1,0.8242831230163574,1.0,-0.17571687698364258,0.17571687698364258,-0.9817371368408203,-1.0,0.018262863159179688,0.018262863159179688,0.29526374977675185,0.8371924030970758,0.8497742294976368,0.8368719816207886,1de12f53b71f3390d19a3e29e18ed8fc41a2bbc2bf011a6cf6243697bc69e4d2
3,deep,7,1000,800,200,10000,10000,0.5,821,51260911,51760911,1051760911,2051260911,3051260911,0.17771300373770013,1.6064139285379158,1.6171519615579182,0.012072980777889854,2.58056570980062,0.0112708880960563,-0.008694530508253246,2.615180466770622,-4.440892098500626e-16,5.012638517598589e-07,5747,0.005,1,1,0.8231706023216248,1.0,-0.17682939767837524,0.17682939767837524,-0.9823004007339478,-1.0,0.017699599266052246,0.017699599266052246,0.279585837014621,0.8393906559292873,0.8499019855511968,0.8390535116195679,e738c6591075a45c7123eef7e5a6d046be242148a5e80bc66c5cafa893ba7270
3,deep,7,1000,800,200,10000,10000,0.5,822,51260911,51760911,1051760911,2051260911,3051260911,0.17628164440048014,1.578886587796924,1.5824457987595548,0.01152397710935938,2.492882857125014,-0.000136064111303984,0.00010865975083922847,2.5041347060117656,0.0,5.17825782253567e-07,5754,0.005,1,1,0.8248028755187988,1.0,-0.17519712448120117,0.17519712448120117,-0.9804760217666626,-1.0,0.019523978233337402,0.019523978233337402,0.2737803328702051,0.8320906330334347,0.8435549746993715,0.8348126411437988,9f6700ef9928538d343a48fb8c5aa866f2b9621e732cb3a078108be61c326c07
3,deep,7,1000,800,200,10000,10000,0.5,823,51260911,51760911,1051760911,2051260911,3051260911,0.17551291393295437,1.6144401363305954,1.6240783207466902,0.011465257664498317,2.6064169537951516,0.009874090229869974,-0.007543571048878083,2.6376303919193895,-4.440892098500626e-16,5.445064115150444e-07,5761,0.005,1,1,0.8255410194396973,1.0,-0.17445898056030273,0.17445898056030273,-0.9807946085929871,-1.0,0.01920539140701294,0.01920539140701294,0.2747963155240067,0.8364118527848998,0.8515736023267114,0.835740327835083,166c660c57a646df58b21082cff1cfa03cf2e2204355e71ce83b0d39d91478e8
3,deep,7,1000,800,200,10000,10000,0.5,824,51260911,51760911,1051760911,2051260911,3051260911,0.17448555951769312,1.596928399717856,1.600971983198458,0.011070702173040809,2.550180313825433,0.0009301374939649403,-0.0007263149829165316,2.5631112909864036,0.0,5.836649084045575e-07,5768,0.005,1,1,0.8267319798469543,1.0,-0.17326802015304565,0.17326802015304565,-0.9794232249259949,-1.0,0.020576775074005127,0.020576775074005127,0.24740208766953686,0.825325412368652,0.846008845547087,0.8276665806770325,a206ab76892404eb3c7d182eff1372d2bce0160d1e3cf142da0820ab9861ff99
3,deep,7,1000,800,200,10000,10000,0.5,825,51260911,51760911,1051760911,2051260911,3051260911,0.17445428338920377,1.6142140106305174,1.6110086937635264,0.010988982946970151,2.60568687211586,-0.01066342184058324,0.008150357500300468,2.5953490113816637,0.0,5.830498839287657e-07,5775,0.005,1,1,0.8268167972564697,1.0,-0.17318320274353027,0.17318320274353027,-0.9789791703224182,-1.0,0.021020829677581787,0.021020829677581787,0.239579080099654,0.8403253020170993,0.8499887502349939,0.8426553010940552,13f920bf127b11e87384f3025b16c2e7dd30a91dbb39426362a6324cee1936e6
3,deep,7,1000,800,200,10000,10000,0.5,826,51260911,51760911,1051760911,2051260911,3051260911,0.17412055546197075,1.6190891269597207,1.6182654154719824,0.010876825063100367,2.6214496010391906,-0.006771735594791601,0.005145057639996852,2.618782954912708,4.440892098500626e-16,5.157092992646994e-07,5782,0.005,1,1,0.8271979689598083,1.0,-0.17280203104019165,0.17280203104019165,-0.97861248254776,-1.0,0.02138751745223999,0.02138751745223999,0.2420078303482738,0.8283220434985844,0.8479278216813063,0.8293519020080566,71c3a4ceee5fdb6ea5495add186a5082778c49906696c0c3399c8f29644c592e
3,deep,7,1000,800,200,10000,10000,0.5,827,51260911,51760911,1051760911,2051260911,3051260911,0.17520257406676737,1.6102978913236565,1.611157007788596,0.01095738123422483,2.593059298801415,-0.004094888144668834,0.0031450552341414258,2.595826903746302,-4.440892098500626e-16,5.456424307936913e-07,5789,0.005,1,1,0.8261638879776001,1.0,-0.1738361120223999,0.1738361120223999,-0.9781608581542969,-1.0,0.021839141845703125,0.021839141845703125,0.23415971625104492,0.8233071631692672,0.8486330907080228,0.8244001269340515,71ee5f18dd1ef21992d0d31078a77cfb15b5b35d32e4c8c056c01f704d0a9148
3,deep,7,1000,800,200,10000,10000,0.5,828,51260911,51760911,1051760911,2051260911,3051260911,0.17495462781870125,1.6180618728433926,1.6157218461839598,0.010916395017591165,2.6181242243494673,-0.009241767565477482,0.007030524745336524,2.6105570842361034,0.0,5.526210919981622e-07,5796,0.005,1,1,0.8264172077178955,1.0,-0.1735827922821045,0.1735827922821045,-0.9781336784362793,-1.0,0.021866321563720703,0.021866321563720703,0.2278717435685907,0.8346054784255185,0.8516313562886421,0.8363254070281982,0476af7b91dc00105b81565c29b1e6ba1facb1de0460eea688cf1c093c0e277a
3,deep,7,1000,800,200,10000,10000,0.5,829,51260911,51760911,1051760911,2051260911,3051260911,0.1727230237835161,1.6526099417088624,1.6431081181702865,0.010317766609018493,2.7311196194349696,-0.020816549023444146,0.01518659454300601,2.6998042879971,0.0,5.680680477126998e-07,5803,0.005,1,1,0.8288840055465698,1.0,-0.17111599445343018,0.17111599445343018,-0.9764934182167053,-1.0,0.023506581783294678,0.023506581783294678,0.237681484273768,0.8417888039345278,0.8591277961354593,0.843514084815979,6bf426411943e9c2dbeb9b33545823e48448b4db9fd3c590248bfe60b32778b1
3,deep,7,1000,800,200,10000,10000,0.5,830,51260911,51760911,1051760911,2051260911,3051260911,0.1736629588524244,1.6534028135222492,1.646263581573522,0.010477075436394867,2.7337408637632894,-0.017017079592201837,0.01240213421034967,2.7101837800152806,0.0,5.718936701981647e-07,5810,0.005,1,1,0.8279145956039429,1.0,-0.17208540439605713,0.17208540439605713,-0.9766454100608826,-1.0,0.02335458993911743,0.02335458993911743,0.2366544402170295,0.8329659109990982,0.8579124139983727,0.8358150124549866,a8a2298eca659242bc64c307b16e8871ad6d0288e5e226911fc49fdd4f1ba252
3,deep,7,1000,800,200,10000,10000,0.5,831,51260911,51760911,1051760911,2051260911,3051260911,0.17391113965104887,1.6386794812239773,1.6330273100577573,0.009867905126513402,2.6852704421844837,-0.014180075958261285,0.010522707283215409,2.6667781953944742,-4.440892098500626e-16,5.288891635757409e-07,5817,0.005,1,1,0.8282460570335388,1.0,-0.17175394296646118,0.17175394296646118,-0.9726930856704712,-1.0,0.02730691432952881,0.02730691432952881,0.22563030302476952,0.8433071028328359,0.8556880520788168,0.8473460674285889,dbc99c1dfc7e4ef5a48c2dfb9dcaca3dba7af3fd2098b1e406de15be32f6937f
3,deep,7,1000,800,200,10000,10000,0.5,832,51260911,51760911,1051760911,2051260911,3051260911,0.17638992534955153,1.6415638020617105,1.6374772367272568,0.010110835839447139,2.694731716239299,-0.01175542563940696,0.008692133026650731,2.6813317007999324,4.440892098500626e-16,5.165446452792821e-07,5824,0.005,1,1,0.8258381485939026,1.0,-0.1741618514060974,0.1741618514060974,-0.9720526337623596,-1.0,0.02794736623764038,0.02794736623764038,0.2283974989589103,0.823404444738873,0.8557915654789816,0.8248610496520996,6da4bcb80c1600765cbe70a8a9448c2f5b6f2677b9cb5470b2860f23aadebedf
3,deep,7,1000,800,200,10000,10000,0.5,833,51260911,51760911,1051760911,2051260911,3051260911,0.17715775337624914,1.6363329820164942,1.6311997153723006,0.010243627785252006,2.677585628034992,-0.01350837219478489,0.010051510649743668,2.660812511430674,0.0,5.163297824850588e-07,5831,0.005,1,1,0.8250359296798706,1.0,-0.1749640703201294,0.1749640703201294,-0.9722071290016174,-1.0,0.02779287099838257,0.02779287099838257,0.23545334479634797,0.844590989319923,0.854876174504757,0.8457118272781372,1a5f1efb552a99431f6b0177a2c0966235f73bbda9383599cc16b3e29f9fc788
3,deep,7,1000,800,200,10000,10000,0.5,834,51260911,51760911,1051760911,2051260911,3051260911,0.17703730028741874,1.6562341907988836,1.6538432140588102,0.01009719810667472,2.743111694771233,-0.009005758094766062,0.006542008576292527,2.7351973766883755,0.0,5.49951035822005e-07,5838,0.005,1,1,0.8252878785133362,1.0,-0.17471212148666382,0.17471212148666382,-0.9714013934135437,-1.0,0.0285986065864563,0.0285986065864563,0.23634556159511141,0.8391838435872279,0.8599116920310526,0.8398115038871765,8cc2287b6cdc77e3335a54639804b59b2dcb2712638b365d751953202c463dc1
3,deep,7,1000,800,200,10000,10000,0.5,835,51260911,51760911,1051760911,2051260911,3051260911,0.1763836656379975,1.6388623543602296,1.6349346648011378,0.010134862569181575,2.685869816539155,-0.011496660469963995,0.008528665071728544,2.6730113581684085,0.0,5.583476951898092e-07,5845,0.005,1,1,0.8258196711540222,1.0,-0.17418032884597778,0.17418032884597778,-0.9722077250480652,-1.0,0.027792274951934814,0.027792274951934814,0.23063498084632858,0.8480240075526378,0.855446864795076,0.8528546094894409,a009e884b4e0054ac9edced4ab9ae898f70d3e761927b1b5715f5093db8ac1dd
3,deep,7,1000,800,200,10000,10000,0.5,836,51260911,51760911,1051760911,2051260911,3051260911,0.17406889023420805,1.6743543943474999,1.6664717147279482,0.010027082213089115,2.803462637870783,-0.01818087204778196,0.012924072135753155,2.7771279759883076,-4.440892098500626e-16,5.563981453349243e-07,5852,0.005,1,1,0.8279520869255066,1.0,-0.1720479130744934,0.1720479130744934,-0.9735520482063293,-1.0,0.026447951793670654,0.026447951793670654,0.2552426074004823,0.8488319475841893,0.8667020796523331,0.8508435487747192,b1b10cffe52a5d4c9291a72d3bb6218d51107a4279c7c2e109cdbdb59e138a9f
3,deep,7,1000,800,200,10000,10000,0.5,837,51260911,51760911,1051760911,2051260911,3051260911,0.17131889116001617,1.6602164398857389,1.6561634945209385,0.00994907223884564,2.7563186272668774,-0.011695089460958494,0.008455500863526819,2.7428775205838063,0.0,5.311864281765111e-07,5859,0.005,1,1,0.830449640750885,1.0,-0.169550359249115,0.169550359249115,-0.9754472374916077,-1.0,0.024552762508392334,0.024552762508392334,0.2534738093810299,0.8416734227443723,0.8586584116829086,0.8388906717300415,50543379c4120643f5164afd207d1875bcc8105f5c338715e1aeed950a3c3127
3,deep,7,1000,800,200,10000,10000,0.5,838,51260911,51760911,1051760911,2051260911,3051260911,0.16994830074127984,1.6611695965272226,1.6525473646456204,0.009868184341636131,2.7594844284264153,-0.019219910185433266,0.013880435518987513,2.7309127923971848,0.0,5.672507370491076e-07,5866,0.005,1,1,0.8317368626594543,1.0,-0.16826313734054565,0.16826313734054565,-0.9761265516281128,-1.0,0.023873448371887207,0.023873448371887207,0.2543096892973774,0.8478917185055931,0.8606129687432545,0.8457788228988647,43b9d06abcef31c990b1ffc111e04f4ff46446393cbdda035971f1ba13ac8065
3,deep,7,1000,800,200,10000,10000,0.5,839,51260911,51760911,1051760911,2051260911,3051260911,0.1687847196454212,1.6191252310807833,1.612080119874327,0.009712528799247156,2.6215665139224003,-0.016238364913811528,0.012342563939562621,2.5988023128940245,4.440892098500626e-16,5.121498549698345e-07,5873,0.005,1,1,0.8329075574874878,1.0,-0.1670924425125122,0.1670924425125122,-0.9761589169502258,-1.0,0.02384108304977417,0.02384108304977417,0.23976845323943596,0.8416143964428099,0.8516090452812798,0.8436471223831177,3cf24cf9572e4e8b171143958bd0df3ef91565e710d0fda980c5b1afed5d5751
3,deep,7,1000,800,200,10000,10000,0.5,840,51260911,51760911,1051760911,2051260911,3051260911,0.17123240365794729,1.658389364586936,1.656629730827194,0.010348237570683394,2.7502552845750614,-0.008090728542581978,0.005861565036541912,2.7444220650605815,4.440892098500626e-16,5.903402673368419e-07,5880,0.005,1,1,0.8301931023597717,1.0,-0.16980689764022827,0.16980689764022827,-0.9779511094093323,-1.0,0.022048890590667725,0.022048890590667725,0.23822512530257461,0.84822590144711,0.8596798394784512,0.8493361473083496,5923c4d7a50eb43a06fc5b0e59eebd7c8a96076ea4542c5b8543ddfc549164a6
3,deep,7,1000,800,200,10000,10000,0.5,841,51260911,51760911,1051760911,2051260911,3051260911,0.17201352474930887,1.6114231494908071,1.607719948311568,0.010688325114785263,2.596684566714872,-0.011304729815353073,0.008671356406885298,2.584763432198951,-4.440892098500626e-16,5.145677341999999e-07,5887,0.005,1,1,0.8292364478111267,1.0,-0.1707635521888733,0.1707635521888733,-0.9793006777763367,-1.0,0.02069932222366333,0.02069932222366333,0.2252038291329803,0.8259929891963627,0.8486029117608778,0.8280566930770874,8aa6f19772e8a98a397f68b5d1fccaf34d57187e67005411eb3b859c6cc40144
3,deep,7,1000,800,200,10000,10000,0.5,842,51260911,51760911,1051760911,2051260911,3051260911,0.17226377358991948,1.6371830246596883,1.6304514335813935,0.011096763503749876,2.680368256233846,-0.016546571234987328,0.012295587060314486,2.658371877267621,0.0,5.185653151329461e-07,5894,0.005,1,1,0.8287382125854492,1.0,-0.17126178741455078,0.17126178741455078,-0.981447160243988,-1.0,0.018552839756011963,0.018552839756011963,0.23550458522973453,0.8445387582443519,0.854388707408329,0.8464056253433228,78b166ab54737aeea46815bc176ade9f61ac2f696694851e1ca421068bcd950c
3,deep,7,1000,800,200,10000,10000,0.5,843,51260911,51760911,1051760911,2051260911,3051260911,0.17207620919745215,1.6674665142244032,1.658075762603571,0.011114792253290866,2.780444576059682,-0.02117206688977962,0.015168630930872565,2.7492152345334135,0.0,5.408472976142775e-07,5901,0.005,1,1,0.8288988471031189,1.0,-0.1711011528968811,0.1711011528968811,-0.9817074537277222,-1.0,0.018292546272277832,0.018292546272277832,0.2547702444579283,0.8346335288806714,0.8624632358056742,0.8326148390769958,8e640a2d77c43e6d396126f87455ba26a1d1dd40a4f28a703caa74709a2042cf
3,deep,7,1000,800,200,10000,10000,0.5,844,51260911,51760911,1051760911,2051260911,3051260911,0.17051215042867315,1.6333952978107615,1.628658611493587,0.010667835370737299,2.667980198910306,-0.013059580744412082,0.009750874752693898,2.652528872792219,0.0,5.249454630984474e-07,5908,0.005,1,1,0.8306121230125427,1.0,-0.16938787698745728,0.16938787698745728,-0.9804515838623047,-1.0,0.019548416137695312,0.019548416137695312,0.22519386566707916,0.8475064799121529,0.852891989321954,0.8476455807685852,d3a13012c9d45180fab1dd835a905a104f76606e48a2438a32bab10001735a10
3,deep,7,1000,800,200,10000,10000,0.5,845,51260911,51760911,1051760911,2051260911,3051260911,0.169560243701468,1.6172799021231439,1.6152352776696735,0.01058165198236361,2.6155942818114455,-0.00859546578259083,0.0065459938703906284,2.608985002228627,-4.440892098500626e-16,5.720387079577449e-07,5915,0.005,1,1,0.831535816192627,1.0,-0.16846418380737305,0.16846418380737305,-0.9807517528533936,-1.0,0.019248247146606445,0.019248247146606445,0.22814046077447192,0.8422860943870216,0.8494736358621768,0.839695394039154,a79bfaf31b9b6bcf079b3e2e899f5380e5f71723022e678aba6ec1cd247a8070
3,deep,7,1000,800,200,10000,10000,0.5,846,51260911,51760911,1051760911,2051260911,3051260911,0.16855892799306918,1.6312971579672848,1.632944678945854,0.01084810204557502,2.6611304175921404,-0.0027350975700688794,0.0020472451780336335,2.666508324497578,4.440892098500626e-16,5.77941939639004e-07,5922,0.005,1,1,0.8322867155075073,1.0,-0.16771328449249268,0.16771328449249268,-0.9831368327140808,-1.0,0.01686316728591919,0.01686316728591919,0.24086621630512284,0.8366700062473937,0.8558245592843879,0.835379958152771,9caa74299ab2c55699c48486fc030b42520df69b3273cab308c4b3a292d30726
3,deep,7,1000,800,200,10000,10000,0.5,847,51260911,51760911,1051760911,2051260911,3051260911,0.16816329207620584,1.632398582531834,1.6339798909979035,0.010646580879149778,2.6647251322519403,-0.002740714472784184,0.002048847611965383,2.669890284185521,-4.440892098500626e-16,5.692280886648859e-07,5929,0.005,1,1,0.8327701091766357,1.0,-0.16722989082336426,0.16722989082336426,-0.9823065996170044,-1.0,0.017693400382995605,0.017693400382995605,0.24377913687418679,0.8374322294038439,0.853897065585946,0.8393223285675049,b16d03b083c34c19429e25a740e5e22c27e82425d684f2d2f8a2c51f013e5ef5
3,deep,7,1000,800,200,10000,10000,0.5,848,51260911,51760911,1051760911,2051260911,3051260911,0.1680403004534766,1.6496847390472338,1.6492910354896202,0.010752893567282528,2.72145973824534,-0.006025856033099412,0.004410971505612064,2.7201609197464234,0.0,5.244913818813757e-07,5936,0.005,1,1,0.8328193426132202,1.0,-0.16718065738677979,0.16718065738677979,-0.9830244183540344,-1.0,0.016975581645965576,0.016975581645965576,0.23269917280885147,0.8384582448048974,0.8566479719298461,0.8342832326889038,ffc5108a36e62cff9870385e3211c6f9636dadbaa9fc2f230c5f5ec00e25f5f9
3,deep,7,1000,800,200,10000,10000,0.5,849,51260911,51760911,1051760911,2051260911,3051260911,0.16932353546802573,1.6401485445572102,1.6403920921443635,0.01075870735514185,2.690087248213135,-0.004979869799257145,0.003687637044971227,2.6908862159697624,-4.440892098500626e-16,5.855887490469058e-07,5943,0.005,1,1,0.831637978553772,1.0,-0.16836202144622803,0.16836202144622803,-0.9819808602333069,-1.0,0.018019139766693115,0.018019139766693115,0.23933973186375235,0.8346034612353773,0.8555762039194584,0.832676112651825,2eee9a46ae5b9c06e4e4f2f6362559912fcbf85e2ef476a64df057f128bad443
3,deep,7,1000,800,200,10000,10000,0.5,850,51260911,51760911,1051760911,2051260911,3051260911,0.16955070840765785,1.6530472275412524,1.6468238103995445,0.01015070320932707,2.7325651364818215,-0.0153435885961367,0.01118860975248862,2.712028662498875,-4.440892098500626e-16,5.153739177643502e-07,5950,0.005,1,1,0.8318570852279663,1.0,-0.1681429147720337,0.1681429147720337,-0.9781962633132935,-1.0,0.021803736686706543,0.021803736686706543,0.23327401137666434,0.8437977508585277,0.8600017643286993,0.8434666395187378,84b4e73e565d411b506226f996f5c0cacc9324464b125121424a35146e0bc960
3,deep,7,1000,800,200,10000,10000,0.5,851,51260911,51760911,1051760911,2051260911,3051260911,0.1723041773733826,1.6518702976280026,1.6478129351726258,0.010586505640593494,2.728675480185626,-0.01198725825199725,0.008752180926120245,2.7152874693222246,0.0,4.96033610630775e-07,5957,0.005,1,1,0.8290480971336365,1.0,-0.17095190286636353,0.17095190286636353,-0.9784552454948425,-1.0,0.02154475450515747,0.02154475450515747,0.22732159160674917,0.837474251516843,0.860181407760955,0.8360068798065186,0cb8f8d95903269a9d62ce2b491f0b682801e8add6c3f76a652e13f4afe669d8
3,deep,7,1000,800,200,10000,10000,0.5,852,51260911,51760911,1051760911,2051260911,3051260911,0.17260757148629388,1.664227149884439,1.655947287604594,0.010717044698302274,2.769652006412483,-0.019103815892886702,0.013741928169754683,2.742161419325012,-4.440892098500626e-16,5.634240363150411e-07,5964,0.005,1,1,0.8286789655685425,1.0,-0.17132103443145752,0.17132103443145752,-0.9789648652076721,-1.0,0.02103513479232788,0.02103513479232788,0.24449739099389184,0.8435557112138469,0.8613766299755428,0.8404757380485535,f31d675fa97aa2e5fe2b901b0f6102e08637fc642a7e5091a280a8fdae738c46
3,deep,7,1000,800,200,10000,10000,0.5,853,51260911,51760911,1051760911,2051260911,3051260911,0.17164910519077498,1.6393486504420816,1.6386338568195977,0.010796163165429161,2.687463997706274,-0.0065696220781169355,0.004869524572452305,2.6851209167154697,0.0,5.54512187278533e-07,5971,0.005,1,1,0.8294923305511475,1.0,-0.17050766944885254,0.17050766944885254,-0.9802376627922058,-1.0,0.01976233720779419,0.01976233720779419,0.22598102934576805,0.8191322543861588,0.8543581468098939,0.8162198066711426,72d687203a0e1de33950c7fdae9f93dcdde1afab2942edfcde678340be159a0d
3,deep,7,1000,800,200,10000,10000,0.5,854,51260911,51760911,1051760911,2051260911,3051260911,0.17370608174474414,1.6552718111500486,1.6486258077794675,0.010962473742121552,2.7399247687879624,-0.016460094226790657,0.011967116624999687,2.717967054076502,-4.440892098500626e-16,4.971870986025806e-07,5978,0.005,1,1,0.8275125622749329,1.0,-0.17248743772506714,0.17248743772506714,-0.9794601202011108,-1.0,0.02053987979888916,0.02053987979888916,0.23441380802262124,0.840819925942288,0.8607819060501443,0.8398926258087158,dbe516096c29dabbd72494d6cbd16d2481ed116f9e001b44a48ac8717f624881
3,deep,7,1000,800,200,10000,10000,0.5,855,51260911,51760911,1051760911,2051260911,3051260911,0.17500450219815938,1.6504475867969253,1.6452415203376431,0.011066792035831411,2.7239772367637944,-0.014112184278353167,0.010319529872099949,2.7068196602429198,0.0,5.854813043271179e-07,5985,0.005,1,1,0.8262647390365601,1.0,-0.17373526096343994,0.17373526096343994,-0.9789611101150513,-1.0,0.02103888988494873,0.02103888988494873,0.23558380630977338,0.8366988006117712,0.8590074014372593,0.8364951610565186,9f35077beab9f860258bf60cf8c88bb883c1758851d3d245f8c9a9541971ffb4
3,deep,7,1000,800,200,10000,10000,0.5,856,51260911,51760911,1051760911,2051260911,3051260911,0.17604049482708067,1.635536209677788,1.6364472862739725,0.010951768202879308,2.674978693167185,-0.003985370308307656,0.002967590088892146,2.677959720753449,0.0,5.832693013019252e-07,5992,0.005,1,1,0.8254142999649048,1.0,-0.17458570003509521,0.17458570003509521,-0.9774148464202881,-1.0,0.022585153579711914,0.022585153579711914,0.23586656604653158,0.8494245517183845,0.8529226582970612,0.8450719118118286,09dda922c7763194e5c86be2b0b661406a1ee307eba55f14791f1960515c002d
3,deep,7,1000,800,200,10000,10000,0.5,857,51260911,51760911,1051760911,2051260911,3051260911,0.17719902797442713,1.6360449872668652,1.6421472240320778,0.010863200182095193,2.676643200361037,0.004570552426563184,-0.003401333240091631,2.696647505396259,4.440892098500626e-16,4.839190133054672e-07,5999,0.005,1,1,0.8244466185569763,1.0,-0.17555338144302368,0.17555338144302368,-0.9759063124656677,-1.0,0.024093687534332275,0.024093687534332275,0.25311793447553277,0.8463203730630383,0.8566170107828571,0.8430665731430054,2e081a82df29a5d8962498a9a4634eeba5199a34a5e568545a5407b8cd524102
3,deep,7,1000,800,200,10000,10000,0.5,858,51260911,51760911,1051760911,2051260911,3051260911,0.1804909791724066,1.633253036496968,1.6307585668441833,0.011177351096491282,2.667515481226566,-0.009659664493680956,0.007212222601352729,2.659373503335695,-4.440892098500626e-16,5.379782184178339e-07,6006,0.005,1,1,0.8212602138519287,1.0,-0.1787397861480713,0.1787397861480713,-0.9749184846878052,-1.0,0.025081515312194824,0.025081515312194824,0.2426960801694892,0.8383698847963482,0.8547285784882231,0.8386287689208984,94f52f503c748b2202a3d708605996634d83c4a37e9ecf4fd26efd16fb919f37
3,deep,7,1000,800,200,10000,10000,0.5,859,51260911,51760911,1051760911,2051260911,3051260911,0.18113875830573017,1.6416528022370176,1.6416119000692393,0.01133274374770164,2.6950239230926525,-0.005733518195707968,0.004237075080278902,2.6948896304489383,0.0,5.649161956000626e-07,6013,0.005,1,1,0.8205584287643433,1.0,-0.17944157123565674,0.17944157123565674,-0.975261926651001,-1.0,0.024738073348999023,0.024738073348999023,0.22981633233879592,0.8360427816936468,0.8573275392454971,0.8363897204399109,a7ea3b325da71e130cda5a622bd6c61bf68be102bd0b36c5e5ef539fc9bcb902
3,deep,7,1000,800,200,10000,10000,0.5,860,51260911,51760911,1051760911,2051260911,3051260911,0.17796134691423196,1.6423526856278938,1.641574112173347,0.010477200658183196,2.697322343989155,-0.006516989444813049,0.004813494749044887,2.694765565757712,0.0,5.11611631281994e-07,6020,0.005,1,1,0.8241079449653625,1.0,-0.17589205503463745,0.17589205503463745,-0.9729403257369995,-1.0,0.02705967426300049,0.02705967426300049,0.2286373074382176,0.8337407169121432,0.8540934501296786,0.8305948972702026,e4b87a06bd57238d92ee4e6cbbcab7142541abe25c585a32f19bedd7632d84c5
3,deep,7,1000,800,200,10000,10000,0.5,861,51260911,51760911,1051760911,2051260911,3051260911,0.17508923107318672,1.6445001586652375,1.6478553955308226,0.009843583057088509,2.7043807718499915,0.0006015248364820209,-0.0004432388467773614,2.7154274045800437,-4.440892098500626e-16,5.070617756786078e-07,6027,0.005,1,1,0.8272443413734436,1.0,-0.1727556586265564,0.1727556586265564,-0.9715092778205872,-1.0,0.028490722179412842,0.028490722179412842,0.24312643500270123,0.8464511095069744,0.8561502142244328,0.8447319269180298,522c7d6f448d359d21064f8ca2217a91feb6bc03ea58373c83aafbaac7cbf1a4
3,deep,7,1000,800,200,10000,10000,0.5,862,51260911,51760911,1051760911,2051260911,3051260911,0.17581913777115712,1.6648496662155707,1.661788004137393,0.010133451623517505,2.771724411098097,-0.010159246013337574,0.007303928895488812,2.76153937069494,4.440892098500626e-16,5.209816826834412e-07,6034,0.005,1,1,0.8263146877288818,1.0,-0.17368531227111816,0.17368531227111816,-0.972690999507904,-1.0,0.027309000492095947,0.027309000492095947,0.2567821832676683,0.8514964553361571,0.8663071702838304,0.8532981276512146,c796e9551fc0a59014adb86a3dd3b527bbfc6dde6709cd536c919929d1ce00df
3,deep,7,1000,800,200,10000,10000,0.5,863,51260911,51760911,1051760911,2051260911,3051260911,0.1796896166151088,1.6325703637357627,1.629698013463334,0.011035207721536345,2.6652859925483208,-0.010202792591759985,0.00762449035693565,2.6559156150863372,0.0,4.915923721426907e-07,6041,0.005,1,1,0.8220893740653992,1.0,-0.17791062593460083,0.17791062593460083,-0.9747776389122009,-1.0,0.025222361087799072,0.025222361087799072,0.2368778048203718,0.8361856950411216,0.8544069104734705,0.8390880823135376,564b872892f3047ad316612db0135f44472582bfe13ffdc425aa946b69bdb6ee
3,deep,7,1000,800,200,10000,10000,0.5,864,51260911,51760911,1051760911,2051260911,3051260911,0.18218302375182363,1.670223390298108,1.67147114920168,0.01139267056901566,2.789646173498906,-0.0036115207271683204,0.0025787009236354205,2.7938158026135853,0.0,5.535377756160642e-07,6048,0.005,1,1,0.8195807337760925,1.0,-0.18041926622390747,0.18041926622390747,-0.9747108221054077,-1.0,0.025289177894592285,0.025289177894592285,0.2941145927003823,0.8497461720673372,0.8625530114627109,0.8457659482955933,7168925ab65911012878a8b7312c31b1faba26325a4647dce8e165f9a6b3fd8e
3,deep,7,1000,800,200,10000,10000,0.5,865,51260911,51760911,1051760911,2051260911,3051260911,0.1804816203668182,1.7275710634745851,1.7113538669510193,0.010788060077155697,2.9845017793547086,-0.033278890751828855,0.022220815036811982,2.928732057928207,4.440892098500626e-16,5.505475524358872e-07,6055,0.005,1,1,0.821605920791626,1.0,-0.17839407920837402,0.17839407920837402,-0.9726290702819824,-1.0,0.027370929718017578,0.027370929718017578,0.2912414260154639,0.8587499344941665,0.8851663975751719,0.8607498407363892,b4055f70782cc709bcd1662e56394832dc0c85783814f01d89fb855f8eb9fa90
3,deep,7,1000,800,200,10000,10000,0.5,866,51260911,51760911,1051760911,2051260911,3051260911,0.18100205672487785,1.650474475693619,1.641893799408119,0.011075759106916706,2.7240659949161263,-0.01966325274410717,0.014378233022244676,2.695815248534829,0.0,5.560576372687365e-07,6062,0.005,1,1,0.820891797542572,1.0,-0.17910820245742798,0.17910820245742798,-0.9738849401473999,-1.0,0.026115059852600098,0.026115059852600098,0.26414450801955497,0.8497630891958116,0.8554304645201973,0.8519026041030884,f1a6571cd65427c1734791879eb6fa9fdafacb346bb15e9cbe91cb3f39f50c01
3,deep,7,1000,800,200,10000,10000,0.5,867,51260911,51760911,1051760911,2051260911,3051260911,0.1782380264971656,1.6739989164836244,1.6674201859674282,0.010931921910002421,2.802272372388349,-0.01645710886334935,0.011699903129469636,2.780290076571653,4.440892098500626e-16,4.996571210114098e-07,6069,0.005,1,1,0.82346510887146,1.0,-0.17653489112854004,0.17653489112854004,-0.9754189848899841,-1.0,0.02458101511001587,0.02458101511001587,0.2607808343187293,0.8458889867239924,0.8618712437250797,0.8439772129058838,f6dd8e120b04f2b8dd09d6447a901f724e2462134f78ff96db32234c99958b8a
3,deep,7,1000,800,200,10000,10000,0.5,868,51260911,51760911,1051760911,2051260911,3051260911,0.1759997360918735,1.6569092384951136,1.6441920210431973,0.010486129938427036,2.7453482246104572,-0.02623347624338512,0.0190385000463349,2.703367402062114,0.0,5.586283613467913e-07,6076,0.005,1,1,0.8258293867111206,1.0,-0.1741706132888794,0.1741706132888794,-0.9746918082237244,-1.0,0.025308191776275635,0.025308191776275635,0.2644814831323279,0.8567975904997976,0.8628627582806941,0.8597486615180969,82b5acd4d678e44a63b32b41e313b2124b29a4ccb453f694a99ad8927b1a45d2
3,deep,7,1000,800,200,10000,10000,0.5,869,51260911,51760911,1051760911,2051260911,3051260911,0.17957000222298697,1.6415369066460301,1.6404803657536728,0.011377211009720294,2.6946434158810173,-0.007422398233716666,0.005485840100372867,2.691175830423304,0.0,5.319275366844067e-07,6083,0.005,1,1,0.8219273686408997,1.0,-0.17807263135910034,0.17807263135910034,-0.9768586158752441,-1.0,0.02314138412475586,0.02314138412475586,0.23854721452613287,0.8339919800462781,0.8552074837888842,0.834351658821106,7da881218283b45dac3702be1cfcefa35447bbf040ed5e91be1d2cacd8d369a6
3,deep,7,1000,800,200,10000,10000,0.5,870,51260911,51760911,1051760911,2051260911,3051260911,0.17631681726221146,1.671482044922264,1.6625869226883718,0.010543329865503454,2.7938522264975134,-0.020100140434313362,0.014334739896950175,2.76419527549439,-4.440892098500626e-16,5.6320734564963e-07,6090,0.005,1,1,0.8254987001419067,1.0,-0.17450129985809326,0.17450129985809326,-0.9747627973556519,-1.0,0.025237202644348145,0.025237202644348145,0.2427438734948327,0.8485128079513465,0.8674934865860089,0.84748375415802,987c4db1e8073dd7abc26f802b0db8825e649e3eb3d15e9cb5c298c089619d97
3,deep,7,1000,800,200,10000,10000,0.5,871,51260911,51760911,1051760911,2051260911,3051260911,0.17588210956359576,1.6394133139248641,1.640480089348074,0.010232120055713596,2.6876760138741047,-0.0033666051911767953,0.0024957152164206135,2.691174923547465,0.0,5.087269130399363e-07,6097,0.005,1,1,0.8261646032333374,1.0,-0.1738353967666626,0.1738353967666626,-0.9732460975646973,-1.0,0.026753902435302734,0.026753902435302734,0.22796785674098474,0.8348748646265188,0.8555972638304511,0.835299015045166,8bfaf260d2be961ac98aadc195b8ab83e6ea5971464ba2c5dae4dd96f3d64d17
3,deep,7,1000,800,200,10000,10000,0.5,872,51260911,51760911,1051760911,2051260911,3051260911,0.17741298173749023,1.6560651332627077,1.6515772131975637,0.010112290235797246,2.7425517256084295,-0.012478362345397958,0.009066389703627461,2.7277072911534304,-4.440892098500626e-16,5.283646995479785e-07,6104,0.005,1,1,0.8249456882476807,1.0,-0.17505431175231934,0.17505431175231934,-0.9711667895317078,-1.0,0.028833210468292236,0.028833210468292236,0.2334352173304886,0.8422119141820389,0.8591117117968888,0.8440456986427307,02896b45d73ac39d12535050c09a36aa43af2faf7c3ee1e25ed10e99ee461bad
3,deep,7,1000,800,200,10000,10000,0.5,873,51260911,51760911,1051760911,2051260911,3051260911,0.1793380864963654,1.6877022153044996,1.679238409443916,0.010026183264966475,2.8483387675437153,-0.01926165752847475,0.013477395546027312,2.8198416357517324,0.0,6.268622776417487e-07,6111,0.005,1,1,0.823374330997467,1.0,-0.17662566900253296,0.17662566900253296,-0.9689271450042725,-1.0,0.03107285499572754,0.03107285499572754,0.241263903423607,0.857951581141107,0.8699702883061111,0.8608671426773071,284e93a9a57cf4e51842d969e1d5771309349b38af99b80382af025fc677e574
3,deep,7,1000,800,200,10000,10000,0.5,874,51260911,51760911,1051760911,2051260911,3051260911,0.17924181358849614,1.637460079515212,1.6355716321143567,0.00978506054447672,2.681275512005965,-0.00798300438661036,0.005932980080819585,2.675094563777221,-4.440892098500626e-16,5.677670102954835e-07,6118,0.005,1,1,0.8237367868423462,1.0,-0.1762632131576538,0.1762632131576538,-0.9674591422080994,-1.0,0.032540857791900635,0.032540857791900635,0.22072782037428063,0.8373979017659963,0.8561954243270524,0.8380913734436035,e151b33a53b1ec8994807995c18727ffe0610e76d3ee906fcafda74ffd821323
3,deep,7,1000,800,200,10000,10000,0.5,875,51260911,51760911,1051760911,2051260911,3051260911,0.17693851107111247,1.6467053165914802,1.6476884241004104,0.009546109994993437,2.7116383996906475,-0.003153683385573589,0.002317875450450739,2.7148771429144936,0.0,5.563429983368451e-07,6125,0.005,1,1,0.8259885311126709,1.0,-0.1740114688873291,0.1740114688873291,-0.9679493308067322,-1.0,0.03205066919326782,0.03205066919326782,0.22137989878558656,0.8378375292489423,0.8580064879711408,0.835789144039154,ffc4238b2e9807d1064d55433710cb70bc05a5e10dbcc77ed66020c1b754ee07
3,deep,7,1000,800,200,10000,10000,0.5,876,51260911,51760911,1051760911,2051260911,3051260911,0.17461440234153391,1.6714661507934658,1.6662131181203288,0.009039517717864869,2.793799093248325,-0.013286227984960665,0.009480551561533296,2.776266154996269,0.0,5.648608070174532e-07,6132,0.005,1,1,0.8286047577857971,1.0,-0.17139524221420288,0.17139524221420288,-0.966625452041626,-1.0,0.03337454795837402,0.03337454795837402,0.23265887169020236,0.8534721432549719,0.8625420111313402,0.8529947996139526,8c2535c0e90f37901dc6a5bec51439813343184798d5d09353c5ed33f2c5fc22
3,deep,7,1000,800,200,10000,10000,0.5,877,51260911,51760911,1051760911,2051260911,3051260911,0.1748290045119142,1.6637108609776325,1.6582576278723433,0.009257653985234471,2.7679338289349356,-0.013686561261679003,0.009856404461739033,2.7498183603968114,-4.440892098500626e-16,5.545038312959605e-07,6139,0.005,1,1,0.828140377998352,1.0,-0.17185962200164795,0.17185962200164795,-0.9679149389266968,-1.0,0.03208506107330322,0.03208506107330322,0.23241533686197557,0.8493085321305436,0.8622360536451992,0.8483459949493408,ce4e59a7c59f4cbc7cda4cdf8c804c8fe08c531353e54ebad8e03c80a3567150
3,deep,7,1000,800,200,10000,10000,0.5,878,51260911,51760911,1051760911,2051260911,3051260911,0.1754545135798218,1.6728106099400144,1.6678142542897711,0.009331461828584424,2.7982953367278833,-0.013011205872161185,0.009268472489898483,2.7816043868121456,4.440892098500626e-16,5.669336893276977e-07,6146,0.005,1,1,0.8275161981582642,1.0,-0.17248380184173584,0.17248380184173584,-0.9678499698638916,-1.0,0.0321500301361084,0.0321500301361084,0.23158659976578755,0.8432215580789781,0.8646436520420573,0.8405932188034058,61e0a478ac7f637504a9c86ce7c97b80366c3c2ddff2fd95264f77a4abf96c32
3,deep,7,1000,800,200,10000,10000,0.5,879,51260911,51760911,1051760911,2051260911,3051260911,0.17529811733633033,1.6615598356246997,1.658286763532479,0.009365941772463216,2.7607810873611793,-0.010116019513309633,0.007303597539711382,2.7499149901070234,0.0,5.28491716167423e-07,6153,0.005,1,1,0.8276066780090332,1.0,-0.1723933219909668,0.1723933219909668,-0.9682199358940125,-1.0,0.03178006410598755,0.03178006410598755,0.23367030438028535,0.8481897260270279,0.8643485841762908,0.8498404026031494,afaa1fb5bbda4a526113cb31193cea48ec3520e7e05b314d1b9c7ed1d554c84c
3,deep,7,1000,800,200,10000,10000,0.5,880,51260911,51760911,1051760911,2051260911,3051260911,0.17542524945589227,1.6652540930158821,1.664980178166568,0.009570674380430291,2.7730711943061483,-0.005241437499500893,0.0037672382914118075,2.772158993687577,0.0,5.27217050461104e-07,6160,0.005,1,1,0.8272541761398315,1.0,-0.17274582386016846,0.17274582386016846,-0.9694566130638123,-1.0,0.030543386936187744,0.030543386936187744,0.22126801848603259,0.8563699999343712,0.8649821858159968,0.858102023601532,66d80804c1019ee369518096402dc12ff4460b4e0be7da8b1764d7c0f0e84824
3,deep,7,1000,800,200,10000,10000,0.5,881,51260911,51760911,1051760911,2051260911,3051260911,0.1772872439358246,1.6505871789376914,1.6489818967178878,0.009747328884899336,2.7244380352734865,-0.00752203422753165,0.005502212341661788,2.7191412957033227,4.440892098500626e-16,5.672699856518193e-07,6167,0.005,1,1,0.8254522681236267,1.0,-0.1745477318763733,0.1745477318763733,-0.9689539670944214,-1.0,0.031046032905578613,0.031046032905578613,0.2234766041087978,0.8486383332298035,0.8583174350510854,0.8490815758705139,d736c3cccf6c6786fb86f488b03bc17eef927acf5cfae516c0f2c08db1b8e2bb
3,deep,7,1000,800,200,10000,10000,0.5,882,51260911,51760911,1051760911,2051260911,3051260911,0.17918420375634478,1.634585816428569,1.6339031834988802,0.009952127727423234,2.671870791269451,-0.00609165297454937,0.0045429196173981026,2.6696396130477753,0.0,5.036853103490557e-07,6174,0.005,1,1,0.8235902190208435,1.0,-0.1764097809791565,0.1764097809791565,-0.9685903191566467,-1.0,0.03140968084335327,0.03140968084335327,0.21329143376662546,0.8446307928371829,0.8548669557607876,0.8463747501373291,804bbb8743739f3b87b729fca71ff67acf8d7bd7d4bb7c6f8a3267ad6b63d53a
3,deep,7,1000,800,200,10000,10000,0.5,883,51260911,51760911,1051760911,2051260911,3051260911,0.1773090408266997,1.6745456190590018,1.6678948320107394,0.009779151149442753,2.804103030309695,-0.01600450540550273,0.011375391273278967,2.7818731706481326,0.0,5.329565890832555e-07,6181,0.005,1,1,0.8253970742225647,1.0,-0.1746029257774353,0.1746029257774353,-0.9691404104232788,-1.0,0.03085958957672119,0.03085958957672119,0.22829497981926863,0.8524225813927693,0.8669041584767784,0.8536139726638794,fc288705289e081ae50c09eef0d5734eaa531ed7b64621f5b69eb2612b7ad980
3,deep,7,1000,800,200,10000,10000,0.5,884,51260911,51760911,1051760911,2051260911,3051260911,0.17801807040888787,1.6893187742644735,1.6794239503112451,0.009850812968678239,2.853797921082423,-0.021591964586036683,0.015080037107408285,2.8204648048790277,0.0,5.855222013906314e-07,6188,0.005,1,1,0.824706494808197,1.0,-0.17529350519180298,0.17529350519180298,-0.9689738750457764,-1.0,0.031026124954223633,0.031026124954223633,0.2566633218195504,0.8521895583819488,0.8693569617484187,0.8510322570800781,d8282e46d51e6c4be6978a1747ed0cf83a6d6badd56ef7cc2cfe2b83fc6c1dba
3,deep,7,1000,800,200,10000,10000,0.5,885,51260911,51760911,1051760911,2051260911,3051260911,0.181180458728234,1.705397202807159,1.7003096942808065,0.01054129376168093,2.908379619342482,-0.01393392831943677,0.009547314733250899,2.891053056465289,0.0,5.738061705784503e-07,6195,0.005,1,1,0.8212333917617798,1.0,-0.17876660823822021,0.17876660823822021,-0.9705235958099365,-1.0,0.029476404190063477,0.029476404190063477,0.2662270147860674,0.8615167538551504,0.8718257526011634,0.8594222068786621,7ce537f13626fd75b719664d2091c71f34cd0dedfa90e7e0ab7d6c4806574a67
3,deep,7,1000,800,200,10000,10000,0.5,886,51260911,51760911,1051760911,2051260911,3051260911,0.1796289900229257,1.6774237595308663,1.6728075602278014,0.010641659869346835,2.8137504690386654,-0.013053497676361195,0.009243403239059469,2.7982851335552894,-4.440892098500626e-16,6.167159387615584e-07,6202,0.005,1,1,0.8224902749061584,1.0,-0.17750972509384155,0.17750972509384155,-0.9724887013435364,-1.0,0.027511298656463623,0.027511298656463623,0.2382036823335433,0.8378382001690838,0.8653621945034833,0.8354886770248413,002d84b756a7fb059e377c04a39a3374b0853fa1901480806bb901bfb223f9de
3,deep,7,1000,800,200,10000,10000,0.5,887,51260911,51760911,1051760911,2051260911,3051260911,0.17644742523394252,1.6993649616016582,1.6849042131480712,0.010158310174522442,2.887841272719405,-0.02954868770490326,0.020392472020576407,2.838902207484121,-4.440892098500626e-16,5.65902258387041e-07,6209,0.005,1,1,0.8257407546043396,1.0,-0.1742592453956604,0.1742592453956604,-0.9722978472709656,-1.0,0.027702152729034424,0.027702152729034424,0.2788147041161246,0.8598084049877306,0.8735139281875341,0.863965630531311,ab5bde4f8d37b26fccac92c776b0f7aff1e48e025463cc79bc610925cfcbd850
3,deep,7,1000,800,200,10000,10000,0.5,888,51260911,51760911,1051760911,2051260911,3051260911,0.17578919085887382,1.6891850923604148,1.6833791429140628,0.010341429182931247,2.853346276252663,-0.014961183318754798,0.010448893076124764,2.833765338798085,0.0,5.630300030645685e-07,6216,0.005,1,1,0.8261447548866272,1.0,-0.1738552451133728,0.1738552451133728,-0.9739962816238403,-1.0,0.026003718376159668,0.026003718376159668,0.24189912195738514,0.8455374658501553,0.8660304244570318,0.8458716869354248,ae464c2c6c79646e4e6fdd0769a50ef5d60bc789ad10a3c429e2ac4a08e37fdb
3,deep,7,1000,800,200,10000,10000,0.5,889,51260911,51760911,1051760911,2051260911,3051260911,0.1752666593659462,1.668715715026722,1.6633428512287385,0.01074549448189998,2.7846121375771444,-0.01432409566264775,0.010248488778945042,2.766709440733749,4.440892098500626e-16,5.080363809639721e-07,6223,0.005,1,1,0.8262666463851929,1.0,-0.17373335361480713,0.17373335361480713,-0.9768672585487366,-1.0,0.023132741451263428,0.023132741451263428,0.23186608784732474,0.8384191373338549,0.8625572001607535,0.8391690254211426,ae80802dca516fbe84a500e3cbba7d0dca869a9d20f3015ec956d1ad70824fc3
3,deep,7,1000,800,200,10000,10000,0.5,890,51260911,51760911,1051760911,2051260911,3051260911,0.17784428175683747,1.6512828348463442,1.6478484993413458,0.011243612838612072,2.7267350006581785,-0.011286968357632576,0.008244745449795535,2.7154046767815254,0.0,5.43322039803229e-07,6230,0.005,1,1,0.8235765695571899,1.0,-0.17642343044281006,0.17642343044281006,-0.97756427526474,-1.0,0.02243572473526001,0.02243572473526001,0.2301279895682949,0.8570002895661359,0.8603327313930906,0.8588448762893677,afb6e8c17d487b493bf24e57fcdbc7bec6c1e72174c468cba4827b0c3f136e52
3,deep,7,1000,800,200,10000,10000,0.5,891,51260911,51760911,1051760911,2051260911,3051260911,0.18055655230949796,1.6479650325140653,1.6476598708648569,0.01150219929091636,2.7157887483890844,-0.006253948810801661,0.004586198488372976,2.714783050058397,0.0,5.304535708461344e-07,6237,0.005,1,1,0.8209493160247803,1.0,-0.17905068397521973,0.17905068397521973,-0.9767293930053711,-1.0,0.023270606994628906,0.023270606994628906,0.2207846111881582,0.8507569270888153,0.8576174733625083,0.8484177589416504,73d5077efa49d074cb08895d3cdcd5794aab1f53776d1ad83fed136ff5fe4545
3,deep,7,1000,800,200,10000,10000,0.5,892,51260911,51760911,1051760911,2051260911,3051260911,0.17964717250544596,1.6616777671194516,1.6575542720578844,0.011018112589338241,2.7611730017390865,-0.012352474755540918,0.008911705034833689,2.7474861648173428,0.0,5.451074045481619e-07,6244,0.005,1,1,0.8221412897109985,1.0,-0.17785871028900146,0.17785871028900146,-0.974713921546936,-1.0,0.025286078453063965,0.025286078453063965,0.21743418681749588,0.8528825248485191,0.8627810642144544,0.8538756370544434,8c8ce2d3797474bb8b36d40cbf89b2c98e1ec712fb7194e9cdde64d78c33cd78
3,deep,7,1000,800,200,10000,10000,0.5,893,51260911,51760911,1051760911,2051260911,3051260911,0.18010161298077446,1.646757301163939,1.6427346326030954,0.01100135721188949,2.71180960893674,-0.012116946497501346,0.008900321504610776,2.698577073153627,0.0,5.260681152918778e-07,6251,0.005,1,1,0.8217524290084839,1.0,-0.1782475709915161,0.1782475709915161,-0.9742241501808167,-1.0,0.02577584981918335,0.02577584981918335,0.2168839421121767,0.8522497441486526,0.8596646747920351,0.8543131351470947,2454fad918ae19b8364f08afdabb39d5f5cb6f5179a7f49a2cd978c5a9795076
3,deep,7,1000,800,200,10000,10000,0.5,894,51260911,51760911,1051760911,2051260911,3051260911,0.1806767211959224,1.6976447527755723,1.6910016746203125,0.011050617313868203,2.881997706626434,-0.016780830185800653,0.011600794944859638,2.859486663568701,0.0,4.862583882214722e-07,6258,0.005,1,1,0.8212012052536011,1.0,-0.17879879474639893,0.17879879474639893,-0.9740179181098938,-1.0,0.0259820818901062,0.0259820818901062,0.23181230643004602,0.8591082643058005,0.8704253945640131,0.859809398651123,eac413f7a0ccf52ca64474554e9bae06b7e16ba1316965e30698fc1219b90aea
3,deep,7,1000,800,200,10000,10000,0.5,895,51260911,51760911,1051760911,2051260911,3051260911,0.17872928022437395,1.6495421176269869,1.6450306676668527,0.010811819562448116,2.7209891978253244,-0.012837559911660941,0.009398605410826436,2.7061258975644513,8.881784197001252e-16,5.379194494281592e-07,6265,0.005,1,1,0.8231300115585327,1.0,-0.17686998844146729,0.17686998844146729,-0.9742869138717651,-1.0,0.025713086128234863,0.025713086128234863,0.2155935178830769,0.8467038013788746,0.8596308381937829,0.8484141230583191,7ce8858fdafa43be49d9ad3d7e84dba26811d32ba280d8efb87b73adde95a967
3,deep,7,1000,800,200,10000,10000,0.5,896,51260911,51760911,1051760911,2051260911,3051260911,0.1787349263843045,1.667497699239479,1.6646814081451804,0.01070126830260181,2.780548576968956,-0.010042827323668601,0.007195935785312363,2.7711641906242206,-4.440892098500626e-16,5.536424136920459e-07,6272,0.005,1,1,0.8232221603393555,1.0,-0.17677783966064453,0.17677783966064453,-0.9736225605010986,-1.0,0.026377439498901367,0.026377439498901367,0.23690088194021325,0.8522807164827334,0.8664486035554346,0.8540655970573425,a13191b8837db19f7a3ad97c073911ddbc23ec047dd7c38cc605d1624a2a9f9a
3,deep,7,1000,800,200,10000,10000,0.5,897,51260911,51760911,1051760911,2051260911,3051260911,0.18005497418015323,1.664873216173594,1.6582194871058635,0.0104520400873705,2.7718028259322067,-0.016281499300971898,0.011703815850821003,2.749691867417633,-4.440892098500626e-16,5.464379846387146e-07,6279,0.005,1,1,0.8223021030426025,1.0,-0.17769789695739746,0.17769789695739746,-0.9709612131118774,-1.0,0.02903878688812256,0.02903878688812256,0.23801763791520736,0.8498740470928863,0.8656446921093304,0.8535194993019104,1756111aa378c0fef8973836eb8e369ddfbb6b4e614205daf5ee5f4473ee40c5
3,deep,7,1000,800,200,10000,10000,0.5,898,51260911,51760911,1051760911,2051260911,3051260911,0.18535854755629266,1.693868546639996,1.6927215614400426,0.011176828195575876,2.8691906532962927,-0.007530598463926379,0.005228915068868888,2.865306284564016,0.0,5.436109340450912e-07,6286,0.005,1,1,0.8169717192649841,1.0,-0.18302828073501587,0.18302828073501587,-0.9707008600234985,-1.0,0.029299139976501465,0.029299139976501465,0.2593854669661929,0.8578644503842638,0.8691767071349088,0.8562308549880981,315e5dcc00f93f6936d6ed8e97112d7c15c06d637fce054726de32d6085129a9
3,deep,7,1000,800,200,10000,10000,0.5,899,51260911,51760911,1051760911,2051260911,3051260911,0.18433529234147145,1.6838810893504912,1.6798044989769336,0.010778915502961936,2.835455523072197,-0.012245641896006234,0.008604802000875563,2.821743154783147,0.0,5.31504094070101e-07,6293,0.005,1,1,0.8182550668716431,1.0,-0.18174493312835693,0.18174493312835693,-0.9692058563232422,-1.0,0.030794143676757812,0.030794143676757812,0.22896437300794123,0.8621149133957468,0.8688429728579246,0.861625611782074,b69c52dbfd5528b0302a41827389c25cebec7611a67709784339fcf5a462506a
3,deep,7,1000,800,200,10000,10000,0.5,900,51260911,51760911,1051760911,2051260911,3051260911,0.18117953472410775,1.6858403139531137,1.6799838249260257,0.010316535945014488,2.842057564149533,-0.01501422404073405,0.010527527956614368,2.8223456520130794,0.0,5.516396797133893e-07,6300,0.005,1,1,0.8214693665504456,1.0,-0.17853063344955444,0.17853063344955444,-0.9691319465637207,-1.0,0.030868053436279297,0.030868053436279297,0.2478745494752861,0.8551936771124455,0.8711191127796181,0.8588294386863708,954c1aa8063f904dda341b84114c14344afb4340a891b49dbd9780529e654049
3,deep,7,1000,800,200,10000,10000,0.5,901,51260911,51760911,1051760911,2051260911,3051260911,0.18042621300638556,1.6546966578307571,1.653146761257835,0.010424066921139513,2.7380210294362777,-0.007775441050073646,0.0056580653987803,2.7328942142572696,-4.440892098500626e-16,5.880539237779203e-07,6307,0.005,1,1,0.8220078349113464,1.0,-0.17799216508865356,0.17799216508865356,-0.9704634547233582,-1.0,0.029536545276641846,0.029536545276641846,0.21514010812413312,0.8487638478383872,0.860484849314231,0.85014408826828,2def7d60b297741059979890a45693ffa6f3a5a5af1132a5af32e48257a6ead8
3,deep,7,1000,800,200,10000,10000,0.5,902,51260911,51760911,1051760911,2051260911,3051260911,0.18166172414931386,1.7072570284534132,1.7022144389379361,0.010335834431659868,2.914726561203578,-0.0137641997532228,0.0094112178760779,2.8975339961287925,0.0,5.307132848741958e-07,6314,0.005,1,1,0.8210329413414001,1.0,-0.17896705865859985,0.17896705865859985,-0.9688267111778259,-1.0,0.031173288822174072,0.031173288822174072,0.23314389328479113,0.8645838839140236,0.8732587613659257,0.8636469841003418,4ef1ca850637f92dda301efcc0b7d862bfd9cd45a273d4bcda9486d93573007e
3,deep,7,1000,800,200,10000,10000,0.5,903,51260911,51760911,1051760911,2051260911,3051260911,0.1837119408122554,1.668304442938538,1.6622995378624899,0.010384108887315857,2.7832397143284657,-0.015192034818967167,0.01087622083740637,2.7632397535778472,0.0,4.982987071855405e-07,6321,0.005,1,1,0.8192196488380432,1.0,-0.1807803511619568,0.1807803511619568,-0.967311441898346,-1.0,0.03268855810165405,0.03268855810165405,0.24181211026359065,0.8616647053602904,0.8632943006946434,0.8613946437835693,9bdc24a69724a562904a1deed5b021903f20dce813c2f7f8c9ee59b928ba6762
3,deep,7,1000,800,200,10000,10000,0.5,904,51260911,51760911,1051760911,2051260911,3051260911,0.18405620133473558,1.668387651373691,1.6661663562968916,0.010329549094374382,2.783517355256221,-0.008868288747467461,0.006348442882577215,2.7761103268556604,-4.440892098500626e-16,6.041583517912841e-07,6328,0.005,1,1,0.8189886212348938,1.0,-0.1810113787651062,0.1810113787651062,-0.9666598439216614,-1.0,0.03334015607833862,0.03334015607833862,0.22289199959863792,0.8581187522814315,0.8656781932834716,0.8604667782783508,36fd0cd79147fff3e0a4f305a558addb889166bfb96035c8001d4c97bdedc3c6
3,deep,7,1000,800,200,10000,10000,0.5,905,51260911,51760911,1051760911,2051260911,3051260911,0.18310095825064251,1.6827888785972567,1.680680595370157,0.010263788320306486,2.8317784099306125,-0.008677467298566572,0.006106501377007671,2.8246872636537854,-4.440892098500626e-16,5.329423142796941e-07,6335,0.005,1,1,0.8198800086975098,1.0,-0.18011999130249023,0.18011999130249023,-0.9670948386192322,-1.0,0.03290516138076782,0.03290516138076782,0.2363405298694194,0.8582536560379768,0.8702686549452399,0.8595708608627319,76793caa3a7d8fe3ee88e8be2cec49678bf1bb6fa523a2238736e4a87a307a3b
3,deep,7,1000,800,200,10000,10000,0.5,906,51260911,51760911,1051760911,2051260911,3051260911,0.1833813805785472,1.6762892674713168,1.6751226014282647,0.010107410117081267,2.809945708239524,-0.007008694270403971,0.0049706115284015,2.806035729815797,0.0,5.435190857383532e-07,6342,0.005,1,1,0.8198277950286865,1.0,-0.18017220497131348,0.18017220497131348,-0.9658429026603699,-1.0,0.03415709733963013,0.03415709733963013,0.22806048815816815,0.8548007117545481,0.8689049517617774,0.8551640510559082,3ac7ecce87e59127e13f48d5eb515fe2f6a45beb1cf6d4dff9be4928bed2233b
3,deep,7,1000,800,200,10000,10000,0.5,907,51260911,51760911,1051760911,2051260911,3051260911,0.18494526363087663,1.673092616353134,1.674665519793882,0.010440921508091961,2.7992389028953757,-0.002587610608477468,0.001841925607325633,2.804504603186513,0.0,5.053932063958655e-07,6349,0.005,1,1,0.8181011080741882,1.0,-0.18189889192581177,0.18189889192581177,-0.9665703177452087,-1.0,0.03342968225479126,0.03342968225479126,0.23231213562625275,0.8592673260147454,0.8661422042726382,0.8599311113357544,179454c634f9066b4b7b7a937d0c63fd6346b6183e6d825f3c7f634fa711b90d
3,deep,7,1000,800,200,10000,10000,0.5,908,51260911,51760911,1051760911,2051260911,3051260911,0.18907332098731494,1.6601503582804034,1.6677245670210064,0.011247315767901543,2.7560992120985515,0.006979351789475119,-0.005044075051096694,2.7813052314454034,0.0,5.089165924232475e-07,6356,0.005,1,1,0.8136783242225647,1.0,-0.1863216757774353,0.1863216757774353,-0.9678604006767273,-1.0,0.032139599323272705,0.032139599323272705,0.2531101965490145,0.840897515893694,0.8630135462061348,0.8362737894058228,04c3bc151da12cc00466ae0fd8a7b6386b91c3996c61fd5d0c4e1ad072ae2465
3,deep,7,1000,800,200,10000,10000,0.5,909,51260911,51760911,1051760911,2051260911,3051260911,0.19167749578731058,1.6482837961943038,1.6463700744899454,0.01180108457265573,2.716839472796705,-0.009053067596666227,0.006635588239877329,2.7105344221760284,0.0,5.509737306397255e-07,6363,0.005,1,1,0.8108733892440796,1.0,-0.1891266107559204,0.1891266107559204,-0.9688329100608826,-1.0,0.03116708993911743,0.03116708993911743,0.22106937345751745,0.8408519811342319,0.860528658974724,0.8432806730270386,89bf91b270527176198d5949ff8a5a6fe791c311002473d3e6b2d4278234952a
3,deep,7,1000,800,200,10000,10000,0.5,910,51260911,51760911,1051760911,2051260911,3051260911,0.1956774518483382,1.6835129958980921,1.6762330379279138,0.012851170607968084,2.8342160073577696,-0.018654990262347473,0.013104706771040562,2.809757197441043,0.0,5.300080285763897e-07,6370,0.005,1,1,0.8064448237419128,1.0,-0.19355517625808716,0.19355517625808716,-0.9712587594985962,-1.0,0.02874124050140381,0.02874124050140381,0.23965011547299947,0.8570750257848364,0.8700458092325832,0.8637144565582275,6d4db53b16038fc0eac7bd5ebb645da629cb315e5affa58be892c4e8b07d57c3
3,deep,7,1000,800,200,10000,10000,0.5,911,51260911,51760911,1051760911,2051260911,3051260911,0.19636996859821146,1.663977037517913,1.6619145732987277,0.012879077631626117,2.76881958138689,-0.00986930503791186,0.007095883665122884,2.761960048942692,-4.440892098500626e-16,5.586964064718813e-07,6377,0.005,1,1,0.80581134557724,1.0,-0.19418865442276,0.19418865442276,-0.9708121418952942,-1.0,0.02918785810470581,0.02918785810470581,0.22578681680007345,0.8414757541750251,0.8633536623903479,0.8409489393234253,518d9aeae77fc18e6149cf03c867dcbd0a394b2ea6706d6020aca5d6207103be
3,deep,7,1000,800,200,10000,10000,0.5,912,51260911,51760911,1051760911,2051260911,3051260911,0.1971142166719911,1.6506178405531806,1.6552872563666916,0.013625143195381708,2.7245392555524455,0.0009057511710709609,-0.0006615754492207731,2.739975901089969,0.0,5.612589930592549e-07,6384,0.005,1,1,0.8045867681503296,1.0,-0.1954132318496704,0.1954132318496704,-0.9741604328155518,-1.0,0.025839567184448242,0.025839567184448242,0.23311401556486153,0.8430618420668816,0.8592906618601908,0.8415585160255432,4d3f8a449537b39142c48d54039f73dc75a981cbd6c59048e2f899b5af953e85
3,deep,7,1000,800,200,10000,10000,0.5,913,51260911,51760911,1051760911,2051260911,3051260911,0.19582935910763263,1.6740006706525294,1.6690020645816228,0.013578920195319796,2.8022782453451183,-0.015144636981359313,0.010756679825024188,2.785567891577719,-4.440892098500626e-16,6.084338828316049e-07,6391,0.005,1,1,0.8057710528373718,1.0,-0.19422894716262817,0.19422894716262817,-0.9750149250030518,-1.0,0.024985074996948242,0.024985074996948242,0.2125257036510147,0.8537398234306778,0.8645220241096595,0.8557511568069458,7ac296c9c10e729ab8693f8b2ebf63f6111f1758a8c3aa09ec6c7130bd3fb6c9
3,deep,7,1000,800,200,10000,10000,0.5,914,51260911,51760911,1051760911,2051260911,3051260911,0.19559857328344504,1.6911811118054403,1.6832213314247035,0.01385633200561052,2.860093552927485,-0.020357917184971826,0.014167204022380333,2.8332340505631515,-4.440892098500626e-16,5.207272941731844e-07,6398,0.005,1,1,0.8058003783226013,1.0,-0.19419962167739868,0.19419962167739868,-0.9766481518745422,-1.0,0.023351848125457764,0.023351848125457764,0.2241667131484471,0.8511174388279963,0.8718999696175215,0.8503760099411011,4fbd5f6ffa1aea0ede4a45f2ae6c51202926a6f8e25ee2e5c2c46f1f2d67b24a
3,deep,7,1000,800,200,10000,10000,0.5,915,51260911,51760911,1051760911,2051260911,3051260911,0.19326774071026862,1.6697565986746452,1.6765182953056714,0.013743481817479334,2.7880870988175204,0.004441506929817366,-0.0031704321885235144,2.810713594494634,-4.440892098500626e-16,4.977809346939921e-07,6405,0.005,1,1,0.807983934879303,1.0,-0.19201606512069702,0.19201606512069702,-0.9780398011207581,-1.0,0.021960198879241943,0.021960198879241943,0.24353312247514589,0.8471563183777192,0.8657793412277061,0.8447844982147217,dfa706c49dbfd2fc5332adcea5cf167c05f25dce817338b97e637fbc86ccb09b
3,deep,7,1000,800,200,10000,10000,0.5,916,51260911,51760911,1051760911,2051260911,3051260911,0.19452385521551788,1.6624547919359896,1.6695615453131976,0.0141938663809967,2.7637559352309347,0.0047429759883303195,-0.0034147312421399143,2.787435753588592,-4.440892098500626e-16,5.274480709971385e-07,6412,0.005,1,1,0.8065837621688843,1.0,-0.19341623783111572,0.19341623783111572,-0.9792710542678833,-1.0,0.0207289457321167,0.0207289457321167,0.26000658395617804,0.8579376769284552,0.865917318514616,0.8589737415313721,493392adb84d69df89fd41dd2a4550b5bdc0e63fd04950ffd250be44f0efc3e9
3,deep,7,1000,800,200,10000,10000,0.5,917,51260911,51760911,1051760911,2051260911,3051260911,0.19587642229731506,1.6765627580654936,1.677602513192546,0.014598736509681663,2.8108626817321745,-0.005555612985954763,0.00393253501894338,2.8143501922699463,0.0,5.681252730482811e-07,6419,0.005,1,1,0.8051314949989319,1.0,-0.19486850500106812,0.19486850500106812,-0.9801546335220337,-1.0,0.01984536647796631,0.01984536647796631,0.22400367388763406,0.8542934352374948,0.8678825586352077,0.8544140458106995,bcf168432bd63cec26a3658835f9b708d9b00740e8b9d96d57d54755f3b8f263
3,deep,7,1000,800,200,10000,10000,0.5,918,51260911,51760911,1051760911,2051260911,3051260911,0.19394175125164706,1.657144835973295,1.6545162214350029,0.013682792505003039,2.7461290073929585,-0.011193936453201127,0.008112101306049202,2.7374239269915592,0.0,5.831324187965947e-07,6426,0.005,1,1,0.8074081540107727,1.0,-0.1925918459892273,0.1925918459892273,-0.9771574139595032,-1.0,0.022842586040496826,0.022842586040496826,0.22021499555165888,0.8452208389396231,0.8612870027658402,0.8454403281211853,f513425eecbf6f09d9b7a35502b2163146b981f937c3ae33385f6b40abc8c55a
3,deep,7,1000,800,200,10000,10000,0.5,919,51260911,51760911,1051760911,2051260911,3051260911,0.19374410185060303,1.6821318383787136,1.6786047277264478,0.01368900323478118,2.8295675216873506,-0.012771346488274863,0.008983604804089657,2.817713831945582,0.0,5.282171944287484e-07,6433,0.005,1,1,0.8075836300849915,1.0,-0.19241636991500854,0.19241636991500854,-0.9773567318916321,-1.0,0.02264326810836792,0.02264326810836792,0.2306137356810845,0.851832257985164,0.8704195509774668,0.8517472743988037,45977c1dad6a3c2413510427d17bf906bbaceaf5f94c9733603be6843dfafae2
3,deep,7,1000,800,200,10000,10000,0.5,920,51260911,51760911,1051760911,2051260911,3051260911,0.19320510009351716,1.6814668651024416,1.68382061656255,0.013903304835682598,2.827330818437433,-0.0029911272560148522,0.0021055126935960204,2.8352518687610857,0.0,5.150394883912668e-07,6440,0.005,1,1,0.807949423789978,1.0,-0.19205057621002197,0.19205057621002197,-0.9789100289344788,-1.0,0.02108997106552124,0.02108997106552124,0.2276408115582517,0.8418252566240434,0.8693289737023743,0.8420790433883667,c332141b079482717594d3ef77440d572e390caa7a95e8961976adcc4e18ec3d
3,deep,7,1000,800,200,10000,10000,0.5,921,51260911,51760911,1051760911,2051260911,3051260911,0.19041680366710242,1.6455810550844625,1.6488992152708584,0.013127662767491699,2.707937008852893,-0.001098024749766011,0.0008070552392362957,2.7188686221208527,0.0,5.414180712648431e-07,6447,0.005,1,1,0.8109477758407593,1.0,-0.18905222415924072,0.18905222415924072,-0.9772444367408752,-1.0,0.022755563259124756,0.022755563259124756,0.2377393379775084,0.857226939311477,0.8599941510861409,0.8579991459846497,843fa180a74f24188db802877eeb955e41257645c47dce9e35764084312f15db
3,deep,7,1000,800,200,10000,10000,0.5,922,51260911,51760911,1051760911,2051260911,3051260911,0.18907147952812223,1.6717464436620215,1.669952351353998,0.012791127650830163,2.794736171896617,-0.009393221877350214,0.0066914554162050945,2.7887408557927467,0.0,5.235328490726943e-07,6454,0.005,1,1,0.8123827576637268,1.0,-0.1876172423362732,0.1876172423362732,-0.9765949845314026,-1.0,0.023405015468597412,0.023405015468597412,0.21643958028614946,0.8489241136936697,0.866943343202718,0.8494458198547363,c0c8859af5576c585eef49b9b6aa9461424850a983b978ef2d4ac06eeafe482e
3,deep,7,1000,800,200,10000,10000,0.5,923,51260911,51760911,1051760911,2051260911,3051260911,0.18964558766797515,1.7160693893483059,1.7073042931648155,0.012451310261457188,2.9448941490582676,-0.02122875493035743,0.014356628417189148,2.9148879494590103,0.0,5.511752778630807e-07,6461,0.005,1,1,0.8121092915534973,1.0,-0.18789070844650269,0.18789070844650269,-0.9742603302001953,-1.0,0.025739669799804688,0.025739669799804688,0.2391552608767735,0.8643503183762246,0.8763721435046835,0.8635073900222778,e901dd18b35885124d2f8e3e8fe7b20c5228f16fe08f395f4c509f0f65941c2b
3,deep,7,1000,800,200,10000,10000,0.5,924,51260911,51760911,1051760911,2051260911,3051260911,0.18981544649382967,1.655797583134706,1.6544324574280387,0.012189251436500879,2.741665636314734,-0.008354065779927805,0.006067179368880716,2.7371467561913794,0.0,5.175059172302099e-07,6468,0.005,1,1,0.8121635913848877,1.0,-0.1878364086151123,0.1878364086151123,-0.9726616144180298,-1.0,0.027338385581970215,0.027338385581970215,0.2185352360775893,0.8469485428043021,0.859631670760246,0.8489074110984802,e638baa4514725e15a50eb6b0b129aa36c11fb294b8c7083a91ff1b490ebc2dc
3,deep,7,1000,800,200,10000,10000,0.5,925,51260911,51760911,1051760911,2051260911,3051260911,0.18923085838487771,1.6698693583334037,1.6685933609162216,0.011987783644738254,2.788463673900813,-0.008123826725929985,0.005801797923717694,2.784203804093692,4.440892098500626e-16,5.506236906427375e-07,6475,0.005,1,1,0.8128472566604614,1.0,-0.18715274333953857,0.18715274333953857,-0.9720327258110046,-1.0,0.02796727418899536,0.02796727418899536,0.22192577617748926,0.8546259103195871,0.8650802316356594,0.8559538722038269,b9c98e04b4c5d2e53a653a8c4df57908efbc0bdd5042383311140b16df6b6c4a
3,deep,7,1000,800,200,10000,10000,0.5,926,51260911,51760911,1051760911,2051260911,3051260911,0.18644803311940594,1.6779149869192056,1.6757922842786515,0.011547513083348424,2.8153987033280776,-0.009333218181783013,0.0066030390869131995,2.8082797800478607,8.881784197001252e-16,5.421030611074684e-07,6482,0.005,1,1,0.815678060054779,1.0,-0.18432193994522095,0.18432193994522095,-0.9719234704971313,-1.0,0.028076529502868652,0.028076529502868652,0.2219226881703841,0.8483121482574552,0.8684550429832696,0.8481064438819885,30501a365449ccd7ef851c20859425195460b7c150c6faa0680b8a3a8c0fd640
3,deep,7,1000,800,200,10000,10000,0.5,927,51260911,51760911,1051760911,2051260911,3051260911,0.18222444076426333,1.6723708869815386,1.668737146963614,0.01091929384630387,2.796824383623418,-0.011530005906729226,0.008213004626633026,2.784683665656263,-8.881784197001252e-16,5.878949238535824e-07,6489,0.005,1,1,0.8199552297592163,1.0,-0.1800447702407837,0.1800447702407837,-0.971899688243866,-1.0,0.028100311756134033,0.028100311756134033,0.21985118611827376,0.8517129574043742,0.8658172035054246,0.851518988609314,a52a106aca6b7284ae905230e9efd9ca952bcee4024f0a864bc4e5fe0d3e986c
3,deep,7,1000,800,200,10000,10000,0.5,928,51260911,51760911,1051760911,2051260911,3051260911,0.1800901693142865,1.6673927629715954,1.6659813826088852,0.010603578317387475,2.7801986260100513,-0.007654118564013194,0.005485246179141368,2.7754939671994125,0.0,5.742134217001649e-07,6496,0.005,1,1,0.8221224546432495,1.0,-0.1778775453567505,0.1778775453567505,-0.9718566536903381,-1.0,0.028143346309661865,0.028143346309661865,0.21591443537306065,0.8447767491428069,0.862747998390439,0.8439085483551025,c3da1aa67b4fec3e7d65c84849910a0fca2bb0fa22f8e1dfeec5182581e0de27
3,deep,7,1000,800,200,10000,10000,0.5,929,51260911,51760911,1051760911,2051260911,3051260911,0.18120373341562687,1.6796647303129697,1.6753035178467082,0.010745681930604047,2.8212736062573414,-0.01268870563919496,0.008960889279333807,2.8066418769095556,0.0,4.889601576962832e-07,6503,0.005,1,1,0.8210124969482422,1.0,-0.1789875030517578,0.1789875030517578,-0.9717463850975037,-1.0,0.028253614902496338,0.028253614902496338,0.2105086599529983,0.8534748488012147,0.8671643151424205,0.8539623022079468,126994d1eb89b00f3f6528014a30df3616ef1d9391dde37f7c4d107a1b098cc8
3,deep,7,1000,800,200,10000,10000,0.5,930,51260911,51760911,1051760911,2051260911,3051260911,0.1857092026104426,1.6777193833650101,1.6753061197644157,0.011477203550688079,2.81474232931867,-0.009784468974627833,0.006924068608848667,2.8066505949201024,0.0,5.396823077319368e-07,6510,0.005,1,1,0.8163899183273315,1.0,-0.18361008167266846,0.18361008167266846,-0.9721567630767822,-1.0,0.027843236923217773,0.027843236923217773,0.2212215251885029,0.8471718090643253,0.8673178178549134,0.8472211360931396,64de1c37649dce16ebe3a11477eb7f1f057109befb1ffa1c0578ad9f624df2b9
3,deep,7,1000,800,200,10000,10000,0.5,931,51260911,51760911,1051760911,2051260911,3051260911,0.18853820994326148,1.6773536539986746,1.6767333033501324,0.011809138838404246,2.8135152805827057,-0.006944924428831145,0.004916196087848993,2.8114345705634474,-4.440892098500626e-16,5.275320624775759e-07,6517,0.005,1,1,0.8136106133460999,1.0,-0.18638938665390015,0.18638938665390015,-0.9716159701347351,-1.0,0.028384029865264893,0.028384029865264893,0.22007769766339522,0.8597429875019755,0.8673447172013095,0.8597431182861328,a43e846db6f2ab3165cbebb727cf7fe16e194ff86954772ae76ba2b2603852b3
3,deep,7,1000,800,200,10000,10000,0.5,932,51260911,51760911,1051760911,2051260911,3051260911,0.19057305597643046,1.7036362856497493,1.6981330107748758,0.011793653042004418,2.9023765937824746,-0.015257262270567552,0.010471085062510077,2.8836557222833443,4.440892098500626e-16,5.597355077213706e-07,6524,0.005,1,1,0.8118420839309692,1.0,-0.18815791606903076,0.18815791606903076,-0.9697561860084534,-1.0,0.03024381399154663,0.03024381399154663,0.21937558337674695,0.8638672509626376,0.8751744719994394,0.8645968437194824,f9f5f6e7139571402a9a2a526c26b595ceb7278128388259fa68499d44d567ba
3,deep,7,1000,800,200,10000,10000,0.5,933,51260911,51760911,1051760911,2051260911,3051260911,0.19619911547641217,1.6992717263494674,1.6978546245696915,0.012911237039610076,2.8875243999706997,-0.008862655418810815,0.0061112581197948585,2.882710326172688,-4.440892098500626e-16,5.326586656195786e-07,6531,0.005,1,1,0.8059357404708862,1.0,-0.19406425952911377,0.19406425952911377,-0.9711355566978455,-1.0,0.02886444330215454,0.02886444330215454,0.2242974102054944,0.8602148672287222,0.8712669624809678,0.8620229959487915,e2c25d4663945b8defbfc207d490ad6f443e01d01a676b55c6ef181e16e9b0d1
3,deep,7,1000,800,200,10000,10000,0.5,934,51260911,51760911,1051760911,2051260911,3051260911,0.19690558720769902,1.6500099385458733,1.6465302361026244,0.012931554232567128,2.7225327973001563,-0.012201266566279663,0.00892080100363443,2.711061818400164,0.0,5.326542300565507e-07,6538,0.005,1,1,0.8052963614463806,1.0,-0.19470363855361938,0.19470363855361938,-0.9706349968910217,-1.0,0.02936500310897827,0.02936500310897827,0.2184040787819351,0.8493652880470034,0.8606643099874589,0.8503425121307373,3ba6dc23fb24e5bd1512905eed3e6dafecc3d2256513f1bf1ceaca8f3a792388
3,deep,7,1000,800,200,10000,10000,0.5,935,51260911,51760911,1051760911,2051260911,3051260911,0.19773500734033034,1.6662597817910643,1.6632833370967302,0.013232645251088002,2.7764216604144054,-0.0115714231009292,0.008295954862528206,2.7665114594636346,-4.440892098500626e-16,6.016387281704283e-07,6545,0.005,1,1,0.8043226599693298,1.0,-0.19567734003067017,0.19567734003067017,-0.9715480804443359,-1.0,0.028451919555664062,0.028451919555664062,0.23209079977169175,0.8652577996203152,0.8656010423504006,0.8665345907211304,7e4eda2b32f159a68437d9c6e039b980de98384e91b79c674f52be280abf101b
3,deep,7,1000,800,200,10000,10000,0.5,936,51260911,51760911,1051760911,2051260911,3051260911,0.19737481585938962,1.6774602855966447,1.6735963209153664,0.01297867774060798,2.813873009753977,-0.012963521056567487,0.009171702296173131,2.80092464538145,0.0,5.376598295470103e-07,6552,0.005,1,1,0.8048443794250488,1.0,-0.19515562057495117,0.19515562057495117,-0.9704855680465698,-1.0,0.029514431953430176,0.029514431953430176,0.21520195445899357,0.8581683196828805,0.8666821939440091,0.858428955078125,bb3571885470d8f622b9b3d31151e370c5676d94a02bd48e86882e5689ce5c6f
3,deep,7,1000,800,200,10000,10000,0.5,937,51260911,51760911,1051760911,2051260911,3051260911,0.19763286256554094,1.6769832740283053,1.6762657598890103,0.013298376422508196,2.8122729013706937,-0.007852190008460309,0.005557948631607654,2.8098668977762813,0.0,5.365017621272727e-07,6559,0.005,1,1,0.8043623566627502,1.0,-0.19563764333724976,0.19563764333724976,-0.9719882011413574,-1.0,0.028011798858642578,0.028011798858642578,0.2189945033707887,0.8648067664512973,0.8659726177015873,0.8622443675994873,e98c8a957532556b0e05482fc5df14eff8eed45d279e64a782cbd1cf3a8d932f
3,deep,7,1000,800,200,10000,10000,0.5,938,51260911,51760911,1051760911,2051260911,3051260911,0.19737645106399299,1.6881484313614028,1.6871170391358221,0.013269063604095384,2.8498451263079647,-0.008375143084818227,0.005850373075811878,2.8463639037424233,-4.440892098500626e-16,5.629187658229284e-07,6566,0.005,1,1,0.8046122193336487,1.0,-0.19538778066635132,0.19538778066635132,-0.9720522165298462,-1.0,0.02794778347015381,0.02794778347015381,0.21297790873486022,0.8470111129914281,0.8698573090203648,0.8456636667251587,c0f80f3a09701b0970ce6702417635866a59549aadf2ea806889cd0d8efb8471
3,deep,7,1000,800,200,10000,10000,0.5,939,51260911,51760911,1051760911,2051260911,3051260911,0.19920685000001892,1.6737073127523037,1.6765334808883223,0.013572318807367643,2.8012961687605378,-0.0020519875141954,0.0014579633281328554,2.8107645125395146,0.0,5.257425463867094e-07,6573,0.005,1,1,0.8027580976486206,1.0,-0.1972419023513794,0.1972419023513794,-0.972089409828186,-1.0,0.027910590171813965,0.027910590171813965,0.22469578069635276,0.8650441989443206,0.8671265032554769,0.8670837879180908,5005ead2fed9583ae157c51ef9d790d3591cea8e77c28e22c439cb3c118e21ba
3,deep,7,1000,800,200,10000,10000,0.5,940,51260911,51760911,1051760911,2051260911,3051260911,0.199391898137742,1.6725384535824412,1.6753335310279847,0.013342410046310635,2.797384878711944,-0.001992424285779731,0.0014177286382414994,2.8067424401866954,4.440892098500626e-16,5.401790392767225e-07,6580,0.005,1,1,0.8027716875076294,1.0,-0.1972283124923706,0.1972283124923706,-0.9707062840461731,-1.0,0.029293715953826904,0.029293715953826904,0.2324897628855267,0.84828937502509,0.8658782732481948,0.8484570980072021,78901c895fc3febfd116df2201f2f850e27af4d2d1290db32248efb1a70136ad
3,deep,7,1000,800,200,10000,10000,0.5,941,51260911,51760911,1051760911,2051260911,3051260911,0.19880772874686153,1.6844279534241269,1.6814636959297184,0.013363963975487815,2.8372975302765924,-0.011670666761225629,0.008188041115900805,2.8273201607296286,-4.440892098500626e-16,5.48609596862093e-07,6587,0.005,1,1,0.8032709360122681,1.0,-0.19672906398773193,0.19672906398773193,-0.9713261723518372,-1.0,0.028673827648162842,0.028673827648162842,0.21348966627779473,0.8567246472015385,0.8695086698882878,0.8571051359176636,ec14af74167d00395c408652c5fcc7e0f50deb109ba9a51bfedc9770daf73fc6
3,deep,7,1000,800,200,10000,10000,0.5,942,51260911,51760911,1051760911,2051260911,3051260911,0.1989257067556848,1.6713011466104413,1.6691665666225552,0.013758995070762997,2.7932475226613755,-0.010444745300804853,0.007441910259078034,2.786117027130529,0.0,5.248485841491402e-07,6594,0.005,1,1,0.8028728365898132,1.0,-0.19712716341018677,0.19712716341018677,-0.9733107089996338,-1.0,0.02668929100036621,0.02668929100036621,0.21421915855245666,0.854455878010898,0.8685235961740445,0.8545632362365723,fb9c4412de46051d82af0f44635cd0934dfa2976e2536d4a16eeb650ff61bafa
3,deep,7,1000,800,200,10000,10000,0.5,943,51260911,51760911,1051760911,2051260911,3051260911,0.19889714280496115,1.7033238280804,1.6953141921807267,0.014144900881456693,2.9013120633064675,-0.02068337698926691,0.014188771944385803,2.87409021020939,0.0,5.960827138551394e-07,6601,0.005,1,1,0.8026391863822937,1.0,-0.1973608136177063,0.1973608136177063,-0.9753264784812927,-1.0,0.024673521518707275,0.024673521518707275,0.22688723466765645,0.8694532117777924,0.8787670724883708,0.8735276460647583,351456fb8869572505d3faff9f9e15171e4ad4f4093b786f19bdc571fc2acdd1
3,deep,7,1000,800,200,10000,10000,0.5,944,51260911,51760911,1051760911,2051260911,3051260911,0.1970359426222748,1.7225278455601818,1.7155226829889183,0.013756535577007074,2.9671021787302014,-0.018920319228855915,0.012694542775908283,2.943018075849497,0.0,5.714551498670062e-07,6608,0.005,1,1,0.804567813873291,1.0,-0.19543218612670898,0.19543218612670898,-0.9749116897583008,-1.0,0.02508831024169922,0.02508831024169922,0.22139341247171918,0.8714578332605111,0.8814921083372037,0.872016191482544,d9db534df8a74b205f485f2bc8897652f535b9fb28438022776529492a22a63c
3,deep,7,1000,800,200,10000,10000,0.5,945,51260911,51760911,1051760911,2051260911,3051260911,0.1961502433880119,1.656743631539479,1.6565396024264292,0.013654993700935677,2.7447994606466213,-0.007165499970222445,0.005195300548775792,2.744123454407112,0.0,5.361294004302408e-07,6615,0.005,1,1,0.8054317235946655,1.0,-0.19456827640533447,0.19456827640533447,-0.9751383066177368,-1.0,0.024861693382263184,0.024861693382263184,0.22210231849258136,0.8452150756733373,0.861906748071495,0.8411593437194824,9e4b84e68f5e9777544d5a6d9ee7a7701b51384d22982ec6332ceeb73fc5914a
3,deep,7,1000,800,200,10000,10000,0.5,946,51260911,51760911,1051760911,2051260911,3051260911,0.19753226263697884,1.6966326646356025,1.7009337392898196,0.013860614716104794,2.8785623987085045,0.00037628601491936564,-0.0002601874021696747,2.893175585454448,-4.440892098500626e-16,4.956444001891214e-07,6622,0.005,1,1,0.8040525913238525,1.0,-0.19594740867614746,0.19594740867614746,-0.975027859210968,-1.0,0.024972140789031982,0.024972140789031982,0.26027768582442906,0.8592967781421293,0.872749754963311,0.8548914194107056,b1ba2e083da3c62e864097d8909f77d892301ca6765043dda5585be263d6d943
3,deep,7,1000,800,200,10000,10000,0.5,947,51260911,51760911,1051760911,2051260911,3051260911,0.19765175230485638,1.661606478328059,1.666053317381921,0.013859437860883738,2.7609360888217744,0.0004690648383230325,-0.0003380896601659237,2.775733656359304,0.0,5.541690200061566e-07,6629,0.005,1,1,0.8039458990097046,1.0,-0.1960541009902954,0.1960541009902954,-0.9749200344085693,-1.0,0.025079965591430664,0.025079965591430664,0.25162951969016045,0.8656204168071749,0.868697331904752,0.8680678009986877,7f78653e39f0a599380af90e17739363200db6a9695aeb9f4784de646bdb07cf
3,deep,7,1000,800,200,10000,10000,0.5,948,51260911,51760911,1051760911,2051260911,3051260911,0.19924964976443688,1.6733431142502673,1.6731747085260542,0.014223507602013115,2.8000771780087828,-0.007393540179774822,0.005254264562118159,2.799513605251246,0.0,5.118958146255181e-07,6636,0.005,1,1,0.8022713661193848,1.0,-0.19772863388061523,0.19772863388061523,-0.9754274487495422,-1.0,0.024572551250457764,0.024572551250457764,0.23157322329126567,0.8523905617476786,0.8672688246275538,0.8513220548629761,7630791698de0e3d5b887b8df744f2c56dbab2a6389cdd734ed091a4e46edbc7
3,deep,7,1000,800,200,10000,10000,0.5,949,51260911,51760911,1051760911,2051260911,3051260911,0.19990505769079864,1.6725218558785035,1.6714027701165448,0.014370969634517661,2.797329358391274,-0.009056554036266345,0.00644204785694592,2.793587219953259,4.440892098500626e-16,5.544202252849573e-07,6643,0.005,1,1,0.8015873432159424,1.0,-0.19841265678405762,0.19841265678405762,-0.9756186604499817,-1.0,0.02438133955001831,0.02438133955001831,0.22561417423496585,0.8420716465454067,0.8647968622060386,0.8428784608840942,e6636dcfaf5d8a82548d8ced6dfd13c642523fddde02fadd6654bbaae3ccbf49
3,deep,7,1000,800,200,10000,10000,0.5,950,51260911,51760911,1051760911,2051260911,3051260911,0.20126577825021483,1.6877900992168235,1.6865053668720926,0.014866806486362936,2.848635419014335,-0.009600936506163235,0.0067057300816202176,2.8443003524883714,0.0,5.496890924661102e-07,6650,0.005,1,1,0.8000590801239014,1.0,-0.19994091987609863,0.19994091987609863,-0.9769448041915894,-1.0,0.023055195808410645,0.023055195808410645,0.22238815812958607,0.8550049491209621,0.8715327750838624,0.8547704815864563,0dd93fb4aea3a0f98de26063afd2ed378e6b4561875547e435131dec91fdfe9e
3,deep,7,1000,800,200,10000,10000,0.5,951,51260911,51760911,1051760911,2051260911,3051260911,0.20112311674095293,1.654662195372421,1.6537051158862273,0.014469029741991431,2.73790698079468,-0.008817700114195446,0.006407336846738559,2.7347406103082803,-4.440892098500626e-16,5.192765168970936e-07,6657,0.005,1,1,0.8004267811775208,1.0,-0.19957321882247925,0.19957321882247925,-0.975079357624054,-1.0,0.024920642375946045,0.024920642375946045,0.22601323189479566,0.8571920246904707,0.8635029798737222,0.8535812497138977,fec7a14a6842607fc9a9f8553f7961272d86b204697859954beceff20edb69af
3,deep,7,1000,800,200,10000,10000,0.5,952,51260911,51760911,1051760911,2051260911,3051260911,0.20106170048045133,1.6942052114005954,1.7040967106279057,0.014538969049120436,2.8703312983369362,0.009537665893395388,-0.006612197436550478,2.903945599172848,4.440892098500626e-16,5.354247747391128e-07,6664,0.005,1,1,0.8004385828971863,1.0,-0.19956141710281372,0.19956141710281372,-0.9754837155342102,-1.0,0.024516284465789795,0.024516284465789795,0.25448366382785753,0.872189200560955,0.8765882023490358,0.869437038898468,4c7cb8e086b260b0a2848bc2cbf8ac6dd75976d95c49d5d0cf5c46e43679a44d
3,deep,7,1000,800,200,10000,10000,0.5,953,51260911,51760911,1051760911,2051260911,3051260911,0.19822364087382707,1.683370954449851,1.6894414165601437,0.013800552946382803,2.8337377702854023,0.003336988378479915,-0.0023437706535886994,2.854212299988745,0.0,5.7931286612245e-07,6671,0.005,1,1,0.803472101688385,1.0,-0.196527898311615,0.196527898311615,-0.9741272926330566,-1.0,0.02587270736694336,0.02587270736694336,0.2742385192749308,0.8607857689262672,0.8720280367037192,0.8637895584106445,bd8bba978d48090059e64ce72d604eec65426e82c974a0a7c025c2a98fc92ddf
3,deep,7,1000,800,200,10000,10000,0.5,954,51260911,51760911,1051760911,2051260911,3051260911,0.19475736660351925,1.6719163331184572,1.6731400765237512,0.013109465176246579,2.795304224948268,-0.004507987227305433,0.0032103441477708836,2.7993977156699037,4.440892098500626e-16,5.560457196907009e-07,6678,0.005,1,1,0.8070610761642456,1.0,-0.1929389238357544,0.1929389238357544,-0.9734480977058411,-1.0,0.026551902294158936,0.026551902294158936,0.22089542663473402,0.8486091671221396,0.8659618824586923,0.8492080569267273,1ccd43678a6aa6f1f7a16b2f5d4b59998780e8974d819cf341afc4b26eaf0f6a
3,deep,7,1000,800,200,10000,10000,0.5,955,51260911,51760911,1051760911,2051260911,3051260911,0.19453397951810852,1.6876650255537367,1.684418456996931,0.013073342247320676,2.8482132384772942,-0.012010521226346528,0.008395189288103318,2.8372655382719216,0.0,5.762849220047883e-07,6685,0.005,1,1,0.8072868585586548,1.0,-0.19271314144134521,0.19271314144134521,-0.9734460115432739,-1.0,0.026553988456726074,0.026553988456726074,0.2149249317653816,0.8576545575987938,0.870237135484708,0.8572072982788086,641d011a994b317ee9bfa0a792c04cf14cca1bd0d79367b15c299f4227559577
3,deep,7,1000,800,200,10000,10000,0.5,956,51260911,51760911,1051760911,2051260911,3051260911,0.1962277205966508,1.6979083654012865,1.6920083395457308,0.013215358062274078,2.8828928172996684,-0.016607977134820446,0.01146916905667369,2.8628922210923013,-4.440892098500626e-16,4.902742265500137e-07,6692,0.005,1,1,0.8056731820106506,1.0,-0.19432681798934937,0.19432681798934937,-0.9727528691291809,-1.0,0.027247130870819092,0.027247130870819092,0.23193467744549104,0.8598175097249685,0.8727990708585567,0.8589874505996704,0d3137a2bd2d064ce62c11245f496f892c092e2b5e03307c04354e56a9d46542
3,deep,7,1000,800,200,10000,10000,0.5,957,51260911,51760911,1051760911,2051260911,3051260911,0.19782011716792303,1.6765556803219595,1.6758699502678558,0.013511608183155267,2.8108389492198285,-0.007905233596099258,0.005597912465489548,2.8085400902107858,4.440892098500626e-16,5.989504945347335e-07,6699,0.005,1,1,0.8040366768836975,1.0,-0.1959633231163025,0.1959633231163025,-0.9729597568511963,-1.0,0.02704024314880371,0.02704024314880371,0.2340939741114889,0.8683827205990805,0.8661871883127463,0.8712135553359985,0db2a2a0b62107b7d211831cb3a59f60eeab640d333cb9d2fd0fb04b32c3ced5
3,deep,7,1000,800,200,10000,10000,0.5,958,51260911,51760911,1051760911,2051260911,3051260911,0.19684374312149705,1.673648896101949,1.6707886346616996,0.013217887894366752,2.801100627423272,-0.01139192680146628,0.00809569118737829,2.791534661714706,0.0,5.2263808036912e-07,6706,0.005,1,1,0.8051239848136902,1.0,-0.19487601518630981,0.19487601518630981,-0.9722367525100708,-1.0,0.0277632474899292,0.0277632474899292,0.2170639095512297,0.8539613166268241,0.8658810650479203,0.8557469248771667,e62e130f4c5c0d40726457e897ebb7a89bb57200bbaccb6ae3e2da4392e35caf
3,deep,7,1000,800,200,10000,10000,0.5,959,51260911,51760911,1051760911,2051260911,3051260911,0.19582444889758552,1.683315990336812,1.6793216915760303,0.012751158321290035,2.833552723323602,-0.013091268923556306,0.009198785138845261,2.8201213437977795,0.0,5.594350085402766e-07,6713,0.005,1,1,0.8063976764678955,1.0,-0.1936023235321045,0.1936023235321045,-0.9705830812454224,-1.0,0.029416918754577637,0.029416918754577637,0.23111021501061665,0.8634849691371543,0.8714931348636618,0.863247275352478,d8ea424f4bdf3184e68995616c843fe7da3e312b63a209693c9613f0e29793f6
3,deep,7,1000,800,200,10000,10000,0.5,960,51260911,51760911,1051760911,2051260911,3051260911,0.1960005809696618,1.6886921422281664,1.687169084394591,0.013144014226342069,2.8516811512231537,-0.00914282305630661,0.0063828139787176765,2.8465395193368823,0.0,5.453370519603595e-07,6720,0.005,1,1,0.8059288859367371,1.0,-0.19407111406326294,0.19407111406326294,-0.9725658893585205,-1.0,0.027434110641479492,0.027434110641479492,0.21663178096891653,0.8754040815287406,0.8704978005960439,0.8771065473556519,bdec6fda4fd5694bc1e71671bf5ad36572388345664f78d9a378e32d201542ba
3,deep,7,1000,800,200,10000,10000,0.5,961,51260911,51760911,1051760911,2051260911,3051260911,0.19788388433381912,1.6634320763209092,1.6716895752074838,0.014047943943384343,2.767006272533291,0.0067459096903513425,-0.004851332743090318,2.794546035857378,0.0,5.780806784372317e-07,6727,0.005,1,1,0.8036147952079773,1.0,-0.1963852047920227,0.1963852047920227,-0.9756919145584106,-1.0,0.024308085441589355,0.024308085441589355,0.2657453346802861,0.8543285595299333,0.8659264093167243,0.8543169498443604,ef7e0f0eeca5580ef39142b6accc907771fc2fa0de48a32cd7c3f81fc64ea85b
3,deep,7,1000,800,200,10000,10000,0.5,962,51260911,51760911,1051760911,2051260911,3051260911,0.19780929452343649,1.663994966544687,1.6716577083830515,0.013675511895512266,2.768879248686054,0.005942366707454275,-0.004271158858496135,2.7944394939964754,4.440892098500626e-16,4.655432253031222e-07,6734,0.005,1,1,0.8039295077323914,1.0,-0.19607049226760864,0.19607049226760864,-0.9738298058509827,-1.0,0.026170194149017334,0.026170194149017334,0.2643884434329873,0.85252845844386,0.866487423657762,0.8537371158599854,42178d7ab1609affb2c1b7573f02d3d27bce936e19b08c71086bd02bb1717f92
3,deep,7,1000,800,200,10000,10000,0.5,963,51260911,51760911,1051760911,2051260911,3051260911,0.19655813501109864,1.6824497075172526,1.6888341042975892,0.013411333487601209,2.830637018324889,0.004056140013074711,-0.0028523706430586978,2.85216063183864,4.440892098500626e-16,5.040989510263216e-07,6741,0.005,1,1,0.8052348494529724,1.0,-0.1947651505470276,0.1947651505470276,-0.9735115766525269,-1.0,0.026488423347473145,0.026488423347473145,0.23980050386124746,0.8553872554505705,0.8697130507093354,0.8559262752532959,fa947f99b982593b949eacdf472f176935f2675f0b966a764f4dee65e47cbd53
3,deep,7,1000,800,200,10000,10000,0.5,964,51260911,51760911,1051760911,2051260911,3051260911,0.19519330505729834,1.6496053398774315,1.6494191288053022,0.012898033384018152,2.7211977773521365,-0.00675617413365599,0.004942163407095007,2.7205834624688423,-4.440892098500626e-16,5.297514658053615e-07,6748,0.005,1,1,0.8068352341651917,1.0,-0.19316476583480835,0.19316476583480835,-0.9719322323799133,-1.0,0.02806776762008667,0.02806776762008667,0.21285047731348136,0.8525308345031078,0.8608040429695655,0.8542435169219971,5d62208daaa3461251b93dc2f508b3250d66ce6db331c76d9bc649eb028e5273
3,deep,7,1000,800,200,10000,10000,0.5,965,51260911,51760911,1051760911,2051260911,3051260911,0.1947335079570156,1.678333612833043,1.6815050281372785,0.012979361033332294,2.816803715965215,-0.0011619586737985606,0.0008212351563223072,2.82745915965095,0.0,5.345089579833484e-07,6755,0.005,1,1,0.807179868221283,1.0,-0.19282013177871704,0.19282013177871704,-0.9727688431739807,-1.0,0.027231156826019287,0.027231156826019287,0.22492955553231134,0.8563943525035606,0.8701153339880344,0.8571404218673706,92d82f33c79bd3905c224fcdb8b1cfcb0162394c3dd67f8e3885598fe4246fcc
3,deep,7,1000,800,200,10000,10000,0.5,966,51260911,51760911,1051760911,2051260911,3051260911,0.19310553601905645,1.6961530176372768,1.687631920861649,0.012540416693433934,2.87693505924004,-0.020686987811147445,0.014318853358299783,2.848101500311179,0.0,5.755056040612772e-07,6762,0.005,1,1,0.8089684844017029,1.0,-0.19103151559829712,0.19103151559829712,-0.9717739820480347,-1.0,0.028226017951965332,0.028226017951965332,0.21822151976028153,0.8649452085769451,0.8743658742261314,0.867727518081665,901ad2ff1ce59f503e9661e7fb4923a3704139e15894f8c77fb41559e81751fa
3,deep,7,1000,800,200,10000,10000,0.5,967,51260911,51760911,1051760911,2051260911,3051260911,0.1910437602798177,1.6937318396176253,1.686545593810649,0.012103042098225072,2.8687275445345053,-0.018197273315307953,0.012633351922702199,2.8444360400021145,0.0,6.114009689639488e-07,6769,0.005,1,1,0.8111526370048523,1.0,-0.1888473629951477,0.1888473629951477,-0.9711141586303711,-1.0,0.028885841369628906,0.028885841369628906,0.22101175723949965,0.8559759299660274,0.873362033794228,0.8569258451461792,3d57b6844e3a4872a86ec09dce067736f0d1c6ce2aab6da78a7485b8ce474531
3,deep,7,1000,800,200,10000,10000,0.5,968,51260911,51760911,1051760911,2051260911,3051260911,0.19005639602012087,1.699211658715957,1.7000957061779502,0.011850393353690035,2.8873202611162334,-0.004422622152610112,0.003050956759507303,2.8903254101647033,0.0,5.805047340601277e-07,6776,0.005,1,1,0.812241792678833,1.0,-0.187758207321167,0.187758207321167,-0.9705332517623901,-1.0,0.029466748237609863,0.029466748237609863,0.25195013639927577,0.8502054721228204,0.8729122182635991,0.845994234085083,99f506954f9f2163402e374685ac591c431f616e7ec35e1249f2872dece32fde
3,deep,7,1000,800,200,10000,10000,0.5,969,51260911,51760911,1051760911,2051260911,3051260911,0.18983320923163877,1.6838126420438582,1.6773566537700457,0.011446509960914782,2.8352250135067183,-0.01657308976049407,0.011643837108614339,2.8135253439466448,0.0,5.694129967537265e-07,6783,0.005,1,1,0.8128193616867065,1.0,-0.18718063831329346,0.18718063831329346,-0.9683763384819031,-1.0,0.031623661518096924,0.031623661518096924,0.23027542014087754,0.8647267107242473,0.8726739311524594,0.8625431060791016,676c398e59f8f93c78e9d6ea3d9c56e28bc9b4e4a09db39c4331f7ad79cbd355
3,deep,7,1000,800,200,10000,10000,0.5,970,51260911,51760911,1051760911,2051260911,3051260911,0.18998406442844645,1.6865704045208214,1.6793169955940306,0.011282798554847564,2.844519729405527,-0.017848478134706424,0.012499798539959887,2.8201055716909615,-4.440892098500626e-16,5.55862508022642e-07,6790,0.005,1,1,0.8128567934036255,1.0,-0.1871432065963745,0.1871432065963745,-0.9672682881355286,-1.0,0.032731711864471436,0.032731711864471436,0.21987285202428863,0.8658672530089683,0.8736359674513604,0.8680686950683594,e0d9ddfb5c39749c1e0d11efd7d75db1c92d7cb079f234fd5c63dc4ac6f65d45
3,deep,7,1000,800,200,10000,10000,0.5,971,51260911,51760911,1051760911,2051260911,3051260911,0.18959477524474747,1.6995840804516904,1.6986691388455946,0.011486055498596378,2.888586046524818,-0.00729762937849035,0.005032722719823903,2.8854768432664337,0.0,4.933447605992569e-07,6797,0.005,1,1,0.8129867911338806,1.0,-0.18701320886611938,0.18701320886611938,-0.968819260597229,-1.0,0.031180739402770996,0.031180739402770996,0.2163990959095495,0.8696659642867928,0.8742845242836489,0.8730191588401794,2430d8f105359604abbf730b55e477511a47fa33ba549912fe5f01a9ecb00f15
3,deep,7,1000,800,200,10000,10000,0.5,972,51260911,51760911,1051760911,2051260911,3051260911,0.18958561629953838,1.6785625138566016,1.6780881393712157,0.011976438318680113,2.817572112924594,-0.006784373872462778,0.0047953754809980514,2.8159798034983483,-4.440892098500626e-16,4.9105781307901e-07,6804,0.005,1,1,0.8125443458557129,1.0,-0.1874556541442871,0.1874556541442871,-0.9716612696647644,-1.0,0.028338730335235596,0.028338730335235596,0.2206704437638377,0.8653898824577786,0.868684312457273,0.8649930953979492,44f3fd9f6204d302c3a7624397ad87cd70d38e78dd51507c06f6ec3863a04eb3
3,deep,7,1000,800,200,10000,10000,0.5,973,51260911,51760911,1051760911,2051260911,3051260911,0.18977477891724984,1.6922503269697935,1.6917208083287567,0.012001952027677572,2.863711169129373,-0.006896913912274337,0.004796663381707106,2.8619192933325017,-4.440892098500626e-16,5.028585441380073e-07,6811,0.005,1,1,0.8123559355735779,1.0,-0.18764406442642212,0.18764406442642212,-0.9716420769691467,-1.0,0.02835792303085327,0.02835792303085327,0.2183118408408922,0.8562269910389675,0.8708280507341984,0.8556123971939087,941223069ea7dc3125d210662aa9887d0413b6420d0025ef102f2692cdcd21c2
3,deep,7,1000,800,200,10000,10000,0.5,974,51260911,51760911,1051760911,2051260911,3051260911,0.18881109545532454,1.6826597364439841,1.6837642492110472,0.011721349591564435,2.831343788649738,-0.0040015456600302965,0.0028149517970633775,2.8350620469212413,-4.440892098500626e-16,5.734104018273456e-07,6818,0.005,1,1,0.8134487867355347,1.0,-0.18655121326446533,0.18655121326446533,-0.9708748459815979,-1.0,0.0291251540184021,0.0291251540184021,0.216455610712457,0.8454195466650799,0.8681109984384655,0.846807062625885,7c3c0e156fadf5f8cd9da0a73c3cf5c134d7aae9b0f512bf9a9d47185fb73914
3,deep,7,1000,800,200,10000,10000,0.5,975,51260911,51760911,1051760911,2051260911,3051260911,0.18913786091829418,1.6736200817981597,1.6740812549287307,0.011791361100556426,2.801004178198079,-0.005123745597440552,0.0036431695982553696,2.802548048103754,0.0,5.445665856029791e-07,6825,0.005,1,1,0.8130996227264404,1.0,-0.18690037727355957,0.18690037727355957,-0.9709934592247009,-1.0,0.029006540775299072,0.029006540775299072,0.21816436127306,0.8511658702169186,0.8674849254245568,0.8542320728302002,7448abdb37712540b173ceaaeb3df2f10fe72e0548293422eedfa33aea397db7
3,deep,7,1000,800,200,10000,10000,0.5,976,51260911,51760911,1051760911,2051260911,3051260911,0.19034117117793317,1.6992641246788054,1.6989193122891968,0.012048398303922028,2.8874985654204264,-0.006610067027575349,0.004559379179073541,2.8863268296691977,0.0,5.483751657209268e-07,6832,0.005,1,1,0.8118175864219666,1.0,-0.18818241357803345,0.18818241357803345,-0.97141432762146,-1.0,0.02858567237854004,0.02858567237854004,0.22391252979424425,0.8672450256963401,0.8732571718411436,0.866032600402832,466a1b2957e2f07389ad754aca9460d247a483f550fd74f993c9fb24392efdca
3,deep,7,1000,800,200,10000,10000,0.5,977,51260911,51760911,1051760911,2051260911,3051260911,0.19371768927921104,1.6624117207747695,1.6650351445532507,0.012456647844004503,2.7636127293693304,-0.0018636723079354495,0.0013426698361596677,2.7723420325974644,4.440892098500626e-16,5.216798264484623e-07,6839,0.005,1,1,0.8084988594055176,1.0,-0.19150114059448242,0.19150114059448242,-0.9707791805267334,-1.0,0.0292208194732666,0.0292208194732666,0.2296158120393698,0.8608473808871113,0.8638749024309763,0.8635749220848083,9f5e697a8cbc41c0b6fe172cdd6ec1e52d0b2d9370a6f9f75964ad6a6cb36668
3,deep,7,1000,800,200,10000,10000,0.5,978,51260911,51760911,1051760911,2051260911,3051260911,0.19335055818742386,1.715011982222908,1.7132639440671924,0.012048693028884156,2.9412660991681476,-0.009020725078179921,0.0061088815198526245,2.935273342040672,0.0,5.390006982963769e-07,6846,0.005,1,1,0.8091842532157898,1.0,-0.1908157467842102,0.1908157467842102,-0.9687944054603577,-1.0,0.031205594539642334,0.031205594539642334,0.2305794234776956,0.8653338770052014,0.879964594094733,0.8670220971107483,4d3f8c9928bb6537657e50f9b08918f29a4d4dfcbc1edd7db2a1a4123fb423ba
3,deep,7,1000,800,200,10000,10000,0.5,979,51260911,51760911,1051760911,2051260911,3051260911,0.19440611498579047,1.6588043897437734,1.6515686522675457,0.011768639694984194,2.7516320034332127,-0.01786081498767967,0.012926692357906562,2.7276790131528372,0.0,5.653620842593909e-07,6853,0.005,1,1,0.8085477948188782,1.0,-0.19145220518112183,0.19145220518112183,-0.9662392139434814,-1.0,0.033760786056518555,0.033760786056518555,0.2279072150843131,0.8477934611645349,0.8654946871813795,0.8474822044372559,68b0727dff36f72bc62dab3f2d02c048d44fe14084cea5ded3a485a479bf97bb
3,deep,7,1000,800,200,10000,10000,0.5,980,51260911,51760911,1051760911,2051260911,3051260911,0.1963930767844222,1.7239732368109022,1.7200351695920408,0.012459218166331765,2.972083721240259,-0.013010977386534898,0.008718907819849854,2.958520984633521,0.0,5.387138255485979e-07,6860,0.005,1,1,0.8061555624008179,1.0,-0.19384443759918213,0.19384443759918213,-0.968463122844696,-1.0,0.031536877155303955,0.031536877155303955,0.22978363883881506,0.8553516807937325,0.8790778819866362,0.8546158671379089,031a80c1007581d4fb9ba9b791946ce24f9893a2e197ea449ed665178e2a789b
3,deep,7,1000,800,200,10000,10000,0.5,981,51260911,51760911,1051760911,2051260911,3051260911,0.19702416972430067,1.6665786492647343,1.6627470427013686,0.012763931527690193,2.777484394185066,-0.012760298850304615,0.009146353557649787,2.7647277280121467,-4.440892098500626e-16,5.235922664326154e-07,6867,0.005,1,1,0.8053334355354309,1.0,-0.1946665644645691,0.1946665644645691,-0.969611644744873,-1.0,0.030388355255126953,0.030388355255126953,0.21940050312996298,0.8656754408333682,0.866998805715084,0.8679376840591431,94d46a1fedece050e04354312f2b0648e3399bef86e12fb4cd06e6e40280da54
3,deep,7,1000,800,200,10000,10000,0.5,982,51260911,51760911,1051760911,2051260911,3051260911,0.19756835118303112,1.6942283305840353,1.6998274898556398,0.013449487962704478,2.8704096361535676,0.002777185576326628,-0.001926020278246197,2.889413495268925,0.0,5.704442553877698e-07,6874,0.005,1,1,0.8043063879013062,1.0,-0.19569361209869385,0.19569361209869385,-0.9728474020957947,-1.0,0.027152597904205322,0.027152597904205322,0.23739172192964028,0.8621046125988613,0.8744615233969344,0.8628334999084473,86a0e714a8d10a79dd6031576d6c430757b7bf110046f210c0e9a28b890c88a8
3,deep,7,1000,800,200,10000,10000,0.5,983,51260911,51760911,1051760911,2051260911,3051260911,0.20186005930602718,1.6873676851705282,1.6911896186363506,0.014077162895605493,2.8472097049577463,-0.000582270834993529,0.0004069992712267758,2.860122326183365,4.440892098500626e-16,5.328027405937519e-07,6881,0.005,1,1,0.800028920173645,1.0,-0.19997107982635498,0.19997107982635498,-0.9724491238594055,-1.0,0.027550876140594482,0.027550876140594482,0.23782902502013414,0.8616066079499913,0.8728562298337187,0.8630514144897461,6e8e45934d3c59ca9198423a1a2b0b85b96ae95bb9f85222b8c127f847156ac5
3,deep,7,1000,800,200,10000,10000,0.5,984,51260911,51760911,1051760911,2051260911,3051260911,0.20447232745712463,1.6862464058348188,1.6920159397257757,0.014204725778032315,2.8434269411908444,0.0026431366586114526,-0.001849879177336426,2.8629179402860996,0.0,5.55802193602517e-07,6888,0.005,1,1,0.7976142168045044,1.0,-0.2023857831954956,0.2023857831954956,-0.9708636403083801,-1.0,0.029136359691619873,0.029136359691619873,0.2395165765341647,0.85939747566548,0.8734033845821582,0.8552207946777344,5dae593fcd8a127813ec0e706a5413b212e3f2262b0e4ac7da80c928eff2de9c
3,deep,7,1000,800,200,10000,10000,0.5,985,51260911,51760911,1051760911,2051260911,3051260911,0.20409712464148597,1.6727040354447864,1.6745057096409093,0.014154689481639036,2.7979387901932733,-0.004062054027453456,0.0028889893289913275,2.8039693716200054,0.0,5.001180589658816e-07,6895,0.005,1,1,0.7979840636253357,1.0,-0.2020159363746643,0.2020159363746643,-0.9709277153015137,-1.0,0.029072284698486328,0.029072284698486328,0.22522046566468137,0.8564329118030841,0.8670611489582614,0.8566745519638062,4ec6aac9c8b6fb3d26f9066ed0e5d66a8a591031c6076089a4fbc5081352aeeb
3,deep,7,1000,800,200,10000,10000,0.5,986,51260911,51760911,1051760911,2051260911,3051260911,0.19873456640702986,1.704688355006787,1.6982727695227091,0.013015594263348756,2.905962387695746,-0.017423791128381272,0.011938281985044066,2.8841303997023324,0.0,5.276500196771394e-07,6902,0.005,1,1,0.8036187291145325,1.0,-0.19638127088546753,0.19638127088546753,-0.9695069789886475,-1.0,0.03049302101135254,0.03049302101135254,0.22610767313533692,0.8660228493193847,0.8776549929044828,0.8675554990768433,9a7b6c78fbd2b5421b3080c2b0b938d23c1480ae2316558504cf4790861a2830
3,deep,7,1000,800,200,10000,10000,0.5,987,51260911,51760911,1051760911,2051260911,3051260911,0.1953475805342763,1.742887616401518,1.7322325354686248,0.012372230513905496,3.0376572434057647,-0.02469995849180497,0.016196537576446714,3.0006295569360604,4.440892098500626e-16,5.441392403326972e-07,6909,0.005,1,1,0.8071460127830505,1.0,-0.19285398721694946,0.19285398721694946,-0.9688870310783386,-1.0,0.031112968921661377,0.031112968921661377,0.2411356408704866,0.8659278867464174,0.886075261149306,0.8674396872520447,2052185daf4c1ce489fdc878901ed691bd47d84499c6bfb7f9f684af5342698b
3,deep,7,1000,800,200,10000,10000,0.5,988,51260911,51760911,1051760911,2051260911,3051260911,0.19552347735668305,1.714670504771958,1.705927312895952,0.01219411077446567,2.9400949399349208,-0.021050526912491232,0.01426047826003564,2.9101879968844035,-4.440892098500626e-16,5.949858525866603e-07,6916,0.005,1,1,0.8071593642234802,1.0,-0.19284063577651978,0.19284063577651978,-0.9677212238311768,-1.0,0.03227877616882324,0.03227877616882324,0.22632292587434832,0.8552099633278702,0.8800766786782169,0.8589385747909546,ff96d72bb3e6ad077fbf59316053aca5e5ff3f7f3ce56e5c4c449260d98eaca3
3,deep,7,1000,800,200,10000,10000,0.5,989,51260911,51760911,1051760911,2051260911,3051260911,0.1971399769695624,1.692522608777244,1.6866592609616422,0.012568938414986026,2.864632781222128,-0.0161911285247205,0.01125477467513998,2.844819462587673,-4.440892098500626e-16,5.508190472625074e-07,6923,0.005,1,1,0.8054049015045166,1.0,-0.1945950984954834,0.1945950984954834,-0.968425989151001,-1.0,0.03157401084899902,0.03157401084899902,0.22651696334714472,0.8577654951841828,0.8715993250339321,0.858331024646759,8af32b7cb5dc02fb27b60b0601a2e2d04081b83322428646a7d669b27a49a27a
3,deep,7,1000,800,200,10000,10000,0.5,990,51260911,51760911,1051760911,2051260911,3051260911,0.1984023450625069,1.6888372431971024,1.6886183113989777,0.012909347633224936,2.852171234009589,-0.006824390025439524,0.004763838105751619,2.8514318015919344,-4.440892098500626e-16,5.355883967439468e-07,6930,0.005,1,1,0.8040007948875427,1.0,-0.19599920511245728,0.19599920511245728,-0.969213604927063,-1.0,0.03078639507293701,0.03078639507293701,0.21327706294911408,0.8586857493102278,0.8717090004268552,0.8600804805755615,0e2c7c65a53b1034612f061fd72e4da2c973d9b3eb7fad120ddeee36c45262bb
3,deep,7,1000,800,200,10000,10000,0.5,991,51260911,51760911,1051760911,2051260911,3051260911,0.19979999100364632,1.685493561704722,1.681715516151626,0.013044424811593899,2.8408885465480695,-0.012882947047266535,0.00902820576134896,2.82816707726513,-4.440892098500626e-16,5.65156076604012e-07,6937,0.005,1,1,0.8026610016822815,1.0,-0.1973389983177185,0.1973389983177185,-0.9687373042106628,-1.0,0.03126269578933716,0.03126269578933716,0.21863420750631904,0.8599145743959115,0.8733886106639169,0.8582156300544739,31ce55cd7f0fdbf57bac00abba982c7a9481e30858b412e2f48d43f0292a0331
3,deep,7,1000,800,200,10000,10000,0.5,992,51260911,51760911,1051760911,2051260911,3051260911,0.20311888138579134,1.6768852735560527,1.6779655339842994,0.013784719730610817,2.8119442206691576,-0.005080303580276676,0.003595747283218144,2.8155683332392147,-4.440892098500626e-16,5.488192371672085e-07,6944,0.005,1,1,0.79913330078125,1.0,-0.20086669921875,0.20086669921875,-0.9698362946510315,-1.0,0.030163705348968506,0.030163705348968506,0.22065151271470745,0.8630819828150931,0.8715133431439924,0.8639838099479675,f9339d276f6d1e21c3b2d031fa6ef195fae8183fefed6e79fb5516d179de6bdd
3,deep,7,1000,800,200,10000,10000,0.5,993,51260911,51760911,1051760911,2051260911,3051260911,0.20348956291500014,1.7018674225399442,1.6974579578015994,0.013763450163638913,2.896352723902753,-0.014376327781207942,0.009880243207692613,2.881363518503976,0.0,5.474998925336649e-07,6951,0.005,1,1,0.7988239526748657,1.0,-0.20117604732513428,0.20117604732513428,-0.9694026112556458,-1.0,0.030597388744354248,0.030597388744354248,0.20680438224277142,0.8665351226037518,0.8759941164197269,0.8705459833145142,57fa64d93bb375c097e9f05fea139e71a609aab34ef49b61a5f300dff5fa5da1
3,deep,7,1000,800,200,10000,10000,0.5,994,51260911,51760911,1051760911,2051260911,3051260911,0.20288518896144464,1.7143758261787503,1.7054807526271971,0.013475469055565278,2.9390844733860724,-0.02194767242990354,0.014866876783374483,2.9086645975818306,0.0,5.747423443835942e-07,6958,0.005,1,1,0.7995924353599548,1.0,-0.20040756464004517,0.20040756464004517,-0.9683897495269775,-1.0,0.03161025047302246,0.03161025047302246,0.23263579804557805,0.8510474712193095,0.8763973682508105,0.8537840843200684,783be315dad427fe2dde630cddf930b488ca4cf781947e381fdefd503a53dfe0
3,deep,7,1000,800,200,10000,10000,0.5,995,51260911,51760911,1051760911,2051260911,3051260911,0.20271261760424023,1.7296110566663756,1.7242144575071694,0.013669380436458932,2.9915544073425764,-0.016154146151146284,0.010750710956593858,2.9729154954767427,0.0,5.636612101511673e-07,6965,0.005,1,1,0.7995833158493042,1.0,-0.2004166841506958,0.2004166841506958,-0.9695770144462585,-1.0,0.030422985553741455,0.030422985553741455,0.23243472476843557,0.8686799278031654,0.8804117908914985,0.8691984415054321,104334cd3d22eefe89e817eb83545aa7003a678ec242f6737777d56a2b2bd961
3,deep,7,1000,800,200,10000,10000,0.5,996,51260911,51760911,1051760911,2051260911,3051260911,0.19955768251758876,1.6952712566846597,1.6915380936409437,0.013180091992606162,2.873944633741185,-0.012911801747676765,0.008944401765943868,2.8613011222384377,0.0,5.603572592605133e-07,6972,0.005,1,1,0.802757978439331,1.0,-0.19724202156066895,0.19724202156066895,-0.9696874022483826,-1.0,0.03031259775161743,0.03031259775161743,0.21461363634118072,0.8616583453192433,0.8739747938363902,0.8674415349960327,6055c13a4800de89384e813819782ef7109d07c11e8febe022e760810c86e975
3,deep,7,1000,800,200,10000,10000,0.5,997,51260911,51760911,1051760911,2051260911,3051260911,0.20031012251902433,1.6925974745295143,1.6896472000078193,0.013317514365446993,2.8648862107836894,-0.011648032327436266,0.008093959594074749,2.854907660494264,0.0,5.232444291181082e-07,6979,0.005,1,1,0.8019829988479614,1.0,-0.19801700115203857,0.19801700115203857,-0.9697772860527039,-1.0,0.030222713947296143,0.030222713947296143,0.21178526567663453,0.8611241442914054,0.8732905381892752,0.8632111549377441,8fb28c5e77cd9a926c7ea7967864dd26846abd68ce2be46fbe09869abb907ffb
3,deep,7,1000,800,200,10000,10000,0.5,998,51260911,51760911,1051760911,2051260911,3051260911,0.1981612594052406,1.6924269904543714,1.6938211905264142,0.013086670292781549,2.8643091180184412,-0.004182781417451794,0.0029073382497071887,2.8690302254763194,0.0,5.126037230240854e-07,6986,0.005,1,1,0.8040632009506226,1.0,-0.19593679904937744,0.19593679904937744,-0.9703916311264038,-1.0,0.02960836887359619,0.02960836887359619,0.21796656609111725,0.853179959733325,0.8727203138833043,0.8545112609863281,28f1bd33b8615fe43a91a9593612a2503911c19e944d99fcc12570babf86e838
3,deep,7,1000,800,200,10000,10000,0.5,999,51260911,51760911,1051760911,2051260911,3051260911,0.19647395281518618,1.686974167807511,1.687454799200866,0.012929309743420247,2.845881842849844,-0.005653726623614222,0.003955299123893269,2.847503699346035,-8.881784197001252e-16,5.151988311524747e-07,6993,0.005,1,1,0.8056786060333252,1.0,-0.1943213939666748,0.1943213939666748,-0.9709963798522949,-1.0,0.029003620147705078,0.029003620147705078,0.20949815610697464,0.8679334926679431,0.8717620057723278,0.8670364618301392,405d48c25bf8afe8e4f337b046e3fcc781988cd8b4eb67dba1b966422776b5f7
3,deep,7,1000,800,200,10000,10000,0.5,1000,51260911,51760911,1051760911,2051260911,3051260911,0.19429441075727025,1.6934173336884248,1.693987215019863,0.012663292587057739,2.867662266036414,-0.005366436986359978,0.0037262711295209536,2.8695926846507516,0.0,5.58465792721563e-07,7000,0.005,1,1,0.8078184723854065,1.0,-0.1921815276145935,0.1921815276145935,-0.9714241623878479,-1.0,0.0285758376121521,0.0285758376121521,0.20553067662489505,0.8509355169242275,0.87300332127658,0.84848952293396,8494872b784b4963d5991bff3d764a835c3c744f2e1d264585dbcadb7573d32b
