case,n,rep,tau,epoch,theta1,theta2,error_theta1,error_theta2,selection_val_loss,relative_mse,train_check_loss,validation_check_loss,test_check_loss
2,1000,1,0.5,0,-0.48151087760925293,0.07763195037841797,-1.481510877609253,1.077631950378418,,0.974135658343702,2.330024374164818,2.487216085313557,2.4830299286184143
2,1000,1,0.5,1,-0.446572482585907,0.11275246739387512,-1.446572482585907,1.1127524673938751,2.3529791831970215,0.885361395959766,2.1798140132447967,2.336117137276661,2.330431322704074
2,1000,1,0.5,2,-0.4117334187030792,0.14764632284641266,-1.4117334187030792,1.1476463228464127,2.079439163208008,0.715636990937162,1.9055476900969612,2.0607340004123693,2.047554801530471
2,1000,1,0.5,3,-0.3770988881587982,0.18143096566200256,-1.3770988881587982,1.1814309656620026,1.4493968486785889,0.35056825170537187,1.2796934883288322,1.4328172966815986,1.383640656696132
2,1000,1,0.5,4,-0.3461624085903168,0.20988233387470245,-1.3461624085903168,1.2098823338747025,1.156577229499817,0.13731731653683735,1.0668611656768068,1.154125784787955,1.1264391908024303
2,1000,1,0.5,5,-0.32929131388664246,0.21908757090568542,-1.3292913138866425,1.2190875709056854,0.9800233840942383,0.10188454301265996,0.8817262771836667,0.9760313828534461,0.9278693207379023
2,1000,1,0.5,6,-0.31628939509391785,0.22218932211399078,-1.3162893950939178,1.2221893221139908,0.9623750448226929,0.1170935077748735,0.8403052890462023,0.95713205143687,0.9213753713965229
2,1000,1,0.5,7,-0.3003562390804291,0.22626420855522156,-1.300356239080429,1.2262642085552216,0.8378187417984009,0.05764289637691895,0.7504556299558084,0.8385511037949743,0.8086532491061523
2,1000,1,0.5,8,-0.28867873549461365,0.22314076125621796,-1.2886787354946136,1.223140761256218,0.7894653081893921,0.04507729146799529,0.7033795216255385,0.7922866736934858,0.7713243912508541
2,1000,1,0.5,9,-0.2789382040500641,0.2154596447944641,-1.278938204050064,1.2154596447944641,0.7771839499473572,0.055519994010569375,0.6809338107800084,0.7822129907919002,0.7762853467265229
2,1000,1,0.5,10,-0.2649141848087311,0.2087949812412262,-1.264914184808731,1.2087949812412262,0.751172661781311,0.029324003719019172,0.6621752894101715,0.7532614352815656,0.7322211191518222
2,1000,1,0.5,11,-0.25452721118927,0.19719360768795013,-1.25452721118927,1.1971936076879501,0.741682767868042,0.04179721939159425,0.6447649754408914,0.745263399718219,0.7378072513426088
2,1000,1,0.5,12,-0.24101649224758148,0.1879638284444809,-1.2410164922475815,1.187963828444481,0.735682487487793,0.03362252509510151,0.6359454083419545,0.7381010642924489,0.7227097365596394
2,1000,1,0.5,13,-0.2282978892326355,0.176582470536232,-1.2282978892326355,1.176582470536232,0.7302413582801819,0.036259112616268345,0.6287646315074863,0.7340743657730961,0.7218118945027309
2,1000,1,0.5,14,-0.21486824750900269,0.16536496579647064,-1.2148682475090027,1.1653649657964706,0.7078683376312256,0.036770047872833514,0.6227248549024212,0.7144198691155884,0.7153674407234364
2,1000,1,0.5,15,-0.19804613292217255,0.1557321399450302,-1.1980461329221725,1.1557321399450302,0.704728364944458,0.02874413517055773,0.6153726002851785,0.7101833024695359,0.7035399499004361
2,1000,1,0.5,16,-0.1845139116048813,0.14313893020153046,-1.1845139116048813,1.1431389302015305,0.7047195434570312,0.035372173945612775,0.6098473205361331,0.7105273397350547,0.7070752269193153
2,1000,1,0.5,17,-0.16788998246192932,0.1320193111896515,-1.1678899824619293,1.1320193111896515,0.6986662149429321,0.03130087463154613,0.6030996387003158,0.7054924340372396,0.6997986373379016
2,1000,1,0.5,18,-0.15168705582618713,0.11995019018650055,-1.1516870558261871,1.1199501901865005,0.7064309120178223,0.0355566784932299,0.5998639166776865,0.7129151703500799,0.7035931892550545
2,1000,1,0.5,19,-0.1331963986158371,0.10920844227075577,-1.133196398615837,1.1092084422707558,0.6983286142349243,0.026793677045119965,0.5987821286818956,0.7055740071540032,0.6925789424482646
2,1000,1,0.5,20,-0.11551535129547119,0.09574691951274872,-1.1155153512954712,1.0957469195127487,0.7039035558700562,0.03691196511963711,0.595618536565468,0.7087469014232803,0.7006457899286916
2,1000,1,0.5,21,-0.09303595125675201,0.08649471402168274,-1.093035951256752,1.0864947140216827,0.6854883432388306,0.022487542204433778,0.591763682216197,0.6916301730351424,0.6822192396849998
2,1000,1,0.5,22,-0.07749755680561066,0.07182865589857101,-1.0774975568056107,1.071828655898571,0.6895961761474609,0.03680909701819334,0.5902249476773368,0.6947676090891028,0.6930881181499412
2,1000,1,0.5,23,-0.05691637843847275,0.06173170357942581,-1.0569163784384727,1.0617317035794258,0.6752936840057373,0.02384313589082824,0.5822197582775075,0.6807784468591289,0.6744562489051049
2,1000,1,0.5,24,-0.039100103080272675,0.0474189892411232,-1.0391001030802727,1.0474189892411232,0.6822333931922913,0.0302718175159286,0.5765362472705641,0.6879397262962621,0.6770487755012464
2,1000,1,0.5,25,-0.021140923723578453,0.035003237426280975,-1.0211409237235785,1.035003237426281,0.6742314100265503,0.024495380018510544,0.5724752142794283,0.6808043632663688,0.6702360926281411
2,1000,1,0.5,26,-0.004347247537225485,0.021464452147483826,-1.0043472475372255,1.0214644521474838,0.6899455785751343,0.03188701918661502,0.5748972465943603,0.6944903936489549,0.6789781036214627
2,1000,1,0.5,27,0.014759181998670101,0.009109992533922195,-0.9852408180013299,1.0091099925339222,0.6640306711196899,0.026352934465959398,0.5712683280097738,0.6733027764794159,0.6689910278320608
2,1000,1,0.5,28,0.03361879289150238,-0.004653316922485828,-0.9663812071084976,0.9953466830775142,0.6623350381851196,0.02538288685914468,0.5662983876322546,0.6702538504835893,0.6665140933961711
2,1000,1,0.5,29,0.05176468938589096,-0.018777094781398773,-0.948235310614109,0.9812229052186012,0.6812738180160522,0.028329597501027256,0.5643145201276595,0.6858581508416798,0.671219111527318
2,1000,1,0.5,30,0.07033934444189072,-0.03394544497132301,-0.9296606555581093,0.966054555028677,0.6757378578186035,0.02716444431998787,0.5599720407967825,0.6809453217069599,0.6676312692353542
2,1000,1,0.5,31,0.08979221433401108,-0.04729491472244263,-0.9102077856659889,0.9527050852775574,0.6613454818725586,0.022119203223511262,0.5551916082503836,0.667500382932858,0.6586197730950926
2,1000,1,0.5,32,0.10924581438302994,-0.0619545616209507,-0.8907541856169701,0.9380454383790493,0.658428430557251,0.02327858335042914,0.5520589158759003,0.6647091032226874,0.655520694142624
2,1000,1,0.5,33,0.12799617648124695,-0.07681380957365036,-0.872003823518753,0.9231861904263496,0.6677401065826416,0.025785561674536606,0.5501385539582846,0.6720254429901314,0.6553161527873356
2,1000,1,0.5,34,0.14747735857963562,-0.09188972413539886,-0.8525226414203644,0.9081102758646011,0.6604229211807251,0.0207486875361054,0.5469071902286758,0.6656319088297985,0.6506647053688142
2,1000,1,0.5,35,0.16279420256614685,-0.10961571335792542,-0.8372057974338531,0.8903842866420746,0.6522614359855652,0.026674945876297648,0.5471989739214511,0.6604587763891253,0.6536871787917636
2,1000,1,0.5,36,0.18132983148097992,-0.12325406819581985,-0.8186701685190201,0.8767459318041801,0.665600061416626,0.020205510446921877,0.5445581861541402,0.6708807541694025,0.650475674080021
2,1000,1,0.5,37,0.1976136714220047,-0.13637027144432068,-0.8023863285779953,0.8636297285556793,0.6526389718055725,0.02236082322237198,0.5381150784855592,0.6578926018076497,0.6457240519128871
2,1000,1,0.5,38,0.21461285650730133,-0.14901240170001984,-0.7853871434926987,0.8509875982999802,0.6467204093933105,0.019468789341371154,0.5367998473016151,0.6528611543948932,0.6432276621748874
2,1000,1,0.5,39,0.22902968525886536,-0.16387948393821716,-0.7709703147411346,0.8361205160617828,0.6622849702835083,0.026201200565751034,0.537281396189391,0.6673927109190881,0.6495909137708686
2,1000,1,0.5,40,0.24560527503490448,-0.17510472238063812,-0.7543947249650955,0.8248952776193619,0.6522071361541748,0.018630535309002518,0.5345046319799351,0.6572124632514671,0.6430746999096291
2,1000,1,0.5,41,0.26045355200767517,-0.18777622282505035,-0.7395464479923248,0.8122237771749496,0.6397556066513062,0.022672325698975936,0.5307353680610302,0.6452434647487434,0.6429065427008177
2,1000,1,0.5,42,0.27791285514831543,-0.2016635686159134,-0.7220871448516846,0.7983364313840866,0.6639813184738159,0.024278181256613064,0.5298188718143334,0.667920887635471,0.6463914703744196
2,1000,1,0.5,43,0.29347190260887146,-0.21579472720623016,-0.7065280973911285,0.7842052727937698,0.6342262625694275,0.02076560439695555,0.5252396627893728,0.6409867974453082,0.6397663647400987
2,1000,1,0.5,44,0.30980855226516724,-0.23056712746620178,-0.6901914477348328,0.7694328725337982,0.6452028751373291,0.024616018081027643,0.5235473941537984,0.6503954412966432,0.6405391531837613
2,1000,1,0.5,45,0.33019933104515076,-0.24008560180664062,-0.6698006689548492,0.7599143981933594,0.651369571685791,0.014262911678589632,0.5395551210305843,0.6556540412691361,0.6445766083897652
2,1000,1,0.5,46,0.34442922472953796,-0.2576124370098114,-0.655570775270462,0.7423875629901886,0.6475220322608948,0.02815152046600284,0.5257853703868817,0.6525880212935361,0.6456203603022285
2,1000,1,0.5,47,0.3625100553035736,-0.26810890436172485,-0.6374899446964264,0.7318910956382751,0.6359223127365112,0.017108895588165463,0.5143463744391812,0.641046254385375,0.6300033090401687
2,1000,1,0.5,48,0.3764074444770813,-0.2828715741634369,-0.6235925555229187,0.7171284258365631,0.6299668550491333,0.019158400645115443,0.5096607390331673,0.6354522180176786,0.629458012742155
2,1000,1,0.5,49,0.3913891911506653,-0.2970335781574249,-0.6086108088493347,0.7029664218425751,0.6325291395187378,0.021617739765420182,0.508476965188693,0.6366126267114389,0.6317385985003464
2,1000,1,0.5,50,0.40686917304992676,-0.3098444938659668,-0.5931308269500732,0.6901555061340332,0.6323486566543579,0.021658044596086338,0.5068883413448375,0.6358704737059098,0.6309634418226104
2,1000,1,0.5,51,0.4234927296638489,-0.32066547870635986,-0.5765072703361511,0.6793345212936401,0.6489718556404114,0.015260297773157882,0.5251401391984178,0.652449002129556,0.6378178918959332
2,1000,1,0.5,52,0.43381038308143616,-0.336995929479599,-0.5661896169185638,0.663004070520401,0.6267366409301758,0.02474098845920494,0.5098400232759203,0.6319923329635474,0.6340352761693993
2,1000,1,0.5,53,0.45169883966445923,-0.34570497274398804,-0.5483011603355408,0.654295027256012,0.6288670301437378,0.01610117216358013,0.5019040410122902,0.6330842854811303,0.6275155220205367
2,1000,1,0.5,54,0.4669286608695984,-0.35921552777290344,-0.5330713391304016,0.6407844722270966,0.6401951313018799,0.018661704986594686,0.49687971023632654,0.6436607885802366,0.6288636916022532
2,1000,1,0.5,55,0.47909581661224365,-0.3718818426132202,-0.5209041833877563,0.6281181573867798,0.619339644908905,0.01932383218673224,0.4946196194171016,0.6261010898855212,0.6262428863067876
2,1000,1,0.5,56,0.4946557879447937,-0.38256967067718506,-0.5053442120552063,0.6174303293228149,0.6339139938354492,0.019573608819624666,0.49316132765553844,0.6381212306234972,0.626939107920749
2,1000,1,0.5,57,0.5107665657997131,-0.39261388778686523,-0.48923343420028687,0.6073861122131348,0.6227743625640869,0.01992733142064635,0.49035404049897324,0.6275664786302643,0.6258896088940096
2,1000,1,0.5,58,0.5282575488090515,-0.40101388096809387,-0.4717424511909485,0.5989861190319061,0.6222707629203796,0.016818621201974582,0.4890416577867292,0.6273795586788159,0.6247889265799825
2,1000,1,0.5,59,0.5421305298805237,-0.41159066557884216,-0.4578694701194763,0.5884093344211578,0.6215869188308716,0.019881557710847885,0.4862669949556043,0.6269536520323528,0.6237619185612742
2,1000,1,0.5,60,0.551717221736908,-0.42121803760528564,-0.44828277826309204,0.5787819623947144,0.621985137462616,0.023560625684089204,0.49403304831032,0.6278529120499551,0.6284713346751742
2,1000,1,0.5,61,0.5683037638664246,-0.4246206283569336,-0.43169623613357544,0.5753793716430664,0.6238866448402405,0.016736848380386922,0.48598236445483833,0.6296579664423235,0.6268805755453342
2,1000,1,0.5,62,0.5808635950088501,-0.4337492883205414,-0.4191364049911499,0.5662507116794586,0.606278657913208,0.016774960826438243,0.48434511651661327,0.6130862412246038,0.6228191112373682
2,1000,1,0.5,63,0.5955933928489685,-0.44100332260131836,-0.4044066071510315,0.5589966773986816,0.6210801601409912,0.015092588578909044,0.4935929942858175,0.6267954903196433,0.6293898817764645
2,1000,1,0.5,64,0.604520320892334,-0.4509502947330475,-0.395479679107666,0.5490497052669525,0.6203799843788147,0.01970377067112211,0.47745702921958894,0.6241318274465789,0.626380204711809
2,1000,1,0.5,65,0.6129043102264404,-0.4610814154148102,-0.38709568977355957,0.5389185845851898,0.6409756541252136,0.025523038097485126,0.4893722109113115,0.6438435168359504,0.6360996041528081
2,1000,1,0.5,66,0.62176913022995,-0.46873632073402405,-0.37823086977005005,0.531263679265976,0.6143079996109009,0.020467627414132186,0.4761540275834942,0.6194718684814011,0.626571485291324
2,1000,1,0.5,67,0.6337198615074158,-0.47544243931770325,-0.36628013849258423,0.5245575606822968,0.6088125705718994,0.016532361931400057,0.48087964919666004,0.6157966832494263,0.6265825306033148
2,1000,1,0.5,68,0.6405504941940308,-0.486787885427475,-0.35944950580596924,0.513212114572525,0.6131570339202881,0.01973605104531755,0.4725113870816777,0.6184480631927021,0.6258520356153279
2,1000,1,0.5,69,0.6504793167114258,-0.49629634618759155,-0.3495206832885742,0.5037036538124084,0.6322219371795654,0.02490943124573563,0.4882082062049497,0.6369267463678618,0.6327901960537836
2,1000,1,0.5,70,0.6634752750396729,-0.49740317463874817,-0.33652472496032715,0.5025968253612518,0.6193779706954956,0.015296637397485012,0.48091968858315953,0.6249042778537813,0.6290182921627712
2,1000,1,0.5,71,0.6656055450439453,-0.5085480213165283,-0.3343944549560547,0.4914519786834717,0.6082899570465088,0.023165158313535647,0.47760953550973495,0.615140200271999,0.6313454624382205
2,1000,1,0.5,72,0.6724933385848999,-0.5152159929275513,-0.3275066614151001,0.48478400707244873,0.621674656867981,0.01624243559770467,0.48236863953237674,0.6275959020667707,0.6301442685464536
2,1000,1,0.5,73,0.6731592416763306,-0.5263562202453613,-0.32684075832366943,0.47364377975463867,0.6069241762161255,0.020486358114195465,0.47149608059510567,0.6118565076895548,0.6301655304198639
2,1000,1,0.5,74,0.6799097657203674,-0.5336417555809021,-0.32009023427963257,0.4663582444190979,0.6306024789810181,0.02000432948614924,0.4688870817724006,0.6332505042964683,0.6282233957974793
2,1000,1,0.5,75,0.6879117488861084,-0.5380438566207886,-0.3120882511138916,0.4619561433792114,0.6068850159645081,0.0164147283056106,0.46711045134202317,0.6130743176645183,0.6234546446896934
2,1000,1,0.5,76,0.6949896216392517,-0.5464407801628113,-0.3050103783607483,0.4535592198371887,0.6198348999023438,0.018827479726830635,0.4646787550901628,0.624910376477156,0.6257629030869335
2,1000,1,0.5,77,0.7015218138694763,-0.5542900562286377,-0.2984781861305237,0.4457099437713623,0.6166191697120667,0.02184451414848677,0.47008963476311705,0.6216173970688428,0.6293455554593897
2,1000,1,0.5,78,0.7117686867713928,-0.5573201775550842,-0.2882313132286072,0.44267982244491577,0.6112777590751648,0.016512889641695047,0.46515753936776727,0.6160245946473818,0.6253581215256206
2,1000,1,0.5,79,0.7177505493164062,-0.5626537799835205,-0.28224945068359375,0.4373462200164795,0.6209495067596436,0.019217234561870522,0.4605884396740493,0.6247474990919689,0.6265946856946388
2,1000,1,0.5,80,0.7222604155540466,-0.5710616707801819,-0.27773958444595337,0.4289383292198181,0.6139159202575684,0.02026557986631351,0.4647428698549795,0.6191959276651239,0.6249414693681463
2,1000,1,0.5,81,0.7292428016662598,-0.5775650143623352,-0.27075719833374023,0.4224349856376648,0.6102650165557861,0.017541256951988812,0.458130993106913,0.6161307415092324,0.6230295035318202
2,1000,1,0.5,82,0.7369125485420227,-0.5841333270072937,-0.2630874514579773,0.4158666729927063,0.605093240737915,0.01894405519181327,0.4595957205361867,0.6112265226384116,0.6295165285350838
2,1000,1,0.5,83,0.7455720901489258,-0.5891165733337402,-0.2544279098510742,0.41088342666625977,0.6305428743362427,0.019031585122958952,0.4630163047030264,0.633937877699891,0.6336839067493258
2,1000,1,0.5,84,0.7530542016029358,-0.5963842272758484,-0.2469457983970642,0.4036157727241516,0.6064508557319641,0.016748511420432342,0.4659332865075349,0.6137334107087077,0.6330410913774586
2,1000,1,0.5,85,0.7563287615776062,-0.6081810593605042,-0.2436712384223938,0.39181894063949585,0.6029798984527588,0.020224627370233277,0.4570395766695378,0.6097934659855442,0.6316540627919158
2,1000,1,0.5,86,0.7650140523910522,-0.6137133240699768,-0.23498594760894775,0.3862866759300232,0.6205893754959106,0.021829209417583536,0.46330291027664816,0.6254478637661668,0.6341100074647811
2,1000,1,0.5,87,0.7738513350486755,-0.6184026598930359,-0.22614866495132446,0.3815973401069641,0.6037876605987549,0.017698491604483786,0.45154424325360965,0.6113085259170435,0.6272828909138909
2,1000,1,0.5,88,0.7862076163291931,-0.6215450167655945,-0.21379238367080688,0.3784549832344055,0.6143366098403931,0.016665432132956782,0.47136525952319575,0.6199238684061176,0.6365941333831212
2,1000,1,0.5,89,0.7869633436203003,-0.6330621242523193,-0.2130366563796997,0.36693787574768066,0.6222521066665649,0.025270034339691553,0.4728565077398806,0.6281677440237413,0.6422856759934708
2,1000,1,0.5,90,0.7894338369369507,-0.6355950832366943,-0.21056616306304932,0.36440491676330566,0.607288122177124,0.018100970349982454,0.4497396923643096,0.6141450662094321,0.6283402594496995
2,1000,1,0.5,91,0.7916509509086609,-0.6414122581481934,-0.2083490490913391,0.35858774185180664,0.6032583713531494,0.018280518326217854,0.4517395327985579,0.6113613842218194,0.6297412583509211
2,1000,1,0.5,92,0.791362464427948,-0.6477900743484497,-0.208637535572052,0.3522099256515503,0.6191085577011108,0.021080893519354583,0.45711972020812097,0.6245321581289219,0.6341674334119516
2,1000,1,0.5,93,0.7971011400222778,-0.6521690487861633,-0.20289885997772217,0.34783095121383667,0.6131963133811951,0.01974875011616653,0.4504752102430106,0.6193064387235967,0.6316267110247151
2,1000,1,0.5,94,0.8057090044021606,-0.6556267142295837,-0.19429099559783936,0.34437328577041626,0.6204128265380859,0.01638563410936431,0.45679401869024533,0.6269763502742105,0.6318718957652611
2,1000,1,0.5,95,0.805423378944397,-0.6629602909088135,-0.19457662105560303,0.3370397090911865,0.6216330528259277,0.02556819457964704,0.46569308306917007,0.6279436483629341,0.6470496765568607
2,1000,1,0.5,96,0.8160507082939148,-0.6633231043815613,-0.1839492917060852,0.3366768956184387,0.6360129117965698,0.01712094664210221,0.4726398936637149,0.6387265428311241,0.6384179985832016
2,1000,1,0.5,97,0.8166444301605225,-0.6707839369773865,-0.18335556983947754,0.3292160630226135,0.6044026613235474,0.01983906173343851,0.45415364903846706,0.6120355995560587,0.6299189037637107
2,1000,1,0.5,98,0.8242003321647644,-0.671532928943634,-0.1757996678352356,0.32846707105636597,0.6127204298973083,0.016801769851871533,0.44404866110566615,0.6210921897254265,0.627243965152674
2,1000,1,0.5,99,0.8279844522476196,-0.6754106879234314,-0.17201554775238037,0.3245893120765686,0.6108176708221436,0.017978288178435924,0.44611162613371763,0.6194177238981649,0.6331278880904008
2,1000,1,0.5,100,0.8294801712036133,-0.6793244481086731,-0.17051982879638672,0.3206755518913269,0.6069971323013306,0.017321347556106825,0.4435898147980126,0.6142573443422417,0.6280604377381941
2,1000,1,0.5,101,0.8273812532424927,-0.6862837076187134,-0.17261874675750732,0.3137162923812866,0.6113801002502441,0.020246063608231554,0.4526704436025305,0.618457312789754,0.6306971037640462
2,1000,1,0.5,102,0.8341403007507324,-0.6860628128051758,-0.16585969924926758,0.3139371871948242,0.6044504046440125,0.017261924767635512,0.44584167821604237,0.6133009871591016,0.6316028725417662
2,1000,1,0.5,103,0.8368467092514038,-0.6914796233177185,-0.1631532907485962,0.3085203766822815,0.6101197600364685,0.021624844591867108,0.44889555672159615,0.6182591679849576,0.6410222426173671
2,1000,1,0.5,104,0.8400681614875793,-0.6954410672187805,-0.15993183851242065,0.3045589327812195,0.62163245677948,0.019178268651159503,0.44421539870774096,0.6278826375909258,0.6333620502880414
2,1000,1,0.5,105,0.8408781886100769,-0.6969060897827148,-0.1591218113899231,0.30309391021728516,0.613094687461853,0.017683485814800056,0.4569180982359711,0.6213038264440062,0.6373230188005815
2,1000,1,0.5,106,0.836480438709259,-0.7017626762390137,-0.16351956129074097,0.29823732376098633,0.614940881729126,0.021553794845373283,0.4482735066376592,0.6212122608654657,0.6391586183798423
2,1000,1,0.5,107,0.8398876786231995,-0.702015221118927,-0.16011232137680054,0.297984778881073,0.617871105670929,0.017588592531646786,0.44079743914298275,0.6247323954692764,0.6328440523487776
2,1000,1,0.5,108,0.8424537181854248,-0.7046316862106323,-0.1575462818145752,0.2953683137893677,0.6040585041046143,0.018275720114386728,0.438438338259417,0.6122198498745773,0.6317925055507233
2,1000,1,0.5,109,0.8475174903869629,-0.7062143683433533,-0.1524825096130371,0.29378563165664673,0.6182449460029602,0.018107121894941465,0.43978364214954524,0.6265943746624327,0.6339033869973973
2,1000,1,0.5,110,0.8479787707328796,-0.7095706462860107,-0.15202122926712036,0.29042935371398926,0.6084625124931335,0.018839585904416443,0.4365823693218702,0.6161819542457299,0.6331141126458942
2,1000,1,0.5,111,0.851366400718689,-0.7105767130851746,-0.14863359928131104,0.28942328691482544,0.6264975070953369,0.02020106111456246,0.439827594117024,0.6307839862326208,0.6388746129653788
2,1000,1,0.5,112,0.8492881059646606,-0.7157322764396667,-0.15071189403533936,0.28426772356033325,0.6079477667808533,0.0208242396828843,0.43985224232375586,0.6161649348331849,0.6378491102816883
2,1000,1,0.5,113,0.8518961668014526,-0.7194356322288513,-0.14810383319854736,0.2805643677711487,0.6138781905174255,0.01934274419090466,0.43735522448740893,0.6218992517205797,0.6347268385599021
2,1000,1,0.5,114,0.8558363914489746,-0.7229502201080322,-0.1441636085510254,0.2770497798919678,0.6026167869567871,0.018808074183578983,0.4345581886162502,0.6102687109768833,0.6352594402518289
2,1000,1,0.5,115,0.8624913096427917,-0.722598135471344,-0.13750869035720825,0.277401864528656,0.6248037815093994,0.01787726511910748,0.46790230904811025,0.6346725313815464,0.6468209250064599
2,1000,1,0.5,116,0.8584099411964417,-0.7322157025337219,-0.14159005880355835,0.2677842974662781,0.6134957671165466,0.0223746512412364,0.4540127747404821,0.6227680760673215,0.6407108669844636
2,1000,1,0.5,117,0.857153058052063,-0.7347218990325928,-0.142846941947937,0.2652781009674072,0.602441668510437,0.01998322012892388,0.435548923151525,0.6106295804101959,0.6368534286210381
2,1000,1,0.5,118,0.8585442304611206,-0.7344884872436523,-0.1414557695388794,0.26551151275634766,0.6012847423553467,0.018732681067970276,0.4433037129299393,0.6132218954259391,0.6393558585432122
2,1000,1,0.5,119,0.8593911528587341,-0.7355929613113403,-0.14060884714126587,0.26440703868865967,0.6167259216308594,0.01820881550923057,0.43434469161080996,0.6246948285873378,0.6357517490523723
2,1000,1,0.5,120,0.8607932925224304,-0.7398762702941895,-0.13920670747756958,0.26012372970581055,0.6063369512557983,0.021758028649020114,0.4371010294536489,0.6164759137878589,0.6430451944274626
2,1000,1,0.5,121,0.8626170754432678,-0.7420108318328857,-0.13738292455673218,0.25798916816711426,0.6161834001541138,0.018429683901916055,0.427044503684417,0.6239480056065628,0.6360102183268048
2,1000,1,0.5,122,0.8621092438697815,-0.7416778802871704,-0.1378907561302185,0.2583221197128296,0.6099100112915039,0.017602048799548554,0.43705393516140506,0.6195115838441954,0.6389953760976514
2,1000,1,0.5,123,0.860825777053833,-0.7442552447319031,-0.139174222946167,0.2557447552680969,0.6117976903915405,0.019933149067949917,0.43742953236118337,0.6216605359654173,0.6375194655755934
2,1000,1,0.5,124,0.8650398850440979,-0.7429404258728027,-0.1349601149559021,0.25705957412719727,0.6071692705154419,0.020211373414216364,0.4318835740066258,0.6181307002398613,0.6400966940942381
2,1000,1,0.5,125,0.866305947303772,-0.7434372901916504,-0.13369405269622803,0.2565627098083496,0.6187032461166382,0.0192837740355218,0.42580490355541756,0.6253964310437384,0.6362252201866879
2,1000,1,0.5,126,0.8672841191291809,-0.7444525361061096,-0.1327158808708191,0.2555474638938904,0.6119193434715271,0.018958784007427138,0.42662532268892434,0.6205164630174296,0.6389831271283148
2,1000,1,0.5,127,0.8665468096733093,-0.7475507259368896,-0.13345319032669067,0.25244927406311035,0.6099977493286133,0.018411933177900085,0.4245166957165685,0.6198039192366038,0.638075851387536
2,1000,1,0.5,128,0.8617251515388489,-0.7532560229301453,-0.13827484846115112,0.24674397706985474,0.6259442567825317,0.01955067311438584,0.4234000710988347,0.6330204353411473,0.6401048303226033
2,1000,1,0.5,129,0.8569188117980957,-0.7580020427703857,-0.1430811882019043,0.24199795722961426,0.5989350080490112,0.020513084528430134,0.42446972799907456,0.6103225402190193,0.6432292042670722
2,1000,1,0.5,130,0.8571719527244568,-0.7603777050971985,-0.1428280472755432,0.2396222949028015,0.6288297176361084,0.021308001513982704,0.4304429017481173,0.6376554635536004,0.646866952586568
2,1000,1,0.5,131,0.8620207905769348,-0.7610973715782166,-0.13797920942306519,0.23890262842178345,0.6023930311203003,0.01933155035220509,0.43714104454776676,0.6163343970765076,0.6463141407776439
2,1000,1,0.5,132,0.8632833361625671,-0.7652297616004944,-0.13671666383743286,0.23477023839950562,0.6248109340667725,0.01875320481638598,0.43363454940954554,0.6349944701452295,0.644734891437231
2,1000,1,0.5,133,0.8562543988227844,-0.7715429067611694,-0.14374560117721558,0.22845709323883057,0.6284176111221313,0.030136128623528855,0.4737174674613939,0.6402539759008034,0.6724235821820675
2,1000,1,0.5,134,0.8574658036231995,-0.7656578421592712,-0.14253419637680054,0.23434215784072876,0.6222035884857178,0.018958295237298625,0.4269285307972126,0.6311916454173488,0.6425501017452077
2,1000,1,0.5,135,0.8525376319885254,-0.7661139369010925,-0.1474623680114746,0.23388606309890747,0.6111268997192383,0.019083625387257788,0.42882134249311854,0.6223113648541072,0.6411195033166232
2,1000,1,0.5,136,0.8515940308570862,-0.7674140334129333,-0.14840596914291382,0.23258596658706665,0.6273255348205566,0.01889430603425434,0.4189043851433311,0.637367487394916,0.638771618752444
2,1000,1,0.5,137,0.8476091027259827,-0.7701510787010193,-0.15239089727401733,0.2298489212989807,0.6178513765335083,0.020889995782767217,0.4290094710871202,0.6289385235220039,0.6425034247747582
2,1000,1,0.5,138,0.849319577217102,-0.7702292799949646,-0.15068042278289795,0.2297707200050354,0.6153320074081421,0.018827482707744154,0.4157673410626794,0.6254853481782456,0.6422384628634749
2,1000,1,0.5,139,0.8515928983688354,-0.7714917659759521,-0.14840710163116455,0.22850823402404785,0.6310670375823975,0.020407931860307833,0.4176614209827788,0.6400334739835231,0.6473976652349046
2,1000,1,0.5,140,0.8520627021789551,-0.7736775875091553,-0.14793729782104492,0.22632241249084473,0.6183403730392456,0.021936471475070753,0.4179980366898885,0.6297004429791291,0.6493710630475018
2,1000,1,0.5,141,0.8553177118301392,-0.774752140045166,-0.14468228816986084,0.22524785995483398,0.6082037687301636,0.020780280238691107,0.41503684962977816,0.6214008954959347,0.6476616157576335
2,1000,1,0.5,142,0.8589374423027039,-0.7740703225135803,-0.14106255769729614,0.22592967748641968,0.6257879137992859,0.021422124245292027,0.41719710925264486,0.6338550244267472,0.6482042704272949
2,1000,1,0.5,143,0.8608148097991943,-0.7749794125556946,-0.13918519020080566,0.22502058744430542,0.6146032810211182,0.020043264729220106,0.41073153735490353,0.624403886448486,0.6430189340405534
2,1000,1,0.5,144,0.8637380599975586,-0.7755008339881897,-0.1362619400024414,0.2244991660118103,0.6245229840278625,0.02018698164656035,0.41102763871390735,0.6322565606945014,0.6461955665124555
2,1000,1,0.5,145,0.8668662309646606,-0.7765926718711853,-0.13313376903533936,0.2234073281288147,0.629136323928833,0.020612614502264766,0.41335921395285324,0.6382465923559768,0.6459274720400934
2,1000,1,0.5,146,0.8652257919311523,-0.777767539024353,-0.13477420806884766,0.22223246097564697,0.6134088039398193,0.020655931599655935,0.4162398986763023,0.6250636752331201,0.642671116308672
2,1000,1,0.5,147,0.8645080924034119,-0.7781229019165039,-0.13549190759658813,0.2218770980834961,0.6310126185417175,0.020500693901213632,0.4082662621997029,0.6388498304711787,0.6451124290446159
2,1000,1,0.5,148,0.8644838929176331,-0.7789759635925293,-0.13551610708236694,0.2210240364074707,0.6162858009338379,0.02147653996822055,0.4102396264917425,0.6259392581526829,0.648730235432344
2,1000,1,0.5,149,0.8652248382568359,-0.7809064388275146,-0.13477516174316406,0.21909356117248535,0.6192201375961304,0.02075732837448528,0.4116486488653859,0.6282871991796353,0.6457910682775716
2,1000,1,0.5,150,0.8694515824317932,-0.7811564803123474,-0.1305484175682068,0.2188435196876526,0.6275007724761963,0.01933510311604059,0.4160330326619415,0.6349881082011541,0.6471117522222148
2,1000,1,0.5,151,0.8705645203590393,-0.783936083316803,-0.1294354796409607,0.21606391668319702,0.6097261905670166,0.01937150708309541,0.41164651397023844,0.6227284283172885,0.6442777368482068
2,1000,1,0.5,152,0.8730659484863281,-0.7856549620628357,-0.12693405151367188,0.2143450379371643,0.6281604766845703,0.01976273666868427,0.4057652387117482,0.635798617759189,0.6448769034356142
2,1000,1,0.5,153,0.8738974332809448,-0.7834711074829102,-0.12610256671905518,0.21652889251708984,0.6220172643661499,0.020480300175942094,0.4193131924591266,0.6319611252436304,0.6505033848770274
2,1000,1,0.5,154,0.8742273449897766,-0.7841387987136841,-0.1257726550102234,0.21586120128631592,0.6174689531326294,0.02026701186056976,0.41062620723684334,0.6292490846921882,0.648382154228397
2,1000,1,0.5,155,0.872628390789032,-0.7842289209365845,-0.12737160921096802,0.21577107906341553,0.6162505149841309,0.02050920313913936,0.403449923771852,0.6265144731404347,0.6489958677651777
2,1000,1,0.5,156,0.8721646666526794,-0.7857780456542969,-0.12783533334732056,0.21422195434570312,0.6314907073974609,0.023002630619023145,0.417860746867218,0.6380709334267534,0.6538361952248742
2,1000,1,0.5,157,0.8763768076896667,-0.785814106464386,-0.12362319231033325,0.214185893535614,0.6250678896903992,0.022185238785290974,0.4059532058947667,0.6338556442972516,0.6513169400080144
2,1000,1,0.5,158,0.8775283694267273,-0.7876157760620117,-0.1224716305732727,0.21238422393798828,0.630985677242279,0.022804107049592424,0.40698280504849876,0.6418248403186084,0.6557498442748131
2,1000,1,0.5,159,0.8808055520057678,-0.7872730493545532,-0.11919444799423218,0.21272695064544678,0.6232995390892029,0.02118586472363164,0.402321117067932,0.633384046716924,0.6498100593250659
2,1000,1,0.5,160,0.8817786574363708,-0.7872198820114136,-0.11822134256362915,0.21278011798858643,0.6315539479255676,0.0217645686862139,0.40945891016047115,0.6405096310347573,0.6524529941838416
2,1000,1,0.5,161,0.8827860355377197,-0.7874215245246887,-0.11721396446228027,0.21257847547531128,0.6249531507492065,0.021796003933329113,0.39879548555509436,0.6341646842712003,0.6504394210354965
2,1000,1,0.5,162,0.8812332153320312,-0.7880975008010864,-0.11876678466796875,0.21190249919891357,0.6241669654846191,0.020451487892548678,0.3982167799051834,0.6341238723668917,0.6489581211677744
2,1000,1,0.5,163,0.876852810382843,-0.7909578680992126,-0.12314718961715698,0.20904213190078735,0.618294358253479,0.02241321961088827,0.4046446477340686,0.6285193837403313,0.6533443292878851
2,1000,1,0.5,164,0.8772201538085938,-0.7903614044189453,-0.12277984619140625,0.2096385955810547,0.6413983106613159,0.0208969406879462,0.4037680118495026,0.6494508745689497,0.6522079753854323
2,1000,1,0.5,165,0.87577223777771,-0.791528582572937,-0.12422776222229004,0.208471417427063,0.6206216812133789,0.020755882506502343,0.401834489533633,0.6312759830574691,0.6510231304566171
2,1000,1,0.5,166,0.8770130276679993,-0.7933114171028137,-0.12298697233200073,0.20668858289718628,0.6451257467269897,0.02194138117066112,0.40707971848925334,0.6526671294013172,0.6564535165565609
2,1000,1,0.5,167,0.8780602216720581,-0.79096919298172,-0.1219397783279419,0.20903080701828003,0.6216068863868713,0.020662948597773168,0.3979875721264692,0.6316933482937306,0.6495835716405017
2,1000,1,0.5,168,0.8764432668685913,-0.7937359809875488,-0.12355673313140869,0.20626401901245117,0.6480357646942139,0.022911777880910065,0.4084457946063783,0.6543073569891515,0.656981104860745
2,1000,1,0.5,169,0.8766523003578186,-0.7927345037460327,-0.1233476996421814,0.20726549625396729,0.6157615780830383,0.0214867875856755,0.40086271977204563,0.6261194095937214,0.6529220293777476
2,1000,1,0.5,170,0.8750384449958801,-0.7939476370811462,-0.12496155500411987,0.20605236291885376,0.6235752701759338,0.01980561392844663,0.4019777347030645,0.6338047715807634,0.6513376268873355
2,1000,1,0.5,171,0.8719355463981628,-0.792253851890564,-0.12806445360183716,0.20774614810943604,0.6243267059326172,0.020568205705914583,0.4087606021054239,0.6357413957031602,0.6563516147050389
2,1000,1,0.5,172,0.869307816028595,-0.792750895023346,-0.13069218397140503,0.20724910497665405,0.6247724294662476,0.02129290124231383,0.39791208627935154,0.6354772846664709,0.6564694224452466
2,1000,1,0.5,173,0.8702503442764282,-0.7914218306541443,-0.12974965572357178,0.2085781693458557,0.6276161670684814,0.02167236738368062,0.3978446789269344,0.6357578306181437,0.6536510596874701
2,1000,1,0.5,174,0.8692173957824707,-0.7909126281738281,-0.1307826042175293,0.20908737182617188,0.621802806854248,0.021410987706083306,0.39186984465238184,0.632318944798611,0.6528794364126527
2,1000,1,0.5,175,0.8704714179039001,-0.7883461117744446,-0.12952858209609985,0.21165388822555542,0.6266513466835022,0.021061806577524097,0.42048284620636706,0.6396204217981549,0.6558553954758818
2,1000,1,0.5,176,0.871877133846283,-0.7899987101554871,-0.12812286615371704,0.21000128984451294,0.6190183162689209,0.02035260053007892,0.40300187683519495,0.6325226837204952,0.6508996265284789
2,1000,1,0.5,177,0.8731162548065186,-0.7935367226600647,-0.12688374519348145,0.2064632773399353,0.6275382041931152,0.02216521009819628,0.3966598435262085,0.638537594848702,0.6544561086002639
2,1000,1,0.5,178,0.8744273781776428,-0.7953941822052002,-0.12557262182235718,0.2046058177947998,0.6193717122077942,0.021853922703813176,0.394631912296893,0.6301160191643469,0.652522995240013
2,1000,1,0.5,179,0.8775479197502136,-0.7954500913619995,-0.12245208024978638,0.2045499086380005,0.6303616762161255,0.020856545670843687,0.39276661624757403,0.6400149851131991,0.6517284738148552
2,1000,1,0.5,180,0.8805822730064392,-0.7956627011299133,-0.11941772699356079,0.20433729887008667,0.6318598985671997,0.02152950683346325,0.3927273476598028,0.6422556531736316,0.651753197282095
2,1000,1,0.5,181,0.8847218155860901,-0.7953886389732361,-0.11527818441390991,0.20461136102676392,0.6243827939033508,0.021034044285628634,0.3960731013991736,0.6364283213997439,0.6546339049937978
2,1000,1,0.5,182,0.8876192569732666,-0.7950948476791382,-0.1123807430267334,0.20490515232086182,0.6229543685913086,0.020834805250996773,0.3983488934372613,0.6353487211020271,0.6559345195964204
2,1000,1,0.5,183,0.8909684419631958,-0.7942373752593994,-0.1090315580368042,0.20576262474060059,0.624512791633606,0.020637915992679612,0.3965501189944732,0.6348094058760946,0.6543575912582351
2,1000,1,0.5,184,0.8886144757270813,-0.7959898114204407,-0.1113855242729187,0.20401018857955933,0.6150021553039551,0.021597297352185955,0.39163577235709723,0.627245557753371,0.6535082827657734
2,1000,1,0.5,185,0.8882675766944885,-0.7979969382286072,-0.11173242330551147,0.20200306177139282,0.6291691064834595,0.02126801018067937,0.39198779912666454,0.6372438920296407,0.6519612225684248
2,1000,1,0.5,186,0.8907251358032227,-0.7979631423950195,-0.10927486419677734,0.20203685760498047,0.6306298971176147,0.022367024205773543,0.3856421806463182,0.6399234105487646,0.6559244101588468
2,1000,1,0.5,187,0.8915613293647766,-0.7987192273139954,-0.10843867063522339,0.20128077268600464,0.6205443143844604,0.022623389130525865,0.39784862554202843,0.630876035983729,0.6613805575548598
2,1000,1,0.5,188,0.8914575576782227,-0.8004537224769592,-0.10854244232177734,0.19954627752304077,0.6424157619476318,0.022435612601092177,0.39391726187656145,0.6482462192845009,0.6598154910662672
2,1000,1,0.5,189,0.8930483460426331,-0.7991405725479126,-0.10695165395736694,0.2008594274520874,0.6187954545021057,0.02261454284543109,0.39052570491842503,0.6274320824587197,0.6579348444012262
2,1000,1,0.5,190,0.8946481943130493,-0.7974497675895691,-0.10535180568695068,0.2025502324104309,0.6248832941055298,0.022069362755671586,0.3864810830911935,0.6321672443024291,0.6566116138296348
2,1000,1,0.5,191,0.8940959572792053,-0.7975782752037048,-0.10590404272079468,0.20242172479629517,0.6316677331924438,0.024255008900723827,0.39653662981212123,0.6353057922391734,0.6596393049824859
2,1000,1,0.5,192,0.8886229395866394,-0.7972978353500366,-0.1113770604133606,0.20270216464996338,0.6195781826972961,0.02284090264895837,0.39145103733767833,0.6282500835097076,0.6603394029029144
2,1000,1,0.5,193,0.8853008151054382,-0.7973760366439819,-0.11469918489456177,0.20262396335601807,0.6357995271682739,0.02181025412563871,0.4008136820579898,0.6449635354798282,0.663437521022472
2,1000,1,0.5,194,0.8792009949684143,-0.7981563210487366,-0.1207990050315857,0.20184367895126343,0.6114065647125244,0.02427537816731729,0.39698763639839973,0.6214806102154509,0.6629726909481346
2,1000,1,0.5,195,0.8768131136894226,-0.7993466258049011,-0.12318688631057739,0.20065337419509888,0.6720719933509827,0.028550565269357522,0.42961282705214043,0.672137172046619,0.6782255228642452
2,1000,1,0.5,196,0.8777868151664734,-0.7966722249984741,-0.12221318483352661,0.20332777500152588,0.617983341217041,0.02371719200904834,0.3908480022887215,0.6260282200531956,0.6613664014015035
2,1000,1,0.5,197,0.8800894021987915,-0.7933117747306824,-0.1199105978012085,0.20668822526931763,0.6301974058151245,0.022811006581965883,0.4103868072774064,0.640532926694206,0.6642898064297433
2,1000,1,0.5,198,0.8814693689346313,-0.7953051924705505,-0.11853063106536865,0.20469480752944946,0.6191364526748657,0.021331406628900238,0.3843057941767127,0.6259380909608487,0.6536815835822664
2,1000,1,0.5,199,0.8820813298225403,-0.7988603711128235,-0.11791867017745972,0.2011396288871765,0.6287646889686584,0.023263088516895125,0.3877848976266814,0.6335763009536625,0.6585925446133973
2,1000,1,0.5,200,0.8859685063362122,-0.7977539300918579,-0.11403149366378784,0.2022460699081421,0.6244024038314819,0.02170738479126316,0.38999680797006364,0.6339256615931589,0.6581677415302752
2,1000,1,0.5,201,0.8869708776473999,-0.7976131439208984,-0.1130291223526001,0.20238685607910156,0.6310148239135742,0.02316063906789737,0.4146743076311259,0.6438788831803984,0.6691910680149333
2,1000,1,0.5,202,0.8863434195518494,-0.7985094785690308,-0.11365658044815063,0.20149052143096924,0.6364133358001709,0.022882306796375866,0.3892384557714367,0.644069950045311,0.6618780350441721
2,1000,1,0.5,203,0.8857722878456116,-0.7995396256446838,-0.11422771215438843,0.20046037435531616,0.6263258457183838,0.02357370202821149,0.38958105820817224,0.6326269228122162,0.6597720287842777
2,1000,1,0.5,204,0.8809102177619934,-0.8021732568740845,-0.11908978223800659,0.19782674312591553,0.6369690895080566,0.024316814198913943,0.3964795555197453,0.6413835472644704,0.663846261837965
2,1000,1,0.5,205,0.8834066390991211,-0.8014153838157654,-0.1165933609008789,0.19858461618423462,0.6200243234634399,0.02181258280754146,0.3823994815522891,0.6273486953532857,0.6580991414480059
2,1000,1,0.5,206,0.8852365016937256,-0.800907552242279,-0.11476349830627441,0.19909244775772095,0.6327322721481323,0.022548043118372326,0.3944749704347676,0.6412332204220661,0.662640524592163
2,1000,1,0.5,207,0.8799310922622681,-0.8034508228302002,-0.12006890773773193,0.1965491771697998,0.6153157353401184,0.0221471473961068,0.38722952313131953,0.6266022748533533,0.6629582953171574
2,1000,1,0.5,208,0.8758944272994995,-0.8048245906829834,-0.12410557270050049,0.1951754093170166,0.6308050155639648,0.022595028971473013,0.38611131656084785,0.6357958074898241,0.6583469715579604
2,1000,1,0.5,209,0.8771283030509949,-0.8055425882339478,-0.12287169694900513,0.19445741176605225,0.6380552053451538,0.024103489563116212,0.3854689850633698,0.6431370417787388,0.6631153606516043
2,1000,1,0.5,210,0.8770724534988403,-0.8050311803817749,-0.12292754650115967,0.1949688196182251,0.6328744888305664,0.02306799318799815,0.3863164319549019,0.6407129569211648,0.664085673825188
2,1000,1,0.5,211,0.8753316402435303,-0.8062540888786316,-0.12466835975646973,0.1937459111213684,0.6222437024116516,0.022385875555627075,0.3930505658987442,0.6332129533978424,0.66589666445905
2,1000,1,0.5,212,0.875716507434845,-0.8065302968025208,-0.12428349256515503,0.19346970319747925,0.6201509237289429,0.02483269817448859,0.42114132245389996,0.6341654895014633,0.6765685532670982
2,1000,1,0.5,213,0.8728761076927185,-0.8111918568611145,-0.1271238923072815,0.1888081431388855,0.6340658664703369,0.02383263973786178,0.38208964486326286,0.6393210284526103,0.6652363025599579
2,1000,1,0.5,214,0.8734927177429199,-0.8122798800468445,-0.12650728225708008,0.18772011995315552,0.6286379098892212,0.02388991861427016,0.3792742741609753,0.6332329991957394,0.6640928878486134
2,1000,1,0.5,215,0.8774394989013672,-0.8096780776977539,-0.12256050109863281,0.1903219223022461,0.650283932685852,0.024990227634187942,0.400209655021462,0.659348542112443,0.674207407590094
2,1000,1,0.5,216,0.8735934495925903,-0.8106122612953186,-0.12640655040740967,0.1893877387046814,0.6123716831207275,0.024877662623431496,0.39427974252106324,0.624675831424211,0.6693422993593733
2,1000,1,0.5,217,0.8748711943626404,-0.8095989227294922,-0.12512880563735962,0.1904010772705078,0.6414884328842163,0.025084672742196563,0.4062939163755212,0.6545407445507103,0.6774215056200823
2,1000,1,0.5,218,0.8754993677139282,-0.8071262240409851,-0.12450063228607178,0.1928737759590149,0.6196693181991577,0.024213880257835996,0.3909492662532034,0.6314446656404021,0.6699174165449253
2,1000,1,0.5,219,0.8756889700889587,-0.8071250319480896,-0.12431102991104126,0.1928749680519104,0.6480929851531982,0.02575375442559999,0.3873087433403737,0.6510488801362448,0.6704735805870714
2,1000,1,0.5,220,0.8763184547424316,-0.8062605857849121,-0.12368154525756836,0.1937394142150879,0.6246399879455566,0.02423667509505607,0.3806718221883134,0.6311961097123556,0.6666234247609074
2,1000,1,0.5,221,0.8780143857002258,-0.8051402568817139,-0.12198561429977417,0.19485974311828613,0.6344649791717529,0.023439905516233615,0.3831006787632413,0.6440073513658021,0.6685042870727322
2,1000,1,0.5,222,0.8767733573913574,-0.804858922958374,-0.12322664260864258,0.19514107704162598,0.6281805038452148,0.023626767866141447,0.37914717972204853,0.6372192596622694,0.6661441523514777
2,1000,1,0.5,223,0.8814505934715271,-0.8060559630393982,-0.1185494065284729,0.1939440369606018,0.624029278755188,0.0238394432737574,0.3877987265898416,0.6352271264897089,0.6670466765977742
2,1000,1,0.5,224,0.8803174495697021,-0.8103907108306885,-0.11968255043029785,0.18960928916931152,0.6267221570014954,0.024416678845517695,0.3811113589614959,0.6312436589381606,0.6624669618209704
2,1000,1,0.5,225,0.882117748260498,-0.8087127208709717,-0.11788225173950195,0.19128727912902832,0.6324248313903809,0.02411735736258139,0.382853797951513,0.6410502114109521,0.6687816076870058
2,1000,1,0.5,226,0.881754994392395,-0.8096912503242493,-0.11824500560760498,0.19030874967575073,0.6195148229598999,0.02394819325826693,0.3862614756251181,0.6295878136509558,0.6699105409263834
2,1000,1,0.5,227,0.8827572464942932,-0.8082628846168518,-0.11724275350570679,0.1917371153831482,0.6247352361679077,0.023850037097712717,0.37909821113295733,0.6339982311693255,0.6677077940835132
2,1000,1,0.5,228,0.8822394013404846,-0.809401273727417,-0.11776059865951538,0.190598726272583,0.6210038065910339,0.024980473204116702,0.388372284783199,0.6337001746856831,0.6729125747734204
2,1000,1,0.5,229,0.8833731412887573,-0.8104156255722046,-0.11662685871124268,0.1895843744277954,0.6277451515197754,0.024319795381207432,0.3791646923783159,0.6321333894757752,0.6652642165773343
2,1000,1,0.5,230,0.8795749545097351,-0.8137986063957214,-0.12042504549026489,0.18620139360427856,0.6364659070968628,0.02602829183926163,0.383893284917679,0.6379516270990818,0.6685125488914911
2,1000,1,0.5,231,0.8815467357635498,-0.8113664984703064,-0.1184532642364502,0.1886335015296936,0.6331803202629089,0.0240718445561855,0.3764128652480258,0.6394212003492031,0.6651074773568599
2,1000,1,0.5,232,0.8846211433410645,-0.8108675479888916,-0.11537885665893555,0.1891324520111084,0.6238760948181152,0.024363386097604897,0.3919774897604562,0.6360884803087702,0.6714022071859372
2,1000,1,0.5,233,0.886971652507782,-0.8123389482498169,-0.11302834749221802,0.1876610517501831,0.6255220174789429,0.02473148054032835,0.38202992750904974,0.6353429213939923,0.6712891708419922
2,1000,1,0.5,234,0.8903796672821045,-0.8126758337020874,-0.10962033271789551,0.1873241662979126,0.6092972755432129,0.02380111554958879,0.38474750099792965,0.6190231508625673,0.6672878348476176
2,1000,1,0.5,235,0.8926087617874146,-0.8152835965156555,-0.10739123821258545,0.18471640348434448,0.6299891471862793,0.024584670115860973,0.3784367306598034,0.6370639420436552,0.6674955123243932
2,1000,1,0.5,236,0.8931941986083984,-0.8163499236106873,-0.10680580139160156,0.18365007638931274,0.6316952705383301,0.024216133054229448,0.3743251625489269,0.6367353577548422,0.6684195939362454
2,1000,1,0.5,237,0.8940603137016296,-0.81746506690979,-0.10593968629837036,0.18253493309020996,0.6152840852737427,0.025150830586453888,0.39096244585637935,0.6270670012069307,0.6739965803455056
2,1000,1,0.5,238,0.8935841917991638,-0.8202539682388306,-0.10641580820083618,0.17974603176116943,0.6114267110824585,0.024696346034456244,0.38186489954481806,0.6240190191133482,0.6727343087639204
2,1000,1,0.5,239,0.8968459367752075,-0.8232876658439636,-0.10315406322479248,0.17671233415603638,0.6152094602584839,0.025106516341753093,0.38489070835181266,0.6308914019970436,0.6766259588644248
2,1000,1,0.5,240,0.8986102938652039,-0.8261680603027344,-0.10138970613479614,0.17383193969726562,0.630531907081604,0.025507530853181165,0.3725208584002138,0.6363994879817508,0.6721134182923888
2,1000,1,0.5,241,0.8985611796379089,-0.8288096189498901,-0.10143882036209106,0.17119038105010986,0.6333998441696167,0.025562254789663306,0.3746727345261526,0.6406965316198208,0.6726489403537244
2,1000,1,0.5,242,0.8961626887321472,-0.8297083973884583,-0.10383731126785278,0.17029160261154175,0.619769811630249,0.024770795474985396,0.37271200113523223,0.6268644028493121,0.6707426890292291
2,1000,1,0.5,243,0.8956302404403687,-0.8304579257965088,-0.10436975955963135,0.1695420742034912,0.6254283785820007,0.025853685177405366,0.3730160183348539,0.6298086283754313,0.6718499954769286
2,1000,1,0.5,244,0.8978372812271118,-0.8311193585395813,-0.10216271877288818,0.1688806414604187,0.6272784471511841,0.0262490964498127,0.38208357305144713,0.6355935761248802,0.6759989592418082
2,1000,1,0.5,245,0.8964391350746155,-0.8323807120323181,-0.10356086492538452,0.16761928796768188,0.6190223693847656,0.027747762316525544,0.38788065046136583,0.6276057300647495,0.6834009428888055
2,1000,1,0.5,246,0.8938524127006531,-0.8306633234024048,-0.10614758729934692,0.16933667659759521,0.6339906454086304,0.028084710536434545,0.41166442501995,0.6497521883234054,0.6879134892153363
2,1000,1,0.5,247,0.8927209973335266,-0.8318062424659729,-0.10727900266647339,0.1681937575340271,0.6240517497062683,0.027623409906043814,0.39545193081891056,0.6370139388362915,0.6844773639300731
2,1000,1,0.5,248,0.8937622308731079,-0.8334779739379883,-0.10623776912689209,0.16652202606201172,0.6163172721862793,0.026480080804875163,0.38459908789170816,0.6261884175335473,0.6786553886778405
2,1000,1,0.5,249,0.896935224533081,-0.8319257497787476,-0.10306477546691895,0.16807425022125244,0.6355648040771484,0.026814332624119173,0.3888708963196704,0.6494803035512033,0.6824253990944745
2,1000,1,0.5,250,0.8933109045028687,-0.834183931350708,-0.10668909549713135,0.165816068649292,0.623887836933136,0.028166546410443947,0.3858251156567485,0.6303056132416549,0.6793701257921955
2,1000,1,0.5,251,0.8937699198722839,-0.8350271582603455,-0.10623008012771606,0.16497284173965454,0.6490195989608765,0.02682779764528693,0.37507332297010193,0.6485574082929304,0.6759221611482455
2,1000,1,0.5,252,0.889985203742981,-0.8365817666053772,-0.11001479625701904,0.1634182333946228,0.6592527627944946,0.029415211370544286,0.3903574807225963,0.6580345218839041,0.682456596355032
2,1000,1,0.5,253,0.8949596881866455,-0.8306301832199097,-0.10504031181335449,0.16936981678009033,0.6143850088119507,0.027907928491637816,0.396608056195168,0.6295329086038823,0.6846467678841318
2,1000,1,0.5,254,0.8975206613540649,-0.8279436826705933,-0.10247933864593506,0.17205631732940674,0.6207929849624634,0.028474675790780963,0.4092377419926334,0.6388881472603942,0.6934951944947686
2,1000,1,0.5,255,0.8956334590911865,-0.8298913836479187,-0.10436654090881348,0.1701086163520813,0.6184195280075073,0.02873472320582595,0.3968673135921304,0.6350992250832257,0.6908107185364002
2,1000,1,0.5,256,0.8934508562088013,-0.8340117335319519,-0.10654914379119873,0.1659882664680481,0.6336193084716797,0.026347855847768865,0.3733877497721224,0.6401309645180951,0.6773039524706702
2,1000,1,0.5,257,0.8901820182800293,-0.836171567440033,-0.1098179817199707,0.16382843255996704,0.6310200691223145,0.02647752462098148,0.3702636913676055,0.6343715179351882,0.6752995328506198
2,1000,1,0.5,258,0.8916853070259094,-0.8342229127883911,-0.10831469297409058,0.1657770872116089,0.6240143775939941,0.02775297534431048,0.3806454897079721,0.6354772780175568,0.6816070747304491
2,1000,1,0.5,259,0.8956366181373596,-0.832352340221405,-0.10436338186264038,0.16764765977859497,0.6386032104492188,0.03193646637779008,0.4398676500729911,0.6542595589906901,0.7079980763740719
2,1000,1,0.5,260,0.8943194150924683,-0.8357672095298767,-0.10568058490753174,0.1642327904701233,0.6287959218025208,0.027397189260352464,0.37665937800107757,0.638237976584726,0.6800386128002658
2,1000,1,0.5,261,0.8922491073608398,-0.8367116451263428,-0.10775089263916016,0.16328835487365723,0.6468900442123413,0.028219670050234708,0.3815531002935122,0.650622438715259,0.6778827484392351
2,1000,1,0.5,262,0.8927152752876282,-0.834572970867157,-0.10728472471237183,0.16542702913284302,0.6289772987365723,0.02671883550020451,0.3725130254167657,0.6373775934969206,0.6775541266449817
2,1000,1,0.5,263,0.8914833664894104,-0.8348494172096252,-0.1085166335105896,0.16515058279037476,0.6203429698944092,0.02673882367495237,0.3827703274832639,0.6337640346554373,0.6781121031082636
2,1000,1,0.5,264,0.889603853225708,-0.8363862633705139,-0.11039614677429199,0.16361373662948608,0.6095863580703735,0.026436842315941695,0.38436962431499294,0.621215401868876,0.6799310838656696
2,1000,1,0.5,265,0.8907303214073181,-0.8378992080688477,-0.10926967859268188,0.16210079193115234,0.6374024748802185,0.028429442468714837,0.3875595256880976,0.6514887970255531,0.6872773924938498
2,1000,1,0.5,266,0.8929746150970459,-0.8406866788864136,-0.1070253849029541,0.15931332111358643,0.6248736381530762,0.02893455871978622,0.38996758974294027,0.6333906448552764,0.6877831450582295
2,1000,1,0.5,267,0.8933753967285156,-0.8418070673942566,-0.10662460327148438,0.1581929326057434,0.6424886584281921,0.029151786189373103,0.38687284101793323,0.657992656050848,0.687197057965516
2,1000,1,0.5,268,0.8929008841514587,-0.8427791595458984,-0.10709911584854126,0.15722084045410156,0.631706714630127,0.02653401792826863,0.369248770143706,0.6351649919144249,0.674823692218135
2,1000,1,0.5,269,0.8948562145233154,-0.8424630761146545,-0.10514378547668457,0.15753692388534546,0.6191613674163818,0.027579233207499255,0.3827736633287126,0.6267203484598551,0.6792690125342135
2,1000,1,0.5,270,0.8994401097297668,-0.8413859605789185,-0.10055989027023315,0.15861403942108154,0.6417433023452759,0.028278409658115154,0.3930911113719051,0.6548538849698434,0.6859650583030563
2,1000,1,0.5,271,0.8998446464538574,-0.8423891663551331,-0.10015535354614258,0.15761083364486694,0.6275708675384521,0.02849788130087272,0.37581803925072066,0.6365231547930519,0.6810171172709818
2,1000,1,0.5,272,0.9058314561843872,-0.8390287160873413,-0.09416854381561279,0.1609712839126587,0.6418933272361755,0.03068826447173617,0.3941806158414815,0.6562532471240519,0.6945046217224794
2,1000,1,0.5,273,0.9058674573898315,-0.8388078808784485,-0.09413254261016846,0.1611921191215515,0.6303730607032776,0.02996085391817976,0.3903680138341059,0.6402326263811006,0.6902469693948496
2,1000,1,0.5,274,0.9032784700393677,-0.8387243151664734,-0.09672152996063232,0.1612756848335266,0.6402778029441833,0.028308218079058842,0.37457718681561675,0.6492001105452977,0.6821229458408121
2,1000,1,0.5,275,0.9010467529296875,-0.8398755192756653,-0.0989532470703125,0.16012448072433472,0.6223618388175964,0.029081362083874254,0.38258255503615485,0.6348581763291989,0.6855277769156952
2,1000,1,0.5,276,0.8995193839073181,-0.8406978249549866,-0.10048061609268188,0.15930217504501343,0.6249339580535889,0.029602875767495537,0.3995678637251339,0.640909529848122,0.692620829421425
2,1000,1,0.5,277,0.8967146873474121,-0.8457373380661011,-0.10328531265258789,0.15426266193389893,0.63427734375,0.026957749476383106,0.36810435032788463,0.6389410101444357,0.6783080888634836
2,1000,1,0.5,278,0.8935568928718567,-0.8493547439575195,-0.10644310712814331,0.15064525604248047,0.6297913789749146,0.027641262643944516,0.3716847178425779,0.6339255386704727,0.676552855135702
2,1000,1,0.5,279,0.8942220211029053,-0.8508893847465515,-0.10577797889709473,0.1491106152534485,0.6516537666320801,0.028950058919354676,0.3865316581802979,0.6490543620855354,0.6849335258540727
2,1000,1,0.5,280,0.8966618180274963,-0.8490062952041626,-0.10333818197250366,0.1509937047958374,0.6255078315734863,0.030219042969917714,0.3908363857973962,0.638045256943998,0.6918104674037161
2,1000,1,0.5,281,0.89577716588974,-0.849060595035553,-0.10422283411026001,0.15093940496444702,0.6327651739120483,0.029259009764588603,0.3939007658337218,0.6483179970392672,0.6879973508732011
2,1000,1,0.5,282,0.8938063979148865,-0.8494240641593933,-0.10619360208511353,0.1505759358406067,0.6255697011947632,0.02781562113483176,0.37890661997578556,0.6377519393165269,0.6818656866246371
2,1000,1,0.5,283,0.894406259059906,-0.8499940037727356,-0.105593740940094,0.1500059962272644,0.6375579833984375,0.02774784573234183,0.3717399324894855,0.6491749978632564,0.678984760309601
2,1000,1,0.5,284,0.8946846723556519,-0.8534147143363953,-0.10531532764434814,0.14658528566360474,0.65678870677948,0.030433888210622668,0.3835416314045871,0.6573121033463657,0.685181259085414
2,1000,1,0.5,285,0.9002857804298401,-0.8505538105964661,-0.09971421957015991,0.14944618940353394,0.6372395157814026,0.030575329462993343,0.39730544940288537,0.6493966953780478,0.6959292042833013
2,1000,1,0.5,286,0.9001529812812805,-0.8497220873832703,-0.09984701871871948,0.15027791261672974,0.6275652647018433,0.03137406058164604,0.4000247884451923,0.6387346701602816,0.6973903496458286
2,1000,1,0.5,287,0.9010111093521118,-0.8504649996757507,-0.09898889064788818,0.14953500032424927,0.6388485431671143,0.029446333863776313,0.3730128311467596,0.6447385595259439,0.6845123046681759
2,1000,1,0.5,288,0.901363730430603,-0.8503322005271912,-0.09863626956939697,0.14966779947280884,0.6576277613639832,0.028382861396196446,0.37090204484223954,0.6573249818134661,0.6783825774689851
2,1000,1,0.5,289,0.9019381403923035,-0.8495683670043945,-0.09806185960769653,0.15043163299560547,0.6356486678123474,0.029374149230607882,0.37879162771785496,0.6462509255828209,0.6866412420032534
2,1000,1,0.5,290,0.9027865529060364,-0.8481564521789551,-0.09721344709396362,0.15184354782104492,0.631781816482544,0.028914446365666462,0.38915512369945654,0.644122461925058,0.6857107332281813
2,1000,1,0.5,291,0.8983447551727295,-0.8498197793960571,-0.10165524482727051,0.15018022060394287,0.6264407634735107,0.029859712535483918,0.3779833319858724,0.6370758314532615,0.6859889044604834
2,1000,1,0.5,292,0.8979339003562927,-0.848131000995636,-0.10206609964370728,0.151868999004364,0.6267533302307129,0.028247275073471537,0.3723232888019508,0.6337574634882307,0.6838146648312878
2,1000,1,0.5,293,0.8983675837516785,-0.8472658395767212,-0.10163241624832153,0.1527341604232788,0.6279027462005615,0.03035282132919415,0.39065056066596177,0.6427096998410678,0.6926713107148552
2,1000,1,0.5,294,0.8959351778030396,-0.8470584750175476,-0.10406482219696045,0.1529415249824524,0.6225570440292358,0.029322233845781694,0.37625570818992005,0.6328284504399675,0.6862419581293728
2,1000,1,0.5,295,0.8959220051765442,-0.8473678231239319,-0.10407799482345581,0.15263217687606812,0.6381263732910156,0.028191834035656786,0.3699160694581382,0.6420422877125012,0.6843033638395482
2,1000,1,0.5,296,0.8920612931251526,-0.8480849862098694,-0.10793870687484741,0.15191501379013062,0.6323477029800415,0.029109975366517,0.373030557034841,0.6358474101401554,0.6859086084745664
2,1000,1,0.5,297,0.8940726518630981,-0.8476742506027222,-0.10592734813690186,0.15232574939727783,0.628131628036499,0.028405561159597817,0.3718360901164706,0.6340421162694085,0.6828238677026953
2,1000,1,0.5,298,0.8950190544128418,-0.8473080992698669,-0.1049809455871582,0.15269190073013306,0.6377352476119995,0.02854916555977498,0.3748021219184193,0.6456751789903146,0.6835545893571864
2,1000,1,0.5,299,0.8944425582885742,-0.84686279296875,-0.10555744171142578,0.15313720703125,0.6354091167449951,0.030407935860690412,0.37989423621337026,0.64793800269889,0.6921938437824556
2,1000,1,0.5,300,0.8947084546089172,-0.8483800888061523,-0.10529154539108276,0.15161991119384766,0.6226837038993835,0.030204699561403134,0.3852452200642429,0.6336942772013927,0.6933499165791299
2,1000,1,0.5,301,0.8969411253929138,-0.8499983549118042,-0.10305887460708618,0.1500016450881958,0.6392141580581665,0.030468761521627793,0.38261797935230446,0.6473590710049849,0.6935578948595928
2,1000,1,0.5,302,0.8979781866073608,-0.8497559428215027,-0.10202181339263916,0.15024405717849731,0.6213028430938721,0.0312367661375012,0.3936291602975209,0.6316477866943796,0.6968040847350653
2,1000,1,0.5,303,0.8993807435035706,-0.8490927219390869,-0.10061925649642944,0.15090727806091309,0.6393253803253174,0.03366769657734973,0.42406817711867617,0.6634950664799739,0.7138592427997951
2,1000,1,0.5,304,0.8982554078102112,-0.8513962626457214,-0.10174459218978882,0.14860373735427856,0.6233795881271362,0.029914414588106612,0.3804783042722712,0.6337581218213812,0.6929976512248546
2,1000,1,0.5,305,0.8962860107421875,-0.8517657518386841,-0.1037139892578125,0.14823424816131592,0.6701448559761047,0.0322391859566938,0.38933126443069843,0.6662226902152129,0.6931232818553624
2,1000,1,0.5,306,0.8955777883529663,-0.8487245440483093,-0.10442221164703369,0.15127545595169067,0.6226513385772705,0.03111874814298039,0.3955350851617525,0.6320971105285166,0.6971587134778393
2,1000,1,0.5,307,0.8922947645187378,-0.8485358357429504,-0.10770523548126221,0.15146416425704956,0.625563383102417,0.033399781927877306,0.4018582920129796,0.6394824447934296,0.705805705569557
2,1000,1,0.5,308,0.8924633860588074,-0.8486320972442627,-0.10753661394119263,0.1513679027557373,0.6310750246047974,0.030693777468392486,0.38867138501698095,0.6422840115356684,0.6956224949206182
2,1000,1,0.5,309,0.8890653848648071,-0.8505687117576599,-0.11093461513519287,0.1494312882423401,0.6450332403182983,0.029908426042001637,0.3690598200375266,0.6468866741199852,0.6847105707014981
2,1000,1,0.5,310,0.8895424604415894,-0.8483923673629761,-0.11045753955841064,0.15160763263702393,0.6417093276977539,0.030822418591046768,0.3777922251145573,0.6511957047142042,0.6909745935413624
2,1000,1,0.5,311,0.8880312442779541,-0.8467151522636414,-0.1119687557220459,0.15328484773635864,0.6314074397087097,0.03117196257581228,0.3771685094866601,0.6410949065189092,0.6949745240647847
2,1000,1,0.5,312,0.8854135870933533,-0.845410168170929,-0.11458641290664673,0.15458983182907104,0.6222305297851562,0.03169139429476866,0.3761375344980848,0.6309002339192675,0.691964561907482
2,1000,1,0.5,313,0.8860076665878296,-0.8444108963012695,-0.11399233341217041,0.15558910369873047,0.6463140845298767,0.0308766325441746,0.3827175609453511,0.650390672625887,0.6941691511235017
2,1000,1,0.5,314,0.8825799226760864,-0.8449851870536804,-0.11742007732391357,0.15501481294631958,0.6322206258773804,0.03005131895904066,0.36808554874731664,0.6386114907581679,0.6909687209440291
2,1000,1,0.5,315,0.8810086846351624,-0.8444997072219849,-0.11899131536483765,0.15550029277801514,0.6246333122253418,0.031111145447483515,0.376458086935245,0.6392128391172163,0.6929686194255067
2,1000,1,0.5,316,0.8838990330696106,-0.8428195118904114,-0.1161009669303894,0.15718048810958862,0.6311010122299194,0.03453959499948805,0.4161980461978837,0.6514902649836444,0.7127169265567231
2,1000,1,0.5,317,0.8804912567138672,-0.8453436493873596,-0.11950874328613281,0.15465635061264038,0.6238971948623657,0.031488619125405286,0.37768312909667545,0.6303194172836405,0.6913879311093761
2,1000,1,0.5,318,0.8803583383560181,-0.8453772664070129,-0.11964166164398193,0.15462273359298706,0.6485967040061951,0.030792365227940967,0.37606309107949487,0.6535290766140153,0.6900015576079876
2,1000,1,0.5,319,0.8819329142570496,-0.8455309271812439,-0.11806708574295044,0.1544690728187561,0.6355363130569458,0.030050169241972853,0.36578745726444595,0.6367791822082117,0.6885965112838369
2,1000,1,0.5,320,0.8879401087760925,-0.8418439030647278,-0.11205989122390747,0.15815609693527222,0.6282537579536438,0.031130291895102455,0.38604648808143693,0.6432063037714196,0.6942850223937012
2,1000,1,0.5,321,0.8909921050071716,-0.8404338955879211,-0.10900789499282837,0.15956610441207886,0.6274583339691162,0.03161217575834453,0.39253407308765426,0.6377532145519779,0.6969507474715074
2,1000,1,0.5,322,0.8918343782424927,-0.8392903208732605,-0.10816562175750732,0.1607096791267395,0.6388782262802124,0.03309477103318746,0.3998423343352856,0.6494650598304658,0.7040447841116695
2,1000,1,0.5,323,0.8941290378570557,-0.8380101919174194,-0.10587096214294434,0.16198980808258057,0.6282000541687012,0.029574414029180207,0.375573612767551,0.6307134387264847,0.6899803850088437
2,1000,1,0.5,324,0.8949593305587769,-0.8383554816246033,-0.10504066944122314,0.16164451837539673,0.6491442918777466,0.03035961931433113,0.36596615150861767,0.6485411917163426,0.6906541602624486
2,1000,1,0.5,325,0.8911013007164001,-0.841109573841095,-0.10889869928359985,0.15889042615890503,0.6577368378639221,0.03249101603178269,0.38333889303254237,0.651010917061522,0.6935531270782812
2,1000,1,0.5,326,0.8932887315750122,-0.8400497436523438,-0.10671126842498779,0.15995025634765625,0.6378291845321655,0.031053216918706748,0.38429108630728465,0.6457796164729246,0.6937288066013994
2,1000,1,0.5,327,0.8958459496498108,-0.8390082716941833,-0.10415405035018921,0.16099172830581665,0.621100127696991,0.03117412670634602,0.39565500952613164,0.6319652550573589,0.7003040800788065
2,1000,1,0.5,328,0.891447901725769,-0.8427687883377075,-0.10855209827423096,0.15723121166229248,0.6550275087356567,0.030985567165884974,0.37920353780100813,0.6565398651331694,0.6934054597567808
2,1000,1,0.5,329,0.8912478685379028,-0.8398663401603699,-0.10875213146209717,0.16013365983963013,0.6338146924972534,0.0327829769956798,0.39761480830790724,0.643836650787817,0.7026218003197358
2,1000,1,0.5,330,0.8919597268104553,-0.8405574560165405,-0.10804027318954468,0.15944254398345947,0.6460751295089722,0.031308156037575946,0.37093630864238475,0.646664996445521,0.6886722246217766
2,1000,1,0.5,331,0.8920928239822388,-0.8393102288246155,-0.10790717601776123,0.16068977117538452,0.6436350345611572,0.03129179999403628,0.3677572138274964,0.6452892161741294,0.6893395767868447
2,1000,1,0.5,332,0.8925342559814453,-0.8397768139839172,-0.10746574401855469,0.16022318601608276,0.6369664669036865,0.02902348142474567,0.3620782570786709,0.6370269026257418,0.6829861350817235
2,1000,1,0.5,333,0.8931723833084106,-0.8400937914848328,-0.10682761669158936,0.15990620851516724,0.6326642036437988,0.03000721278244094,0.3655267827246456,0.6376072691919124,0.6865476688258633
2,1000,1,0.5,334,0.8933966159820557,-0.8386625647544861,-0.10660338401794434,0.16133743524551392,0.6217471361160278,0.031840063456573336,0.39090769778385154,0.6339026059756122,0.699997880926515
2,1000,1,0.5,335,0.8927969932556152,-0.8379040360450745,-0.10720300674438477,0.16209596395492554,0.629907488822937,0.03137457266729001,0.3839852455560086,0.6422617986306193,0.699389079329112
2,1000,1,0.5,336,0.8922673463821411,-0.8379368185997009,-0.10773265361785889,0.16206318140029907,0.6148484945297241,0.02984602590350374,0.3773149026595401,0.6244699293269932,0.692847130140943
2,1000,1,0.5,337,0.8943820595741272,-0.8368735909461975,-0.1056179404258728,0.1631264090538025,0.6287988424301147,0.03148430740289235,0.3834742619044366,0.6396332589605246,0.6993077509360576
2,1000,1,0.5,338,0.8958215713500977,-0.8363595008850098,-0.10417842864990234,0.16364049911499023,0.6199485063552856,0.03072926701651611,0.3836690045200347,0.6292686023612969,0.6996569987452028
2,1000,1,0.5,339,0.8953025341033936,-0.8386959433555603,-0.10469746589660645,0.1613040566444397,0.6322553157806396,0.03116090604486112,0.3684555821949516,0.6347227236938028,0.6911428294066113
2,1000,1,0.5,340,0.8973922729492188,-0.8380653262138367,-0.10260772705078125,0.16193467378616333,0.6369856595993042,0.03231428196380774,0.3747602323680972,0.6486470619886886,0.6972917056908654
2,1000,1,0.5,341,0.8948261141777039,-0.8392800688743591,-0.10517388582229614,0.16071993112564087,0.6232366561889648,0.03151357318043373,0.37600162807201104,0.6283803527643435,0.6930803645666577
2,1000,1,0.5,342,0.8934619426727295,-0.8367783427238464,-0.10653805732727051,0.16322165727615356,0.6352107524871826,0.03346831999117657,0.3920362079044017,0.6533931226308411,0.7052935874820654
2,1000,1,0.5,343,0.8904423117637634,-0.8358659744262695,-0.10955768823623657,0.16413402557373047,0.6217910051345825,0.031588677279799,0.38911652864897306,0.634266068940121,0.6989700958351593
2,1000,1,0.5,344,0.8907318115234375,-0.8367615938186646,-0.1092681884765625,0.16323840618133545,0.6171623468399048,0.030356239046932864,0.37971900124099844,0.622820863439741,0.6930753930530814
2,1000,1,0.5,345,0.8958078026771545,-0.8344458341598511,-0.10419219732284546,0.16555416584014893,0.6289891004562378,0.03233329513162866,0.3824165163108543,0.6427346377532994,0.7029564415369726
2,1000,1,0.5,346,0.8947878479957581,-0.8350745439529419,-0.10521215200424194,0.1649254560470581,0.6349248290061951,0.03136926607364236,0.3756550071504645,0.640769449163877,0.6920387942030336
2,1000,1,0.5,347,0.8950111269950867,-0.8340786099433899,-0.10498887300491333,0.1659213900566101,0.6438477635383606,0.029504206912696188,0.3617172368280526,0.64439075655218,0.6853756298959802
2,1000,1,0.5,348,0.892883837223053,-0.8342521786689758,-0.10711616277694702,0.16574782133102417,0.6393371820449829,0.03140701621750723,0.3670049072938757,0.6414038728918888,0.691837735640557
2,1000,1,0.5,349,0.8924595713615417,-0.8318025469779968,-0.10754042863845825,0.16819745302200317,0.6396751999855042,0.03132877891618331,0.37994770280755147,0.6433886893233236,0.6980016354264476
2,1000,1,0.5,350,0.8884837031364441,-0.8323957920074463,-0.11151629686355591,0.1676042079925537,0.6374532580375671,0.032217356386370403,0.37667689995306963,0.6407956738680924,0.7020981287846898
2,1000,1,0.5,351,0.8881356716156006,-0.8313441276550293,-0.11186432838439941,0.1686558723449707,0.6308116912841797,0.03234224641638724,0.3775077972778196,0.6400120742348215,0.7002597350068318
2,1000,1,0.5,352,0.8858235478401184,-0.8294780254364014,-0.11417645215988159,0.17052197456359863,0.6319700479507446,0.03262745639452607,0.3864604261149255,0.6464198261272227,0.7039160073129347
2,1000,1,0.5,353,0.8843657970428467,-0.8268409967422485,-0.11563420295715332,0.17315900325775146,0.63927161693573,0.03121444240193665,0.3744500925604581,0.647408126253782,0.7003493958354128
2,1000,1,0.5,354,0.8838587403297424,-0.8270887136459351,-0.11614125967025757,0.17291128635406494,0.6389960050582886,0.031828339271669365,0.36855655728615844,0.645510431550762,0.6944536910901352
2,1000,1,0.5,355,0.8814934492111206,-0.8281941413879395,-0.1185065507888794,0.17180585861206055,0.6367785334587097,0.031479286886308876,0.36915063797250314,0.6389322527306186,0.691280462780378
2,1000,1,0.5,356,0.8807244300842285,-0.8288936018943787,-0.11927556991577148,0.17110639810562134,0.6372356414794922,0.031147762973530894,0.36756932656944385,0.643114400303122,0.6914833801430402
2,1000,1,0.5,357,0.8816666603088379,-0.8273337483406067,-0.11833333969116211,0.1726662516593933,0.6291258335113525,0.031215700657908366,0.37440750482603535,0.6390840929318664,0.6959625841121316
2,1000,1,0.5,358,0.8818448781967163,-0.8271804451942444,-0.11815512180328369,0.17281955480575562,0.6266969442367554,0.03159473348420821,0.37360167094991764,0.6378909298139619,0.6960049126389154
2,1000,1,0.5,359,0.8863564729690552,-0.8260887861251831,-0.11364352703094482,0.1739112138748169,0.6347297430038452,0.03278658236280755,0.38470733596528456,0.6489383713948247,0.7039611703890576
2,1000,1,0.5,360,0.8910847306251526,-0.8237242698669434,-0.10891526937484741,0.17627573013305664,0.6286419630050659,0.032216630259479274,0.380424635320649,0.6420366862451625,0.6998521841890925
2,1000,1,0.5,361,0.8928713202476501,-0.8224366903305054,-0.10712867975234985,0.17756330966949463,0.6248655319213867,0.03151577702867964,0.37986008382955966,0.6376626194324533,0.6990275114138831
2,1000,1,0.5,362,0.8916634321212769,-0.822269082069397,-0.10833656787872314,0.17773091793060303,0.6480252146720886,0.03519075686307979,0.39897923422966486,0.66133362517429,0.714851156371431
2,1000,1,0.5,363,0.8892875909805298,-0.8234869241714478,-0.11071240901947021,0.17651307582855225,0.6258801221847534,0.03426203225278652,0.39312183246218124,0.6366214068725381,0.7076582998917604
2,1000,1,0.5,364,0.8884924650192261,-0.8246537446975708,-0.11150753498077393,0.1753462553024292,0.6335517168045044,0.0323504722753383,0.38595699998762684,0.648239920447743,0.7039635080763471
2,1000,1,0.5,365,0.8875207304954529,-0.8255701065063477,-0.11247926950454712,0.17442989349365234,0.6251423954963684,0.032109934868249264,0.37360911855159473,0.634864624818485,0.7007756708670702
2,1000,1,0.5,366,0.8885511159896851,-0.8260795474052429,-0.11144888401031494,0.17392045259475708,0.6360016465187073,0.0325271016548161,0.3781937146543652,0.6484109421376814,0.7033830881273518
2,1000,1,0.5,367,0.8872798681259155,-0.8278687596321106,-0.11272013187408447,0.1721312403678894,0.6311826705932617,0.032294414940513466,0.3694965534576394,0.6382367855145081,0.6939079713617748
2,1000,1,0.5,368,0.8886404037475586,-0.8267286419868469,-0.1113595962524414,0.17327135801315308,0.645747721195221,0.032559538178228334,0.3701592851704298,0.6481371524075554,0.6980949183316484
2,1000,1,0.5,369,0.8881315588951111,-0.8273729085922241,-0.11186844110488892,0.17262709140777588,0.6390166282653809,0.03336271379231048,0.36771672520230875,0.6417426272751334,0.7006680978680947
2,1000,1,0.5,370,0.8877819776535034,-0.8268159031867981,-0.11221802234649658,0.1731840968132019,0.6342072486877441,0.03382854989164564,0.38620713007021307,0.6495870805313099,0.7062782679693774
2,1000,1,0.5,371,0.8878746032714844,-0.8278936743736267,-0.11212539672851562,0.1721063256263733,0.634174108505249,0.03343630773711239,0.37726384164565574,0.6449604068755026,0.7055664634221898
2,1000,1,0.5,372,0.8884679079055786,-0.8265531063079834,-0.11153209209442139,0.1734468936920166,0.6239835619926453,0.03353348449881989,0.39840652081351813,0.6398814043347111,0.7098549917163564
2,1000,1,0.5,373,0.8835432529449463,-0.8267354965209961,-0.11645674705505371,0.1732645034790039,0.63502037525177,0.03343177842572916,0.3901649309359648,0.6485438269903172,0.7084954250876317
2,1000,1,0.5,374,0.8800929188728333,-0.8262959122657776,-0.11990708112716675,0.1737040877342224,0.637148380279541,0.03199625621333585,0.37170487720601514,0.6411496080222535,0.6991867743346981
2,1000,1,0.5,375,0.8789089918136597,-0.8261322379112244,-0.12109100818634033,0.17386776208877563,0.6333969831466675,0.033652629427246415,0.3770915617703929,0.6450095122717717,0.7029731168916399
2,1000,1,0.5,376,0.8818410038948059,-0.8264843225479126,-0.11815899610519409,0.1735156774520874,0.6351460814476013,0.033844648393909396,0.3835053082067452,0.6459740155221557,0.7077981118654163
2,1000,1,0.5,377,0.8835249543190002,-0.8264237642288208,-0.11647504568099976,0.1735762357711792,0.6318097114562988,0.03563880320099651,0.4009260973363035,0.6447654488917968,0.7198487300061598
2,1000,1,0.5,378,0.8856189250946045,-0.8250063061714172,-0.11438107490539551,0.17499369382858276,0.6451363563537598,0.03469642007729103,0.3938376509194873,0.657763262248312,0.7139831697490238
2,1000,1,0.5,379,0.8852348923683167,-0.8232771754264832,-0.11476510763168335,0.17672282457351685,0.6367084383964539,0.03193207940492266,0.375333437308527,0.642514460277465,0.700302880952096
2,1000,1,0.5,380,0.8821365237236023,-0.8232746124267578,-0.1178634762763977,0.1767253875732422,0.6447436809539795,0.03270188913487969,0.37589793991935383,0.6518861708423558,0.6997453495418824
2,1000,1,0.5,381,0.8817808628082275,-0.8234642148017883,-0.11821913719177246,0.17653578519821167,0.6483856439590454,0.032989751286123074,0.3681749056394754,0.6533796514220124,0.7021536265799267
2,1000,1,0.5,382,0.8860172033309937,-0.8224439024925232,-0.11398279666900635,0.1775560975074768,0.641913652420044,0.033707466678296896,0.37869336801546977,0.6548621947323849,0.7061601249560572
2,1000,1,0.5,383,0.885921835899353,-0.8249549269676208,-0.11407816410064697,0.17504507303237915,0.6345304846763611,0.03401775536355115,0.3825250919481671,0.643006462772819,0.7101925511550826
2,1000,1,0.5,384,0.888433575630188,-0.8260915875434875,-0.11156642436981201,0.17390841245651245,0.6487681865692139,0.03488442773347797,0.39440485387996743,0.6638168757233938,0.7136226471342475
2,1000,1,0.5,385,0.8907988667488098,-0.8236952424049377,-0.10920113325119019,0.17630475759506226,0.6305893659591675,0.03536432345437854,0.4013759253750358,0.6435867475206719,0.7131878388886427
2,1000,1,0.5,386,0.8949623703956604,-0.8217204809188843,-0.1050376296043396,0.17827951908111572,0.6492987871170044,0.03508714562366282,0.3921356231864081,0.6675023918334039,0.7096122306997461
2,1000,1,0.5,387,0.8898855447769165,-0.8230012059211731,-0.1101144552230835,0.1769987940788269,0.6355745792388916,0.033069501054663004,0.37928651816697695,0.6459804791918529,0.7026137806314371
2,1000,1,0.5,388,0.8839715123176575,-0.8267402648925781,-0.11602848768234253,0.17325973510742188,0.6377193927764893,0.032775883213314545,0.37240559600104023,0.6432024533195277,0.6968518615541869
2,1000,1,0.5,389,0.8846200704574585,-0.8271172046661377,-0.1153799295425415,0.1728827953338623,0.6647413969039917,0.034614157635775904,0.3796959693945043,0.6713960064388955,0.7086401684813961
2,1000,1,0.5,390,0.8870430588722229,-0.8272016048431396,-0.1129569411277771,0.17279839515686035,0.6320145130157471,0.03472148056738555,0.38670296172793717,0.6456414600270199,0.7087622944173508
2,1000,1,0.5,391,0.8874750733375549,-0.8270792365074158,-0.11252492666244507,0.17292076349258423,0.6442774534225464,0.03832937834230768,0.4187705782678365,0.6611208540726484,0.7283815182231281
2,1000,1,0.5,392,0.8849249482154846,-0.8273127675056458,-0.11507505178451538,0.17268723249435425,0.6318529844284058,0.036589179393970564,0.406111560475805,0.6457779138204671,0.7189335237728117
2,1000,1,0.5,393,0.8831736445426941,-0.828050434589386,-0.11682635545730591,0.171949565410614,0.6507251262664795,0.035788727123868574,0.3929980650665865,0.6620605400591192,0.7125704618541993
2,1000,1,0.5,394,0.8833453059196472,-0.8276334404945374,-0.11665469408035278,0.17236655950546265,0.6373902559280396,0.035844864301286895,0.39633624536166223,0.6503997272075509,0.7158340079737397
2,1000,1,0.5,395,0.8806750178337097,-0.827036440372467,-0.11932498216629028,0.17296355962753296,0.6345901489257812,0.034041843088387216,0.38220378217420425,0.647094203415388,0.7076026253666668
2,1000,1,0.5,396,0.8787784576416016,-0.8250242471694946,-0.12122154235839844,0.17497575283050537,0.6343767642974854,0.034744962143828745,0.38867422827489945,0.6507135929325836,0.7095134655201587
2,1000,1,0.5,397,0.8806797862052917,-0.8223024010658264,-0.11932021379470825,0.17769759893417358,0.6280933618545532,0.036312662382847985,0.41316381039541594,0.6456979771225632,0.7220034529495615
2,1000,1,0.5,398,0.8817863464355469,-0.8219406604766846,-0.11821365356445312,0.17805933952331543,0.6382083296775818,0.03445937697080879,0.3908540212843931,0.6565170180967117,0.7125586885292362
2,1000,1,0.5,399,0.8810245394706726,-0.8228060603141785,-0.11897546052932739,0.17719393968582153,0.6218482255935669,0.034161569290245095,0.38690767912717206,0.6404098355436784,0.7065289527891041
2,1000,1,0.5,400,0.8835880756378174,-0.8216570615768433,-0.11641192436218262,0.17834293842315674,0.6323612928390503,0.03469888755444598,0.383013235695111,0.6484512211692764,0.7086674778287265
2,1000,1,0.5,401,0.8853222131729126,-0.8227614164352417,-0.1146777868270874,0.1772385835647583,0.6522791981697083,0.0329468343038545,0.37225116404196884,0.6604008623765525,0.7004034794820325
2,1000,1,0.5,402,0.8840059041976929,-0.8236841559410095,-0.11599409580230713,0.17631584405899048,0.6302293539047241,0.034108394617489456,0.37878468567042056,0.6436290593100651,0.7058708970249823
2,1000,1,0.5,403,0.8875508308410645,-0.8230618238449097,-0.11244916915893555,0.17693817615509033,0.6318162679672241,0.034685007725240816,0.3794936361802865,0.6487111469228125,0.7088155216343125
2,1000,1,0.5,404,0.8903341889381409,-0.82437664270401,-0.10966581106185913,0.17562335729599,0.6346467733383179,0.03382034473985887,0.37141038284790184,0.6472744911422089,0.7016146657435995
2,1000,1,0.5,405,0.8859118819236755,-0.8269200325012207,-0.11408811807632446,0.1730799674987793,0.6444467306137085,0.03422706842962794,0.37671023031531986,0.658934090611938,0.7044349521189148
2,1000,1,0.5,406,0.8840141296386719,-0.8270493745803833,-0.11598587036132812,0.1729506254196167,0.6339194774627686,0.03338423911196526,0.37998657814740483,0.6486379701645306,0.705201112982719
2,1000,1,0.5,407,0.8834547400474548,-0.8252702355384827,-0.11654525995254517,0.17472976446151733,0.6428653597831726,0.03447535491067426,0.3840749041149496,0.6552832311283688,0.7099560909384401
2,1000,1,0.5,408,0.8821967244148254,-0.8235289454460144,-0.11780327558517456,0.1764710545539856,0.6532810926437378,0.032890519809076486,0.37713659246354325,0.6577101137409639,0.6997511226672181
2,1000,1,0.5,409,0.8796440362930298,-0.8234154582023621,-0.12035596370697021,0.17658454179763794,0.6360145807266235,0.034576231118582365,0.3809376590090099,0.653063202894005,0.7074597835391574
2,1000,1,0.5,410,0.878803551197052,-0.8228767514228821,-0.121196448802948,0.17712324857711792,0.6315290927886963,0.0348999261215278,0.39770221239030934,0.6564598678811795,0.7125509919540268
2,1000,1,0.5,411,0.87784743309021,-0.8237825036048889,-0.12215256690979004,0.17621749639511108,0.6272643804550171,0.035093937632807055,0.38722079972847095,0.6472713257459114,0.7108156390069634
2,1000,1,0.5,412,0.8787623643875122,-0.822627067565918,-0.12123763561248779,0.17737293243408203,0.6451399326324463,0.03317781176318856,0.37966326773018294,0.658106338542468,0.7024264793258153
2,1000,1,0.5,413,0.8778928518295288,-0.8214429020881653,-0.12210714817047119,0.17855709791183472,0.6538328528404236,0.035543232635340725,0.38056636607964606,0.6640034184297393,0.705793323374045
2,1000,1,0.5,414,0.8755664229393005,-0.8202489018440247,-0.12443357706069946,0.17975109815597534,0.6390098333358765,0.034256419386489614,0.37389455350828243,0.6463057391525369,0.6995484789497601
2,1000,1,0.5,415,0.8781110644340515,-0.818112313747406,-0.12188893556594849,0.181887686252594,0.6623406410217285,0.035536883169661325,0.37882590339446665,0.6767197046887419,0.7118256784666667
2,1000,1,0.5,416,0.8789841532707214,-0.8164309859275818,-0.12101584672927856,0.1835690140724182,0.636846661567688,0.03724604683496687,0.39194636335228095,0.653147582631475,0.7183115612968716
2,1000,1,0.5,417,0.8771495819091797,-0.8153728246688843,-0.12285041809082031,0.18462717533111572,0.6404983997344971,0.03546685823549625,0.3760512538936995,0.6516074098753726,0.711342014142749
2,1000,1,0.5,418,0.8760804533958435,-0.814486026763916,-0.1239195466041565,0.18551397323608398,0.64300537109375,0.03749369597504239,0.3954025502172031,0.6577358775003773,0.7228730054519661
2,1000,1,0.5,419,0.8775950074195862,-0.8134182095527649,-0.12240499258041382,0.1865817904472351,0.628097414970398,0.03476473879348257,0.38838033842095604,0.6401546102891745,0.7100889069888295
2,1000,1,0.5,420,0.880072295665741,-0.8112885355949402,-0.11992770433425903,0.18871146440505981,0.6495348215103149,0.038323911513470886,0.39514869579693934,0.6688177887857896,0.7260575284092192
2,1000,1,0.5,421,0.8783437609672546,-0.8120344281196594,-0.12165623903274536,0.18796557188034058,0.6320821046829224,0.03797672197192725,0.4025549758675882,0.6490122150859148,0.7209001204857548
2,1000,1,0.5,422,0.8768351078033447,-0.8158822059631348,-0.12316489219665527,0.18411779403686523,0.64838045835495,0.035179603883413894,0.3810918552224208,0.6615597571883578,0.7072389870756127
2,1000,1,0.5,423,0.8806189894676208,-0.8137178421020508,-0.11938101053237915,0.18628215789794922,0.6406461596488953,0.03412647825109869,0.37395691815653614,0.6556963699668598,0.7057645247942684
2,1000,1,0.5,424,0.8801230192184448,-0.8136625289916992,-0.11987698078155518,0.18633747100830078,0.6466180086135864,0.03485504010551084,0.3742959571142487,0.6601944572971888,0.7074755455129307
2,1000,1,0.5,425,0.876701295375824,-0.8136128783226013,-0.12329870462417603,0.18638712167739868,0.6468136310577393,0.03539642531392984,0.3768306587901858,0.6553414760726989,0.7088035089343282
2,1000,1,0.5,426,0.8746556043624878,-0.8113927841186523,-0.1253443956375122,0.18860721588134766,0.6404639482498169,0.03590099155966963,0.39348164108851863,0.6636124231140949,0.7177264872656399
2,1000,1,0.5,427,0.8716284036636353,-0.8105989098548889,-0.12837159633636475,0.18940109014511108,0.6423684358596802,0.03676577614485906,0.38745260659797504,0.6639072363674228,0.7176132012637281
2,1000,1,0.5,428,0.8680291175842285,-0.8123897910118103,-0.13197088241577148,0.1876102089881897,0.6335303783416748,0.03573388097158962,0.38446188227014116,0.6472625666749381,0.7118888974949266
2,1000,1,0.5,429,0.8699530959129333,-0.8125833868980408,-0.13004690408706665,0.18741661310195923,0.6614322066307068,0.03775198321869482,0.39627430010269926,0.6770892736243855,0.7222244472364964
2,1000,1,0.5,430,0.872221827507019,-0.8128771185874939,-0.12777817249298096,0.1871228814125061,0.6413684487342834,0.0356725529763363,0.3805681021498313,0.6507998921037997,0.7086304843133429
2,1000,1,0.5,431,0.8789470195770264,-0.81035315990448,-0.12105298042297363,0.18964684009552002,0.6629577875137329,0.037938909967502,0.40384034455070017,0.6822945430916048,0.7231553716758173
2,1000,1,0.5,432,0.8830423951148987,-0.8089059591293335,-0.11695760488510132,0.1910940408706665,0.6339303851127625,0.03782589301795115,0.4034062529946853,0.6509795086468029,0.7202779931982558
2,1000,1,0.5,433,0.8846889734268188,-0.8073393702507019,-0.11531102657318115,0.1926606297492981,0.6461657285690308,0.037105543157750075,0.4000023941653578,0.663579651325611,0.7220817936570041
2,1000,1,0.5,434,0.8852638006210327,-0.806774377822876,-0.11473619937896729,0.19322562217712402,0.6400282382965088,0.037070555320378555,0.40188686621376435,0.6583148887595104,0.7228695362647068
2,1000,1,0.5,435,0.8855299949645996,-0.8066353797912598,-0.11447000503540039,0.19336462020874023,0.6556544303894043,0.0369070881430773,0.38497156678598826,0.666844290806864,0.7193015300540823
2,1000,1,0.5,436,0.8893626928329468,-0.8048670887947083,-0.11063730716705322,0.19513291120529175,0.6435341835021973,0.03633447780791144,0.39222950786779415,0.6605855205972456,0.7172925140576222
2,1000,1,0.5,437,0.8888529539108276,-0.8069488406181335,-0.11114704608917236,0.19305115938186646,0.6401504278182983,0.037769140164371766,0.38966909023228596,0.6569541517006408,0.7225855097858318
2,1000,1,0.5,438,0.8868695497512817,-0.8100670576095581,-0.11313045024871826,0.1899329423904419,0.6378390789031982,0.0367725795784952,0.38220378471777083,0.6509022005937665,0.7161863075357385
2,1000,1,0.5,439,0.8872901201248169,-0.8115447759628296,-0.1127098798751831,0.1884552240371704,0.6412773132324219,0.038305773474383076,0.39262431702441236,0.658415002586807,0.7234693834449417
2,1000,1,0.5,440,0.8852965235710144,-0.8119115233421326,-0.1147034764289856,0.18808847665786743,0.634836733341217,0.037988847905813306,0.392865675003131,0.6542473130243289,0.7217696066178453
2,1000,1,0.5,441,0.883277177810669,-0.8122743964195251,-0.11672282218933105,0.18772560358047485,0.6325709819793701,0.03770532289365091,0.39304035026555895,0.6493159017225776,0.7196402315883764
2,1000,1,0.5,442,0.8860955238342285,-0.8127596378326416,-0.11390447616577148,0.1872403621673584,0.6394374370574951,0.03708029419718186,0.3930815957549758,0.6556566377380448,0.7166754068843317
2,1000,1,0.5,443,0.8895657062530518,-0.8120163083076477,-0.11043429374694824,0.1879836916923523,0.6248379945755005,0.03527716888363002,0.39426866109235376,0.6408414834319338,0.7117583581836193
2,1000,1,0.5,444,0.8946560025215149,-0.8123581409454346,-0.10534399747848511,0.18764185905456543,0.6392884254455566,0.0424625857714225,0.42979597894033994,0.6661344956881069,0.743889916386693
2,1000,1,0.5,445,0.8965998291969299,-0.8127354383468628,-0.10340017080307007,0.1872645616531372,0.6374093294143677,0.041921825377120615,0.42595054682241096,0.6664543658069704,0.7425913630204465
2,1000,1,0.5,446,0.8944632411003113,-0.8169029951095581,-0.10553675889968872,0.1830970048904419,0.6338958740234375,0.037712963172183735,0.3967665502364551,0.6495119354561826,0.7226561708470712
2,1000,1,0.5,447,0.8965486884117126,-0.8193255066871643,-0.10345131158828735,0.1806744933128357,0.6478888988494873,0.036720825754448023,0.3846773880037578,0.664293820890057,0.7168820284276439
2,1000,1,0.5,448,0.8979981541633606,-0.8198248147964478,-0.1020018458366394,0.18017518520355225,0.6378985643386841,0.036906250122467524,0.3768786349977239,0.6521709097951954,0.7097756261482322
2,1000,1,0.5,449,0.8982903361320496,-0.8212298154830933,-0.10170966386795044,0.17877018451690674,0.653870701789856,0.035688493234273186,0.3776505425436898,0.6626845367949262,0.7094810169436869
2,1000,1,0.5,450,0.8988675475120544,-0.8228268027305603,-0.10113245248794556,0.1771731972694397,0.650711178779602,0.03822444865346047,0.38481541812574727,0.6594033826051505,0.7207694202089564
2,1000,1,0.5,451,0.9025009274482727,-0.8200196027755737,-0.0974990725517273,0.17998039722442627,0.6458673477172852,0.040852809949290546,0.40152861746855345,0.6726820001613669,0.7312198179526865
2,1000,1,0.5,452,0.9068304896354675,-0.8167465329170227,-0.09316951036453247,0.1832534670829773,0.6286673545837402,0.03986632238305962,0.41252942197533243,0.6489564005734914,0.7334115333888646
2,1000,1,0.5,453,0.9087398648262024,-0.8161081671714783,-0.09126013517379761,0.18389183282852173,0.6442811489105225,0.03860841431502059,0.39631993396492105,0.6658352119993818,0.7259858460026747
2,1000,1,0.5,454,0.9031375646591187,-0.8187372088432312,-0.09686243534088135,0.1812627911567688,0.6372247934341431,0.04057730601031151,0.3947792249982004,0.663498963993833,0.728119101627675
2,1000,1,0.5,455,0.902249276638031,-0.818787693977356,-0.097750723361969,0.18121230602264404,0.6502590179443359,0.041232806307274716,0.4070227209856462,0.673799960648478,0.7362440465300895
2,1000,1,0.5,456,0.9026925563812256,-0.8193511366844177,-0.09730744361877441,0.18064886331558228,0.6322047710418701,0.037258878659182836,0.38390204884796636,0.6488192594071868,0.7182524626842888
2,1000,1,0.5,457,0.9021018147468567,-0.8207516074180603,-0.09789818525314331,0.1792483925819397,0.6405944228172302,0.03874090682264991,0.38333426320240493,0.6565660954505019,0.7217092802799812
2,1000,1,0.5,458,0.9036962985992432,-0.8217132687568665,-0.09630370140075684,0.17828673124313354,0.6524654626846313,0.04143811820843652,0.40570071595858026,0.6747787116971867,0.7351518509402133
2,1000,1,0.5,459,0.9044904708862305,-0.8198767304420471,-0.09550952911376953,0.18012326955795288,0.625331699848175,0.0402752452449162,0.4110096781823863,0.6488176751179496,0.7326986775385884
2,1000,1,0.5,460,0.9024772047996521,-0.8208461403846741,-0.0975227952003479,0.17915385961532593,0.6502662897109985,0.039537385435666525,0.39110176854223055,0.6671352555940722,0.7265887888172089
2,1000,1,0.5,461,0.901425838470459,-0.8216649293899536,-0.09857416152954102,0.1783350706100464,0.6321694254875183,0.04077352907318164,0.39578436485472823,0.6510544707684198,0.7298426231934061
2,1000,1,0.5,462,0.9011736512184143,-0.821824312210083,-0.0988263487815857,0.178175687789917,0.6502408981323242,0.042512375989345035,0.4055883536757526,0.6746087698135657,0.7390225351403688
2,1000,1,0.5,463,0.8952103853225708,-0.8242752552032471,-0.1047896146774292,0.17572474479675293,0.6398658752441406,0.039440918003566756,0.38663573573656973,0.6587638722407863,0.7231928803538151
2,1000,1,0.5,464,0.8931170701980591,-0.826073169708252,-0.10688292980194092,0.17392683029174805,0.6458930969238281,0.040023921799212256,0.3922912391547726,0.6643423245846539,0.7268202974180625
2,1000,1,0.5,465,0.8897580504417419,-0.8278900384902954,-0.11024194955825806,0.1721099615097046,0.6294753551483154,0.03949377009820056,0.3960304910984931,0.6497297236737823,0.7286980649369198
2,1000,1,0.5,466,0.8858767151832581,-0.8287357091903687,-0.11412328481674194,0.17126429080963135,0.6430425643920898,0.04078025587341277,0.39914325522638644,0.6650870251947825,0.7289942532446059
2,1000,1,0.5,467,0.8832693696022034,-0.8289499282836914,-0.11673063039779663,0.1710500717163086,0.6351157426834106,0.04168022744057762,0.40767756781159314,0.65382417789225,0.7380488835282415
2,1000,1,0.5,468,0.8848133683204651,-0.828271210193634,-0.11518663167953491,0.17172878980636597,0.637291431427002,0.04546102243582903,0.4378570895398811,0.6674010738050892,0.7537510121492836
2,1000,1,0.5,469,0.8863617777824402,-0.8284988403320312,-0.11363822221755981,0.17150115966796875,0.6341117024421692,0.0418430731067977,0.4183185181088034,0.6623521369016834,0.7403331867807124
2,1000,1,0.5,470,0.8903281092643738,-0.8267256021499634,-0.10967189073562622,0.17327439785003662,0.6368809938430786,0.04046580373865697,0.41034229990408144,0.658638733679585,0.7348986943740986
2,1000,1,0.5,471,0.8924985527992249,-0.8258967995643616,-0.10750144720077515,0.17410320043563843,0.6392019987106323,0.04401657972523294,0.4292901916644651,0.6681457662686944,0.7490409703050532
2,1000,1,0.5,472,0.8918725848197937,-0.8273575901985168,-0.1081274151802063,0.17264240980148315,0.6481688618659973,0.043911324459079595,0.41612245365435835,0.669459109211856,0.7469834090384951
2,1000,1,0.5,473,0.8930788636207581,-0.8275198936462402,-0.10692113637924194,0.17248010635375977,0.6373395919799805,0.03839202670866053,0.39084122653470643,0.6505199391722823,0.7270544086880723
2,1000,1,0.5,474,0.8929523229598999,-0.8286455273628235,-0.1070476770401001,0.1713544726371765,0.6386419534683228,0.03956339160009201,0.3886165308037971,0.6567197418392999,0.7286805938853358
2,1000,1,0.5,475,0.8941482901573181,-0.8268598318099976,-0.10585170984268188,0.17314016819000244,0.6382854580879211,0.0380722232892408,0.3850996493026691,0.6513430092197459,0.7226672554873838
2,1000,1,0.5,476,0.8961830735206604,-0.8270775079727173,-0.1038169264793396,0.17292249202728271,0.6507897973060608,0.03853314777446651,0.37909336090525697,0.6636628180253257,0.7191606944309763
2,1000,1,0.5,477,0.8977858424186707,-0.8251387476921082,-0.10221415758132935,0.17486125230789185,0.6486095190048218,0.03882393379143257,0.3811343552560152,0.6615659326113268,0.724586703132305
2,1000,1,0.5,478,0.897021472454071,-0.8245542049407959,-0.10297852754592896,0.1754457950592041,0.6403114795684814,0.03970515851969027,0.39262311476017603,0.6631796968615469,0.7282153394878855
2,1000,1,0.5,479,0.8965410590171814,-0.8260553479194641,-0.1034589409828186,0.1739446520805359,0.6420077085494995,0.03829566452875231,0.38231307011003807,0.6614451985297535,0.7220073813846559
2,1000,1,0.5,480,0.8954610228538513,-0.8262596130371094,-0.10453897714614868,0.17374038696289062,0.6411267518997192,0.04025382511603925,0.39719393601980585,0.656793972968991,0.7314182326120745
2,1000,1,0.5,481,0.8964266777038574,-0.8270717263221741,-0.10357332229614258,0.17292827367782593,0.6548484563827515,0.04345981126837823,0.39568911232411025,0.6762103664445341,0.7412617892329442
2,1000,1,0.5,482,0.8966377973556519,-0.8255300521850586,-0.10336220264434814,0.1744699478149414,0.6384251117706299,0.04013780981065204,0.38930801272488574,0.6588198986398518,0.7294853110481131
2,1000,1,0.5,483,0.8962247371673584,-0.8249768614768982,-0.1037752628326416,0.1750231385231018,0.6430608630180359,0.04550540381639032,0.42116190177159507,0.6726335131332439,0.7519956486914543
2,1000,1,0.5,484,0.8958021402359009,-0.8241422772407532,-0.10419785976409912,0.17585772275924683,0.6357746124267578,0.04268260331327766,0.40259391059672134,0.6658792219654405,0.7365805065695961
2,1000,1,0.5,485,0.8946483731269836,-0.8260487914085388,-0.10535162687301636,0.17395120859146118,0.6399244070053101,0.0399450694243241,0.3839324743186518,0.6591023616271654,0.7277481325979293
2,1000,1,0.5,486,0.8963876366615295,-0.8247798681259155,-0.10361236333847046,0.17522013187408447,0.6447632312774658,0.0403002175250076,0.3918626185995167,0.6634141098598909,0.732322581317728
2,1000,1,0.5,487,0.8953801393508911,-0.8260036706924438,-0.10461986064910889,0.17399632930755615,0.6434117555618286,0.039948962425343806,0.3863951465667168,0.6637002000775977,0.7290626555009576
2,1000,1,0.5,488,0.8949262499809265,-0.824036180973053,-0.10507375001907349,0.17596381902694702,0.6518206596374512,0.040044400712471485,0.3829293032510684,0.6645628278916632,0.726835050213032
2,1000,1,0.5,489,0.896446943283081,-0.8255707621574402,-0.10355305671691895,0.17442923784255981,0.6383494138717651,0.04178280149170771,0.39981383524357966,0.6652683294398029,0.737827690641353
2,1000,1,0.5,490,0.8989086151123047,-0.8267548084259033,-0.10109138488769531,0.17324519157409668,0.6340208649635315,0.04027406579608935,0.39305329870779443,0.654476235772838,0.7317336986322487
2,1000,1,0.5,491,0.8974672555923462,-0.8271670341491699,-0.10253274440765381,0.17283296585083008,0.6377112865447998,0.04193450977245861,0.3970713813196312,0.6578507850404373,0.7337797110189042
2,1000,1,0.5,492,0.9005157947540283,-0.8248805403709412,-0.09948420524597168,0.17511945962905884,0.6426626443862915,0.0421771701395529,0.40194472072635123,0.6688067376355662,0.7365764447604273
2,1000,1,0.5,493,0.902553915977478,-0.8248697519302368,-0.09744608402252197,0.17513024806976318,0.6337831616401672,0.04005927208063763,0.38813172951297914,0.6527071977578484,0.7268693581236081
2,1000,1,0.5,494,0.9027854800224304,-0.8253823518753052,-0.09721451997756958,0.17461764812469482,0.6438349485397339,0.0400908893620603,0.3858096143451229,0.6607747472090298,0.7278947854788975
2,1000,1,0.5,495,0.902282178401947,-0.8256275057792664,-0.09771782159805298,0.17437249422073364,0.6305830478668213,0.04082972703219446,0.39662708069770103,0.6483113063867152,0.7325127563135929
2,1000,1,0.5,496,0.9052382111549377,-0.8237558007240295,-0.09476178884506226,0.17624419927597046,0.6557506322860718,0.04310943779108335,0.40228444291280085,0.6788475823123232,0.7421645464415272
2,1000,1,0.5,497,0.9072165489196777,-0.8252022862434387,-0.09278345108032227,0.17479771375656128,0.6445775032043457,0.04084243093308884,0.3856370847566982,0.6622386857356193,0.7315332770046818
2,1000,1,0.5,498,0.9079462289810181,-0.8249790072441101,-0.09205377101898193,0.1750209927558899,0.6309460401535034,0.04222228387330648,0.4037621115004144,0.6562391688765595,0.7407191385535328
2,1000,1,0.5,499,0.9084540009498596,-0.826387882232666,-0.09154599905014038,0.17361211776733398,0.635857105255127,0.04226423967612355,0.3963337288790501,0.6608647511687908,0.737238852969087
2,1000,1,0.5,500,0.9072799682617188,-0.8290427327156067,-0.09272003173828125,0.1709572672843933,0.6562357544898987,0.04140089839680821,0.3853737592249088,0.664321586428991,0.7324165340914259
2,1000,1,0.5,501,0.9107213616371155,-0.8296794295310974,-0.08927863836288452,0.1703205704689026,0.6521337032318115,0.04020534092541328,0.38441244638522526,0.6549113687650451,0.7262441995422992
2,1000,1,0.5,502,0.9136659502983093,-0.8273409008979797,-0.08633404970169067,0.17265909910202026,0.660523533821106,0.0417444932062839,0.39909763797807385,0.68431409270448,0.733946572679386
2,1000,1,0.5,503,0.9100699424743652,-0.8280700445175171,-0.08993005752563477,0.1719299554824829,0.6442181468009949,0.03993670871363867,0.3798374495169918,0.6592615920117773,0.7228803649741065
2,1000,1,0.5,504,0.9139243960380554,-0.8258348107337952,-0.08607560396194458,0.17416518926620483,0.6453994512557983,0.04107370355249328,0.38783470988132734,0.6584190374712305,0.7314890676388667
2,1000,1,0.5,505,0.9112386107444763,-0.8281678557395935,-0.08876138925552368,0.1718321442604065,0.6348605155944824,0.04279157462445234,0.3923508337828626,0.6610220501381106,0.7367179700837236
2,1000,1,0.5,506,0.9109565615653992,-0.8280366063117981,-0.08904343843460083,0.1719633936882019,0.6379175186157227,0.04369197667825897,0.40292368104246107,0.668450758422615,0.7453119105564453
2,1000,1,0.5,507,0.9092813730239868,-0.8276355862617493,-0.09071862697601318,0.17236441373825073,0.6380872130393982,0.0434829568584125,0.4031042921787363,0.6640820016419187,0.7433245537830433
2,1000,1,0.5,508,0.9101412892341614,-0.8260887861251831,-0.08985871076583862,0.1739112138748169,0.6391947269439697,0.04454284670059707,0.4038698727373351,0.6641734622372008,0.7426698683511668
2,1000,1,0.5,509,0.9068034291267395,-0.8283808827400208,-0.0931965708732605,0.17161911725997925,0.6471179723739624,0.04013219538996934,0.3842394865891206,0.6569594085076802,0.7301077726686065
2,1000,1,0.5,510,0.9082022905349731,-0.8266679048538208,-0.09179770946502686,0.1733320951461792,0.6345998644828796,0.04185556244796816,0.3945460872817814,0.6609689047617634,0.7346834650758676
2,1000,1,0.5,511,0.9095280170440674,-0.8269587159156799,-0.09047198295593262,0.17304128408432007,0.6531675457954407,0.04122106435379147,0.3875108592588347,0.6673189493443988,0.7314152108190095
2,1000,1,0.5,512,0.9099916219711304,-0.827424943447113,-0.09000837802886963,0.17257505655288696,0.6337150931358337,0.04351812066432894,0.39922263983153783,0.6569463332808289,0.7397551214313669
2,1000,1,0.5,513,0.9082011580467224,-0.8287847638130188,-0.09179884195327759,0.1712152361869812,0.6435540914535522,0.04184305955485036,0.391346604503493,0.6618578710227163,0.734384715690119
2,1000,1,0.5,514,0.9069108366966248,-0.8292580842971802,-0.09308916330337524,0.17074191570281982,0.641109049320221,0.04366173973398368,0.4043694708095853,0.6610367193094936,0.7429458971438614
2,1000,1,0.5,515,0.9040495753288269,-0.8296076655387878,-0.0959504246711731,0.17039233446121216,0.636898398399353,0.04365905308794444,0.40744872267466753,0.6617085144848935,0.7448556187052772
2,1000,1,0.5,516,0.9055753946304321,-0.8288271427154541,-0.09442460536956787,0.1711728572845459,0.6362049579620361,0.044949912612764494,0.4184529219994834,0.6685299461885255,0.7510016490390681
2,1000,1,0.5,517,0.9114205837249756,-0.8256901502609253,-0.08857941627502441,0.1743098497390747,0.652353048324585,0.04824185889810063,0.4372395674797974,0.6814254801206698,0.75905527299782
2,1000,1,0.5,518,0.9115292429924011,-0.8257026076316833,-0.08847075700759888,0.17429739236831665,0.6472724080085754,0.04295755582160008,0.4017073766900027,0.6580556319253483,0.7392398832542056
2,1000,1,0.5,519,0.9095221757888794,-0.8265964388847351,-0.0904778242111206,0.1734035611152649,0.6412663459777832,0.04483657674928371,0.4023233758549661,0.6644801434999223,0.7444658729884254
2,1000,1,0.5,520,0.9082655906677246,-0.8278841972351074,-0.09173440933227539,0.17211580276489258,0.651027262210846,0.044796593747289115,0.4048926790551097,0.6765211251484871,0.7457473616796474
2,1000,1,0.5,521,0.9046564698219299,-0.828130304813385,-0.09534353017807007,0.171869695186615,0.6424787044525146,0.043754462478684183,0.40456932398392476,0.6558849743892534,0.7435988774823536
2,1000,1,0.5,522,0.9039684534072876,-0.8283668756484985,-0.0960315465927124,0.17163312435150146,0.6553480625152588,0.043370929566971465,0.40198150374411357,0.6669893497595472,0.7373887493154577
2,1000,1,0.5,523,0.9067388772964478,-0.8296279907226562,-0.09326112270355225,0.17037200927734375,0.6329983472824097,0.04371163028188301,0.4038783303160454,0.6609217687830001,0.741846344506594
2,1000,1,0.5,524,0.9049599766731262,-0.8309859037399292,-0.09504002332687378,0.1690140962600708,0.6487892866134644,0.043306552580675305,0.4010038138384363,0.6715659096918103,0.7392970344297662
2,1000,1,0.5,525,0.9030565023422241,-0.8321531414985657,-0.09694349765777588,0.16784685850143433,0.6517150402069092,0.043242994942065606,0.3912057508333474,0.6660863144944276,0.7344389324894467
2,1000,1,0.5,526,0.9053119421005249,-0.8299816250801086,-0.0946880578994751,0.17001837491989136,0.654504656791687,0.04398675361730473,0.4054317482892851,0.6715224502805923,0.7426624086717972
2,1000,1,0.5,527,0.9072486162185669,-0.8290332555770874,-0.0927513837814331,0.1709667444229126,0.640447199344635,0.04685360546497601,0.4157175536182562,0.6689715921314899,0.7538929127563684
2,1000,1,0.5,528,0.9115347862243652,-0.8269175291061401,-0.08846521377563477,0.17308247089385986,0.6532589197158813,0.044487091303181424,0.41123272028996793,0.6775774985607776,0.746995539895257
2,1000,1,0.5,529,0.9092382192611694,-0.8255638480186462,-0.09076178073883057,0.17443615198135376,0.6462600827217102,0.04586852980498745,0.4146765575307404,0.666199624594387,0.7495730286452533
2,1000,1,0.5,530,0.9058974385261536,-0.8251598477363586,-0.09410256147384644,0.17484015226364136,0.6473734378814697,0.045221380430145536,0.4072708199943497,0.6695869084196825,0.7457697676713851
2,1000,1,0.5,531,0.9039409756660461,-0.824423611164093,-0.09605902433395386,0.17557638883590698,0.6622084975242615,0.043913936111789426,0.40217506717713325,0.671117159316328,0.7447269670565545
2,1000,1,0.5,532,0.9013997912406921,-0.828000009059906,-0.09860020875930786,0.171999990940094,0.6645727157592773,0.04420068381743169,0.39039255376446236,0.6692759027974168,0.737861392168871
2,1000,1,0.5,533,0.900795042514801,-0.8300157785415649,-0.09920495748519897,0.16998422145843506,0.6587569713592529,0.04414828098309511,0.3873094158640316,0.6689637363016786,0.7408764136877904
2,1000,1,0.5,534,0.9018983244895935,-0.8305972814559937,-0.0981016755104065,0.16940271854400635,0.6461793184280396,0.04451843832561971,0.4105565962350727,0.6711826751535226,0.7472928595678634
2,1000,1,0.5,535,0.9017131328582764,-0.8312705755233765,-0.09828686714172363,0.16872942447662354,0.643817663192749,0.04528806434914655,0.404576852937021,0.6604050138868109,0.74641910877318
2,1000,1,0.5,536,0.9039570689201355,-0.8315761685371399,-0.0960429310798645,0.1684238314628601,0.658522367477417,0.04391607619223696,0.3984689394821874,0.6745427051162476,0.7403426423231281
2,1000,1,0.5,537,0.9041948318481445,-0.8324007987976074,-0.09580516815185547,0.16759920120239258,0.6483424305915833,0.04400183211513224,0.39802182843239037,0.6625642718713397,0.7391071553655816
2,1000,1,0.5,538,0.9099679589271545,-0.8307784795761108,-0.09003204107284546,0.16922152042388916,0.650886058807373,0.045346608858674226,0.41966343906740605,0.6705104164798869,0.7518931031256788
2,1000,1,0.5,539,0.9131909012794495,-0.8315910696983337,-0.08680909872055054,0.16840893030166626,0.6426084041595459,0.05022454699680001,0.4315135312856279,0.672538447828509,0.7662627054896853
2,1000,1,0.5,540,0.9185824990272522,-0.8307002186775208,-0.0814175009727478,0.16929978132247925,0.6588249206542969,0.04736386038039838,0.41861119284246967,0.6803606263196532,0.7574499620888314
2,1000,1,0.5,541,0.9202350378036499,-0.8288331031799316,-0.0797649621963501,0.17116689682006836,0.6480782628059387,0.042257601904533246,0.39678017946028715,0.6570550386338669,0.7395437710531635
2,1000,1,0.5,542,0.9216145277023315,-0.8286563754081726,-0.07838547229766846,0.1713436245918274,0.6641575694084167,0.043035108334258956,0.3898747096124529,0.6649855796711083,0.7377157748517319
2,1000,1,0.5,543,0.9239893555641174,-0.8271852135658264,-0.07601064443588257,0.17281478643417358,0.6479717493057251,0.044876473710900124,0.4015430880944203,0.6720164849518413,0.7456693001825285
2,1000,1,0.5,544,0.9248794913291931,-0.8271558284759521,-0.07512050867080688,0.17284417152404785,0.6499083042144775,0.04382417799357639,0.39668248631071046,0.6651244695488109,0.7397058381174866
2,1000,1,0.5,545,0.9275690317153931,-0.8290660977363586,-0.07243096828460693,0.17093390226364136,0.6569827795028687,0.045550102435668025,0.4086897840801459,0.6782521885941931,0.7495521373290489
2,1000,1,0.5,546,0.9238278865814209,-0.8329309225082397,-0.0761721134185791,0.16706907749176025,0.6384549140930176,0.04548742729554534,0.405213638992766,0.6594808836407848,0.7462048937593448
2,1000,1,0.5,547,0.9236733317375183,-0.8332948684692383,-0.07632666826248169,0.16670513153076172,0.6504685282707214,0.04475986968964393,0.39998893092275495,0.6689926757687283,0.7464269941269918
2,1000,1,0.5,548,0.923690676689148,-0.8317775726318359,-0.07630932331085205,0.16822242736816406,0.6551355123519897,0.048117850865355645,0.41735148103070285,0.6746827710935644,0.7597713894862509
2,1000,1,0.5,549,0.9233717322349548,-0.8302804231643677,-0.07662826776504517,0.16971957683563232,0.647801399230957,0.04739438738311391,0.4271022737761928,0.6727311569706873,0.7604348889670298
2,1000,1,0.5,550,0.9176276922225952,-0.8337684869766235,-0.08237230777740479,0.16623151302337646,0.6476941108703613,0.049497187951561265,0.41368529267787335,0.6704922943783856,0.7593458985170821
2,1000,1,0.5,551,0.9158243536949158,-0.8322655558586121,-0.08417564630508423,0.16773444414138794,0.6588103771209717,0.044709351061598616,0.40314906538034734,0.6743665482087019,0.7441985346185677
2,1000,1,0.5,552,0.9169328212738037,-0.8327087163925171,-0.08306717872619629,0.1672912836074829,0.6556727886199951,0.04775054552532641,0.411541843039834,0.6798286307716219,0.7555436081756696
2,1000,1,0.5,553,0.9162971377372742,-0.8331833481788635,-0.08370286226272583,0.16681665182113647,0.6574890613555908,0.04891623009467612,0.4240670242339965,0.6792250928287079,0.7593131467876257
2,1000,1,0.5,554,0.9168363213539124,-0.8327277898788452,-0.08316367864608765,0.16727221012115479,0.6511813402175903,0.046399897632173864,0.4111470986076368,0.6720960217542818,0.7516973467049736
2,1000,1,0.5,555,0.9142574667930603,-0.8338519930839539,-0.0857425332069397,0.16614800691604614,0.6606730222702026,0.0444443177675795,0.3912012519644685,0.6741501691141019,0.7412985110660338
2,1000,1,0.5,556,0.9132484197616577,-0.8341276049613953,-0.08675158023834229,0.16587239503860474,0.6521978378295898,0.04610483909967928,0.39531977720127726,0.6676652814171752,0.7449367044632371
2,1000,1,0.5,557,0.919731855392456,-0.8280557990074158,-0.08026814460754395,0.17194420099258423,0.6623961329460144,0.044656583677734805,0.4070227502233577,0.6791048761013733,0.7451784783916898
2,1000,1,0.5,558,0.9207519292831421,-0.8260867595672607,-0.07924807071685791,0.17391324043273926,0.6431412696838379,0.04732376821767914,0.40474824884395205,0.6634038732738002,0.7508146929420239
2,1000,1,0.5,559,0.9209964871406555,-0.8260800242424011,-0.07900351285934448,0.17391997575759888,0.6572731733322144,0.04552022367744019,0.396544694324499,0.669226414347902,0.7455382158564257
2,1000,1,0.5,560,0.9199818968772888,-0.8264391422271729,-0.08001810312271118,0.17356085777282715,0.6578735113143921,0.04831647171467113,0.40903588621659764,0.67459893057083,0.7557568905577784
2,1000,1,0.5,561,0.9206894636154175,-0.8270350098609924,-0.07931053638458252,0.17296499013900757,0.6582221388816833,0.045992442572358266,0.40716960361290994,0.6773049257291962,0.7494742875012028
2,1000,1,0.5,562,0.9203475117683411,-0.8279817700386047,-0.07965248823165894,0.17201822996139526,0.6607235074043274,0.0457947647274919,0.3955149686258097,0.6733796207217639,0.7450563181189153
2,1000,1,0.5,563,0.9219222664833069,-0.8271359801292419,-0.07807773351669312,0.17286401987075806,0.6710563898086548,0.04784100538732902,0.4238105097201399,0.694873617157599,0.7587692373898756
2,1000,1,0.5,564,0.9182074069976807,-0.8290674686431885,-0.08179259300231934,0.17093253135681152,0.6405306458473206,0.04651381262632538,0.40807747901037233,0.6616845815415462,0.7468152168519054
2,1000,1,0.5,565,0.9188111424446106,-0.8287641406059265,-0.0811888575553894,0.1712358593940735,0.6554681062698364,0.0469819996586391,0.4157960294382097,0.6756127297690607,0.7577482080137952
2,1000,1,0.5,566,0.920612633228302,-0.8289349675178528,-0.079387366771698,0.17106503248214722,0.660423994064331,0.047893847475578545,0.41704871972401564,0.6826075761064442,0.7581280039702388
2,1000,1,0.5,567,0.920275866985321,-0.8305127620697021,-0.07972413301467896,0.16948723793029785,0.6441380977630615,0.04766727722452367,0.41750664090232914,0.6686167387347578,0.7556893490547241
2,1000,1,0.5,568,0.9237273931503296,-0.8307492733001709,-0.07627260684967041,0.1692507266998291,0.64947509765625,0.046561508067206714,0.4003760619882316,0.6669590514258528,0.7496959048363995
2,1000,1,0.5,569,0.934716522693634,-0.8286299705505371,-0.06528347730636597,0.1713700294494629,0.6668304204940796,0.04811406511003492,0.4212636085867213,0.6855158993518478,0.7609650704064687
2,1000,1,0.5,570,0.93547523021698,-0.8298805356025696,-0.06452476978302002,0.17011946439743042,0.6549432277679443,0.0475732464666417,0.4213196264363988,0.6738783696712173,0.7576023518837517
2,1000,1,0.5,571,0.9363703727722168,-0.8283988833427429,-0.0636296272277832,0.17160111665725708,0.6598563194274902,0.05233424032003093,0.4483137418590447,0.6826876910181281,0.7772132027189191
2,1000,1,0.5,572,0.9313411712646484,-0.8317257165908813,-0.06865882873535156,0.16827428340911865,0.6472799181938171,0.05087007534075676,0.4233819587728246,0.6738768184074589,0.7654078465098783
2,1000,1,0.5,573,0.9303605556488037,-0.8314188122749329,-0.06963944435119629,0.16858118772506714,0.6615818738937378,0.047042934582111985,0.41719583361670787,0.6834706666297785,0.7561030129353646
2,1000,1,0.5,574,0.9268762469291687,-0.8321443796157837,-0.0731237530708313,0.1678556203842163,0.6559069156646729,0.04779122386051892,0.40468749321074765,0.6783485085058212,0.7583644428992766
2,1000,1,0.5,575,0.9259392619132996,-0.8331246376037598,-0.07406073808670044,0.16687536239624023,0.6357044577598572,0.047357518273212065,0.4108515270059985,0.6661696654250807,0.7537439996622713
2,1000,1,0.5,576,0.9247086644172668,-0.8353390097618103,-0.07529133558273315,0.1646609902381897,0.6526507139205933,0.04741416366467256,0.4065979283115692,0.6752063711231583,0.7552146028856098
2,1000,1,0.5,577,0.9272440075874329,-0.838034451007843,-0.07275599241256714,0.16196554899215698,0.6532832384109497,0.0498265569575949,0.42226471370974683,0.6804746270065319,0.7625696970035875
2,1000,1,0.5,578,0.9287378191947937,-0.8427306413650513,-0.0712621808052063,0.15726935863494873,0.6580733060836792,0.04675967093996398,0.39614802718974845,0.6682710025813873,0.7498327159755961
2,1000,1,0.5,579,0.9332078695297241,-0.8418757915496826,-0.06679213047027588,0.15812420845031738,0.6591240167617798,0.04881184223595373,0.42267164572707416,0.6750443641425988,0.7651983484011443
2,1000,1,0.5,580,0.9316551089286804,-0.8422325849533081,-0.06834489107131958,0.1577674150466919,0.653010904788971,0.0483078271104223,0.415426730357743,0.6778800220346375,0.7558093441685473
2,1000,1,0.5,581,0.9308024048805237,-0.841609537601471,-0.06919759511947632,0.15839046239852905,0.6438400745391846,0.04761636943738782,0.4069009774756107,0.6636366994783347,0.7572994361223065
2,1000,1,0.5,582,0.9286975264549255,-0.8399166464805603,-0.07130247354507446,0.1600833535194397,0.6572007536888123,0.046143215419944573,0.4024426826182696,0.665401668884352,0.752209940876987
2,1000,1,0.5,583,0.9254240393638611,-0.8413930535316467,-0.07457596063613892,0.15860694646835327,0.6617037057876587,0.046425083925562806,0.3982505271575512,0.6736844844206406,0.7475037538504232
2,1000,1,0.5,584,0.9230048060417175,-0.8426513075828552,-0.07699519395828247,0.15734869241714478,0.674324631690979,0.04322728726165679,0.3852104442569033,0.6702006152258949,0.7344236243864382
2,1000,1,0.5,585,0.9285500645637512,-0.840046226978302,-0.07144993543624878,0.159953773021698,0.6502227187156677,0.044706908520344535,0.38897744386573974,0.6645443381317807,0.7388391466146256
2,1000,1,0.5,586,0.9337095618247986,-0.8388582468032837,-0.06629043817520142,0.1611417531967163,0.6585724949836731,0.04539952988190136,0.39888509977686515,0.6709422642727099,0.7465734902007565
2,1000,1,0.5,587,0.933580219745636,-0.8397846221923828,-0.06641978025436401,0.1602153778076172,0.6475210189819336,0.0469996840154774,0.3987505151397495,0.6623501140105099,0.7496607205905823
2,1000,1,0.5,588,0.932201087474823,-0.8379755020141602,-0.067798912525177,0.16202449798583984,0.6598923802375793,0.05466534038467633,0.43756770290001684,0.6865387556699138,0.7812805402015753
2,1000,1,0.5,589,0.9327700138092041,-0.8399076461791992,-0.0672299861907959,0.16009235382080078,0.6586363911628723,0.05166822637815483,0.4319085580057921,0.6773186087099193,0.7738354924485575
2,1000,1,0.5,590,0.9373527765274048,-0.8413634300231934,-0.06264722347259521,0.15863656997680664,0.6574882864952087,0.05257788543630991,0.42330082056616997,0.6835245329846201,0.7740699647677008
2,1000,1,0.5,591,0.9378321766853333,-0.841308057308197,-0.06216782331466675,0.15869194269180298,0.6643803119659424,0.048793794852416326,0.4076829206810811,0.6819554068328324,0.7591449978524608
2,1000,1,0.5,592,0.9405107498168945,-0.8404821753501892,-0.05948925018310547,0.1595178246498108,0.6505869626998901,0.049540689051499984,0.4138861182959259,0.670437988702563,0.7602382585590044
2,1000,1,0.5,593,0.944453239440918,-0.8401622772216797,-0.05554676055908203,0.1598377227783203,0.669048547744751,0.04794327776989116,0.40682947189797675,0.6819532635487824,0.7581520090159554
2,1000,1,0.5,594,0.9451004266738892,-0.8408608436584473,-0.05489957332611084,0.15913915634155273,0.6559661626815796,0.046420701383488805,0.40117439174814834,0.6657604325049795,0.748989315772147
2,1000,1,0.5,595,0.9444183111190796,-0.8419205546379089,-0.05558168888092041,0.15807944536209106,0.660679817199707,0.04603017944975133,0.3933746607011722,0.671553742107707,0.7497547789524269
2,1000,1,0.5,596,0.9426261782646179,-0.8420619964599609,-0.05737382173538208,0.15793800354003906,0.6569317579269409,0.047868832382556736,0.4040695320605546,0.6747300667498376,0.7578736238459118
2,1000,1,0.5,597,0.9405712485313416,-0.8414257764816284,-0.05942875146865845,0.15857422351837158,0.667538046836853,0.050003851961275755,0.41109467521477705,0.6816244484198958,0.7677065291938154
2,1000,1,0.5,598,0.9400538802146912,-0.8406752347946167,-0.05994611978530884,0.1593247652053833,0.6764569282531738,0.04955999139129761,0.40502532237811467,0.6867718716305528,0.7604496388438837
2,1000,1,0.5,599,0.9396787285804749,-0.8394924402236938,-0.060321271419525146,0.16050755977630615,0.6515830159187317,0.048429171185791604,0.4085493083544638,0.6686971355843722,0.7574691650848516
2,1000,1,0.5,600,0.9425694346427917,-0.8367800116539001,-0.05743056535720825,0.16321998834609985,0.6621437072753906,0.051662654771824267,0.4320565202545143,0.6865858637652525,0.7770710544701606
2,1000,1,0.5,601,0.9437786936759949,-0.8367705941200256,-0.05622130632400513,0.16322940587997437,0.6485296487808228,0.04918607057677006,0.4091187623203529,0.6734204215457994,0.7611195621396784
2,1000,1,0.5,602,0.9457177519798279,-0.8359995484352112,-0.05428224802017212,0.16400045156478882,0.6651480197906494,0.048362888303849924,0.4016060115952335,0.675929220943896,0.7571993739024395
2,1000,1,0.5,603,0.9471566081047058,-0.832997739315033,-0.05284339189529419,0.16700226068496704,0.653498113155365,0.05124887017896535,0.4232481797564552,0.6766250931152652,0.7680894444736778
2,1000,1,0.5,604,0.9468765258789062,-0.8331218957901001,-0.05312347412109375,0.1668781042098999,0.6682896614074707,0.052741535260338396,0.4239786824123233,0.6866319724790729,0.7744881005979525
2,1000,1,0.5,605,0.9466124773025513,-0.8354443907737732,-0.05338752269744873,0.1645556092262268,0.6685078740119934,0.052051926531482356,0.4236561231979648,0.6802881887041045,0.7690101244734918
2,1000,1,0.5,606,0.9466826319694519,-0.8374335765838623,-0.053317368030548096,0.1625664234161377,0.6546832323074341,0.05106101486111646,0.42325180793547773,0.6788077014454924,0.7665165010487128
2,1000,1,0.5,607,0.9431952238082886,-0.8391715884208679,-0.056804776191711426,0.16082841157913208,0.6548339128494263,0.04735140470327153,0.4029834957515088,0.6704944039854485,0.7560665186881083
2,1000,1,0.5,608,0.9415161609649658,-0.8393437266349792,-0.05848383903503418,0.16065627336502075,0.660273551940918,0.04790375474723467,0.39764011007092015,0.6700990981777091,0.7531838165870604
2,1000,1,0.5,609,0.941347062587738,-0.8399906158447266,-0.05865293741226196,0.16000938415527344,0.6726797819137573,0.04620402758543395,0.39651683069418087,0.6795496318434693,0.7469879581139451
2,1000,1,0.5,610,0.9421836137771606,-0.8405031561851501,-0.057816386222839355,0.15949684381484985,0.6557867527008057,0.04850670823750725,0.41033503274119093,0.6714433740965922,0.75736311310106
2,1000,1,0.5,611,0.9438095092773438,-0.8402068614959717,-0.05619049072265625,0.15979313850402832,0.6563152074813843,0.048974141904477075,0.4074750835444965,0.6713540005958447,0.761441495790851
2,1000,1,0.5,612,0.9458625316619873,-0.8405783772468567,-0.054137468338012695,0.1594216227531433,0.6538618803024292,0.04939596169824351,0.4209132886849467,0.6709787637046344,0.7660003075973538
2,1000,1,0.5,613,0.944465696811676,-0.8418685793876648,-0.055534303188323975,0.1581314206123352,0.6486356258392334,0.04718969177336478,0.3990622285246439,0.6631043368799456,0.7541586796883755
2,1000,1,0.5,614,0.9454835057258606,-0.8399779796600342,-0.054516494274139404,0.16002202033996582,0.6625645160675049,0.04760180756814298,0.40280974185213153,0.6650381534559361,0.755719214755017
2,1000,1,0.5,615,0.948353111743927,-0.8382039666175842,-0.051646888256073,0.16179603338241577,0.661373496055603,0.04748814501806616,0.40066504840204603,0.6671672174708655,0.7585763040158704
2,1000,1,0.5,616,0.9447094798088074,-0.8384345769882202,-0.05529052019119263,0.16156542301177979,0.6583828926086426,0.04676227412944708,0.39621521646668256,0.6683890459086729,0.7513048514447803
2,1000,1,0.5,617,0.9415181279182434,-0.8391555547714233,-0.05848187208175659,0.16084444522857666,0.6698285341262817,0.04819733441302128,0.4049853859051684,0.6834880457409085,0.7584703345057769
2,1000,1,0.5,618,0.9403901100158691,-0.83967125415802,-0.05960988998413086,0.16032874584197998,0.6777206659317017,0.04723570166957706,0.4063198298126149,0.6765318075346969,0.7549806228191329
2,1000,1,0.5,619,0.9356153607368469,-0.8414455056190491,-0.06438463926315308,0.15855449438095093,0.6563956141471863,0.050558607784571906,0.4205167242292673,0.6640652490008216,0.7662017889110437
2,1000,1,0.5,620,0.93478924036026,-0.8407410383224487,-0.06521075963973999,0.15925896167755127,0.673153817653656,0.055941920909728396,0.457441658212731,0.695950153553815,0.7911151873761799
2,1000,1,0.5,621,0.9325093030929565,-0.841611385345459,-0.06749069690704346,0.15838861465454102,0.663969099521637,0.05229508194328114,0.4288651155768195,0.6831184819252292,0.7752315690926629
2,1000,1,0.5,622,0.9308375716209412,-0.8432550430297852,-0.06916242837905884,0.15674495697021484,0.6647197604179382,0.04615140678326909,0.3924514426559125,0.6689225674075056,0.7509404671645135
2,1000,1,0.5,623,0.9310420155525208,-0.841193675994873,-0.06895798444747925,0.15880632400512695,0.6579250693321228,0.05186694662913712,0.43199573737380864,0.6726831291600861,0.7726921924365852
2,1000,1,0.5,624,0.9349090456962585,-0.8432555794715881,-0.06509095430374146,0.15674442052841187,0.6742855906486511,0.04841963402306791,0.4078122338835067,0.6840990112425228,0.7597795925674133
2,1000,1,0.5,625,0.9399327039718628,-0.842953085899353,-0.06006729602813721,0.15704691410064697,0.664476752281189,0.04939512743716744,0.4175364705199409,0.6703887127382515,0.7649998842352274
2,1000,1,0.5,626,0.9413118958473206,-0.8424404263496399,-0.05868810415267944,0.1575595736503601,0.6664429903030396,0.05033029561987503,0.4180485644545259,0.681913522501388,0.764068894332912
2,1000,1,0.5,627,0.9415456652641296,-0.839891254901886,-0.05845433473587036,0.160108745098114,0.6576067209243774,0.049088380437180855,0.4138444081374539,0.6686484584951833,0.7597144241549243
2,1000,1,0.5,628,0.9438714385032654,-0.8375607132911682,-0.05612856149673462,0.1624392867088318,0.667220413684845,0.05011412033753687,0.4182446421443292,0.6829274514310469,0.7665956811791723
2,1000,1,0.5,629,0.9432762265205383,-0.8373801112174988,-0.05672377347946167,0.16261988878250122,0.6635066270828247,0.053760113377186065,0.43151139559641194,0.6797308506037675,0.777185185315264
2,1000,1,0.5,630,0.9419282674789429,-0.8388248682022095,-0.05807173252105713,0.16117513179779053,0.6636569499969482,0.05326476151262937,0.4314296545702976,0.677635222645838,0.7771678466105068
2,1000,1,0.5,631,0.9402911067008972,-0.8406872153282166,-0.05970889329910278,0.15931278467178345,0.6624288558959961,0.050411037793225505,0.415538911271116,0.6747692214769881,0.7680957287523537
2,1000,1,0.5,632,0.9391534924507141,-0.8416961431503296,-0.06084650754928589,0.1583038568496704,0.6625266671180725,0.04609175510679299,0.3911651934450087,0.6672192926313071,0.7500360262249826
2,1000,1,0.5,633,0.941345751285553,-0.8401179909706116,-0.05865424871444702,0.15988200902938843,0.6655845642089844,0.04701551176997344,0.40108567703762804,0.6748587333700931,0.7545713088875254
2,1000,1,0.5,634,0.9435498714447021,-0.8400129079818726,-0.05645012855529785,0.15998709201812744,0.6824210286140442,0.04656340099105653,0.3960234595104559,0.6829498473758585,0.7521201259137215
2,1000,1,0.5,635,0.9440333843231201,-0.8381249308586121,-0.05596661567687988,0.16187506914138794,0.6547091007232666,0.04971269187128601,0.4074179457145246,0.6619393831652345,0.7635174754816998
2,1000,1,0.5,636,0.9396666884422302,-0.8380647301673889,-0.060333311557769775,0.16193526983261108,0.6577398180961609,0.05107881909845503,0.4200684955256813,0.6761871642920285,0.7657546656047206
2,1000,1,0.5,637,0.9365490078926086,-0.8390827178955078,-0.06345099210739136,0.1609172821044922,0.6553417444229126,0.05304914528811308,0.4258266252054386,0.6725935033138474,0.7762713645278793
2,1000,1,0.5,638,0.9359357953071594,-0.8367132544517517,-0.06406420469284058,0.1632867455482483,0.6658027172088623,0.055571664871055575,0.44838866840286207,0.6837729661224335,0.7872985912609115
2,1000,1,0.5,639,0.9355106353759766,-0.8363742828369141,-0.06448936462402344,0.16362571716308594,0.6561030149459839,0.05377906025106591,0.4435663702482806,0.6761484500030567,0.7791857193724265
2,1000,1,0.5,640,0.9361293911933899,-0.8355159759521484,-0.06387060880661011,0.16448402404785156,0.6657305955886841,0.0544249973494988,0.443232731337139,0.687375041306529,0.7831504560845308
2,1000,1,0.5,641,0.9327805042266846,-0.8390465974807739,-0.06721949577331543,0.16095340251922607,0.6580677032470703,0.05105015892805412,0.4090983684055722,0.6711155296430894,0.7672128486271531
2,1000,1,0.5,642,0.9321753978729248,-0.8418516516685486,-0.0678246021270752,0.15814834833145142,0.6682478189468384,0.05120762192019354,0.4140635287720639,0.682061497010958,0.7691729893010057
2,1000,1,0.5,643,0.9340928792953491,-0.8423087000846863,-0.06590712070465088,0.15769129991531372,0.6574164628982544,0.048332132881054604,0.39519291944400364,0.6652101508169779,0.7572096714285859
2,1000,1,0.5,644,0.9395684599876404,-0.8388279676437378,-0.06043154001235962,0.1611720323562622,0.6747029423713684,0.048892659468138894,0.40504670896572414,0.6875709311399276,0.75961879165412
2,1000,1,0.5,645,0.9407064318656921,-0.8381989002227783,-0.05929356813430786,0.16180109977722168,0.6765971183776855,0.04911573926494168,0.40305650191608583,0.67330452024966,0.7611528212591399
2,1000,1,0.5,646,0.9414169192314148,-0.838085949420929,-0.058583080768585205,0.16191405057907104,0.6724117994308472,0.047913873218199315,0.39870475794131904,0.6736640772948448,0.7574772124365391
2,1000,1,0.5,647,0.9404544234275818,-0.8376056551933289,-0.05954557657241821,0.16239434480667114,0.6697927713394165,0.0490163802383296,0.4019872616878215,0.6710293116516195,0.759794306313046
2,1000,1,0.5,648,0.9393154978752136,-0.8381678462028503,-0.06068450212478638,0.16183215379714966,0.6705954074859619,0.048835748796212476,0.4029631121671975,0.6683873490475847,0.7586725481219434
2,1000,1,0.5,649,0.9425875544548035,-0.8357460498809814,-0.05741244554519653,0.16425395011901855,0.6778060793876648,0.04968684366035444,0.40699322560115037,0.6878220408617985,0.7635084310457786
2,1000,1,0.5,650,0.9443583488464355,-0.8350475430488586,-0.05564165115356445,0.16495245695114136,0.6641703248023987,0.04974193971443895,0.39985184786463873,0.669247674130606,0.7599452042771169
2,1000,1,0.5,651,0.9442033767700195,-0.8341663479804993,-0.05579662322998047,0.16583365201950073,0.6667348146438599,0.05349279300318823,0.4202158789764204,0.6780324356901909,0.772109774908853
2,1000,1,0.5,652,0.944743275642395,-0.8335537314414978,-0.05525672435760498,0.1664462685585022,0.6690812110900879,0.05271344558204308,0.4126659481937821,0.6832149536440927,0.7719626828681861
2,1000,1,0.5,653,0.9445133209228516,-0.8325914144515991,-0.05548667907714844,0.16740858554840088,0.6738451719284058,0.05115560032183857,0.41111531520505223,0.6841048949622888,0.7710252628894532
2,1000,1,0.5,654,0.9425745606422424,-0.8328816294670105,-0.05742543935775757,0.1671183705329895,0.6680969595909119,0.053331207789040595,0.42849331381654165,0.6830242735968696,0.776432163267615
2,1000,1,0.5,655,0.9416382908821106,-0.8339734673500061,-0.058361709117889404,0.1660265326499939,0.6629362106323242,0.05264109697523991,0.41631132007210225,0.6761443369381109,0.7733379737663454
2,1000,1,0.5,656,0.9441429376602173,-0.8350576162338257,-0.055857062339782715,0.16494238376617432,0.6720328330993652,0.050288434647698534,0.40800517931137376,0.6757648955308242,0.7681566245397867
2,1000,1,0.5,657,0.9420874118804932,-0.8376150131225586,-0.057912588119506836,0.1623849868774414,0.674942135810852,0.048362988721286825,0.39518108398213847,0.685412121747005,0.7595870096893148
2,1000,1,0.5,658,0.9384832978248596,-0.8378115296363831,-0.06151670217514038,0.16218847036361694,0.6753640174865723,0.05064516477684012,0.4081922435990013,0.6852128594969537,0.7701566383929346
2,1000,1,0.5,659,0.9368975758552551,-0.8392758965492249,-0.06310242414474487,0.16072410345077515,0.6739481687545776,0.04997306450277537,0.3983756991016369,0.6741552072687103,0.7628595749473281
2,1000,1,0.5,660,0.938642680644989,-0.8385125994682312,-0.061357319355010986,0.1614874005317688,0.6797134876251221,0.0491121985054496,0.3999380779395403,0.6824017383627985,0.7613488715630286
2,1000,1,0.5,661,0.9400767683982849,-0.837290346622467,-0.05992323160171509,0.16270965337753296,0.6798675060272217,0.050907983201276034,0.40532229193105107,0.6795140143758255,0.7693032099228272
2,1000,1,0.5,662,0.9393974542617798,-0.836487352848053,-0.060602545738220215,0.16351264715194702,0.6694518327713013,0.05196942639151618,0.408438021898784,0.6816003511446727,0.768735980493027
2,1000,1,0.5,663,0.9395442605018616,-0.8374894261360168,-0.06045573949813843,0.16251057386398315,0.6652554273605347,0.05464085412235135,0.43673756089160326,0.6773295513862588,0.7799887370273781
2,1000,1,0.5,664,0.9415218830108643,-0.8392042517662048,-0.05847811698913574,0.16079574823379517,0.6723678708076477,0.053092038938551196,0.41654091067374677,0.6860521809633825,0.7767403455353776
2,1000,1,0.5,665,0.9388412237167358,-0.8403036594390869,-0.06115877628326416,0.15969634056091309,0.6681074500083923,0.053859072518095366,0.4163618070445528,0.6769229315795613,0.779051729528989
2,1000,1,0.5,666,0.9396748542785645,-0.8391791582107544,-0.06032514572143555,0.1608208417892456,0.6841495037078857,0.05387751923869905,0.4192033646287955,0.688138306974317,0.7761695899575405
2,1000,1,0.5,667,0.941195547580719,-0.836365282535553,-0.058804452419281006,0.16363471746444702,0.6703770756721497,0.05640472999309484,0.42165484013383314,0.682066039487807,0.7862276274494004
2,1000,1,0.5,668,0.9466676712036133,-0.8319739699363708,-0.05333232879638672,0.16802603006362915,0.6641654968261719,0.053517460125241605,0.43043982880958837,0.6821475164664949,0.7793253406069537
2,1000,1,0.5,669,0.9478015303611755,-0.832574725151062,-0.05219846963882446,0.167425274848938,0.6598117351531982,0.05432966959444507,0.44105775660802443,0.6769060004660332,0.7806471929033194
2,1000,1,0.5,670,0.947373628616333,-0.8348401784896851,-0.05262637138366699,0.16515982151031494,0.6673814058303833,0.05439656222892597,0.43080360617353236,0.6778232653976205,0.7797580498477032
2,1000,1,0.5,671,0.9471846222877502,-0.8344575762748718,-0.052815377712249756,0.16554242372512817,0.6716228723526001,0.0573939041001556,0.45341679837518706,0.6864359057645258,0.7925667356418221
2,1000,1,0.5,672,0.9477721452713013,-0.8341968655586243,-0.05222785472869873,0.16580313444137573,0.665785551071167,0.054653450675823126,0.4356199617137936,0.6809399034513752,0.7838383010971965
2,1000,1,0.5,673,0.9495476484298706,-0.8334683775901794,-0.050452351570129395,0.16653162240982056,0.6627408266067505,0.05685919234992285,0.4525787847753351,0.6853234850713467,0.7938327857756389
2,1000,1,0.5,674,0.9469744563102722,-0.8354322910308838,-0.05302554368972778,0.1645677089691162,0.6657271385192871,0.05581155836942616,0.43626507049400276,0.6786501963293712,0.7826475167691487
2,1000,1,0.5,675,0.9489026665687561,-0.8367086052894592,-0.051097333431243896,0.16329139471054077,0.6765587329864502,0.053832920998206454,0.4218767862655221,0.6860448530748353,0.7790216851483189
2,1000,1,0.5,676,0.9522889852523804,-0.837022602558136,-0.04771101474761963,0.162977397441864,0.6702020168304443,0.05136562585269718,0.4159114311537301,0.6729576433923157,0.7702828943057277
2,1000,1,0.5,677,0.9531933665275574,-0.8383768200874329,-0.04680663347244263,0.16162317991256714,0.670644223690033,0.053272570514899316,0.41371131824425894,0.6751646305503547,0.7737618987407743
2,1000,1,0.5,678,0.9543458223342896,-0.8375082015991211,-0.04565417766571045,0.1624917984008789,0.6749956011772156,0.05074944699521951,0.407627142595781,0.6779067628310491,0.7679056407068007
2,1000,1,0.5,679,0.9519201517105103,-0.8386517763137817,-0.048079848289489746,0.16134822368621826,0.6707038879394531,0.050162470935524825,0.41378973271198755,0.6815848009346697,0.7694654959248428
2,1000,1,0.5,680,0.9490692615509033,-0.8396508693695068,-0.05093073844909668,0.16034913063049316,0.6548359394073486,0.053180962509216764,0.4327402077190395,0.668879479386095,0.7794834557311856
2,1000,1,0.5,681,0.9492655992507935,-0.8382518291473389,-0.05073440074920654,0.16174817085266113,0.6710379123687744,0.050701669476255776,0.4183859762853362,0.6797493614832636,0.7708601102055693
2,1000,1,0.5,682,0.9483952522277832,-0.8398447036743164,-0.0516047477722168,0.1601552963256836,0.6739752888679504,0.052635798458533764,0.42112766903928306,0.6779009752271332,0.7741401745246717
2,1000,1,0.5,683,0.9494972825050354,-0.8406544327735901,-0.0505027174949646,0.1593455672264099,0.6763792037963867,0.05433466335268571,0.43279022559053787,0.6848532185528659,0.7817675688980402
2,1000,1,0.5,684,0.9491415619850159,-0.8413825631141663,-0.05085843801498413,0.15861743688583374,0.6659475564956665,0.05370260399849677,0.43147290558094525,0.6827135938073112,0.7783395435041894
2,1000,1,0.5,685,0.9471926689147949,-0.8440725803375244,-0.05280733108520508,0.15592741966247559,0.6654605269432068,0.05255947107294098,0.4207165885253394,0.6739346112008577,0.7727901197515898
2,1000,1,0.5,686,0.9462719559669495,-0.846136212348938,-0.05372804403305054,0.153863787651062,0.6750184297561646,0.05129722948994861,0.4107367543348422,0.681257369239208,0.7695426399728099
2,1000,1,0.5,687,0.9435037970542908,-0.8472933173179626,-0.05649620294570923,0.15270668268203735,0.6878644824028015,0.050729979703551725,0.4066706041365667,0.6873699296479748,0.7645108543679661
2,1000,1,0.5,688,0.9419122338294983,-0.8473016023635864,-0.05808776617050171,0.15269839763641357,0.6829877495765686,0.04949611295631934,0.4026129351223042,0.6735960643352318,0.7593790339462261
2,1000,1,0.5,689,0.9442349672317505,-0.844017744064331,-0.05576503276824951,0.15598225593566895,0.682339608669281,0.052778260865471306,0.41800227710123133,0.6940418011621518,0.771415901461302
2,1000,1,0.5,690,0.9407860040664673,-0.8436869978904724,-0.059213995933532715,0.1563130021095276,0.6669422388076782,0.052234303019033985,0.4136189435864961,0.6665322103540869,0.7668543932178769
2,1000,1,0.5,691,0.9416693449020386,-0.8431265950202942,-0.058330655097961426,0.1568734049797058,0.6840044260025024,0.05257397221356055,0.4209385313669118,0.6864605218704917,0.7762757668340201
2,1000,1,0.5,692,0.9434276819229126,-0.8460637927055359,-0.0565723180770874,0.1539362072944641,0.6661701202392578,0.05380832466625243,0.41919859997242936,0.6762878042763161,0.7738530752897911
2,1000,1,0.5,693,0.9468638896942139,-0.8465202450752258,-0.05313611030578613,0.15347975492477417,0.6746891140937805,0.056878007607734704,0.4470419308344097,0.6905086921744311,0.7886762069267026
2,1000,1,0.5,694,0.9473775625228882,-0.8460726141929626,-0.052622437477111816,0.15392738580703735,0.6634466648101807,0.05654524355549496,0.4441877217372792,0.6804482338518244,0.7880669667076516
2,1000,1,0.5,695,0.9481024146080017,-0.8461589813232422,-0.05189758539199829,0.1538410186767578,0.6784894466400146,0.05386838242907557,0.4222739356580752,0.6817702740462702,0.7790228620342772
2,1000,1,0.5,696,0.9467910528182983,-0.8466708064079285,-0.05320894718170166,0.15332919359207153,0.6635031700134277,0.05341630041483121,0.41598034758898195,0.6776679899686736,0.7734795512459477
2,1000,1,0.5,697,0.9481532573699951,-0.8454173803329468,-0.05184674263000488,0.15458261966705322,0.6667248010635376,0.053551730094924886,0.41594651568248847,0.674268547589956,0.7736485107275598
2,1000,1,0.5,698,0.9534165263175964,-0.8445286154747009,-0.046583473682403564,0.15547138452529907,0.6697050333023071,0.05066619026797565,0.4162064055624568,0.6732903588859019,0.7646172661473648
2,1000,1,0.5,699,0.9501804113388062,-0.8474037051200867,-0.04981958866119385,0.15259629487991333,0.663476824760437,0.05143827939416252,0.40809919725623983,0.6753972146185835,0.7672310594832858
2,1000,1,0.5,700,0.9479427933692932,-0.8460354804992676,-0.05205720663070679,0.15396451950073242,0.6599504947662354,0.052961695811984864,0.428618341906052,0.6756874034972151,0.7778404559054484
2,1000,1,0.5,701,0.9492124319076538,-0.8477712273597717,-0.05078756809234619,0.15222877264022827,0.6724668145179749,0.05249924650387683,0.4108970138843422,0.6819671611216367,0.770472566929136
2,1000,1,0.5,702,0.950252115726471,-0.8498749136924744,-0.04974788427352905,0.15012508630752563,0.6852251291275024,0.0520618160867142,0.40410463852929096,0.6836327004643123,0.7694478099643983
2,1000,1,0.5,703,0.950128436088562,-0.8508108258247375,-0.04987156391143799,0.14918917417526245,0.679826557636261,0.0513234041503822,0.40637773498180463,0.6711116816617629,0.7704523111505099
2,1000,1,0.5,704,0.950359582901001,-0.8506962060928345,-0.04964041709899902,0.14930379390716553,0.6783975958824158,0.053263142558959156,0.4121010662127044,0.6818595128014738,0.7717262950580627
2,1000,1,0.5,705,0.951288640499115,-0.8503972887992859,-0.04871135950088501,0.1496027112007141,0.6824836730957031,0.050032233766446395,0.40224318893238104,0.6800828108082273,0.7623313749748137
2,1000,1,0.5,706,0.9513307213783264,-0.8498066067695618,-0.048669278621673584,0.15019339323043823,0.6702480316162109,0.052810148418634295,0.4187400293426491,0.6860841104209072,0.7773242976726499
2,1000,1,0.5,707,0.9490714073181152,-0.8516219854354858,-0.050928592681884766,0.14837801456451416,0.6789281368255615,0.05248735797067992,0.4149230853869918,0.6759032502419329,0.7728295454626639
2,1000,1,0.5,708,0.947051465511322,-0.8546701073646545,-0.05294853448867798,0.14532989263534546,0.6847400665283203,0.051153324671210726,0.3988802621418529,0.6811590468845208,0.7661660273363022
2,1000,1,0.5,709,0.9473510980606079,-0.8561111688613892,-0.05264890193939209,0.14388883113861084,0.667486310005188,0.05161880246455298,0.4089450432179612,0.6763638301977647,0.7712082386880855
2,1000,1,0.5,710,0.9486655592918396,-0.8552617430686951,-0.0513344407081604,0.14473825693130493,0.6673124432563782,0.0540152494923556,0.41775356244491996,0.6697948777909559,0.7766671704343258
2,1000,1,0.5,711,0.9469663500785828,-0.8553286194801331,-0.053033649921417236,0.14467138051986694,0.6685037612915039,0.05616033338940651,0.43019287901083897,0.687524564611301,0.7852120221071576
2,1000,1,0.5,712,0.9468215107917786,-0.8536916375160217,-0.053178489208221436,0.14630836248397827,0.6625419855117798,0.05514183628462847,0.4291908987536806,0.6802646697269268,0.7811892600523659
2,1000,1,0.5,713,0.9443550705909729,-0.8508641123771667,-0.0556449294090271,0.14913588762283325,0.6811866760253906,0.05409778110651246,0.42312088574589135,0.6854743493284716,0.7772838514847004
2,1000,1,0.5,714,0.944432258605957,-0.8503345251083374,-0.05556774139404297,0.1496654748916626,0.6692043542861938,0.0585744169732949,0.43775467427385495,0.6889911939902094,0.7950007319564707
2,1000,1,0.5,715,0.9461619853973389,-0.8524903059005737,-0.05383801460266113,0.14750969409942627,0.6685956716537476,0.05915443022423414,0.4546228455527121,0.6893848331842034,0.7956793471075938
2,1000,1,0.5,716,0.9468567967414856,-0.854153573513031,-0.053143203258514404,0.145846426486969,0.6655504703521729,0.06096674233744294,0.47307559226385737,0.6863635308816132,0.8047167302601015
2,1000,1,0.5,717,0.9475756287574768,-0.8551912903785706,-0.05242437124252319,0.14480870962142944,0.6717591285705566,0.05699269928172082,0.43719820988210245,0.6809798211816798,0.7868546251634282
2,1000,1,0.5,718,0.943942129611969,-0.8577945828437805,-0.056057870388031006,0.14220541715621948,0.668545126914978,0.055434713932255075,0.4161495176016547,0.670285339851896,0.7790915714589719
2,1000,1,0.5,719,0.9406089782714844,-0.8566047549247742,-0.059391021728515625,0.14339524507522583,0.6776762008666992,0.05089359558980375,0.4101588450759898,0.681252478623317,0.7673749298644419
2,1000,1,0.5,720,0.9392544031143188,-0.8555886745452881,-0.06074559688568115,0.14441132545471191,0.6649131774902344,0.0543095421370864,0.42184529828083817,0.6764758024492741,0.7797356628242382
2,1000,1,0.5,721,0.9411560297012329,-0.8529996275901794,-0.05884397029876709,0.14700037240982056,0.677072286605835,0.05628293865881922,0.44206196654869523,0.6851871235849444,0.786153155730911
2,1000,1,0.5,722,0.9395981431007385,-0.8539449572563171,-0.060401856899261475,0.14605504274368286,0.6648037433624268,0.05676073501129745,0.4365940090413475,0.6777391517343401,0.7881764659195892
2,1000,1,0.5,723,0.9437171816825867,-0.8534882068634033,-0.05628281831741333,0.14651179313659668,0.6728285551071167,0.055516465777663386,0.42862350871982696,0.6814200719292051,0.7826012778681225
2,1000,1,0.5,724,0.944936215877533,-0.8525732755661011,-0.05506378412246704,0.14742672443389893,0.674729585647583,0.055991719460373374,0.4369336864009853,0.677000733000051,0.7811149990684927
2,1000,1,0.5,725,0.9504477381706238,-0.8518497347831726,-0.04955226182937622,0.1481502652168274,0.6736090183258057,0.05405440254965075,0.4094755814832743,0.6756894252465474,0.7719077482767451
2,1000,1,0.5,726,0.9581340551376343,-0.8497352600097656,-0.04186594486236572,0.15026473999023438,0.680691123008728,0.053678705800742924,0.40784629106470016,0.6809349614597318,0.7735522768440545
2,1000,1,0.5,727,0.9577484130859375,-0.8509493470191956,-0.0422515869140625,0.14905065298080444,0.6742016077041626,0.054645635842194756,0.4163264700286435,0.6730039219777908,0.7785906623036074
2,1000,1,0.5,728,0.9588262438774109,-0.8521227240562439,-0.04117375612258911,0.1478772759437561,0.6697577238082886,0.056091690038226734,0.4239989354196441,0.6701558436035617,0.7836828976351036
2,1000,1,0.5,729,0.9589075446128845,-0.8512523770332336,-0.04109245538711548,0.14874762296676636,0.6753100752830505,0.054593174248812514,0.41872511945968305,0.6769119471594539,0.77862153625918
2,1000,1,0.5,730,0.9551716446876526,-0.8524374961853027,-0.04482835531234741,0.14756250381469727,0.671491265296936,0.05822563626398388,0.43901131216238526,0.6828813233019795,0.7918977035723095
2,1000,1,0.5,731,0.9529596567153931,-0.8524037599563599,-0.047040343284606934,0.14759624004364014,0.6678484678268433,0.05863377050804463,0.44754574731668384,0.6779405395157667,0.7929514933047146
2,1000,1,0.5,732,0.952261745929718,-0.8530583381652832,-0.04773825407028198,0.1469416618347168,0.6653002500534058,0.05887066912483092,0.4466013764048541,0.6756932121459553,0.7935978749640056
2,1000,1,0.5,733,0.9517862200737,-0.8531565070152283,-0.04821377992630005,0.14684349298477173,0.6703904867172241,0.05866600089386435,0.43653155784973335,0.6835396351843116,0.7936253022612502
2,1000,1,0.5,734,0.9489437341690063,-0.8540928959846497,-0.05105626583099365,0.14590710401535034,0.6735343337059021,0.05153338585097994,0.4020598533521477,0.6663627065490171,0.7659744658053439
2,1000,1,0.5,735,0.949257493019104,-0.852890133857727,-0.050742506980895996,0.14710986614227295,0.6771354675292969,0.05267608210605208,0.41782466908538024,0.6786077879471805,0.7750724591083905
2,1000,1,0.5,736,0.949874758720398,-0.8527008295059204,-0.05012524127960205,0.1472991704940796,0.6688693761825562,0.054156148236966004,0.4171405006072122,0.6680276183409337,0.7747868970555823
2,1000,1,0.5,737,0.951235830783844,-0.8525399565696716,-0.048764169216156006,0.14746004343032837,0.6867175102233887,0.05371276005571695,0.40527887985464517,0.6771415877877041,0.7726002990545162
2,1000,1,0.5,738,0.9515283703804016,-0.8531267642974854,-0.04847162961959839,0.14687323570251465,0.6860601902008057,0.05295606455767214,0.39700668852323423,0.6800770365430605,0.7689735886866864
2,1000,1,0.5,739,0.953190803527832,-0.8527041673660278,-0.04680919647216797,0.14729583263397217,0.6705629825592041,0.052773536845305724,0.402747849748612,0.6670330542950809,0.7702894590387616
2,1000,1,0.5,740,0.9545664191246033,-0.8514336943626404,-0.04543358087539673,0.14856630563735962,0.6838620901107788,0.05549711653780083,0.4261403234409464,0.6883048645783709,0.7830353743533909
2,1000,1,0.5,741,0.9544733166694641,-0.8498926162719727,-0.04552668333053589,0.15010738372802734,0.6737486124038696,0.05763808737596256,0.42622123485814106,0.6781993411249425,0.7900318233155919
2,1000,1,0.5,742,0.9590768218040466,-0.8471903204917908,-0.04092317819595337,0.15280967950820923,0.6698744297027588,0.05674914306886137,0.43613209440965506,0.6777912768080401,0.7876174188000932
2,1000,1,0.5,743,0.9570304155349731,-0.8464908003807068,-0.042969584465026855,0.1535091996192932,0.669463038444519,0.05404260353500882,0.4186738250091074,0.6760900331055143,0.7778481333251757
2,1000,1,0.5,744,0.9555801153182983,-0.845690906047821,-0.04441988468170166,0.15430909395217896,0.6786117553710938,0.053240757325348435,0.4128615811426861,0.6816022103947691,0.7736348243402188
2,1000,1,0.5,745,0.9528003334999084,-0.8449094891548157,-0.04719966650009155,0.15509051084518433,0.6664562821388245,0.05367464915948726,0.4146051189785564,0.6641469769685873,0.7780418801119369
2,1000,1,0.5,746,0.9555041193962097,-0.8433268070220947,-0.04449588060379028,0.15667319297790527,0.6917709708213806,0.05777894604789577,0.43376948538146,0.6981834202168118,0.7929077635982087
2,1000,1,0.5,747,0.953677773475647,-0.845327615737915,-0.04632222652435303,0.15467238426208496,0.6696540117263794,0.05495886261759809,0.4205523384737373,0.6754699650896175,0.7808405338548746
2,1000,1,0.5,748,0.9588631391525269,-0.8432649970054626,-0.041136860847473145,0.15673500299453735,0.6843607425689697,0.05317503764520492,0.4185173372293232,0.6856378579901593,0.7750344206115481
2,1000,1,0.5,749,0.9581278562545776,-0.8445658087730408,-0.04187214374542236,0.15543419122695923,0.6681193113327026,0.05549789250429116,0.4259438566975649,0.6745528866673479,0.7830710112983365
2,1000,1,0.5,750,0.9568371176719666,-0.8470178246498108,-0.04316288232803345,0.1529821753501892,0.6663382053375244,0.05753354040107263,0.4361521878792034,0.6796941060576032,0.7890910772587107
2,1000,1,0.5,751,0.9578134417533875,-0.8475959300994873,-0.04218655824661255,0.1524040699005127,0.673416018486023,0.055295548467718905,0.414882752466622,0.6794669281229225,0.7809869032995734
2,1000,1,0.5,752,0.9621232748031616,-0.8455858826637268,-0.03787672519683838,0.1544141173362732,0.6761231422424316,0.05265917583487869,0.4156362019803685,0.6800720005119091,0.774163347470441
2,1000,1,0.5,753,0.9609544277191162,-0.8468886017799377,-0.03904557228088379,0.15311139822006226,0.6678439378738403,0.05653265554395593,0.421784256128945,0.6735332706227075,0.7848543965501982
2,1000,1,0.5,754,0.9596144556999207,-0.8453372716903687,-0.040385544300079346,0.15466272830963135,0.6904779672622681,0.05537735540375647,0.42427661419667717,0.689820984830074,0.783123874593816
2,1000,1,0.5,755,0.955737292766571,-0.8477022051811218,-0.044262707233428955,0.15229779481887817,0.676673948764801,0.05285282690371891,0.40809563899840384,0.6730054452807426,0.7724944802281295
2,1000,1,0.5,756,0.9575227499008179,-0.8474181890487671,-0.04247725009918213,0.1525818109512329,0.6798406839370728,0.0512870517859999,0.3996543876511157,0.6746153532094888,0.7653467966872135
2,1000,1,0.5,757,0.9595975875854492,-0.8463360667228699,-0.04040241241455078,0.15366393327713013,0.68024742603302,0.054021793353364954,0.4190302276223337,0.6823618060816815,0.7776222676702363
2,1000,1,0.5,758,0.9605987668037415,-0.8468334674835205,-0.039401233196258545,0.1531665325164795,0.6788256168365479,0.05328425273690635,0.40888971931856716,0.6726006060930161,0.7741773288446813
2,1000,1,0.5,759,0.957020103931427,-0.8481473922729492,-0.042979896068573,0.15185260772705078,0.681890070438385,0.05519423717718515,0.4160221240485844,0.6839314976756128,0.7800363308449384
2,1000,1,0.5,760,0.9539007544517517,-0.8490868806838989,-0.04609924554824829,0.15091311931610107,0.676185131072998,0.054224057866908024,0.4090113201698681,0.6740657326714806,0.7769928913768497
2,1000,1,0.5,761,0.9561449885368347,-0.847683310508728,-0.04385501146316528,0.15231668949127197,0.6795509457588196,0.059119944717150465,0.44008185654410115,0.6826133517236233,0.796436294065756
2,1000,1,0.5,762,0.9559487700462341,-0.849714994430542,-0.04405122995376587,0.150285005569458,0.6855825185775757,0.05342850266155171,0.41342871152061234,0.6810700139729768,0.7764095986611133
2,1000,1,0.5,763,0.9548527002334595,-0.8498348593711853,-0.04514729976654053,0.1501651406288147,0.6803323030471802,0.05449633035986651,0.4123202008478232,0.6806212353482611,0.777552791474669
2,1000,1,0.5,764,0.951775074005127,-0.846656084060669,-0.04822492599487305,0.15334391593933105,0.6863992214202881,0.05838879182781708,0.44479459596725546,0.6795057949175748,0.7919609305427607
2,1000,1,0.5,765,0.9445158839225769,-0.8470981121063232,-0.055484116077423096,0.15290188789367676,0.6762739419937134,0.054714183106706095,0.4066419766305937,0.6745811883129613,0.7794922356612572
2,1000,1,0.5,766,0.9449246525764465,-0.846705436706543,-0.05507534742355347,0.15329456329345703,0.6783577799797058,0.056849429693262774,0.42386935831562184,0.6832117647156746,0.7897569023555686
2,1000,1,0.5,767,0.9443472623825073,-0.8478740453720093,-0.055652737617492676,0.15212595462799072,0.6724928617477417,0.056505485675275184,0.4158483108952777,0.6658114855543996,0.7829051986391896
2,1000,1,0.5,768,0.9473388195037842,-0.8445943593978882,-0.05266118049621582,0.15540564060211182,0.6834303140640259,0.0561530008100888,0.4159126546041981,0.6862916085853739,0.781939891576843
2,1000,1,0.5,769,0.9483651518821716,-0.8433805704116821,-0.05163484811782837,0.15661942958831787,0.6795742511749268,0.055123468001114506,0.42387962676123664,0.6757736234785564,0.7841793002475188
2,1000,1,0.5,770,0.948881208896637,-0.8452175855636597,-0.05111879110336304,0.15478241443634033,0.6733928322792053,0.056702927979707864,0.42600784697804783,0.6829841716908561,0.7882939227126089
2,1000,1,0.5,771,0.9514572024345398,-0.8448997735977173,-0.048542797565460205,0.15510022640228271,0.6861082315444946,0.05497806052034949,0.41657586983594086,0.6866319122761376,0.781905150718884
2,1000,1,0.5,772,0.9549110531806946,-0.8417302370071411,-0.04508894681930542,0.1582697629928589,0.6716632843017578,0.05759995262633873,0.4378336670618157,0.6860698031326996,0.7928008175962302
2,1000,1,0.5,773,0.9536323547363281,-0.840009868144989,-0.046367645263671875,0.159990131855011,0.6825753450393677,0.0585207766020955,0.4365275092360548,0.68996051083971,0.7977269883123158
2,1000,1,0.5,774,0.954448401927948,-0.8423015475273132,-0.045551598072052,0.15769845247268677,0.6833676099777222,0.05513169677507985,0.41753051662128066,0.6821129313576901,0.7863236118373584
2,1000,1,0.5,775,0.9596883654594421,-0.8428298830986023,-0.04031163454055786,0.1571701169013977,0.6728895902633667,0.056083098013445874,0.4182764924967754,0.6773452538444392,0.784990862666501
2,1000,1,0.5,776,0.966559112071991,-0.8430241942405701,-0.03344088792800903,0.15697580575942993,0.6711562871932983,0.05718108384208798,0.4294832919125869,0.6866359463542505,0.7908464714825126
2,1000,1,0.5,777,0.9677822589874268,-0.8445283770561218,-0.03221774101257324,0.15547162294387817,0.6795006990432739,0.05495112566917255,0.41576470577144775,0.6764660703393717,0.7821124179709352
2,1000,1,0.5,778,0.9666136503219604,-0.8445792198181152,-0.03338634967803955,0.15542078018188477,0.694976806640625,0.05707257899502693,0.43133079979061345,0.7011513643046814,0.7902948327994854
2,1000,1,0.5,779,0.9647512435913086,-0.8490453362464905,-0.035248756408691406,0.15095466375350952,0.6745914816856384,0.05529264259476094,0.4097801640135657,0.6774892932432047,0.7837015905835226
2,1000,1,0.5,780,0.9596543312072754,-0.8511356711387634,-0.04034566879272461,0.14886432886123657,0.6988868713378906,0.05134422083649641,0.4053173089228018,0.6810800513696529,0.7688454829484679
2,1000,1,0.5,781,0.9531887769699097,-0.8518229126930237,-0.04681122303009033,0.14817708730697632,0.683228611946106,0.057244579074865014,0.4181800290593351,0.6902229751355806,0.7852577308121759
2,1000,1,0.5,782,0.9549886584281921,-0.8510143756866455,-0.04501134157180786,0.1489856243133545,0.6810041069984436,0.054628043221514426,0.4180461405734398,0.6657662738540009,0.7779898326174296
2,1000,1,0.5,783,0.9576922655105591,-0.8492953181266785,-0.04230773448944092,0.15070468187332153,0.6958576440811157,0.06004352794520867,0.43624889249470455,0.7018799448396483,0.8004786230009018
2,1000,1,0.5,784,0.9584359526634216,-0.8473569750785828,-0.04156404733657837,0.15264302492141724,0.6743974685668945,0.057108377985108,0.4380184772508748,0.6740447526570083,0.7894808253756365
2,1000,1,0.5,785,0.9576225876808167,-0.8470546007156372,-0.04237741231918335,0.1529453992843628,0.6869991421699524,0.05527516148429903,0.41757203520747305,0.691948360686172,0.7839002402525381
2,1000,1,0.5,786,0.955993115901947,-0.8470719456672668,-0.04400688409805298,0.15292805433273315,0.688136100769043,0.05397580193037133,0.4096361540921224,0.6831309695155422,0.7760942232173054
2,1000,1,0.5,787,0.955027163028717,-0.8480026125907898,-0.04497283697128296,0.1519973874092102,0.6867139339447021,0.05373762443129033,0.4049402910815324,0.6817766267489337,0.7777827584802365
2,1000,1,0.5,788,0.9544678330421448,-0.8483136892318726,-0.045532166957855225,0.15168631076812744,0.6940144300460815,0.05321604139915581,0.40656406057905314,0.6785932422496647,0.7759001969555539
2,1000,1,0.5,789,0.9559081792831421,-0.8497214317321777,-0.04409182071685791,0.15027856826782227,0.6851211786270142,0.05529063067350538,0.40666844569553773,0.6875769711784046,0.7782777492410642
2,1000,1,0.5,790,0.9533390998840332,-0.8519401550292969,-0.0466609001159668,0.14805984497070312,0.6864807605743408,0.05369083591550126,0.3967668895210069,0.680535105932162,0.7742544677898006
2,1000,1,0.5,791,0.9531370997428894,-0.8525100946426392,-0.046862900257110596,0.14748990535736084,0.6853690147399902,0.054428167614398594,0.40877071120733405,0.6772215964636201,0.7787766501240596
2,1000,1,0.5,792,0.9530817866325378,-0.8521001935005188,-0.04691821336746216,0.1478998064994812,0.6873456239700317,0.055935194964019094,0.40992474688946706,0.6839425837647178,0.7811646550656917
2,1000,1,0.5,793,0.9544104933738708,-0.8493337631225586,-0.04558950662612915,0.1506662368774414,0.6904467940330505,0.05862013224759493,0.42283887099537265,0.6905596946941244,0.7911014525514345
2,1000,1,0.5,794,0.9540415406227112,-0.8490146398544312,-0.04595845937728882,0.15098536014556885,0.6886940598487854,0.05471395640912388,0.41053089601688797,0.6847419692606961,0.7797362765637698
2,1000,1,0.5,795,0.9504822492599487,-0.8483485579490662,-0.04951775074005127,0.15165144205093384,0.6762975454330444,0.057702631580593994,0.42333068566248044,0.6774360881368794,0.7860792786275247
2,1000,1,0.5,796,0.9508703351020813,-0.846365213394165,-0.0491296648979187,0.15363478660583496,0.6966926455497742,0.05626103415697948,0.4163047969671602,0.68893868679185,0.7834869678385206
2,1000,1,0.5,797,0.9500975012779236,-0.8451129198074341,-0.049902498722076416,0.15488708019256592,0.6787489056587219,0.05638744297478558,0.41322879251254463,0.6796789308201069,0.7865565144578702
2,1000,1,0.5,798,0.9499672651290894,-0.8454034328460693,-0.050032734870910645,0.15459656715393066,0.6818310022354126,0.05678682290845828,0.41865839381821124,0.6807036945560714,0.7864905486383681
2,1000,1,0.5,799,0.9491181373596191,-0.8476830720901489,-0.05088186264038086,0.15231692790985107,0.6920538544654846,0.05390423891262887,0.4061232840730654,0.6783984161352911,0.7776422350402478
2,1000,1,0.5,800,0.946098268032074,-0.8496034741401672,-0.053901731967926025,0.15039652585983276,0.6881446242332458,0.05283674296232951,0.40032249773855144,0.673576285259812,0.7717569268706092
2,1000,1,0.5,801,0.9464111328125,-0.8478919863700867,-0.0535888671875,0.15210801362991333,0.6887482404708862,0.05348187785783228,0.4082770111760686,0.6807943994673916,0.7734212662189587
2,1000,1,0.5,802,0.9485591650009155,-0.8456195592880249,-0.05144083499908447,0.1543804407119751,0.6828515529632568,0.05492802313216109,0.40495618620618784,0.6817697310648307,0.7799257059102447
2,1000,1,0.5,803,0.9492583274841309,-0.8439033627510071,-0.05074167251586914,0.15609663724899292,0.6913816928863525,0.05419608382543837,0.4080386065654018,0.6846479418756666,0.7780204724810823
2,1000,1,0.5,804,0.9470517635345459,-0.8464489579200745,-0.0529482364654541,0.15355104207992554,0.6879600286483765,0.05535385561954863,0.404724174941235,0.6757476904722347,0.7805719949614115
2,1000,1,0.5,805,0.9478927254676819,-0.8486485481262207,-0.052107274532318115,0.1513514518737793,0.6888335943222046,0.05335815171753732,0.40716638392599935,0.6837106295746663,0.7743214399707805
2,1000,1,0.5,806,0.9479748010635376,-0.8477522134780884,-0.0520251989364624,0.15224778652191162,0.6714997291564941,0.058073547751129724,0.43774559912286776,0.6837420981524835,0.794547670036083
2,1000,1,0.5,807,0.9496579766273499,-0.8469422459602356,-0.050342023372650146,0.1530577540397644,0.678119421005249,0.06154002204400387,0.444071100376785,0.688612071237166,0.8033294767557002
2,1000,1,0.5,808,0.9521483182907104,-0.8463767766952515,-0.04785168170928955,0.15362322330474854,0.6827658414840698,0.06024784647842586,0.4390109075365182,0.6886773629792047,0.7994697609470581
2,1000,1,0.5,809,0.9528623819351196,-0.8462879061698914,-0.04713761806488037,0.15371209383010864,0.6864068508148193,0.05925280437561239,0.43703889121908174,0.690152308615852,0.7982079563273291
2,1000,1,0.5,810,0.9516932368278503,-0.8469801545143127,-0.04830676317214966,0.15301984548568726,0.6893178224563599,0.0583542745441421,0.42357198787519934,0.6825455488988603,0.7918192946664917
2,1000,1,0.5,811,0.9518744945526123,-0.8457658290863037,-0.048125505447387695,0.1542341709136963,0.687269926071167,0.057307918137203144,0.41432373772531433,0.6898559667931424,0.7886955147578502
2,1000,1,0.5,812,0.9505386352539062,-0.8462218642234802,-0.04946136474609375,0.15377813577651978,0.6788695454597473,0.056562823438670924,0.4262672984680171,0.6757408285206101,0.787252835118811
2,1000,1,0.5,813,0.9492077827453613,-0.8463321328163147,-0.05079221725463867,0.1536678671836853,0.692149817943573,0.058883264854878284,0.43399836762867156,0.6920557725310834,0.7961149436527509
2,1000,1,0.5,814,0.9456838369369507,-0.8494136333465576,-0.054316163063049316,0.15058636665344238,0.6885023713111877,0.055888967088833216,0.4058972596195962,0.6766611114992261,0.7832179456231259
2,1000,1,0.5,815,0.9460991024971008,-0.8493126034736633,-0.05390089750289917,0.15068739652633667,0.687147319316864,0.05736768684392858,0.4134577017219627,0.6854174903806157,0.7872001823755601
2,1000,1,0.5,816,0.9494085907936096,-0.8488453030586243,-0.05059140920639038,0.15115469694137573,0.6796720027923584,0.05635177734688753,0.41594848563759984,0.6748685273118926,0.7889449568689947
2,1000,1,0.5,817,0.9527615308761597,-0.8462044596672058,-0.04723846912384033,0.1537955403327942,0.6822946071624756,0.05798761977621636,0.4288097157770025,0.6847636758803773,0.7961906055147199
2,1000,1,0.5,818,0.9518018364906311,-0.846848726272583,-0.048198163509368896,0.153151273727417,0.6820178031921387,0.05924060218116832,0.4418542704541887,0.6799835920715984,0.7965008241718338
2,1000,1,0.5,819,0.9495862722396851,-0.8487663269042969,-0.05041372776031494,0.15123367309570312,0.6863225698471069,0.05830237519072358,0.4165088150291747,0.6843466211796012,0.7894908992114525
2,1000,1,0.5,820,0.9474549293518066,-0.8479238152503967,-0.05254507064819336,0.15207618474960327,0.6891194581985474,0.05579451879107979,0.4076339758501604,0.6817452382236923,0.7842533170258046
2,1000,1,0.5,821,0.9503771066665649,-0.8445839881896973,-0.04962289333343506,0.15541601181030273,0.6836128830909729,0.055250598982476876,0.4195987869979592,0.6754252717091979,0.7824132902607538
2,1000,1,0.5,822,0.9510688185691833,-0.8432761430740356,-0.04893118143081665,0.15672385692596436,0.6810776591300964,0.06041188795863138,0.4348406148609639,0.6863001017770776,0.7983317541563513
2,1000,1,0.5,823,0.9547047019004822,-0.8406569361686707,-0.04529529809951782,0.15934306383132935,0.6854169368743896,0.05731517924281433,0.4289679095403258,0.6829725801236599,0.7900312728369238
2,1000,1,0.5,824,0.9550301432609558,-0.8410269021987915,-0.04496985673904419,0.1589730978012085,0.6830955147743225,0.059841489739642664,0.43966200425505647,0.6851207305837848,0.8018107101643825
2,1000,1,0.5,825,0.9559547901153564,-0.8430468440055847,-0.044045209884643555,0.15695315599441528,0.6819446682929993,0.059113221167240784,0.4336298944481506,0.6745369315348089,0.7950404226232
2,1000,1,0.5,826,0.9571245312690735,-0.8428495526313782,-0.042875468730926514,0.15715044736862183,0.694257378578186,0.05467591862747213,0.40794601314622025,0.6801524411069719,0.7805584026192841
2,1000,1,0.5,827,0.95671147108078,-0.8427919745445251,-0.04328852891921997,0.15720802545547485,0.6942037343978882,0.05383753528642248,0.3958450146857021,0.6805689013152584,0.7797632958002951
2,1000,1,0.5,828,0.9523777961730957,-0.8422396183013916,-0.0476222038269043,0.1577603816986084,0.6901689171791077,0.058412415424914814,0.41860491560218643,0.6883749456983628,0.7934503968860758
2,1000,1,0.5,829,0.9495570659637451,-0.8421209454536438,-0.05044293403625488,0.1578790545463562,0.6804392337799072,0.059076891185835916,0.4217867775666752,0.6808426297456979,0.7952867561212622
2,1000,1,0.5,830,0.9496517181396484,-0.8420521020889282,-0.05034828186035156,0.15794789791107178,0.6860426664352417,0.06207925184676761,0.4463728780223288,0.6967069212416235,0.8071246766874367
2,1000,1,0.5,831,0.9471853971481323,-0.8448235988616943,-0.052814602851867676,0.15517640113830566,0.6783233880996704,0.058862139494023295,0.4257236750583519,0.6845181622519408,0.7940648104358685
2,1000,1,0.5,832,0.9493122100830078,-0.8452866673469543,-0.05068778991699219,0.15471333265304565,0.6906355619430542,0.060281629824391884,0.4319426963784457,0.6955193348588576,0.7997098510874405
2,1000,1,0.5,833,0.9500389099121094,-0.8472405672073364,-0.049961090087890625,0.15275943279266357,0.6760156154632568,0.060283051632287886,0.44533633471316764,0.6814911120810734,0.7960744921184577
2,1000,1,0.5,834,0.9508779048919678,-0.8473443388938904,-0.04912209510803223,0.15265566110610962,0.6825745105743408,0.0612470600617321,0.44348677038054746,0.6986597367358148,0.8059624474988472
2,1000,1,0.5,835,0.9533531665802002,-0.84832763671875,-0.046646833419799805,0.15167236328125,0.6720902919769287,0.05950231844266746,0.43582659323638284,0.6831852077007228,0.8012438158201142
2,1000,1,0.5,836,0.955827534198761,-0.8502019643783569,-0.044172465801239014,0.14979803562164307,0.7093629837036133,0.0560901444607657,0.40767645763809335,0.685578101275037,0.7843122730396053
2,1000,1,0.5,837,0.9569417834281921,-0.8525256514549255,-0.04305821657180786,0.14747434854507446,0.6866905093193054,0.059258129229548005,0.4122709984717654,0.6820885489703216,0.7927210453067778
2,1000,1,0.5,838,0.9605500102043152,-0.8507146835327148,-0.039449989795684814,0.14928531646728516,0.6876282691955566,0.056769144615096204,0.4257369759114101,0.6766518162781933,0.7862917969944925
2,1000,1,0.5,839,0.9601216316223145,-0.8500284552574158,-0.03987836837768555,0.14997154474258423,0.6912829875946045,0.06046672886515165,0.42516300017029857,0.690472478116493,0.7993803145331129
2,1000,1,0.5,840,0.9605766534805298,-0.8505403399467468,-0.039423346519470215,0.14945966005325317,0.6760175228118896,0.060345578370905636,0.43192901471434153,0.6878414534409043,0.7997695024343271
2,1000,1,0.5,841,0.9584891200065613,-0.851225733757019,-0.04151087999343872,0.14877426624298096,0.6851505041122437,0.06344310082631362,0.46646306200058674,0.6999005549604425,0.8132873613820041
2,1000,1,0.5,842,0.9559223055839539,-0.8519737720489502,-0.04407769441604614,0.1480262279510498,0.7013088464736938,0.06130178131063337,0.4355539236285494,0.70364971518157,0.8005400624411171
2,1000,1,0.5,843,0.9529560208320618,-0.8529210090637207,-0.04704397916793823,0.1470789909362793,0.6898915767669678,0.06049712755684863,0.4367928883082476,0.6887165918301865,0.7983555324060639
2,1000,1,0.5,844,0.954210638999939,-0.8504027724266052,-0.045789361000061035,0.14959722757339478,0.6772137880325317,0.057729406816107734,0.4193682445252315,0.676995752534132,0.7914490555166149
2,1000,1,0.5,845,0.9559296369552612,-0.847478985786438,-0.04407036304473877,0.152521014213562,0.6852495670318604,0.06123341681984526,0.43930159450376166,0.6879820420316992,0.8020921981865412
2,1000,1,0.5,846,0.9550086855888367,-0.8488075137138367,-0.04499131441116333,0.15119248628616333,0.6979568004608154,0.06622997800819763,0.46168880186468214,0.6971067273461992,0.8183669101985436
2,1000,1,0.5,847,0.9557743072509766,-0.8479642271995544,-0.04422569274902344,0.15203577280044556,0.7015420198440552,0.05969008793206792,0.4368052720469842,0.7039684760630581,0.8001099725703051
2,1000,1,0.5,848,0.9557777643203735,-0.8483944535255432,-0.044222235679626465,0.1516055464744568,0.6728720664978027,0.06034123087631921,0.4468380727204069,0.689040859718472,0.8052464752313927
2,1000,1,0.5,849,0.9563891291618347,-0.8467568755149841,-0.04361087083816528,0.15324312448501587,0.6708298921585083,0.059338257154816845,0.430652121738941,0.681835546006505,0.7980215503246693
2,1000,1,0.5,850,0.9594392776489258,-0.845182478427887,-0.04056072235107422,0.15481752157211304,0.685160219669342,0.0596382642605173,0.43021161089788196,0.6938069880028584,0.7975995678550756
2,1000,1,0.5,851,0.9593744277954102,-0.8430047631263733,-0.040625572204589844,0.1569952368736267,0.6797094345092773,0.06426332136844227,0.4586848550280034,0.6871205338424801,0.8111798418833405
2,1000,1,0.5,852,0.955424427986145,-0.8446270227432251,-0.04457557201385498,0.1553729772567749,0.6813292503356934,0.06295917204103829,0.43567077532946014,0.6929401180668833,0.8074230826260969
2,1000,1,0.5,853,0.9557375907897949,-0.8461562395095825,-0.04426240921020508,0.15384376049041748,0.6854531764984131,0.05781098096237993,0.4191333062974746,0.6821493950148875,0.7926951000129999
2,1000,1,0.5,854,0.9572545886039734,-0.8464301228523254,-0.04274541139602661,0.15356987714767456,0.6935644149780273,0.059701342933884294,0.4362691866822145,0.6862141952440143,0.8008110614359544
2,1000,1,0.5,855,0.9562540054321289,-0.8502506017684937,-0.043745994567871094,0.14974939823150635,0.686289370059967,0.0579673350080527,0.41667293303614045,0.6805743793188452,0.7901420144772747
2,1000,1,0.5,856,0.9552748799324036,-0.8518058061599731,-0.044725120067596436,0.14819419384002686,0.6991456747055054,0.05852194689551258,0.4176313210477314,0.6982580372367124,0.7910621862776626
2,1000,1,0.5,857,0.9536622166633606,-0.8531290292739868,-0.046337783336639404,0.14687097072601318,0.6936570405960083,0.056027761649601535,0.41208458762854006,0.6771177831284156,0.784439318156744
2,1000,1,0.5,858,0.9547566175460815,-0.8529824018478394,-0.04524338245391846,0.14701759815216064,0.6850379705429077,0.056173581018457375,0.40590276113097823,0.6813858967877454,0.7840770926074311
2,1000,1,0.5,859,0.9573259949684143,-0.8526275157928467,-0.04267400503158569,0.14737248420715332,0.6957437992095947,0.05941690334140408,0.41963995915262353,0.6873700408216833,0.7918982113184411
2,1000,1,0.5,860,0.9564330577850342,-0.853191077709198,-0.04356694221496582,0.146808922290802,0.6833920478820801,0.05706231271248496,0.4133245518682298,0.6750717430777661,0.786876741369751
2,1000,1,0.5,861,0.9495449066162109,-0.8546180129051208,-0.05045509338378906,0.14538198709487915,0.6906982064247131,0.05927880890167815,0.421340878346165,0.6840477351755271,0.7948116559561057
2,1000,1,0.5,862,0.944447934627533,-0.8579897880554199,-0.05555206537246704,0.14201021194458008,0.6845433115959167,0.05753861661062076,0.41229395173372696,0.6786224469062292,0.7872430354595159
2,1000,1,0.5,863,0.9451736807823181,-0.8585367202758789,-0.054826319217681885,0.1414632797241211,0.6945470571517944,0.05545091461632705,0.40178788622053235,0.6760594106030743,0.7807842889998203
2,1000,1,0.5,864,0.9442368745803833,-0.8591047525405884,-0.0557631254196167,0.14089524745941162,0.6985092163085938,0.05568864391254208,0.40811840165111646,0.6823164991720994,0.7786899178722495
2,1000,1,0.5,865,0.943272054195404,-0.8571118712425232,-0.05672794580459595,0.1428881287574768,0.7057293653488159,0.055759283338816724,0.3980169130857631,0.6853535095149778,0.7811238888744866
2,1000,1,0.5,866,0.9521150588989258,-0.8529302477836609,-0.04788494110107422,0.1470697522163391,0.6872203946113586,0.05762339365245345,0.4129741453627581,0.691598360134015,0.7908064124857558
2,1000,1,0.5,867,0.9565461277961731,-0.8523603081703186,-0.043453872203826904,0.1476396918296814,0.682874321937561,0.059301999108049064,0.4241366156078349,0.6796525783469334,0.7941621725462955
2,1000,1,0.5,868,0.9647490978240967,-0.8495653867721558,-0.03525090217590332,0.15043461322784424,0.6928966641426086,0.06645521066548926,0.45959074725238347,0.7053020272087412,0.8207856566428083
2,1000,1,0.5,869,0.9685946702957153,-0.8485437035560608,-0.03140532970428467,0.1514562964439392,0.6878571510314941,0.058698311035316364,0.4324859823628402,0.6819348094455421,0.7994738747765815
2,1000,1,0.5,870,0.9678013920783997,-0.8499760031700134,-0.03219860792160034,0.15002399682998657,0.6948704719543457,0.05903412946066667,0.42650118309032053,0.6945374408044416,0.7926032526581621
2,1000,1,0.5,871,0.9656733870506287,-0.8508039712905884,-0.03432661294937134,0.14919602870941162,0.6940081119537354,0.05633647609565372,0.4124851011109666,0.6805298335269164,0.7852088076524368
2,1000,1,0.5,872,0.9670166373252869,-0.8503010272979736,-0.032983362674713135,0.14969897270202637,0.6904299259185791,0.05840256801417207,0.4214183688967363,0.6871057645074441,0.7930849145426282
2,1000,1,0.5,873,0.9658989906311035,-0.8504062294960022,-0.034101009368896484,0.1495937705039978,0.6859331130981445,0.05809837983960535,0.4157215023503417,0.6803650344801377,0.7909934068935509
2,1000,1,0.5,874,0.9682461619377136,-0.8506991267204285,-0.03175383806228638,0.14930087327957153,0.6839714050292969,0.06140300700943933,0.43656425358301204,0.6931007384912633,0.8024278710245164
2,1000,1,0.5,875,0.9661314487457275,-0.8548097610473633,-0.03386855125427246,0.14519023895263672,0.6765804886817932,0.06323746385532866,0.4543795682150853,0.6837343871126967,0.8099639481899282
2,1000,1,0.5,876,0.9643189907073975,-0.858013927936554,-0.03568100929260254,0.14198607206344604,0.7026715874671936,0.05912488359396822,0.4145648494555466,0.6902532684179999,0.7935377808699489
2,1000,1,0.5,877,0.9642552137374878,-0.8591074347496033,-0.03574478626251221,0.14089256525039673,0.6886284947395325,0.06086175940698414,0.42729253662232,0.6851603554913248,0.7986847865153435
2,1000,1,0.5,878,0.9670817852020264,-0.8614343404769897,-0.03291821479797363,0.13856565952301025,0.702873706817627,0.05671922816171795,0.41029342703835864,0.6903165874910843,0.7821414587571255
2,1000,1,0.5,879,0.968308687210083,-0.8637551665306091,-0.03169131278991699,0.13624483346939087,0.6959606409072876,0.05926639764451134,0.4140209746181614,0.691277610691253,0.7936224895805861
2,1000,1,0.5,880,0.9691584706306458,-0.8632199168205261,-0.030841529369354248,0.13678008317947388,0.6852493286132812,0.06004077569083086,0.4347934794684744,0.6928066161407753,0.8010097419940119
2,1000,1,0.5,881,0.9639482498168945,-0.8664018511772156,-0.03605175018310547,0.13359814882278442,0.6715036630630493,0.05860747646783511,0.4128457092006498,0.6719781394703094,0.7920319224836576
2,1000,1,0.5,882,0.9673184752464294,-0.864117443561554,-0.03268152475357056,0.13588255643844604,0.685502290725708,0.06036951552601092,0.4305141808840209,0.6930831496589,0.7986207507001502
2,1000,1,0.5,883,0.9652336835861206,-0.8647873997688293,-0.034766316413879395,0.13521260023117065,0.6894407272338867,0.06537248038363651,0.4535198783915127,0.6914826752219372,0.8134065883758061
2,1000,1,0.5,884,0.9634054899215698,-0.8649125695228577,-0.036594510078430176,0.13508743047714233,0.6856822967529297,0.062398336523879064,0.43022418664959416,0.6839385001335316,0.8025372777007594
2,1000,1,0.5,885,0.9626013040542603,-0.8628769516944885,-0.037398695945739746,0.13712304830551147,0.6879992485046387,0.061635445065075116,0.4299951446709127,0.6883943490905091,0.80372126635176
2,1000,1,0.5,886,0.9648842215538025,-0.859229326248169,-0.03511577844619751,0.14077067375183105,0.6880009174346924,0.06401945652568758,0.45667877506425625,0.6955537991338291,0.8156358001689957
2,1000,1,0.5,887,0.9673229455947876,-0.8595957159996033,-0.0326770544052124,0.14040428400039673,0.6903038620948792,0.06582905714230547,0.45121590344381074,0.7008275136986947,0.8154949677906944
2,1000,1,0.5,888,0.9668629765510559,-0.8605254292488098,-0.03313702344894409,0.13947457075119019,0.6851203441619873,0.06142168910582445,0.42934135759893566,0.6852383540702331,0.8031405812221263
2,1000,1,0.5,889,0.9663912653923035,-0.8613067865371704,-0.03360873460769653,0.1386932134628296,0.6930694580078125,0.0648684878455662,0.4511196833722917,0.6960563608362623,0.812259113593519
2,1000,1,0.5,890,0.9619945287704468,-0.8637023568153381,-0.03800547122955322,0.13629764318466187,0.6888561248779297,0.06316986918295381,0.44589609696131255,0.6893574911871638,0.8108092549810758
2,1000,1,0.5,891,0.9601503610610962,-0.8652015924453735,-0.03984963893890381,0.13479840755462646,0.697797417640686,0.05988593481154754,0.4276230437253712,0.6926357407444379,0.801013979639915
2,1000,1,0.5,892,0.9599992036819458,-0.8658110499382019,-0.0400007963180542,0.1341889500617981,0.6891482472419739,0.061247661953010395,0.42071327879102044,0.6842229449039147,0.7984422223815261
2,1000,1,0.5,893,0.9597424864768982,-0.8650030493736267,-0.04025751352310181,0.1349969506263733,0.686134934425354,0.061659335178184026,0.43029408763565696,0.6793010052944699,0.8006324447797146
2,1000,1,0.5,894,0.9619753360748291,-0.863889217376709,-0.0380246639251709,0.13611078262329102,0.697233259677887,0.06296883116715028,0.4352955243205733,0.6961907901830119,0.8066823261052989
2,1000,1,0.5,895,0.9585420489311218,-0.8673372864723206,-0.041457951068878174,0.13266271352767944,0.6896965503692627,0.06238212923122177,0.43110112827066305,0.6877854681262935,0.8022287551303782
2,1000,1,0.5,896,0.958979070186615,-0.8672798871994019,-0.04102092981338501,0.13272011280059814,0.7046046853065491,0.061000579667133625,0.4289354193513569,0.6933105656640106,0.7990653710818256
2,1000,1,0.5,897,0.9585795998573303,-0.8665719628334045,-0.04142040014266968,0.13342803716659546,0.6795775890350342,0.0661741472074747,0.45528415148321355,0.679967707932017,0.8175689076000255
2,1000,1,0.5,898,0.9608650803565979,-0.8661292791366577,-0.0391349196434021,0.13387072086334229,0.6806002855300903,0.060292641579001924,0.4285295419305008,0.6848656483676966,0.798737641052219
2,1000,1,0.5,899,0.9642893075942993,-0.8661239147186279,-0.035710692405700684,0.13387608528137207,0.6848514080047607,0.06204510125818356,0.43779426416583916,0.6846698075415045,0.8012216749015324
2,1000,1,0.5,900,0.9608272910118103,-0.8664725422859192,-0.0391727089881897,0.1335274577140808,0.6895429491996765,0.0634526246794839,0.43008616165324187,0.6894392829032876,0.8063903295142817
2,1000,1,0.5,901,0.9589534997940063,-0.8642191886901855,-0.04104650020599365,0.13578081130981445,0.7023946046829224,0.061305863016349674,0.4210119770634595,0.6990310938591304,0.7991782111233356
2,1000,1,0.5,902,0.9563124775886536,-0.8625598549842834,-0.043687522411346436,0.13744014501571655,0.6887673139572144,0.06012572178671625,0.4177589475177587,0.6814377597325878,0.7923987303285331
2,1000,1,0.5,903,0.9551255106925964,-0.8620104193687439,-0.044874489307403564,0.1379895806312561,0.6879476308822632,0.06132712579378674,0.4271015838639562,0.6791693490156271,0.8001288008692152
2,1000,1,0.5,904,0.9571229219436646,-0.8595437407493591,-0.04287707805633545,0.14045625925064087,0.6902885437011719,0.06188470628371988,0.43442091565638824,0.693920498961673,0.8027584482375816
2,1000,1,0.5,905,0.9549216628074646,-0.8564969897270203,-0.0450783371925354,0.14350301027297974,0.6763701438903809,0.06351476450776339,0.4476548434015099,0.688691247019402,0.8100245352264215
2,1000,1,0.5,906,0.9552879929542542,-0.8558245897293091,-0.04471200704574585,0.14417541027069092,0.681316077709198,0.06161586487909882,0.43310450083758134,0.683884344677223,0.8016378105968469
2,1000,1,0.5,907,0.9571430683135986,-0.8559123277664185,-0.04285693168640137,0.14408767223358154,0.6879522800445557,0.06379400807105727,0.445318429063834,0.6946788408961712,0.8076236178088657
2,1000,1,0.5,908,0.9568978548049927,-0.8558019995689392,-0.043102145195007324,0.1441980004310608,0.6880655288696289,0.0655475891453425,0.4442176286398991,0.69501951248034,0.8075110800261751
2,1000,1,0.5,909,0.9604703783988953,-0.8537214398384094,-0.039529621601104736,0.14627856016159058,0.6976057291030884,0.06447965105206542,0.44812467826372393,0.6857271821904779,0.81208003625792
2,1000,1,0.5,910,0.9606020450592041,-0.8537179231643677,-0.0393979549407959,0.14628207683563232,0.6974155902862549,0.06450350752634859,0.438612185512638,0.6967866356289372,0.8056523029053966
2,1000,1,0.5,911,0.9605847001075745,-0.8547161221504211,-0.03941529989242554,0.14528387784957886,0.6881536245346069,0.06462890782280614,0.43459838029025144,0.6923034487680906,0.8032628105766747
2,1000,1,0.5,912,0.960506021976471,-0.8540138602256775,-0.03949397802352905,0.1459861397743225,0.6946792602539062,0.061396587149496376,0.4369379930950387,0.6825643070770724,0.8021744670653668
2,1000,1,0.5,913,0.961791455745697,-0.8517866134643555,-0.03820854425430298,0.14821338653564453,0.7036744356155396,0.061498326467436644,0.4255812165177572,0.6906578051206688,0.8010066478664671
2,1000,1,0.5,914,0.9636083245277405,-0.8492296934127808,-0.03639167547225952,0.15077030658721924,0.7063798904418945,0.06311106933016523,0.44601807182624453,0.7009767140336493,0.8039818933733636
2,1000,1,0.5,915,0.9639654755592346,-0.8474016189575195,-0.03603452444076538,0.15259838104248047,0.6861147880554199,0.06227710464337282,0.4449884918335454,0.6839939784019384,0.8027261693579728
2,1000,1,0.5,916,0.9654087424278259,-0.8472930192947388,-0.03459125757217407,0.15270698070526123,0.6961179971694946,0.060893566931687834,0.4213463328826751,0.6898062845111937,0.7975100973538404
2,1000,1,0.5,917,0.9633687138557434,-0.8476137518882751,-0.03663128614425659,0.15238624811172485,0.6986496448516846,0.05746810483862488,0.41157126063379046,0.6850972462037452,0.7847889350122782
2,1000,1,0.5,918,0.9604363441467285,-0.849256157875061,-0.039563655853271484,0.15074384212493896,0.707933783531189,0.056371027337711585,0.3975556794164297,0.6743444131191323,0.7813089318633119
2,1000,1,0.5,919,0.9611200094223022,-0.8479719161987305,-0.038879990577697754,0.15202808380126953,0.7213496565818787,0.05904866395078317,0.41364928773326987,0.692246608682835,0.7917392605061191
2,1000,1,0.5,920,0.9572320580482483,-0.8492531776428223,-0.04276794195175171,0.15074682235717773,0.6972271800041199,0.05881530187713159,0.40839850583191856,0.6829650653789909,0.7873230750416794
2,1000,1,0.5,921,0.9562981724739075,-0.8483882546424866,-0.04370182752609253,0.15161174535751343,0.6828277111053467,0.06579913531847742,0.4557162826080729,0.6995734401440689,0.8183595562998905
2,1000,1,0.5,922,0.9534561634063721,-0.8481117486953735,-0.04654383659362793,0.15188825130462646,0.6933927536010742,0.06683328703132946,0.4496069375340862,0.6999560870122897,0.8150947487777571
2,1000,1,0.5,923,0.9526013731956482,-0.8473870754241943,-0.04739862680435181,0.15261292457580566,0.6835788488388062,0.06872961865865174,0.4821228864218891,0.69796325098225,0.8275136562982455
2,1000,1,0.5,924,0.9533776640892029,-0.8496482968330383,-0.04662233591079712,0.15035170316696167,0.6960113048553467,0.06173968245996868,0.43341447460420723,0.6987222154402543,0.800836250217482
2,1000,1,0.5,925,0.9528924226760864,-0.8538172245025635,-0.047107577323913574,0.14618277549743652,0.6866905689239502,0.06095962155783553,0.4261339750520133,0.6859655641360248,0.7973859409347042
2,1000,1,0.5,926,0.9543289542198181,-0.8532320857048035,-0.045671045780181885,0.14676791429519653,0.6977707147598267,0.061159390686355904,0.42560823740017717,0.6894617831218635,0.7975427955737864
2,1000,1,0.5,927,0.9595693349838257,-0.8514562249183655,-0.040430665016174316,0.14854377508163452,0.7014766931533813,0.06106459137144979,0.42354616938619416,0.6903521810339137,0.7994191063345755
2,1000,1,0.5,928,0.9617010354995728,-0.8508664965629578,-0.038298964500427246,0.14913350343704224,0.7156684994697571,0.06025511978052572,0.42690182620981204,0.7012594986466041,0.7984897991897155
2,1000,1,0.5,929,0.95981365442276,-0.8522205948829651,-0.04018634557723999,0.1477794051170349,0.6996159553527832,0.06124782702719895,0.4196164206320268,0.6852213542529425,0.7930870340785074
2,1000,1,0.5,930,0.9638701677322388,-0.8516718745231628,-0.03612983226776123,0.14832812547683716,0.701728343963623,0.06843143245122052,0.46277898857888145,0.7063465897630004,0.8248949110206056
2,1000,1,0.5,931,0.9646954536437988,-0.8538513779640198,-0.03530454635620117,0.14614862203598022,0.7002724409103394,0.06298791168226389,0.44372336783095284,0.6984188539881018,0.8055662872873356
2,1000,1,0.5,932,0.9668517112731934,-0.8537152409553528,-0.03314828872680664,0.14628475904464722,0.6873249411582947,0.059372263367973736,0.43695398796338436,0.6760215462414716,0.7928289990714884
2,1000,1,0.5,933,0.9687463045120239,-0.8551192879676819,-0.031253695487976074,0.14488071203231812,0.7043731212615967,0.06212482003866338,0.4270750520818855,0.697754098098591,0.8015356956859252
2,1000,1,0.5,934,0.9674950242042542,-0.8566669821739197,-0.03250497579574585,0.14333301782608032,0.7020509839057922,0.059631045220080066,0.4215090902556231,0.687809575224617,0.793001781230008
2,1000,1,0.5,935,0.9658610820770264,-0.8571457862854004,-0.03413891792297363,0.1428542137145996,0.6995264291763306,0.05902703624450872,0.414568667685963,0.6917371106007643,0.7901514573643514
2,1000,1,0.5,936,0.9648258686065674,-0.8562248945236206,-0.03517413139343262,0.1437751054763794,0.6981616020202637,0.061995488398126276,0.42744968465084826,0.6884764373129011,0.7998897853352229
2,1000,1,0.5,937,0.965769350528717,-0.8563093543052673,-0.03423064947128296,0.14369064569473267,0.6967605948448181,0.060144717312532105,0.4172524341256031,0.6861382802131972,0.7942352998148114
2,1000,1,0.5,938,0.9657041430473328,-0.8537266254425049,-0.034295856952667236,0.14627337455749512,0.6997636556625366,0.06147795310194278,0.42295506210233214,0.6986179266403802,0.800348766324836
2,1000,1,0.5,939,0.9594608545303345,-0.852990448474884,-0.04053914546966553,0.14700955152511597,0.6963633298873901,0.06446564842840076,0.43843719465958275,0.68809256770651,0.8071170748714641
2,1000,1,0.5,940,0.9578467607498169,-0.8535218238830566,-0.042153239250183105,0.14647817611694336,0.6940478086471558,0.06195767035451758,0.42828900970290773,0.6953274479757675,0.799625037776446
2,1000,1,0.5,941,0.9585314393043518,-0.8538359999656677,-0.04146856069564819,0.14616400003433228,0.6957336664199829,0.06832614274870087,0.4602567455577324,0.7043504713679241,0.8238643106442781
2,1000,1,0.5,942,0.9558753371238708,-0.8544651865959167,-0.04412466287612915,0.14553481340408325,0.6866958737373352,0.06206251616630776,0.42789057751555876,0.6890328773100779,0.8001816390535745
2,1000,1,0.5,943,0.9547258615493774,-0.8520170450210571,-0.04527413845062256,0.14798295497894287,0.6939897537231445,0.06959521063168997,0.46285987235303666,0.7070036688878869,0.8241415431655705
2,1000,1,0.5,944,0.9575623869895935,-0.8511900305747986,-0.042437613010406494,0.14880996942520142,0.6829466223716736,0.06357555406586332,0.4417123363792365,0.684852795415522,0.8054555772185409
2,1000,1,0.5,945,0.963047444820404,-0.8503814935684204,-0.03695255517959595,0.1496185064315796,0.6989550590515137,0.06355248549700364,0.43246220661446905,0.6991658798926733,0.8081039747379127
2,1000,1,0.5,946,0.9632750153541565,-0.8508359789848328,-0.036724984645843506,0.14916402101516724,0.6986755132675171,0.06192203234716498,0.4254039935172525,0.6918075280028995,0.800860781921778
2,1000,1,0.5,947,0.9638933539390564,-0.853452205657959,-0.036106646060943604,0.14654779434204102,0.6973657608032227,0.06425498575272129,0.44033692645551453,0.6972162092047125,0.8103353830196074
2,1000,1,0.5,948,0.9640952944755554,-0.8539373278617859,-0.03590470552444458,0.1460626721382141,0.6917740106582642,0.06438885202649532,0.44296329498434944,0.6949358462613362,0.8086916173328718
2,1000,1,0.5,949,0.9668878316879272,-0.855076014995575,-0.033112168312072754,0.14492398500442505,0.6826815009117126,0.06550568828218599,0.45832748259743056,0.6895999048653744,0.816952414669294
2,1000,1,0.5,950,0.9713770747184753,-0.8562972545623779,-0.028622925281524658,0.14370274543762207,0.6935762166976929,0.07107128631827221,0.4828838996975574,0.7151753300242497,0.83071281462398
2,1000,1,0.5,951,0.9695747494697571,-0.8578090071678162,-0.03042525053024292,0.14219099283218384,0.6819548606872559,0.061774572530356175,0.43364137172769757,0.6926985743307879,0.796871673028312
2,1000,1,0.5,952,0.9718732237815857,-0.854425847530365,-0.028126776218414307,0.145574152469635,0.6844806671142578,0.06803948399788444,0.47512387937396466,0.7039583769493366,0.8234426950567446
2,1000,1,0.5,953,0.9721133708953857,-0.8555377721786499,-0.027886629104614258,0.1444622278213501,0.6857483386993408,0.0661893208628394,0.4407895143795264,0.69143984617583,0.8145675157532609
2,1000,1,0.5,954,0.9764519333839417,-0.8545418977737427,-0.02354806661605835,0.14545810222625732,0.6940063238143921,0.0649528509478627,0.4464396987486364,0.7006904861266341,0.8125477312094979
2,1000,1,0.5,955,0.974818766117096,-0.8544827103614807,-0.025181233882904053,0.1455172896385193,0.6976053714752197,0.0656854219963767,0.4540376807112001,0.6922181712602776,0.814185171988362
2,1000,1,0.5,956,0.9721770882606506,-0.8541314601898193,-0.027822911739349365,0.14586853981018066,0.6869698762893677,0.06335502995665646,0.4459260097012102,0.6937949518574444,0.8092824158868148
2,1000,1,0.5,957,0.97024005651474,-0.8536204695701599,-0.02975994348526001,0.1463795304298401,0.6929442286491394,0.06767146560933023,0.457653441678867,0.7001741320234113,0.8210209870329789
2,1000,1,0.5,958,0.9716240763664246,-0.8507335782051086,-0.02837592363357544,0.14926642179489136,0.6805605888366699,0.062280735823623964,0.42971651323431104,0.6899278870190512,0.8012774085713756
2,1000,1,0.5,959,0.9743161797523499,-0.851330041885376,-0.025683820247650146,0.14866995811462402,0.6909776926040649,0.06201994574895842,0.4308368656374859,0.6851157859960373,0.803908447463852
2,1000,1,0.5,960,0.9737339019775391,-0.8537731766700745,-0.026266098022460938,0.14622682332992554,0.6971391439437866,0.06100184772700266,0.41186608751988224,0.6883263308418109,0.794319670045818
2,1000,1,0.5,961,0.9681718945503235,-0.8550335764884949,-0.031828105449676514,0.14496642351150513,0.7085515260696411,0.0591934657579923,0.40070860346590204,0.6859661306722973,0.7886439114689718
2,1000,1,0.5,962,0.9666315317153931,-0.854640007019043,-0.033368468284606934,0.14535999298095703,0.6938380599021912,0.05956433141243579,0.41640058637227695,0.6843953643982068,0.7911978540289542
2,1000,1,0.5,963,0.963782012462616,-0.8560745716094971,-0.03621798753738403,0.14392542839050293,0.6917147636413574,0.061371780869022556,0.42330822430174875,0.6847905458494477,0.7998277674505602
2,1000,1,0.5,964,0.9638530015945435,-0.8551385402679443,-0.03614699840545654,0.14486145973205566,0.7000964283943176,0.060908642315343015,0.42207527491588537,0.6821101858653151,0.797999006966473
2,1000,1,0.5,965,0.9651793241500854,-0.8535218238830566,-0.03482067584991455,0.14647817611694336,0.6964869499206543,0.0640614842319326,0.432628312479035,0.7011669853889066,0.8086083841363847
2,1000,1,0.5,966,0.963843822479248,-0.854463517665863,-0.03615617752075195,0.14553648233413696,0.688787579536438,0.06171897428381956,0.4248735582379824,0.6905061692495177,0.8004204548745731
2,1000,1,0.5,967,0.9635879993438721,-0.8552953004837036,-0.03641200065612793,0.1447046995162964,0.6930399537086487,0.06172834054523756,0.4205674469925599,0.6885448396989551,0.7991852204401956
2,1000,1,0.5,968,0.9655166864395142,-0.8533262014389038,-0.03448331356048584,0.1466737985610962,0.7087802290916443,0.06042438203044286,0.42140269817583864,0.697765721294975,0.7985771966796421
2,1000,1,0.5,969,0.9626721143722534,-0.8526918292045593,-0.03732788562774658,0.14730817079544067,0.6867247819900513,0.059085542569920546,0.4173851061911487,0.6698812455784912,0.7914908835900402
2,1000,1,0.5,970,0.9621538519859314,-0.8513514399528503,-0.037846148014068604,0.14864856004714966,0.7053678035736084,0.0654613989593437,0.43759215561637066,0.7034735575345323,0.8095742011917533
2,1000,1,0.5,971,0.9597146511077881,-0.853017270565033,-0.040285348892211914,0.14698272943496704,0.701657772064209,0.06329910780184797,0.42352318085478236,0.6916903653134654,0.8021550260508136
2,1000,1,0.5,972,0.962091863155365,-0.8529226183891296,-0.03790813684463501,0.14707738161087036,0.7010167837142944,0.0649024219168762,0.4271987546087661,0.6899640185852742,0.8085800751669822
2,1000,1,0.5,973,0.9662824273109436,-0.8512951135635376,-0.033717572689056396,0.1487048864364624,0.6931330561637878,0.06629324663477691,0.4432148907285635,0.6965114874755217,0.8180547600035785
2,1000,1,0.5,974,0.9666764140129089,-0.851972222328186,-0.033323585987091064,0.14802777767181396,0.6891517043113708,0.06579210141987318,0.43193425209248576,0.6939334713202122,0.8095164067705032
2,1000,1,0.5,975,0.9692200422286987,-0.8485596776008606,-0.03077995777130127,0.1514403223991394,0.6942400932312012,0.06425655965003428,0.4351180954741951,0.6974170607075953,0.8081632026039527
2,1000,1,0.5,976,0.970536470413208,-0.8465043306350708,-0.029463529586791992,0.1534956693649292,0.6986719965934753,0.06065136147725332,0.4181048456361388,0.6926184429917693,0.7960161239098611
2,1000,1,0.5,977,0.9681331515312195,-0.8478715419769287,-0.03186684846878052,0.1521284580230713,0.696511447429657,0.06213625031460169,0.4292429037785866,0.688201601203924,0.7993994370502968
2,1000,1,0.5,978,0.9694242477416992,-0.8485854864120483,-0.03057575225830078,0.15141451358795166,0.69277024269104,0.067998079174652,0.44798696253538806,0.6961157835661786,0.8149442100238393
2,1000,1,0.5,979,0.9720239043235779,-0.8491567969322205,-0.02797609567642212,0.15084320306777954,0.7008384466171265,0.0621826004139233,0.4215413723770456,0.6939519053607617,0.7996654705608693
2,1000,1,0.5,980,0.9711769819259644,-0.8482622504234314,-0.028823018074035645,0.1517377495765686,0.7020787596702576,0.06281608649174736,0.4294888882690552,0.6947585630709221,0.8046139960577777
2,1000,1,0.5,981,0.9727696180343628,-0.8502783179283142,-0.027230381965637207,0.1497216820716858,0.6899133920669556,0.06485319310894447,0.4330050453450681,0.6898549420057876,0.8064515405667446
2,1000,1,0.5,982,0.9728455543518066,-0.8506656289100647,-0.02715444564819336,0.1493343710899353,0.6911516189575195,0.06206453105479168,0.42221291435722863,0.6882388847968884,0.7978946602435565
2,1000,1,0.5,983,0.9685096144676208,-0.8507612347602844,-0.03149038553237915,0.14923876523971558,0.7030545473098755,0.06299746416433367,0.4141092649038535,0.6866214220943637,0.8031518600105348
2,1000,1,0.5,984,0.9672605991363525,-0.8484503030776978,-0.03273940086364746,0.15154969692230225,0.7017562389373779,0.0636761987355854,0.42900493292030845,0.69371416218675,0.8028769466686854
2,1000,1,0.5,985,0.9645083546638489,-0.8487810492515564,-0.03549164533615112,0.1512189507484436,0.7115355730056763,0.06452341425591755,0.41606643593664283,0.692632957844321,0.8060046623647229
2,1000,1,0.5,986,0.9646044373512268,-0.8478224873542786,-0.03539556264877319,0.15217751264572144,0.7050812244415283,0.06163313084682564,0.41679174495903754,0.6960946345992609,0.7999243822822735
2,1000,1,0.5,987,0.9644255638122559,-0.850104808807373,-0.03557443618774414,0.14989519119262695,0.6959925889968872,0.0616055878638665,0.41581863787635387,0.6857105927234076,0.7997835306288222
2,1000,1,0.5,988,0.9651400446891785,-0.8498828411102295,-0.03485995531082153,0.1501171588897705,0.7098016738891602,0.06372370777617184,0.4261216498171343,0.696491316519534,0.8075622065241689
2,1000,1,0.5,989,0.9634358286857605,-0.8501882553100586,-0.0365641713142395,0.1498117446899414,0.6958531141281128,0.05934411343200925,0.41335163255364366,0.681366532388617,0.7934030558699829
2,1000,1,0.5,990,0.9672438502311707,-0.8488913178443909,-0.032756149768829346,0.15110868215560913,0.7043752670288086,0.06459053351787457,0.4268760831138749,0.6994326410104315,0.8065465431360894
2,1000,1,0.5,991,0.97078937292099,-0.8491277098655701,-0.02921062707901001,0.15087229013442993,0.6914818286895752,0.06506275772275946,0.4369004921314788,0.6963139041642796,0.8100097491090106
2,1000,1,0.5,992,0.9713711142539978,-0.8498029708862305,-0.028628885746002197,0.15019702911376953,0.6852222681045532,0.06571123526523205,0.4484410710716812,0.6809502126710885,0.8085102156035161
2,1000,1,0.5,993,0.9704189300537109,-0.8510010242462158,-0.029581069946289062,0.14899897575378418,0.707424521446228,0.06542597342999505,0.42945824032723534,0.7030811347546342,0.8058326938132662
2,1000,1,0.5,994,0.9672102332115173,-0.8507596850395203,-0.032789766788482666,0.14924031496047974,0.6825957298278809,0.06404513238426345,0.43726465922959734,0.6853162265841527,0.808267205590876
2,1000,1,0.5,995,0.9705436825752258,-0.8475934863090515,-0.02945631742477417,0.1524065136909485,0.6847366690635681,0.06568418416881644,0.4552580414060372,0.7055550800604601,0.8160320585253026
2,1000,1,0.5,996,0.9701585173606873,-0.8480439186096191,-0.029841482639312744,0.15195608139038086,0.6930967569351196,0.06672786012810168,0.43696347042835965,0.700347812693779,0.8111771562473836
2,1000,1,0.5,997,0.9690050482749939,-0.8499719500541687,-0.030994951725006104,0.1500280499458313,0.7009496688842773,0.05843953076674794,0.41736220757294257,0.6841228546630822,0.7886115484627344
2,1000,1,0.5,998,0.9703576564788818,-0.8484751582145691,-0.029642343521118164,0.1515248417854309,0.6874421834945679,0.06355399901705103,0.43361941232640966,0.6943979670653943,0.8034225516838237
2,1000,1,0.5,999,0.9667823910713196,-0.8492369055747986,-0.03321760892868042,0.15076309442520142,0.6864213943481445,0.063851075331306,0.4380637077759157,0.6851505709022558,0.8064807112898783
2,1000,1,0.5,1000,0.9642332196235657,-0.8501042127609253,-0.035766780376434326,0.1498957872390747,0.7001447081565857,0.06327803005512445,0.42612824601598476,0.6945083556997421,0.805343882828504
