case,n,rep,tau,epoch,theta1,theta2,error_theta1,error_theta2,selection_val_loss,relative_mse,train_check_loss,validation_check_loss,test_check_loss
3,1000,6,0.5,0,-0.31239429116249084,0.32465940713882446,-1.3123942911624908,1.3246594071388245,,0.9700788337301383,0.9495817370801112,1.0235384504554226,0.9899060287177714
3,1000,6,0.5,1,-0.2775174379348755,0.3589978516101837,-1.2775174379348755,1.3589978516101837,0.9370537996292114,0.7660839718346285,0.8720203941356811,0.9397867246206348,0.9135920171437442
3,1000,6,0.5,2,-0.24420128762722015,0.3894292414188385,-1.2442012876272202,1.3894292414188385,0.8226162195205688,0.41298029096173305,0.7755408323965,0.8076607020260194,0.8101967383735302
3,1000,6,0.5,3,-0.21864652633666992,0.40202611684799194,-1.21864652633667,1.402026116847992,0.7770347595214844,0.2206150006801931,0.761446745797027,0.7525723344109516,0.7798185522265016
3,1000,6,0.5,4,-0.20516228675842285,0.3907065987586975,-1.2051622867584229,1.3907065987586975,0.762645423412323,0.29470236367715713,0.7308544650160332,0.7457895742090842,0.7544581764942975
3,1000,6,0.5,5,-0.19206710159778595,0.3761492669582367,-1.192067101597786,1.3761492669582367,0.7406409978866577,0.276213015830758,0.7118825863440713,0.7247842501469711,0.7358490916520978
3,1000,6,0.5,6,-0.17656102776527405,0.3590395748615265,-1.176561027765274,1.3590395748615265,0.7047938108444214,0.21103758853615395,0.6891472276166151,0.6867851924023253,0.7108408090230259
3,1000,6,0.5,7,-0.16126547753810883,0.33757680654525757,-1.1612654775381088,1.3375768065452576,0.6819067001342773,0.19204949608726138,0.6682227420755166,0.6634444401304045,0.6894071276211077
3,1000,6,0.5,8,-0.14643977582454681,0.313622385263443,-1.1464397758245468,1.313622385263443,0.6645098924636841,0.17264344102262524,0.6529960574674872,0.646097139495711,0.6711657021418526
3,1000,6,0.5,9,-0.1291971504688263,0.2895870804786682,-1.1291971504688263,1.2895870804786682,0.652450680732727,0.14611509888746627,0.6423174565298864,0.6326221645269425,0.6628797928944827
3,1000,6,0.5,10,-0.10986621677875519,0.2688373923301697,-1.1098662167787552,1.2688373923301697,0.6550122499465942,0.15289122315489753,0.6340031603816392,0.6361978578738677,0.6602011837018145
3,1000,6,0.5,11,-0.08712562173604965,0.24873535335063934,-1.0871256217360497,1.2487353533506393,0.6472235918045044,0.13110184278601597,0.6282519944825448,0.6293533678257114,0.6578151521484674
3,1000,6,0.5,12,-0.0642448291182518,0.22851236164569855,-1.0642448291182518,1.2285123616456985,0.6512249112129211,0.1537489059582772,0.6228754706882657,0.634643641935766,0.6554878779117006
3,1000,6,0.5,13,-0.040490686893463135,0.20833581686019897,-1.0404906868934631,1.208335816860199,0.6478573083877563,0.15232384239408714,0.6167562436514171,0.6323974972710924,0.6489003966180829
3,1000,6,0.5,14,-0.015654364600777626,0.1912529319524765,-1.0156543646007776,1.1912529319524765,0.6382039785385132,0.12361391802895651,0.612173206175471,0.6216982855744412,0.6476664861964468
3,1000,6,0.5,15,0.007125845644623041,0.17178204655647278,-0.992874154355377,1.1717820465564728,0.6442133188247681,0.15077037647986383,0.6083083635370362,0.6285846781756128,0.64399377374807
3,1000,6,0.5,16,0.02968849241733551,0.1522897183895111,-0.9703115075826645,1.152289718389511,0.6380788087844849,0.12078513246291891,0.6045198374501191,0.6205810452296391,0.6426647369285688
3,1000,6,0.5,17,0.04961578547954559,0.13040120899677277,-0.9503842145204544,1.1304012089967728,0.6405162811279297,0.12732007854046618,0.6003579392587944,0.6234780948924789,0.6414678100092651
3,1000,6,0.5,18,0.06870707124471664,0.10741732269525528,-0.9312929287552834,1.1074173226952553,0.6489057540893555,0.1503248708307431,0.5973171059487353,0.6330657718270474,0.6402463743700992
3,1000,6,0.5,19,0.09090065211057663,0.08815409988164902,-0.9090993478894234,1.088154099881649,0.6394840478897095,0.11460535826429842,0.5938647800392588,0.6215062847441589,0.6403509503399873
3,1000,6,0.5,20,0.11264794319868088,0.07072623074054718,-0.8873520568013191,1.0707262307405472,0.6364216208457947,0.11181465742793785,0.5907797171302037,0.6175379517132078,0.6402461159771068
3,1000,6,0.5,21,0.13252095878124237,0.04843054339289665,-0.8674790412187576,1.0484305433928967,0.6439921855926514,0.14709430115100464,0.5883759768122312,0.6272556791164218,0.6361988838996842
3,1000,6,0.5,22,0.15618041157722473,0.032897427678108215,-0.8438195884227753,1.0328974276781082,0.6275148391723633,0.10164520319814135,0.5840380501999861,0.6096735069902275,0.6381822539925843
3,1000,6,0.5,23,0.1757105141878128,0.013254054822027683,-0.8242894858121872,1.0132540548220277,0.6370655298233032,0.13508892328086283,0.5819083981887139,0.6190825091420566,0.6334660507269549
3,1000,6,0.5,24,0.19817571341991425,-0.0019220947287976742,-0.8018242865800858,0.9980779052712023,0.6222741603851318,0.09412233765176313,0.5806290018934219,0.6050238341477631,0.6328320604656276
3,1000,6,0.5,25,0.21397550404071808,-0.021732745692133904,-0.7860244959592819,0.9782672543078661,0.6301053762435913,0.1285460063871514,0.5758181474353471,0.6128718136075659,0.6298780329140911
3,1000,6,0.5,26,0.23502539098262787,-0.03714925795793533,-0.7649746090173721,0.9628507420420647,0.6205255389213562,0.09728974573674885,0.5741513205386953,0.6019466238532353,0.6354692674118932
3,1000,6,0.5,27,0.25326013565063477,-0.056027863174676895,-0.7467398643493652,0.9439721368253231,0.626988410949707,0.11770675301350496,0.569537848252319,0.6097446880900386,0.6271487919326468
3,1000,6,0.5,28,0.27116507291793823,-0.07301214337348938,-0.7288349270820618,0.9269878566265106,0.6144294142723083,0.0888094401367639,0.5684533079281846,0.597238843661553,0.6310265386534499
3,1000,6,0.5,29,0.2890572249889374,-0.09125438332557678,-0.7109427750110626,0.9087456166744232,0.6191215515136719,0.11009410806418655,0.5640664789866535,0.6018917810555234,0.6266142730162864
3,1000,6,0.5,30,0.30786171555519104,-0.10697520524263382,-0.692138284444809,0.8930247947573662,0.6121217012405396,0.09031342867855927,0.5616373970231534,0.5957608147977925,0.6225597174679347
3,1000,6,0.5,31,0.32530689239501953,-0.1226097047328949,-0.6746931076049805,0.8773902952671051,0.6162646412849426,0.10290987175697457,0.5593805860524438,0.5991915981399021,0.6213240005589207
3,1000,6,0.5,32,0.3423883020877838,-0.13989169895648956,-0.6576116979122162,0.8601083010435104,0.620052695274353,0.10601338009174391,0.556477924368223,0.6032900676201514,0.6216351376340474
3,1000,6,0.5,33,0.35737574100494385,-0.1563688963651657,-0.6426242589950562,0.8436311036348343,0.6135386228561401,0.08814136920468588,0.5554035703482063,0.5973154860985393,0.623108185793089
3,1000,6,0.5,34,0.37064749002456665,-0.17181076109409332,-0.6293525099754333,0.8281892389059067,0.6143550872802734,0.10162378016841567,0.5532004002514935,0.598178474390731,0.6242173816771365
3,1000,6,0.5,35,0.3879247009754181,-0.1851402223110199,-0.6120752990245819,0.8148597776889801,0.6137158870697021,0.09545696977846316,0.5513099074003384,0.5979331937367891,0.622807669422541
3,1000,6,0.5,36,0.40793517231941223,-0.19512516260147095,-0.5920648276805878,0.804874837398529,0.6077683568000793,0.08059286961432803,0.5503085113859871,0.5921822910058429,0.6190401399396263
3,1000,6,0.5,37,0.4211259186267853,-0.20873111486434937,-0.5788740813732147,0.7912688851356506,0.614288330078125,0.10922980241001205,0.5551848470403977,0.5997503236631839,0.6137724241815918
3,1000,6,0.5,38,0.43424445390701294,-0.2195330262184143,-0.5657555460929871,0.7804669737815857,0.6015579700469971,0.08077537181351326,0.5471664842528303,0.5868174668978934,0.6195753532801217
3,1000,6,0.5,39,0.44713112711906433,-0.2361130714416504,-0.5528688728809357,0.7638869285583496,0.6153677701950073,0.11544859396835856,0.5469545820895033,0.6000976881434346,0.6192634870269201
3,1000,6,0.5,40,0.4594923257827759,-0.2495739758014679,-0.5405076742172241,0.7504260241985321,0.6091737151145935,0.08299124575496888,0.5438968942923843,0.5939260589709198,0.620388397466367
3,1000,6,0.5,41,0.4724014401435852,-0.26432833075523376,-0.5275985598564148,0.7356716692447662,0.6067925095558167,0.08435806673400534,0.5396902273742437,0.5896657509759524,0.617617015475627
3,1000,6,0.5,42,0.4836578965187073,-0.2809946537017822,-0.5163421034812927,0.7190053462982178,0.6073256134986877,0.09086203956991366,0.5380912014427388,0.591668465718611,0.6154785267198106
3,1000,6,0.5,43,0.4985620975494385,-0.29494181275367737,-0.5014379024505615,0.7050581872463226,0.6090924143791199,0.08223509953173605,0.5375183191999023,0.5934418383595932,0.6179010090493667
3,1000,6,0.5,44,0.5097627639770508,-0.3095487356185913,-0.4902372360229492,0.6904512643814087,0.6137585043907166,0.09793770561395071,0.5352175470156846,0.5967814419949952,0.6147606697405781
3,1000,6,0.5,45,0.5219934582710266,-0.31865811347961426,-0.4780065417289734,0.6813418865203857,0.608366847038269,0.06432836826461143,0.5416999536479213,0.5918122756202651,0.6230054283241939
3,1000,6,0.5,46,0.5248721241950989,-0.3349091410636902,-0.4751278758049011,0.6650908589363098,0.6095321774482727,0.1009806901412343,0.5335414197623897,0.5942208502381985,0.6129930793913774
3,1000,6,0.5,47,0.5318174362182617,-0.3445358872413635,-0.4681825637817383,0.6554641127586365,0.6025878190994263,0.0690161551679877,0.5346758013519088,0.5880335644021946,0.6170069759711426
3,1000,6,0.5,48,0.5380272269248962,-0.35857152938842773,-0.46197277307510376,0.6414284706115723,0.6095129251480103,0.08237850679911096,0.5308403571558159,0.5942695713795755,0.6091853143366115
3,1000,6,0.5,49,0.5434666872024536,-0.3707103133201599,-0.4565333127975464,0.6292896866798401,0.60844886302948,0.08985917661342153,0.5271842970781913,0.5923447276710176,0.6175168668938336
3,1000,6,0.5,50,0.5558991432189941,-0.37742313742637634,-0.44410085678100586,0.6225768625736237,0.6007141470909119,0.08210267908971515,0.5275547167213389,0.5847157485892382,0.6192673961755338
3,1000,6,0.5,51,0.5712765455245972,-0.38564708828926086,-0.42872345447540283,0.6143529117107391,0.5976588726043701,0.07197434352356855,0.5254681351765498,0.5824541689733724,0.6085109880102609
3,1000,6,0.5,52,0.5817303657531738,-0.3992725610733032,-0.41826963424682617,0.6007274389266968,0.6000922918319702,0.0801268307445385,0.5219431995240079,0.5835283599329786,0.6110439837473332
3,1000,6,0.5,53,0.5869728326797485,-0.4138564169406891,-0.41302716732025146,0.5861435830593109,0.6018097400665283,0.07627569308663443,0.5194117260169324,0.5865415504764349,0.60814759322007
3,1000,6,0.5,54,0.5974493026733398,-0.42533788084983826,-0.40255069732666016,0.5746621191501617,0.5993797779083252,0.06438330113038371,0.5190009217027965,0.5839339209906095,0.6099130182033602
3,1000,6,0.5,55,0.603760838508606,-0.43993815779685974,-0.39623916149139404,0.5600618422031403,0.6076526641845703,0.08734221661182263,0.5196260583921654,0.591384830996564,0.608812602840406
3,1000,6,0.5,56,0.6135868430137634,-0.45032671093940735,-0.3864131569862366,0.5496732890605927,0.5978174805641174,0.06463650329723446,0.5185222653632718,0.5840627948743885,0.6091110608370247
3,1000,6,0.5,57,0.6189147233963013,-0.4624081552028656,-0.38108527660369873,0.5375918447971344,0.6003003120422363,0.07338461992234355,0.5129366643483866,0.5857409675788104,0.6030894004359333
3,1000,6,0.5,58,0.6284675002098083,-0.4693458080291748,-0.37153249979019165,0.5306541919708252,0.5929806232452393,0.061378133258833824,0.5148992702081692,0.5776137628558868,0.614154094425879
3,1000,6,0.5,59,0.6330442428588867,-0.480807363986969,-0.3669557571411133,0.519192636013031,0.5966386795043945,0.06002695959608953,0.5131899466887555,0.5816512182720058,0.6121594200109801
3,1000,6,0.5,60,0.6342529654502869,-0.49344947934150696,-0.36574703454971313,0.506550520658493,0.6259534358978271,0.1165838444247635,0.5324043099329145,0.6106126053403189,0.6140166398502458
3,1000,6,0.5,61,0.6458929777145386,-0.49084535241127014,-0.3541070222854614,0.5091546475887299,0.5917355418205261,0.05295764184057131,0.5257734810009965,0.5764570677139119,0.6184470163151704
3,1000,6,0.5,62,0.6474708914756775,-0.5044783353805542,-0.3525291085243225,0.4955216646194458,0.6105042695999146,0.09843402546848855,0.5213115209592988,0.5942672394130732,0.6061909251861052
3,1000,6,0.5,63,0.6585595607757568,-0.5043489933013916,-0.34144043922424316,0.4956510066986084,0.5875849723815918,0.06245694464513952,0.5066141704873554,0.5725635280574156,0.6105585566917783
3,1000,6,0.5,64,0.6621887683868408,-0.5114004611968994,-0.3378112316131592,0.4885995388031006,0.6063908934593201,0.08695804042615171,0.5075045225728545,0.5900159802993055,0.6052426946602221
3,1000,6,0.5,65,0.6698766946792603,-0.51362544298172,-0.33012330532073975,0.48637455701828003,0.5912643671035767,0.057215692954226995,0.5139715251057895,0.5760864783572293,0.6163611659871778
3,1000,6,0.5,66,0.6704675555229187,-0.5267415642738342,-0.3295324444770813,0.47325843572616577,0.5963388085365295,0.08346949647439475,0.5049340886034908,0.580928618642701,0.6055452965916029
3,1000,6,0.5,67,0.6773471832275391,-0.5313103795051575,-0.32265281677246094,0.46868962049484253,0.587748646736145,0.06574508305072926,0.4968589118860045,0.5728592239435334,0.6036521487522479
3,1000,6,0.5,68,0.6848598718643188,-0.5377811193466187,-0.31514012813568115,0.46221888065338135,0.5924546718597412,0.06750149764868527,0.4950416037898492,0.5771118385380024,0.607554272737392
3,1000,6,0.5,69,0.6916563510894775,-0.5430904626846313,-0.30834364891052246,0.45690953731536865,0.5867087244987488,0.06212620680140512,0.49587110699274384,0.571647270099458,0.6097015795509116
3,1000,6,0.5,70,0.6931748986244202,-0.5529749393463135,-0.30682510137557983,0.4470250606536865,0.5991497039794922,0.08036420040869449,0.493718435776773,0.5844531050884425,0.6067923063529824
3,1000,6,0.5,71,0.6986696124076843,-0.5556248426437378,-0.3013303875923157,0.4443751573562622,0.5889315009117126,0.06692611633732574,0.49277706202492993,0.5728469524456165,0.6032094656730452
3,1000,6,0.5,72,0.7024717926979065,-0.5607373714447021,-0.2975282073020935,0.43926262855529785,0.5911159515380859,0.06151112905231363,0.4927819443056684,0.5765845644978103,0.6107411178553621
3,1000,6,0.5,73,0.7023664116859436,-0.571841835975647,-0.2976335883140564,0.428158164024353,0.614775538444519,0.09999153768595041,0.5024340678933078,0.6004062327459507,0.612329789137769
3,1000,6,0.5,74,0.7108265161514282,-0.5729387402534485,-0.2891734838485718,0.4270612597465515,0.5921964645385742,0.06403430565949618,0.49528008958782566,0.5781299175855388,0.6147744665433256
3,1000,6,0.5,75,0.7118468880653381,-0.58114093542099,-0.28815311193466187,0.41885906457901,0.6015467643737793,0.08048109498412297,0.48625445288084274,0.5866436762135236,0.6134703823567279
3,1000,6,0.5,76,0.7130005955696106,-0.587072491645813,-0.2869994044303894,0.412927508354187,0.6001846194267273,0.08178388192705303,0.4867223805283235,0.5853707107813484,0.6081434556177258
3,1000,6,0.5,77,0.7178855538368225,-0.5864439010620117,-0.2821144461631775,0.4135560989379883,0.5958840847015381,0.06289819615461267,0.49954790471359933,0.5803385888383863,0.6214704929167874
3,1000,6,0.5,78,0.7143364548683167,-0.5953759551048279,-0.28566354513168335,0.4046240448951721,0.6124399900436401,0.09971302133370522,0.502490991138748,0.5972597627315839,0.6138325819377157
3,1000,6,0.5,79,0.7226104140281677,-0.5943927764892578,-0.2773895859718323,0.4056072235107422,0.5970419049263,0.06004688066593781,0.4902780369804717,0.5833753118854342,0.6149183091864944
3,1000,6,0.5,80,0.7229211926460266,-0.6016725301742554,-0.2770788073539734,0.39832746982574463,0.6031646132469177,0.08532432070268714,0.4854713506070935,0.5870845261959959,0.6117687306382055
3,1000,6,0.5,81,0.7279133200645447,-0.6022897362709045,-0.2720866799354553,0.39771026372909546,0.5974848866462708,0.07269177666574857,0.4765714080517769,0.5824480380904169,0.6135136095199821
3,1000,6,0.5,82,0.7307955622673035,-0.6029567122459412,-0.26920443773269653,0.39704328775405884,0.5905840396881104,0.06631798851448477,0.478211855094828,0.5764580251931798,0.6157466755115933
3,1000,6,0.5,83,0.7267946600914001,-0.6102170348167419,-0.27320533990859985,0.38978296518325806,0.6009215116500854,0.08421939522415371,0.4752455329104126,0.5863729250574439,0.6168690726750194
3,1000,6,0.5,84,0.7290592789649963,-0.6134926676750183,-0.27094072103500366,0.3865073323249817,0.5861223936080933,0.06576399327052052,0.4710152205347881,0.5708099962699607,0.608784018343772
3,1000,6,0.5,85,0.7316500544548035,-0.6182260513305664,-0.26834994554519653,0.3817739486694336,0.5890689492225647,0.07498771911011062,0.4712303150564398,0.5755321228615707,0.6089618624926445
3,1000,6,0.5,86,0.7348820567131042,-0.6201373338699341,-0.26511794328689575,0.3798626661300659,0.5880557298660278,0.0702702012286277,0.4708826615502397,0.5748765133463588,0.6155201194789605
3,1000,6,0.5,87,0.7336713075637817,-0.6259504556655884,-0.26632869243621826,0.3740495443344116,0.5928698778152466,0.06883363088719602,0.4705370541778525,0.5767518090925549,0.6107561705877006
3,1000,6,0.5,88,0.732731819152832,-0.6333593726158142,-0.26726818084716797,0.3666406273841858,0.6101200580596924,0.0922921070320537,0.48237212718884154,0.596231386286171,0.6140151504857576
3,1000,6,0.5,89,0.7354037165641785,-0.6315979361534119,-0.26459628343582153,0.36840206384658813,0.5916198492050171,0.06770767004097777,0.47347441128812595,0.5758963867342676,0.6237032925729779
3,1000,6,0.5,90,0.7328760623931885,-0.6395217180252075,-0.2671239376068115,0.3604782819747925,0.6052402853965759,0.09130889823689295,0.4771374749384761,0.5907639802719642,0.6201364897246322
3,1000,6,0.5,91,0.7390636205673218,-0.6432024240493774,-0.2609363794326782,0.35679757595062256,0.5827339887619019,0.06491613979814541,0.46547687326340365,0.5666979881110871,0.6126089477312361
3,1000,6,0.5,92,0.7387046217918396,-0.6489619612693787,-0.2612953782081604,0.35103803873062134,0.5875668525695801,0.06856962035192699,0.4631691349783475,0.5725171735334683,0.6187319416400604
3,1000,6,0.5,93,0.7373647093772888,-0.6542922854423523,-0.2626352906227112,0.3457077145576477,0.5996192693710327,0.08574972457858823,0.4659495134783548,0.5850219418001393,0.6209386606655327
3,1000,6,0.5,94,0.7420130968093872,-0.6554778814315796,-0.2579869031906128,0.3445221185684204,0.5869970321655273,0.064473085684128,0.46697392648905106,0.570317217682719,0.6208788191317508
3,1000,6,0.5,95,0.7443668246269226,-0.6613792777061462,-0.2556331753730774,0.33862072229385376,0.5928612947463989,0.07035229779258105,0.45860908206282025,0.5776584489092511,0.6133281342683223
3,1000,6,0.5,96,0.7467748522758484,-0.6651384830474854,-0.2532251477241516,0.33486151695251465,0.5977447032928467,0.08048431539793986,0.45594072046503825,0.5832541160173856,0.6210973911897693
3,1000,6,0.5,97,0.7522149682044983,-0.6682494878768921,-0.2477850317955017,0.3317505121231079,0.5903760194778442,0.07330674675777706,0.4549401139377545,0.5752952178976949,0.6243772064493712
3,1000,6,0.5,98,0.7545740008354187,-0.6735537648200989,-0.2454259991645813,0.3264462351799011,0.606766939163208,0.08807693553509859,0.46227870690555667,0.5900144086030918,0.6209749412010495
3,1000,6,0.5,99,0.760340690612793,-0.6745493412017822,-0.23965930938720703,0.3254506587982178,0.589556872844696,0.06852527271396333,0.45432791332086436,0.5744845510263561,0.6187052958842426
3,1000,6,0.5,100,0.7597150802612305,-0.6791305541992188,-0.24028491973876953,0.32086944580078125,0.5906264781951904,0.07670756577167628,0.44985384953290647,0.5742565946575562,0.6211215631474123
3,1000,6,0.5,101,0.7579213976860046,-0.6824381947517395,-0.24207860231399536,0.3175618052482605,0.5990821719169617,0.08205517803774497,0.44864921457702467,0.5826081105683952,0.6251139417256021
3,1000,6,0.5,102,0.7615699768066406,-0.683085560798645,-0.23843002319335938,0.316914439201355,0.5967440605163574,0.07834782055089815,0.44966658903411216,0.5781017166597568,0.6256452085071946
3,1000,6,0.5,103,0.7653130292892456,-0.6861317753791809,-0.2346869707107544,0.3138682246208191,0.5985332727432251,0.08751964777306945,0.44771170657626075,0.5844126121004735,0.6292012021054141
3,1000,6,0.5,104,0.7703346610069275,-0.6874635815620422,-0.2296653389930725,0.31253641843795776,0.5959573984146118,0.08133348281349057,0.44752885096393613,0.5797113030073676,0.6336376754692891
3,1000,6,0.5,105,0.7688718438148499,-0.6944242119789124,-0.23112815618515015,0.30557578802108765,0.6044173836708069,0.08506823257179673,0.44819448879273227,0.589527834005711,0.6233928823954116
3,1000,6,0.5,106,0.7705661058425903,-0.6992364525794983,-0.22943389415740967,0.3007635474205017,0.6164216995239258,0.10323147794421747,0.4602014104262754,0.6006808018123329,0.6328411807928799
3,1000,6,0.5,107,0.775414228439331,-0.6984850168228149,-0.22458577156066895,0.30151498317718506,0.5917854309082031,0.0704397728337112,0.4507020935808365,0.5742713495734012,0.6275931541502499
3,1000,6,0.5,108,0.7725551128387451,-0.7041469216346741,-0.22744488716125488,0.2958530783653259,0.6055705547332764,0.09201310893841907,0.4471433885301974,0.5890943771932491,0.6282671099541499
3,1000,6,0.5,109,0.7723716497421265,-0.7054905295372009,-0.22762835025787354,0.2945094704627991,0.5986689329147339,0.08241220318136667,0.44199434186509734,0.5825165827233427,0.6272786513020084
3,1000,6,0.5,110,0.7733433246612549,-0.7053719162940979,-0.22665667533874512,0.2946280837059021,0.5965894460678101,0.08825674623035815,0.44096731326422983,0.5784382544315626,0.6339520606871566
3,1000,6,0.5,111,0.7726873755455017,-0.7094395160675049,-0.2273126244544983,0.2905604839324951,0.6121196746826172,0.09288204692264806,0.4439433993746832,0.5950504191896338,0.6327664047724215
3,1000,6,0.5,112,0.7736219763755798,-0.7110849022865295,-0.22637802362442017,0.28891509771347046,0.6018502712249756,0.08742531431870221,0.43875923731686334,0.5852466415348885,0.6411269589930185
3,1000,6,0.5,113,0.7743223309516907,-0.716270387172699,-0.22567766904830933,0.283729612827301,0.5970374345779419,0.08347072851480597,0.4371864422590791,0.5821726648534927,0.6237699633908662
3,1000,6,0.5,114,0.7773186564445496,-0.7179151773452759,-0.22268134355545044,0.2820848226547241,0.597191572189331,0.07922571243001961,0.4403721547724392,0.5793532715267119,0.6305370261995986
3,1000,6,0.5,115,0.7783982157707214,-0.7205162048339844,-0.22160178422927856,0.2794837951660156,0.6065912246704102,0.0889586144956141,0.44088799598408285,0.5922123870464303,0.6388609208292525
3,1000,6,0.5,116,0.7797036170959473,-0.7270395159721375,-0.22029638290405273,0.27296048402786255,0.6184068918228149,0.10531810043262047,0.4498437380622532,0.6001156733894325,0.6392642511092711
3,1000,6,0.5,117,0.7870591282844543,-0.72678142786026,-0.21294087171554565,0.27321857213974,0.6148619651794434,0.08126891420583039,0.43870715737006427,0.5982760784295202,0.6308097905735534
3,1000,6,0.5,118,0.7874948382377625,-0.7316123247146606,-0.21250516176223755,0.26838767528533936,0.6094239950180054,0.09688646720055893,0.43714798788367637,0.5938468978204804,0.6414903849222273
3,1000,6,0.5,119,0.7915807962417603,-0.7329438328742981,-0.20841920375823975,0.2670561671257019,0.6073270440101624,0.08346079313397972,0.4369226115508697,0.5913404605582815,0.6277298668900159
3,1000,6,0.5,120,0.7947251796722412,-0.7320591807365417,-0.2052748203277588,0.26794081926345825,0.6094390153884888,0.08951195468120547,0.4359492843694766,0.591268527393813,0.6443531054279956
3,1000,6,0.5,121,0.7943015098571777,-0.7362632751464844,-0.20569849014282227,0.2637367248535156,0.6098390817642212,0.09219467461488116,0.4265907855891116,0.5919735366249913,0.6363876134787902
3,1000,6,0.5,122,0.7957322001457214,-0.7409968972206116,-0.20426779985427856,0.2590031027793884,0.6160858869552612,0.09972718101728006,0.43887399648945874,0.5996411877160919,0.6359321792649809
3,1000,6,0.5,123,0.7977794408798218,-0.7394832968711853,-0.20222055912017822,0.2605167031288147,0.6054062843322754,0.09062439914691679,0.4402657422560406,0.5883244257219061,0.6460327390276605
3,1000,6,0.5,124,0.7952632904052734,-0.7427291870117188,-0.20473670959472656,0.25727081298828125,0.6193557977676392,0.10256773726346625,0.4303323686940796,0.5985642185760351,0.6480121999552794
3,1000,6,0.5,125,0.7955914735794067,-0.7426720857620239,-0.20440852642059326,0.2573279142379761,0.6199007034301758,0.08891262189483949,0.4228151324808107,0.6031077281079985,0.6393653504865475
3,1000,6,0.5,126,0.7910596132278442,-0.7466853857040405,-0.20894038677215576,0.2533146142959595,0.6294130682945251,0.11088217707721933,0.43656995617463623,0.6107778474641765,0.649068179468151
3,1000,6,0.5,127,0.7929388284683228,-0.7473590970039368,-0.20706117153167725,0.25264090299606323,0.608866810798645,0.09006275447258019,0.42083467830450544,0.5916175886077276,0.6329656348294617
3,1000,6,0.5,128,0.7951964139938354,-0.7510404586791992,-0.20480358600616455,0.24895954132080078,0.6102504730224609,0.09496488613845265,0.42033540527619523,0.5938578883596762,0.6428132221855215
3,1000,6,0.5,129,0.7980127930641174,-0.7537066340446472,-0.20198720693588257,0.24629336595535278,0.6137475967407227,0.0972052793862148,0.41856080347396857,0.5948986686137561,0.6495312570496935
3,1000,6,0.5,130,0.7988538146018982,-0.7594996690750122,-0.2011461853981018,0.2405003309249878,0.6190837621688843,0.10660175125217457,0.42045959310903486,0.6005756789026045,0.6517061636555347
3,1000,6,0.5,131,0.797886312007904,-0.7635738849639893,-0.20211368799209595,0.23642611503601074,0.6149805188179016,0.10647886393416676,0.41827850287380813,0.5997189282936429,0.6480724225800029
3,1000,6,0.5,132,0.8017114996910095,-0.7621852159500122,-0.19828850030899048,0.2378147840499878,0.6138352155685425,0.09300357771453302,0.4270909884078145,0.5961445259679564,0.6499238413311732
3,1000,6,0.5,133,0.7984936833381653,-0.7656075954437256,-0.20150631666183472,0.23439240455627441,0.6168801784515381,0.10011470287272417,0.4114538192847234,0.6008838968857659,0.6484458774268685
3,1000,6,0.5,134,0.7951006889343262,-0.766920268535614,-0.20489931106567383,0.233079731464386,0.622150719165802,0.1068288840936092,0.4246445899630811,0.6070556325200538,0.6478444025084534
3,1000,6,0.5,135,0.7960835099220276,-0.7649486064910889,-0.2039164900779724,0.23505139350891113,0.602491557598114,0.09058466197765408,0.41964783269297257,0.5862760571278196,0.6389341439468758
3,1000,6,0.5,136,0.7970341444015503,-0.7646695375442505,-0.2029658555984497,0.2353304624557495,0.6202232837677002,0.10329397321839424,0.4242012162942258,0.6051644614645666,0.6571496631689143
3,1000,6,0.5,137,0.7933045625686646,-0.7715870141983032,-0.20669543743133545,0.22841298580169678,0.6235393285751343,0.111216075591913,0.4190949397233654,0.607823313449444,0.6497782827759635
3,1000,6,0.5,138,0.7988294363021851,-0.7719508409500122,-0.20117056369781494,0.2280491590499878,0.6275564432144165,0.09786355049097711,0.4129966468732982,0.6088712814125918,0.6510421210592824
3,1000,6,0.5,139,0.8009242415428162,-0.7747070789337158,-0.19907575845718384,0.22529292106628418,0.6179132461547852,0.10529367214910196,0.41531175678684135,0.6020584467194605,0.6557815503986539
3,1000,6,0.5,140,0.7987107634544373,-0.7768304347991943,-0.20128923654556274,0.22316956520080566,0.6159707307815552,0.09609903011787281,0.40923442592476067,0.6007228857325813,0.6477357226742992
3,1000,6,0.5,141,0.7974846363067627,-0.779190719127655,-0.2025153636932373,0.22080928087234497,0.6280453205108643,0.11157619707994135,0.41613187394297896,0.6119868062922157,0.6543111291936292
3,1000,6,0.5,142,0.8004357218742371,-0.778980553150177,-0.19956427812576294,0.221019446849823,0.6146060824394226,0.09865625355455153,0.40730466179999913,0.6000805410066161,0.6470172045150556
3,1000,6,0.5,143,0.8037610054016113,-0.7780988812446594,-0.19623899459838867,0.22190111875534058,0.6211115717887878,0.1134330747359895,0.4148005667126038,0.605934925018483,0.665155331915288
3,1000,6,0.5,144,0.8012005090713501,-0.7793422341346741,-0.1987994909286499,0.22065776586532593,0.6204156875610352,0.10620430959577472,0.4036081042003357,0.6040398205958641,0.6534311318602622
3,1000,6,0.5,145,0.8001503348350525,-0.7800532579421997,-0.1998496651649475,0.2199467420578003,0.6283910274505615,0.1182117289025504,0.4150744623397932,0.6104862556340119,0.6585777779194018
3,1000,6,0.5,146,0.8005695939064026,-0.7791943550109863,-0.1994304060935974,0.22080564498901367,0.619743287563324,0.09984295488331689,0.40390653164982465,0.6034627909464187,0.6476477209046844
3,1000,6,0.5,147,0.8021749258041382,-0.7825344204902649,-0.19782507419586182,0.2174655795097351,0.6187317371368408,0.10609074143455567,0.40199282165580336,0.6004560042255469,0.6545392627551696
3,1000,6,0.5,148,0.801832377910614,-0.7834709286689758,-0.198167622089386,0.21652907133102417,0.6210201978683472,0.1060643661588236,0.40190960750536786,0.6037148502787141,0.6561113295726473
3,1000,6,0.5,149,0.8011506795883179,-0.7873469591140747,-0.19884932041168213,0.2126530408859253,0.625564455986023,0.1074939403612789,0.3986533060056267,0.6086087739022361,0.656251518519159
3,1000,6,0.5,150,0.8015469312667847,-0.7904127836227417,-0.19845306873321533,0.2095872163772583,0.6200680732727051,0.10922393618730943,0.40025271124530293,0.6024962190893891,0.655131585556586
3,1000,6,0.5,151,0.8034531474113464,-0.7902082204818726,-0.19654685258865356,0.20979177951812744,0.6202242374420166,0.11116910822831225,0.4043100806389194,0.6026072538929108,0.6563120963144317
3,1000,6,0.5,152,0.8040862083435059,-0.7867540121078491,-0.19591379165649414,0.21324598789215088,0.6321166157722473,0.11194005929568546,0.41026426393667137,0.6122961984662944,0.6677188564046048
3,1000,6,0.5,153,0.8002031445503235,-0.7884267568588257,-0.1997968554496765,0.21157324314117432,0.6244125366210938,0.11829399670655621,0.40193736303976474,0.6047285620436089,0.664303802892304
3,1000,6,0.5,154,0.7975640892982483,-0.7921512722969055,-0.2024359107017517,0.20784872770309448,0.6336418390274048,0.1129619792235299,0.4052689883756412,0.612149194158761,0.655829044965624
3,1000,6,0.5,155,0.7956201434135437,-0.7916650176048279,-0.2043798565864563,0.20833498239517212,0.6286099553108215,0.11033969062071673,0.4004812708846466,0.6089336592715614,0.6599646987823119
3,1000,6,0.5,156,0.7937485575675964,-0.7956582903862,-0.20625144243240356,0.20434170961380005,0.6337072849273682,0.11509693454085712,0.39926338026237873,0.6122275058517481,0.6635480407247482
3,1000,6,0.5,157,0.7892845273017883,-0.7998673319816589,-0.21071547269821167,0.20013266801834106,0.6307458281517029,0.11982043897710679,0.4091154928283848,0.610147787890417,0.65781437829636
3,1000,6,0.5,158,0.791888415813446,-0.7978184223175049,-0.20811158418655396,0.20218157768249512,0.6215941905975342,0.11347877959469307,0.39163693592806714,0.6001133481021018,0.6591991504408409
3,1000,6,0.5,159,0.7899780869483948,-0.7984797358512878,-0.21002191305160522,0.20152026414871216,0.6317101716995239,0.12081023961617714,0.398488119550299,0.6105940992805075,0.6613956153845241
3,1000,6,0.5,160,0.7908756136894226,-0.7958853244781494,-0.2091243863105774,0.20411467552185059,0.6335542798042297,0.11359503174173505,0.391380093684057,0.6119239314938555,0.6602322826294086
3,1000,6,0.5,161,0.7886868119239807,-0.7957590222358704,-0.2113131880760193,0.20424097776412964,0.6334598064422607,0.11208107211243591,0.39791498948040804,0.6115739719086095,0.6591252850213961
3,1000,6,0.5,162,0.7885164022445679,-0.7968963384628296,-0.21148359775543213,0.2031036615371704,0.6245184540748596,0.11483708312527635,0.38969462028385016,0.6068893613072928,0.6588848658876503
3,1000,6,0.5,163,0.7928590774536133,-0.7967203259468079,-0.20714092254638672,0.20327967405319214,0.6360018253326416,0.11924654652750585,0.39354834276082895,0.6145844070099838,0.666306548096283
3,1000,6,0.5,164,0.7951346039772034,-0.7989949584007263,-0.20486539602279663,0.20100504159927368,0.6404197216033936,0.11372024120726915,0.3920285915205849,0.6184409066684791,0.6652692648680715
3,1000,6,0.5,165,0.7947646975517273,-0.8030650615692139,-0.2052353024482727,0.19693493843078613,0.6295328140258789,0.12406093671137883,0.39653431639287234,0.6097060650527485,0.6629738160168568
3,1000,6,0.5,166,0.7997473478317261,-0.7992990016937256,-0.20025265216827393,0.20070099830627441,0.6288022994995117,0.11626523709294971,0.39841461968574066,0.6061863482511182,0.6684819185522287
3,1000,6,0.5,167,0.7995375394821167,-0.7983152270317078,-0.2004624605178833,0.20168477296829224,0.6389869451522827,0.11460559093318266,0.41007330280938686,0.6160754390909452,0.6677275598672335
3,1000,6,0.5,168,0.796338677406311,-0.7999886274337769,-0.20366132259368896,0.20001137256622314,0.6318172216415405,0.11758820736062166,0.40287936087508414,0.611575344506761,0.6583871338216006
3,1000,6,0.5,169,0.7997918725013733,-0.7933082580566406,-0.2002081274986267,0.20669174194335938,0.6325112581253052,0.11163920861640449,0.3954852981108512,0.6087738905452658,0.6610450447683746
3,1000,6,0.5,170,0.8018011450767517,-0.7913891673088074,-0.1981988549232483,0.20861083269119263,0.641677737236023,0.11791193101174763,0.4016426087873978,0.6153035067823215,0.6679953485825756
3,1000,6,0.5,171,0.7970437407493591,-0.7923002243041992,-0.20295625925064087,0.20769977569580078,0.6415588855743408,0.13489323024621364,0.405813506518618,0.6155564067435669,0.6686340914681874
3,1000,6,0.5,172,0.8005919456481934,-0.7895677089691162,-0.19940805435180664,0.2104322910308838,0.6372507214546204,0.11579668806226676,0.3950372322710925,0.6133888728117463,0.6622664102463739
3,1000,6,0.5,173,0.8024442195892334,-0.7877839803695679,-0.1975557804107666,0.21221601963043213,0.6261413097381592,0.11657209625372153,0.3936593479000105,0.6026256358672145,0.6690332593160503
3,1000,6,0.5,174,0.7988281846046448,-0.7902103066444397,-0.20117181539535522,0.2097896933555603,0.6358053684234619,0.11554897288930903,0.38483614001099137,0.6094305609691624,0.6611282478663847
3,1000,6,0.5,175,0.7962868809700012,-0.7914370894432068,-0.20371311902999878,0.2085629105567932,0.6253552436828613,0.12430414218286288,0.3876278898542075,0.6015214508722709,0.666503176238934
3,1000,6,0.5,176,0.7957231402397156,-0.7923336029052734,-0.20427685976028442,0.20766639709472656,0.6335238814353943,0.11557681258442362,0.38361903686326443,0.6075316659800293,0.6644039335473119
3,1000,6,0.5,177,0.7948670387268066,-0.7933690547943115,-0.20513296127319336,0.20663094520568848,0.6405041217803955,0.11659191541626997,0.38284130332901356,0.6116587490447182,0.6620245443527811
3,1000,6,0.5,178,0.7966819405555725,-0.7933182716369629,-0.2033180594444275,0.2066817283630371,0.6362555027008057,0.1262011392535335,0.38627882452294104,0.6122336563889789,0.6752449970469371
3,1000,6,0.5,179,0.7962002158164978,-0.7967766523361206,-0.2037997841835022,0.2032233476638794,0.6392591595649719,0.12348521551506592,0.39722594030941466,0.6145754189601828,0.6726307216919923
3,1000,6,0.5,180,0.7944669127464294,-0.7996523380279541,-0.20553308725357056,0.2003476619720459,0.6479012370109558,0.12418067936236063,0.37990804386127125,0.6187377383960635,0.6704714688711649
3,1000,6,0.5,181,0.7917698621749878,-0.7994091510772705,-0.2082301378250122,0.2005908489227295,0.6377895474433899,0.12185429486471447,0.3908196588524456,0.6109365679473554,0.6662770061360722
3,1000,6,0.5,182,0.7953158020973206,-0.7942979335784912,-0.20468419790267944,0.2057020664215088,0.6518372893333435,0.12418672987153254,0.410262909327735,0.6252573400240139,0.6712861005602274
3,1000,6,0.5,183,0.7931704521179199,-0.7957370281219482,-0.20682954788208008,0.20426297187805176,0.6413674354553223,0.12812696095475168,0.39075001060058,0.6153807859760567,0.669888727866811
3,1000,6,0.5,184,0.7930644154548645,-0.7951814532279968,-0.2069355845451355,0.20481854677200317,0.6385675668716431,0.12180890481949891,0.38317764111149294,0.6114120729091779,0.6685927661756627
3,1000,6,0.5,185,0.7909360527992249,-0.7947404980659485,-0.20906394720077515,0.2052595019340515,0.6268883943557739,0.11414437997200373,0.38209191061887665,0.5989333569344808,0.6604368323987942
3,1000,6,0.5,186,0.7886928915977478,-0.7941116094589233,-0.2113071084022522,0.20588839054107666,0.6381810903549194,0.12970971754712327,0.3915257702972634,0.6131197058471548,0.6710923373642452
3,1000,6,0.5,187,0.7899513244628906,-0.7928353548049927,-0.21004867553710938,0.20716464519500732,0.6382497549057007,0.12191962654828764,0.37832711693014043,0.6106617861801467,0.6670954835349377
3,1000,6,0.5,188,0.7862432599067688,-0.793256938457489,-0.2137567400932312,0.206743061542511,0.6423800587654114,0.127418033272112,0.38197585193337064,0.6106131049388117,0.6668404496015821
3,1000,6,0.5,189,0.785243034362793,-0.7916674017906189,-0.21475696563720703,0.2083325982093811,0.6385210752487183,0.11673837127209968,0.3786565143372637,0.6108790274806645,0.6605673413000909
3,1000,6,0.5,190,0.7843018770217896,-0.790782630443573,-0.21569812297821045,0.209217369556427,0.6539034247398376,0.1315897776373566,0.3917394379772587,0.6290247059547223,0.679780080830218
3,1000,6,0.5,191,0.781030535697937,-0.7901493906974792,-0.218969464302063,0.20985060930252075,0.6428635120391846,0.11910063913408445,0.3763519096879521,0.6157358621732412,0.6666806604835415
3,1000,6,0.5,192,0.7751553654670715,-0.7944055199623108,-0.22484463453292847,0.2055944800376892,0.6543852090835571,0.1271896329819259,0.38380148822136007,0.6205681881858028,0.667200960628011
3,1000,6,0.5,193,0.7740463614463806,-0.7937068343162537,-0.22595363855361938,0.20629316568374634,0.6459143161773682,0.1256139194250081,0.37763942222386476,0.6172277811434354,0.6713371933085307
3,1000,6,0.5,194,0.7711430788040161,-0.7957631349563599,-0.2288569211959839,0.20423686504364014,0.6419658660888672,0.11734556930426496,0.3775556771341149,0.613602579062898,0.663968355153806
3,1000,6,0.5,195,0.7685354351997375,-0.7973242998123169,-0.23146456480026245,0.2026757001876831,0.64253830909729,0.12066991344902964,0.37816853300454994,0.6131708750848075,0.6670518381435451
3,1000,6,0.5,196,0.7679471373558044,-0.799180805683136,-0.23205286264419556,0.200819194316864,0.654753565788269,0.13241285556398227,0.37471410642713915,0.6221186840955685,0.6769660744771837
3,1000,6,0.5,197,0.7684102058410645,-0.7992974519729614,-0.23158979415893555,0.20070254802703857,0.6523623466491699,0.13288820435802315,0.3909929310029854,0.6216498004364229,0.6792781293051051
3,1000,6,0.5,198,0.7657347917556763,-0.8010475039482117,-0.23426520824432373,0.19895249605178833,0.6453090906143188,0.13550945369642306,0.4010032552614877,0.6189184155178885,0.6812970256536327
3,1000,6,0.5,199,0.7613606452941895,-0.8018534779548645,-0.23863935470581055,0.1981465220451355,0.642844021320343,0.12597048703711122,0.3789710889755867,0.6102638713169355,0.6711147510830668
3,1000,6,0.5,200,0.7637903690338135,-0.798514187335968,-0.23620963096618652,0.20148581266403198,0.6377019286155701,0.12553175784308943,0.3853394099981699,0.6083985690964353,0.6725012528413972
3,1000,6,0.5,201,0.766909122467041,-0.7978710532188416,-0.23309087753295898,0.20212894678115845,0.6454121470451355,0.1148094393534583,0.3767675336471821,0.613802488377173,0.6642712547971523
3,1000,6,0.5,202,0.766720175743103,-0.79762864112854,-0.23327982425689697,0.20237135887145996,0.6450550556182861,0.1255031056485818,0.3785270422754431,0.6150053579018392,0.6733865083718592
3,1000,6,0.5,203,0.7659451365470886,-0.7974177598953247,-0.23405486345291138,0.2025822401046753,0.6404839754104614,0.12443016358521726,0.3708991121159174,0.6107879843776163,0.6730956038329199
3,1000,6,0.5,204,0.7651675939559937,-0.7987082600593567,-0.23483240604400635,0.2012917399406433,0.6406443119049072,0.12222426378692279,0.36865919000354075,0.6102088745986554,0.6676588178053542
3,1000,6,0.5,205,0.7683340311050415,-0.7961289286613464,-0.2316659688949585,0.20387107133865356,0.6522606611251831,0.1285512008873731,0.37714005773476894,0.6213297731463895,0.6778240048727459
3,1000,6,0.5,206,0.7674944996833801,-0.7962879538536072,-0.23250550031661987,0.20371204614639282,0.6481152772903442,0.12690540778840184,0.38069745036068325,0.6177549172687732,0.676337267048381
3,1000,6,0.5,207,0.7652369141578674,-0.79682457447052,-0.23476308584213257,0.20317542552947998,0.6428905725479126,0.12506914216542872,0.36790166568624877,0.609089161771341,0.6718868714307803
3,1000,6,0.5,208,0.7633776664733887,-0.7971478700637817,-0.23662233352661133,0.20285212993621826,0.6342447996139526,0.12015048571875876,0.3693951030452307,0.6034275411591571,0.6677811520420668
3,1000,6,0.5,209,0.7614613771438599,-0.7955216765403748,-0.23853862285614014,0.20447832345962524,0.6416562795639038,0.12127944743425151,0.3709572020322762,0.6119376364319354,0.6694672019338305
3,1000,6,0.5,210,0.7628008127212524,-0.7943651080131531,-0.23719918727874756,0.20563489198684692,0.6393396854400635,0.1218818524711853,0.3675566703315864,0.6077428076254097,0.6655036663649717
3,1000,6,0.5,211,0.7647140622138977,-0.7924016118049622,-0.2352859377861023,0.20759838819503784,0.641741156578064,0.13021122858967132,0.3737412599146873,0.6097547071882735,0.675349968918676
3,1000,6,0.5,212,0.7629777789115906,-0.7917174696922302,-0.23702222108840942,0.20828253030776978,0.6504353284835815,0.12858816182721,0.37626511973620524,0.6126288507765979,0.669917993775375
3,1000,6,0.5,213,0.760836660861969,-0.7904395461082458,-0.239163339138031,0.20956045389175415,0.6386497020721436,0.11875356856897387,0.3700624046744946,0.6090022289821233,0.664091299707543
3,1000,6,0.5,214,0.7554584741592407,-0.7855710387229919,-0.24454152584075928,0.21442896127700806,0.6461932063102722,0.13305826104978485,0.39019431241605884,0.6212302753913024,0.683354090551087
3,1000,6,0.5,215,0.7539015412330627,-0.7837203145027161,-0.24609845876693726,0.21627968549728394,0.6498494148254395,0.11741493656507629,0.375308947085161,0.6141319354019807,0.6648232320989073
3,1000,6,0.5,216,0.7549130916595459,-0.7836424708366394,-0.2450869083404541,0.2163575291633606,0.6511160731315613,0.13698614873722598,0.3804918991357368,0.616876262745608,0.6799811074028279
3,1000,6,0.5,217,0.7543475031852722,-0.7863050103187561,-0.24565249681472778,0.2136949896812439,0.6441522836685181,0.11284252045176371,0.37984025061339155,0.6103577007057779,0.6580929094668438
3,1000,6,0.5,218,0.7589735388755798,-0.7831372618675232,-0.24102646112442017,0.2168627381324768,0.648996114730835,0.12637054528455907,0.38939422194162093,0.6218202952229679,0.6792496802210541
3,1000,6,0.5,219,0.7597123384475708,-0.7836406826972961,-0.2402876615524292,0.21635931730270386,0.6483126878738403,0.12831910419241205,0.3784259787519112,0.6200960316282164,0.6793920998286269
3,1000,6,0.5,220,0.7597494125366211,-0.7865225672721863,-0.2402505874633789,0.21347743272781372,0.6476855278015137,0.1273912827771891,0.37292399833941003,0.6153683606596211,0.6743849376948933
3,1000,6,0.5,221,0.7594629526138306,-0.7897969484329224,-0.24053704738616943,0.21020305156707764,0.6476484537124634,0.1252577676865696,0.36725768519748314,0.6100223508616714,0.6691624685406925
3,1000,6,0.5,222,0.7534940242767334,-0.7941610813140869,-0.2465059757232666,0.20583891868591309,0.6509538888931274,0.13183539080852985,0.3880483864659021,0.6144178079984036,0.6742002846278281
3,1000,6,0.5,223,0.7579846382141113,-0.7903063893318176,-0.24201536178588867,0.20969361066818237,0.6524819731712341,0.12721682463351375,0.3848770869168257,0.621126338163221,0.6786110297889283
3,1000,6,0.5,224,0.7612998485565186,-0.7908905148506165,-0.23870015144348145,0.20910948514938354,0.6444661021232605,0.1358423985483751,0.39465431606546547,0.6200561478415187,0.6822242328648002
3,1000,6,0.5,225,0.7622045278549194,-0.7937219738960266,-0.23779547214508057,0.2062780261039734,0.6426069736480713,0.12201016898356168,0.3665327899760976,0.6076916077106816,0.6672915347854178
3,1000,6,0.5,226,0.7637800574302673,-0.7940471172332764,-0.23621994256973267,0.20595288276672363,0.6483559012413025,0.12997351608432003,0.38128734280220855,0.6137775208980218,0.6756685992407628
3,1000,6,0.5,227,0.7665610909461975,-0.7927384972572327,-0.2334389090538025,0.20726150274276733,0.6397486925125122,0.12321286450926944,0.37341412420153375,0.6142895401419417,0.6720969290824501
3,1000,6,0.5,228,0.7655231952667236,-0.7924585342407227,-0.23447680473327637,0.20754146575927734,0.640306293964386,0.12169136530739968,0.36834138032277397,0.6112095203788972,0.6714441209456398
3,1000,6,0.5,229,0.7606076598167419,-0.7935119867324829,-0.23939234018325806,0.2064880132675171,0.6452103853225708,0.13086497586572088,0.3786553799303286,0.609901661068576,0.6748825833373358
3,1000,6,0.5,230,0.76261305809021,-0.7901281714439392,-0.23738694190979004,0.2098718285560608,0.6505309343338013,0.1276570016318977,0.38762661581899954,0.6220099821234908,0.6779937640637004
3,1000,6,0.5,231,0.76018887758255,-0.7916495203971863,-0.23981112241744995,0.20835047960281372,0.6470673680305481,0.13663552692824565,0.37629852340037057,0.6135861228412322,0.6811701575243859
3,1000,6,0.5,232,0.759958803653717,-0.7923104763031006,-0.24004119634628296,0.20768952369689941,0.6462759375572205,0.12302945653830771,0.3686221750722899,0.6118118088474216,0.6684310962710613
3,1000,6,0.5,233,0.7612563967704773,-0.7919838428497314,-0.2387436032295227,0.20801615715026855,0.6431900262832642,0.13060462593835026,0.3726919091494166,0.6172055365342828,0.6795308635958254
3,1000,6,0.5,234,0.7596350908279419,-0.7930389642715454,-0.2403649091720581,0.2069610357284546,0.6391674280166626,0.13224855992375792,0.3694169292829966,0.6075865325138708,0.6791659686384911
3,1000,6,0.5,235,0.7564551830291748,-0.7958595156669617,-0.2435448169708252,0.20414048433303833,0.6468038558959961,0.12999547497364586,0.3655089783712496,0.6102472710814861,0.6738570032961486
3,1000,6,0.5,236,0.7561388611793518,-0.7939783930778503,-0.2438611388206482,0.20602160692214966,0.6431618332862854,0.12514343644817494,0.3695993263144795,0.6126517351772386,0.6721321934222759
3,1000,6,0.5,237,0.7554746270179749,-0.7945994138717651,-0.24452537298202515,0.20540058612823486,0.6463584899902344,0.13566392339179148,0.37036602630167254,0.6163355975608923,0.6838139651529613
3,1000,6,0.5,238,0.7562533617019653,-0.7938175797462463,-0.24374663829803467,0.20618242025375366,0.6499560475349426,0.13498656041506213,0.3857243571013803,0.6266850654019381,0.6836930644232723
3,1000,6,0.5,239,0.7520724534988403,-0.7939016819000244,-0.24792754650115967,0.20609831809997559,0.6460676789283752,0.13757172735397277,0.38802764765854825,0.623052026893718,0.6863269528908112
3,1000,6,0.5,240,0.7475491166114807,-0.7929365038871765,-0.2524508833885193,0.2070634961128235,0.64787757396698,0.13699385688702093,0.3807697720862028,0.6226184366897286,0.6865326235941804
3,1000,6,0.5,241,0.7450239658355713,-0.793188750743866,-0.2549760341644287,0.20681124925613403,0.6471940279006958,0.12933952849243044,0.3666225317281719,0.6159789345359012,0.6743539469203101
3,1000,6,0.5,242,0.7448639273643494,-0.792735755443573,-0.25513607263565063,0.207264244556427,0.6539328098297119,0.14267550377029972,0.38035839508235875,0.6199589779000282,0.6860109345234577
3,1000,6,0.5,243,0.7471432089805603,-0.7929127216339111,-0.2528567910194397,0.20708727836608887,0.6470285654067993,0.12827848693455562,0.3760023651749131,0.6160036126459556,0.672348398322436
3,1000,6,0.5,244,0.743827223777771,-0.7926085591316223,-0.256172776222229,0.20739144086837769,0.6416378021240234,0.1386434280176193,0.3785620824463563,0.6185449440325627,0.685776791401282
3,1000,6,0.5,245,0.7413235306739807,-0.7943595051765442,-0.2586764693260193,0.2056404948234558,0.6462283134460449,0.13196043358923612,0.3662343949118623,0.6172707915204357,0.6786654689272117
3,1000,6,0.5,246,0.7385545372962952,-0.7956004738807678,-0.26144546270370483,0.20439952611923218,0.6519299149513245,0.12938799363789735,0.3614616204749916,0.6153958053553766,0.6762742495675207
3,1000,6,0.5,247,0.7416247129440308,-0.7942430377006531,-0.25837528705596924,0.20575696229934692,0.6506606340408325,0.131298737999356,0.3674157445536222,0.6187981823714983,0.678480416805579
3,1000,6,0.5,248,0.7386230826377869,-0.7969164848327637,-0.26137691736221313,0.20308351516723633,0.6607802510261536,0.14882733688447625,0.3917743056136822,0.6223369063474652,0.6906662298290873
3,1000,6,0.5,249,0.7417294979095459,-0.7925313115119934,-0.2582705020904541,0.2074686884880066,0.6508762836456299,0.1327164930882087,0.38679530267641027,0.6240730509049218,0.6820477088001048
3,1000,6,0.5,250,0.7410023808479309,-0.791784405708313,-0.2589976191520691,0.208215594291687,0.6499253511428833,0.14297564213091798,0.3888567270015539,0.6234396048921448,0.6922485098638801
3,1000,6,0.5,251,0.7435573935508728,-0.7902995944023132,-0.2564426064491272,0.20970040559768677,0.6562783122062683,0.13496082911185098,0.3688372898670822,0.6187976417864396,0.6801996774975071
3,1000,6,0.5,252,0.7460733652114868,-0.7893592715263367,-0.2539266347885132,0.21064072847366333,0.6526910662651062,0.1291758130912071,0.36551432525419836,0.6143454660786475,0.6716279023058009
3,1000,6,0.5,253,0.7477948069572449,-0.7884703278541565,-0.2522051930427551,0.2115296721458435,0.6607331037521362,0.1334570027376968,0.37116069487300396,0.6210148072028476,0.6776736356807631
3,1000,6,0.5,254,0.7497012615203857,-0.783989667892456,-0.25029873847961426,0.21601033210754395,0.6613674163818359,0.15353448231663686,0.4006767450227143,0.6394197387325649,0.7030475952150705
3,1000,6,0.5,255,0.7498708963394165,-0.7836251854896545,-0.2501291036605835,0.21637481451034546,0.6535587906837463,0.138280713038206,0.3889607435844829,0.6327726015300053,0.6909748453771323
3,1000,6,0.5,256,0.7474179267883301,-0.7852743864059448,-0.2525820732116699,0.21472561359405518,0.6509677171707153,0.13835128721484635,0.37103242972354933,0.6179754833739346,0.6845167803327533
3,1000,6,0.5,257,0.746609628200531,-0.7865756750106812,-0.253390371799469,0.21342432498931885,0.6536068916320801,0.12684287767448452,0.36390034108664643,0.6171838067945687,0.6716773948297287
3,1000,6,0.5,258,0.7484646439552307,-0.7869519591331482,-0.2515353560447693,0.2130480408668518,0.6551190614700317,0.1385222156571984,0.3672015309908889,0.6215366302600076,0.6831762655093151
3,1000,6,0.5,259,0.7477214336395264,-0.7883708477020264,-0.25227856636047363,0.21162915229797363,0.6433523893356323,0.13355401216572751,0.365039028050667,0.6083498874617991,0.674445217815381
3,1000,6,0.5,260,0.7492403388023376,-0.7863553166389465,-0.25075966119766235,0.21364468336105347,0.6555132269859314,0.13122832734484832,0.3649628634798157,0.6204710800706756,0.6791673132587358
3,1000,6,0.5,261,0.7485504150390625,-0.7859413623809814,-0.2514495849609375,0.21405863761901855,0.6483911275863647,0.1401635632535522,0.360217735302631,0.6161279239734511,0.6827152911706363
3,1000,6,0.5,262,0.7463247179985046,-0.783219039440155,-0.25367528200149536,0.21678096055984497,0.6441566944122314,0.1354536814577782,0.36583158615621997,0.6167236021437256,0.6816554076366659
3,1000,6,0.5,263,0.7442115545272827,-0.7827099561691284,-0.2557884454727173,0.21729004383087158,0.6586660742759705,0.1401857659819615,0.3776542830572895,0.632157323673,0.6887609180383244
3,1000,6,0.5,264,0.7452288866043091,-0.7824931740760803,-0.2547711133956909,0.21750682592391968,0.6540094017982483,0.14501705896697079,0.37879583528189154,0.6212341030038417,0.6924082659883504
3,1000,6,0.5,265,0.7458463311195374,-0.7833244800567627,-0.25415366888046265,0.2166755199432373,0.6499475240707397,0.1435249164871449,0.37699945159000836,0.6185061985849857,0.6877911871305322
3,1000,6,0.5,266,0.7457951307296753,-0.7842270135879517,-0.2542048692703247,0.21577298641204834,0.6525689959526062,0.13801130175997944,0.3703357187892658,0.6253873290785706,0.6870845960517938
3,1000,6,0.5,267,0.7443622946739197,-0.7826114892959595,-0.2556377053260803,0.21738851070404053,0.6550723910331726,0.14638812514743435,0.37887347874909494,0.6315638412323489,0.6927892337580501
3,1000,6,0.5,268,0.744382381439209,-0.7821750640869141,-0.255617618560791,0.21782493591308594,0.6488305926322937,0.13714531013399167,0.3746920586209967,0.6197920850103836,0.6836228621177837
3,1000,6,0.5,269,0.7445386648178101,-0.7806098461151123,-0.25546133518218994,0.2193901538848877,0.6586189866065979,0.14488744652578936,0.3864782452924213,0.6330843531987075,0.6909984202372551
3,1000,6,0.5,270,0.7429533004760742,-0.7790475487709045,-0.2570466995239258,0.22095245122909546,0.6491280794143677,0.1461083131463176,0.38011186030273764,0.6203932657651245,0.6906739174000308
3,1000,6,0.5,271,0.7404341697692871,-0.7779569625854492,-0.2595658302307129,0.22204303741455078,0.640590488910675,0.13986815410375403,0.3827307939859333,0.6195027868405851,0.6876117730242869
3,1000,6,0.5,272,0.7339584231376648,-0.7816479802131653,-0.2660415768623352,0.21835201978683472,0.6449459791183472,0.13994941728178883,0.3738827845306416,0.6207694221791646,0.6852831499752997
3,1000,6,0.5,273,0.7355067133903503,-0.7799881100654602,-0.26449328660964966,0.2200118899345398,0.6535385847091675,0.13891821431459744,0.383137102611731,0.6292128145256971,0.6878849277150495
3,1000,6,0.5,274,0.7326012849807739,-0.7793061137199402,-0.2673987150192261,0.22069388628005981,0.6506409645080566,0.15484741170600588,0.38200391224225183,0.6267306919433255,0.6964363793211343
3,1000,6,0.5,275,0.7312579154968262,-0.7776468396186829,-0.26874208450317383,0.22235316038131714,0.6628010272979736,0.14766819373867343,0.38439159611404106,0.6330708745480522,0.6932818357653727
3,1000,6,0.5,276,0.730431079864502,-0.7781050205230713,-0.26956892013549805,0.2218949794769287,0.6557320952415466,0.15022866628700768,0.38025348219617444,0.630473007442733,0.6941682074617674
3,1000,6,0.5,277,0.7294601202011108,-0.7790884971618652,-0.27053987979888916,0.22091150283813477,0.6537448763847351,0.14709419257932949,0.37983206406953884,0.630762018364793,0.6900338086323881
3,1000,6,0.5,278,0.7300797700881958,-0.7778796553611755,-0.2699202299118042,0.22212034463882446,0.6591818928718567,0.14316864184624833,0.3743333435525932,0.6290654566536917,0.6882746222195966
3,1000,6,0.5,279,0.7318982481956482,-0.7761537432670593,-0.2681017518043518,0.22384625673294067,0.660218358039856,0.15242926977703258,0.38128479735582926,0.6373583348957808,0.6992325171519607
3,1000,6,0.5,280,0.7322849035263062,-0.7767742872238159,-0.26771509647369385,0.22322571277618408,0.6573712825775146,0.13849228176693812,0.3608714077411963,0.6240648895232334,0.680914922602489
3,1000,6,0.5,281,0.737623929977417,-0.7749387621879578,-0.262376070022583,0.22506123781204224,0.6608165502548218,0.14243052143701118,0.36989289779350615,0.6310958190674414,0.6891427412122894
3,1000,6,0.5,282,0.7387208938598633,-0.7774528861045837,-0.2612791061401367,0.22254711389541626,0.6572679877281189,0.13982847975656326,0.3621810402028391,0.6259473971599782,0.6799851529487041
3,1000,6,0.5,283,0.7399714589118958,-0.7768697142601013,-0.26002854108810425,0.22313028573989868,0.6661633253097534,0.1460138030049263,0.36636230510242584,0.6308292203949386,0.6874854944427254
3,1000,6,0.5,284,0.7414880394935608,-0.7740890979766846,-0.2585119605064392,0.22591090202331543,0.6524841785430908,0.14286954978497796,0.37106191205913447,0.6246827659469083,0.6865604367145889
3,1000,6,0.5,285,0.7384018301963806,-0.772960364818573,-0.2615981698036194,0.227039635181427,0.661920428276062,0.14613147626722095,0.37094130243742235,0.6331091792266732,0.6913788491265513
3,1000,6,0.5,286,0.7382566332817078,-0.7729264497756958,-0.26174336671829224,0.2270735502243042,0.6543097496032715,0.1426459130983532,0.37628754696434813,0.628742883686734,0.6880108910687306
3,1000,6,0.5,287,0.7383704781532288,-0.7755395770072937,-0.26162952184677124,0.2244604229927063,0.662383496761322,0.15353033261076968,0.37635958599720026,0.6356471636074049,0.6965834577771454
3,1000,6,0.5,288,0.7388546466827393,-0.7761185169219971,-0.26114535331726074,0.22388148307800293,0.6561921238899231,0.15037848810724738,0.3706294005607809,0.6277818531090061,0.6919743186103713
3,1000,6,0.5,289,0.7408056259155273,-0.7779859900474548,-0.25919437408447266,0.22201400995254517,0.6674606204032898,0.15030289109506875,0.3779157435418577,0.6411303294329477,0.6919553281221142
3,1000,6,0.5,290,0.7373512983322144,-0.7791345119476318,-0.26264870166778564,0.22086548805236816,0.6669116020202637,0.14955903919611602,0.3735318528610395,0.6443676568742864,0.694784110810142
3,1000,6,0.5,291,0.7368114590644836,-0.7796196937561035,-0.26318854093551636,0.22038030624389648,0.6689939498901367,0.15265369052434052,0.36798139948962566,0.6387278217196893,0.6941991517972614
3,1000,6,0.5,292,0.7363969087600708,-0.7814488410949707,-0.2636030912399292,0.2185511589050293,0.6648130416870117,0.1557450210170781,0.3707208299837731,0.632223758992619,0.6963703971511549
3,1000,6,0.5,293,0.7388746738433838,-0.7810187935829163,-0.2611253261566162,0.21898120641708374,0.6575521230697632,0.14875328237311666,0.3713806291236639,0.6323050720989492,0.6905095298082973
3,1000,6,0.5,294,0.7394200563430786,-0.7795656323432922,-0.2605799436569214,0.22043436765670776,0.6625453233718872,0.1479060930971408,0.3697193397956033,0.6304102021790577,0.6907661115552626
3,1000,6,0.5,295,0.7337280511856079,-0.7814145684242249,-0.2662719488143921,0.21858543157577515,0.6673864126205444,0.14110797715729861,0.3544374155469513,0.6225429050217082,0.6805311395951887
3,1000,6,0.5,296,0.732123076915741,-0.7812536358833313,-0.26787692308425903,0.2187463641166687,0.6734344363212585,0.14531935447113825,0.37074115927817175,0.6402250021552675,0.6898684726449293
3,1000,6,0.5,297,0.7318679690361023,-0.7815800905227661,-0.2681320309638977,0.2184199094772339,0.6742695569992065,0.14683670913663413,0.3622870174717974,0.6378667527758062,0.6890723321983924
3,1000,6,0.5,298,0.7358070611953735,-0.7784468531608582,-0.26419293880462646,0.22155314683914185,0.6718593835830688,0.15216918644618127,0.3805689740998824,0.6362032125974444,0.6966042836783229
3,1000,6,0.5,299,0.7351436018943787,-0.7770280838012695,-0.26485639810562134,0.22297191619873047,0.6817063689231873,0.14497351425565436,0.3641167231608402,0.6381046775154618,0.6863057451128188
3,1000,6,0.5,300,0.734001100063324,-0.7758432626724243,-0.265998899936676,0.22415673732757568,0.6644191145896912,0.14517720517355967,0.3645271290453448,0.6351566454538351,0.6894894344806128
3,1000,6,0.5,301,0.73091721534729,-0.7761789560317993,-0.26908278465270996,0.22382104396820068,0.679741621017456,0.15444418676508676,0.37591842412065185,0.6443228921422911,0.6941184880226524
3,1000,6,0.5,302,0.7339332699775696,-0.7741037011146545,-0.2660667300224304,0.22589629888534546,0.6864473819732666,0.15002588802245434,0.3873306667292371,0.6528768065936752,0.6954295630661513
3,1000,6,0.5,303,0.7330032587051392,-0.7742016315460205,-0.26699674129486084,0.2257983684539795,0.6707783937454224,0.1678342860592449,0.4074406765628724,0.6481322231178684,0.706746594897545
3,1000,6,0.5,304,0.7330984473228455,-0.7750640511512756,-0.26690155267715454,0.22493594884872437,0.6737731695175171,0.16648923756082515,0.39642817631121263,0.6474175962531632,0.705953451035102
3,1000,6,0.5,305,0.7316554188728333,-0.777004063129425,-0.26834458112716675,0.22299593687057495,0.659907877445221,0.15466951049491495,0.390377328276474,0.6377508498362574,0.6955597773971905
3,1000,6,0.5,306,0.7314274907112122,-0.7784546613693237,-0.26857250928878784,0.22154533863067627,0.6723002195358276,0.1507329521566651,0.3749296597488454,0.6415361566350352,0.6951286844999134
3,1000,6,0.5,307,0.7341838479042053,-0.7812973260879517,-0.2658161520957947,0.21870267391204834,0.6714553833007812,0.14992082906436535,0.36457283655147604,0.6372050039453313,0.6917846177939071
3,1000,6,0.5,308,0.7353402972221375,-0.7828410863876343,-0.26465970277786255,0.21715891361236572,0.6719293594360352,0.157352213526643,0.36860486786540575,0.6384147414465514,0.697210478129708
3,1000,6,0.5,309,0.7361036539077759,-0.7836290597915649,-0.2638963460922241,0.21637094020843506,0.6827947497367859,0.15118574429503692,0.3649748439269227,0.6443899514204753,0.6907475199270788
3,1000,6,0.5,310,0.7322149872779846,-0.7851261496543884,-0.2677850127220154,0.21487385034561157,0.6803273558616638,0.16280626841784504,0.3742484826616534,0.6444897265089149,0.7006725296384836
3,1000,6,0.5,311,0.7321442365646362,-0.7811476588249207,-0.26785576343536377,0.21885234117507935,0.6712424755096436,0.15746551267419226,0.38246016587301185,0.6394952347301606,0.6983036621539864
3,1000,6,0.5,312,0.7328826189041138,-0.7799026966094971,-0.26711738109588623,0.22009730339050293,0.6740092039108276,0.1545811192912332,0.3765918754484882,0.6450959194068204,0.6948293165306957
3,1000,6,0.5,313,0.7315865159034729,-0.7836222648620605,-0.2684134840965271,0.21637773513793945,0.6730408072471619,0.15846872207981505,0.3692747763068949,0.6375513666077616,0.6951574829965719
3,1000,6,0.5,314,0.7294769287109375,-0.7868082523345947,-0.2705230712890625,0.21319174766540527,0.6732064485549927,0.15063354149641522,0.3735290556250356,0.6373112644758325,0.6902851088869097
3,1000,6,0.5,315,0.7313852310180664,-0.7872368693351746,-0.2686147689819336,0.21276313066482544,0.6764260530471802,0.15633812205304,0.37231895296675704,0.6446341823324055,0.6994408421716741
3,1000,6,0.5,316,0.7319778203964233,-0.7867926359176636,-0.26802217960357666,0.21320736408233643,0.6823632717132568,0.16048133044404722,0.37657353349012423,0.6443993628043362,0.6987599548783481
3,1000,6,0.5,317,0.7333298921585083,-0.786514937877655,-0.2666701078414917,0.21348506212234497,0.6846619844436646,0.1863629842229256,0.4030591941390816,0.6558505476434167,0.7222036914722114
3,1000,6,0.5,318,0.7341423034667969,-0.7877759337425232,-0.2658576965332031,0.2122240662574768,0.6791253685951233,0.16707904466678686,0.3897795340873681,0.6531345543872351,0.7040559318501848
3,1000,6,0.5,319,0.7330172061920166,-0.7912381887435913,-0.2669827938079834,0.2087618112564087,0.6775790452957153,0.15731690107123394,0.37946877169627236,0.6435450612284481,0.696637575899523
3,1000,6,0.5,320,0.7294248342514038,-0.7931824922561646,-0.2705751657485962,0.20681750774383545,0.6714014410972595,0.1586147598846857,0.37271176022362806,0.6377845376107371,0.6966030392986415
3,1000,6,0.5,321,0.7260639667510986,-0.7920184135437012,-0.27393603324890137,0.20798158645629883,0.6749571561813354,0.16200545289007454,0.3766998199707395,0.6473826880272375,0.6997465051755903
3,1000,6,0.5,322,0.7246551513671875,-0.7919485569000244,-0.2753448486328125,0.20805144309997559,0.6803219318389893,0.160453413899434,0.37490802570672244,0.6393634993951608,0.6962554196275352
3,1000,6,0.5,323,0.732752799987793,-0.7894445657730103,-0.26724720001220703,0.21055543422698975,0.6882939338684082,0.1647779171904848,0.38381647263381635,0.6551188556159872,0.7047348874911474
3,1000,6,0.5,324,0.7362735271453857,-0.7895651459693909,-0.26372647285461426,0.21043485403060913,0.6802802681922913,0.1775499007984067,0.4042780343679512,0.6538670634291376,0.7139887501900353
3,1000,6,0.5,325,0.7369412183761597,-0.7900330424308777,-0.26305878162384033,0.20996695756912231,0.6799864768981934,0.1745078509807545,0.403316642622044,0.6595855410192121,0.714428897805256
3,1000,6,0.5,326,0.7355917096138,-0.7909206748008728,-0.26440829038619995,0.2090793251991272,0.6754482984542847,0.17339325037475026,0.39832884080452785,0.6596345635826212,0.7121069535736794
3,1000,6,0.5,327,0.7362625002861023,-0.7905007600784302,-0.2637374997138977,0.20949923992156982,0.6776810884475708,0.16603107776230686,0.3773519566836322,0.6424590844506991,0.7052899903433517
3,1000,6,0.5,328,0.7364645600318909,-0.7912060022354126,-0.26353543996810913,0.2087939977645874,0.675492525100708,0.17063525840737476,0.3891250020349321,0.6490168594793253,0.7056629199457952
3,1000,6,0.5,329,0.7353890538215637,-0.792402982711792,-0.2646109461784363,0.207597017288208,0.6841006278991699,0.16898925298904924,0.3879574948570784,0.6533461450790964,0.706712824728418
3,1000,6,0.5,330,0.736852765083313,-0.7923797369003296,-0.263147234916687,0.2076202630996704,0.6905112862586975,0.1612060356235654,0.36487665476059356,0.6450872713657594,0.701851243357618
3,1000,6,0.5,331,0.7372940182685852,-0.7910629510879517,-0.2627059817314148,0.20893704891204834,0.6753277778625488,0.16101396819863487,0.3781590906943585,0.6445237971032144,0.6992831941148342
3,1000,6,0.5,332,0.7357561588287354,-0.7888999581336975,-0.26424384117126465,0.2111000418663025,0.6887334585189819,0.16408740441528635,0.37111867989937003,0.6494541399414309,0.7027761451948669
3,1000,6,0.5,333,0.7330859899520874,-0.7877770066261292,-0.2669140100479126,0.21222299337387085,0.6764534711837769,0.1619922475573443,0.37490665239596555,0.6455008413720793,0.700159983999325
3,1000,6,0.5,334,0.7282568216323853,-0.7900221943855286,-0.27174317836761475,0.20997780561447144,0.6858673095703125,0.1659211963627942,0.3696325094943609,0.6485416091561151,0.7042766733445582
3,1000,6,0.5,335,0.7280797362327576,-0.7911509871482849,-0.27192026376724243,0.2088490128517151,0.692141056060791,0.15553419290891454,0.3646971641614644,0.6445636842819984,0.6927146002789056
3,1000,6,0.5,336,0.7358304858207703,-0.7879197001457214,-0.26416951417922974,0.21208029985427856,0.6896196007728577,0.1675842199406566,0.3844704706468731,0.657067338093711,0.7075326683641905
3,1000,6,0.5,337,0.7398306131362915,-0.7884226441383362,-0.2601693868637085,0.21157735586166382,0.6829847097396851,0.18152396259122172,0.40100389034101175,0.6590355633898483,0.7165211492719039
3,1000,6,0.5,338,0.7409439086914062,-0.7905110120773315,-0.25905609130859375,0.20948898792266846,0.6908220648765564,0.17151539932702706,0.3900110818730066,0.6531633277623681,0.7074983463524684
3,1000,6,0.5,339,0.7430117726325989,-0.7909162640571594,-0.2569882273674011,0.20908373594284058,0.6719937920570374,0.1736518954391773,0.3936891435200182,0.6425369928131971,0.7094796230653444
3,1000,6,0.5,340,0.7427010536193848,-0.7928299903869629,-0.25729894638061523,0.2071700096130371,0.6949755549430847,0.17108008212216197,0.3789015396566825,0.6487258571431223,0.7100072538133092
3,1000,6,0.5,341,0.743652880191803,-0.7938768863677979,-0.256347119808197,0.20612311363220215,0.7079246044158936,0.16519843547603524,0.37353429311648084,0.6558868293714718,0.7011359861060894
3,1000,6,0.5,342,0.7404487133026123,-0.7953760027885437,-0.2595512866973877,0.2046239972114563,0.6981685161590576,0.18169115975691752,0.3873414499933453,0.6539622263081949,0.7170416176257352
3,1000,6,0.5,343,0.74171382188797,-0.7937096953392029,-0.25828617811203003,0.20629030466079712,0.690192699432373,0.1606853153399047,0.37598204024055987,0.6488084731322366,0.6993122378801417
3,1000,6,0.5,344,0.7441662549972534,-0.7923301458358765,-0.2558337450027466,0.20766985416412354,0.6977030038833618,0.18847549861527893,0.39984756848663416,0.6625705611035818,0.7234232251990329
3,1000,6,0.5,345,0.7437594532966614,-0.7922744750976562,-0.2562405467033386,0.20772552490234375,0.6972676515579224,0.17449449138207224,0.38921893979829586,0.6545854198058114,0.7098255589543674
3,1000,6,0.5,346,0.7432729005813599,-0.7910542488098145,-0.25672709941864014,0.20894575119018555,0.6922618746757507,0.1756102541859336,0.3914266014098757,0.6593948719410484,0.7140356192410776
3,1000,6,0.5,347,0.7464273571968079,-0.7884782552719116,-0.25357264280319214,0.21152174472808838,0.6813291311264038,0.1709071456404739,0.3831110789844832,0.6450740351456196,0.7054211757813736
3,1000,6,0.5,348,0.7514969706535339,-0.7880315184593201,-0.24850302934646606,0.21196848154067993,0.6977179050445557,0.16876861803057266,0.37197189354205096,0.6555965509035535,0.7059959898629194
3,1000,6,0.5,349,0.7514978647232056,-0.7892369031906128,-0.24850213527679443,0.2107630968093872,0.6822881698608398,0.16652062874251056,0.3821777888849981,0.6478949431906891,0.6998595716691763
3,1000,6,0.5,350,0.7478889226913452,-0.7914944887161255,-0.2521110773086548,0.2085055112838745,0.7057316899299622,0.16891469555423327,0.36898596880726686,0.6525210189431947,0.7041570316909392
3,1000,6,0.5,351,0.7418716549873352,-0.7936154007911682,-0.2581283450126648,0.2063845992088318,0.6995241641998291,0.16462699864124217,0.369166346336802,0.6466170456430708,0.700890983865619
3,1000,6,0.5,352,0.7396977543830872,-0.7939057946205139,-0.26030224561691284,0.20609420537948608,0.6943199038505554,0.16222007372824288,0.3640840519836584,0.6472501202281267,0.6994822283014459
3,1000,6,0.5,353,0.7401432991027832,-0.7936785221099854,-0.2598567008972168,0.20632147789001465,0.6906709671020508,0.16353734127675817,0.3692987512059881,0.6459505968956029,0.6974294299462201
3,1000,6,0.5,354,0.7400274872779846,-0.7921163439750671,-0.2599725127220154,0.20788365602493286,0.7002389430999756,0.17720018737766235,0.3816811838262059,0.6478898162644802,0.712095885542638
3,1000,6,0.5,355,0.7363738417625427,-0.7929018139839172,-0.2636261582374573,0.20709818601608276,0.691483736038208,0.17142908102216023,0.37476270444413473,0.6442242184521032,0.7027179797400441
3,1000,6,0.5,356,0.7322023510932922,-0.7955458164215088,-0.26779764890670776,0.2044541835784912,0.6995431184768677,0.16454429242674426,0.36077004223632075,0.6459232856610805,0.700792213799277
3,1000,6,0.5,357,0.7299072742462158,-0.7938313484191895,-0.2700927257537842,0.20616865158081055,0.6983580589294434,0.18893937278465395,0.40059203833987483,0.6643391204888736,0.723133034093956
3,1000,6,0.5,358,0.7331629395484924,-0.7933480739593506,-0.26683706045150757,0.20665192604064941,0.6910954117774963,0.1769820099672993,0.3881521851981667,0.6525866002278407,0.7110999750666819
3,1000,6,0.5,359,0.7385556101799011,-0.7907432913780212,-0.2614443898200989,0.20925670862197876,0.708656907081604,0.17626345768855903,0.3882027962281231,0.6673333879479297,0.7103743992231205
3,1000,6,0.5,360,0.7389310598373413,-0.794419527053833,-0.2610689401626587,0.205580472946167,0.7065832018852234,0.16707835468783822,0.3700183177381389,0.6470789700579881,0.6995044819544851
3,1000,6,0.5,361,0.7402220964431763,-0.795455276966095,-0.25977790355682373,0.20454472303390503,0.7309817671775818,0.1689902491540762,0.37818912721529996,0.6543541596746627,0.6961885351681072
3,1000,6,0.5,362,0.7503130435943604,-0.7874814867973328,-0.24968695640563965,0.21251851320266724,0.7082954049110413,0.19697041546668745,0.44069367117788394,0.6820291089853768,0.7297757456207454
3,1000,6,0.5,363,0.7498918175697327,-0.7906367182731628,-0.25010818243026733,0.20936328172683716,0.6956081390380859,0.16931492437150428,0.3803898433477646,0.6487535053943776,0.7066523698664853
3,1000,6,0.5,364,0.74775230884552,-0.7929889559745789,-0.25224769115448,0.20701104402542114,0.7114444971084595,0.15945703314748758,0.36023748110019654,0.6440364261645571,0.6920129515141927
3,1000,6,0.5,365,0.7523230910301208,-0.7893437743186951,-0.24767690896987915,0.21065622568130493,0.6939948201179504,0.15981498520033333,0.36719683745204434,0.6374983806310776,0.6962004794435709
3,1000,6,0.5,366,0.7530528903007507,-0.7888617515563965,-0.24694710969924927,0.21113824844360352,0.6964091062545776,0.17187582369043838,0.380352289498193,0.6500739022593323,0.707116295504636
3,1000,6,0.5,367,0.7517290711402893,-0.7900569438934326,-0.2482709288597107,0.20994305610656738,0.702186644077301,0.159794249854816,0.36455593539606596,0.6510880459873579,0.6965208814302516
3,1000,6,0.5,368,0.7474314570426941,-0.7909708023071289,-0.2525685429573059,0.2090291976928711,0.7030915021896362,0.17987353296513625,0.38090951153321195,0.6488769609473567,0.7104060541810907
3,1000,6,0.5,369,0.7457816004753113,-0.7890419363975525,-0.2542183995246887,0.2109580636024475,0.6958072185516357,0.17523277703920823,0.3825453782224579,0.6511245163123643,0.7079376909098639
3,1000,6,0.5,370,0.745078980922699,-0.7889150381088257,-0.254921019077301,0.21108496189117432,0.7024533152580261,0.17771481470773504,0.3854625941911193,0.665096700349834,0.7123508485682436
3,1000,6,0.5,371,0.7425200939178467,-0.7879936695098877,-0.2574799060821533,0.2120063304901123,0.6943175792694092,0.18375099329362105,0.39807709625587095,0.6608606894851344,0.7174534554487624
3,1000,6,0.5,372,0.7459766268730164,-0.7866672873497009,-0.25402337312698364,0.21333271265029907,0.6987631320953369,0.18275971700559374,0.3887208884709254,0.6620394832416463,0.7161568316794413
3,1000,6,0.5,373,0.7470669746398926,-0.7880439162254333,-0.2529330253601074,0.21195608377456665,0.6915949583053589,0.18175228574856897,0.39599402440361786,0.660397221023515,0.7182712757849131
3,1000,6,0.5,374,0.7483423352241516,-0.7884329557418823,-0.2516576647758484,0.21156704425811768,0.7025033235549927,0.1827856955729592,0.39696304389993176,0.6610925521882955,0.7190655604137783
3,1000,6,0.5,375,0.7475276589393616,-0.7901867628097534,-0.2524723410606384,0.20981323719024658,0.7014678716659546,0.17465508606129362,0.3781370436354199,0.6557416564276575,0.7105377514969101
3,1000,6,0.5,376,0.7476599812507629,-0.7893955111503601,-0.25234001874923706,0.2106044888496399,0.6976456642150879,0.17746409506409622,0.38385784085068814,0.6560869544195478,0.7099017230656356
3,1000,6,0.5,377,0.7466307282447815,-0.786622941493988,-0.2533692717552185,0.21337705850601196,0.7071225643157959,0.1775164739505205,0.3780629142507374,0.6511611762669601,0.7139655230559117
3,1000,6,0.5,378,0.7468305826187134,-0.7849447131156921,-0.2531694173812866,0.21505528688430786,0.7132959365844727,0.17673244339440747,0.37981910013377407,0.6581620704753928,0.7112058861750539
3,1000,6,0.5,379,0.7460173964500427,-0.785186767578125,-0.2539826035499573,0.214813232421875,0.7022768259048462,0.17307945823954654,0.3813299427947207,0.6555897483777747,0.7051525040005335
3,1000,6,0.5,380,0.7440261244773865,-0.7868959903717041,-0.2559738755226135,0.2131040096282959,0.7140805125236511,0.19376518063648804,0.39160006870328173,0.6628617444080939,0.7256372075576617
3,1000,6,0.5,381,0.7442126870155334,-0.7862600088119507,-0.25578731298446655,0.21373999118804932,0.6989439725875854,0.17703902416747977,0.3904463432851514,0.6514189370548124,0.7065779627500866
3,1000,6,0.5,382,0.7448328733444214,-0.784941554069519,-0.2551671266555786,0.21505844593048096,0.7134186625480652,0.1806422054512273,0.3877542551334006,0.6618815228641078,0.7145663381501177
3,1000,6,0.5,383,0.7454396486282349,-0.7867828607559204,-0.25456035137176514,0.2132171392440796,0.7103797197341919,0.17945020658065625,0.3794505278665003,0.6536767901696393,0.7100952991320718
3,1000,6,0.5,384,0.7448187470436096,-0.7878700494766235,-0.2551812529563904,0.21212995052337646,0.711928129196167,0.17643052233861525,0.3725224008388129,0.6610640010562412,0.709000289778472
3,1000,6,0.5,385,0.7459700703620911,-0.7888508439064026,-0.25402992963790894,0.2111491560935974,0.7141390442848206,0.18307313695020613,0.3755465858708,0.6611440698433404,0.7146083910634891
3,1000,6,0.5,386,0.7463597655296326,-0.7895317673683167,-0.25364023447036743,0.21046823263168335,0.7055535912513733,0.1839957874781095,0.38446746309932905,0.6610266357346606,0.7152337789805698
3,1000,6,0.5,387,0.7475382685661316,-0.7900126576423645,-0.2524617314338684,0.2099873423576355,0.7100628614425659,0.1806508999842134,0.38101422023618225,0.6654412827741192,0.7145514378035782
3,1000,6,0.5,388,0.7464104890823364,-0.7925706505775452,-0.2535895109176636,0.20742934942245483,0.7113180160522461,0.18191385282632597,0.37999747592518984,0.6630226114587336,0.7128959738096918
3,1000,6,0.5,389,0.7459539771080017,-0.7916707992553711,-0.2540460228919983,0.2083292007446289,0.7081385850906372,0.17165345881505464,0.37822516297333875,0.6520511928680429,0.7057424102559401
3,1000,6,0.5,390,0.7449150085449219,-0.7888959646224976,-0.2550849914550781,0.21110403537750244,0.7086950540542603,0.18490618939935247,0.38664316797122317,0.6630992536406438,0.7147147909533202
3,1000,6,0.5,391,0.7455836534500122,-0.7904263734817505,-0.2544163465499878,0.2095736265182495,0.703148365020752,0.17686873224683358,0.37957181483560687,0.6570870630051178,0.708077562225104
3,1000,6,0.5,392,0.7481564283370972,-0.7905476093292236,-0.25184357166290283,0.20945239067077637,0.7139275074005127,0.19597359044268564,0.40027212782677535,0.6716971517505624,0.7249751708525444
3,1000,6,0.5,393,0.747282862663269,-0.7947126626968384,-0.25271713733673096,0.20528733730316162,0.7050865292549133,0.1826266758999934,0.3930886564532629,0.6595161335189259,0.7150332809622376
3,1000,6,0.5,394,0.749304473400116,-0.795076310634613,-0.25069552659988403,0.20492368936538696,0.7107703685760498,0.1846327908776601,0.38449567138244717,0.6630774455345652,0.7168337357584346
3,1000,6,0.5,395,0.7491227388381958,-0.7940707802772522,-0.2508772611618042,0.2059292197227478,0.7048238515853882,0.18376568387241174,0.39049048313688145,0.6577647700058091,0.7133026194241457
3,1000,6,0.5,396,0.7514362931251526,-0.7963318228721619,-0.2485637068748474,0.20366817712783813,0.699921727180481,0.18645598696934507,0.3815999327564551,0.6573795894385066,0.7125813098481104
3,1000,6,0.5,397,0.7555505633354187,-0.7974174618721008,-0.2444494366645813,0.20258253812789917,0.7182562351226807,0.19684060564654465,0.3829885079345992,0.6622236239898562,0.7232592573540917
3,1000,6,0.5,398,0.7570710778236389,-0.7964463829994202,-0.24292892217636108,0.20355361700057983,0.7149888873100281,0.17944571152218775,0.3940424810009502,0.6605396018640303,0.7110894251135447
3,1000,6,0.5,399,0.7528660297393799,-0.7965566515922546,-0.24713397026062012,0.20344334840774536,0.703099250793457,0.19897017852524843,0.4094935391963867,0.6662199285401168,0.7274804973174461
3,1000,6,0.5,400,0.7517655491828918,-0.7974554896354675,-0.24823445081710815,0.20254451036453247,0.7131599187850952,0.1857849883753169,0.3920649602644516,0.6596276123000986,0.7185123829937092
3,1000,6,0.5,401,0.7535305619239807,-0.7961150407791138,-0.2464694380760193,0.20388495922088623,0.7269278764724731,0.1875103281828299,0.3806865951932628,0.6621876814946493,0.7168661064016706
3,1000,6,0.5,402,0.755026638507843,-0.7962027788162231,-0.24497336149215698,0.20379722118377686,0.7112197875976562,0.1785842948979999,0.3827333831641833,0.6578656414839341,0.7087194999565514
3,1000,6,0.5,403,0.7578452825546265,-0.7949753403663635,-0.24215471744537354,0.20502465963363647,0.7057227492332458,0.2067814824331066,0.40808812505694564,0.6750144076759667,0.7342602765076438
3,1000,6,0.5,404,0.7566359639167786,-0.7949395179748535,-0.24336403608322144,0.20506048202514648,0.712889552116394,0.19607965797323781,0.3946419203291109,0.6699644345132981,0.7242803562649894
3,1000,6,0.5,405,0.7552141547203064,-0.7949138879776001,-0.2447858452796936,0.2050861120223999,0.7180850505828857,0.21085817179768784,0.41005806374708625,0.6773110606635747,0.7364751152537776
3,1000,6,0.5,406,0.7533350586891174,-0.7970778346061707,-0.24666494131088257,0.20292216539382935,0.7124013304710388,0.1823007990975045,0.3786034035704046,0.6658262472747449,0.7125731443335371
3,1000,6,0.5,407,0.7507492899894714,-0.7992136478424072,-0.24925071001052856,0.20078635215759277,0.7269273400306702,0.17407569665321518,0.37256210164566844,0.658103128847888,0.705548559795799
3,1000,6,0.5,408,0.7469086647033691,-0.8009929060935974,-0.25309133529663086,0.1990070939064026,0.7348761558532715,0.18531699810028993,0.3755786324305065,0.663134318621579,0.7159784190180917
3,1000,6,0.5,409,0.7473688125610352,-0.8004063963890076,-0.25263118743896484,0.19959360361099243,0.7184710502624512,0.18437951129323962,0.38007023370492443,0.6623756971826146,0.713034804541639
3,1000,6,0.5,410,0.7506024241447449,-0.8007328510284424,-0.24939757585525513,0.19926714897155762,0.7294485569000244,0.19669343075909146,0.3906602884415146,0.6734217642755705,0.7217603714829534
3,1000,6,0.5,411,0.7495430111885071,-0.8021726608276367,-0.2504569888114929,0.19782733917236328,0.7358583211898804,0.1973700572676112,0.39800712827938645,0.6726090495707223,0.7224575883887632
3,1000,6,0.5,412,0.7516653537750244,-0.8006057739257812,-0.24833464622497559,0.19939422607421875,0.7385247945785522,0.17435862887286108,0.36693976553325397,0.6612577093346051,0.7045543772022317
3,1000,6,0.5,413,0.7493388652801514,-0.8027577996253967,-0.25066113471984863,0.19724220037460327,0.7111508846282959,0.193160380858735,0.39786840693932235,0.6617870710213228,0.7186967486394423
3,1000,6,0.5,414,0.7506911158561707,-0.8024170994758606,-0.24930888414382935,0.1975829005241394,0.7076375484466553,0.19595564970615764,0.41079460535397105,0.6676677376269047,0.7244814793345621
3,1000,6,0.5,415,0.7518464922904968,-0.8038234710693359,-0.24815350770950317,0.19617652893066406,0.7171467542648315,0.1918706582808631,0.3832164453407252,0.6578386101861387,0.7134968004228849
3,1000,6,0.5,416,0.7535086274147034,-0.8036687970161438,-0.24649137258529663,0.1963312029838562,0.7159596681594849,0.1893030163773843,0.3823218927687455,0.6555525358553226,0.7164253655910253
3,1000,6,0.5,417,0.7590880990028381,-0.8007625937461853,-0.24091190099716187,0.1992374062538147,0.7201820611953735,0.18179390032235207,0.3812446431193529,0.6640433338323203,0.7119509257196464
3,1000,6,0.5,418,0.7546738386154175,-0.804244339466095,-0.24532616138458252,0.19575566053390503,0.7250428199768066,0.1817371916860813,0.37711150845467456,0.6618058358140977,0.7065733332916584
3,1000,6,0.5,419,0.7557717561721802,-0.8028826117515564,-0.24422824382781982,0.1971173882484436,0.7288974523544312,0.19077171335021437,0.3840815447595186,0.6663701228798905,0.7185845422912478
3,1000,6,0.5,420,0.7574948668479919,-0.7991737127304077,-0.24250513315200806,0.20082628726959229,0.7333551645278931,0.19304423236425605,0.39261043864979256,0.671176642576055,0.7197884654284931
3,1000,6,0.5,421,0.7576116919517517,-0.7991786003112793,-0.2423883080482483,0.2008213996887207,0.7186039686203003,0.17992948216328983,0.3807757588194655,0.6591068415117348,0.7046653723186621
3,1000,6,0.5,422,0.7607272863388062,-0.7987803816795349,-0.23927271366119385,0.2012196183204651,0.7427287697792053,0.17856888914284808,0.3680155420526043,0.6680211694463768,0.7086258121883406
3,1000,6,0.5,423,0.7630445957183838,-0.8011069893836975,-0.2369554042816162,0.1988930106163025,0.7232297658920288,0.19257105426710475,0.38724666008433395,0.6681390548069956,0.7155093625777106
3,1000,6,0.5,424,0.7681295275688171,-0.8017944693565369,-0.23187047243118286,0.19820553064346313,0.7227249145507812,0.21258573843134,0.4114399965023972,0.687717769821562,0.7327579313141854
3,1000,6,0.5,425,0.7692863941192627,-0.8031340837478638,-0.2307136058807373,0.19686591625213623,0.7262808084487915,0.20985557344033193,0.41252198628913944,0.6939205737202633,0.7320727737839924
3,1000,6,0.5,426,0.7693687677383423,-0.806267499923706,-0.23063123226165771,0.19373250007629395,0.7163490653038025,0.21252179148442435,0.4129395891475922,0.6844618240895511,0.7364604133289459
3,1000,6,0.5,427,0.7693895697593689,-0.8075367212295532,-0.2306104302406311,0.19246327877044678,0.7281259894371033,0.17788017719508775,0.3736001853123843,0.6580376279654032,0.7059878644277907
3,1000,6,0.5,428,0.7687147855758667,-0.80685955286026,-0.2312852144241333,0.19314044713974,0.7308553457260132,0.19565633697072274,0.38431300699163756,0.6741129070748864,0.716852423949446
3,1000,6,0.5,429,0.7689574956893921,-0.8076066970825195,-0.2310425043106079,0.19239330291748047,0.7227288484573364,0.18678655938455258,0.3779881832697707,0.6668930052024982,0.7121094622722949
3,1000,6,0.5,430,0.7713234424591064,-0.8063722848892212,-0.22867655754089355,0.1936277151107788,0.7319669723510742,0.2052336019801436,0.39997829567702353,0.6735259767072677,0.7282140411464608
3,1000,6,0.5,431,0.7701268196105957,-0.8068060874938965,-0.2298731803894043,0.19319391250610352,0.7279574871063232,0.1915890077488853,0.38595314497512634,0.6780992016776053,0.7173327245968717
3,1000,6,0.5,432,0.7678440809249878,-0.8076983690261841,-0.2321559190750122,0.19230163097381592,0.7322540879249573,0.1970755160471868,0.39185438964007974,0.6792034131258063,0.7227984971862818
3,1000,6,0.5,433,0.7650687098503113,-0.8076215982437134,-0.23493129014968872,0.19237840175628662,0.7295042276382446,0.18368339778247142,0.3790298404528248,0.66387371847198,0.7127723389803728
3,1000,6,0.5,434,0.7636911273002625,-0.8077861666679382,-0.23630887269973755,0.19221383333206177,0.7554060220718384,0.18774245859508454,0.3737649127360615,0.6699589980214966,0.7135913782715545
3,1000,6,0.5,435,0.7637354731559753,-0.8094487190246582,-0.23626452684402466,0.1905512809753418,0.7361745834350586,0.18585289303003188,0.3848019872730967,0.6717169496350544,0.712654391491324
3,1000,6,0.5,436,0.763964056968689,-0.8090364336967468,-0.23603594303131104,0.19096356630325317,0.7353993654251099,0.21298421907538204,0.41128133525146304,0.6861310468403394,0.7360921943017056
3,1000,6,0.5,437,0.7704764604568481,-0.8067804574966431,-0.22952353954315186,0.19321954250335693,0.7176587581634521,0.1900358463423859,0.3966945900761598,0.68049714490565,0.7170945091269005
3,1000,6,0.5,438,0.7723633646965027,-0.8071714043617249,-0.22763663530349731,0.19282859563827515,0.7237242460250854,0.19394768661954329,0.39001068270088707,0.6765374548076253,0.719575727252575
3,1000,6,0.5,439,0.7741363048553467,-0.8077765107154846,-0.22586369514465332,0.19222348928451538,0.7306619882583618,0.19186822747184615,0.3809163875800482,0.6639823680517795,0.7178996181305289
3,1000,6,0.5,440,0.7749428153038025,-0.8081986308097839,-0.2250571846961975,0.19180136919021606,0.7297295331954956,0.1990554413020115,0.39417821517851953,0.6763177020200751,0.7240791073886569
3,1000,6,0.5,441,0.775100588798523,-0.8091314435005188,-0.22489941120147705,0.1908685564994812,0.7375837564468384,0.2060525079727782,0.4023225188734098,0.6821404825113475,0.7297796873820862
3,1000,6,0.5,442,0.7733029127120972,-0.8104982376098633,-0.22669708728790283,0.18950176239013672,0.7371863126754761,0.20129307628477547,0.40915556703269756,0.688921916089835,0.726909003889398
3,1000,6,0.5,443,0.7705877423286438,-0.810947835445404,-0.2294122576713562,0.18905216455459595,0.7343999147415161,0.21058852236559603,0.4104793838683834,0.6843905029705339,0.7307198949081983
3,1000,6,0.5,444,0.7683930993080139,-0.812585175037384,-0.23160690069198608,0.18741482496261597,0.7411036491394043,0.199343270197797,0.3914505970875243,0.6792461730716154,0.7232482000617491
3,1000,6,0.5,445,0.7647130489349365,-0.812288224697113,-0.23528695106506348,0.18771177530288696,0.7420367002487183,0.1969836794400155,0.3861993919059734,0.6715447200492377,0.7206509941449373
3,1000,6,0.5,446,0.7678384780883789,-0.8143001794815063,-0.2321615219116211,0.18569982051849365,0.7307189106941223,0.18491959581511896,0.3851905561222116,0.664902053858338,0.7127320011492777
3,1000,6,0.5,447,0.7675091028213501,-0.8166574239730835,-0.2324908971786499,0.1833425760269165,0.7389577627182007,0.20813923521725675,0.40181843846248827,0.6811468662589525,0.7317116526374167
3,1000,6,0.5,448,0.768112301826477,-0.8157418370246887,-0.23188769817352295,0.18425816297531128,0.7373747229576111,0.19786767961823978,0.4009372634411195,0.6799806100273992,0.7186383648162057
3,1000,6,0.5,449,0.7676279544830322,-0.8162336945533752,-0.23237204551696777,0.18376630544662476,0.7320144176483154,0.2068252040288409,0.4094130228776852,0.6819098279669566,0.7289194214397401
3,1000,6,0.5,450,0.7706543803215027,-0.8168808221817017,-0.22934561967849731,0.18311917781829834,0.725226640701294,0.19123259748701765,0.3936576091037894,0.664676349240076,0.7144495213695589
3,1000,6,0.5,451,0.7718371748924255,-0.8164573907852173,-0.22816282510757446,0.18354260921478271,0.7441221475601196,0.2106437916702523,0.40068740015572163,0.6788158645758842,0.7340469900364031
3,1000,6,0.5,452,0.769536018371582,-0.8191215395927429,-0.23046398162841797,0.18087846040725708,0.7356951236724854,0.1957157899161139,0.38550440037194406,0.6759450719765354,0.7172920303404094
3,1000,6,0.5,453,0.7669762372970581,-0.820897102355957,-0.2330237627029419,0.17910289764404297,0.7384272217750549,0.19890089445716577,0.39659855548531264,0.676551107699432,0.7215847490311103
3,1000,6,0.5,454,0.7650942206382751,-0.8223053216934204,-0.23490577936172485,0.1776946783065796,0.7361879944801331,0.2039345237306576,0.3974607216584122,0.6791862169912997,0.7267029998601576
3,1000,6,0.5,455,0.7680734395980835,-0.8234559297561646,-0.2319265604019165,0.17654407024383545,0.7328848838806152,0.19082444734975018,0.38423813524452977,0.6727767919542316,0.716265187417409
3,1000,6,0.5,456,0.7712032794952393,-0.8232263922691345,-0.22879672050476074,0.17677360773086548,0.7332783937454224,0.20010767829092793,0.38930400370302065,0.6733868825162422,0.7201632961615063
3,1000,6,0.5,457,0.7747480869293213,-0.82319176197052,-0.2252519130706787,0.17680823802947998,0.7366057634353638,0.19617979494792256,0.38877842988802574,0.6799589298238936,0.7210100538292544
3,1000,6,0.5,458,0.7732154726982117,-0.8273184299468994,-0.22678452730178833,0.17268157005310059,0.7532260417938232,0.19305667596963977,0.3755018874805111,0.6699284844949881,0.716310274533371
3,1000,6,0.5,459,0.7724616527557373,-0.8280982375144958,-0.2275383472442627,0.17190176248550415,0.7300338745117188,0.19355496874262215,0.39224860605235,0.6689471578192743,0.7171088252817983
3,1000,6,0.5,460,0.7714506387710571,-0.828132688999176,-0.22854936122894287,0.17186731100082397,0.7412649393081665,0.2164964258049031,0.41492572743253014,0.6838746464235919,0.7352689379464898
3,1000,6,0.5,461,0.7730069756507874,-0.8271130919456482,-0.22699302434921265,0.1728869080543518,0.7394166588783264,0.19552508171220276,0.3909394199087056,0.6767058806330398,0.7177110361657403
3,1000,6,0.5,462,0.7731925249099731,-0.8251346945762634,-0.22680747509002686,0.17486530542373657,0.7429543733596802,0.2026464118013214,0.39401861674244465,0.6761523761331655,0.7246848785231357
3,1000,6,0.5,463,0.7680311799049377,-0.824605405330658,-0.23196882009506226,0.17539459466934204,0.7480231523513794,0.2082698238101889,0.39388263995046474,0.6829171462173897,0.7280294554885564
3,1000,6,0.5,464,0.7663657665252686,-0.824644923210144,-0.23363423347473145,0.17535507678985596,0.7443408966064453,0.19091945720733908,0.3824075953341264,0.6713889385691877,0.7159137445827017
3,1000,6,0.5,465,0.767823338508606,-0.8245264887809753,-0.23217666149139404,0.17547351121902466,0.7437795400619507,0.2068966708821248,0.39077453281041413,0.6792586398859285,0.7280780986422533
3,1000,6,0.5,466,0.7695721983909607,-0.823583722114563,-0.2304278016090393,0.176416277885437,0.738092303276062,0.19678895387697334,0.39532042351072577,0.6780380511246896,0.7197979823498172
3,1000,6,0.5,467,0.7715470790863037,-0.8231696486473083,-0.2284529209136963,0.17683035135269165,0.7529306411743164,0.20495605745915316,0.38900307741197016,0.6839646647938088,0.7262845097195404
3,1000,6,0.5,468,0.775387704372406,-0.8239736557006836,-0.224612295627594,0.1760263442993164,0.744174599647522,0.20522526960341897,0.39466183911873065,0.6753637255961112,0.727245107462426
3,1000,6,0.5,469,0.7780435681343079,-0.821835994720459,-0.22195643186569214,0.17816400527954102,0.7394736409187317,0.2034838779948752,0.3986967991437433,0.6723154279113983,0.7265414826235373
3,1000,6,0.5,470,0.7763419151306152,-0.8216266632080078,-0.22365808486938477,0.1783733367919922,0.7423747181892395,0.1974336479897428,0.39177646163914204,0.679894871116098,0.720395815037195
3,1000,6,0.5,471,0.7747905254364014,-0.8209839463233948,-0.22520947456359863,0.17901605367660522,0.7461138963699341,0.1952438856378983,0.38593110800983366,0.6746806938174356,0.7191449798906999
3,1000,6,0.5,472,0.7762003540992737,-0.8204734921455383,-0.22379964590072632,0.17952650785446167,0.7480729818344116,0.20251686227648757,0.3965270787361591,0.6745464205734878,0.7241894579708881
3,1000,6,0.5,473,0.7757858633995056,-0.8231561183929443,-0.22421413660049438,0.17684388160705566,0.7478795051574707,0.21216807882733923,0.3982369402547849,0.6807207437506558,0.731082733772307
3,1000,6,0.5,474,0.7741945385932922,-0.8252445459365845,-0.22580546140670776,0.17475545406341553,0.7415297031402588,0.202134099429653,0.3980025021558451,0.6746713708128215,0.7204152692637635
3,1000,6,0.5,475,0.7744190692901611,-0.826770544052124,-0.22558093070983887,0.17322945594787598,0.7422308325767517,0.20744488368087619,0.3997053404762378,0.6793604433087137,0.7284429903494564
3,1000,6,0.5,476,0.7731480002403259,-0.8274286985397339,-0.22685199975967407,0.1725713014602661,0.749034583568573,0.20545671857109166,0.39241722269665075,0.6760815581499215,0.7266892236434735
3,1000,6,0.5,477,0.7710649967193604,-0.8257112503051758,-0.22893500328063965,0.17428874969482422,0.74286949634552,0.22145713232428954,0.4167037200383528,0.697757290514176,0.7391170352910449
3,1000,6,0.5,478,0.7703257203102112,-0.8278047442436218,-0.22967427968978882,0.17219525575637817,0.7474120855331421,0.2094181112912959,0.3973816151185337,0.6853642651268411,0.7281660141739528
3,1000,6,0.5,479,0.7762211561203003,-0.8247170448303223,-0.2237788438796997,0.17528295516967773,0.7511206865310669,0.21087141604572468,0.3983019590619045,0.6826720803295779,0.7290838617601526
3,1000,6,0.5,480,0.7823526859283447,-0.821705162525177,-0.21764731407165527,0.178294837474823,0.7524774074554443,0.20748759977428263,0.39057517710940487,0.6839200954184161,0.7295860877106493
3,1000,6,0.5,481,0.7840698957443237,-0.8235222697257996,-0.21593010425567627,0.17647773027420044,0.7471832036972046,0.1965437617146264,0.3853069719190508,0.6761586125806204,0.7196595306440267
3,1000,6,0.5,482,0.7851975560188293,-0.8233026266098022,-0.21480244398117065,0.17669737339019775,0.7453426122665405,0.21841063401930413,0.4105160125511928,0.6912540656843784,0.73766791943514
3,1000,6,0.5,483,0.7841131091117859,-0.8253599405288696,-0.2158868908882141,0.17464005947113037,0.7491716146469116,0.2379101585385074,0.43780592995324213,0.7082002611174367,0.7536499806163984
3,1000,6,0.5,484,0.7806267142295837,-0.8298706412315369,-0.21937328577041626,0.17012935876846313,0.7487407326698303,0.20462069323275475,0.3967632229074529,0.6887235252026624,0.7279869599957901
3,1000,6,0.5,485,0.784087598323822,-0.8270357847213745,-0.21591240167617798,0.1729642152786255,0.7629618048667908,0.23754758959962924,0.44395591825083824,0.7110819416334831,0.7531658065464548
3,1000,6,0.5,486,0.7816847562789917,-0.8311998844146729,-0.2183152437210083,0.16880011558532715,0.7431213855743408,0.21353368384618726,0.4081378290391732,0.6887086438488421,0.7353124378427679
3,1000,6,0.5,487,0.7835395932197571,-0.8308346271514893,-0.21646040678024292,0.16916537284851074,0.7446600198745728,0.21948147522164044,0.4075461687226766,0.6843299239426883,0.7392766084914525
3,1000,6,0.5,488,0.7855128049850464,-0.830145537853241,-0.2144871950149536,0.16985446214675903,0.7514827847480774,0.2020870364978161,0.38469094833938117,0.683532199382595,0.7250990009879688
3,1000,6,0.5,489,0.7847368717193604,-0.8282748460769653,-0.21526312828063965,0.17172515392303467,0.7552940845489502,0.19945950889223538,0.3875633574700565,0.6876136025754552,0.7227921802257238
3,1000,6,0.5,490,0.7863817811012268,-0.8255906105041504,-0.2136182188987732,0.1744093894958496,0.7568085193634033,0.21284204070568682,0.40256464556723487,0.6808069481297448,0.7347839822526653
3,1000,6,0.5,491,0.7848079800605774,-0.826438844203949,-0.2151920199394226,0.17356115579605103,0.7634768486022949,0.19496977432135343,0.38309170757427774,0.6773087492012188,0.7166384381327509
3,1000,6,0.5,492,0.7876090407371521,-0.825440526008606,-0.2123909592628479,0.17455947399139404,0.7680595517158508,0.20855856999325095,0.3946365762454052,0.680040568452731,0.7298949692317644
3,1000,6,0.5,493,0.7899558544158936,-0.8240949511528015,-0.21004414558410645,0.1759050488471985,0.7585835456848145,0.20063685756577262,0.3979585029772372,0.6819674564160101,0.7228883495646853
3,1000,6,0.5,494,0.7894630432128906,-0.8222389221191406,-0.21053695678710938,0.17776107788085938,0.7586830854415894,0.197741049492671,0.3871473152402035,0.6816515014016125,0.7220419102028052
3,1000,6,0.5,495,0.7880774140357971,-0.8228181004524231,-0.21192258596420288,0.1771818995475769,0.758301854133606,0.1966760433079174,0.3814241235369482,0.6727009275705441,0.7216300313958816
3,1000,6,0.5,496,0.7847762107849121,-0.8245512843132019,-0.2152237892150879,0.1754487156867981,0.7633316516876221,0.20599918491305277,0.397914571369778,0.680628948095335,0.7263467002094539
3,1000,6,0.5,497,0.7858155965805054,-0.8240087628364563,-0.21418440341949463,0.1759912371635437,0.7608184814453125,0.20551085909665578,0.3988833053855514,0.693584548746683,0.7298869190461624
3,1000,6,0.5,498,0.7871538996696472,-0.8246141076087952,-0.21284610033035278,0.17538589239120483,0.7613318562507629,0.22540656261273115,0.4159727156505504,0.6965538565315303,0.7432143796594801
3,1000,6,0.5,499,0.7835097312927246,-0.8288969397544861,-0.2164902687072754,0.17110306024551392,0.7619941234588623,0.1993283032823478,0.3823093656314292,0.6734006468597985,0.7230700634173161
3,1000,6,0.5,500,0.7800392508506775,-0.8320293426513672,-0.2199607491493225,0.1679706573486328,0.7641287446022034,0.20586376056377118,0.3878717109316605,0.69361967205668,0.7265477516804539
3,1000,6,0.5,501,0.7805707454681396,-0.8345049023628235,-0.21942925453186035,0.1654950976371765,0.7683908939361572,0.20654671975676264,0.3977237638727953,0.682951590799955,0.7254011600283283
3,1000,6,0.5,502,0.783189058303833,-0.8335344195365906,-0.216810941696167,0.16646558046340942,0.7521491646766663,0.2078109374099059,0.4006004311346667,0.6851612485787208,0.7287748324548633
3,1000,6,0.5,503,0.7848119735717773,-0.8317434787750244,-0.21518802642822266,0.16825652122497559,0.7559792399406433,0.20127176720010528,0.39542320165548306,0.6846448359815035,0.7225833089238072
3,1000,6,0.5,504,0.7840691208839417,-0.8329105377197266,-0.21593087911605835,0.16708946228027344,0.7697466611862183,0.21058226562481344,0.3943012725109996,0.6865992296874314,0.7310647803487941
3,1000,6,0.5,505,0.7845010757446289,-0.8347442746162415,-0.2154989242553711,0.16525572538375854,0.7692644000053406,0.20161158482821762,0.3890304865727485,0.6792910184265887,0.7246434059148361
3,1000,6,0.5,506,0.7850115895271301,-0.8368262052536011,-0.21498841047286987,0.16317379474639893,0.7766321897506714,0.19646217527358023,0.3797418135683185,0.6746260575176172,0.7209989349336886
3,1000,6,0.5,507,0.7903193235397339,-0.8335265517234802,-0.2096806764602661,0.16647344827651978,0.7528517246246338,0.19596144444290048,0.39150750447973826,0.6751988848089009,0.7207940243714424
3,1000,6,0.5,508,0.7892458438873291,-0.8334259390830994,-0.2107541561126709,0.16657406091690063,0.7655892372131348,0.20783253569091187,0.3940724839104759,0.6912387992288545,0.72718207036767
3,1000,6,0.5,509,0.7901769280433655,-0.8332409858703613,-0.20982307195663452,0.16675901412963867,0.7610902786254883,0.20637712721650334,0.39209148479685496,0.6747354572639697,0.7273652330412249
3,1000,6,0.5,510,0.7856330275535583,-0.834780216217041,-0.21436697244644165,0.16521978378295898,0.7513911724090576,0.22058935523155404,0.41049725454543023,0.6917072344236463,0.7389162803124156
3,1000,6,0.5,511,0.7833217978477478,-0.8343635201454163,-0.2166782021522522,0.16563647985458374,0.768543004989624,0.21489309284191846,0.4126831554296643,0.7003656099137483,0.7333505284485063
3,1000,6,0.5,512,0.7840893268585205,-0.8339242339134216,-0.2159106731414795,0.16607576608657837,0.7680725455284119,0.22701941666104106,0.4114337013225031,0.6987478039193604,0.7456845561514087
3,1000,6,0.5,513,0.7843166589736938,-0.836429238319397,-0.21568334102630615,0.16357076168060303,0.7638232111930847,0.2114415169809222,0.39654124419083286,0.6866816229341123,0.7315036163524031
3,1000,6,0.5,514,0.7850296497344971,-0.8353011012077332,-0.21497035026550293,0.16469889879226685,0.766390323638916,0.20223953701580819,0.3921802406529633,0.6831751391445187,0.7268758766428497
3,1000,6,0.5,515,0.7854245901107788,-0.8344177603721619,-0.2145754098892212,0.16558223962783813,0.7723598480224609,0.2046454587797115,0.38198462223038665,0.6857119083476931,0.7241351937904358
3,1000,6,0.5,516,0.7857708930969238,-0.834077775478363,-0.21422910690307617,0.16592222452163696,0.7589743137359619,0.21011466158779232,0.3973805272753421,0.6917493273203223,0.7298116568858626
3,1000,6,0.5,517,0.7832851409912109,-0.8366385698318481,-0.21671485900878906,0.16336143016815186,0.7707420587539673,0.22050555306395284,0.40138680872794663,0.6834174466738834,0.7393855904616414
3,1000,6,0.5,518,0.7839011549949646,-0.8350719213485718,-0.2160988450050354,0.16492807865142822,0.7548538446426392,0.22724962140639568,0.4102800698369247,0.7008500454967818,0.7411789332938041
3,1000,6,0.5,519,0.7839114665985107,-0.8349076509475708,-0.21608853340148926,0.1650923490524292,0.7679358124732971,0.22012818708447596,0.4032195576559796,0.6965923082338423,0.7388464480035164
3,1000,6,0.5,520,0.7878517508506775,-0.8342141509056091,-0.2121482491493225,0.16578584909439087,0.76402747631073,0.23179811547674345,0.4245085908747724,0.704577745219373,0.7491548878557702
3,1000,6,0.5,521,0.7878710031509399,-0.8350856304168701,-0.21212899684906006,0.16491436958312988,0.7586080431938171,0.22896957295731615,0.41531194185558123,0.6989044826721806,0.7447083705058454
3,1000,6,0.5,522,0.788237988948822,-0.8353785276412964,-0.21176201105117798,0.1646214723587036,0.7652118802070618,0.22232628497667922,0.40554402410180657,0.6926741032069853,0.7377449642159929
3,1000,6,0.5,523,0.7909824252128601,-0.8324370980262756,-0.2090175747871399,0.16756290197372437,0.7677666544914246,0.24063424389943416,0.4288864051654579,0.7055474058382262,0.756281233609043
3,1000,6,0.5,524,0.7907753586769104,-0.8314904570579529,-0.2092246413230896,0.16850954294204712,0.7452709078788757,0.22167561306907502,0.41445901373244426,0.6871677759475745,0.7443631649746829
3,1000,6,0.5,525,0.7868335247039795,-0.8324905037879944,-0.2131664752960205,0.16750949621200562,0.7779546976089478,0.2285009641755623,0.41378492390409893,0.6965007049311853,0.7468406740711896
3,1000,6,0.5,526,0.785019040107727,-0.8306643962860107,-0.21498095989227295,0.16933560371398926,0.7534447908401489,0.20688357719169684,0.4049638557049942,0.6863624836033025,0.73020017013636
3,1000,6,0.5,527,0.7846684455871582,-0.8298895359039307,-0.2153315544128418,0.17011046409606934,0.7940720915794373,0.2082469672523772,0.3769312671406651,0.6829037099653812,0.7267268552035694
3,1000,6,0.5,528,0.7865920066833496,-0.8298200964927673,-0.2134079933166504,0.17017990350723267,0.7617135643959045,0.21262544245494872,0.39841819139419427,0.6944852373077438,0.7326311331506322
3,1000,6,0.5,529,0.7880394458770752,-0.8301714062690735,-0.2119605541229248,0.1698285937309265,0.786531925201416,0.21475136913452966,0.3935417897194226,0.6927293082237757,0.7350542736132543
3,1000,6,0.5,530,0.7878770232200623,-0.8317630887031555,-0.21212297677993774,0.16823691129684448,0.7678316831588745,0.22178575546503332,0.3987206749166847,0.6942115292697965,0.7405630053099401
3,1000,6,0.5,531,0.7911145687103271,-0.8304336667060852,-0.20888543128967285,0.1695663332939148,0.7591438293457031,0.23116641746133357,0.4253660859493428,0.7070095068811793,0.7488228087142581
3,1000,6,0.5,532,0.7907487154006958,-0.8298043608665466,-0.2092512845993042,0.17019563913345337,0.7769296169281006,0.2483930643988316,0.42739432811106143,0.7097020888710415,0.7643486278878224
3,1000,6,0.5,533,0.7892524003982544,-0.830224871635437,-0.2107475996017456,0.169775128364563,0.769137978553772,0.22932987901828694,0.4204788069353265,0.7106378136745478,0.7472084027855241
3,1000,6,0.5,534,0.7867347598075867,-0.8301325440406799,-0.21326524019241333,0.16986745595932007,0.7834664583206177,0.24549599081863893,0.4313190914312709,0.7129309557949134,0.757814381547076
3,1000,6,0.5,535,0.7857853174209595,-0.8308394551277161,-0.21421468257904053,0.16916054487228394,0.7727595567703247,0.2290573400204908,0.4122555019731562,0.70566418474482,0.7457646231506917
3,1000,6,0.5,536,0.7858004570007324,-0.8330023884773254,-0.21419954299926758,0.16699761152267456,0.7834689617156982,0.23260373668800258,0.4045125772452569,0.7042178184281991,0.74999886981153
3,1000,6,0.5,537,0.7885918021202087,-0.8300652503967285,-0.21140819787979126,0.16993474960327148,0.772594690322876,0.2262952932931068,0.4150144328334429,0.7037253047560287,0.7453950732457233
3,1000,6,0.5,538,0.7896715402603149,-0.8286864757537842,-0.21032845973968506,0.17131352424621582,0.7779147624969482,0.24093782236289787,0.4227670894536448,0.7105240473229287,0.7554927192996281
3,1000,6,0.5,539,0.7889273166656494,-0.8299499750137329,-0.21107268333435059,0.1700500249862671,0.7713728547096252,0.24568054814361814,0.4302021359498429,0.7130284189433728,0.7602400521174261
3,1000,6,0.5,540,0.787853479385376,-0.8317444324493408,-0.21214652061462402,0.16825556755065918,0.7790323495864868,0.2467025842837297,0.43525963242508964,0.7109934271453016,0.7564827942467323
3,1000,6,0.5,541,0.7897230982780457,-0.8332462310791016,-0.21027690172195435,0.16675376892089844,0.7672946453094482,0.23269698349088613,0.41689851881769646,0.7053282004701933,0.7522210938394803
3,1000,6,0.5,542,0.790705680847168,-0.835906445980072,-0.20929431915283203,0.16409355401992798,0.7685317993164062,0.2217359332047172,0.3968061405072366,0.6888928046976992,0.7431866559246318
3,1000,6,0.5,543,0.792235791683197,-0.8363269567489624,-0.20776420831680298,0.1636730432510376,0.7654812335968018,0.2218383877276013,0.4064538864850393,0.6975953617535429,0.7404977475142999
3,1000,6,0.5,544,0.791256844997406,-0.8390414118766785,-0.208743155002594,0.16095858812332153,0.7863667011260986,0.207612185178953,0.3880073958439512,0.6890693521465984,0.731561859063051
3,1000,6,0.5,545,0.7899265885353088,-0.8409326672554016,-0.21007341146469116,0.1590673327445984,0.7851536870002747,0.206982717940087,0.38241555455960996,0.6879633150750386,0.7278079983740833
3,1000,6,0.5,546,0.7933616042137146,-0.8406097292900085,-0.2066383957862854,0.15939027070999146,0.7814232110977173,0.2112688791330937,0.39554767939189533,0.6993234422631112,0.7334829313559365
3,1000,6,0.5,547,0.7977305054664612,-0.8396092057228088,-0.20226949453353882,0.16039079427719116,0.7618476152420044,0.23601347935515601,0.41796422788680215,0.7054147848136614,0.7514412963756674
3,1000,6,0.5,548,0.7979277968406677,-0.8403156995773315,-0.20207220315933228,0.15968430042266846,0.7706462144851685,0.22592568222012968,0.4095577126496723,0.7054664122544324,0.7478424227319744
3,1000,6,0.5,549,0.7961826324462891,-0.8409192562103271,-0.20381736755371094,0.15908074378967285,0.7696346044540405,0.22406140692847076,0.40011668369747583,0.7001812427604689,0.740598860826092
3,1000,6,0.5,550,0.7934868335723877,-0.8413051962852478,-0.2065131664276123,0.1586948037147522,0.7759604454040527,0.22225653358309533,0.401945206596176,0.6869485192921652,0.7427095676906867
3,1000,6,0.5,551,0.7939695119857788,-0.8403310179710388,-0.2060304880142212,0.15966898202896118,0.7825511693954468,0.2261430802511788,0.40137269034232725,0.7100093253220734,0.7440165002593895
3,1000,6,0.5,552,0.7968331575393677,-0.8377978801727295,-0.20316684246063232,0.1622021198272705,0.7689710855484009,0.23707564613865018,0.42352211187083016,0.7187568657400205,0.7526301326778676
3,1000,6,0.5,553,0.7961243987083435,-0.8368757367134094,-0.2038756012916565,0.16312426328659058,0.7801822423934937,0.24912918769734368,0.4414537395335483,0.7154331424715976,0.7656844698969805
3,1000,6,0.5,554,0.7924172282218933,-0.838484525680542,-0.2075827717781067,0.161515474319458,0.7815659046173096,0.24201052632341197,0.42398198303579093,0.7211352490955152,0.7592745586878893
3,1000,6,0.5,555,0.7912945747375488,-0.8389936089515686,-0.20870542526245117,0.1610063910484314,0.7830654978752136,0.24086462848297555,0.4261443036828605,0.7179139967725026,0.756328414910811
3,1000,6,0.5,556,0.7893527150154114,-0.8391350507736206,-0.21064728498458862,0.1608649492263794,0.787522554397583,0.2454703617647818,0.4256068671889947,0.7181095819348351,0.7588455228212807
3,1000,6,0.5,557,0.7908596396446228,-0.8401292562484741,-0.2091403603553772,0.15987074375152588,0.7716988325119019,0.22839668156007312,0.4063059014863511,0.7051294531406527,0.7471530132615564
3,1000,6,0.5,558,0.7960689663887024,-0.8402712941169739,-0.2039310336112976,0.15972870588302612,0.7887345552444458,0.24151965803397568,0.4096168501467249,0.7093649054678275,0.7550515385054068
3,1000,6,0.5,559,0.795189380645752,-0.8399273753166199,-0.20481061935424805,0.16007262468338013,0.7900903820991516,0.2417669624770912,0.43039610570298303,0.7264890630603332,0.7534906210088101
3,1000,6,0.5,560,0.7912819385528564,-0.8403311371803284,-0.20871806144714355,0.15966886281967163,0.7821094989776611,0.2386036609029394,0.4289407605883869,0.7180802806871134,0.7547930768683416
3,1000,6,0.5,561,0.7867501974105835,-0.8432753682136536,-0.2132498025894165,0.15672463178634644,0.7823725938796997,0.221006251617591,0.4020134125004546,0.6951017391759384,0.7385306574603259
3,1000,6,0.5,562,0.7875035405158997,-0.8432561159133911,-0.21249645948410034,0.1567438840866089,0.7895712852478027,0.2121211021273347,0.39790237546210605,0.7025555463356363,0.7363554749878961
3,1000,6,0.5,563,0.7863627076148987,-0.8450794816017151,-0.21363729238510132,0.1549205183982849,0.7683221697807312,0.2197112119912629,0.39919348875856997,0.6961074983061346,0.7344986313182961
3,1000,6,0.5,564,0.7858342528343201,-0.8462377190589905,-0.21416574716567993,0.15376228094100952,0.7639594078063965,0.2280368734959457,0.4044749631521622,0.6958202100712387,0.7401311786060629
3,1000,6,0.5,565,0.7849718928337097,-0.8473436832427979,-0.21502810716629028,0.15265631675720215,0.7835821509361267,0.2344807820164985,0.4079181228668991,0.7036971728965543,0.7501690409672335
3,1000,6,0.5,566,0.7839363813400269,-0.8508633375167847,-0.21606361865997314,0.14913666248321533,0.777184247970581,0.24849009865793287,0.4260524600913245,0.7157235131049932,0.7560909188006026
3,1000,6,0.5,567,0.7828499674797058,-0.8520672917366028,-0.2171500325202942,0.14793270826339722,0.7694091200828552,0.23797598877764634,0.4107189430934213,0.7088604309744282,0.7501039028153006
3,1000,6,0.5,568,0.786127507686615,-0.8518524169921875,-0.213872492313385,0.1481475830078125,0.7774169445037842,0.24228160190868936,0.41634219693129176,0.7173045815025142,0.7550205224628534
3,1000,6,0.5,569,0.7861251831054688,-0.8517187833786011,-0.21387481689453125,0.14828121662139893,0.7720072269439697,0.2408439614046485,0.4230765787063001,0.720565406576306,0.7552382285759461
3,1000,6,0.5,570,0.7904950976371765,-0.8492244482040405,-0.2095049023628235,0.15077555179595947,0.773833155632019,0.2482428215899162,0.43344961310645774,0.7132263155538985,0.7599144200385335
3,1000,6,0.5,571,0.791494607925415,-0.8488066792488098,-0.20850539207458496,0.15119332075119019,0.7963365912437439,0.24806830607191885,0.4326115810743284,0.7278150335370183,0.7574607520965587
3,1000,6,0.5,572,0.7916896939277649,-0.8486846089363098,-0.2083103060722351,0.15131539106369019,0.7866322994232178,0.23942110422648252,0.4141951826653141,0.7152742338091449,0.7544154083741496
3,1000,6,0.5,573,0.7885972857475281,-0.8505736589431763,-0.21140271425247192,0.14942634105682373,0.7815719842910767,0.24410539954413824,0.41616973224239034,0.7088862966624433,0.7576722154630892
3,1000,6,0.5,574,0.7905340790748596,-0.8501878976821899,-0.20946592092514038,0.14981210231781006,0.7763436436653137,0.23109522539174474,0.4143855435229672,0.7077933004644822,0.7477138265991622
3,1000,6,0.5,575,0.7933134436607361,-0.8491348028182983,-0.20668655633926392,0.15086519718170166,0.7756600975990295,0.2411516729247951,0.4196777591052577,0.7132745782454619,0.7539529410409384
3,1000,6,0.5,576,0.795502781867981,-0.8503416180610657,-0.20449721813201904,0.14965838193893433,0.7862883806228638,0.2202310122557783,0.39224330513788613,0.6964282577854418,0.7386866884159194
3,1000,6,0.5,577,0.7970429062843323,-0.8520057797431946,-0.20295709371566772,0.14799422025680542,0.7871183753013611,0.22169446669650533,0.40149104209239966,0.7047942674964489,0.7374343881733555
3,1000,6,0.5,578,0.7953497171401978,-0.853901743888855,-0.20465028285980225,0.14609825611114502,0.7823395729064941,0.22677568988752203,0.40008769268484423,0.7061134133749527,0.7448139718318382
3,1000,6,0.5,579,0.7954680323600769,-0.853152334690094,-0.2045319676399231,0.146847665309906,0.775536060333252,0.23609866018704312,0.4155623069048241,0.7065815035881313,0.7509336512041784
3,1000,6,0.5,580,0.7958616018295288,-0.8526758551597595,-0.2041383981704712,0.14732414484024048,0.7889099717140198,0.23855002724110896,0.4184325787727841,0.7168386392177389,0.7542463366190065
3,1000,6,0.5,581,0.7995238304138184,-0.851637065410614,-0.20047616958618164,0.148362934589386,0.7861790060997009,0.23616705303651556,0.4098462733131699,0.7058265896076162,0.7485368422473664
3,1000,6,0.5,582,0.7998273968696594,-0.8523557186126709,-0.20017260313034058,0.1476442813873291,0.787756085395813,0.23504102677676147,0.41126163598627713,0.7118645932606793,0.7508674213727021
3,1000,6,0.5,583,0.80055171251297,-0.8524327278137207,-0.19944828748703003,0.1475672721862793,0.78293776512146,0.23909876018467782,0.4165258835113698,0.7161930733296812,0.7505500631357566
3,1000,6,0.5,584,0.8033770322799683,-0.8518986105918884,-0.19662296772003174,0.14810138940811157,0.7876522541046143,0.2472753423631391,0.4262752291976746,0.7139398666386971,0.7598380135846867
3,1000,6,0.5,585,0.803048312664032,-0.8529496192932129,-0.19695168733596802,0.1470503807067871,0.7841472029685974,0.23939423373138366,0.41554725024598294,0.7026946149116151,0.7506598203839168
3,1000,6,0.5,586,0.8012403845787048,-0.8561235070228577,-0.19875961542129517,0.14387649297714233,0.7902990579605103,0.21209628295629365,0.38643172480623944,0.6937688961267442,0.7307529103711177
3,1000,6,0.5,587,0.8028177618980408,-0.8542769551277161,-0.19718223810195923,0.14572304487228394,0.7890294790267944,0.2314179897642974,0.40487947036085614,0.7006038791001907,0.7495885310494077
3,1000,6,0.5,588,0.8036240935325623,-0.852026104927063,-0.19637590646743774,0.147973895072937,0.7768292427062988,0.23765063865171124,0.4156041573751741,0.7028990157203063,0.7511048349345036
3,1000,6,0.5,589,0.8033843040466309,-0.8509473204612732,-0.19661569595336914,0.1490526795387268,0.7879996299743652,0.23277117402766503,0.4116833350684409,0.7141741254708707,0.7499763821780937
3,1000,6,0.5,590,0.8050039410591125,-0.8511018753051758,-0.19499605894088745,0.14889812469482422,0.787085235118866,0.24374220660412343,0.42362517365061764,0.7130264264715751,0.7558024657261608
3,1000,6,0.5,591,0.8063786029815674,-0.8510817885398865,-0.19362139701843262,0.14891821146011353,0.7684026956558228,0.23778843684483794,0.41739855509617235,0.706440629625538,0.7525163431522742
3,1000,6,0.5,592,0.8043104410171509,-0.851536750793457,-0.19568955898284912,0.14846324920654297,0.7739220857620239,0.2410879462663118,0.417823847428766,0.7183402387073806,0.7527522217360025
3,1000,6,0.5,593,0.804470956325531,-0.8508917689323425,-0.195529043674469,0.14910823106765747,0.7764627933502197,0.24239517237216207,0.4183234105909295,0.7083219898745609,0.7539425039197631
3,1000,6,0.5,594,0.8076407313346863,-0.8520762920379639,-0.19235926866531372,0.14792370796203613,0.7856159806251526,0.23515138206646777,0.4037496454487425,0.7103089038451722,0.7514506363936766
3,1000,6,0.5,595,0.8085634708404541,-0.8524572253227234,-0.1914365291595459,0.1475427746772766,0.7771509885787964,0.24191690118429104,0.4241915023055938,0.7188828068101403,0.7532600805796437
3,1000,6,0.5,596,0.8046887516975403,-0.8534755110740662,-0.19531124830245972,0.14652448892593384,0.7758829593658447,0.24515150005813482,0.42167310036125544,0.7102851300651827,0.7585954635542465
3,1000,6,0.5,597,0.8041160702705383,-0.8521673083305359,-0.19588392972946167,0.1478326916694641,0.769727885723114,0.24224350761056598,0.43439993970688534,0.7083681330550204,0.7572651493180321
3,1000,6,0.5,598,0.8020564317703247,-0.8536149859428406,-0.1979435682296753,0.14638501405715942,0.8072863221168518,0.2366192133599485,0.4064100267467408,0.7135135536899045,0.7529628559588389
3,1000,6,0.5,599,0.7997581362724304,-0.8562347888946533,-0.20024186372756958,0.14376521110534668,0.7878197431564331,0.23399856362682783,0.4058692190373068,0.7138609303993662,0.7482548314128917
3,1000,6,0.5,600,0.8002822399139404,-0.857146143913269,-0.19971776008605957,0.14285385608673096,0.7840676307678223,0.23441648365558315,0.41482675468007413,0.7132013726003729,0.749844724344045
3,1000,6,0.5,601,0.7998104095458984,-0.8591897487640381,-0.20018959045410156,0.14081025123596191,0.7976158857345581,0.24356785880335516,0.4137010674772634,0.7134702518104398,0.7548011668671829
3,1000,6,0.5,602,0.800320565700531,-0.8614027500152588,-0.199679434299469,0.1385972499847412,0.7950787544250488,0.2364397965172053,0.4107981536692421,0.7108708499724095,0.7483349276377274
3,1000,6,0.5,603,0.8028482794761658,-0.8611791729927063,-0.19715172052383423,0.1388208270072937,0.7970824241638184,0.23055860319157498,0.40222412098454524,0.7125786061294935,0.7409792782024437
3,1000,6,0.5,604,0.8080634474754333,-0.8577548861503601,-0.19193655252456665,0.1422451138496399,0.8023984432220459,0.239922794423772,0.4188800781037861,0.7231842601533225,0.7526286713128869
3,1000,6,0.5,605,0.8106865882873535,-0.8567119240760803,-0.18931341171264648,0.14328807592391968,0.8002579212188721,0.22579228070238333,0.39684786889625956,0.7043048819594787,0.7422743149985005
3,1000,6,0.5,606,0.8143101930618286,-0.8565264344215393,-0.1856898069381714,0.1434735655784607,0.7952064871788025,0.22787120489769486,0.4028560780449588,0.7155567712069544,0.7435385843545942
3,1000,6,0.5,607,0.8163815140724182,-0.8548859357833862,-0.1836184859275818,0.14511406421661377,0.7990031242370605,0.22911150613706036,0.3992390888056539,0.7079918656098616,0.7440376555520453
3,1000,6,0.5,608,0.8117122650146484,-0.8569818735122681,-0.18828773498535156,0.14301812648773193,0.8076490163803101,0.22401986737144625,0.39292866080731587,0.7103427537480362,0.7406936820923736
3,1000,6,0.5,609,0.809999406337738,-0.8566446304321289,-0.19000059366226196,0.1433553695678711,0.8049501180648804,0.23972524442205775,0.408941244555795,0.7196224494383725,0.7534589744203604
3,1000,6,0.5,610,0.8080230355262756,-0.8561514616012573,-0.19197696447372437,0.14384853839874268,0.8130262494087219,0.2306981086220156,0.40037739212839313,0.715124346620536,0.7468406862551065
3,1000,6,0.5,611,0.8069343566894531,-0.8568621873855591,-0.19306564331054688,0.14313781261444092,0.8020023107528687,0.24357317606537857,0.40681682794523966,0.7204550737412794,0.7550093537527349
3,1000,6,0.5,612,0.8072234392166138,-0.8536638617515564,-0.19277656078338623,0.1463361382484436,0.7928797006607056,0.23502201604509998,0.40949151713532445,0.7049304951572062,0.7499421446864899
3,1000,6,0.5,613,0.806311309337616,-0.8540366291999817,-0.19368869066238403,0.1459633708000183,0.7787171602249146,0.2568342157139279,0.43869958083717703,0.7252977482616609,0.7672866561568078
3,1000,6,0.5,614,0.8052780032157898,-0.8549880981445312,-0.1947219967842102,0.14501190185546875,0.7945408821105957,0.25955551005431104,0.43849168749342765,0.7239441839081162,0.7708734333502228
3,1000,6,0.5,615,0.805842936038971,-0.8576085567474365,-0.19415706396102905,0.14239144325256348,0.7826414704322815,0.255171486889508,0.44033961386560355,0.7234437931712023,0.765537497427557
3,1000,6,0.5,616,0.8078266978263855,-0.8574953079223633,-0.1921733021736145,0.14250469207763672,0.7933170795440674,0.2668420206172774,0.44847313536557065,0.7420523131291487,0.7738080259752649
3,1000,6,0.5,617,0.8077735304832458,-0.8623586297035217,-0.19222646951675415,0.13764137029647827,0.8014708757400513,0.26081915334300076,0.4351527624617394,0.7264735054391118,0.7681405068090001
3,1000,6,0.5,618,0.8073765635490417,-0.8633425235748291,-0.19262343645095825,0.1366574764251709,0.7935969829559326,0.2650560813390158,0.4360450123868954,0.7336164836396324,0.7695215524863425
3,1000,6,0.5,619,0.8040427565574646,-0.8638855218887329,-0.1959572434425354,0.1361144781112671,0.7924404144287109,0.2571277012219785,0.42224372777900826,0.7265453586789379,0.7656463309997271
3,1000,6,0.5,620,0.8041734099388123,-0.8648651838302612,-0.19582659006118774,0.13513481616973877,0.8001334071159363,0.2572378369228034,0.4272383800688728,0.7275991384773454,0.7658395599840396
3,1000,6,0.5,621,0.8066474795341492,-0.8640217185020447,-0.19335252046585083,0.13597828149795532,0.7908966541290283,0.24931208263708096,0.4275829368661908,0.7238225628247088,0.7568318837167617
3,1000,6,0.5,622,0.8086098432540894,-0.8665895462036133,-0.19139015674591064,0.13341045379638672,0.8105747699737549,0.25211309268350046,0.41742245619511265,0.7249938860380293,0.7625384709477234
3,1000,6,0.5,623,0.808557391166687,-0.8682920932769775,-0.191442608833313,0.13170790672302246,0.7951570749282837,0.23325804975263,0.39922910818700424,0.7096848928933482,0.7457434671443625
3,1000,6,0.5,624,0.8109527826309204,-0.8657886385917664,-0.1890472173690796,0.13421136140823364,0.7992843985557556,0.24208891789705086,0.4091238337630487,0.7190923546513788,0.75408075363565
3,1000,6,0.5,625,0.8126382827758789,-0.8629786968231201,-0.1873617172241211,0.13702130317687988,0.8046427965164185,0.24351281892301496,0.42363783600542687,0.7229854528766242,0.7546206781513543
3,1000,6,0.5,626,0.8083948493003845,-0.8653374314308167,-0.19160515069961548,0.13466256856918335,0.7901806831359863,0.25356853815683644,0.42250506316286207,0.7216928712104604,0.7600357471595082
3,1000,6,0.5,627,0.8125277757644653,-0.8630631566047668,-0.18747222423553467,0.13693684339523315,0.8012522459030151,0.2542533202395624,0.42689511100870603,0.7227081618956578,0.7610486298192572
3,1000,6,0.5,628,0.8151879906654358,-0.8614029288291931,-0.1848120093345642,0.13859707117080688,0.8007356524467468,0.261335088792573,0.4456745019832175,0.7346755509334935,0.7640189986036201
3,1000,6,0.5,629,0.815273106098175,-0.8643375635147095,-0.18472689390182495,0.13566243648529053,0.8019666075706482,0.25076784813245384,0.42233229131631417,0.7257798645281494,0.7607582294323676
3,1000,6,0.5,630,0.8141360282897949,-0.8650203347206116,-0.18586397171020508,0.13497966527938843,0.7932397127151489,0.24502959613126832,0.4198803037347969,0.7206507786892525,0.7546626483675005
3,1000,6,0.5,631,0.8109322786331177,-0.8670952320098877,-0.18906772136688232,0.1329047679901123,0.8071439862251282,0.24424870479092464,0.4067783143696997,0.7157577814518581,0.7567663778180395
3,1000,6,0.5,632,0.812518835067749,-0.866348147392273,-0.18748116493225098,0.13365185260772705,0.8013957738876343,0.2426303614322645,0.409089083194301,0.7167041069301832,0.7513966662353868
3,1000,6,0.5,633,0.8142482042312622,-0.8649389743804932,-0.1857517957687378,0.13506102561950684,0.7962844967842102,0.25106058997035974,0.4268284315633878,0.7240978615683347,0.7627352599095091
3,1000,6,0.5,634,0.8141229152679443,-0.8646227717399597,-0.18587708473205566,0.13537722826004028,0.8085520267486572,0.24493555551609397,0.41591568681185004,0.7257964997987778,0.7529014845212377
3,1000,6,0.5,635,0.8170667290687561,-0.8635446429252625,-0.1829332709312439,0.13645535707473755,0.7872335910797119,0.2656707162281907,0.4353285885621473,0.7317498680487323,0.7736153487813284
3,1000,6,0.5,636,0.8202649354934692,-0.862932562828064,-0.17973506450653076,0.13706743717193604,0.7988903522491455,0.25320216479604546,0.4190006507796784,0.7232793955455294,0.7624678480236909
3,1000,6,0.5,637,0.8161737322807312,-0.8666937351226807,-0.1838262677192688,0.13330626487731934,0.8023399710655212,0.23750545608670723,0.40686278439594586,0.7142082552815887,0.749762063729472
3,1000,6,0.5,638,0.8122560977935791,-0.8683061003684998,-0.1877439022064209,0.13169389963150024,0.8006671667098999,0.2378153438886698,0.4013226252685789,0.7107729783591443,0.748961470544774
3,1000,6,0.5,639,0.8091117739677429,-0.8689344525337219,-0.19088822603225708,0.13106554746627808,0.8091412782669067,0.2689845513149988,0.43940717924267547,0.734159482886017,0.7747403145257042
3,1000,6,0.5,640,0.8070685267448425,-0.8692371249198914,-0.19293147325515747,0.13076287508010864,0.7982071042060852,0.26771178248470473,0.4432940803393952,0.7411107022129308,0.7700915868653745
3,1000,6,0.5,641,0.8118048906326294,-0.8666164875030518,-0.1881951093673706,0.13338351249694824,0.819484293460846,0.29443816486974944,0.4740872588149287,0.7589164354384306,0.7891451607528019
3,1000,6,0.5,642,0.8148742914199829,-0.8660391569137573,-0.1851257085800171,0.13396084308624268,0.8000818490982056,0.2878250603625442,0.47632037625964985,0.7500864807903475,0.7844340039136707
3,1000,6,0.5,643,0.8180981874465942,-0.8643263578414917,-0.18190181255340576,0.1356736421585083,0.7909508943557739,0.2921707186917706,0.46226197784956724,0.7431656418892345,0.7885053694884304
3,1000,6,0.5,644,0.8189273476600647,-0.8636225461959839,-0.1810726523399353,0.1363774538040161,0.7880028486251831,0.26721625568007146,0.44948001734598464,0.7319298844183476,0.7707629553644956
3,1000,6,0.5,645,0.818513035774231,-0.8658495545387268,-0.18148696422576904,0.1341504454612732,0.8133447170257568,0.2562631484859746,0.4340186444471239,0.719869083375334,0.7656979572345204
3,1000,6,0.5,646,0.8156522512435913,-0.8674954771995544,-0.1843477487564087,0.13250452280044556,0.794655978679657,0.26641124580571357,0.42966871542349067,0.722430350755205,0.7722158303355782
3,1000,6,0.5,647,0.8161715269088745,-0.8677916526794434,-0.1838284730911255,0.13220834732055664,0.7966862916946411,0.2739003603707983,0.4512005824855398,0.7395412238372885,0.7735150457428988
3,1000,6,0.5,648,0.8171427845954895,-0.869653582572937,-0.1828572154045105,0.130346417427063,0.7956298589706421,0.2784092972868574,0.4502247621253237,0.7437158512561263,0.7816596273410669
3,1000,6,0.5,649,0.8145512342453003,-0.8709271550178528,-0.1854487657546997,0.12907284498214722,0.8112452030181885,0.2727749815984362,0.4415758564570683,0.7405385395787834,0.7744643066903788
3,1000,6,0.5,650,0.8133805990219116,-0.8702318668365479,-0.18661940097808838,0.12976813316345215,0.7968342304229736,0.2579829487538571,0.4355336224467935,0.7137505220100812,0.7614438334260492
3,1000,6,0.5,651,0.8157289028167725,-0.8712366819381714,-0.18427109718322754,0.1287633180618286,0.8012371063232422,0.26631122066410834,0.43175866649011096,0.7254534769284422,0.7729522888913622
3,1000,6,0.5,652,0.8178458213806152,-0.8717038035392761,-0.18215417861938477,0.12829619646072388,0.7924100160598755,0.2635821402438573,0.4369081366932809,0.7317583383749513,0.7679220687423841
3,1000,6,0.5,653,0.8165497779846191,-0.8740181922912598,-0.18345022201538086,0.12598180770874023,0.8208944797515869,0.24589188179300234,0.40605087549092217,0.7153384183261735,0.7538093287827143
3,1000,6,0.5,654,0.8164837956428528,-0.8745452761650085,-0.18351620435714722,0.12545472383499146,0.7896195650100708,0.25155424130201925,0.42469644468104,0.7164506490185264,0.7597391783999903
3,1000,6,0.5,655,0.8179792165756226,-0.8755833506584167,-0.18202078342437744,0.12441664934158325,0.7948954105377197,0.2489091776376541,0.4215752510678014,0.7220764691033429,0.7558185112235754
3,1000,6,0.5,656,0.8162546753883362,-0.876956582069397,-0.18374532461166382,0.12304341793060303,0.80903559923172,0.24943394905321148,0.41443394713951953,0.7172894703212154,0.7587440235095455
3,1000,6,0.5,657,0.8164032101631165,-0.8769384622573853,-0.18359678983688354,0.12306153774261475,0.7967281937599182,0.26462297135120194,0.4374822196072162,0.7335620572663129,0.7691864399667062
3,1000,6,0.5,658,0.8131305575370789,-0.8797459006309509,-0.18686944246292114,0.12025409936904907,0.8058786988258362,0.28241461516411354,0.44571108094794754,0.7307414202480362,0.7802481193250068
3,1000,6,0.5,659,0.8134505152702332,-0.8782135844230652,-0.18654948472976685,0.12178641557693481,0.7866771221160889,0.2471767550205942,0.4218384328765633,0.7170672217266565,0.7554745100422319
3,1000,6,0.5,660,0.8138374090194702,-0.879997730255127,-0.18616259098052979,0.12000226974487305,0.7894403338432312,0.25568416732321764,0.42630242816855507,0.7197529745702412,0.7629112359971623
3,1000,6,0.5,661,0.8192273378372192,-0.8796223402023315,-0.18077266216278076,0.12037765979766846,0.791648268699646,0.2838427091086751,0.4601209784075555,0.7359948376714963,0.7818167553784726
3,1000,6,0.5,662,0.8229655027389526,-0.8802372813224792,-0.17703449726104736,0.11976271867752075,0.7984073162078857,0.2593591890531774,0.43480338200277685,0.7275668962585169,0.7683097291057793
3,1000,6,0.5,663,0.8227257132530212,-0.8815765976905823,-0.17727428674697876,0.11842340230941772,0.8200042247772217,0.2523068469126371,0.41019863025149134,0.7190948148166101,0.757292546691958
3,1000,6,0.5,664,0.8207727074623108,-0.8828259110450745,-0.1792272925376892,0.11717408895492554,0.8191876411437988,0.24102574182313746,0.41375865702824227,0.7273801731761784,0.7528877468609836
3,1000,6,0.5,665,0.8179477453231812,-0.8844639658927917,-0.18205225467681885,0.11553603410720825,0.804131805896759,0.23874725040645237,0.40351752353622417,0.7091944802493351,0.7500783310347092
3,1000,6,0.5,666,0.815787672996521,-0.8847383856773376,-0.184212327003479,0.11526161432266235,0.793401837348938,0.24217078444626877,0.4084610966454602,0.7056640341264565,0.7504532237494832
3,1000,6,0.5,667,0.8170790672302246,-0.8818122744560242,-0.1829209327697754,0.11818772554397583,0.8156366348266602,0.24368328134039646,0.40241543234281046,0.710202021389737,0.754310651150331
3,1000,6,0.5,668,0.8163007497787476,-0.8811482787132263,-0.18369925022125244,0.11885172128677368,0.7979464530944824,0.2684278829523136,0.44003043016653165,0.7295288020887374,0.7679827948563791
3,1000,6,0.5,669,0.814275860786438,-0.880500853061676,-0.185724139213562,0.11949914693832397,0.8144766092300415,0.27877765759832335,0.44033430205305535,0.737198191270561,0.7776820255097273
3,1000,6,0.5,670,0.8173725605010986,-0.879710853099823,-0.18262743949890137,0.120289146900177,0.7878007292747498,0.25603481291957625,0.42999237779447613,0.7236528389727013,0.7597728939687902
3,1000,6,0.5,671,0.8214049339294434,-0.8782859444618225,-0.17859506607055664,0.12171405553817749,0.8092241287231445,0.2808793334900883,0.4502806974922068,0.7313158251824925,0.7782755682750899
3,1000,6,0.5,672,0.8191027641296387,-0.8784921169281006,-0.18089723587036133,0.12150788307189941,0.7911453247070312,0.2682136624318011,0.4444016514333273,0.7354936300254402,0.7731212347409075
3,1000,6,0.5,673,0.8163157105445862,-0.8798397183418274,-0.18368428945541382,0.12016028165817261,0.8069003224372864,0.27109848332941905,0.4399560665064028,0.7386114670544025,0.771393214787935
3,1000,6,0.5,674,0.8162082433700562,-0.879199743270874,-0.18379175662994385,0.12080025672912598,0.8018183708190918,0.279436418091163,0.4510579568858819,0.7412046835615302,0.7797948539823253
3,1000,6,0.5,675,0.8181639909744263,-0.879551887512207,-0.18183600902557373,0.12044811248779297,0.8005346059799194,0.27152294888133477,0.44676106302958785,0.7358679022831253,0.773393951057301
3,1000,6,0.5,676,0.8197911381721497,-0.8810417056083679,-0.18020886182785034,0.11895829439163208,0.7957193851470947,0.28236983681523814,0.45769775471976004,0.7386334901511004,0.7824017529541152
3,1000,6,0.5,677,0.8246738910675049,-0.8819697499275208,-0.17532610893249512,0.11803025007247925,0.8087984919548035,0.2599885243869838,0.4315068940799068,0.7235536675298924,0.7650579706191604
3,1000,6,0.5,678,0.8273240923881531,-0.8831996917724609,-0.17267590761184692,0.11680030822753906,0.7936140298843384,0.2681091644393852,0.43653730381019246,0.7338752447808116,0.7700798619986264
3,1000,6,0.5,679,0.8275684714317322,-0.884046733379364,-0.17243152856826782,0.11595326662063599,0.7915574908256531,0.27754450364933586,0.44986114834321095,0.728313878939468,0.7779486224270522
3,1000,6,0.5,680,0.8268691301345825,-0.8871947526931763,-0.17313086986541748,0.11280524730682373,0.7985882759094238,0.26442013231141537,0.4320025816391768,0.7317557720503541,0.7644377796691676
3,1000,6,0.5,681,0.8259239792823792,-0.8896060585975647,-0.17407602071762085,0.1103939414024353,0.7973839044570923,0.2613969335097402,0.4286237061313413,0.7296028052078247,0.7659722065498867
3,1000,6,0.5,682,0.8254574537277222,-0.8899312615394592,-0.17454254627227783,0.11006873846054077,0.818199634552002,0.24899960899757256,0.40720470188956753,0.7092899111281668,0.7548916987049722
3,1000,6,0.5,683,0.8282648921012878,-0.8893267512321472,-0.17173510789871216,0.11067324876785278,0.8096972703933716,0.24573173288879657,0.4175501261869079,0.7249657834410824,0.751768932381107
3,1000,6,0.5,684,0.8276276588439941,-0.8885961174964905,-0.17237234115600586,0.11140388250350952,0.785264253616333,0.250303997740517,0.4225882899018281,0.7225400173241561,0.7589227686625238
3,1000,6,0.5,685,0.8271881937980652,-0.8908194303512573,-0.17281180620193481,0.10918056964874268,0.7938429117202759,0.25405299934003006,0.4212684902172491,0.7061097923573422,0.7579670788138563
3,1000,6,0.5,686,0.8285276889801025,-0.8907157182693481,-0.17147231101989746,0.10928428173065186,0.8076574802398682,0.25140778868920943,0.416258856864234,0.7194663649271297,0.7602067694541448
3,1000,6,0.5,687,0.8311454057693481,-0.8899025917053223,-0.16885459423065186,0.11009740829467773,0.8053812980651855,0.24742955763136507,0.4172816215091609,0.715984835909619,0.7546650283917572
3,1000,6,0.5,688,0.8328670263290405,-0.8897506594657898,-0.16713297367095947,0.1102493405342102,0.7975278496742249,0.26130700188457173,0.4334180967924946,0.7243406217206271,0.7661464160455738
3,1000,6,0.5,689,0.8324799537658691,-0.8910441994667053,-0.16752004623413086,0.10895580053329468,0.8123642206192017,0.2604976191278165,0.4199084580022952,0.7258413218986552,0.7642696525226805
3,1000,6,0.5,690,0.835669219493866,-0.8904982209205627,-0.16433078050613403,0.10950177907943726,0.8072657585144043,0.25314958143492705,0.4257052932951737,0.7268696609292223,0.7611730967607868
3,1000,6,0.5,691,0.8354777693748474,-0.8916841149330139,-0.1645222306251526,0.10831588506698608,0.806614100933075,0.25895526177790373,0.42097574685708083,0.719440418040215,0.7631777055724503
3,1000,6,0.5,692,0.8343982100486755,-0.8933047652244568,-0.16560178995132446,0.10669523477554321,0.7995681762695312,0.2737718342086725,0.4386398044434043,0.740903648120523,0.7758857227012017
3,1000,6,0.5,693,0.8358076810836792,-0.8926413655281067,-0.1641923189163208,0.10735863447189331,0.8151379823684692,0.2628169734326543,0.4283353286697455,0.7245269315593232,0.7661648887335148
3,1000,6,0.5,694,0.8345524072647095,-0.893936038017273,-0.16544759273529053,0.10606396198272705,0.8052772879600525,0.2740767684514491,0.43775034691113446,0.7358776706890066,0.7725382370477264
3,1000,6,0.5,695,0.833433210849762,-0.8955284357070923,-0.16656678915023804,0.10447156429290771,0.8051585555076599,0.2513195134371953,0.4150673417941711,0.7112953850341615,0.7589322570161933
3,1000,6,0.5,696,0.8316429853439331,-0.8977903127670288,-0.1683570146560669,0.10220968723297119,0.818182110786438,0.25119834227860327,0.4139374124976484,0.7234610144826741,0.7562019044268348
3,1000,6,0.5,697,0.8320196866989136,-0.8968585133552551,-0.16798031330108643,0.10314148664474487,0.8122544288635254,0.26364624855562324,0.42520305166936395,0.7314595997749339,0.7659884599658924
3,1000,6,0.5,698,0.8325526714324951,-0.8973479866981506,-0.16744732856750488,0.10265201330184937,0.8152984976768494,0.26498350051705943,0.4218994465908233,0.719577401365334,0.7671505114648683
3,1000,6,0.5,699,0.8325482606887817,-0.8958238363265991,-0.16745173931121826,0.10417616367340088,0.7911239862442017,0.25771754227881444,0.42280763101103425,0.7286524662387132,0.7612952468630225
3,1000,6,0.5,700,0.8311241865158081,-0.8975077867507935,-0.1688758134841919,0.10249221324920654,0.8037777543067932,0.26110469832527855,0.4223024605477759,0.7167646690382745,0.7603855275358679
3,1000,6,0.5,701,0.8301353454589844,-0.8999293446540833,-0.16986465454101562,0.10007065534591675,0.8081231117248535,0.25501726042789835,0.41700803759516974,0.7270759253834476,0.7594072941431389
3,1000,6,0.5,702,0.8316044807434082,-0.9013159871101379,-0.1683955192565918,0.09868401288986206,0.8206303119659424,0.2780175715470849,0.4405715962676871,0.7437438379225351,0.7755415031762757
3,1000,6,0.5,703,0.8311151266098022,-0.9037156701087952,-0.16888487339019775,0.09628432989120483,0.8077816367149353,0.2711661120573608,0.4354124306695795,0.7292960424535218,0.7706680941856808
3,1000,6,0.5,704,0.8331995010375977,-0.9044057726860046,-0.16680049896240234,0.09559422731399536,0.8096489906311035,0.2605669307605589,0.42211549343521,0.7257709305869287,0.7667468166763041
3,1000,6,0.5,705,0.8367693424224854,-0.9023485779762268,-0.16323065757751465,0.0976514220237732,0.8124475479125977,0.2840752048619452,0.4474207511100351,0.7460960900515679,0.7792727652439242
3,1000,6,0.5,706,0.8391549587249756,-0.9007052183151245,-0.16084504127502441,0.09929478168487549,0.8134539127349854,0.29426911342593504,0.4561861100671392,0.7434704744486359,0.7858833541761354
3,1000,6,0.5,707,0.8406376838684082,-0.9007947444915771,-0.1593623161315918,0.09920525550842285,0.8084709644317627,0.30287869593578476,0.46578035468823953,0.744986863694441,0.7918506576435026
3,1000,6,0.5,708,0.8403836488723755,-0.9023894667625427,-0.1596163511276245,0.09761053323745728,0.8053456544876099,0.2873018491689264,0.45828525623608984,0.74875808127466,0.780054285509003
3,1000,6,0.5,709,0.838796079158783,-0.9062231183052063,-0.16120392084121704,0.0937768816947937,0.8133676052093506,0.2731666572518545,0.4314803797887757,0.727456518471125,0.7700643182556478
3,1000,6,0.5,710,0.8358283042907715,-0.9084526300430298,-0.16417169570922852,0.09154736995697021,0.8089594841003418,0.27602402733386955,0.4336394151415177,0.7333176348641587,0.7744046713957359
3,1000,6,0.5,711,0.8333479762077332,-0.9103665351867676,-0.16665202379226685,0.08963346481323242,0.8172472715377808,0.28282011328599393,0.44455480033659184,0.7340475059395343,0.7781727952922011
3,1000,6,0.5,712,0.8332080841064453,-0.9111260175704956,-0.1667919158935547,0.0888739824295044,0.8156256675720215,0.26160863143976937,0.4179295322611021,0.7250195036638918,0.7633500100375473
3,1000,6,0.5,713,0.8357684016227722,-0.913138210773468,-0.16423159837722778,0.08686178922653198,0.8253071904182434,0.25205069042241335,0.41649706274872583,0.7223565669878839,0.755871750425483
3,1000,6,0.5,714,0.8373413681983948,-0.9140335917472839,-0.16265863180160522,0.08596640825271606,0.8209236860275269,0.2563527300165847,0.4179439613752963,0.7249058407854928,0.7591159574577792
3,1000,6,0.5,715,0.8432259559631348,-0.9105169177055359,-0.15677404403686523,0.08948308229446411,0.8312644958496094,0.2541500268906461,0.404975520697646,0.7144990444364402,0.7588993380957056
3,1000,6,0.5,716,0.8445844054222107,-0.9082632660865784,-0.1554155945777893,0.09173673391342163,0.8282638788223267,0.24428404065732912,0.40872715573898427,0.7101009978996483,0.7520956823004937
3,1000,6,0.5,717,0.8416419625282288,-0.9087566137313843,-0.15835803747177124,0.09124338626861572,0.8159003853797913,0.2568883110633084,0.4175053578635318,0.7138772503999807,0.7595331999013749
3,1000,6,0.5,718,0.844048023223877,-0.9070444107055664,-0.15595197677612305,0.0929555892944336,0.8317723870277405,0.2865588245436962,0.4492203716650674,0.7410728403072412,0.7830156365370569
3,1000,6,0.5,719,0.8416785597801208,-0.90976482629776,-0.15832144021987915,0.09023517370223999,0.8010593056678772,0.27210956355124966,0.4348315906834499,0.7255782535569586,0.7709692341824136
3,1000,6,0.5,720,0.8386402130126953,-0.9111958146095276,-0.1613597869873047,0.08880418539047241,0.7945066690444946,0.2819541167083944,0.44581468111443245,0.7360569316373329,0.7786056511600111
3,1000,6,0.5,721,0.8380900621414185,-0.9087779521942139,-0.16190993785858154,0.09122204780578613,0.8288248181343079,0.28908542221528555,0.45566696837947673,0.7490432797275137,0.780205815711112
3,1000,6,0.5,722,0.8372348546981812,-0.908501148223877,-0.16276514530181885,0.09149885177612305,0.8172346353530884,0.27091246780217815,0.42945904654193456,0.7347417002133011,0.7729258399678134
3,1000,6,0.5,723,0.8361111879348755,-0.9094874262809753,-0.1638888120651245,0.09051257371902466,0.8197365999221802,0.2670103738707824,0.43000905815851054,0.7290520008998856,0.7665506827040358
3,1000,6,0.5,724,0.8375476002693176,-0.9096983671188354,-0.16245239973068237,0.09030163288116455,0.8101719617843628,0.2691963679777504,0.43435431092870375,0.7260938546177834,0.7701864235506635
3,1000,6,0.5,725,0.8365361094474792,-0.9101917147636414,-0.16346389055252075,0.08980828523635864,0.8260836005210876,0.2726782515310411,0.4240871513340043,0.7305232159176223,0.7691484833317236
3,1000,6,0.5,726,0.8358761668205261,-0.9104929566383362,-0.16412383317947388,0.08950704336166382,0.8162356615066528,0.2690884832160928,0.4319827004221905,0.7315163324978353,0.7691442352151562
3,1000,6,0.5,727,0.8384748697280884,-0.9115551114082336,-0.16152513027191162,0.08844488859176636,0.8165656328201294,0.2662741847584695,0.4272259243543234,0.7339014838470445,0.7656750774938171
3,1000,6,0.5,728,0.8400511145591736,-0.9113884568214417,-0.15994888544082642,0.08861154317855835,0.8166022300720215,0.2793524257353983,0.4432669929182007,0.7363163750815319,0.7771328300463235
3,1000,6,0.5,729,0.840474545955658,-0.9102277159690857,-0.15952545404434204,0.0897722840309143,0.8106073141098022,0.2940909625864838,0.45891802117814806,0.7596423262916141,0.7848624628625489
3,1000,6,0.5,730,0.8418893218040466,-0.9079011678695679,-0.15811067819595337,0.09209883213043213,0.8080337643623352,0.28992689579283376,0.45987347871841666,0.7449129067633637,0.7809248289445188
3,1000,6,0.5,731,0.8436003923416138,-0.9079527258872986,-0.15639960765838623,0.09204727411270142,0.8079949617385864,0.2820866303060158,0.4455457957402874,0.7434957104567426,0.7759902687500375
3,1000,6,0.5,732,0.8446111083030701,-0.9073472619056702,-0.15538889169692993,0.09265273809432983,0.8102085590362549,0.2915075152349032,0.45046950370768074,0.7381360899561897,0.7869028148213634
3,1000,6,0.5,733,0.8418625593185425,-0.9094964861869812,-0.15813744068145752,0.0905035138130188,0.8291330337524414,0.2978089122723328,0.4510079336993199,0.7517743405242315,0.7850700456049717
3,1000,6,0.5,734,0.8403809070587158,-0.9108187556266785,-0.15961909294128418,0.08918124437332153,0.8064501285552979,0.29076331321021254,0.4552653623724514,0.7472439546075773,0.7836240213141948
3,1000,6,0.5,735,0.8447195291519165,-0.9100033640861511,-0.1552804708480835,0.08999663591384888,0.8105928301811218,0.2846671434106879,0.44942415836491006,0.7421409281982717,0.7782722282156078
3,1000,6,0.5,736,0.8470557332038879,-0.9100217819213867,-0.15294426679611206,0.08997821807861328,0.8062152862548828,0.2830521476307595,0.4471155539575809,0.7434553585133554,0.7794107846928382
3,1000,6,0.5,737,0.8523116707801819,-0.9078211188316345,-0.14768832921981812,0.09217888116836548,0.814141035079956,0.3112394688469722,0.4738650693264626,0.7608799530616034,0.7979064078727702
3,1000,6,0.5,738,0.8510867953300476,-0.9094160199165344,-0.1489132046699524,0.09058398008346558,0.8129131197929382,0.2648325548552957,0.4314398431919305,0.7302946048953735,0.7670884494079364
3,1000,6,0.5,739,0.8482249975204468,-0.9109095335006714,-0.15177500247955322,0.08909046649932861,0.8382155895233154,0.26218872785379527,0.4152750057070047,0.7169295967732703,0.764556358073734
3,1000,6,0.5,740,0.8486597537994385,-0.9127643704414368,-0.15134024620056152,0.08723562955856323,0.8262420892715454,0.2509269064255346,0.4149028802632106,0.704571284441137,0.757592386700535
3,1000,6,0.5,741,0.852791965007782,-0.9106823205947876,-0.14720803499221802,0.0893176794052124,0.8398526310920715,0.27983726162562794,0.44324185691185636,0.7448562661854459,0.7749089686558353
3,1000,6,0.5,742,0.8505738973617554,-0.9126182794570923,-0.14942610263824463,0.08738172054290771,0.8135713338851929,0.28518325065876404,0.4461118684216079,0.7377891881323176,0.7807693967067926
3,1000,6,0.5,743,0.8532682657241821,-0.9126781821250916,-0.14673173427581787,0.08732181787490845,0.7994133234024048,0.2798662639705562,0.44210047355340376,0.7308514528765058,0.7772864787201389
3,1000,6,0.5,744,0.857426643371582,-0.9109721183776855,-0.14257335662841797,0.08902788162231445,0.830917477607727,0.28136705949319224,0.4565456242845083,0.7393711107319768,0.7771193858865133
3,1000,6,0.5,745,0.8550592660903931,-0.9113934636116028,-0.14494073390960693,0.08860653638839722,0.8055126667022705,0.2942405818916717,0.4609102317482337,0.744699243171765,0.789192327585136
3,1000,6,0.5,746,0.8569942712783813,-0.9092768430709839,-0.14300572872161865,0.09072315692901611,0.8126842975616455,0.2901758701313075,0.4512459387137648,0.730378974070418,0.7851851444208781
3,1000,6,0.5,747,0.8568146228790283,-0.9093979597091675,-0.14318537712097168,0.09060204029083252,0.8195526599884033,0.26480565295446873,0.43800724609495384,0.7379571609071155,0.7664291090589136
3,1000,6,0.5,748,0.849747359752655,-0.9117574095726013,-0.15025264024734497,0.08824259042739868,0.8135848641395569,0.2766381730453997,0.4331134483039915,0.7382550350288747,0.7730228752075132
3,1000,6,0.5,749,0.8471236228942871,-0.9111028909683228,-0.1528763771057129,0.08889710903167725,0.7992144823074341,0.2506263777285818,0.43052401203504864,0.7130139066828376,0.7577513254683775
3,1000,6,0.5,750,0.8492528200149536,-0.9081195592880249,-0.1507471799850464,0.0918804407119751,0.8298066854476929,0.291485909877197,0.4639019189530829,0.7530009866115467,0.7818300599488908
3,1000,6,0.5,751,0.8455760478973389,-0.9102818965911865,-0.15442395210266113,0.08971810340881348,0.7927674651145935,0.28268474806326166,0.45845144515914954,0.732276343318772,0.7787340914977792
3,1000,6,0.5,752,0.8497142195701599,-0.9075125455856323,-0.1502857804298401,0.09248745441436768,0.8326488733291626,0.28145883223210405,0.4384755453853163,0.738686904651669,0.77681711432315
3,1000,6,0.5,753,0.849388062953949,-0.9088316559791565,-0.15061193704605103,0.0911683440208435,0.7996673583984375,0.26910533118301905,0.4379027248824087,0.7285729922264343,0.77276972498285
3,1000,6,0.5,754,0.8501912355422974,-0.9076084494590759,-0.14980876445770264,0.09239155054092407,0.8110203742980957,0.29968670654283575,0.4616894314455627,0.7450880301393578,0.7936095323813571
3,1000,6,0.5,755,0.8501938581466675,-0.9076969623565674,-0.14980614185333252,0.09230303764343262,0.808358907699585,0.27048356020263753,0.4331243470255975,0.7290021423280231,0.770035160480245
3,1000,6,0.5,756,0.8483845591545105,-0.9096384644508362,-0.1516154408454895,0.09036153554916382,0.8135690689086914,0.2750689217660724,0.4390254016729995,0.7320883648619617,0.778333398441938
3,1000,6,0.5,757,0.8463104963302612,-0.9143717885017395,-0.15368950366973877,0.0856282114982605,0.8270522356033325,0.27550680797484817,0.42518167166022974,0.7328319575565336,0.7737008506876661
3,1000,6,0.5,758,0.8490035533905029,-0.9157575964927673,-0.15099644660949707,0.08424240350723267,0.804634690284729,0.28019003975774964,0.44441152050236254,0.7347744488916962,0.7781752381201713
3,1000,6,0.5,759,0.850371778011322,-0.9179149270057678,-0.14962822198867798,0.08208507299423218,0.8129308223724365,0.28131968283028314,0.4365514932606367,0.7328654507431176,0.7786586051084383
3,1000,6,0.5,760,0.84958416223526,-0.9179639220237732,-0.15041583776474,0.0820360779762268,0.8054420351982117,0.2682627721162615,0.43255189495015556,0.7289779433181832,0.7719156679410846
3,1000,6,0.5,761,0.8473045825958252,-0.9190196990966797,-0.1526954174041748,0.08098030090332031,0.8197126388549805,0.29428608337432044,0.45054871120811113,0.7455448087755613,0.7867535186286447
3,1000,6,0.5,762,0.8478457927703857,-0.9201375246047974,-0.15215420722961426,0.07986247539520264,0.8156754970550537,0.32475501310716787,0.49242114793775243,0.7710933747802806,0.8053134971334088
3,1000,6,0.5,763,0.8470466732978821,-0.9211302399635315,-0.15295332670211792,0.0788697600364685,0.8124497532844543,0.33069356074302975,0.4769162572414182,0.763032307737251,0.8083390448864461
3,1000,6,0.5,764,0.846973180770874,-0.9202829003334045,-0.15302681922912598,0.07971709966659546,0.8123829364776611,0.3038141198702715,0.4643921332255079,0.7582208681964044,0.7914563479099602
3,1000,6,0.5,765,0.84515780210495,-0.921657145023346,-0.15484219789505005,0.07834285497665405,0.8206669092178345,0.2909524701476673,0.4534729250247719,0.7564267982454873,0.7818019027946214
3,1000,6,0.5,766,0.8484764099121094,-0.9221988320350647,-0.15152359008789062,0.0778011679649353,0.8178304433822632,0.3040206298785067,0.4521654662268065,0.7535757467452386,0.7932076417861624
3,1000,6,0.5,767,0.8492417335510254,-0.9240415096282959,-0.1507582664489746,0.0759584903717041,0.8154066801071167,0.2947989895753851,0.452637960261511,0.7461277992283829,0.7867023352794056
3,1000,6,0.5,768,0.8480914235115051,-0.9270963668823242,-0.15190857648849487,0.07290363311767578,0.811354398727417,0.2917118384746298,0.4475149882744799,0.7399513940070086,0.782580308536652
3,1000,6,0.5,769,0.8491353392601013,-0.9257563352584839,-0.15086466073989868,0.07424366474151611,0.8137354850769043,0.2957303656031564,0.4613765321156626,0.7476906943219086,0.7887794264716381
3,1000,6,0.5,770,0.8489460945129395,-0.9281200170516968,-0.15105390548706055,0.07187998294830322,0.8245656490325928,0.28264825544355404,0.43372309652466207,0.7358189607837363,0.7797590335261109
3,1000,6,0.5,771,0.8484383225440979,-0.9280370473861694,-0.1515616774559021,0.07196295261383057,0.8207398056983948,0.2819923673033229,0.43481384140990864,0.7396851173150956,0.7767306288544849
3,1000,6,0.5,772,0.8496996760368347,-0.9257845878601074,-0.15030032396316528,0.07421541213989258,0.8184926509857178,0.29162665845187746,0.4461763607408865,0.7443801635742091,0.7863221846469236
3,1000,6,0.5,773,0.8478497862815857,-0.9264683723449707,-0.1521502137184143,0.0735316276550293,0.8286192417144775,0.2813122296580803,0.43649424444535023,0.7350652938498482,0.7801671871857832
3,1000,6,0.5,774,0.8447260856628418,-0.9297435283660889,-0.1552739143371582,0.07025647163391113,0.8223409652709961,0.2731285193121695,0.4320848012608394,0.7355514474322655,0.7718907774152762
3,1000,6,0.5,775,0.8451704382896423,-0.9306399822235107,-0.15482956171035767,0.06936001777648926,0.8156023025512695,0.2760203454224502,0.4348395322739217,0.7333067634188959,0.7737032459096961
3,1000,6,0.5,776,0.8466408252716064,-0.9311314225196838,-0.15335917472839355,0.06886857748031616,0.813615083694458,0.27723662455311093,0.44211663110834876,0.7345327030401454,0.7736873783470546
3,1000,6,0.5,777,0.8480640649795532,-0.9310548305511475,-0.15193593502044678,0.06894516944885254,0.8384759426116943,0.29539832660576143,0.4486270180126455,0.7480727997326322,0.783861937943647
3,1000,6,0.5,778,0.8489514589309692,-0.9300238490104675,-0.15104854106903076,0.06997615098953247,0.8048350811004639,0.28740457100907857,0.4510627225655553,0.7448850836061286,0.7827339528876879
3,1000,6,0.5,779,0.8519057035446167,-0.9292372465133667,-0.1480942964553833,0.0707627534866333,0.8292688727378845,0.3004956110001228,0.45692833206486094,0.7590906301954342,0.78807994447201
3,1000,6,0.5,780,0.8551661968231201,-0.9294915795326233,-0.14483380317687988,0.07050842046737671,0.8302662372589111,0.2906187261921722,0.44200448846605384,0.7470956473243584,0.7827087190161051
3,1000,6,0.5,781,0.8550618290901184,-0.9289140701293945,-0.1449381709098816,0.07108592987060547,0.8229133486747742,0.2714233808604267,0.4284839753734691,0.7315615412974665,0.7706935769603737
3,1000,6,0.5,782,0.8549186587333679,-0.928006112575531,-0.14508134126663208,0.071993887424469,0.8216384649276733,0.2681528635168067,0.4205857596378631,0.7351079889764759,0.7673055527215756
3,1000,6,0.5,783,0.8542503714561462,-0.9265828728675842,-0.14574962854385376,0.07341712713241577,0.835830569267273,0.27269904626076485,0.4257166648749282,0.7359992666841885,0.7726806326203347
3,1000,6,0.5,784,0.8524755239486694,-0.9275358319282532,-0.14752447605133057,0.07246416807174683,0.8199551105499268,0.2810818469436777,0.43198309595419077,0.740183977393028,0.7763213078525041
3,1000,6,0.5,785,0.8496658802032471,-0.927952766418457,-0.15033411979675293,0.07204723358154297,0.8187354207038879,0.2869284650197037,0.4389529663718604,0.7371517587656408,0.7807354155639457
3,1000,6,0.5,786,0.8497352600097656,-0.9256395697593689,-0.15026473999023438,0.0743604302406311,0.8230582475662231,0.27691635810250426,0.4375916305868074,0.7471590040824978,0.7746250180096633
3,1000,6,0.5,787,0.8460977673530579,-0.9259409308433533,-0.15390223264694214,0.07405906915664673,0.8281927108764648,0.28850098071038927,0.44112104556000803,0.7490487399237961,0.7811747430550346
3,1000,6,0.5,788,0.8449774980545044,-0.9267570972442627,-0.1550225019454956,0.0732429027557373,0.8359438180923462,0.2599973239721145,0.41515061055748176,0.7225976657303499,0.7617985494214732
3,1000,6,0.5,789,0.8470005989074707,-0.9261296987533569,-0.1529994010925293,0.07387030124664307,0.8202753067016602,0.27525523712025385,0.42766158663144,0.7428409871874819,0.7762414491134779
3,1000,6,0.5,790,0.8481354713439941,-0.9269728660583496,-0.15186452865600586,0.07302713394165039,0.8253685235977173,0.2746871044733295,0.4254230622835868,0.7385415398479822,0.7739042234476314
3,1000,6,0.5,791,0.8504266142845154,-0.9251431226730347,-0.14957338571548462,0.07485687732696533,0.8313332796096802,0.2671416431989959,0.42827959889196066,0.7253860946076784,0.7670986508373464
3,1000,6,0.5,792,0.8490089774131775,-0.9236788153648376,-0.1509910225868225,0.07632118463516235,0.8202240467071533,0.3028438932971432,0.4569969490601528,0.7501189013948567,0.7936450633272987
3,1000,6,0.5,793,0.8465116024017334,-0.9236758947372437,-0.1534883975982666,0.07632410526275635,0.813742995262146,0.28756818525435085,0.45058639356548125,0.7422775659911679,0.7826153993603547
3,1000,6,0.5,794,0.846781313419342,-0.9234868884086609,-0.15321868658065796,0.07651311159133911,0.8187110424041748,0.2943128147050619,0.44494144050955603,0.7469464965924965,0.7891986081821695
3,1000,6,0.5,795,0.8477483987808228,-0.9228718876838684,-0.15225160121917725,0.07712811231613159,0.8289294242858887,0.30942136082475047,0.46192493847463245,0.754430137022674,0.7987880251308834
3,1000,6,0.5,796,0.8500235676765442,-0.9236165285110474,-0.1499764323234558,0.07638347148895264,0.8178696632385254,0.2996870137912756,0.46158581775060953,0.7504561078990681,0.7912076467542006
3,1000,6,0.5,797,0.8488491177558899,-0.9243164658546448,-0.1511508822441101,0.07568353414535522,0.8133202791213989,0.31214729783563094,0.46169458147731385,0.755825654783356,0.7977817093630972
3,1000,6,0.5,798,0.8503437638282776,-0.9261450171470642,-0.1496562361717224,0.07385498285293579,0.8195345997810364,0.30679676282242213,0.4665736144210366,0.7508075150192335,0.7937375788883162
3,1000,6,0.5,799,0.8496907949447632,-0.9271736145019531,-0.15030920505523682,0.07282638549804688,0.832855224609375,0.29956452395614214,0.44779975401148886,0.7523122602336153,0.7863790556399588
3,1000,6,0.5,800,0.8461745977401733,-0.9279133677482605,-0.15382540225982666,0.0720866322517395,0.8115438222885132,0.2869757907327958,0.45070105548548356,0.749658709214618,0.7851782460272221
3,1000,6,0.5,801,0.8424164056777954,-0.9268249869346619,-0.1575835943222046,0.07317501306533813,0.8183073401451111,0.3130210507077282,0.4580114354940415,0.7444897510079875,0.7987247370820585
3,1000,6,0.5,802,0.8431708812713623,-0.9251547455787659,-0.1568291187286377,0.07484525442123413,0.8307607173919678,0.2830506615681522,0.44139639455097346,0.7539854249558442,0.7764843163926931
3,1000,6,0.5,803,0.8403631448745728,-0.9273855090141296,-0.15963685512542725,0.07261449098587036,0.8420017957687378,0.29142527219239983,0.43813885857185014,0.7517160348831092,0.7813084820569566
3,1000,6,0.5,804,0.8390759825706482,-0.9296343326568604,-0.1609240174293518,0.07036566734313965,0.8227928876876831,0.285980412381061,0.4384254939819232,0.7383126590635314,0.782552552332048
3,1000,6,0.5,805,0.8407301902770996,-0.9297374486923218,-0.1592698097229004,0.07026255130767822,0.8349331617355347,0.28335969372300024,0.4296065209658998,0.7359763705985276,0.7774905877640668
3,1000,6,0.5,806,0.8448976874351501,-0.9291396141052246,-0.15510231256484985,0.07086038589477539,0.8213787078857422,0.28824632275791934,0.4479204074763393,0.7472501553796576,0.7810953810428561
3,1000,6,0.5,807,0.8459853529930115,-0.9320408701896667,-0.15401464700698853,0.06795912981033325,0.8073867559432983,0.31135922154152595,0.45698139068814797,0.7508404965396019,0.7973876809853169
3,1000,6,0.5,808,0.8470879197120667,-0.9336569309234619,-0.15291208028793335,0.06634306907653809,0.8189644813537598,0.314764966066831,0.4687022612480823,0.7645808121684178,0.7978604672769297
3,1000,6,0.5,809,0.8532105088233948,-0.9312223196029663,-0.14678949117660522,0.06877768039703369,0.8304739594459534,0.3245189064763503,0.48104048351725,0.7715019458587542,0.8061587522686261
3,1000,6,0.5,810,0.8554874062538147,-0.9310411810874939,-0.1445125937461853,0.0689588189125061,0.8168473839759827,0.302720551048083,0.45477576533059777,0.7566113773369675,0.7942285632795558
3,1000,6,0.5,811,0.8534702658653259,-0.9303864240646362,-0.14652973413467407,0.06961357593536377,0.7990362048149109,0.31370342359736353,0.4759173535491365,0.7592493244550258,0.799844159974862
3,1000,6,0.5,812,0.8512445092201233,-0.9281198382377625,-0.1487554907798767,0.07188016176223755,0.8245857954025269,0.3281151450891539,0.48643086483177256,0.7668223496051207,0.806270550690758
3,1000,6,0.5,813,0.8511790633201599,-0.9275856018066406,-0.1488209366798401,0.07241439819335938,0.8111625909805298,0.3161064350306057,0.47693572936779755,0.7636350725426301,0.7993745422466654
3,1000,6,0.5,814,0.8530601859092712,-0.9273428320884705,-0.14693981409072876,0.07265716791152954,0.7997547388076782,0.3284691067477811,0.4847176536908735,0.7649978548769054,0.8106306789639229
3,1000,6,0.5,815,0.8541373014450073,-0.928008496761322,-0.14586269855499268,0.07199150323867798,0.8281648755073547,0.3076248256062334,0.4583530474747471,0.7505361535974191,0.7950909183604637
3,1000,6,0.5,816,0.8510349988937378,-0.9305078387260437,-0.1489650011062622,0.0694921612739563,0.8269375562667847,0.29572600565206647,0.4489510844296356,0.7531261498265422,0.7844532890144418
3,1000,6,0.5,817,0.8483473658561707,-0.9323898553848267,-0.15165263414382935,0.06761014461517334,0.8221994638442993,0.31540280852905717,0.46099557214992715,0.7515019771915172,0.7991960423861975
3,1000,6,0.5,818,0.8446589708328247,-0.934828519821167,-0.1553410291671753,0.06517148017883301,0.825956404209137,0.3168980337267309,0.46400734290990847,0.7614287696701451,0.7966023707030895
3,1000,6,0.5,819,0.8456472754478455,-0.9366129040718079,-0.15435272455215454,0.06338709592819214,0.8114080429077148,0.308741797868157,0.45814514235559967,0.7622685681361727,0.7912513428243255
3,1000,6,0.5,820,0.8479388356208801,-0.9375787377357483,-0.15206116437911987,0.06242126226425171,0.8240079879760742,0.3096878490077109,0.46686893147642405,0.7602462108325235,0.7913464113021988
3,1000,6,0.5,821,0.8451310992240906,-0.9374372363090515,-0.15486890077590942,0.06256276369094849,0.835136890411377,0.30275141759276974,0.4491948044284947,0.7512191894025361,0.7908846846480013
3,1000,6,0.5,822,0.841117262840271,-0.9363722205162048,-0.158882737159729,0.06362777948379517,0.8277438282966614,0.3113268189869885,0.46314238809293967,0.7587653273129102,0.7945389330805375
3,1000,6,0.5,823,0.8389954566955566,-0.9360215067863464,-0.16100454330444336,0.06397849321365356,0.8158329129219055,0.3065482187825448,0.45962457146984215,0.7428960945843466,0.7916885715884864
3,1000,6,0.5,824,0.8416116237640381,-0.9349337220191956,-0.15838837623596191,0.06506627798080444,0.8147739171981812,0.31643200760285145,0.46427398081981763,0.7508817791531058,0.7981497896002899
3,1000,6,0.5,825,0.8416109085083008,-0.936229944229126,-0.15838909149169922,0.06377005577087402,0.8115184307098389,0.3039158657881602,0.45586096725795683,0.7439813450423992,0.7870483613950277
3,1000,6,0.5,826,0.8405503034591675,-0.9378450512886047,-0.15944969654083252,0.062154948711395264,0.8256337642669678,0.2993741576736598,0.44816931554604006,0.74120413989555,0.7881560408470722
3,1000,6,0.5,827,0.8448288440704346,-0.9396974444389343,-0.15517115592956543,0.060302555561065674,0.8380476236343384,0.29152872355171666,0.4400304846675175,0.7481621020911032,0.7835717948813601
3,1000,6,0.5,828,0.8432641625404358,-0.9404870867729187,-0.1567358374595642,0.0595129132270813,0.8186206817626953,0.32536004581439015,0.46453397288648546,0.7524466667400344,0.8032521680912355
3,1000,6,0.5,829,0.8423510193824768,-0.940688967704773,-0.1576489806175232,0.05931103229522705,0.808849573135376,0.3148753152423901,0.4646618409040832,0.7558958185450187,0.7975083830564468
3,1000,6,0.5,830,0.8436726927757263,-0.9400908350944519,-0.15632730722427368,0.059909164905548096,0.8125,0.3144582544204455,0.46953374153503546,0.7582988708552216,0.7954762178278743
3,1000,6,0.5,831,0.8424686193466187,-0.9376818537712097,-0.15753138065338135,0.06231814622879028,0.8164696097373962,0.3343806992495223,0.48086857826908685,0.7604936578326074,0.8092099247580018
3,1000,6,0.5,832,0.8457500338554382,-0.9374388456344604,-0.15424996614456177,0.06256115436553955,0.8218154907226562,0.35184874261070603,0.5025437247495905,0.7758652296900956,0.8169525675658486
3,1000,6,0.5,833,0.8460057377815247,-0.9394290447235107,-0.15399426221847534,0.06057095527648926,0.8151329755783081,0.3174514486819989,0.46940799162281105,0.7559864198853964,0.7949628005365129
3,1000,6,0.5,834,0.8470461368560791,-0.9397193193435669,-0.1529538631439209,0.060280680656433105,0.8230127096176147,0.32370913042358546,0.467963354292338,0.7591659158393007,0.8052131741631687
3,1000,6,0.5,835,0.848798394203186,-0.939458429813385,-0.15120160579681396,0.06054157018661499,0.8221086859703064,0.3019075722794383,0.4503582484668286,0.7479998407133671,0.7890143223826213
3,1000,6,0.5,836,0.8474414944648743,-0.9414999485015869,-0.15255850553512573,0.058500051498413086,0.8359492421150208,0.27852284458828896,0.4200885101363436,0.7305222087439934,0.773971244187645
3,1000,6,0.5,837,0.847970724105835,-0.9416809678077698,-0.15202927589416504,0.058319032192230225,0.827817976474762,0.2941572544062112,0.43829811082927733,0.7461885525035169,0.7845955107154111
3,1000,6,0.5,838,0.8487480878829956,-0.9415501952171326,-0.1512519121170044,0.05844980478286743,0.8270692825317383,0.32828026020680456,0.4716198563635473,0.7746560506053365,0.8047578861435489
3,1000,6,0.5,839,0.850949227809906,-0.9400104880332947,-0.149050772190094,0.05998951196670532,0.8133745193481445,0.3197163223680782,0.46716844310750416,0.7495096920964102,0.7983987885939747
3,1000,6,0.5,840,0.8533725142478943,-0.9375841617584229,-0.1466274857521057,0.06241583824157715,0.8109535574913025,0.32777299848468844,0.4796704775622237,0.7665571559285932,0.8043332473954696
3,1000,6,0.5,841,0.8523221015930176,-0.937700629234314,-0.14767789840698242,0.062299370765686035,0.8246825933456421,0.31103481567352964,0.4616929296056942,0.7580567454984183,0.79653476904538
3,1000,6,0.5,842,0.8519389033317566,-0.9380700588226318,-0.1480610966682434,0.061929941177368164,0.8267866969108582,0.33111578376856626,0.4850262568735033,0.7706466318749184,0.807653231868689
3,1000,6,0.5,843,0.8501251935958862,-0.9411461353302002,-0.14987480640411377,0.058853864669799805,0.8101016283035278,0.3171077043899435,0.4670601340533092,0.7614652421039345,0.8000510377316362
3,1000,6,0.5,844,0.8508698344230652,-0.9408313035964966,-0.14913016557693481,0.05916869640350342,0.8226756453514099,0.32634811904519884,0.4808121686757812,0.7690665605718701,0.7994081389564669
3,1000,6,0.5,845,0.8516450524330139,-0.9414194822311401,-0.14835494756698608,0.05858051776885986,0.818351149559021,0.334110105078655,0.47689064042981755,0.7697961979771276,0.8077193376185154
3,1000,6,0.5,846,0.8491055965423584,-0.9403781890869141,-0.1508944034576416,0.05962181091308594,0.8194562196731567,0.3155293388898916,0.46484635557107723,0.7622352553423517,0.7961650511115779
3,1000,6,0.5,847,0.8471242785453796,-0.938980221748352,-0.15287572145462036,0.06101977825164795,0.8250271081924438,0.33669172736444786,0.4847867819886473,0.7763211927315661,0.8120301961609141
3,1000,6,0.5,848,0.8434510827064514,-0.9412050247192383,-0.15654891729354858,0.05879497528076172,0.8111027479171753,0.29892451103746187,0.4512129065754019,0.7390993717180996,0.7870273290186697
3,1000,6,0.5,849,0.842642605304718,-0.9409666061401367,-0.15735739469528198,0.05903339385986328,0.8504913449287415,0.2942157308012751,0.43508648369564523,0.7414733416149794,0.7831059529324441
3,1000,6,0.5,850,0.8442417979240417,-0.9409540891647339,-0.15575820207595825,0.05904591083526611,0.8363512754440308,0.3045978914202601,0.4422513571518475,0.749276475404005,0.7886066516276553
3,1000,6,0.5,851,0.8449162244796753,-0.9410480856895447,-0.1550837755203247,0.05895191431045532,0.812541127204895,0.30314647458716737,0.44897173056031514,0.7533928341368604,0.7904893287955437
3,1000,6,0.5,852,0.8504809141159058,-0.9386526346206665,-0.14951908588409424,0.061347365379333496,0.856656551361084,0.30297485593405654,0.4379639922916337,0.7498866826853654,0.7888243103921927
3,1000,6,0.5,853,0.8578289747238159,-0.9367299675941467,-0.14217102527618408,0.06327003240585327,0.8400490283966064,0.3019757674810401,0.45748997692056237,0.7617704183809062,0.7906969270839865
3,1000,6,0.5,854,0.8583106994628906,-0.9387259483337402,-0.14168930053710938,0.061274051666259766,0.8228590488433838,0.31893380309056124,0.47233510020152264,0.761238434289653,0.8002410012480643
3,1000,6,0.5,855,0.8529231548309326,-0.942162275314331,-0.14707684516906738,0.057837724685668945,0.8162102699279785,0.30891526634169564,0.4616725722986415,0.7506967871857259,0.7937323865181208
3,1000,6,0.5,856,0.8535026907920837,-0.9413214921951294,-0.14649730920791626,0.058678507804870605,0.8305063247680664,0.31159871919973586,0.4658455552198012,0.7599295313269429,0.7915040160313382
3,1000,6,0.5,857,0.8553168773651123,-0.9399315118789673,-0.1446831226348877,0.060068488121032715,0.838255763053894,0.32061566235932865,0.47164659758879507,0.7676128423635212,0.7993744823771074
3,1000,6,0.5,858,0.8544731736183167,-0.941133975982666,-0.14552682638168335,0.058866024017333984,0.8105862140655518,0.3368060147654334,0.4823912685570198,0.7720854939159932,0.8125771453599109
3,1000,6,0.5,859,0.8563013672828674,-0.9400932192802429,-0.14369863271713257,0.05990678071975708,0.8235175013542175,0.3232010314343879,0.4681909038543233,0.766641606897509,0.8019699840747058
3,1000,6,0.5,860,0.8565240502357483,-0.9398961067199707,-0.1434759497642517,0.0601038932800293,0.8245208263397217,0.3437667251515464,0.49356931431274453,0.7836031517870495,0.813177655584448
3,1000,6,0.5,861,0.856580376625061,-0.9408637285232544,-0.14341962337493896,0.059136271476745605,0.828478991985321,0.34173856424470456,0.48912281560054394,0.7733193812071544,0.8135945229716709
3,1000,6,0.5,862,0.8554452657699585,-0.9413524270057678,-0.1445547342300415,0.05864757299423218,0.8321365118026733,0.32613525121205517,0.47618861042223204,0.7572062022922832,0.8072601429306806
3,1000,6,0.5,863,0.851143479347229,-0.9417816400527954,-0.148856520652771,0.05821835994720459,0.8229331970214844,0.3152887482876006,0.4649015593363495,0.7560428258355277,0.7956477645213785
3,1000,6,0.5,864,0.8478607535362244,-0.9418496489524841,-0.15213924646377563,0.05815035104751587,0.8230655193328857,0.31118757412701037,0.46311436739222733,0.75017522365871,0.7957333245400184
3,1000,6,0.5,865,0.8516896963119507,-0.9404389262199402,-0.14831030368804932,0.059561073780059814,0.8423806428909302,0.2927934511942638,0.4438579307770186,0.7471031956967863,0.7804841048952096
3,1000,6,0.5,866,0.8502083420753479,-0.9412670135498047,-0.1497916579246521,0.05873298645019531,0.8227275609970093,0.3156356427063291,0.46393193003503547,0.7538525482704634,0.799059039302724
3,1000,6,0.5,867,0.8508257865905762,-0.9409439563751221,-0.14917421340942383,0.05905604362487793,0.8199449777603149,0.3314387134683167,0.4839424558957864,0.7738677509860149,0.8069796207063857
3,1000,6,0.5,868,0.8482572436332703,-0.9421232342720032,-0.15174275636672974,0.057876765727996826,0.8340048789978027,0.3035126983080341,0.45000937135003966,0.7588165945438439,0.792728946680895
3,1000,6,0.5,869,0.8472000360488892,-0.9424369931221008,-0.15279996395111084,0.05756300687789917,0.8327128887176514,0.2929465211901798,0.43733457293088046,0.7510706689219363,0.7801820251524241
3,1000,6,0.5,870,0.85029536485672,-0.9419618248939514,-0.14970463514328003,0.058038175106048584,0.8368909955024719,0.2950763838731144,0.44110193241064943,0.7479691996807865,0.7829344392627274
3,1000,6,0.5,871,0.8513839244842529,-0.943092942237854,-0.14861607551574707,0.056907057762145996,0.8482511639595032,0.29533883234635117,0.4293683613606498,0.745873041599601,0.7850330961637285
3,1000,6,0.5,872,0.8536948561668396,-0.9448484182357788,-0.1463051438331604,0.05515158176422119,0.8419532179832458,0.2790026344966635,0.4277007332610743,0.7424157512986881,0.774412943924176
3,1000,6,0.5,873,0.8545594811439514,-0.9458814263343811,-0.14544051885604858,0.054118573665618896,0.8358476161956787,0.2766312924699977,0.42774605051854553,0.7327853806183907,0.773259538462667
3,1000,6,0.5,874,0.8556803464889526,-0.9446678161621094,-0.14431965351104736,0.055332183837890625,0.8320568203926086,0.30714235792584554,0.45716882923576047,0.7617885764543145,0.7933045220501054
3,1000,6,0.5,875,0.8530093431472778,-0.943159282207489,-0.14699065685272217,0.056840717792510986,0.8229737281799316,0.30448059747587974,0.4538763512624189,0.7520853386867249,0.7889297895171599
3,1000,6,0.5,876,0.8556346297264099,-0.9391146898269653,-0.1443653702735901,0.06088531017303467,0.8222991228103638,0.33439000934313506,0.4804345134570396,0.7712575096257779,0.8131900380939935
3,1000,6,0.5,877,0.8592319488525391,-0.9399909973144531,-0.14076805114746094,0.060009002685546875,0.8219280242919922,0.34329101981899474,0.4881501125517493,0.7786188400057158,0.8148246559817759
3,1000,6,0.5,878,0.8599382042884827,-0.9413199424743652,-0.14006179571151733,0.058680057525634766,0.8094330430030823,0.3229660777528067,0.47808580762611214,0.7636195901237557,0.8025506522843704
3,1000,6,0.5,879,0.8601560592651367,-0.9414770007133484,-0.13984394073486328,0.05852299928665161,0.8169898390769958,0.3485948814871841,0.4930075181548332,0.7660317155987317,0.821590411947135
3,1000,6,0.5,880,0.8583377003669739,-0.9434568285942078,-0.14166229963302612,0.056543171405792236,0.8185153007507324,0.3703171383301403,0.5228322592193106,0.7868311983040859,0.8292797091005009
3,1000,6,0.5,881,0.8589407801628113,-0.9426693320274353,-0.14105921983718872,0.0573306679725647,0.8250771164894104,0.34977282656562514,0.49466754501478094,0.7818561511379175,0.8176861652320428
3,1000,6,0.5,882,0.863111674785614,-0.9406810998916626,-0.136888325214386,0.0593189001083374,0.8188287615776062,0.35336795688197925,0.5146059239976853,0.7762529872803009,0.8209624608844113
3,1000,6,0.5,883,0.864395022392273,-0.9437454342842102,-0.13560497760772705,0.056254565715789795,0.8289240598678589,0.3353760846110941,0.48850825758534194,0.768528056115379,0.8086469601807076
3,1000,6,0.5,884,0.8666030168533325,-0.9449977874755859,-0.13339698314666748,0.05500221252441406,0.8152587413787842,0.3393675772494809,0.48468298106299806,0.7675022759049166,0.8124107309905589
3,1000,6,0.5,885,0.8662299513816833,-0.9460282921791077,-0.13377004861831665,0.053971707820892334,0.8148360252380371,0.377938962480304,0.5277953583204743,0.7967579726145323,0.8379058797192869
3,1000,6,0.5,886,0.8642756938934326,-0.9464386701583862,-0.13572430610656738,0.05356132984161377,0.828384518623352,0.33730917719609316,0.4873579906329063,0.7821955450373985,0.8075548897375874
3,1000,6,0.5,887,0.8620365262031555,-0.9472644329071045,-0.13796347379684448,0.05273556709289551,0.815925121307373,0.31535634294462095,0.47048674709995564,0.7464632495787626,0.7942240200620411
3,1000,6,0.5,888,0.8600317239761353,-0.9483456015586853,-0.13996827602386475,0.0516543984413147,0.8286142945289612,0.30209640166616447,0.44941655908808115,0.7407416358646188,0.787869190025994
3,1000,6,0.5,889,0.8574329614639282,-0.9478647112846375,-0.14256703853607178,0.05213528871536255,0.8325128555297852,0.30084033455912984,0.4487277689068189,0.7499517256830848,0.7862170498630416
3,1000,6,0.5,890,0.8544616103172302,-0.9460906386375427,-0.14553838968276978,0.053909361362457275,0.8128489255905151,0.32271954207325293,0.4764224469239801,0.7575931985356829,0.7979560270301854
3,1000,6,0.5,891,0.8506409525871277,-0.9454410672187805,-0.14935904741287231,0.05455893278121948,0.8238318562507629,0.3273929126932105,0.4666263117461705,0.7706811483431503,0.8046106784550439
3,1000,6,0.5,892,0.8518955707550049,-0.9475973844528198,-0.14810442924499512,0.052402615547180176,0.8269442915916443,0.3281280788578007,0.47377520279341906,0.75846289224866,0.802157536149763
3,1000,6,0.5,893,0.856027364730835,-0.9485516548156738,-0.14397263526916504,0.05144834518432617,0.8281406164169312,0.3219629486991324,0.4724311856764618,0.7650855570630368,0.7955820414893678
3,1000,6,0.5,894,0.859799325466156,-0.9473904371261597,-0.140200674533844,0.05260956287384033,0.8218398094177246,0.3352900665816937,0.4797949951597838,0.7572947870095227,0.8062379276372676
3,1000,6,0.5,895,0.8618871569633484,-0.946557343006134,-0.1381128430366516,0.05344265699386597,0.821403980255127,0.32732594502534723,0.46904794706439534,0.7525430419071998,0.8027524512526949
3,1000,6,0.5,896,0.8597385883331299,-0.9485328197479248,-0.14026141166687012,0.051467180252075195,0.8229414224624634,0.31100462079562513,0.46186232236383334,0.7453411050647171,0.7860632690845726
3,1000,6,0.5,897,0.8582863211631775,-0.9492229223251343,-0.1417136788368225,0.05077707767486572,0.833255410194397,0.3092566336933559,0.45245846613957796,0.7517279035117918,0.7920992254441219
3,1000,6,0.5,898,0.8579086065292358,-0.9494562149047852,-0.14209139347076416,0.050543785095214844,0.8334310054779053,0.3004599775923812,0.4469501152958531,0.7438444826613064,0.7891918933134178
3,1000,6,0.5,899,0.8590236902236938,-0.9509509205818176,-0.14097630977630615,0.04904907941818237,0.838229775428772,0.2935816899834868,0.4307397210950393,0.7378715748215379,0.7827039610214781
3,1000,6,0.5,900,0.8602225184440613,-0.9525514841079712,-0.13977748155593872,0.04744851589202881,0.8294103145599365,0.2986349950079616,0.43702567786078306,0.7408080829814362,0.7876261818696437
3,1000,6,0.5,901,0.8645390868186951,-0.9506911039352417,-0.13546091318130493,0.0493088960647583,0.8366618156433105,0.32464277582846063,0.4717232404267308,0.7616777580299791,0.8035634075488834
3,1000,6,0.5,902,0.8650690913200378,-0.9507843255996704,-0.13493090867996216,0.04921567440032959,0.824291467666626,0.3554220653206707,0.5045362675247,0.7803240675747242,0.8222283856958128
3,1000,6,0.5,903,0.8634347915649414,-0.9520841836929321,-0.1365652084350586,0.04791581630706787,0.8149135112762451,0.3813031836706818,0.5252370401346159,0.7868443264727554,0.835323228062635
3,1000,6,0.5,904,0.8624863028526306,-0.949914276599884,-0.13751369714736938,0.05008572340011597,0.820458173751831,0.33522193902239084,0.49349922435051297,0.7629107046611378,0.8052770537047172
3,1000,6,0.5,905,0.85829097032547,-0.9511223435401917,-0.14170902967453003,0.04887765645980835,0.8086064457893372,0.3418298384550015,0.4853805462976848,0.7688828457625151,0.8129133275545503
3,1000,6,0.5,906,0.8534412384033203,-0.9497512578964233,-0.1465587615966797,0.05024874210357666,0.8110030889511108,0.33022849500670953,0.48055973468871427,0.7679479630690209,0.8061407734001886
3,1000,6,0.5,907,0.8502891659736633,-0.9497947096824646,-0.14971083402633667,0.0502052903175354,0.8240814208984375,0.3487989498009407,0.4886255680105693,0.770314332511537,0.814966063521732
3,1000,6,0.5,908,0.8493286967277527,-0.9512204527854919,-0.15067130327224731,0.04877954721450806,0.8236507177352905,0.32386289791710066,0.4593220894650793,0.7641801046799813,0.7989058164171217
3,1000,6,0.5,909,0.8523718118667603,-0.9504047632217407,-0.14762818813323975,0.04959523677825928,0.8213598728179932,0.3230506822621452,0.47331330813640304,0.7544745236743873,0.799292710268633
3,1000,6,0.5,910,0.8537823557853699,-0.9490236043930054,-0.14621764421463013,0.05097639560699463,0.819354236125946,0.3431532219617775,0.4836164940104058,0.767967284541526,0.8152478916276473
3,1000,6,0.5,911,0.8531403541564941,-0.9501251578330994,-0.14685964584350586,0.049874842166900635,0.8300570249557495,0.3046604206009608,0.45666035425353557,0.7618487885340772,0.7859091967320034
3,1000,6,0.5,912,0.8535428643226624,-0.949630856513977,-0.14645713567733765,0.05036914348602295,0.8313193321228027,0.3564123867364594,0.5011457786154534,0.7822672066124684,0.8232405938913132
3,1000,6,0.5,913,0.8550718426704407,-0.9507319927215576,-0.14492815732955933,0.04926800727844238,0.8183906078338623,0.34974830653778094,0.495381940363759,0.7831790228723138,0.816894713454007
3,1000,6,0.5,914,0.8566439151763916,-0.9486661553382874,-0.1433560848236084,0.051333844661712646,0.840225338935852,0.33791119559740324,0.47796229146051195,0.7712287613653995,0.8093511289166565
3,1000,6,0.5,915,0.8522403836250305,-0.9515088796615601,-0.14775961637496948,0.04849112033843994,0.8410258889198303,0.3068618066394681,0.4450312611594322,0.7588968416530817,0.7908096862846296
3,1000,6,0.5,916,0.8521478176116943,-0.9552242159843445,-0.14785218238830566,0.04477578401565552,0.8300009965896606,0.3223659098781387,0.4560546963964613,0.7578165518377782,0.7998562313503491
3,1000,6,0.5,917,0.8554027676582336,-0.9556857943534851,-0.14459723234176636,0.04431420564651489,0.8331327438354492,0.3350134032717773,0.4754714483289632,0.768523433668621,0.8067157076072227
3,1000,6,0.5,918,0.8583724498748779,-0.9525526762008667,-0.14162755012512207,0.0474473237991333,0.8305935859680176,0.3628766380252111,0.5099729088349682,0.7911784165045433,0.8233799538561969
3,1000,6,0.5,919,0.8589818477630615,-0.951442301273346,-0.14101815223693848,0.04855769872665405,0.8157564401626587,0.3648540119945507,0.5131382326428282,0.7760196178575243,0.8240261512217968
3,1000,6,0.5,920,0.8584999442100525,-0.9520351886749268,-0.1415000557899475,0.04796481132507324,0.8136098384857178,0.32248958015055873,0.48469867036684716,0.7567642478492056,0.7994795804132151
3,1000,6,0.5,921,0.8569321036338806,-0.9533431529998779,-0.14306789636611938,0.04665684700012207,0.8353637456893921,0.3388567114906741,0.47765528265743734,0.7670840969628471,0.8097165645872363
3,1000,6,0.5,922,0.8546667098999023,-0.9540978074073792,-0.14533329010009766,0.04590219259262085,0.8270294666290283,0.36775872360757833,0.5065205400643422,0.7868136427657119,0.8285230678865024
3,1000,6,0.5,923,0.8561758995056152,-0.9548735022544861,-0.14382410049438477,0.045126497745513916,0.82872474193573,0.3493526719971333,0.49469687422281255,0.7758168356875085,0.8133717332891125
3,1000,6,0.5,924,0.8565292358398438,-0.9535742998123169,-0.14347076416015625,0.046425700187683105,0.8263558149337769,0.3439961398440228,0.4788802963672657,0.7701764667578986,0.8141714958171106
3,1000,6,0.5,925,0.8559262752532959,-0.9529277086257935,-0.1440737247467041,0.04707229137420654,0.8364575505256653,0.3212599652180894,0.4593310381164785,0.7563553346616172,0.7958278549197947
3,1000,6,0.5,926,0.8546628952026367,-0.9530678391456604,-0.14533710479736328,0.0469321608543396,0.8293575048446655,0.3195419315683021,0.4629848940332809,0.7637137357551305,0.7969110521715989
3,1000,6,0.5,927,0.8548015356063843,-0.9524394869804382,-0.14519846439361572,0.04756051301956177,0.8163422346115112,0.3404642151018123,0.4873283626737825,0.7731860284735111,0.8115568261251122
3,1000,6,0.5,928,0.8543664813041687,-0.9514886736869812,-0.1456335186958313,0.0485113263130188,0.8212479948997498,0.34072330287959063,0.4847370124684667,0.7725406046765916,0.8103498135301227
3,1000,6,0.5,929,0.8515783548355103,-0.9527876973152161,-0.14842164516448975,0.047212302684783936,0.83342045545578,0.3489205655177908,0.4886578969328885,0.7849268648751804,0.8178878607361268
3,1000,6,0.5,930,0.8518100380897522,-0.9521152377128601,-0.1481899619102478,0.04788476228713989,0.8432580232620239,0.33509027561945526,0.4676933635460653,0.7735937622424006,0.807778609724661
3,1000,6,0.5,931,0.8516145348548889,-0.9524059295654297,-0.14838546514511108,0.04759407043457031,0.8243010640144348,0.3367571106400395,0.4734977862629632,0.7663422116367287,0.8049480341361306
3,1000,6,0.5,932,0.8552030920982361,-0.9518783688545227,-0.14479690790176392,0.048121631145477295,0.8231964707374573,0.3599311391135582,0.4990176636585344,0.7789882017567601,0.8234334435923042
3,1000,6,0.5,933,0.8536503911018372,-0.9513044357299805,-0.14634960889816284,0.04869556427001953,0.8529221415519714,0.3306594597496439,0.47188810078260085,0.7579965796679786,0.8012971979999473
3,1000,6,0.5,934,0.8510411977767944,-0.9522599577903748,-0.14895880222320557,0.047740042209625244,0.8208416700363159,0.32256152695667745,0.4743831044250483,0.7615437849766797,0.7989718270969131
3,1000,6,0.5,935,0.8464468717575073,-0.9523522257804871,-0.15355312824249268,0.04764777421951294,0.8468157649040222,0.31606701781033303,0.45393158568502284,0.7551351579563221,0.796985845842346
3,1000,6,0.5,936,0.8474101424217224,-0.9490342140197754,-0.1525898575782776,0.05096578598022461,0.828382670879364,0.33369737345292755,0.47012198839164326,0.7728747866847566,0.808567082968829
3,1000,6,0.5,937,0.8445283770561218,-0.9486035108566284,-0.15547162294387817,0.05139648914337158,0.8192187547683716,0.3537175585588009,0.49833576976678784,0.779476374535357,0.8160617396051261
3,1000,6,0.5,938,0.8471624851226807,-0.9471778273582458,-0.15283751487731934,0.05282217264175415,0.8167637586593628,0.374223452715719,0.5142891546633744,0.7894590226733139,0.8286702741928555
3,1000,6,0.5,939,0.84869784116745,-0.9481919407844543,-0.15130215883255005,0.051808059215545654,0.8126071691513062,0.35393559849546596,0.5017408971654939,0.7871798649682837,0.8178498708757334
3,1000,6,0.5,940,0.8493989109992981,-0.9510817527770996,-0.1506010890007019,0.04891824722290039,0.8306084275245667,0.3384037879413988,0.4813119896807615,0.7790221237742135,0.8075996188922673
3,1000,6,0.5,941,0.8476284742355347,-0.9516211152076721,-0.15237152576446533,0.04837888479232788,0.82056725025177,0.35826668013782814,0.4988818594001878,0.773554421851104,0.8175005551759713
3,1000,6,0.5,942,0.850314736366272,-0.9500641226768494,-0.14968526363372803,0.049935877323150635,0.8392699956893921,0.3687488247422831,0.515681974283046,0.7971308551268512,0.828441182441423
3,1000,6,0.5,943,0.8510686755180359,-0.9524220824241638,-0.1489313244819641,0.04757791757583618,0.8197801113128662,0.3470768246175226,0.49107888119660376,0.7752656074746479,0.8157758359167493
3,1000,6,0.5,944,0.8507171869277954,-0.9551137089729309,-0.1492828130722046,0.04488629102706909,0.8119103312492371,0.33627265370744563,0.4800193709926207,0.7673766917682658,0.8054338790865556
3,1000,6,0.5,945,0.8536921143531799,-0.955143928527832,-0.14630788564682007,0.04485607147216797,0.8316848874092102,0.3328076078265423,0.4759783802773386,0.7711912105646163,0.8052823631722167
3,1000,6,0.5,946,0.8545831441879272,-0.9560335874557495,-0.14541685581207275,0.04396641254425049,0.8211190700531006,0.3267215971243449,0.4777336326183869,0.7670139106472397,0.7998655876907171
3,1000,6,0.5,947,0.8560342192649841,-0.9568486213684082,-0.14396578073501587,0.0431513786315918,0.8297848105430603,0.3351673592959118,0.46634603426144056,0.7592435395409798,0.8100952580112531
3,1000,6,0.5,948,0.8586728572845459,-0.9529890418052673,-0.1413271427154541,0.047010958194732666,0.8425933122634888,0.3257786694515783,0.47407802285006484,0.7683347386579247,0.7986496837994725
3,1000,6,0.5,949,0.8551581501960754,-0.9522503614425659,-0.14484184980392456,0.04774963855743408,0.8134583234786987,0.34532526455481993,0.50056954807597,0.7681461366747206,0.8161181812145488
3,1000,6,0.5,950,0.8518233895301819,-0.9541265368461609,-0.14817661046981812,0.04587346315383911,0.8226873874664307,0.3200491985563059,0.4638384451473194,0.7600268269571896,0.7974148150671267
3,1000,6,0.5,951,0.8506714105606079,-0.955562949180603,-0.1493285894393921,0.04443705081939697,0.8342347145080566,0.3341852014319915,0.47271733967041024,0.7691423156640715,0.8071889621184717
3,1000,6,0.5,952,0.8511332869529724,-0.9570913314819336,-0.1488667130470276,0.042908668518066406,0.8342418670654297,0.3293103188126622,0.46622359857606027,0.7654343201078706,0.8056886260230671
3,1000,6,0.5,953,0.8525999188423157,-0.9574958682060242,-0.14740008115768433,0.04250413179397583,0.8127068281173706,0.32313805542781165,0.4689934272648749,0.7455119764210539,0.8015944712934332
3,1000,6,0.5,954,0.8563514351844788,-0.9576824307441711,-0.14364856481552124,0.04231756925582886,0.8564763069152832,0.32209830171371123,0.47029880237499,0.7669026653536984,0.7966429750359527
3,1000,6,0.5,955,0.8548569679260254,-0.9582401514053345,-0.1451430320739746,0.04175984859466553,0.8290199041366577,0.3421088898752683,0.4773041478825047,0.7642698905237093,0.8097632997411078
3,1000,6,0.5,956,0.8550407886505127,-0.9608471393585205,-0.1449592113494873,0.03915286064147949,0.8219884634017944,0.3318744744157711,0.4664565329702776,0.7639558742361894,0.8065938974690381
3,1000,6,0.5,957,0.8557906746864319,-0.9595882296562195,-0.14420932531356812,0.04041177034378052,0.8276200890541077,0.31936713612062634,0.4647251361518005,0.7686179648555559,0.7961068388756077
3,1000,6,0.5,958,0.8539011478424072,-0.9598509073257446,-0.14609885215759277,0.04014909267425537,0.825040340423584,0.3481723049501163,0.48832830420866413,0.7889823584205438,0.8098425305253996
3,1000,6,0.5,959,0.849267840385437,-0.9618577361106873,-0.150732159614563,0.038142263889312744,0.8071960210800171,0.3358548391571062,0.483645119835582,0.7622271851087632,0.8064643495338193
3,1000,6,0.5,960,0.8484526872634888,-0.9626862406730652,-0.15154731273651123,0.037313759326934814,0.8433047533035278,0.3177870549003123,0.4512609863072333,0.7518758546282353,0.7959344124813948
3,1000,6,0.5,961,0.846848726272583,-0.9663450717926025,-0.153151273727417,0.03365492820739746,0.8277689218521118,0.3289474503897153,0.468369450824067,0.7652688429886153,0.8006043838234266
3,1000,6,0.5,962,0.8506870269775391,-0.9650339484214783,-0.14931297302246094,0.03496605157852173,0.8441678285598755,0.3712767858114621,0.5066888309331289,0.7939314832634221,0.8240780584180881
3,1000,6,0.5,963,0.852954089641571,-0.9642190337181091,-0.14704591035842896,0.03578096628189087,0.823401927947998,0.34120237174177,0.4773435138476001,0.7788825815342895,0.8104022376445573
3,1000,6,0.5,964,0.8550637364387512,-0.9646830558776855,-0.14493626356124878,0.03531694412231445,0.8323583602905273,0.3204002101423975,0.4554258785769567,0.7589940730664158,0.7978501182738731
3,1000,6,0.5,965,0.8573095798492432,-0.9630666375160217,-0.14269042015075684,0.03693336248397827,0.8428270816802979,0.32333602583934334,0.4667422539238368,0.7603860938749918,0.7991080241892328
3,1000,6,0.5,966,0.8592783212661743,-0.9635240435600281,-0.14072167873382568,0.036475956439971924,0.8268271684646606,0.3245928481761144,0.4629506158941758,0.7619781771157264,0.7981777139984615
3,1000,6,0.5,967,0.8612987995147705,-0.9640031456947327,-0.1387012004852295,0.035996854305267334,0.8314394354820251,0.3398067768976967,0.48219096567964326,0.7735760108894355,0.8108687758221662
3,1000,6,0.5,968,0.8598301410675049,-0.9639072418212891,-0.14016985893249512,0.03609275817871094,0.83887779712677,0.34483515439723555,0.4814223100381094,0.7763822781092423,0.810183263247528
3,1000,6,0.5,969,0.8605766296386719,-0.9628462195396423,-0.13942337036132812,0.037153780460357666,0.8400771617889404,0.3397181052034951,0.4761517091787341,0.7823507786714485,0.8111844068190198
3,1000,6,0.5,970,0.8598010540008545,-0.9619771838188171,-0.1401989459991455,0.03802281618118286,0.8495006561279297,0.3247798097441188,0.4628883764950551,0.7657415381349533,0.7998343354218644
3,1000,6,0.5,971,0.8563608527183533,-0.9634542465209961,-0.14363914728164673,0.036545753479003906,0.8285547494888306,0.3348102474704903,0.4703688597488708,0.7611186668819684,0.8086229401060777
3,1000,6,0.5,972,0.8578749895095825,-0.965356171131134,-0.14212501049041748,0.03464382886886597,0.8186540603637695,0.3223959639716893,0.4694125685576378,0.7730907942682902,0.7995691658685234
3,1000,6,0.5,973,0.8550849556922913,-0.9668646454811096,-0.14491504430770874,0.03313535451889038,0.8220192193984985,0.34944276735203283,0.49233797069778257,0.7727152867096695,0.813516525467317
3,1000,6,0.5,974,0.8533113598823547,-0.969087541103363,-0.14668864011764526,0.030912458896636963,0.8164370059967041,0.3411031635940537,0.47762557692803154,0.7590263540663572,0.8101317031387625
3,1000,6,0.5,975,0.8547894954681396,-0.9680540561676025,-0.14521050453186035,0.03194594383239746,0.8166368007659912,0.3304632862029732,0.47484650904339004,0.7672896549503975,0.8018119088482308
3,1000,6,0.5,976,0.8556579351425171,-0.9672380089759827,-0.1443420648574829,0.032761991024017334,0.8267666697502136,0.35283815609913394,0.4894107483944234,0.7762105578356436,0.8156858340609928
3,1000,6,0.5,977,0.8564494252204895,-0.9689422249794006,-0.1435505747795105,0.031057775020599365,0.8199189305305481,0.3561105454209894,0.4978528784415016,0.7788748643786715,0.8152867106201268
3,1000,6,0.5,978,0.8572965860366821,-0.9712006449699402,-0.14270341396331787,0.028799355030059814,0.832629919052124,0.3633109541823915,0.5037828476545329,0.7898124180507544,0.820206978872288
3,1000,6,0.5,979,0.8547343611717224,-0.9732987880706787,-0.1452656388282776,0.02670121192932129,0.8370369672775269,0.3473267565106804,0.4714750771120622,0.7760219462294572,0.8114871086925544
3,1000,6,0.5,980,0.8533545732498169,-0.9725849032402039,-0.1466454267501831,0.027415096759796143,0.8241478800773621,0.3345571631338927,0.47646176257246375,0.7653193841833685,0.8041802761916257
3,1000,6,0.5,981,0.8566163182258606,-0.9689946174621582,-0.1433836817741394,0.031005382537841797,0.8255438804626465,0.3870922567744154,0.5197894247036493,0.7996518000573865,0.8347884095395798
3,1000,6,0.5,982,0.8528301119804382,-0.9702879786491394,-0.14716988801956177,0.029712021350860596,0.8096227645874023,0.37151740259007804,0.5065698316320097,0.7804082608704829,0.8263741330390324
3,1000,6,0.5,983,0.8558946251869202,-0.9673168659210205,-0.14410537481307983,0.03268313407897949,0.8294729590415955,0.34748640292416605,0.4836793123040002,0.7689576999642483,0.8143923612077688
3,1000,6,0.5,984,0.8520417213439941,-0.9667402505874634,-0.14795827865600586,0.03325974941253662,0.8279578685760498,0.35820404141107015,0.4937675045607145,0.7794904050969252,0.8183180096896757
3,1000,6,0.5,985,0.8489782214164734,-0.9651997685432434,-0.1510217785835266,0.03480023145675659,0.8286160230636597,0.36712080260173596,0.5089733164301583,0.7920119620773045,0.8224586272247232
3,1000,6,0.5,986,0.8470131158828735,-0.9665177464485168,-0.15298688411712646,0.033482253551483154,0.8309551477432251,0.3548099326592371,0.48291794201098837,0.7738655155510655,0.8203282054476378
3,1000,6,0.5,987,0.8479189872741699,-0.9668969511985779,-0.15208101272583008,0.03310304880142212,0.8247320652008057,0.3330891174122364,0.46937491131719855,0.7682744042057861,0.8042409977765633
3,1000,6,0.5,988,0.847154438495636,-0.9659094214439392,-0.152845561504364,0.03409057855606079,0.8267838358879089,0.33724168834201546,0.46681211978209597,0.765887626243073,0.8083120073679064
3,1000,6,0.5,989,0.8476539850234985,-0.967876672744751,-0.15234601497650146,0.03212332725524902,0.8322087526321411,0.35342526505101307,0.47927650225695084,0.7757564216434747,0.8139744448012753
3,1000,6,0.5,990,0.8450556397438049,-0.9706795811653137,-0.15494436025619507,0.02932041883468628,0.8515605926513672,0.3109576147517756,0.45171679335425835,0.7597714882943956,0.7911810399577134
3,1000,6,0.5,991,0.8428463935852051,-0.9735555648803711,-0.15715360641479492,0.026444435119628906,0.8388913869857788,0.3164907005531823,0.449628535656999,0.7633463931683788,0.7939518296879203
3,1000,6,0.5,992,0.8442920446395874,-0.9764606356620789,-0.1557079553604126,0.023539364337921143,0.8351466655731201,0.3166639183646849,0.4621537605789214,0.7603784311948738,0.7913189183025304
3,1000,6,0.5,993,0.84769606590271,-0.972814679145813,-0.15230393409729004,0.02718532085418701,0.8393694162368774,0.3327759354006642,0.45440470366970714,0.7582448140673635,0.8056775107586888
3,1000,6,0.5,994,0.8472182154655457,-0.9709386229515076,-0.15278178453445435,0.02906137704849243,0.8242613077163696,0.3531877756306938,0.4923981530873655,0.779533346142621,0.8156365190176875
3,1000,6,0.5,995,0.8467965722084045,-0.9717782139778137,-0.15320342779159546,0.02822178602218628,0.8392722606658936,0.34624989806256457,0.47696688815746013,0.7752107797638148,0.8125112770101262
3,1000,6,0.5,996,0.8468495011329651,-0.9714394211769104,-0.1531504988670349,0.0285605788230896,0.8336072564125061,0.3657186813794247,0.48883618446284216,0.7745071423920942,0.8264442403216128
3,1000,6,0.5,997,0.8489620685577393,-0.9683597683906555,-0.15103793144226074,0.03164023160934448,0.8265529870986938,0.37571693216076396,0.5162290582194554,0.7861468032947712,0.8296264747721829
3,1000,6,0.5,998,0.8509509563446045,-0.9675619602203369,-0.1490490436553955,0.032438039779663086,0.826938271522522,0.3754790352324419,0.5124340420139605,0.7851400959540871,0.8300342820772642
3,1000,6,0.5,999,0.8535052537918091,-0.9654480218887329,-0.14649474620819092,0.03455197811126709,0.8177804946899414,0.35179021339398725,0.4925176414687392,0.7826296361957458,0.81428466392012
3,1000,6,0.5,1000,0.8526365160942078,-0.9645869135856628,-0.14736348390579224,0.03541308641433716,0.8232028484344482,0.3559141667777233,0.49105251513679093,0.7785252245937255,0.8178699191706935
