case,n,rep,tau,epoch,theta1,theta2,error_theta1,error_theta2,selection_val_loss,relative_mse,train_check_loss,validation_check_loss,test_check_loss
2,1000,6,0.5,0,0.6076298356056213,0.055657386779785156,-0.39237016439437866,1.0556573867797852,,1.0406486808598086,2.304050021553432,2.353893428802952,2.2751454696724323
2,1000,6,0.5,1,0.6426120400428772,0.09070702642202377,-0.3573879599571228,1.0907070264220238,2.132735013961792,0.8966314728890945,2.084019789212949,2.12918046160383,2.054823891772319
2,1000,6,0.5,2,0.6774709820747375,0.12561647593975067,-0.32252901792526245,1.1256164759397507,1.7409192323684692,0.64432246444819,1.6762210960587298,1.7318792834631125,1.6629806914652956
2,1000,6,0.5,3,0.7112060189247131,0.15910658240318298,-0.28879398107528687,1.159106582403183,1.014636754989624,0.2234727827934494,0.9642986648975554,1.0002185314937604,1.0035537301591273
2,1000,6,0.5,4,0.7349551320075989,0.18103182315826416,-0.2650448679924011,1.1810318231582642,1.0602774620056152,0.11608157610277181,1.0680049105215044,1.0576640943577842,1.1215241466227366
2,1000,6,0.5,5,0.7406240701675415,0.1828220635652542,-0.2593759298324585,1.1828220635652542,0.9086199998855591,0.15557154503995554,0.867026561059846,0.8986654104708434,0.9129262137500127
2,1000,6,0.5,6,0.7483420372009277,0.18562355637550354,-0.25165796279907227,1.1856235563755035,0.8894835710525513,0.1503363268048064,0.8443723537058971,0.8810180058506356,0.8894015244236809
2,1000,6,0.5,7,0.7573883533477783,0.1896122545003891,-0.24261164665222168,1.189612254500389,0.8164247274398804,0.07322544658705842,0.7877712221339714,0.8094472924981904,0.8461886085649961
2,1000,6,0.5,8,0.7593344449996948,0.18583457171916962,-0.24066555500030518,1.1858345717191696,0.7826238870620728,0.07583083586423686,0.7496886199977589,0.7768927649212779,0.7998551666888571
2,1000,6,0.5,9,0.7601836919784546,0.17952381074428558,-0.2398163080215454,1.1795238107442856,0.7666015625,0.08074731633309082,0.7269592368748738,0.7613253177961693,0.7768672726816488
2,1000,6,0.5,10,0.7609591484069824,0.17299650609493256,-0.23904085159301758,1.1729965060949326,0.7483541369438171,0.053849458431775535,0.705517998178033,0.7412243905759536,0.753820327051838
2,1000,6,0.5,11,0.7587805986404419,0.1621112823486328,-0.2412194013595581,1.1621112823486328,0.7327972650527954,0.06228237209522671,0.6915555424237713,0.7271010437038123,0.7318464202754805
2,1000,6,0.5,12,0.7580870389938354,0.1520892083644867,-0.24191296100616455,1.1520892083644867,0.7305111885070801,0.04598804066785779,0.6853301606607894,0.7268900321491151,0.7238051384359228
2,1000,6,0.5,13,0.7574900984764099,0.14091730117797852,-0.2425099015235901,1.1409173011779785,0.721073567867279,0.048479251745762376,0.6736639351641855,0.7178470780574585,0.7139356293405711
2,1000,6,0.5,14,0.755752444267273,0.12914536893367767,-0.24424755573272705,1.1291453689336777,0.7157858610153198,0.05591514244136755,0.6689878300756295,0.7129171182139922,0.7058454767226767
2,1000,6,0.5,15,0.7564077377319336,0.11973892152309418,-0.2435922622680664,1.1197389215230942,0.720939040184021,0.03874795552320034,0.6659710312539664,0.7171262995753803,0.7087491508417652
2,1000,6,0.5,16,0.754492998123169,0.10740754753351212,-0.24550700187683105,1.1074075475335121,0.7091987133026123,0.055954701666643285,0.6618756890425063,0.704487723783795,0.6940071230947794
2,1000,6,0.5,17,0.7574320435523987,0.09866567701101303,-0.24256795644760132,1.098665677011013,0.7094095945358276,0.0395698234872175,0.654510179400637,0.705552988547443,0.6943625896326698
2,1000,6,0.5,18,0.7553351521492004,0.08673921972513199,-0.24466484785079956,1.086739219725132,0.7030575275421143,0.04680922199165999,0.6509415625309833,0.6998354496990526,0.6873244825317719
2,1000,6,0.5,19,0.7567935585975647,0.07605984807014465,-0.2432064414024353,1.0760598480701447,0.7054694294929504,0.04220550720515211,0.6498059049785319,0.7018917924882456,0.6907087946345976
2,1000,6,0.5,20,0.7576999664306641,0.06370358914136887,-0.24230003356933594,1.0637035891413689,0.7003028392791748,0.04548350997664297,0.645348026929678,0.6975822142526813,0.6811178815539739
2,1000,6,0.5,21,0.7584304809570312,0.05039091408252716,-0.24156951904296875,1.0503909140825272,0.6977792978286743,0.04437159225889773,0.6417565210648868,0.6949441916982688,0.67960202168815
2,1000,6,0.5,22,0.7600144147872925,0.03697551041841507,-0.23998558521270752,1.036975510418415,0.7015324831008911,0.035207186315765464,0.6376655196500297,0.699315605311474,0.6814964818233022
2,1000,6,0.5,23,0.7596162557601929,0.02212514914572239,-0.24038374423980713,1.0221251491457224,0.6944174766540527,0.04238089814357797,0.6360259714163327,0.6912087047975123,0.6746364171080095
2,1000,6,0.5,24,0.7626157402992249,0.010236459784209728,-0.23738425970077515,1.0102364597842097,0.6991305351257324,0.03325876093452591,0.6317628552335881,0.6955612978650728,0.6800305433368301
2,1000,6,0.5,25,0.7629793882369995,-0.0040769316256046295,-0.2370206117630005,0.9959230683743954,0.6927579641342163,0.03935526003133709,0.6277984727111241,0.6888282553234794,0.6702052994978042
2,1000,6,0.5,26,0.7672849893569946,-0.017221329733729362,-0.23271501064300537,0.9827786702662706,0.6957400441169739,0.03312994551346314,0.6219306824079711,0.6925345202865101,0.6684496018932152
2,1000,6,0.5,27,0.7715167999267578,-0.03184617683291435,-0.2284832000732422,0.9681538231670856,0.6992030143737793,0.02594260236713151,0.6218638809459118,0.696199785599763,0.6773568341371888
2,1000,6,0.5,28,0.7716037631034851,-0.04704510420560837,-0.2283962368965149,0.9529548957943916,0.6927295923233032,0.03582024613529713,0.6170471890987155,0.690419844191012,0.6656525210122813
2,1000,6,0.5,29,0.7744979858398438,-0.06130741164088249,-0.22550201416015625,0.9386925883591175,0.6991150379180908,0.02717919717465022,0.6131736959393781,0.6978408640468656,0.668910659174184
2,1000,6,0.5,30,0.7747296690940857,-0.07796370983123779,-0.2252703309059143,0.9220362901687622,0.6931746006011963,0.04084052908081412,0.6183316444376679,0.6914050914792366,0.665309862971778
2,1000,6,0.5,31,0.778994083404541,-0.09003597497940063,-0.22100591659545898,0.9099640250205994,0.7175086736679077,0.017371869084966896,0.6215495611908155,0.7138960007183206,0.6840159603077957
2,1000,6,0.5,32,0.7749158143997192,-0.10873419791460037,-0.22508418560028076,0.8912658020853996,0.6920825242996216,0.038357116622569534,0.6118866917135602,0.6888554407641742,0.6599067291884047
2,1000,6,0.5,33,0.7794249653816223,-0.12117848545312881,-0.22057503461837769,0.8788215145468712,0.7053573727607727,0.018628665263937923,0.6114918735460987,0.7018836441876287,0.6800490314473215
2,1000,6,0.5,34,0.7793915867805481,-0.1377125084400177,-0.2206084132194519,0.8622874915599823,0.6875768899917603,0.039797277219664064,0.613426293628097,0.6823057630413006,0.6616604957373855
2,1000,6,0.5,35,0.7868884205818176,-0.14824901521205902,-0.21311157941818237,0.851750984787941,0.7023388147354126,0.01858379182458584,0.6035783392967018,0.6984950400738248,0.6687683299795343
2,1000,6,0.5,36,0.7863192558288574,-0.16412220895290375,-0.21368074417114258,0.8358777910470963,0.6858433485031128,0.03211547740946701,0.5986026174944089,0.6824436091685905,0.6533002116660797
2,1000,6,0.5,37,0.7895888686180115,-0.17550431191921234,-0.21041113138198853,0.8244956880807877,0.6919037103652954,0.020681059433702638,0.594274683776153,0.6889817130463198,0.6588692475731348
2,1000,6,0.5,38,0.7909630537033081,-0.18799903988838196,-0.2090369462966919,0.812000960111618,0.6878771781921387,0.024876397766617334,0.5894934390582204,0.685776239283411,0.6571126414478347
2,1000,6,0.5,39,0.7916227579116821,-0.20431271195411682,-0.20837724208831787,0.7956872880458832,0.6964135766029358,0.03564023676139068,0.5981136150038502,0.6953190068353764,0.6611644075156399
2,1000,6,0.5,40,0.8000516891479492,-0.21371780335903168,-0.19994831085205078,0.7862821966409683,0.7085622549057007,0.016026191987614128,0.6008158924986365,0.7052167789806958,0.6768031007947343
2,1000,6,0.5,41,0.8005101680755615,-0.22849881649017334,-0.19948983192443848,0.7715011835098267,0.6821207404136658,0.03014536460902516,0.5933540595002269,0.6788434763235542,0.6592437053058094
2,1000,6,0.5,42,0.8064742088317871,-0.23942357301712036,-0.1935257911682129,0.7605764269828796,0.6941314935684204,0.015177518110753163,0.5913798442778948,0.6903530741960339,0.6731185564299083
2,1000,6,0.5,43,0.8038871884346008,-0.2562906742095947,-0.19611281156539917,0.7437093257904053,0.6898183822631836,0.035555298638377496,0.5951388308000533,0.6877191505032246,0.65777982355154
2,1000,6,0.5,44,0.8105002641677856,-0.26470720767974854,-0.18949973583221436,0.7352927923202515,0.6891273856163025,0.01524165003161952,0.5905798607793158,0.6840454066610648,0.6661499271768578
2,1000,6,0.5,45,0.808784544467926,-0.2812800705432892,-0.19121545553207397,0.7187199294567108,0.6786514520645142,0.02291394511152573,0.5777179935516817,0.6767627884145324,0.6486999442488197
2,1000,6,0.5,46,0.8134000301361084,-0.2921392619609833,-0.1865999698638916,0.7078607380390167,0.6814268231391907,0.01566734826436766,0.5790659187244118,0.6781270059555088,0.6599693759217731
2,1000,6,0.5,47,0.8136884570121765,-0.30552202463150024,-0.1863115429878235,0.6944779753684998,0.6783836483955383,0.021026771839225626,0.5721234058856735,0.6759443717052914,0.6499332477593162
2,1000,6,0.5,48,0.8168860077857971,-0.31785911321640015,-0.18311399221420288,0.6821408867835999,0.6745858192443848,0.018466868234784013,0.5689630348622677,0.6713988003340589,0.6515203537092175
2,1000,6,0.5,49,0.8159236311912537,-0.32945218682289124,-0.18407636880874634,0.6705478131771088,0.6712749004364014,0.018799754646988444,0.5666248710375766,0.668925024122529,0.6520210973518142
2,1000,6,0.5,50,0.815981924533844,-0.3428990840911865,-0.184018075466156,0.6571009159088135,0.6714656352996826,0.02096987303641359,0.5669724497711801,0.670637565841248,0.6494969649933344
2,1000,6,0.5,51,0.8164430856704712,-0.352962851524353,-0.1835569143295288,0.647037148475647,0.6904787421226501,0.012152126356058295,0.5871025179234453,0.6866151123085994,0.6770059131934337
2,1000,6,0.5,52,0.8103728294372559,-0.36801618337631226,-0.18962717056274414,0.6319838166236877,0.6781936883926392,0.02993970192653002,0.5858545862177676,0.674960298966841,0.6533227017597306
2,1000,6,0.5,53,0.8172487616539001,-0.37186530232429504,-0.18275123834609985,0.628134697675705,0.6721222400665283,0.012842481319273397,0.5734384359478147,0.6679076712038645,0.6620513439785186
2,1000,6,0.5,54,0.8178287744522095,-0.38224706053733826,-0.18217122554779053,0.6177529394626617,0.6697273254394531,0.016368826758722272,0.5613453065141673,0.6665150047007876,0.646961620214607
2,1000,6,0.5,55,0.8150733709335327,-0.39208394289016724,-0.18492662906646729,0.6079160571098328,0.676053524017334,0.022685368590337044,0.5682870860344671,0.6720982575426223,0.6444858438413511
2,1000,6,0.5,56,0.8194451928138733,-0.39872461557388306,-0.1805548071861267,0.6012753844261169,0.679059624671936,0.01162607352085598,0.5722775512695666,0.6739097177164777,0.6626505295339047
2,1000,6,0.5,57,0.8163898587226868,-0.41159871220588684,-0.18361014127731323,0.5884012877941132,0.6700722575187683,0.02204193053368255,0.5647893897874482,0.6672084081326181,0.6458187223001106
2,1000,6,0.5,58,0.8204585909843445,-0.4179852306842804,-0.17954140901565552,0.5820147693157196,0.6670031547546387,0.012770321518440141,0.562824660378641,0.6638981482094214,0.6578254080551592
2,1000,6,0.5,59,0.8210417032241821,-0.4274646043777466,-0.17895829677581787,0.5725353956222534,0.6695489883422852,0.014652627071044151,0.5550573097337863,0.6667082834115159,0.6529461445777263
2,1000,6,0.5,60,0.8211588263511658,-0.43709078431129456,-0.17884117364883423,0.5629092156887054,0.6671331524848938,0.016970388941736293,0.553441184983541,0.6636684203186476,0.6517823840272159
2,1000,6,0.5,61,0.8235175609588623,-0.4419463872909546,-0.1764824390411377,0.5580536127090454,0.6696113348007202,0.013637247785373221,0.5534343198023858,0.6664668267967242,0.656509529644121
2,1000,6,0.5,62,0.8208916783332825,-0.45185771584510803,-0.17910832166671753,0.548142284154892,0.6701653003692627,0.018838977286479146,0.5570483977108033,0.6642282364899947,0.651911864359739
2,1000,6,0.5,63,0.8204920291900635,-0.4584006071090698,-0.17950797080993652,0.5415993928909302,0.66892409324646,0.013505023247802487,0.5528146173381707,0.6643367413767528,0.65852598779585
2,1000,6,0.5,64,0.8191566467285156,-0.4668518304824829,-0.18084335327148438,0.5331481695175171,0.6662671566009521,0.015319371136928883,0.5483196800592526,0.6624731728095469,0.6527455172817056
2,1000,6,0.5,65,0.8127595782279968,-0.47831279039382935,-0.18724042177200317,0.5216872096061707,0.6755843758583069,0.019937746348153474,0.5550968604881256,0.6736155558061155,0.6515320915885534
2,1000,6,0.5,66,0.8093321919441223,-0.4873611629009247,-0.19066780805587769,0.5126388370990753,0.6690245866775513,0.016786464894675425,0.5478799856209804,0.6663352168996929,0.6524344732978473
2,1000,6,0.5,67,0.8144724369049072,-0.49357786774635315,-0.18552756309509277,0.5064221322536469,0.6738228797912598,0.01233804929902847,0.5558487369233217,0.6700105115312095,0.6663286901458247
2,1000,6,0.5,68,0.8149905204772949,-0.5026244521141052,-0.18500947952270508,0.4973755478858948,0.6655075550079346,0.018245916034592594,0.550428145681458,0.6624313187251638,0.6495327017615085
2,1000,6,0.5,69,0.8198526501655579,-0.5064020156860352,-0.18014734983444214,0.49359798431396484,0.6682447195053101,0.013294636665954223,0.5455388367600829,0.6650217915108234,0.6552951284125963
2,1000,6,0.5,70,0.8190969824790955,-0.5116730332374573,-0.18090301752090454,0.4883269667625427,0.6784967184066772,0.012585448576761414,0.5498289902947202,0.6726019653062281,0.6658368073443709
2,1000,6,0.5,71,0.8166577816009521,-0.5201869010925293,-0.18334221839904785,0.4798130989074707,0.6762911081314087,0.01780063959620076,0.5482833327334745,0.670990555059532,0.6508593704883313
2,1000,6,0.5,72,0.8196837902069092,-0.5238502621650696,-0.18031620979309082,0.4761497378349304,0.6685472130775452,0.012981777941065132,0.542511571110362,0.6643737412421139,0.6514313520356614
2,1000,6,0.5,73,0.8200185894966125,-0.5295626521110535,-0.17998141050338745,0.47043734788894653,0.6818301677703857,0.011578944215646461,0.5594802834136761,0.677541143498619,0.6709952941572872
2,1000,6,0.5,74,0.8137102723121643,-0.5394906401634216,-0.1862897276878357,0.46050935983657837,0.6786190271377563,0.020338270960935132,0.5561350047433727,0.6745537414965602,0.6511905963457181
2,1000,6,0.5,75,0.8169730305671692,-0.5413268208503723,-0.1830269694328308,0.4586731791496277,0.6748384237289429,0.013352918120400833,0.551379209849773,0.6687885651092625,0.67322178029636
2,1000,6,0.5,76,0.8165473341941833,-0.5468995571136475,-0.18345266580581665,0.45310044288635254,0.6795047521591187,0.0160662589286019,0.5457713066396778,0.6732047897393048,0.6570989517683675
2,1000,6,0.5,77,0.8199232816696167,-0.5513105988502502,-0.1800767183303833,0.44868940114974976,0.6711161136627197,0.018059974263757956,0.5494978433303203,0.6650998219385704,0.6560788021876449
2,1000,6,0.5,78,0.8244779706001282,-0.5548150539398193,-0.17552202939987183,0.44518494606018066,0.6809285879135132,0.013098321142665917,0.5509709609825225,0.679187125400487,0.6676553540316587
2,1000,6,0.5,79,0.8218268752098083,-0.5649644136428833,-0.17817312479019165,0.4350355863571167,0.6687320470809937,0.016795964784171006,0.5419589267825892,0.6659188676728127,0.6527331393964966
2,1000,6,0.5,80,0.8202434778213501,-0.570414662361145,-0.1797565221786499,0.429585337638855,0.6701998114585876,0.013445409000918536,0.5371874034256136,0.6659572095572327,0.6547478560831068
2,1000,6,0.5,81,0.8218887448310852,-0.5724999904632568,-0.1781112551689148,0.42750000953674316,0.6725043058395386,0.012173426113727546,0.5410146813730027,0.6694852351916176,0.6625343148567195
2,1000,6,0.5,82,0.8191717267036438,-0.5786260366439819,-0.1808282732963562,0.42137396335601807,0.6701585650444031,0.015947019079194838,0.5384385390227419,0.6680663719566394,0.6483587932870444
2,1000,6,0.5,83,0.8189207911491394,-0.5825108885765076,-0.1810792088508606,0.41748911142349243,0.6689640283584595,0.013734445593379644,0.5328196878458128,0.6661761621420496,0.647749350890087
2,1000,6,0.5,84,0.8179374933242798,-0.5867082476615906,-0.18206250667572021,0.4132917523384094,0.6661800742149353,0.013027464009707196,0.5321852711657477,0.6618710741719626,0.6525014508999438
2,1000,6,0.5,85,0.8121663928031921,-0.5932163000106812,-0.18783360719680786,0.40678369998931885,0.6711918115615845,0.013505880826763567,0.5307566540283207,0.6664944870660368,0.6543939473542084
2,1000,6,0.5,86,0.8126917481422424,-0.5981346368789673,-0.18730825185775757,0.4018653631210327,0.670199990272522,0.012930825858231692,0.5394094461663265,0.6668491446587694,0.6694944428294919
2,1000,6,0.5,87,0.8120446801185608,-0.6044154167175293,-0.1879553198814392,0.3955845832824707,0.6630691289901733,0.014069349297332463,0.5306106482994868,0.6617728577494705,0.6519703181618929
2,1000,6,0.5,88,0.8133731484413147,-0.6099306344985962,-0.1866268515586853,0.3900693655014038,0.6671333312988281,0.013942265384035488,0.5299457109499531,0.6648127588954864,0.6504756324167741
2,1000,6,0.5,89,0.8159351944923401,-0.6142078042030334,-0.1840648055076599,0.38579219579696655,0.6623766422271729,0.012819563053023618,0.5261312708576869,0.6596164504195912,0.652940556719112
2,1000,6,0.5,90,0.8208968639373779,-0.6184343695640564,-0.17910313606262207,0.3815656304359436,0.6698320508003235,0.012332657040409957,0.5351823555939866,0.6663468598813503,0.665574727671589
2,1000,6,0.5,91,0.8214566707611084,-0.6258779764175415,-0.1785433292388916,0.3741220235824585,0.6718243360519409,0.014856005177490179,0.5297361932742959,0.6685236293621389,0.6517830333432759
2,1000,6,0.5,92,0.8212443590164185,-0.6321296095848083,-0.17875564098358154,0.36787039041519165,0.6724312901496887,0.012779855537142823,0.5258574278468896,0.6689026035130383,0.6575350993269221
2,1000,6,0.5,93,0.8200260996818542,-0.6368577480316162,-0.17997390031814575,0.3631422519683838,0.6679381132125854,0.012577995138749154,0.524561031462888,0.6644829881771329,0.6594845201268836
2,1000,6,0.5,94,0.8160527944564819,-0.6448042392730713,-0.18394720554351807,0.3551957607269287,0.6733639240264893,0.014659833228603304,0.527271064942495,0.6698681786260943,0.6539471834974311
2,1000,6,0.5,95,0.8200233578681946,-0.6478150486946106,-0.17997664213180542,0.3521849513053894,0.6685997247695923,0.012909913369487526,0.5239537371697712,0.6638967639225919,0.6613336126519778
2,1000,6,0.5,96,0.8195270299911499,-0.6548982262611389,-0.1804729700088501,0.3451017737388611,0.6722490787506104,0.012402101037940354,0.5228746961703822,0.66957610340948,0.6591306679159754
2,1000,6,0.5,97,0.8166552782058716,-0.6608886122703552,-0.18334472179412842,0.3391113877296448,0.6673439741134644,0.013083163729353782,0.5218399183208918,0.6658585472043518,0.6527953002865052
2,1000,6,0.5,98,0.8138374090194702,-0.6647963523864746,-0.18616259098052979,0.3352036476135254,0.666615903377533,0.014819485468514925,0.5293193227618098,0.6625905202843358,0.6504106717455214
2,1000,6,0.5,99,0.8139552474021912,-0.6653620600700378,-0.18604475259780884,0.33463793992996216,0.6707776188850403,0.012481745757211357,0.524425412354733,0.6669025980100982,0.6567146714328892
2,1000,6,0.5,100,0.8118375539779663,-0.6710893511772156,-0.1881624460220337,0.3289106488227844,0.6662006378173828,0.013187622734933263,0.520284336915974,0.6633272405974887,0.6553186290706211
2,1000,6,0.5,101,0.8091772198677063,-0.6778023838996887,-0.1908227801322937,0.3221976161003113,0.677305281162262,0.014717958785693921,0.5255817335411713,0.676642549179178,0.6561047799089215
2,1000,6,0.5,102,0.8107568621635437,-0.6813746690750122,-0.1892431378364563,0.3186253309249878,0.6690073609352112,0.013444204576343656,0.5289129015278181,0.6667339542632701,0.672239106712605
2,1000,6,0.5,103,0.8087231516838074,-0.68766850233078,-0.19127684831619263,0.31233149766921997,0.6750805974006653,0.014934440124645478,0.5257049411911091,0.6720966669309675,0.6563092764412584
2,1000,6,0.5,104,0.8137028217315674,-0.6893417239189148,-0.18629717826843262,0.3106582760810852,0.6683926582336426,0.013416338494784243,0.5178196655539258,0.6646025193758421,0.6580731308642294
2,1000,6,0.5,105,0.8106935024261475,-0.6940259337425232,-0.18930649757385254,0.3059740662574768,0.6781606674194336,0.014884061936359643,0.5232725973888906,0.6769572879596789,0.6541261357119134
2,1000,6,0.5,106,0.8119003772735596,-0.6974596381187439,-0.18809962272644043,0.3025403618812561,0.6656068563461304,0.013238839311273622,0.5155556910762212,0.6635748951796684,0.6586159535178286
2,1000,6,0.5,107,0.8122550845146179,-0.7021833658218384,-0.18774491548538208,0.2978166341781616,0.6846331357955933,0.01532250327241057,0.5399049405686107,0.680829791838265,0.6832618757885346
2,1000,6,0.5,108,0.8106791377067566,-0.7089624404907227,-0.1893208622932434,0.29103755950927734,0.6758207678794861,0.01500973248083443,0.5230046130038957,0.6723351762745025,0.6531310559714205
2,1000,6,0.5,109,0.8171955347061157,-0.7136428952217102,-0.18280446529388428,0.2863571047782898,0.6800154447555542,0.015569336589004968,0.5230341131647454,0.6771424694372828,0.6563452921139971
2,1000,6,0.5,110,0.8275647759437561,-0.7132693529129028,-0.1724352240562439,0.28673064708709717,0.6797552108764648,0.013944436202431616,0.526962613230453,0.6780735019137204,0.6720458729038334
2,1000,6,0.5,111,0.8294439315795898,-0.7198625206947327,-0.17055606842041016,0.28013747930526733,0.6801652908325195,0.016482657533748717,0.5271994891179221,0.6783510846882951,0.6596422737857701
2,1000,6,0.5,112,0.8317472338676453,-0.7234086394309998,-0.16825276613235474,0.27659136056900024,0.6735756397247314,0.013044654793522244,0.5135053348517631,0.6695905004144076,0.6536749170041046
2,1000,6,0.5,113,0.837602436542511,-0.7250673770904541,-0.162397563457489,0.2749326229095459,0.6639752984046936,0.013477094457528203,0.5112945421253513,0.6601488127938293,0.6588169693426214
2,1000,6,0.5,114,0.8391644954681396,-0.729418158531189,-0.16083550453186035,0.27058184146881104,0.6742594838142395,0.013531536350223123,0.5125806086093772,0.6722273814491858,0.654754823481298
2,1000,6,0.5,115,0.8390824794769287,-0.7332781553268433,-0.1609175205230713,0.26672184467315674,0.6718415021896362,0.01444235397432631,0.5125964581613264,0.6684666458073485,0.6570232835488448
2,1000,6,0.5,116,0.8384549617767334,-0.7376424074172974,-0.1615450382232666,0.26235759258270264,0.6748161911964417,0.013237104426124491,0.5075189296553484,0.672006993701293,0.6549584622802503
2,1000,6,0.5,117,0.8393304944038391,-0.74049973487854,-0.1606695055961609,0.25950026512145996,0.6668649911880493,0.013361475793881155,0.5056736149669263,0.6650318380606528,0.6523665547140842
2,1000,6,0.5,118,0.8389341235160828,-0.7444819808006287,-0.16106587648391724,0.25551801919937134,0.6715331673622131,0.0131541034151175,0.5032204671935631,0.669221233470673,0.6560168507003206
2,1000,6,0.5,119,0.8391060829162598,-0.7487844228744507,-0.16089391708374023,0.2512155771255493,0.677782416343689,0.013984933367506138,0.5066255088007572,0.6743284881019264,0.6640742070318595
2,1000,6,0.5,120,0.839341402053833,-0.7520027756690979,-0.160658597946167,0.2479972243309021,0.6746718883514404,0.014790417908155324,0.504092122482904,0.671504940727444,0.6628950268002088
2,1000,6,0.5,121,0.8403680324554443,-0.7536551356315613,-0.15963196754455566,0.24634486436843872,0.673784613609314,0.01382936146915795,0.502308125970804,0.6716479685210496,0.6584917284211592
2,1000,6,0.5,122,0.8416516780853271,-0.7549012899398804,-0.15834832191467285,0.24509871006011963,0.6718568801879883,0.014412977168261575,0.5049860319115242,0.6680117080902528,0.6570971534153588
2,1000,6,0.5,123,0.8425472974777222,-0.7580560445785522,-0.15745270252227783,0.24194395542144775,0.6876109838485718,0.01636273702802923,0.518563571604561,0.6843916537071233,0.6579809436550854
2,1000,6,0.5,124,0.8440343141555786,-0.7592720985412598,-0.1559656858444214,0.24072790145874023,0.6715596914291382,0.01410529048759428,0.4991901404191661,0.6694611882020474,0.6599271682668392
2,1000,6,0.5,125,0.8435729742050171,-0.7622926831245422,-0.1564270257949829,0.23770731687545776,0.688369870185852,0.017772440638306103,0.5260395857919338,0.6847059743296583,0.6926762480844093
2,1000,6,0.5,126,0.8386345505714417,-0.7679752111434937,-0.16136544942855835,0.23202478885650635,0.6789573431015015,0.014956322098085327,0.5002137015214171,0.6732617078264189,0.6653945751554722
2,1000,6,0.5,127,0.8350999355316162,-0.7738020420074463,-0.1649000644683838,0.2261979579925537,0.6943695545196533,0.017109231514968577,0.5168171341148939,0.6880201370864409,0.6632434012561673
2,1000,6,0.5,128,0.8356220722198486,-0.7751301527023315,-0.16437792778015137,0.22486984729766846,0.6790587902069092,0.014955907761960784,0.5020989903608549,0.6735824535839473,0.6699848998741909
2,1000,6,0.5,129,0.8313698768615723,-0.7820529937744141,-0.16863012313842773,0.21794700622558594,0.690842866897583,0.015604233890055304,0.5045394247717435,0.6863077158438177,0.6598789969821298
2,1000,6,0.5,130,0.8340024352073669,-0.7824130654335022,-0.16599756479263306,0.2175869345664978,0.6783690452575684,0.015367889088156337,0.4996979494497559,0.6729444545059339,0.6728826940529576
2,1000,6,0.5,131,0.8309400081634521,-0.783552885055542,-0.16905999183654785,0.216447114944458,0.6817556023597717,0.014992796508429855,0.4965010269249956,0.6759572787380225,0.6667513146144
2,1000,6,0.5,132,0.8281985521316528,-0.7859246134757996,-0.17180144786834717,0.21407538652420044,0.6923243999481201,0.014972899037318771,0.4977533720058757,0.6874087524536189,0.6607769667179025
2,1000,6,0.5,133,0.831599771976471,-0.7844714522361755,-0.16840022802352905,0.21552854776382446,0.6809213161468506,0.015415075958208414,0.4942204971877389,0.6760331207294675,0.670563059326706
2,1000,6,0.5,134,0.8332182765007019,-0.7872399687767029,-0.1667817234992981,0.21276003122329712,0.6847134828567505,0.015003509451377026,0.49182584692590703,0.6785103977979869,0.6657328483082875
2,1000,6,0.5,135,0.8365858793258667,-0.7870957851409912,-0.1634141206741333,0.2129042148590088,0.6857045888900757,0.015475983529251256,0.49306901207042886,0.6798983346255382,0.6647985606395593
2,1000,6,0.5,136,0.8369400501251221,-0.7873637080192566,-0.16305994987487793,0.2126362919807434,0.6858989000320435,0.015397421877810272,0.4927245097401093,0.6813388721917519,0.6693900901656433
2,1000,6,0.5,137,0.8376412987709045,-0.7916856408119202,-0.16235870122909546,0.20831435918807983,0.6880722045898438,0.016076133119961693,0.4942415951870906,0.6813289069023432,0.6749793194509246
2,1000,6,0.5,138,0.8388969898223877,-0.7942672967910767,-0.1611030101776123,0.20573270320892334,0.6876708269119263,0.016651899910060653,0.4971551973390055,0.6790913080185561,0.6788494478474025
2,1000,6,0.5,139,0.83651202917099,-0.7986887693405151,-0.16348797082901,0.20131123065948486,0.6994674205780029,0.018184341367068743,0.5116344273546136,0.6932274779469069,0.6712069049519296
2,1000,6,0.5,140,0.8387007117271423,-0.7976606488227844,-0.16129928827285767,0.20233935117721558,0.7010675072669983,0.016962256154842006,0.5048327497906676,0.6955249269251876,0.6670207138172077
2,1000,6,0.5,141,0.8422797322273254,-0.7958794832229614,-0.15772026777267456,0.20412051677703857,0.7018424272537231,0.019735567507157825,0.5167786406081907,0.6960912048670787,0.6935324933467079
2,1000,6,0.5,142,0.8397741913795471,-0.7979627847671509,-0.16022580862045288,0.20203721523284912,0.6889435648918152,0.01586991764603924,0.4919171980533112,0.6837194617472904,0.6673381377140222
2,1000,6,0.5,143,0.8403130173683167,-0.7989523410797119,-0.15968698263168335,0.20104765892028809,0.6918220520019531,0.016144697883112794,0.48723019000712403,0.6842259554656422,0.6729892678025464
2,1000,6,0.5,144,0.8399784564971924,-0.8011237382888794,-0.16002154350280762,0.1988762617111206,0.6942270994186401,0.01641580774632808,0.48951775168456463,0.6872287288300316,0.6694964354157872
2,1000,6,0.5,145,0.8414065837860107,-0.8022372722625732,-0.15859341621398926,0.19776272773742676,0.6879454255104065,0.016132410048824725,0.48662664208251294,0.6817222150284904,0.6711010871357408
2,1000,6,0.5,146,0.8401278257369995,-0.8031851053237915,-0.1598721742630005,0.1968148946762085,0.6904433369636536,0.015744502800439118,0.4860418280310705,0.6822834092141838,0.6678548408323427
2,1000,6,0.5,147,0.841427743434906,-0.8042771220207214,-0.158572256565094,0.19572287797927856,0.6898385286331177,0.016631538246113988,0.4880568349838114,0.6840218527433417,0.6674163326538631
2,1000,6,0.5,148,0.8417502641677856,-0.805730402469635,-0.15824973583221436,0.194269597530365,0.6948573589324951,0.016198704851860438,0.4849485711245754,0.6872878590067767,0.6679980412054846
2,1000,6,0.5,149,0.8432654142379761,-0.8064918518066406,-0.15673458576202393,0.19350814819335938,0.689748227596283,0.016482622980952585,0.48387839783103964,0.6838587534213125,0.6726870072652706
2,1000,6,0.5,150,0.8404232263565063,-0.8108673095703125,-0.15957677364349365,0.1891326904296875,0.704399824142456,0.016828866570615997,0.49278975132033265,0.6979230590191234,0.672279399458886
2,1000,6,0.5,151,0.8432114124298096,-0.8091144561767578,-0.15678858757019043,0.1908855438232422,0.6930267810821533,0.01721932321963862,0.48271044630531434,0.6829760033737395,0.6777797565936023
2,1000,6,0.5,152,0.8435253500938416,-0.8115333318710327,-0.15647464990615845,0.18846666812896729,0.6959899663925171,0.01835094510671505,0.4882273732607302,0.6841541400459125,0.6841855420869621
2,1000,6,0.5,153,0.8431887030601501,-0.8161837458610535,-0.15681129693984985,0.18381625413894653,0.6977989077568054,0.016727141073227727,0.48098110005234157,0.6895695652245499,0.6712198637795799
2,1000,6,0.5,154,0.8451219797134399,-0.8183978796005249,-0.15487802028656006,0.1816021203994751,0.6972728967666626,0.0166551213447101,0.47895688296292394,0.6901724579363084,0.6695306608741101
2,1000,6,0.5,155,0.844516396522522,-0.8194238543510437,-0.15548360347747803,0.1805761456489563,0.6959298849105835,0.01670008392553207,0.47743053201837654,0.6881806209514539,0.6724718750354329
2,1000,6,0.5,156,0.8418657779693604,-0.8203192353248596,-0.15813422203063965,0.17968076467514038,0.7006173133850098,0.017458394945686163,0.4780592906280065,0.6917626943094166,0.6760498517958795
2,1000,6,0.5,157,0.8413676023483276,-0.8193617463111877,-0.15863239765167236,0.18063825368881226,0.7024206519126892,0.01750874192724889,0.48100511916146615,0.6954270750806495,0.679901063961704
2,1000,6,0.5,158,0.8406549692153931,-0.8214277625083923,-0.15934503078460693,0.17857223749160767,0.704707145690918,0.019144584074718893,0.4861208505706008,0.6943149845635491,0.6864402217420351
2,1000,6,0.5,159,0.8366341590881348,-0.8259521722793579,-0.16336584091186523,0.1740478277206421,0.7041860222816467,0.01693918603975728,0.48184895002667927,0.6943967399796336,0.6722961293564677
2,1000,6,0.5,160,0.8366945385932922,-0.8249544501304626,-0.16330546140670776,0.17504554986953735,0.7007807493209839,0.017975459612385884,0.47393216068788996,0.6906030691573917,0.6779815589463708
2,1000,6,0.5,161,0.840661883354187,-0.8252197504043579,-0.159338116645813,0.1747802495956421,0.7078728079795837,0.017303340171907884,0.4790326611283482,0.699655702108265,0.6737227315247007
2,1000,6,0.5,162,0.8426337838172913,-0.8276340961456299,-0.15736621618270874,0.17236590385437012,0.7053529024124146,0.017393440563580897,0.4799765514257677,0.6957335219138483,0.6735203252282881
2,1000,6,0.5,163,0.8441886901855469,-0.8301241397857666,-0.15581130981445312,0.1698758602142334,0.7052060961723328,0.01770831994888223,0.4719845412420043,0.6956783482522612,0.676882963786046
2,1000,6,0.5,164,0.8436586856842041,-0.8304198980331421,-0.1563413143157959,0.1695801019668579,0.700809121131897,0.017535116092076003,0.47196736197163075,0.6924338083608439,0.6765336970677021
2,1000,6,0.5,165,0.843114972114563,-0.8313540816307068,-0.156885027885437,0.1686459183692932,0.7018886804580688,0.017739497207368705,0.4721068869857716,0.6916062619492311,0.6765343722319356
2,1000,6,0.5,166,0.8437119722366333,-0.8299275040626526,-0.1562880277633667,0.1700724959373474,0.7054224610328674,0.017541213911287844,0.4713195149061034,0.6964075048671922,0.6767308140348408
2,1000,6,0.5,167,0.8437718152999878,-0.8295096755027771,-0.1562281847000122,0.1704903244972229,0.7064241170883179,0.01887679021776051,0.4869770407783228,0.6987275194150183,0.6792037131195282
2,1000,6,0.5,168,0.8478779196739197,-0.8263026475906372,-0.15212208032608032,0.1736973524093628,0.7048458456993103,0.017959835611635697,0.4723066163788209,0.6992105371650967,0.6800609245757595
2,1000,6,0.5,169,0.850165069103241,-0.8273484706878662,-0.14983493089675903,0.1726515293121338,0.7019704580307007,0.01858800278530179,0.4704538547169411,0.6944734612193377,0.6811797567376342
2,1000,6,0.5,170,0.848530650138855,-0.8310840129852295,-0.15146934986114502,0.1689159870147705,0.7043739557266235,0.018438602365486514,0.46915204232119057,0.696447372472783,0.6777559905511586
2,1000,6,0.5,171,0.8488028645515442,-0.8332696557044983,-0.1511971354484558,0.1667303442955017,0.7061176896095276,0.017767452041097937,0.47188926500457157,0.6992207143668796,0.676768116652969
2,1000,6,0.5,172,0.851216733455658,-0.832505464553833,-0.14878326654434204,0.167494535446167,0.7061184644699097,0.01812611528729666,0.4758102553671914,0.6983514896579466,0.6766260725142952
2,1000,6,0.5,173,0.853894829750061,-0.8295142650604248,-0.14610517024993896,0.1704857349395752,0.7049503326416016,0.017983629262169933,0.4696725587839592,0.7011040112022474,0.6767266036978078
2,1000,6,0.5,174,0.8626048564910889,-0.8275741934776306,-0.13739514350891113,0.17242580652236938,0.7155073881149292,0.020764549278548716,0.4783330757214978,0.7074014235713995,0.6924990112724771
2,1000,6,0.5,175,0.8672252297401428,-0.8262367844581604,-0.13277477025985718,0.1737632155418396,0.711287260055542,0.01920476323808767,0.4723982512915022,0.6998173216520764,0.6845032369169815
2,1000,6,0.5,176,0.8689946532249451,-0.8273199200630188,-0.13100534677505493,0.1726800799369812,0.7173874378204346,0.020921490999910322,0.49040539051922705,0.7100601698342337,0.6849320397884437
2,1000,6,0.5,177,0.8700606226921082,-0.8277795910835266,-0.12993937730789185,0.1722204089164734,0.7122886180877686,0.01956502833253523,0.4765171262021701,0.7063744473000142,0.6830615956841993
2,1000,6,0.5,178,0.871740996837616,-0.828965425491333,-0.12825900316238403,0.171034574508667,0.7153931856155396,0.01949168255954541,0.47416472310268387,0.7078011008129965,0.6864623342016709
2,1000,6,0.5,179,0.8731467723846436,-0.8307132720947266,-0.12685322761535645,0.16928672790527344,0.7192203998565674,0.01994902659187267,0.4796519779286646,0.7110510796810411,0.6904599074981614
2,1000,6,0.5,180,0.8738080263137817,-0.8338194489479065,-0.12619197368621826,0.1661805510520935,0.7080709934234619,0.019369104708006343,0.46483549861187323,0.6985743461490113,0.6853604176136651
2,1000,6,0.5,181,0.874803364276886,-0.835849404335022,-0.125196635723114,0.16415059566497803,0.7079931497573853,0.01938897734788666,0.4681955813337347,0.6980541215011192,0.6821419599721166
2,1000,6,0.5,182,0.873736560344696,-0.835166335105896,-0.12626343965530396,0.164833664894104,0.7131587266921997,0.01883881620006948,0.46529643131150583,0.705345151604497,0.6821901526724566
2,1000,6,0.5,183,0.8721936345100403,-0.8366611003875732,-0.12780636548995972,0.16333889961242676,0.711394190788269,0.020514379857273734,0.4652804971424624,0.7015736873011723,0.6907060771522452
2,1000,6,0.5,184,0.870216965675354,-0.8406503200531006,-0.129783034324646,0.15934967994689941,0.72226482629776,0.01907287079515481,0.4665212236515476,0.711911399898788,0.6828770260137199
2,1000,6,0.5,185,0.8708203434944153,-0.842843234539032,-0.12917965650558472,0.15715676546096802,0.7204883098602295,0.018872669283680258,0.46383472598720116,0.7123077701373944,0.6828933384776414
2,1000,6,0.5,186,0.8704785704612732,-0.8436691761016846,-0.1295214295387268,0.15633082389831543,0.7194550037384033,0.019800442622143182,0.4638963341984702,0.709620013821597,0.6850963136177711
2,1000,6,0.5,187,0.8719002604484558,-0.8434577584266663,-0.1280997395515442,0.15654224157333374,0.7243844270706177,0.018981986402074526,0.46933384385735194,0.7172878607908637,0.6831804315998086
2,1000,6,0.5,188,0.8755702376365662,-0.8429737687110901,-0.12442976236343384,0.1570262312889099,0.7201920747756958,0.02082686052914913,0.46822356568803014,0.7089581614386907,0.6914927612358437
2,1000,6,0.5,189,0.8746087551116943,-0.8442707657814026,-0.12539124488830566,0.1557292342185974,0.722312331199646,0.019667253630790665,0.4631089349811192,0.7128249845365885,0.6863867356780745
2,1000,6,0.5,190,0.8750225305557251,-0.8469095826148987,-0.1249774694442749,0.15309041738510132,0.7228600978851318,0.020327165764150966,0.46602949099098995,0.7162163871378364,0.6890965204573606
2,1000,6,0.5,191,0.8726704716682434,-0.8505940437316895,-0.1273295283317566,0.14940595626831055,0.7196643352508545,0.020917119754379928,0.47434038888910884,0.712910766221118,0.6905415338456727
2,1000,6,0.5,192,0.8787367939949036,-0.8472581505775452,-0.12126320600509644,0.15274184942245483,0.7620710134506226,0.028646752191991073,0.5163930988059174,0.7467447805380888,0.727676445283614
2,1000,6,0.5,193,0.874822735786438,-0.8531218767166138,-0.125177264213562,0.14687812328338623,0.7430205345153809,0.025513805040821513,0.5162287132012893,0.7357454938097405,0.7028802202684811
2,1000,6,0.5,194,0.8784525990486145,-0.8472946882247925,-0.1215474009513855,0.15270531177520752,0.729353666305542,0.02063497889539922,0.47514466643244974,0.7205583274028408,0.6909288218721336
2,1000,6,0.5,195,0.8802109360694885,-0.8466757535934448,-0.11978906393051147,0.15332424640655518,0.7236499786376953,0.02200016777895969,0.4683483064515636,0.7152703014598859,0.6957995366700471
2,1000,6,0.5,196,0.8773876428604126,-0.8491265773773193,-0.1226123571395874,0.15087342262268066,0.7296249866485596,0.01994331503529868,0.4702405268378179,0.7195023698423901,0.6860487013782429
2,1000,6,0.5,197,0.8776156306266785,-0.8486590385437012,-0.12238436937332153,0.15134096145629883,0.7273545265197754,0.021983320500732307,0.4684278489003885,0.7137019123337097,0.6919232547241079
2,1000,6,0.5,198,0.8758740425109863,-0.8473121523857117,-0.12412595748901367,0.15268784761428833,0.7317997217178345,0.019966444002203654,0.46759221704150233,0.7211993715865791,0.6888364333077279
2,1000,6,0.5,199,0.8764296770095825,-0.8455623984336853,-0.12357032299041748,0.1544376015663147,0.721815824508667,0.022801966936620604,0.4673318261470392,0.7120714420464398,0.7013580414157851
2,1000,6,0.5,200,0.8722898364067078,-0.849475622177124,-0.12771016359329224,0.15052437782287598,0.7326614260673523,0.021316572741301876,0.47131140370583013,0.7228868530195078,0.6958364987217155
2,1000,6,0.5,201,0.8731701374053955,-0.8486667275428772,-0.1268298625946045,0.1513332724571228,0.7160660624504089,0.023158776587224414,0.47026469651073727,0.708033597357738,0.7004060823683519
2,1000,6,0.5,202,0.8698054552078247,-0.8512362837791443,-0.1301945447921753,0.1487637162208557,0.7269150018692017,0.019765420774477235,0.45793924684335285,0.7175334098507861,0.6844420895950015
2,1000,6,0.5,203,0.8701692819595337,-0.8516166806221008,-0.1298307180404663,0.14838331937789917,0.7230068445205688,0.02204357831888526,0.4589141751902828,0.7144491880669704,0.6954167285537375
2,1000,6,0.5,204,0.8697470426559448,-0.8546566367149353,-0.13025295734405518,0.1453433632850647,0.7305519580841064,0.020885935140040925,0.46014192011696375,0.7225303422320368,0.6889359026075055
2,1000,6,0.5,205,0.8723845481872559,-0.8557735681533813,-0.12761545181274414,0.14422643184661865,0.7292086482048035,0.022193590196285147,0.45437366278087665,0.7173595034969813,0.6962309718486362
2,1000,6,0.5,206,0.8721000552177429,-0.8571393489837646,-0.12789994478225708,0.14286065101623535,0.7275481224060059,0.020441429864438553,0.4575938327086011,0.7171517795752999,0.6880196054021948
2,1000,6,0.5,207,0.8743850588798523,-0.8550911545753479,-0.1256149411201477,0.1449088454246521,0.7161726951599121,0.020894845034327866,0.45794117371717286,0.7075898021886866,0.6885413961454696
2,1000,6,0.5,208,0.8761649131774902,-0.8551297783851624,-0.12383508682250977,0.14487022161483765,0.7344003915786743,0.021233445082198116,0.4581327458359877,0.7235378626532752,0.6909034441527449
2,1000,6,0.5,209,0.8774233460426331,-0.8562313318252563,-0.12257665395736694,0.14376866817474365,0.7288463115692139,0.021699471661561588,0.4554381556288303,0.716361086850778,0.695700746274865
2,1000,6,0.5,210,0.8787965774536133,-0.855584979057312,-0.12120342254638672,0.144415020942688,0.7294034957885742,0.020816763301312415,0.4547256745743138,0.7207738188754961,0.6911651557984069
2,1000,6,0.5,211,0.8806246519088745,-0.8553154468536377,-0.11937534809112549,0.1446845531463623,0.7324903011322021,0.02047962431548567,0.45214630633735203,0.7200176975243351,0.6880705406764798
2,1000,6,0.5,212,0.8809201717376709,-0.8561263084411621,-0.1190798282623291,0.1438736915588379,0.7244495749473572,0.021546038494654196,0.4517761815817505,0.7132852220028032,0.6932848330321768
2,1000,6,0.5,213,0.878974199295044,-0.8588968515396118,-0.12102580070495605,0.14110314846038818,0.7316352128982544,0.02155567742112896,0.44875056205386293,0.717839558627405,0.6934815971755655
2,1000,6,0.5,214,0.8792703151702881,-0.8577843904495239,-0.12072968482971191,0.14221560955047607,0.7318445444107056,0.021136993494840883,0.4547572864538864,0.7220916938032795,0.6933006299025007
2,1000,6,0.5,215,0.8798305988311768,-0.8581939339637756,-0.12016940116882324,0.14180606603622437,0.7274861931800842,0.022009124028132022,0.4530086040905655,0.7188023167407206,0.6947899357319846
2,1000,6,0.5,216,0.883396565914154,-0.859195351600647,-0.11660343408584595,0.14080464839935303,0.7332638502120972,0.0220031193800155,0.4489892679174223,0.7202883103111714,0.6981069753477316
2,1000,6,0.5,217,0.8843352198600769,-0.8610367774963379,-0.1156647801399231,0.1389632225036621,0.728931188583374,0.02171834025498907,0.45144018182147144,0.7201261866006391,0.6944088910884715
2,1000,6,0.5,218,0.8819408416748047,-0.863774836063385,-0.11805915832519531,0.136225163936615,0.7373236417770386,0.02175501994705184,0.4539175489677472,0.7246793618141903,0.697570178547514
2,1000,6,0.5,219,0.8851551413536072,-0.8603746294975281,-0.11484485864639282,0.13962537050247192,0.7234292030334473,0.0224933159169987,0.454899816251135,0.7154722095541782,0.6976068210058538
2,1000,6,0.5,220,0.887915313243866,-0.8621068596839905,-0.11208468675613403,0.13789314031600952,0.7372400164604187,0.02303352378959493,0.45977155107690104,0.7272393874302455,0.7009530661884262
2,1000,6,0.5,221,0.8930035829544067,-0.8625756502151489,-0.10699641704559326,0.13742434978485107,0.7296955585479736,0.022664180160079095,0.4494422657051541,0.7160824533306643,0.6999926791644016
2,1000,6,0.5,222,0.8969467878341675,-0.864447295665741,-0.10305321216583252,0.13555270433425903,0.7303011417388916,0.02267779685834378,0.4474957791786569,0.7153974017532576,0.7011629877740811
2,1000,6,0.5,223,0.9008181095123291,-0.8657752275466919,-0.0991818904876709,0.1342247724533081,0.7318359613418579,0.02195688110675771,0.4511102783080591,0.7244118405484585,0.6992107114308163
2,1000,6,0.5,224,0.9016697406768799,-0.8680177330970764,-0.09833025932312012,0.13198226690292358,0.7344911098480225,0.021739798322199935,0.4509386828613717,0.7264004392496923,0.6947676667986387
2,1000,6,0.5,225,0.904710054397583,-0.8665159344673157,-0.09528994560241699,0.13348406553268433,0.7341995239257812,0.02151420552475467,0.4487031090551028,0.7221099663307754,0.6986230935229196
2,1000,6,0.5,226,0.9055148363113403,-0.8639887571334839,-0.09448516368865967,0.1360112428665161,0.7339258193969727,0.023169817736150542,0.45296456796907847,0.7204846715282414,0.7051275945046948
2,1000,6,0.5,227,0.9027462005615234,-0.8635662198066711,-0.09725379943847656,0.13643378019332886,0.7500008940696716,0.023305621637648922,0.45923866103581135,0.7379274610535353,0.6990529708098346
2,1000,6,0.5,228,0.9032551050186157,-0.8631474375724792,-0.09674489498138428,0.13685256242752075,0.7370323538780212,0.022884184427119172,0.4491479589774632,0.727121032481549,0.6984416089303909
2,1000,6,0.5,229,0.902868390083313,-0.8645549416542053,-0.09713160991668701,0.13544505834579468,0.735845685005188,0.023140101914715584,0.46359845902422747,0.7280599436078554,0.7023214347091057
2,1000,6,0.5,230,0.9029197692871094,-0.8655654788017273,-0.09708023071289062,0.1344345211982727,0.7441301345825195,0.02268289400997968,0.4567082047939522,0.7317507558756685,0.6983133701455254
2,1000,6,0.5,231,0.9065768718719482,-0.8629136681556702,-0.09342312812805176,0.13708633184432983,0.7390543818473816,0.023866459143462374,0.45580606947581137,0.7327395171384466,0.7033197053945737
2,1000,6,0.5,232,0.9087121486663818,-0.8614595532417297,-0.09128785133361816,0.13854044675827026,0.7394653558731079,0.024414691820152344,0.47331688902152663,0.7323091057076277,0.7091666457506378
2,1000,6,0.5,233,0.905143141746521,-0.8656328320503235,-0.094856858253479,0.1343671679496765,0.7369405031204224,0.022240421128645608,0.4470825269535271,0.724252887914696,0.6972168212391705
2,1000,6,0.5,234,0.9040107131004333,-0.8658811450004578,-0.09598928689956665,0.13411885499954224,0.7312295436859131,0.02313843096027608,0.45833005016193923,0.7240230640631152,0.6981020778228849
2,1000,6,0.5,235,0.9093723297119141,-0.8623833656311035,-0.09062767028808594,0.13761663436889648,0.7306531667709351,0.02230195078910695,0.4448517225384021,0.7226128600866883,0.6992153305371946
2,1000,6,0.5,236,0.9109113216400146,-0.8629275560379028,-0.08908867835998535,0.13707244396209717,0.7463672161102295,0.023652227114402614,0.44306847430892193,0.731684786706283,0.705744388233193
2,1000,6,0.5,237,0.9094393253326416,-0.8638983964920044,-0.0905606746673584,0.1361016035079956,0.7355382442474365,0.024865764212045904,0.44967833998076584,0.726342605353571,0.7075607906410929
2,1000,6,0.5,238,0.9086450934410095,-0.8636674880981445,-0.09135490655899048,0.13633251190185547,0.7338472008705139,0.022844770210931627,0.4515759597605705,0.7267161007044655,0.7035941611804858
2,1000,6,0.5,239,0.9081296324729919,-0.8654066920280457,-0.09187036752700806,0.13459330797195435,0.7393938302993774,0.025723353510940527,0.4548331404724168,0.7274805263974479,0.7107368333229576
2,1000,6,0.5,240,0.9032216668128967,-0.8656514883041382,-0.09677833318710327,0.13434851169586182,0.7479647994041443,0.0237296162764409,0.4622292881900779,0.7367985599416909,0.7054137985420074
2,1000,6,0.5,241,0.9044461846351624,-0.8669347763061523,-0.09555381536483765,0.13306522369384766,0.7466896772384644,0.024649119349293667,0.44468489733348976,0.7291081962953047,0.7072824953085618
2,1000,6,0.5,242,0.9068278074264526,-0.865215539932251,-0.09317219257354736,0.13478446006774902,0.745908796787262,0.023682625725390708,0.44494305487271446,0.7378024618340387,0.7063073634804334
2,1000,6,0.5,243,0.9079877734184265,-0.8629205226898193,-0.09201222658157349,0.13707947731018066,0.7495123744010925,0.024161624782298063,0.4451058253337505,0.7370104509799452,0.7082379344364299
2,1000,6,0.5,244,0.9081709980964661,-0.8633792400360107,-0.09182900190353394,0.13662075996398926,0.7401031255722046,0.023639595494818852,0.4403462167608675,0.7272922978326745,0.7036135068869702
2,1000,6,0.5,245,0.9072661399841309,-0.8650027513504028,-0.09273386001586914,0.13499724864959717,0.7519192099571228,0.024081056090794202,0.45551399852048385,0.7401817413598849,0.7079343096778629
2,1000,6,0.5,246,0.9101751446723938,-0.8614747524261475,-0.0898248553276062,0.13852524757385254,0.7424396276473999,0.026225485192252467,0.44714017542214973,0.7264545092632645,0.7124715617031899
2,1000,6,0.5,247,0.9074710607528687,-0.8618032932281494,-0.09252893924713135,0.13819670677185059,0.7624055743217468,0.025237718062285253,0.4753288059526423,0.7485921658921069,0.708911189038494
2,1000,6,0.5,248,0.9094880223274231,-0.8595960736274719,-0.0905119776725769,0.14040392637252808,0.7454873323440552,0.027031714744258428,0.45406159235026927,0.7316321344892591,0.71508218003467
2,1000,6,0.5,249,0.9080824851989746,-0.858808696269989,-0.09191751480102539,0.141191303730011,0.7566725015640259,0.024606792331596312,0.4592413088920334,0.7463536633695059,0.7093849404328277
2,1000,6,0.5,250,0.9086101651191711,-0.8561010956764221,-0.09138983488082886,0.14389890432357788,0.7464792728424072,0.02568733851147172,0.44693995142117726,0.7330093854266012,0.7133450879116879
2,1000,6,0.5,251,0.9071213603019714,-0.8552185893058777,-0.09287863969802856,0.14478141069412231,0.7503904104232788,0.023211882352276798,0.44709268341347647,0.7383607155257039,0.7022711505887794
2,1000,6,0.5,252,0.909264326095581,-0.8511462807655334,-0.09073567390441895,0.14885371923446655,0.7374820709228516,0.0230916851058915,0.4407848743686339,0.7262349327051618,0.7039110471512003
2,1000,6,0.5,253,0.9060765504837036,-0.8536438345909119,-0.09392344951629639,0.14635616540908813,0.7513492703437805,0.023559035558121503,0.4528590803479425,0.7379002569802482,0.700227585588334
2,1000,6,0.5,254,0.9064364433288574,-0.8517892956733704,-0.09356355667114258,0.14821070432662964,0.7489542961120605,0.023327525761710103,0.4357818628164136,0.7380123332862101,0.7020740799107807
2,1000,6,0.5,255,0.9059866070747375,-0.8524489998817444,-0.09401339292526245,0.14755100011825562,0.7444149255752563,0.02352483480504624,0.4401714288821499,0.733013415234309,0.7064002108671762
2,1000,6,0.5,256,0.9041789770126343,-0.8536617159843445,-0.09582102298736572,0.14633828401565552,0.7517775297164917,0.0253336687613971,0.4428665692598724,0.7386599632845534,0.7090919809473347
2,1000,6,0.5,257,0.9020324349403381,-0.8551580905914307,-0.09796756505966187,0.14484190940856934,0.7522635459899902,0.023660418077232917,0.4416774607227177,0.738386903973808,0.7041292889489084
2,1000,6,0.5,258,0.9023541808128357,-0.857202410697937,-0.0976458191871643,0.142797589302063,0.7472970485687256,0.024279346934848837,0.4338232828214562,0.7306656926576209,0.7102782636083257
2,1000,6,0.5,259,0.9028566479682922,-0.8581344485282898,-0.09714335203170776,0.1418655514717102,0.7423211336135864,0.02319126825615651,0.43526960529399283,0.7288390235219718,0.7015780187195207
2,1000,6,0.5,260,0.9051618576049805,-0.8578444719314575,-0.09483814239501953,0.14215552806854248,0.7423809766769409,0.024004736506781105,0.4455363307413746,0.7316377755059071,0.7038123006038848
2,1000,6,0.5,261,0.9070753455162048,-0.8576654195785522,-0.09292465448379517,0.14233458042144775,0.7465571761131287,0.023508223902370298,0.43013450325494307,0.7300687440269676,0.7010921644479929
2,1000,6,0.5,262,0.9072376489639282,-0.8577408790588379,-0.09276235103607178,0.1422591209411621,0.7476950883865356,0.02419143879114217,0.43718143087826644,0.7336510629836098,0.7069121704032476
2,1000,6,0.5,263,0.9107852578163147,-0.8550881743431091,-0.0892147421836853,0.14491182565689087,0.7439468502998352,0.024264015039583555,0.4342641653750394,0.7328834526748785,0.7062510093679696
2,1000,6,0.5,264,0.9134383797645569,-0.8512768149375916,-0.08656162023544312,0.14872318506240845,0.7513540983200073,0.02427744391104212,0.43585310102583397,0.7366851523359645,0.7057998948553927
2,1000,6,0.5,265,0.917826235294342,-0.8498288989067078,-0.08217376470565796,0.15017110109329224,0.7518587708473206,0.02402333201824293,0.4345196732174685,0.736615894680389,0.7058289249391565
2,1000,6,0.5,266,0.916962206363678,-0.8527165651321411,-0.08303779363632202,0.1472834348678589,0.7536326050758362,0.02673170895394561,0.45682741954489187,0.74134233344976,0.7111939999238494
2,1000,6,0.5,267,0.9157533645629883,-0.8515481948852539,-0.08424663543701172,0.1484518051147461,0.7507913112640381,0.025839562698174192,0.4494903775341625,0.7398920388844911,0.7127325992893161
2,1000,6,0.5,268,0.9160698056221008,-0.8479241728782654,-0.08393019437789917,0.15207582712173462,0.7498987913131714,0.025478951060163624,0.439651607377788,0.7425942448380038,0.7099550726143884
2,1000,6,0.5,269,0.9150493144989014,-0.847206175327301,-0.08495068550109863,0.15279382467269897,0.7562565803527832,0.0248555318554932,0.4385754895623151,0.7381896192270229,0.7106904214776015
2,1000,6,0.5,270,0.9117622375488281,-0.8474274277687073,-0.08823776245117188,0.15257257223129272,0.7460218667984009,0.024869776433396388,0.43506946449420575,0.7298448388580279,0.7112609249201025
2,1000,6,0.5,271,0.9077027440071106,-0.8494378924369812,-0.0922972559928894,0.1505621075630188,0.7445626258850098,0.023794571130645342,0.4243245443224031,0.7281568134385785,0.7034668056578233
2,1000,6,0.5,272,0.9060220718383789,-0.8509244322776794,-0.0939779281616211,0.14907556772232056,0.7468746900558472,0.02354115956134281,0.4290921613827696,0.7326538467789169,0.7019783944181106
2,1000,6,0.5,273,0.910046398639679,-0.851715087890625,-0.08995360136032104,0.148284912109375,0.7508323192596436,0.026280257054634062,0.43327635776568946,0.7357206098049207,0.7168022514407383
2,1000,6,0.5,274,0.9084036350250244,-0.8528985977172852,-0.09159636497497559,0.14710140228271484,0.7490370273590088,0.024231553498364033,0.436327333374053,0.7333600491422436,0.708988464546494
2,1000,6,0.5,275,0.9096639752388,-0.8523213267326355,-0.09033602476119995,0.1476786732673645,0.7539266347885132,0.027317869364645142,0.4389089041192436,0.7387241833062839,0.719922293950295
2,1000,6,0.5,276,0.90909343957901,-0.8526116013526917,-0.09090656042098999,0.14738839864730835,0.7484873533248901,0.024912513127169293,0.427334176119391,0.7303339213778708,0.7085352725836315
2,1000,6,0.5,277,0.9105241894721985,-0.8513829112052917,-0.08947581052780151,0.14861708879470825,0.755312442779541,0.02446490287555833,0.43541913066187077,0.73670240578263,0.7071133504347179
2,1000,6,0.5,278,0.9131296277046204,-0.8510161638259888,-0.08687037229537964,0.14898383617401123,0.7405827045440674,0.025174618839590848,0.43324297953725804,0.7259965173713192,0.7069967730806314
2,1000,6,0.5,279,0.9147652387619019,-0.8492434620857239,-0.08523476123809814,0.15075653791427612,0.7474715709686279,0.02439128946810046,0.4284338065895043,0.7287169436528587,0.7047615799112802
2,1000,6,0.5,280,0.9195265173912048,-0.8483355641365051,-0.08047348260879517,0.15166443586349487,0.7430098056793213,0.025433869052172316,0.4253958058923649,0.7241056413666672,0.7075479249702304
2,1000,6,0.5,281,0.9226377010345459,-0.8483765721321106,-0.0773622989654541,0.1516234278678894,0.754352331161499,0.024928016873419542,0.4261761503753537,0.73423360734035,0.7083561954972936
2,1000,6,0.5,282,0.920525074005127,-0.8503232598304749,-0.07947492599487305,0.14967674016952515,0.7506279945373535,0.025255412229354637,0.42428253218511985,0.7315231311035642,0.7069517950214415
2,1000,6,0.5,283,0.9218028783798218,-0.8514605164527893,-0.07819712162017822,0.1485394835472107,0.7517379522323608,0.024970770463950645,0.42297543938900206,0.733309513098201,0.7094084179563345
2,1000,6,0.5,284,0.9203126430511475,-0.851585865020752,-0.07968735694885254,0.14841413497924805,0.7452863454818726,0.025170847587074146,0.4223387510827882,0.7273690861757595,0.7078012585474365
2,1000,6,0.5,285,0.9222344160079956,-0.8490478992462158,-0.0777655839920044,0.15095210075378418,0.757550835609436,0.02521670949040088,0.43121163653150185,0.7428570705222793,0.707817799801717
2,1000,6,0.5,286,0.9213595986366272,-0.8468852639198303,-0.0786404013633728,0.15311473608016968,0.7451293468475342,0.025295518114830357,0.42594257530052254,0.7274989179453119,0.7100089453246816
2,1000,6,0.5,287,0.9184799790382385,-0.8479848504066467,-0.08152002096176147,0.15201514959335327,0.7635866403579712,0.026782498550872877,0.4319363434111497,0.7429821640190383,0.7185547239086516
2,1000,6,0.5,288,0.915891706943512,-0.8490023612976074,-0.08410829305648804,0.15099763870239258,0.7637649774551392,0.02520242559561172,0.433956900981914,0.7449009275229992,0.7114722135850796
2,1000,6,0.5,289,0.9171193838119507,-0.8511404395103455,-0.08288061618804932,0.14885956048965454,0.7500500082969666,0.026279504035695535,0.4377193908660355,0.7337980247539386,0.710571270408879
2,1000,6,0.5,290,0.9234998822212219,-0.8493731617927551,-0.07650011777877808,0.15062683820724487,0.7545980215072632,0.027424524314815305,0.44041387121905584,0.7325880693370173,0.7141504763241585
2,1000,6,0.5,291,0.924942672252655,-0.8469629287719727,-0.07505732774734497,0.15303707122802734,0.7635714411735535,0.025859848422363666,0.4305786862966252,0.7407898096035956,0.7145354739208777
2,1000,6,0.5,292,0.9244832992553711,-0.847115695476532,-0.0755167007446289,0.15288430452346802,0.7597822546958923,0.028070627689165843,0.4308089107268585,0.7401696853042055,0.7236486101355986
2,1000,6,0.5,293,0.9234974980354309,-0.8467556238174438,-0.07650250196456909,0.15324437618255615,0.7879856824874878,0.030124441351774077,0.4576503874287473,0.7631170275195884,0.7343115537837811
2,1000,6,0.5,294,0.920976459980011,-0.8478270173072815,-0.07902354001998901,0.1521729826927185,0.7576870918273926,0.027138643487638087,0.42663852995802765,0.7370654340242584,0.7162826327624146
2,1000,6,0.5,295,0.9181387424468994,-0.8500018119812012,-0.08186125755310059,0.14999818801879883,0.7639838457107544,0.027169062293583898,0.43151073345248164,0.7402711987031555,0.7144409248463827
2,1000,6,0.5,296,0.9174580574035645,-0.8497785329818726,-0.08254194259643555,0.15022146701812744,0.7676558494567871,0.026461618123131064,0.43090891595444397,0.7451543496291698,0.7172176825889102
2,1000,6,0.5,297,0.9162152409553528,-0.8507193326950073,-0.08378475904464722,0.14928066730499268,0.753340482711792,0.026399528285886275,0.41874056904896295,0.7310353887836208,0.7157105198758489
2,1000,6,0.5,298,0.9176596999168396,-0.851013720035553,-0.0823403000831604,0.14898627996444702,0.7591260671615601,0.02850115233834611,0.43446688790419985,0.7420629073429239,0.7234653572740849
2,1000,6,0.5,299,0.916658878326416,-0.8528096675872803,-0.08334112167358398,0.14719033241271973,0.7681528329849243,0.026963128938452086,0.4232637738129023,0.7420424185758501,0.7174894690899921
2,1000,6,0.5,300,0.9198547601699829,-0.8490411639213562,-0.08014523983001709,0.1509588360786438,0.7587571144104004,0.028444938721546523,0.4330641627223846,0.7411919359233303,0.7282738568793921
2,1000,6,0.5,301,0.9231247901916504,-0.8475701808929443,-0.07687520980834961,0.15242981910705566,0.7744972705841064,0.0290726439160658,0.43684266161579516,0.7532900486500549,0.7268496251461442
2,1000,6,0.5,302,0.9238702058792114,-0.8495600819587708,-0.07612979412078857,0.15043991804122925,0.7682228088378906,0.02686118580926096,0.41636303944461417,0.7422007130742111,0.7161498512466319
2,1000,6,0.5,303,0.9291825890541077,-0.8494470119476318,-0.07081741094589233,0.15055298805236816,0.7680069804191589,0.027465777518940974,0.42012378783976095,0.7443037459305286,0.7194238974146323
2,1000,6,0.5,304,0.9292954802513123,-0.8520832657814026,-0.07070451974868774,0.1479167342185974,0.7620865106582642,0.026983348260634303,0.4234247890585428,0.7446506565401672,0.7155733534659382
2,1000,6,0.5,305,0.9284026622772217,-0.8553089499473572,-0.07159733772277832,0.14469105005264282,0.7641806602478027,0.027995169775339994,0.42235075678955025,0.7425868557811978,0.7183714619723677
2,1000,6,0.5,306,0.9257609248161316,-0.8579043745994568,-0.07423907518386841,0.1420956254005432,0.7697994112968445,0.027844264783705143,0.4236309535352809,0.7428682699431575,0.7195326906595694
2,1000,6,0.5,307,0.9250131249427795,-0.8547223210334778,-0.07498687505722046,0.14527767896652222,0.7677450180053711,0.028526662398856623,0.4257377937751953,0.7475087228055963,0.724981657975304
2,1000,6,0.5,308,0.9213362336158752,-0.8543576002120972,-0.07866376638412476,0.14564239978790283,0.783828616142273,0.027979599051554744,0.4272574891066205,0.7549475399600962,0.7219529526669357
2,1000,6,0.5,309,0.9205595254898071,-0.8521168231964111,-0.07944047451019287,0.14788317680358887,0.7752266526222229,0.02903742643531174,0.42636670603725124,0.7477510417376653,0.7258448538714979
2,1000,6,0.5,310,0.9198709726333618,-0.851612389087677,-0.08012902736663818,0.148387610912323,0.7900499105453491,0.03108756981477309,0.44531752998658947,0.7641893524995049,0.7328385440689517
2,1000,6,0.5,311,0.9173205494880676,-0.8549435138702393,-0.08267945051193237,0.14505648612976074,0.7760104537010193,0.029766254374122485,0.43684754790825314,0.74583098569631,0.7225871448174183
2,1000,6,0.5,312,0.920890212059021,-0.8525493144989014,-0.079109787940979,0.14745068550109863,0.7709423303604126,0.028094273634829577,0.4161193171042503,0.7442247071535705,0.7215457479501893
2,1000,6,0.5,313,0.9223615527153015,-0.8537376523017883,-0.07763844728469849,0.14626234769821167,0.7761609554290771,0.029964112794622497,0.43785357798322055,0.755264501503749,0.7285385340900102
2,1000,6,0.5,314,0.9208734035491943,-0.8554217219352722,-0.07912659645080566,0.14457827806472778,0.7774247527122498,0.029970151450791897,0.4360369555828166,0.752501529290661,0.729517193619881
2,1000,6,0.5,315,0.9206442832946777,-0.8547778725624084,-0.07935571670532227,0.14522212743759155,0.7806493043899536,0.028375796908631498,0.4297650317729785,0.7516722625165387,0.7225222332648307
2,1000,6,0.5,316,0.9209280610084534,-0.8554919362068176,-0.07907193899154663,0.14450806379318237,0.7650163173675537,0.028887074037134457,0.42175315958752135,0.7363657674280318,0.7214456626164976
2,1000,6,0.5,317,0.9235408306121826,-0.8525626063346863,-0.07645916938781738,0.14743739366531372,0.7679002285003662,0.028475223638483583,0.4326562191745872,0.7472506906575087,0.7245425083584762
2,1000,6,0.5,318,0.9279638528823853,-0.8515215516090393,-0.07203614711761475,0.1484784483909607,0.77638840675354,0.02905096817934031,0.4202211700469051,0.7497642374249969,0.7252148111007863
2,1000,6,0.5,319,0.9294987916946411,-0.8490675091743469,-0.07050120830535889,0.15093249082565308,0.7828776240348816,0.029473856627869246,0.43409147713448165,0.7581963419138007,0.7296987111607498
2,1000,6,0.5,320,0.9269875884056091,-0.8476472496986389,-0.07301241159439087,0.15235275030136108,0.7720447182655334,0.028240356305713057,0.4198659651277309,0.746350887522371,0.7235505317678247
2,1000,6,0.5,321,0.9263674020767212,-0.8457701802253723,-0.07363259792327881,0.15422981977462769,0.7713963985443115,0.028380615135099076,0.4173599712003639,0.7439889590858363,0.7213375511553636
2,1000,6,0.5,322,0.923858642578125,-0.8459374308586121,-0.076141357421875,0.15406256914138794,0.7674542665481567,0.028312253990718347,0.416995426897152,0.7420583117798537,0.7214660637264635
2,1000,6,0.5,323,0.921855628490448,-0.8467663526535034,-0.078144371509552,0.15323364734649658,0.7731214165687561,0.02898170661969957,0.4277348229542481,0.7466766447040422,0.7233385811764707
2,1000,6,0.5,324,0.9206864833831787,-0.8491894602775574,-0.07931351661682129,0.15081053972244263,0.7865525484085083,0.028779845550838474,0.4272944532909563,0.7567248576525946,0.7242370942036873
2,1000,6,0.5,325,0.9223483800888062,-0.848074734210968,-0.07765161991119385,0.15192526578903198,0.7788262963294983,0.03133199014189365,0.4310152755306703,0.7490663447786762,0.734513033291941
2,1000,6,0.5,326,0.9220165014266968,-0.8505316972732544,-0.07798349857330322,0.1494683027267456,0.7994497418403625,0.029132434441353446,0.43658092826347056,0.7650586720633902,0.7277007608002667
2,1000,6,0.5,327,0.9219624996185303,-0.852396547794342,-0.07803750038146973,0.14760345220565796,0.7794713377952576,0.029946459917953645,0.4223708370662287,0.7477414810434785,0.7266805317036191
2,1000,6,0.5,328,0.9183845520019531,-0.8543019890785217,-0.08161544799804688,0.14569801092147827,0.7894608974456787,0.028974740576634017,0.4269552404591829,0.7578705578921654,0.723327212585293
2,1000,6,0.5,329,0.9158613681793213,-0.8552827835083008,-0.08413863182067871,0.14471721649169922,0.7800000905990601,0.030673422517270996,0.42203923413105543,0.7531382638646521,0.7305933205749057
2,1000,6,0.5,330,0.9182082414627075,-0.8562417030334473,-0.08179175853729248,0.14375829696655273,0.7930992841720581,0.031190499280552585,0.4358237627285756,0.7668447229387588,0.7355585161623708
2,1000,6,0.5,331,0.9172640442848206,-0.8563248515129089,-0.08273595571517944,0.14367514848709106,0.7849583029747009,0.029595624859777646,0.41894459394321276,0.7557942792762878,0.7267356119033234
2,1000,6,0.5,332,0.9151739478111267,-0.8553011417388916,-0.08482605218887329,0.1446988582611084,0.7810107469558716,0.02912106107030691,0.4151989567804097,0.7491521795162882,0.7224919895163696
2,1000,6,0.5,333,0.913061261177063,-0.8550029993057251,-0.08693873882293701,0.1449970006942749,0.7808338403701782,0.02865451392345372,0.4179209243660742,0.7519199345829213,0.7234768528502353
2,1000,6,0.5,334,0.9134753942489624,-0.8541291356086731,-0.0865246057510376,0.1458708643913269,0.7866086959838867,0.029459415784239863,0.41437470656509473,0.7535328024149078,0.7284122689211506
2,1000,6,0.5,335,0.911666989326477,-0.8519984483718872,-0.08833301067352295,0.1480015516281128,0.7792194485664368,0.030477608487202733,0.4230405994531914,0.7511275634389588,0.7288848761292895
2,1000,6,0.5,336,0.9088969826698303,-0.8525948524475098,-0.09110301733016968,0.14740514755249023,0.7900488376617432,0.030416457435897923,0.4352254176177536,0.7621438159199597,0.7310019505493633
2,1000,6,0.5,337,0.9064743518829346,-0.852556049823761,-0.09352564811706543,0.147443950176239,0.7833124399185181,0.03066848213481152,0.4231422389458622,0.7544613434620132,0.7284001319229155
2,1000,6,0.5,338,0.9068683981895447,-0.8471148014068604,-0.09313160181045532,0.15288519859313965,0.7913755178451538,0.03214125232625645,0.43893416565636967,0.768518379521258,0.738815435216362
2,1000,6,0.5,339,0.9056380987167358,-0.8477388024330139,-0.09436190128326416,0.15226119756698608,0.8035447597503662,0.03068045706127095,0.43384846757181544,0.7747233493245969,0.7319944998404925
2,1000,6,0.5,340,0.9119600653648376,-0.8428990840911865,-0.08803993463516235,0.15710091590881348,0.8025071620941162,0.036380153623723786,0.46268826663022694,0.7783603465373955,0.7580189095341079
2,1000,6,0.5,341,0.9066848754882812,-0.8474388122558594,-0.09331512451171875,0.15256118774414062,0.7917248010635376,0.029245368694997498,0.427779400011092,0.7640253525010787,0.7223414508031317
2,1000,6,0.5,342,0.9076647162437439,-0.8463780879974365,-0.0923352837562561,0.15362191200256348,0.777827262878418,0.031112928929181324,0.42091279882494015,0.7547882818018422,0.7324404174158485
2,1000,6,0.5,343,0.9078406691551208,-0.8465949296951294,-0.09215933084487915,0.1534050703048706,0.7860026359558105,0.029766016980806335,0.42318725446956534,0.7630540016711447,0.7290373205902704
2,1000,6,0.5,344,0.9055079817771912,-0.8499827980995178,-0.09449201822280884,0.15001720190048218,0.7904363870620728,0.031054313071682292,0.41914556942276293,0.7618561440959067,0.7299254202661112
2,1000,6,0.5,345,0.9024137258529663,-0.8517025113105774,-0.09758627414703369,0.1482974886894226,0.7978144884109497,0.031070348257781627,0.42429767670575125,0.765328208068713,0.7306187715399771
2,1000,6,0.5,346,0.9041422605514526,-0.8490511178970337,-0.09585773944854736,0.1509488821029663,0.8003585338592529,0.030794100815289965,0.4152971050425039,0.7660952415973428,0.7326690120145202
2,1000,6,0.5,347,0.904528796672821,-0.8499579429626465,-0.09547120332717896,0.15004205703735352,0.784798264503479,0.031028861243706112,0.42314553733606225,0.7624736584245781,0.7330035004429051
2,1000,6,0.5,348,0.9048410058021545,-0.8496558666229248,-0.09515899419784546,0.1503441333770752,0.7882287502288818,0.03135497890178991,0.4254621610293979,0.7671158239496677,0.7328954033772249
2,1000,6,0.5,349,0.90190190076828,-0.8476541638374329,-0.09809809923171997,0.15234583616256714,0.793419599533081,0.0306254548977197,0.42073733829425813,0.7626052150714148,0.7310203611113043
2,1000,6,0.5,350,0.9011459350585938,-0.8450934290885925,-0.09885406494140625,0.15490657091140747,0.8157587051391602,0.03623282642505284,0.4576952056347199,0.788617179149103,0.7559657991581589
2,1000,6,0.5,351,0.8980140686035156,-0.8462562561035156,-0.10198593139648438,0.15374374389648438,0.8060882091522217,0.03316084953866967,0.44613732631262054,0.781077030898589,0.7428941575796867
2,1000,6,0.5,352,0.8970721960067749,-0.8476577401161194,-0.1029278039932251,0.15234225988388062,0.7846311330795288,0.03303026984839577,0.4288693539207491,0.7610411953170627,0.7414079471314334
2,1000,6,0.5,353,0.8967865109443665,-0.8494923710823059,-0.10321348905563354,0.1505076289176941,0.7899346351623535,0.031387689864756665,0.4202168676862607,0.7559959744232444,0.7328904680457387
2,1000,6,0.5,354,0.8991954326629639,-0.848959743976593,-0.10080456733703613,0.15104025602340698,0.7924411296844482,0.032060395263228424,0.42610078579972305,0.7662714549997871,0.7367058141952754
2,1000,6,0.5,355,0.9012233018875122,-0.8491176962852478,-0.09877669811248779,0.1508823037147522,0.8014815449714661,0.03184625199712455,0.41825962871809724,0.772928905126131,0.7335159575046569
2,1000,6,0.5,356,0.9026705026626587,-0.8487855195999146,-0.09732949733734131,0.15121448040008545,0.8064837455749512,0.03199149513749544,0.4273557780504359,0.7764439710211576,0.7359729167238567
2,1000,6,0.5,357,0.8988972306251526,-0.8499851822853088,-0.10110276937484741,0.15001481771469116,0.8007409572601318,0.03166358428420707,0.4274788946024074,0.7707108137951739,0.7359364573372487
2,1000,6,0.5,358,0.8968167304992676,-0.8502779603004456,-0.10318326950073242,0.14972203969955444,0.7978714108467102,0.03409923504166245,0.429867971724439,0.7671812662493742,0.7444903569390589
2,1000,6,0.5,359,0.8941007256507874,-0.8506912589073181,-0.10589927434921265,0.14930874109268188,0.7998547554016113,0.03217499985326228,0.420161766221518,0.7636538971251838,0.737731837072116
2,1000,6,0.5,360,0.8945972919464111,-0.8488730192184448,-0.10540270805358887,0.15112698078155518,0.7878504991531372,0.031648844421070105,0.42741919335025697,0.7634555092071471,0.7358002985917983
2,1000,6,0.5,361,0.8965464234352112,-0.8508036732673645,-0.10345357656478882,0.1491963267326355,0.7969115972518921,0.03344838575707488,0.43280754291260165,0.7654826143058322,0.7377506939997526
2,1000,6,0.5,362,0.8941766023635864,-0.8524917960166931,-0.10582339763641357,0.14750820398330688,0.806005597114563,0.03230052153694648,0.4340414248393519,0.7797889295844459,0.7355748811588197
2,1000,6,0.5,363,0.891106903553009,-0.8538795113563538,-0.10889309644699097,0.14612048864364624,0.7975014448165894,0.03384024700880702,0.4335816504741872,0.7720047434030335,0.7424110311454503
2,1000,6,0.5,364,0.8903908729553223,-0.8536396026611328,-0.10960912704467773,0.1463603973388672,0.802918553352356,0.03297048660548023,0.43409696674990966,0.7780700313704291,0.7427157517462442
2,1000,6,0.5,365,0.8913047909736633,-0.8531076908111572,-0.10869520902633667,0.14689230918884277,0.8054715394973755,0.034367014166512604,0.43929531305608216,0.7816144471587141,0.7471074991289645
2,1000,6,0.5,366,0.8914453983306885,-0.8522316813468933,-0.10855460166931152,0.1477683186531067,0.7911523580551147,0.034467762529126665,0.4313217957603038,0.7705402378361939,0.7462642131693058
2,1000,6,0.5,367,0.8883852362632751,-0.8527200818061829,-0.11161476373672485,0.14727991819381714,0.797048032283783,0.031637161681611174,0.42390245811710514,0.7683571647961672,0.7330470692449218
2,1000,6,0.5,368,0.8907226324081421,-0.8505271673202515,-0.10927736759185791,0.14947283267974854,0.7906697988510132,0.03415079067389144,0.43195752805913434,0.7696549429502835,0.7413788904359833
2,1000,6,0.5,369,0.887883722782135,-0.8520990610122681,-0.11211627721786499,0.14790093898773193,0.8032037019729614,0.03227121379838366,0.42501706225036584,0.7787522880750933,0.737383378581512
2,1000,6,0.5,370,0.8884865045547485,-0.8516417741775513,-0.11151349544525146,0.14835822582244873,0.7903213500976562,0.03424397419757575,0.42418756517289824,0.7662164822023292,0.7456897731372036
2,1000,6,0.5,371,0.8897850513458252,-0.8519048094749451,-0.1102149486541748,0.14809519052505493,0.8070424795150757,0.033577366873237764,0.4486732774779816,0.7847504404653586,0.7437136826903875
2,1000,6,0.5,372,0.8911716938018799,-0.8538182973861694,-0.10882830619812012,0.14618170261383057,0.7937356233596802,0.036279135706549955,0.43957618966606404,0.767439157927878,0.750308457530331
2,1000,6,0.5,373,0.8937841653823853,-0.8533437252044678,-0.10621583461761475,0.14665627479553223,0.7859829068183899,0.03220620511511172,0.42616048413381025,0.7626189508599761,0.7362035210527063
2,1000,6,0.5,374,0.8960774540901184,-0.8516314625740051,-0.10392254590988159,0.14836853742599487,0.8082566261291504,0.035761481784060446,0.44405332928568875,0.7788467813889891,0.7528531321671501
2,1000,6,0.5,375,0.8943938612937927,-0.852340042591095,-0.10560613870620728,0.14765995740890503,0.7977645993232727,0.036268134617701876,0.4419149572467076,0.7759011722200819,0.7523564523761047
2,1000,6,0.5,376,0.8918341398239136,-0.8541923761367798,-0.10816586017608643,0.14580762386322021,0.7971991300582886,0.03151112122151238,0.4253120201064246,0.770113536171908,0.7306260614557991
2,1000,6,0.5,377,0.8897998332977295,-0.8538963794708252,-0.11020016670227051,0.1461036205291748,0.796422004699707,0.03217793159955147,0.42804450741877287,0.7682537510096478,0.7333317251766444
2,1000,6,0.5,378,0.8873005509376526,-0.8540874123573303,-0.11269944906234741,0.14591258764266968,0.797531247138977,0.03255208457687682,0.42809315455388836,0.7657689247972833,0.7332100297154273
2,1000,6,0.5,379,0.8852682709693909,-0.8540661931037903,-0.11473172903060913,0.14593380689620972,0.7957985401153564,0.03270374204287314,0.42420760720658235,0.7699526827887542,0.7390026948878692
2,1000,6,0.5,380,0.8850911855697632,-0.8545057773590088,-0.11490881443023682,0.1454942226409912,0.7956997156143188,0.03535730969393894,0.4326625938773729,0.7732055249725057,0.7464916436483543
2,1000,6,0.5,381,0.8844237923622131,-0.8539958596229553,-0.11557620763778687,0.14600414037704468,0.7999569773674011,0.03245589019510448,0.4278620382997046,0.7740657603947361,0.7391006563623985
2,1000,6,0.5,382,0.883996307849884,-0.854387640953064,-0.11600369215011597,0.14561235904693604,0.7939924001693726,0.033371011167511865,0.4270430439185847,0.7663242218315858,0.7406172739472306
2,1000,6,0.5,383,0.8836457133293152,-0.8561797142028809,-0.11635428667068481,0.14382028579711914,0.7990469932556152,0.033708937325221976,0.4280528581872598,0.7698413328526641,0.7408884410809562
2,1000,6,0.5,384,0.8861210942268372,-0.854315996170044,-0.11387890577316284,0.14568400382995605,0.799026370048523,0.034121180745828546,0.42576388662500103,0.7755367888178504,0.7455207292837228
2,1000,6,0.5,385,0.8850624561309814,-0.8554449081420898,-0.11493754386901855,0.14455509185791016,0.8025774955749512,0.03332748694312146,0.4162768573586959,0.7693875197590466,0.7406632863323359
2,1000,6,0.5,386,0.8874703645706177,-0.8571116328239441,-0.11252963542938232,0.1428883671760559,0.8035125732421875,0.03436150369087272,0.4298340390863038,0.7786766908101093,0.7442703176179438
2,1000,6,0.5,387,0.8895158171653748,-0.8558882474899292,-0.11048418283462524,0.1441117525100708,0.8059816360473633,0.0382430020104799,0.43662409179197165,0.7788105072120269,0.7608470089676953
2,1000,6,0.5,388,0.8891158699989319,-0.8567715883255005,-0.11088413000106812,0.1432284116744995,0.8056443929672241,0.034305916124873784,0.42886178662255475,0.777460913710367,0.7454884184037525
2,1000,6,0.5,389,0.8904596567153931,-0.8558287620544434,-0.10954034328460693,0.14417123794555664,0.8006207942962646,0.03509131492330318,0.4276999068649996,0.7756225558475333,0.7487252877589644
2,1000,6,0.5,390,0.8870044946670532,-0.8558949828147888,-0.11299550533294678,0.14410501718521118,0.7987662553787231,0.03522404648056807,0.42795931617864214,0.7751491017558817,0.7467856675593718
2,1000,6,0.5,391,0.8838934302330017,-0.8569807410240173,-0.11610656976699829,0.14301925897598267,0.8036975860595703,0.03420428673314137,0.42826474559127625,0.7758578122594583,0.7443890757234001
2,1000,6,0.5,392,0.8826810717582703,-0.8550337553024292,-0.11731892824172974,0.1449662446975708,0.818970263004303,0.03462010188595941,0.4314262117747299,0.7831002031766232,0.7480693441896941
2,1000,6,0.5,393,0.8842034339904785,-0.8532652854919434,-0.11579656600952148,0.14673471450805664,0.8148131370544434,0.042828269958519925,0.4620370471748576,0.7911227129097236,0.7779433392809743
2,1000,6,0.5,394,0.880849301815033,-0.8553223609924316,-0.11915069818496704,0.14467763900756836,0.8265330791473389,0.036118503252379065,0.44351882259717895,0.7984383076141394,0.7490139732092391
2,1000,6,0.5,395,0.8819933533668518,-0.8545438647270203,-0.1180066466331482,0.14545613527297974,0.8097409009933472,0.039848957165142654,0.44957525996174286,0.7872506350606955,0.7647094503649318
2,1000,6,0.5,396,0.8809304237365723,-0.8544345498085022,-0.11906957626342773,0.1455654501914978,0.8130582571029663,0.035696099825232926,0.44160876959090234,0.791021087563175,0.7474602677645892
2,1000,6,0.5,397,0.8790711760520935,-0.8555755615234375,-0.1209288239479065,0.1444244384765625,0.8005967140197754,0.035147244001999284,0.42542622680550113,0.7780655484867269,0.7478833095049535
2,1000,6,0.5,398,0.8760574460029602,-0.8567726016044617,-0.1239425539970398,0.14322739839553833,0.8026752471923828,0.03562566372382431,0.4260426878475708,0.7687417243778978,0.7496075907840118
2,1000,6,0.5,399,0.875465452671051,-0.8563092947006226,-0.12453454732894897,0.14369070529937744,0.8266424536705017,0.035846722558936846,0.44585136263837055,0.7930420597982453,0.7506458040985039
2,1000,6,0.5,400,0.8734295964241028,-0.8566533327102661,-0.12657040357589722,0.1433466672897339,0.8085212707519531,0.03963339302254638,0.4433089660390211,0.7854034232852982,0.7590548439410911
2,1000,6,0.5,401,0.8708255290985107,-0.8572410941123962,-0.12917447090148926,0.14275890588760376,0.8204340934753418,0.038932701978295015,0.45293211083089036,0.802851828925259,0.7591445052998665
2,1000,6,0.5,402,0.8739190101623535,-0.8571202754974365,-0.12608098983764648,0.14287972450256348,0.8007515668869019,0.03845201108467389,0.4401761738696815,0.7810490379928491,0.7562218403697698
2,1000,6,0.5,403,0.8756829500198364,-0.8578845262527466,-0.12431704998016357,0.14211547374725342,0.8035433888435364,0.03479081549134105,0.4327335060004531,0.7785140872510828,0.7459091729925829
2,1000,6,0.5,404,0.8773072361946106,-0.8569018840789795,-0.1226927638053894,0.1430981159210205,0.7991868257522583,0.035468188987908385,0.4266711725629279,0.7713617386760344,0.7446096729502721
2,1000,6,0.5,405,0.875068724155426,-0.8561252355575562,-0.12493127584457397,0.14387476444244385,0.8068894147872925,0.03455671660812124,0.4234021273128665,0.7796963429249401,0.7431307674961677
2,1000,6,0.5,406,0.8737714290618896,-0.8561820387840271,-0.12622857093811035,0.1438179612159729,0.8039063215255737,0.03445091274374332,0.4284898756245916,0.7814050819054059,0.7437098751776278
2,1000,6,0.5,407,0.8749518990516663,-0.8544694185256958,-0.12504810094833374,0.1455305814743042,0.8087130784988403,0.035260567425292905,0.4196107993960686,0.7755299906038488,0.7471532426194266
2,1000,6,0.5,408,0.8779510855674744,-0.85235196352005,-0.12204891443252563,0.14764803647994995,0.8122395277023315,0.03822522557653649,0.4346953884712121,0.7906553258786553,0.7580924286123225
2,1000,6,0.5,409,0.8771897554397583,-0.8519856333732605,-0.1228102445602417,0.1480143666267395,0.8194301128387451,0.03776226167644282,0.44613979003757875,0.7935447001875641,0.7545217180963292
2,1000,6,0.5,410,0.876067042350769,-0.8510151505470276,-0.12393295764923096,0.1489848494529724,0.7974293231964111,0.03864832294280982,0.44060483672205153,0.777293559247605,0.7596412293691958
2,1000,6,0.5,411,0.8770109415054321,-0.8519778847694397,-0.12298905849456787,0.1480221152305603,0.808237612247467,0.035544817449407386,0.43374236720243176,0.778696165801736,0.7487050780767776
2,1000,6,0.5,412,0.8815034031867981,-0.8510268926620483,-0.1184965968132019,0.14897310733795166,0.7945579886436462,0.03797354405660916,0.4387603946038338,0.7829897081029533,0.7548273219468707
2,1000,6,0.5,413,0.8799564838409424,-0.8499135971069336,-0.12004351615905762,0.1500864028930664,0.8156096935272217,0.03694167279763438,0.4485920423305984,0.7924514410125354,0.7544205787784695
2,1000,6,0.5,414,0.8797804713249207,-0.8481775522232056,-0.12021952867507935,0.15182244777679443,0.7936292886734009,0.03753731210122033,0.433372454238464,0.7760603088546771,0.7550389673025218
2,1000,6,0.5,415,0.8800095915794373,-0.8494926691055298,-0.11999040842056274,0.15050733089447021,0.8135055899620056,0.034994879070994224,0.43675427315574405,0.78113875604431,0.7442225367786871
2,1000,6,0.5,416,0.8773618340492249,-0.8504243493080139,-0.12263816595077515,0.14957565069198608,0.797257125377655,0.036041285447612176,0.43518933690605555,0.7724615378764927,0.746868400083074
2,1000,6,0.5,417,0.8781796097755432,-0.8481032848358154,-0.12182039022445679,0.15189671516418457,0.7901778817176819,0.03514647773400243,0.42554479367357007,0.7743090741683858,0.7442067167138047
2,1000,6,0.5,418,0.8806700706481934,-0.8443608283996582,-0.11932992935180664,0.1556391716003418,0.8091748952865601,0.040928268163801074,0.46562303475552197,0.8020541003292624,0.7683561037818799
2,1000,6,0.5,419,0.8791511058807373,-0.8441410660743713,-0.1208488941192627,0.15585893392562866,0.792521595954895,0.038074934651879055,0.43698624996456437,0.7825822402872435,0.7558313434089936
2,1000,6,0.5,420,0.8769049644470215,-0.8438597321510315,-0.12309503555297852,0.1561402678489685,0.7999531030654907,0.03654908897729052,0.4318395922526503,0.7831624791168506,0.7515672701755146
2,1000,6,0.5,421,0.8750842809677124,-0.8431618809700012,-0.1249157190322876,0.15683811902999878,0.8085481524467468,0.035641141761725566,0.421664643434945,0.7774089781790917,0.748616507678992
2,1000,6,0.5,422,0.8730555176734924,-0.8426610231399536,-0.12694448232650757,0.1573389768600464,0.8046041131019592,0.03778585039971741,0.4279150979069303,0.7784713770582325,0.7547004463032977
2,1000,6,0.5,423,0.8726896643638611,-0.8413897156715393,-0.12731033563613892,0.1586102843284607,0.8112650513648987,0.037267315967675754,0.4324792403859858,0.7891589920346703,0.7537015780804609
2,1000,6,0.5,424,0.8732083439826965,-0.8396591544151306,-0.12679165601730347,0.16034084558486938,0.8135687708854675,0.04126611478783414,0.44774784347965835,0.7963412393751483,0.7686968708279885
2,1000,6,0.5,425,0.8708214163780212,-0.838901937007904,-0.12917858362197876,0.16109806299209595,0.8382912278175354,0.04498926915990792,0.49556842024500625,0.8250388145878983,0.7860669562315568
2,1000,6,0.5,426,0.8694836497306824,-0.8401891589164734,-0.13051635026931763,0.1598108410835266,0.7984616756439209,0.03909248580224871,0.43750172120384845,0.7787685724001551,0.7599956081243461
2,1000,6,0.5,427,0.868897020816803,-0.8417134881019592,-0.13110297918319702,0.15828651189804077,0.8208749294281006,0.035925029600286394,0.42780867848703985,0.778880506413366,0.748673529498855
2,1000,6,0.5,428,0.870348334312439,-0.8383262753486633,-0.12965166568756104,0.16167372465133667,0.7956653833389282,0.036854880714679496,0.4318926903612357,0.7778566232899741,0.7519170675655219
2,1000,6,0.5,429,0.8711444735527039,-0.8379893898963928,-0.12885552644729614,0.16201061010360718,0.804129958152771,0.03659151799975112,0.43395039262247,0.7853751012270499,0.7521583649032728
2,1000,6,0.5,430,0.8696599006652832,-0.8380945920944214,-0.1303400993347168,0.1619054079055786,0.8050577640533447,0.03998613016666595,0.439811962032665,0.7862541184667361,0.7665902005497248
2,1000,6,0.5,431,0.8683936595916748,-0.8377290964126587,-0.1316063404083252,0.1622709035873413,0.830687403678894,0.04153158113186949,0.46106790573333456,0.811766341844708,0.7726350981978287
2,1000,6,0.5,432,0.8654390573501587,-0.8382129669189453,-0.1345609426498413,0.1617870330810547,0.8107276558876038,0.038509934606542985,0.4340452901173687,0.7853293162340407,0.7573102788305077
2,1000,6,0.5,433,0.8625802397727966,-0.8398456573486328,-0.13741976022720337,0.1601543426513672,0.8178024888038635,0.036911300623120424,0.4341162254769329,0.7817210574659516,0.749508488090303
2,1000,6,0.5,434,0.8629735708236694,-0.8388716578483582,-0.13702642917633057,0.16112834215164185,0.8082340955734253,0.036676954940937576,0.4273060995042501,0.7749400144700869,0.7487571987962802
2,1000,6,0.5,435,0.8648313283920288,-0.8359377980232239,-0.1351686716079712,0.16406220197677612,0.803002119064331,0.040905747063568254,0.4525332577707067,0.7926035930043395,0.7678476754095895
2,1000,6,0.5,436,0.8624464273452759,-0.8340370059013367,-0.13755357265472412,0.16596299409866333,0.8167704343795776,0.03956816791111002,0.45232556476421637,0.802659319751809,0.7654296147194116
2,1000,6,0.5,437,0.862649142742157,-0.8333104848861694,-0.13735085725784302,0.16668951511383057,0.8097954988479614,0.04021522301936706,0.43935241241929757,0.7937908025365238,0.7672606422531025
2,1000,6,0.5,438,0.8621841073036194,-0.8336055874824524,-0.13781589269638062,0.1663944125175476,0.8189622759819031,0.03827090785146329,0.4324563530410061,0.7931204489583975,0.7607076303932973
2,1000,6,0.5,439,0.8630973696708679,-0.8331437706947327,-0.13690263032913208,0.16685622930526733,0.806433379650116,0.039388428563364435,0.4342807648051177,0.7893915711535164,0.7607858582071733
2,1000,6,0.5,440,0.8609812259674072,-0.8342875838279724,-0.13901877403259277,0.1657124161720276,0.8217940330505371,0.03636796100055732,0.43525502666664034,0.7929581224493941,0.7513443476873228
2,1000,6,0.5,441,0.8624942302703857,-0.8340488076210022,-0.13750576972961426,0.1659511923789978,0.7985663414001465,0.03727640926320908,0.4287087124852765,0.782400403750392,0.7547573946198138
2,1000,6,0.5,442,0.8668366074562073,-0.8329046964645386,-0.13316339254379272,0.16709530353546143,0.814598798751831,0.04061282729799343,0.4502815848216211,0.7974831783273768,0.7680234165192312
2,1000,6,0.5,443,0.868431568145752,-0.8337523341178894,-0.13156843185424805,0.1662476658821106,0.8095990419387817,0.03929919912056127,0.43568395166824375,0.7864595389191514,0.762705963185879
2,1000,6,0.5,444,0.8683671951293945,-0.835250735282898,-0.13163280487060547,0.16474926471710205,0.811606764793396,0.03747444317571491,0.4256142495412378,0.7805169760438108,0.757368276068433
2,1000,6,0.5,445,0.8657593131065369,-0.8368903994560242,-0.13424068689346313,0.16310960054397583,0.8141624927520752,0.037437651426658926,0.42486943795603305,0.783433703258971,0.7533285789148834
2,1000,6,0.5,446,0.8641379475593567,-0.8375276923179626,-0.1358620524406433,0.16247230768203735,0.8099687099456787,0.03891598219006401,0.4301028572406523,0.7846945330550719,0.7602159138833262
2,1000,6,0.5,447,0.8639800548553467,-0.8370361924171448,-0.13601994514465332,0.16296380758285522,0.8163385987281799,0.04059218237627969,0.4360344875986851,0.792845882656187,0.7670433587317006
2,1000,6,0.5,448,0.8645700812339783,-0.834892213344574,-0.13542991876602173,0.16510778665542603,0.819800615310669,0.039124383327419215,0.4292374891255635,0.7838623343447284,0.7612647060434242
2,1000,6,0.5,449,0.8632975220680237,-0.8337368965148926,-0.13670247793197632,0.16626310348510742,0.8222389221191406,0.03851594219859097,0.42818173114643104,0.7900412331542997,0.7584919110567985
2,1000,6,0.5,450,0.8631597757339478,-0.8347046971321106,-0.13684022426605225,0.1652953028678894,0.8184584975242615,0.03916317432578065,0.4325282501432434,0.7891012394415907,0.7595913229394022
2,1000,6,0.5,451,0.8647124767303467,-0.8362745642662048,-0.13528752326965332,0.16372543573379517,0.8220927715301514,0.03986051898152709,0.43334851891476817,0.7978432672153036,0.7661923592716384
2,1000,6,0.5,452,0.8652215600013733,-0.835452675819397,-0.1347784399986267,0.16454732418060303,0.8229888677597046,0.0405056734647059,0.4387374153347946,0.8029089281993878,0.770619472596037
2,1000,6,0.5,453,0.863818347454071,-0.8366252779960632,-0.13618165254592896,0.16337472200393677,0.8152773380279541,0.03757679989938271,0.4193873468101444,0.7795342655006715,0.754581227593491
2,1000,6,0.5,454,0.8645775318145752,-0.8363837003707886,-0.1354224681854248,0.16361629962921143,0.8121726512908936,0.03957819071755403,0.436625960014972,0.7901285967574484,0.762047678450695
2,1000,6,0.5,455,0.8632451891899109,-0.8392714262008667,-0.1367548108100891,0.1607285737991333,0.8133848905563354,0.03741811655588091,0.42646501625122524,0.7791823489664493,0.7537148934789593
2,1000,6,0.5,456,0.8647180199623108,-0.8380141258239746,-0.1352819800376892,0.1619858741760254,0.8208657503128052,0.04161974413121103,0.4487072930387967,0.791139340568038,0.770241654187694
2,1000,6,0.5,457,0.8617473244667053,-0.8378883004188538,-0.13825267553329468,0.16211169958114624,0.8309845328330994,0.037901066395221374,0.43619201678600517,0.8014951875452574,0.7567545810960742
2,1000,6,0.5,458,0.8611565232276917,-0.8360369801521301,-0.13884347677230835,0.16396301984786987,0.8215873837471008,0.04118261267863559,0.44636573367548704,0.8032388195323071,0.7691308911924961
2,1000,6,0.5,459,0.8587530255317688,-0.8372355103492737,-0.1412469744682312,0.16276448965072632,0.817656397819519,0.04265641616431525,0.4482824873529615,0.802028990666438,0.7741983269123345
2,1000,6,0.5,460,0.8573057651519775,-0.8380458354949951,-0.14269423484802246,0.16195416450500488,0.8243938684463501,0.03915166415241139,0.4341583988488816,0.7983114388166748,0.7586572079469079
2,1000,6,0.5,461,0.8549785614013672,-0.8392633199691772,-0.1450214385986328,0.16073668003082275,0.8105510473251343,0.0397726739101967,0.43652821763245847,0.7892301046692826,0.762261911172769
2,1000,6,0.5,462,0.8545436263084412,-0.8390846252441406,-0.14545637369155884,0.16091537475585938,0.8310970067977905,0.0396362772227195,0.4400670708492568,0.8046786519876287,0.7642868732604665
2,1000,6,0.5,463,0.8548482656478882,-0.839786946773529,-0.14515173435211182,0.16021305322647095,0.8164370059967041,0.04241452553659976,0.44609660249377225,0.7993630657013873,0.7734017627734574
2,1000,6,0.5,464,0.8561238050460815,-0.8401975035667419,-0.14387619495391846,0.15980249643325806,0.8154313564300537,0.04098132120526891,0.44069621296751166,0.797177602465688,0.7669215630286602
2,1000,6,0.5,465,0.8544126749038696,-0.842365026473999,-0.14558732509613037,0.15763497352600098,0.8345341682434082,0.039272355717427945,0.4314227138945763,0.7960197846970227,0.759109901681019
2,1000,6,0.5,466,0.857663094997406,-0.841139018535614,-0.142336905002594,0.158860981464386,0.8197043538093567,0.04115255348039304,0.4398947362310042,0.795733847019429,0.7682802823694047
2,1000,6,0.5,467,0.8622958064079285,-0.836137592792511,-0.13770419359207153,0.163862407207489,0.8471177220344543,0.049970373375106576,0.4988235675926413,0.8402515598951521,0.8020704322876443
2,1000,6,0.5,468,0.860681414604187,-0.838107168674469,-0.139318585395813,0.161892831325531,0.8240770101547241,0.04115121583229329,0.4440633182239644,0.802754193930048,0.7690250343057451
2,1000,6,0.5,469,0.8637908101081848,-0.8372299075126648,-0.13620918989181519,0.1627700924873352,0.8145220279693604,0.039398553242354924,0.4304121712519175,0.7852153530316293,0.7623623729148492
2,1000,6,0.5,470,0.8637307286262512,-0.8372118473052979,-0.13626927137374878,0.16278815269470215,0.8128724098205566,0.039321740394233834,0.42807931521627474,0.7902157218975518,0.7603210050086755
2,1000,6,0.5,471,0.8632200956344604,-0.8393551707267761,-0.13677990436553955,0.16064482927322388,0.818534255027771,0.03885324770837973,0.43834269883046845,0.7902947541609651,0.757546239397411
2,1000,6,0.5,472,0.8666046261787415,-0.8381738662719727,-0.13339537382125854,0.16182613372802734,0.8260502815246582,0.03993706817613316,0.4344779243409181,0.79574905095405,0.7655227598441365
2,1000,6,0.5,473,0.8690344095230103,-0.8383821845054626,-0.13096559047698975,0.16161781549453735,0.8236638307571411,0.04042490927816875,0.4369932216247988,0.8021251249749494,0.7679931750486032
2,1000,6,0.5,474,0.8665879964828491,-0.8412590026855469,-0.13341200351715088,0.15874099731445312,0.8124104738235474,0.04142836599391629,0.4386034962600597,0.7890343419911819,0.7703833299684648
2,1000,6,0.5,475,0.8640734553337097,-0.8421159386634827,-0.13592654466629028,0.15788406133651733,0.8459699153900146,0.03983885662309172,0.45014392414401105,0.8125807152347031,0.7661195353903067
2,1000,6,0.5,476,0.8656780123710632,-0.8419593572616577,-0.13432198762893677,0.15804064273834229,0.8103569149971008,0.04230726672439989,0.44292078382837885,0.7981591211864094,0.7756113616830036
2,1000,6,0.5,477,0.8650811910629272,-0.8427776098251343,-0.13491880893707275,0.15722239017486572,0.8309853076934814,0.04006437647397643,0.43510998215713104,0.8024500666756376,0.7624336790643687
2,1000,6,0.5,478,0.8627289533615112,-0.8411309719085693,-0.13727104663848877,0.15886902809143066,0.8241301774978638,0.04288399272811064,0.4432989441407912,0.808735152296357,0.7748119072937243
2,1000,6,0.5,479,0.859117865562439,-0.8426955938339233,-0.14088213443756104,0.15730440616607666,0.81699538230896,0.04128954871680302,0.43080572106676174,0.7954880650986064,0.7678830452226986
2,1000,6,0.5,480,0.8581547141075134,-0.8413296937942505,-0.14184528589248657,0.1586703062057495,0.828776478767395,0.041869059412093915,0.45192830559538805,0.8070437368617029,0.771947747537088
2,1000,6,0.5,481,0.8581126928329468,-0.8420817852020264,-0.14188730716705322,0.15791821479797363,0.8228110074996948,0.04064294766583503,0.43225628112986525,0.7926771479403592,0.7668323814873897
2,1000,6,0.5,482,0.8582318425178528,-0.8412663340568542,-0.14176815748214722,0.15873366594314575,0.8180437088012695,0.04040984842093302,0.432019847109559,0.7941884323523706,0.765045980265014
2,1000,6,0.5,483,0.8581733107566833,-0.8396211266517639,-0.14182668924331665,0.16037887334823608,0.8246359825134277,0.03917798883821663,0.43622674845911646,0.7930323441640662,0.7629743530718462
2,1000,6,0.5,484,0.8606349229812622,-0.8387438654899597,-0.1393650770187378,0.16125613451004028,0.8302313089370728,0.04293145991316027,0.4456452623522793,0.8066203010590288,0.7746353424844432
2,1000,6,0.5,485,0.8578317761421204,-0.8397326469421387,-0.14216822385787964,0.16026735305786133,0.8361412882804871,0.04174155987581236,0.4455354662281952,0.8117725258809885,0.7703087846065428
2,1000,6,0.5,486,0.8563559055328369,-0.8406186103820801,-0.14364409446716309,0.15938138961791992,0.8282158374786377,0.04446988584135505,0.45405419645541334,0.8107574727815623,0.7787498820675105
2,1000,6,0.5,487,0.8516697287559509,-0.8429094552993774,-0.14833027124404907,0.15709054470062256,0.8235315084457397,0.042204920045746754,0.43793566919957044,0.7953273114852293,0.771189856296882
2,1000,6,0.5,488,0.8507354259490967,-0.8409149050712585,-0.14926457405090332,0.15908509492874146,0.8365437388420105,0.04043124920003265,0.4392560240130328,0.8023279854765433,0.7673983362267223
2,1000,6,0.5,489,0.8522763848304749,-0.8391483426094055,-0.14772361516952515,0.16085165739059448,0.820153534412384,0.044673585191132785,0.4480374180277776,0.7993478146780367,0.7829280180832116
2,1000,6,0.5,490,0.8543274998664856,-0.8381260633468628,-0.1456725001335144,0.1618739366531372,0.8576480746269226,0.04533992285679465,0.4647924840718391,0.8305663528086056,0.7843969329509153
2,1000,6,0.5,491,0.857288658618927,-0.8353177309036255,-0.142711341381073,0.1646822690963745,0.8448786735534668,0.04726680501318861,0.46614080481577114,0.8287378073270583,0.7921775076799912
2,1000,6,0.5,492,0.8540673851966858,-0.8391918540000916,-0.1459326148033142,0.16080814599990845,0.8321316242218018,0.04233172365705029,0.4357173943662494,0.8027183435054474,0.7704080385281888
2,1000,6,0.5,493,0.8544914126396179,-0.8404598236083984,-0.14550858736038208,0.15954017639160156,0.8551836013793945,0.040937579619122574,0.4343434616126575,0.8108295382032716,0.7703511702802576
2,1000,6,0.5,494,0.8560866117477417,-0.8415887355804443,-0.1439133882522583,0.15841126441955566,0.8288955688476562,0.044459336587314366,0.44672360809136746,0.8031193332862123,0.7801195169263203
2,1000,6,0.5,495,0.8530359864234924,-0.8424898386001587,-0.14696401357650757,0.1575101613998413,0.8445634841918945,0.0404770267128543,0.4471746681323626,0.8098807897166939,0.7659429706273732
2,1000,6,0.5,496,0.85349041223526,-0.8419386744499207,-0.14650958776474,0.15806132555007935,0.8303002119064331,0.040317267993474216,0.4304968998176297,0.8011343424448586,0.7664207365562161
2,1000,6,0.5,497,0.855339765548706,-0.8408989906311035,-0.14466023445129395,0.15910100936889648,0.8411751985549927,0.04251408123170593,0.4483248462818858,0.8197895986444235,0.7741656646437047
2,1000,6,0.5,498,0.857742965221405,-0.8387229442596436,-0.14225703477859497,0.16127705574035645,0.8342077732086182,0.04426749418501429,0.449736202865424,0.8137049891151402,0.7798567717693555
2,1000,6,0.5,499,0.858643114566803,-0.8367187976837158,-0.14135688543319702,0.16328120231628418,0.8482614755630493,0.044690929441439695,0.4543454484691416,0.8244994708494676,0.7841104268470881
2,1000,6,0.5,500,0.8577886819839478,-0.8372285962104797,-0.14221131801605225,0.16277140378952026,0.8354876041412354,0.04509802154629758,0.4548452439666812,0.8151700054765614,0.7862986216914376
2,1000,6,0.5,501,0.8587924242019653,-0.8355321884155273,-0.14120757579803467,0.16446781158447266,0.8297891616821289,0.043439761810527104,0.45222250996863145,0.8145656598459488,0.7784135720860658
2,1000,6,0.5,502,0.8598557710647583,-0.8355087637901306,-0.1401442289352417,0.16449123620986938,0.8237312436103821,0.04220062157285147,0.4339201311703548,0.7974186029836667,0.7682280720627588
2,1000,6,0.5,503,0.8599465489387512,-0.8359562754631042,-0.14005345106124878,0.16404372453689575,0.8395270705223083,0.04118552449717219,0.4369245828119665,0.8044546425605483,0.76775322618355
2,1000,6,0.5,504,0.8612258434295654,-0.8346458077430725,-0.13877415657043457,0.1653541922569275,0.8367400169372559,0.04210198160423403,0.44042178354555345,0.8045650590015444,0.7706912716931015
2,1000,6,0.5,505,0.8613792061805725,-0.8339950442314148,-0.1386207938194275,0.1660049557685852,0.8302643299102783,0.04189512473510928,0.4346543348306251,0.8014438817845655,0.7732003413993125
2,1000,6,0.5,506,0.862981379032135,-0.8325181603431702,-0.137018620967865,0.16748183965682983,0.8386434316635132,0.04135169211058489,0.43879324623744365,0.8111883712202637,0.7717005028846489
2,1000,6,0.5,507,0.8624175190925598,-0.8321448564529419,-0.13758248090744019,0.1678551435470581,0.8290865421295166,0.04351054732818263,0.4428036881867329,0.8143828765529639,0.776027831000908
2,1000,6,0.5,508,0.8649930357933044,-0.8321691155433655,-0.13500696420669556,0.16783088445663452,0.8266644477844238,0.042595486149083775,0.4386655164001299,0.8019738421842649,0.7742178952631998
2,1000,6,0.5,509,0.8691328167915344,-0.8317000269889832,-0.13086718320846558,0.16829997301101685,0.8455982208251953,0.04225474075684105,0.4430360039042442,0.8173984067792105,0.7737530576434771
2,1000,6,0.5,510,0.871353030204773,-0.8313687443733215,-0.12864696979522705,0.16863125562667847,0.8203784823417664,0.04393587637983445,0.44072392916736064,0.8020099872657309,0.7795281461610724
2,1000,6,0.5,511,0.8739117980003357,-0.8340868353843689,-0.1260882019996643,0.1659131646156311,0.8374706506729126,0.04158734224468458,0.42958757589817403,0.8041350762283875,0.770216143353145
2,1000,6,0.5,512,0.8734040856361389,-0.8340758085250854,-0.12659591436386108,0.16592419147491455,0.844927191734314,0.04269883316468426,0.4411253428645619,0.8151700282625902,0.7732379066893263
2,1000,6,0.5,513,0.8722130060195923,-0.8358438611030579,-0.12778699398040771,0.16415613889694214,0.8346133828163147,0.04317688174212208,0.43977793681698474,0.8054180223407711,0.7744486186842641
2,1000,6,0.5,514,0.8715147972106934,-0.8357282280921936,-0.12848520278930664,0.1642717719078064,0.8354200124740601,0.04182345648146087,0.43759344098772146,0.8104070731735302,0.7728951952267592
2,1000,6,0.5,515,0.8719243407249451,-0.8340725898742676,-0.12807565927505493,0.16592741012573242,0.8285984992980957,0.04439036795268589,0.4464995318102373,0.8103495285198332,0.7794057179652725
2,1000,6,0.5,516,0.8701475262641907,-0.8340094685554504,-0.12985247373580933,0.16599053144454956,0.8387734889984131,0.04542044125400383,0.44923311819191497,0.8138043181810799,0.7847366078470679
2,1000,6,0.5,517,0.8694673180580139,-0.8319845199584961,-0.13053268194198608,0.1680154800415039,0.8562966585159302,0.04662397691351813,0.47025752530282916,0.8346905780451834,0.7918685553979617
2,1000,6,0.5,518,0.8681976795196533,-0.8335049748420715,-0.13180232048034668,0.16649502515792847,0.8443605899810791,0.04293622728031925,0.44056075517915916,0.8139908728278992,0.7754508395545638
2,1000,6,0.5,519,0.8698611855506897,-0.8322038054466248,-0.1301388144493103,0.16779619455337524,0.8326197862625122,0.043807808043372025,0.43110926537813143,0.8057037714811566,0.7792941499076629
2,1000,6,0.5,520,0.8719563484191895,-0.8307532072067261,-0.12804365158081055,0.16924679279327393,0.8502864241600037,0.04323825673676404,0.4424996494574636,0.819889879387904,0.7775289646611098
2,1000,6,0.5,521,0.8760890364646912,-0.8272703289985657,-0.12391096353530884,0.17272967100143433,0.8347878456115723,0.04607184575655653,0.4478834410331102,0.8115102908770436,0.7865668362232778
2,1000,6,0.5,522,0.8762527108192444,-0.8272911310195923,-0.12374728918075562,0.17270886898040771,0.8423789739608765,0.043085901133976645,0.44349827845252043,0.8181397553336069,0.7781554284241426
2,1000,6,0.5,523,0.8803948760032654,-0.8247020840644836,-0.11960512399673462,0.17529791593551636,0.8384100198745728,0.04859244798473492,0.46425767680783414,0.8250503703425462,0.7973431276518477
2,1000,6,0.5,524,0.8770369291305542,-0.8294606804847717,-0.1229630708694458,0.17053931951522827,0.8509891629219055,0.04308495143294035,0.43919928245890844,0.8145484610956069,0.7773875218369837
2,1000,6,0.5,525,0.8746134638786316,-0.8293562531471252,-0.1253865361213684,0.17064374685287476,0.8421573638916016,0.04519929756125431,0.4527785710457789,0.8239315407908226,0.7855080197658242
2,1000,6,0.5,526,0.8736189007759094,-0.8299505114555359,-0.12638109922409058,0.1700494885444641,0.8417819738388062,0.044023133305822346,0.43982614734696035,0.8140221136191815,0.7793929638485446
2,1000,6,0.5,527,0.8703276515007019,-0.832541823387146,-0.1296723484992981,0.167458176612854,0.8581932187080383,0.04179559296744182,0.4416461234964888,0.8188091064681257,0.7684672947988334
2,1000,6,0.5,528,0.8739771842956543,-0.8298128843307495,-0.1260228157043457,0.1701871156692505,0.833530843257904,0.04810148418639058,0.4557961367754001,0.8110273481124889,0.7943390508316301
2,1000,6,0.5,529,0.8759272694587708,-0.8299275636672974,-0.12407273054122925,0.17007243633270264,0.850937008857727,0.044110263955784636,0.4447956836450939,0.8198550767934395,0.7792624128668404
2,1000,6,0.5,530,0.8747898936271667,-0.8305856585502625,-0.12521010637283325,0.16941434144973755,0.8434461355209351,0.04477548065221352,0.44071486442180285,0.8085982782224204,0.7787631468634675
2,1000,6,0.5,531,0.8717548251152039,-0.8316491842269897,-0.12824517488479614,0.16835081577301025,0.8479349613189697,0.04364317978312616,0.4376318990487468,0.8105740517144073,0.7771033070674098
2,1000,6,0.5,532,0.872964084148407,-0.8296190500259399,-0.12703591585159302,0.17038094997406006,0.847780704498291,0.04715247406385243,0.461229833760743,0.8234385646441497,0.7922977717849486
2,1000,6,0.5,533,0.8718625903129578,-0.8314040303230286,-0.12813740968704224,0.16859596967697144,0.8464739322662354,0.044566099202418656,0.4554859990436802,0.8223658760844529,0.7801847217480341
2,1000,6,0.5,534,0.8700098395347595,-0.8329881429672241,-0.12999016046524048,0.16701185703277588,0.8297321796417236,0.04468766906965671,0.4400709328157534,0.8060589421963508,0.7771117232188447
2,1000,6,0.5,535,0.8715237975120544,-0.8334121704101562,-0.12847620248794556,0.16658782958984375,0.850561261177063,0.04283267598971678,0.43723707085230573,0.8179565436496463,0.771870014222038
2,1000,6,0.5,536,0.8710489869117737,-0.835220992565155,-0.12895101308822632,0.16477900743484497,0.8427806496620178,0.042975985391105746,0.4321387113130825,0.8002051814347793,0.771205426582888
2,1000,6,0.5,537,0.868930459022522,-0.8357031345367432,-0.13106954097747803,0.16429686546325684,0.8486627340316772,0.04232472638721069,0.4362482292131269,0.8034150543737255,0.7692715457374777
2,1000,6,0.5,538,0.8653663396835327,-0.8343194127082825,-0.13463366031646729,0.16568058729171753,0.8554970026016235,0.04333913804706419,0.441793194239626,0.810231652193091,0.7744457935802154
2,1000,6,0.5,539,0.860763669013977,-0.8337618112564087,-0.13923633098602295,0.1662381887435913,0.852127194404602,0.04445585450631399,0.44784644571184273,0.8124225980036173,0.7766183282390736
2,1000,6,0.5,540,0.8604739308357239,-0.8325429558753967,-0.13952606916427612,0.16745704412460327,0.8481507897377014,0.04512624380973607,0.44480253909563017,0.8152429319479271,0.7794041041214838
2,1000,6,0.5,541,0.8590119481086731,-0.8334822654724121,-0.1409880518913269,0.1665177345275879,0.8420053720474243,0.045560802913281975,0.44573571190109107,0.8125576926715459,0.7831890313976938
2,1000,6,0.5,542,0.8580308556556702,-0.8340995907783508,-0.14196914434432983,0.16590040922164917,0.8491626977920532,0.04445093584002593,0.4384133784343282,0.8101214548081113,0.7783480268467841
2,1000,6,0.5,543,0.8578903675079346,-0.8335275053977966,-0.14210963249206543,0.16647249460220337,0.8499765396118164,0.045420324502335366,0.44770509611467196,0.8211423148310376,0.7849381819295368
2,1000,6,0.5,544,0.8560303449630737,-0.8354912996292114,-0.14396965503692627,0.16450870037078857,0.8426225185394287,0.044636908148428904,0.4361506712410444,0.8125397026806219,0.7794138021575859
2,1000,6,0.5,545,0.8597980737686157,-0.8334002494812012,-0.14020192623138428,0.16659975051879883,0.8504495024681091,0.048116955458565314,0.4535886552737156,0.8301598911880549,0.7910198583721184
2,1000,6,0.5,546,0.8598521947860718,-0.8327764272689819,-0.14014780521392822,0.16722357273101807,0.8592192530632019,0.047787122932735945,0.45215971000706817,0.8297294249669257,0.7890546419280186
2,1000,6,0.5,547,0.8602973818778992,-0.8325679898262024,-0.13970261812210083,0.1674320101737976,0.8541368246078491,0.04989048864580253,0.45583586094416306,0.8276820855639804,0.7944496771672452
2,1000,6,0.5,548,0.8592013716697693,-0.833103358745575,-0.1407986283302307,0.16689664125442505,0.8639868497848511,0.04743149965962332,0.45215011153270807,0.8304129344364156,0.7876391359086463
2,1000,6,0.5,549,0.8600813746452332,-0.8320539593696594,-0.13991862535476685,0.16794604063034058,0.8547801971435547,0.04720914893095372,0.45536362809181824,0.8268432181533437,0.788985528045603
2,1000,6,0.5,550,0.8602811098098755,-0.8332083821296692,-0.1397188901901245,0.1667916178703308,0.8550586700439453,0.045619042389646355,0.4483018580901064,0.820146359036332,0.7804852386102186
2,1000,6,0.5,551,0.8606674671173096,-0.8316876292228699,-0.13933253288269043,0.16831237077713013,0.842980146408081,0.04574024847812978,0.4402430133498429,0.8099630829256683,0.7826296540111137
2,1000,6,0.5,552,0.8595764636993408,-0.8321937918663025,-0.14042353630065918,0.1678062081336975,0.8537696599960327,0.047151653409687584,0.4513991122918001,0.8223924740033688,0.7894524320230987
2,1000,6,0.5,553,0.8643114566802979,-0.8314176201820374,-0.13568854331970215,0.16858237981796265,0.8541746139526367,0.051847456163430124,0.46839487982904726,0.8296532164068935,0.8044013868339618
2,1000,6,0.5,554,0.8664620518684387,-0.8314461708068848,-0.13353794813156128,0.16855382919311523,0.8699008822441101,0.05028758895112272,0.485041925625984,0.843495386734524,0.7977965919963252
2,1000,6,0.5,555,0.8666134476661682,-0.8301694989204407,-0.1333865523338318,0.16983050107955933,0.8543082475662231,0.050337824989716354,0.4774129544468316,0.8315747705959652,0.7987645879028535
2,1000,6,0.5,556,0.8636433482170105,-0.8336307406425476,-0.1363566517829895,0.1663692593574524,0.8582800626754761,0.04342390755095848,0.4442681263746415,0.8091524531076844,0.7743955210819831
2,1000,6,0.5,557,0.8640632033348083,-0.8316206932067871,-0.13593679666519165,0.1683793067932129,0.8537307977676392,0.0444508957490396,0.4437750405627155,0.8157991535669291,0.778851868834069
2,1000,6,0.5,558,0.8631526231765747,-0.8326683044433594,-0.1368473768234253,0.16733169555664062,0.8595570921897888,0.043294238055605595,0.4376985871532246,0.8094654347388917,0.7728778691309651
2,1000,6,0.5,559,0.8649711608886719,-0.8319045901298523,-0.13502883911132812,0.1680954098701477,0.8447147607803345,0.04445610343443349,0.43980700615801965,0.8108218699999713,0.7781390917702502
2,1000,6,0.5,560,0.8636550307273865,-0.8310638666152954,-0.13634496927261353,0.1689361333847046,0.8551417589187622,0.04447284427346647,0.44393061657586075,0.8184374848843707,0.7806624056632723
2,1000,6,0.5,561,0.8630972504615784,-0.8304579257965088,-0.13690274953842163,0.1695420742034912,0.8491392731666565,0.04659200918710176,0.4501122839910133,0.8176493593884591,0.7857067405424063
2,1000,6,0.5,562,0.8616715669631958,-0.8314557075500488,-0.1383284330368042,0.16854429244995117,0.8583945035934448,0.044288774981285944,0.43471811854222353,0.8167160915855447,0.7768074206402252
2,1000,6,0.5,563,0.8576633334159851,-0.8333628177642822,-0.1423366665840149,0.16663718223571777,0.8500802516937256,0.04544003175517568,0.44077346572079906,0.8094246808229778,0.7785149362036436
2,1000,6,0.5,564,0.8557173609733582,-0.8343065977096558,-0.14428263902664185,0.16569340229034424,0.844428539276123,0.04349182795387267,0.431938182792571,0.8095700228458783,0.7734964195889943
2,1000,6,0.5,565,0.8560419678688049,-0.8347831964492798,-0.14395803213119507,0.16521680355072021,0.8536946773529053,0.045276627319344086,0.44802014785171324,0.8180023207191052,0.7814458903181655
2,1000,6,0.5,566,0.8571902513504028,-0.8340465426445007,-0.14280974864959717,0.16595345735549927,0.8560828566551208,0.04947315727483815,0.4634644065792565,0.8267862232746552,0.7924719043892969
2,1000,6,0.5,567,0.8565921783447266,-0.8346347808837891,-0.14340782165527344,0.16536521911621094,0.8532500267028809,0.04774011294741005,0.44685202346164254,0.8232039443260859,0.7870781151543538
2,1000,6,0.5,568,0.8583763241767883,-0.834598183631897,-0.14162367582321167,0.16540181636810303,0.8602065443992615,0.049280882616832535,0.45772814820953855,0.8284535456229233,0.794198918628627
2,1000,6,0.5,569,0.8573282957077026,-0.8351626992225647,-0.14267170429229736,0.1648373007774353,0.8664702773094177,0.0476951713236138,0.4499733227347532,0.830648313443528,0.7880515620790366
2,1000,6,0.5,570,0.8582695126533508,-0.8346501588821411,-0.14173048734664917,0.1653498411178589,0.8751450777053833,0.04852796386040041,0.46255337545124997,0.8381124227486765,0.7900076552375042
2,1000,6,0.5,571,0.8565869927406311,-0.8370950818061829,-0.1434130072593689,0.16290491819381714,0.8630616664886475,0.0508404804699522,0.466603533736568,0.8292760607588321,0.7971875829488226
2,1000,6,0.5,572,0.8561375737190247,-0.838238537311554,-0.14386242628097534,0.16176146268844604,0.8745930194854736,0.045765166850709645,0.4538113481507605,0.8316084038519996,0.7797025959769023
2,1000,6,0.5,573,0.8580412864685059,-0.8376520276069641,-0.14195871353149414,0.1623479723930359,0.855564534664154,0.049868595063826286,0.455411804171739,0.8258956744601792,0.7935766785532242
2,1000,6,0.5,574,0.8586554527282715,-0.8365994095802307,-0.14134454727172852,0.1634005904197693,0.858698308467865,0.04753147493207875,0.4446206180461735,0.8254618713763616,0.7850084528270286
2,1000,6,0.5,575,0.8583570718765259,-0.8359958529472351,-0.14164292812347412,0.1640041470527649,0.8845696449279785,0.04610319072673955,0.45177014150503836,0.8276878260806589,0.782552980067467
2,1000,6,0.5,576,0.8571130037307739,-0.8363180160522461,-0.14288699626922607,0.1636819839477539,0.8604402542114258,0.04712861898663253,0.45335812818475346,0.8157051643573792,0.784872006962472
2,1000,6,0.5,577,0.8584458827972412,-0.8338983058929443,-0.1415541172027588,0.16610169410705566,0.8596639633178711,0.043859793091863455,0.44405904677552827,0.8204027499710059,0.7757357085981907
2,1000,6,0.5,578,0.8610488772392273,-0.8312397599220276,-0.1389511227607727,0.1687602400779724,0.8450943827629089,0.04816592427812174,0.45490594775654897,0.8228074212134675,0.7899886492765472
2,1000,6,0.5,579,0.8606692552566528,-0.8300745487213135,-0.13933074474334717,0.16992545127868652,0.8772853016853333,0.04981871450924665,0.47466521039880716,0.8401486659204253,0.7933949215684709
2,1000,6,0.5,580,0.8613141179084778,-0.8306095004081726,-0.13868588209152222,0.1693904995918274,0.869059681892395,0.05207550467073908,0.46585080962488895,0.8350074642892767,0.803831981373209
2,1000,6,0.5,581,0.8605679273605347,-0.8315050005912781,-0.13943207263946533,0.16849499940872192,0.8665375113487244,0.04805924019569533,0.4456351973374304,0.8220398682683004,0.7886086455734486
2,1000,6,0.5,582,0.8622841835021973,-0.8296949863433838,-0.13771581649780273,0.1703050136566162,0.8651964664459229,0.04621527896967998,0.4489170292071889,0.8243557437599791,0.7815562297705532
2,1000,6,0.5,583,0.8635837435722351,-0.8295595049858093,-0.1364162564277649,0.17044049501419067,0.8621765375137329,0.046302489610005104,0.43459550081178494,0.809053127045657,0.7801474576719927
2,1000,6,0.5,584,0.8645706176757812,-0.8288031816482544,-0.13542938232421875,0.1711968183517456,0.8675194382667542,0.04755734473655846,0.4545768744103607,0.8263250035537409,0.7897331453225436
2,1000,6,0.5,585,0.8626940846443176,-0.8303079009056091,-0.13730591535568237,0.16969209909439087,0.8599995374679565,0.04867671787558192,0.45619726892972584,0.8233907938175116,0.7932350910856388
2,1000,6,0.5,586,0.8639155626296997,-0.8304418325424194,-0.1360844373703003,0.16955816745758057,0.8719991445541382,0.04768219991382557,0.45143636989952685,0.8288734098614349,0.7875835885262308
2,1000,6,0.5,587,0.865382969379425,-0.832097589969635,-0.13461703062057495,0.167902410030365,0.8487293720245361,0.04585100892318713,0.43687480235774734,0.808968001352608,0.7792796386130337
2,1000,6,0.5,588,0.8655623197555542,-0.8331349492073059,-0.1344376802444458,0.1668650507926941,0.8478158712387085,0.047910220775913635,0.45080510057246626,0.8103602945325709,0.788014723086304
2,1000,6,0.5,589,0.8641115427017212,-0.8362016081809998,-0.1358884572982788,0.16379839181900024,0.8617078065872192,0.044694999827114154,0.43569673517087876,0.8113686373888841,0.7745770029881316
2,1000,6,0.5,590,0.8658505082130432,-0.8345768451690674,-0.1341494917869568,0.16542315483093262,0.8671351075172424,0.04910497568663023,0.4517111815188079,0.8228353371633252,0.7901736177283363
2,1000,6,0.5,591,0.8628458380699158,-0.8360029458999634,-0.13715416193008423,0.16399705410003662,0.8774970769882202,0.04687201593368399,0.45517844593285434,0.8275174214829966,0.7816373663580028
2,1000,6,0.5,592,0.8656367659568787,-0.833752453327179,-0.13436323404312134,0.16624754667282104,0.8524049520492554,0.04905509294884102,0.4562875063880309,0.8273571943150552,0.7912502685318953
2,1000,6,0.5,593,0.8638646006584167,-0.8336860537528992,-0.13613539934158325,0.16631394624710083,0.8740981221199036,0.04928593287990121,0.46075421624443913,0.8398173068327834,0.7926828304907736
2,1000,6,0.5,594,0.860866129398346,-0.8338111042976379,-0.13913387060165405,0.16618889570236206,0.8607850074768066,0.0489725425588005,0.4499490137602119,0.8231378107566178,0.794300635879831
2,1000,6,0.5,595,0.8604833483695984,-0.8345498442649841,-0.1395166516304016,0.16545015573501587,0.8605701923370361,0.04686453289286641,0.44295057223500534,0.821917322139281,0.7809344944539276
2,1000,6,0.5,596,0.8626545071601868,-0.834000289440155,-0.13734549283981323,0.16599971055984497,0.859556257724762,0.04800788455917661,0.4535243659372776,0.8258404972299043,0.7855176818685601
2,1000,6,0.5,597,0.8643818497657776,-0.8362987041473389,-0.1356181502342224,0.16370129585266113,0.8648504018783569,0.04787477043214797,0.4370076429109243,0.8161160812739416,0.7862113998453584
2,1000,6,0.5,598,0.8656405210494995,-0.8340970873832703,-0.1343594789505005,0.16590291261672974,0.8545832633972168,0.04849114199000715,0.44777384602658443,0.8229061554150487,0.7907130742857181
2,1000,6,0.5,599,0.8665418028831482,-0.8314865231513977,-0.1334581971168518,0.1685134768486023,0.8693816661834717,0.0494943757729465,0.4585682087403066,0.8323019095874932,0.7917145183819282
2,1000,6,0.5,600,0.8634482622146606,-0.830035924911499,-0.13655173778533936,0.16996407508850098,0.8637580275535583,0.05099901506518338,0.45273214475143364,0.8192522274879454,0.7956623810947459
2,1000,6,0.5,601,0.8610069155693054,-0.8285807371139526,-0.13899308443069458,0.17141926288604736,0.8563487529754639,0.05228893551961275,0.4652467698182549,0.8322446169225995,0.8051428483987267
2,1000,6,0.5,602,0.8559139370918274,-0.8293783068656921,-0.1440860629081726,0.17062169313430786,0.8604456186294556,0.048390346575373035,0.4521125013996303,0.8227808934841332,0.7904636267807957
2,1000,6,0.5,603,0.8539738059043884,-0.8305525779724121,-0.14602619409561157,0.1694474220275879,0.8606092929840088,0.04594700262501048,0.4344253525153006,0.8117661019489795,0.777958894700073
2,1000,6,0.5,604,0.8519431948661804,-0.8301481604576111,-0.14805680513381958,0.16985183954238892,0.8745722770690918,0.04891224745476897,0.4559340079470003,0.8277369838381671,0.7912908919142322
2,1000,6,0.5,605,0.8475000858306885,-0.8333406448364258,-0.15249991416931152,0.16665935516357422,0.8577933311462402,0.04585865575844452,0.4380053061531507,0.8075868579152988,0.7777757565067457
2,1000,6,0.5,606,0.8505286574363708,-0.8319553732872009,-0.14947134256362915,0.16804462671279907,0.8542516231536865,0.049659366332187996,0.4540477271604011,0.8222988391932166,0.7927848100832696
2,1000,6,0.5,607,0.8506860136985779,-0.832859456539154,-0.14931398630142212,0.16714054346084595,0.8718628883361816,0.05184073769344822,0.47650119189078766,0.8370526074415896,0.8004615412236576
2,1000,6,0.5,608,0.8538134694099426,-0.8332004547119141,-0.14618653059005737,0.16679954528808594,0.8662187457084656,0.05671363505557702,0.48603009588202456,0.8406862359474377,0.8198651277020172
2,1000,6,0.5,609,0.8541593551635742,-0.8341469764709473,-0.14584064483642578,0.16585302352905273,0.8790045380592346,0.052471683998818845,0.48046666742345784,0.8450337893317306,0.8057443485718129
2,1000,6,0.5,610,0.854767918586731,-0.8351696729660034,-0.14523208141326904,0.16483032703399658,0.8626545667648315,0.04838103927247621,0.4501928319612446,0.823988993291578,0.7901538723427854
2,1000,6,0.5,611,0.8534676432609558,-0.8358936309814453,-0.1465323567390442,0.1641063690185547,0.8539083003997803,0.04850544752868087,0.44058820887799754,0.8135003583387013,0.7851715540499413
2,1000,6,0.5,612,0.8542746305465698,-0.8338921666145325,-0.14572536945343018,0.16610783338546753,0.8590439558029175,0.048633657098777074,0.4533950539455029,0.8252242337481763,0.7892254518064874
2,1000,6,0.5,613,0.85276859998703,-0.832059919834137,-0.14723140001296997,0.16794008016586304,0.8614845871925354,0.047720922668907796,0.4430749207449569,0.8187326275255923,0.7882702492992752
2,1000,6,0.5,614,0.8521298766136169,-0.8317139148712158,-0.14787012338638306,0.16828608512878418,0.8502615690231323,0.04944194408587857,0.44641599530633913,0.8184540055405186,0.7925051515967482
2,1000,6,0.5,615,0.8507781028747559,-0.8322434425354004,-0.14922189712524414,0.1677565574645996,0.8655418157577515,0.048868537115944556,0.4512124255163077,0.8286613149065445,0.7892122378635025
2,1000,6,0.5,616,0.8527767658233643,-0.8321815133094788,-0.14722323417663574,0.16781848669052124,0.8549084663391113,0.05251122640563038,0.46389303018982675,0.8234662948054049,0.80294946754909
2,1000,6,0.5,617,0.8518533110618591,-0.8338332772254944,-0.14814668893814087,0.16616672277450562,0.8611510992050171,0.04851091007250553,0.4417758081742192,0.8210301959261961,0.789638611370978
2,1000,6,0.5,618,0.8538945913314819,-0.8316336274147034,-0.14610540866851807,0.16836637258529663,0.8641517162322998,0.05113819892253017,0.46267377793804054,0.8307001315650865,0.8002070435050008
2,1000,6,0.5,619,0.8532907962799072,-0.8322423696517944,-0.14670920372009277,0.16775763034820557,0.8534332513809204,0.05044120406911657,0.4483576733342294,0.8183091864679031,0.79691794510606
2,1000,6,0.5,620,0.8541629314422607,-0.8319196701049805,-0.14583706855773926,0.16808032989501953,0.8695517778396606,0.04950275393980389,0.45595286918712297,0.8350017081447564,0.7942040871042416
2,1000,6,0.5,621,0.8530099391937256,-0.8340398669242859,-0.14699006080627441,0.1659601330757141,0.8693047761917114,0.04847831377077274,0.44441829074455597,0.8290500739099627,0.7886473246360203
2,1000,6,0.5,622,0.8509281873703003,-0.8359450101852417,-0.1490718126296997,0.1640549898147583,0.8565652966499329,0.04883540518519663,0.4461817509293273,0.8184053249488388,0.7880996564120539
2,1000,6,0.5,623,0.8517755270004272,-0.8355434536933899,-0.14822447299957275,0.1644565463066101,0.8710496425628662,0.050223210602794666,0.45495633830568194,0.8301570383429625,0.7930470739765156
2,1000,6,0.5,624,0.8529046177864075,-0.8345581293106079,-0.14709538221359253,0.1654418706893921,0.8680727481842041,0.049785272248563744,0.4485463964604383,0.8280518297278183,0.7934604363363844
2,1000,6,0.5,625,0.8548941016197205,-0.8327085375785828,-0.14510589838027954,0.16729146242141724,0.8754643201828003,0.052777562319415494,0.4710868244332513,0.8417566803270684,0.8027328701057522
2,1000,6,0.5,626,0.8549305200576782,-0.8362669348716736,-0.14506947994232178,0.16373306512832642,0.8635677099227905,0.04801135719097607,0.43962715783193684,0.821728699421181,0.7866878771525276
2,1000,6,0.5,627,0.8570412397384644,-0.835888147354126,-0.14295876026153564,0.16411185264587402,0.8766764998435974,0.052115432325471056,0.46838538948992237,0.845524708788899,0.8061334829564596
2,1000,6,0.5,628,0.855889081954956,-0.8378680944442749,-0.14411091804504395,0.1621319055557251,0.8692938685417175,0.05034276132329284,0.44460279263621827,0.8250692813808288,0.7983174620264195
2,1000,6,0.5,629,0.8600956797599792,-0.8362987637519836,-0.13990432024002075,0.16370123624801636,0.8681126832962036,0.05265606659269359,0.4585999179509281,0.8373388128411773,0.8039538749359005
2,1000,6,0.5,630,0.8618645668029785,-0.8365373611450195,-0.13813543319702148,0.16346263885498047,0.8759155869483948,0.04992143389310797,0.45314040116973986,0.8325830264052969,0.7926497656820739
2,1000,6,0.5,631,0.8646631240844727,-0.8363592028617859,-0.13533687591552734,0.1636407971382141,0.8673309087753296,0.049810277448151176,0.44990169738176583,0.8245815972744575,0.79144939319083
2,1000,6,0.5,632,0.8622685074806213,-0.8368678092956543,-0.13773149251937866,0.1631321907043457,0.8580245971679688,0.04934315626348643,0.45725659667509855,0.8216145529068938,0.7905473059540216
2,1000,6,0.5,633,0.8633553385734558,-0.8335623145103455,-0.1366446614265442,0.16643768548965454,0.8790143728256226,0.049028563195993385,0.46889838231393677,0.8400509852567276,0.7890758521737918
2,1000,6,0.5,634,0.8635897636413574,-0.828721821308136,-0.13641023635864258,0.171278178691864,0.8622773885726929,0.05337173659329675,0.47184214238165995,0.8360730613884183,0.8062147422454877
2,1000,6,0.5,635,0.8676568865776062,-0.827915608882904,-0.1323431134223938,0.17208439111709595,0.868901252746582,0.050758147285443075,0.4533632358855839,0.8331062972148127,0.7971314766956339
2,1000,6,0.5,636,0.870521068572998,-0.8260462284088135,-0.12947893142700195,0.17395377159118652,0.8709783554077148,0.051740779840533484,0.46569617170750793,0.8417738312726192,0.8025350842649648
2,1000,6,0.5,637,0.8659391403198242,-0.8288421034812927,-0.13406085968017578,0.17115789651870728,0.8698108792304993,0.051467206356042045,0.45022560809838097,0.8293015568954444,0.79962325914115
2,1000,6,0.5,638,0.8618617653846741,-0.8309316635131836,-0.13813823461532593,0.1690683364868164,0.8772780299186707,0.050893663617790574,0.4571894084937954,0.8366788143854552,0.7947051909085416
2,1000,6,0.5,639,0.8618861436843872,-0.8324440717697144,-0.1381138563156128,0.16755592823028564,0.8598059415817261,0.04893006542341134,0.44626150527978564,0.8203518102222972,0.7891604775511951
2,1000,6,0.5,640,0.8622313141822815,-0.8315517902374268,-0.1377686858177185,0.16844820976257324,0.8659712672233582,0.051372459224894584,0.4631702703271955,0.8288931548524258,0.8007018628021774
2,1000,6,0.5,641,0.860277533531189,-0.8318992257118225,-0.13972246646881104,0.1681007742881775,0.8758602142333984,0.046961156644494545,0.4430528900569189,0.8262011652683126,0.780324504187207
2,1000,6,0.5,642,0.8602740168571472,-0.8295803666114807,-0.13972598314285278,0.1704196333885193,0.8599086403846741,0.05147117458523981,0.45899113252093493,0.8256976986388687,0.7974407665961544
2,1000,6,0.5,643,0.859795331954956,-0.830196738243103,-0.14020466804504395,0.16980326175689697,0.8557567000389099,0.05304399812978914,0.4550466206717404,0.8268274647954484,0.8054675543035723
2,1000,6,0.5,644,0.8590415716171265,-0.8303871750831604,-0.14095842838287354,0.1696128249168396,0.8680294752120972,0.05230081283572966,0.46379727115738034,0.8383590061379277,0.8015123542949382
2,1000,6,0.5,645,0.8597628474235535,-0.8303088545799255,-0.14023715257644653,0.16969114542007446,0.8777924180030823,0.0524785376404374,0.4672079947697382,0.8367978303546603,0.804496149588271
2,1000,6,0.5,646,0.8614620566368103,-0.8292024731636047,-0.1385379433631897,0.17079752683639526,0.865797758102417,0.05350532654575372,0.46310762931496485,0.8334619380315939,0.8113442126256872
2,1000,6,0.5,647,0.8595635294914246,-0.8302033543586731,-0.14043647050857544,0.1697966456413269,0.8542990684509277,0.05077604124828454,0.4481358576386907,0.817369473034789,0.7962576282504058
2,1000,6,0.5,648,0.8590574860572815,-0.8287471532821655,-0.1409425139427185,0.17125284671783447,0.8656681776046753,0.05167094331008396,0.466134447828092,0.8309663920631817,0.8007284554380216
2,1000,6,0.5,649,0.8623715043067932,-0.8284062743186951,-0.1376284956932068,0.17159372568130493,0.8591321110725403,0.05315271917073106,0.4607048617414174,0.8289061757910651,0.8077371816149249
2,1000,6,0.5,650,0.8624219298362732,-0.8308334350585938,-0.1375780701637268,0.16916656494140625,0.8725036382675171,0.05078789205202533,0.4600531155816094,0.8360631524585412,0.7981920196807275
2,1000,6,0.5,651,0.8619512915611267,-0.8328185081481934,-0.1380487084388733,0.16718149185180664,0.8685739040374756,0.04970113330305245,0.44347861905165387,0.8161089643758808,0.7916712144925873
2,1000,6,0.5,652,0.8627098202705383,-0.8330559134483337,-0.13729017972946167,0.16694408655166626,0.8727829456329346,0.05248035243471499,0.4712043982210735,0.8408816104521216,0.8000237027988192
2,1000,6,0.5,653,0.8604457378387451,-0.8362410664558411,-0.13955426216125488,0.16375893354415894,0.8709670305252075,0.050055044203182776,0.45382137979604004,0.8253175975210642,0.7917683320868205
2,1000,6,0.5,654,0.860655665397644,-0.8377143740653992,-0.13934433460235596,0.16228562593460083,0.8698421716690063,0.05342415383182487,0.4624006181784131,0.8302472196596059,0.8047040624773293
2,1000,6,0.5,655,0.8610423803329468,-0.8399903178215027,-0.13895761966705322,0.16000968217849731,0.8763159513473511,0.05305739365644699,0.45407890334310425,0.8315130824891307,0.8013292302046612
2,1000,6,0.5,656,0.8595370650291443,-0.8420053124427795,-0.1404629349708557,0.15799468755722046,0.875589907169342,0.05231259012258011,0.47226561920597926,0.8370427228178622,0.8006633877951503
2,1000,6,0.5,657,0.8614799380302429,-0.8410454392433167,-0.13852006196975708,0.15895456075668335,0.8695235252380371,0.054378210687031206,0.4593557337526095,0.8307351658712459,0.808317613128189
2,1000,6,0.5,658,0.8611627817153931,-0.8408830761909485,-0.13883721828460693,0.1591169238090515,0.8775015473365784,0.05433304619031845,0.472823575703632,0.8452680310676414,0.8035769390402968
2,1000,6,0.5,659,0.8609554767608643,-0.8427330255508423,-0.13904452323913574,0.15726697444915771,0.8813617825508118,0.053096511965765106,0.46615266810363615,0.8465955553174116,0.8030781092507175
2,1000,6,0.5,660,0.865980327129364,-0.8406630754470825,-0.134019672870636,0.15933692455291748,0.866610050201416,0.052314409932347525,0.45480467486268766,0.8300721077151869,0.8014283935576773
2,1000,6,0.5,661,0.8665146827697754,-0.8390747904777527,-0.1334853172302246,0.16092520952224731,0.8723543882369995,0.05505860599806677,0.46978357201813514,0.8332800549550967,0.8089452505644458
2,1000,6,0.5,662,0.8676643967628479,-0.8401455879211426,-0.1323356032371521,0.15985441207885742,0.8774266242980957,0.05298108616380063,0.4728799787904468,0.8397193046558249,0.8030951720077613
2,1000,6,0.5,663,0.867475152015686,-0.8421090841293335,-0.13252484798431396,0.1578909158706665,0.8741872310638428,0.056585095135766796,0.4745368733076758,0.8406789516589338,0.8166962724449738
2,1000,6,0.5,664,0.8654377460479736,-0.8425120115280151,-0.13456225395202637,0.15748798847198486,0.8646487593650818,0.05629556184989403,0.4667403483323456,0.8341440347651072,0.8131599240857457
2,1000,6,0.5,665,0.8625245094299316,-0.8415250182151794,-0.13747549057006836,0.15847498178482056,0.8781033754348755,0.053807076489411874,0.4669655195073452,0.8413938644266823,0.8046430681404076
2,1000,6,0.5,666,0.8597279191017151,-0.839739978313446,-0.1402720808982849,0.16026002168655396,0.884162187576294,0.05262674002444501,0.4612464523781344,0.8424577283872119,0.7999853957812818
2,1000,6,0.5,667,0.8608886003494263,-0.8376394510269165,-0.13911139965057373,0.1623605489730835,0.8745028972625732,0.052428576725598815,0.45247559763027767,0.8314520029164608,0.7964185858502486
2,1000,6,0.5,668,0.862995445728302,-0.8379245400428772,-0.137004554271698,0.1620754599571228,0.8697583675384521,0.05072137508837087,0.45853700003935444,0.8283311944920103,0.7927944625022176
2,1000,6,0.5,669,0.865676999092102,-0.836993932723999,-0.13432300090789795,0.16300606727600098,0.8592368364334106,0.054656648671175215,0.46955177069152415,0.828506728388061,0.8116234063451884
2,1000,6,0.5,670,0.8632797598838806,-0.8385500311851501,-0.13672024011611938,0.16144996881484985,0.8984869718551636,0.05409544943998022,0.48093646156313397,0.8586887237955397,0.8048852253760289
2,1000,6,0.5,671,0.8643278479576111,-0.8388713598251343,-0.13567215204238892,0.16112864017486572,0.8820252418518066,0.05682065069709669,0.4729598634912718,0.8429649108862896,0.8143161377844479
2,1000,6,0.5,672,0.8680698275566101,-0.8392834067344666,-0.1319301724433899,0.16071659326553345,0.873177170753479,0.05482934986735811,0.46869525929692196,0.8354310365949058,0.8111242059923587
2,1000,6,0.5,673,0.8715651035308838,-0.8389876484870911,-0.1284348964691162,0.16101235151290894,0.8781048655509949,0.055007887911607004,0.46989322995315214,0.8445535661866603,0.8109683121139057
2,1000,6,0.5,674,0.8714252710342407,-0.8394469022750854,-0.12857472896575928,0.16055309772491455,0.8824648261070251,0.05441125532901714,0.4620108941066116,0.8430552568447017,0.8065427344897248
2,1000,6,0.5,675,0.8676828742027283,-0.8400757312774658,-0.13231712579727173,0.15992426872253418,0.8864700794219971,0.05091379022754591,0.4553115336215397,0.8418810256692179,0.7942399389776104
2,1000,6,0.5,676,0.86557936668396,-0.837041974067688,-0.13442063331604004,0.162958025932312,0.8617799282073975,0.05295566804601623,0.4532058958762482,0.829330828046856,0.8015171602366618
2,1000,6,0.5,677,0.8639022707939148,-0.8361484408378601,-0.1360977292060852,0.1638515591621399,0.874981701374054,0.052952746490425286,0.4586597154951515,0.8388273561014185,0.8015041886774943
2,1000,6,0.5,678,0.8610988855361938,-0.8376073837280273,-0.13890111446380615,0.16239261627197266,0.8761922121047974,0.05161505242880977,0.45512648427584756,0.8297162477600938,0.7953727259432906
2,1000,6,0.5,679,0.8621800541877747,-0.8369836807250977,-0.13781994581222534,0.16301631927490234,0.889164924621582,0.052603922641031,0.4643937506588348,0.8451742526832756,0.801950893168347
2,1000,6,0.5,680,0.8647758364677429,-0.8357051014900208,-0.13522416353225708,0.16429489850997925,0.8820091485977173,0.05484592368608348,0.46041263043222,0.8463981902205734,0.8101053748488102
2,1000,6,0.5,681,0.865152895450592,-0.8337342143058777,-0.13484710454940796,0.16626578569412231,0.8747971057891846,0.05638908584383951,0.4651471861577541,0.8455693301636953,0.8140368517615336
2,1000,6,0.5,682,0.8636380434036255,-0.8358563780784607,-0.1363619565963745,0.1641436219215393,0.8874243497848511,0.055208228225025385,0.45907404874271845,0.8439624224059485,0.8072765994853912
2,1000,6,0.5,683,0.8606445789337158,-0.8376201391220093,-0.13935542106628418,0.16237986087799072,0.886327862739563,0.053460693989069205,0.4714789163648895,0.8444523668569388,0.8015839592897765
2,1000,6,0.5,684,0.8618595600128174,-0.8352242112159729,-0.13814043998718262,0.1647757887840271,0.8829253911972046,0.05618525487808484,0.4638056520880649,0.8434890992376958,0.8102298035716103
2,1000,6,0.5,685,0.8640943765640259,-0.8340755105018616,-0.13590562343597412,0.16592448949813843,0.8727821707725525,0.057970528091786135,0.47614983435582836,0.8463580787380797,0.8200441777392105
2,1000,6,0.5,686,0.8642004728317261,-0.833742082118988,-0.13579952716827393,0.16625791788101196,0.8817265033721924,0.055341889170730726,0.4718861232153167,0.848817482329867,0.8104574841447773
2,1000,6,0.5,687,0.8655138611793518,-0.8331791162490845,-0.1344861388206482,0.16682088375091553,0.8873534202575684,0.05670720921659027,0.49208835467693424,0.8550597103119667,0.8172180528325813
2,1000,6,0.5,688,0.866276204586029,-0.8329979181289673,-0.13372379541397095,0.16700208187103271,0.8907517790794373,0.060983136555671974,0.49990661971425326,0.8680288578718819,0.8304853223517721
2,1000,6,0.5,689,0.8668987154960632,-0.8333544135093689,-0.13310128450393677,0.1666455864906311,0.8795922994613647,0.06040522857481456,0.4987575276923515,0.8584678551507409,0.8288269531044955
2,1000,6,0.5,690,0.8650493621826172,-0.8349092602729797,-0.1349506378173828,0.16509073972702026,0.8952807784080505,0.055375141958513605,0.4774664712026812,0.8574789392133997,0.8065913748749481
2,1000,6,0.5,691,0.8648214340209961,-0.8348655700683594,-0.1351785659790039,0.16513442993164062,0.8689593076705933,0.05309934742932697,0.4636539162236214,0.8363596587532026,0.7971466314794261
2,1000,6,0.5,692,0.8656718134880066,-0.8358383774757385,-0.1343281865119934,0.16416162252426147,0.8781384229660034,0.05165886537681227,0.4574818689762462,0.8411795717320163,0.79524087510106
2,1000,6,0.5,693,0.8675065040588379,-0.8334085941314697,-0.1324934959411621,0.16659140586853027,0.8698519468307495,0.05593126181125274,0.47336226464129794,0.8414979462266396,0.8122962443207052
2,1000,6,0.5,694,0.8652917146682739,-0.8355032801628113,-0.13470828533172607,0.16449671983718872,0.8894781470298767,0.05698432494252634,0.48750534413718083,0.8543116565214594,0.8170467917479887
2,1000,6,0.5,695,0.8653810024261475,-0.836126983165741,-0.13461899757385254,0.16387301683425903,0.8801765441894531,0.05696166732234618,0.47099102040455243,0.8428638592318127,0.8174743593104377
2,1000,6,0.5,696,0.868735134601593,-0.8344248533248901,-0.13126486539840698,0.16557514667510986,0.8764278292655945,0.05442915268589828,0.46710854788687944,0.8422663169095175,0.8053016880322126
2,1000,6,0.5,697,0.8684484958648682,-0.8348287343978882,-0.13155150413513184,0.16517126560211182,0.8762155771255493,0.052687729416039754,0.47052748594359817,0.8428846499014824,0.7997238357745458
2,1000,6,0.5,698,0.8684582114219666,-0.8348754048347473,-0.13154178857803345,0.16512459516525269,0.8670112490653992,0.055381398720695516,0.4661282311245985,0.8336824738656563,0.8096798775286481
2,1000,6,0.5,699,0.867083728313446,-0.8339744210243225,-0.13291627168655396,0.1660255789756775,0.896081805229187,0.05634939366051493,0.4774322291532005,0.8572792063256125,0.8130877447382411
2,1000,6,0.5,700,0.8696928024291992,-0.8293761014938354,-0.13030719757080078,0.17062389850616455,0.8895331025123596,0.0650236448489657,0.5235202140198599,0.8764706013576874,0.8504740934332533
2,1000,6,0.5,701,0.8678807616233826,-0.8290662169456482,-0.13211923837661743,0.1709337830543518,0.8883582353591919,0.0639255732481303,0.5108099750344346,0.8715892691571665,0.8443706563808486
2,1000,6,0.5,702,0.8661270141601562,-0.8315944075584412,-0.13387298583984375,0.16840559244155884,0.8821498155593872,0.055528931048510054,0.4681310724967389,0.8396063027035057,0.8113452949010804
2,1000,6,0.5,703,0.8659425973892212,-0.8320041298866272,-0.1340574026107788,0.1679958701133728,0.8795728087425232,0.05589870892512942,0.4611495895182787,0.8358798908262149,0.8128973369655607
2,1000,6,0.5,704,0.8668832778930664,-0.8305199146270752,-0.1331167221069336,0.1694800853729248,0.8827394843101501,0.05413363913280149,0.4790028866630579,0.8441810619920643,0.8063979990016343
2,1000,6,0.5,705,0.8669498562812805,-0.8295984864234924,-0.13305014371871948,0.17040151357650757,0.8802684545516968,0.05392250015918695,0.4679901105087067,0.8432209163889904,0.8059602810900018
2,1000,6,0.5,706,0.8698960542678833,-0.8281890749931335,-0.1301039457321167,0.17181092500686646,0.8787214756011963,0.06015761028798076,0.4906223882468956,0.8519608613189391,0.8303244227015774
2,1000,6,0.5,707,0.8692463040351868,-0.8295630812644958,-0.13075369596481323,0.17043691873550415,0.8952031135559082,0.05680389493489099,0.4902376555796434,0.859362797926618,0.8129100199501977
2,1000,6,0.5,708,0.8689725995063782,-0.8289089202880859,-0.13102740049362183,0.17109107971191406,0.8729554414749146,0.058161371699742614,0.4791000948405457,0.8431862785763029,0.8178753309295781
2,1000,6,0.5,709,0.8657609224319458,-0.8312131762504578,-0.1342390775680542,0.16878682374954224,0.8768374919891357,0.0557683522090135,0.4673707008861468,0.8439315053227072,0.8091781861651485
2,1000,6,0.5,710,0.8660306334495544,-0.8314560651779175,-0.13396936655044556,0.16854393482208252,0.9143908023834229,0.05708923447467638,0.49983791431784735,0.8713939778923099,0.8125190269454533
2,1000,6,0.5,711,0.8679316639900208,-0.8310209512710571,-0.13206833600997925,0.16897904872894287,0.8759753108024597,0.05626115147872858,0.4628850902509915,0.8327669216756268,0.814206718994446
2,1000,6,0.5,712,0.8664124608039856,-0.8319361805915833,-0.1335875391960144,0.16806381940841675,0.8798828125,0.0557255574140078,0.4738436450851907,0.8478304214915784,0.8128023786359482
2,1000,6,0.5,713,0.8638876080513,-0.8336662650108337,-0.13611239194869995,0.16633373498916626,0.8796384930610657,0.05912388297861222,0.48063209877264224,0.8449176640193603,0.8248306850628788
2,1000,6,0.5,714,0.8610568046569824,-0.835415244102478,-0.13894319534301758,0.16458475589752197,0.8822818994522095,0.0555090811595826,0.47705176628892276,0.8427285263904184,0.8045336167342811
2,1000,6,0.5,715,0.8644161820411682,-0.8355221748352051,-0.1355838179588318,0.16447782516479492,0.8868312835693359,0.05944793239493337,0.48700262867548844,0.8570500343593328,0.8240850206925348
2,1000,6,0.5,716,0.8601849675178528,-0.8389389514923096,-0.13981503248214722,0.16106104850769043,0.8938297033309937,0.05426501350971068,0.4782386640731918,0.8470347172525843,0.8043104196223388
2,1000,6,0.5,717,0.8613383173942566,-0.8385652899742126,-0.1386616826057434,0.16143471002578735,0.8782324194908142,0.0521695137184593,0.4496256736913056,0.8307922453490181,0.7977499395170714
2,1000,6,0.5,718,0.864871621131897,-0.8368356823921204,-0.13512837886810303,0.16316431760787964,0.8833799362182617,0.05357689557184707,0.46553138587929693,0.8487233864238322,0.8051040713159562
2,1000,6,0.5,719,0.866540789604187,-0.8361222147941589,-0.133459210395813,0.16387778520584106,0.8866058588027954,0.05936318439393607,0.4957971212744044,0.8636081515386355,0.8254388999150609
2,1000,6,0.5,720,0.8647428154945374,-0.8380162119865417,-0.13525718450546265,0.16198378801345825,0.86789470911026,0.05433214601406463,0.4630263957705648,0.8337698248670834,0.8058824968950052
2,1000,6,0.5,721,0.8666828870773315,-0.8371917009353638,-0.13331711292266846,0.16280829906463623,0.8855950832366943,0.05214250177143382,0.4595770518323856,0.846143456125783,0.7982870095473652
2,1000,6,0.5,722,0.8686036467552185,-0.8342664241790771,-0.1313963532447815,0.16573357582092285,0.8786603212356567,0.059981077239802005,0.48570463651916623,0.8494651771360942,0.825969866408429
2,1000,6,0.5,723,0.8669456243515015,-0.8354945182800293,-0.13305437564849854,0.1645054817199707,0.887640655040741,0.0568863098620942,0.4933905085419274,0.8595240249887689,0.8146954944029493
2,1000,6,0.5,724,0.8703320622444153,-0.8350075483322144,-0.12966793775558472,0.16499245166778564,0.8824093341827393,0.05307343166769999,0.46266481189921776,0.8422058311602689,0.7996831481788013
2,1000,6,0.5,725,0.8746914863586426,-0.834071934223175,-0.12530851364135742,0.16592806577682495,0.8706218600273132,0.05385670742864803,0.46197802751151357,0.8345214006200428,0.804054974785943
2,1000,6,0.5,726,0.8774262070655823,-0.8366823792457581,-0.12257379293441772,0.16331762075424194,0.8873006105422974,0.05646389587533014,0.47792535247176715,0.8518345357995707,0.8130385436870854
2,1000,6,0.5,727,0.8800287246704102,-0.8388282656669617,-0.11997127532958984,0.16117173433303833,0.8804657459259033,0.057939679317832435,0.47495608668271827,0.845849883227595,0.8177482751669553
2,1000,6,0.5,728,0.8808966279029846,-0.8392829298973083,-0.11910337209701538,0.16071707010269165,0.8769227862358093,0.0587494693756478,0.4817198121140589,0.8477372151243923,0.8165739778809784
2,1000,6,0.5,729,0.8800451755523682,-0.8406776189804077,-0.11995482444763184,0.15932238101959229,0.878925085067749,0.05543260484493645,0.4661248180692631,0.8419554992559017,0.8091311502015528
2,1000,6,0.5,730,0.8792311549186707,-0.838830292224884,-0.12076884508132935,0.16116970777511597,0.8744924664497375,0.05627580541251598,0.47202062509607656,0.8436409047468573,0.8128828950572494
2,1000,6,0.5,731,0.8781141042709351,-0.8396300673484802,-0.12188589572906494,0.16036993265151978,0.8791053295135498,0.05282531000642398,0.4511918357125924,0.8325272318447091,0.7969346667661158
2,1000,6,0.5,732,0.8800303936004639,-0.8358975052833557,-0.11996960639953613,0.1641024947166443,0.8822886943817139,0.05478319388583188,0.46493828922192704,0.8429505423657281,0.8056970926174745
2,1000,6,0.5,733,0.8778427243232727,-0.8351063132286072,-0.1221572756767273,0.16489368677139282,0.8824144601821899,0.052833088676858424,0.458508645760265,0.8367956348858988,0.8017505507945336
2,1000,6,0.5,734,0.8804226517677307,-0.834404468536377,-0.11957734823226929,0.16559553146362305,0.8770484924316406,0.05636162219166869,0.4753281503395261,0.8468286607865685,0.8117266267601276
2,1000,6,0.5,735,0.8840725421905518,-0.8345053195953369,-0.11592745780944824,0.16549468040466309,0.887458324432373,0.061372573193752715,0.49712679062565185,0.8611479908421389,0.8279283519945514
2,1000,6,0.5,736,0.8834025859832764,-0.8347360491752625,-0.11659741401672363,0.16526395082473755,0.8946300148963928,0.058679962816075674,0.4948710592845831,0.8668342519662988,0.8187804302300311
2,1000,6,0.5,737,0.8822728395462036,-0.8356348276138306,-0.11772716045379639,0.16436517238616943,0.8831936120986938,0.054228439694082704,0.4679215502219016,0.8494200666324783,0.8052228010098893
2,1000,6,0.5,738,0.8832002878189087,-0.8338809609413147,-0.11679971218109131,0.1661190390586853,0.8783842921257019,0.057024699062271256,0.4694096630714391,0.847567023867548,0.813389924432091
2,1000,6,0.5,739,0.8845598697662354,-0.8327280879020691,-0.11544013023376465,0.1672719120979309,0.8861393928527832,0.06061590138378546,0.5000743837772329,0.8668480225136486,0.8289704781586809
2,1000,6,0.5,740,0.883805513381958,-0.8338463306427002,-0.11619448661804199,0.1661536693572998,0.8810360431671143,0.0589154630526244,0.48463621121618566,0.8507536803938811,0.8237297338044882
2,1000,6,0.5,741,0.8819541931152344,-0.8353472352027893,-0.11804580688476562,0.1646527647972107,0.8788368701934814,0.05511233375218307,0.4614694781341339,0.8429481349189473,0.8062877125187721
2,1000,6,0.5,742,0.8809066414833069,-0.8326531052589417,-0.11909335851669312,0.16734689474105835,0.8782825469970703,0.056472340028680096,0.474401516117008,0.8457440853695846,0.8117074517235141
2,1000,6,0.5,743,0.8785805702209473,-0.8342769145965576,-0.12141942977905273,0.16572308540344238,0.8830047845840454,0.05426528233604268,0.46326803682014644,0.8431002238503054,0.8045686471711189
2,1000,6,0.5,744,0.8813498616218567,-0.8330317139625549,-0.11865013837814331,0.16696828603744507,0.8593184947967529,0.056583491127861096,0.47778408062291516,0.8394825391998757,0.8136636586157621
2,1000,6,0.5,745,0.8821079134941101,-0.8330016136169434,-0.11789208650588989,0.16699838638305664,0.8851032853126526,0.05752651230015776,0.47021897780787286,0.8462720033588599,0.8147223956431613
2,1000,6,0.5,746,0.8829159140586853,-0.8334735631942749,-0.1170840859413147,0.1665264368057251,0.8780786991119385,0.05590256155118698,0.4823832972310349,0.8477968096654809,0.8105414965644984
2,1000,6,0.5,747,0.8843153119087219,-0.8326248526573181,-0.11568468809127808,0.16737514734268188,0.8722528219223022,0.052930586056958634,0.46192047320883345,0.839603161464447,0.8008919670021788
2,1000,6,0.5,748,0.8858423233032227,-0.8322980403900146,-0.11415767669677734,0.16770195960998535,0.8748090267181396,0.05656160612841951,0.47127113027674866,0.8430048141459889,0.8146486124989276
2,1000,6,0.5,749,0.8862683176994324,-0.8329983949661255,-0.11373168230056763,0.1670016050338745,0.8948243856430054,0.05491676774624241,0.46412775724032834,0.8488765261473025,0.8040971083710715
2,1000,6,0.5,750,0.8841327428817749,-0.8357290029525757,-0.1158672571182251,0.16427099704742432,0.8942087292671204,0.053553310205529676,0.47508678492716483,0.8470197832207066,0.8017291907232447
2,1000,6,0.5,751,0.8866181969642639,-0.8352696895599365,-0.11338180303573608,0.16473031044006348,0.874798059463501,0.060871671074051,0.49769869617104406,0.8534984515409841,0.8341612012743963
2,1000,6,0.5,752,0.8877564668655396,-0.8354878425598145,-0.11224353313446045,0.16451215744018555,0.8971718549728394,0.06588854521576806,0.52714847399987,0.8815322205764093,0.84941789841704
2,1000,6,0.5,753,0.888648509979248,-0.8365979790687561,-0.11135149002075195,0.1634020209312439,0.8777318596839905,0.059382255696733596,0.49393903886856266,0.8592893944039068,0.8239683574876167
2,1000,6,0.5,754,0.8885263800621033,-0.8348740339279175,-0.11147361993789673,0.16512596607208252,0.8796919584274292,0.0576278661369208,0.47612962307911955,0.8477878130548442,0.8176396788857387
2,1000,6,0.5,755,0.8855141997337341,-0.8349055647850037,-0.11448580026626587,0.16509443521499634,0.8726766705513,0.05564333960674078,0.4723560244039383,0.8453508500097209,0.8098159321770909
2,1000,6,0.5,756,0.8844426274299622,-0.8332126140594482,-0.11555737257003784,0.16678738594055176,0.8850418925285339,0.05862773355859337,0.4871089119259915,0.8573700328517266,0.8208275421053219
2,1000,6,0.5,757,0.8836857080459595,-0.8314877152442932,-0.11631429195404053,0.1685122847557068,0.8796652555465698,0.06126621356215452,0.5047748550832846,0.8598924753918206,0.834332413339202
2,1000,6,0.5,758,0.8827634453773499,-0.8324393630027771,-0.11723655462265015,0.1675606369972229,0.8921722173690796,0.05911827662822119,0.49472854630670027,0.8636698806589255,0.8229978458108467
2,1000,6,0.5,759,0.8840521574020386,-0.8313716650009155,-0.11594784259796143,0.16862833499908447,0.8862379193305969,0.05820715407524016,0.48696139824685025,0.8560503140171309,0.8198319825905508
2,1000,6,0.5,760,0.8854687213897705,-0.8308345079421997,-0.11453127861022949,0.1691654920578003,0.8746575117111206,0.056247178352109156,0.46855257954892765,0.8430966145723587,0.8118677819653123
2,1000,6,0.5,761,0.8897423148155212,-0.8295770287513733,-0.11025768518447876,0.1704229712486267,0.8786931037902832,0.05935791494713459,0.4943107640820101,0.8591255668276672,0.822892082932316
2,1000,6,0.5,762,0.8911958932876587,-0.8297492265701294,-0.10880410671234131,0.1702507734298706,0.8953791856765747,0.06569258157587402,0.5315879680996362,0.8805037609719062,0.84965657763683
2,1000,6,0.5,763,0.8925949931144714,-0.831423282623291,-0.10740500688552856,0.16857671737670898,0.9026889801025391,0.06246242800070523,0.5111544486825146,0.8733022708113727,0.8372550800590386
2,1000,6,0.5,764,0.8913553357124329,-0.834193766117096,-0.10864466428756714,0.16580623388290405,0.8923498392105103,0.058406906861347516,0.48215697511339506,0.855502064701829,0.8232391395641862
2,1000,6,0.5,765,0.8920084238052368,-0.8345239162445068,-0.10799157619476318,0.16547608375549316,0.9086687564849854,0.06385123088427921,0.5378083410833289,0.8870514146689034,0.8413684061782367
2,1000,6,0.5,766,0.8919992446899414,-0.834379255771637,-0.1080007553100586,0.16562074422836304,0.8932358026504517,0.07082359187591404,0.5406697421438352,0.8818234985414626,0.8664869219540363
2,1000,6,0.5,767,0.8913682103157043,-0.8370517492294312,-0.10863178968429565,0.16294825077056885,0.903427243232727,0.066694633709819,0.5468215555232835,0.8933248255490572,0.8503138847569544
2,1000,6,0.5,768,0.8919908404350281,-0.8399385809898376,-0.10800915956497192,0.16006141901016235,0.8745498657226562,0.05797030938562126,0.47613810804122525,0.8486459216470251,0.8139234498080042
2,1000,6,0.5,769,0.8902754187583923,-0.8415541052818298,-0.10972458124160767,0.15844589471817017,0.8890198469161987,0.0546301267982758,0.46448045492002893,0.8437436987979691,0.8031940697395716
2,1000,6,0.5,770,0.8906557559967041,-0.8400442004203796,-0.1093442440032959,0.15995579957962036,0.8777331113815308,0.053126386960739604,0.46585174705420845,0.8390401834668049,0.8017686370136132
2,1000,6,0.5,771,0.890220046043396,-0.8383721113204956,-0.109779953956604,0.1616278886795044,0.877728283405304,0.05940822793686901,0.4789765233816595,0.8516766469570163,0.8242411383839299
2,1000,6,0.5,772,0.8870436549186707,-0.8392271995544434,-0.11295634508132935,0.16077280044555664,0.8874455690383911,0.05927001428284071,0.48920856402184987,0.8617864530932258,0.8186458668186817
2,1000,6,0.5,773,0.8864638209342957,-0.8392302393913269,-0.11353617906570435,0.1607697606086731,0.8792237639427185,0.05757950861334072,0.47250884366542434,0.8497703916617848,0.8143619892720897
2,1000,6,0.5,774,0.8888569474220276,-0.8374103903770447,-0.11114305257797241,0.16258960962295532,0.8772233724594116,0.06012078279885166,0.4783342895558411,0.8521309053833486,0.8273635941589185
2,1000,6,0.5,775,0.88840651512146,-0.8382773399353027,-0.11159348487854004,0.16172266006469727,0.8974760174751282,0.05998700895641276,0.4952041976072239,0.8697671978762398,0.823105631259218
2,1000,6,0.5,776,0.8885572552680969,-0.8384775519371033,-0.11144274473190308,0.16152244806289673,0.8761776089668274,0.05889618327271193,0.48007290514006684,0.851110483190389,0.82076296895359
2,1000,6,0.5,777,0.8885079622268677,-0.8387516736984253,-0.11149203777313232,0.1612483263015747,0.8910216093063354,0.06041410447700267,0.49100680497256044,0.8671904156368861,0.8281837364999728
2,1000,6,0.5,778,0.8882185816764832,-0.8401053547859192,-0.11178141832351685,0.1598946452140808,0.8753963708877563,0.05993811353704003,0.4887676264138119,0.8551100176287144,0.8252555548605877
2,1000,6,0.5,779,0.8884572386741638,-0.8392079472541809,-0.11154276132583618,0.1607920527458191,0.879341721534729,0.0621063884089517,0.49044289909972233,0.8554928135803128,0.8333349514772994
2,1000,6,0.5,780,0.8859173059463501,-0.8383047580718994,-0.1140826940536499,0.16169524192810059,0.8936319351196289,0.061259373581669004,0.5011472342838905,0.8716769249298796,0.8271949757020728
2,1000,6,0.5,781,0.8876189589500427,-0.8380575776100159,-0.11238104104995728,0.16194242238998413,0.8892629146575928,0.06052256118186889,0.49622555087451536,0.8604555346050625,0.8261513985590206
2,1000,6,0.5,782,0.8907732367515564,-0.8345053195953369,-0.1092267632484436,0.16549468040466309,0.8830671906471252,0.061329284269471956,0.49065916550069866,0.8620311923803605,0.8288258320448135
2,1000,6,0.5,783,0.8884087204933167,-0.8351775407791138,-0.11159127950668335,0.16482245922088623,0.8923803567886353,0.05763217640201873,0.4706196839630525,0.853744593001426,0.8164536086171534
2,1000,6,0.5,784,0.889367401599884,-0.8359296321868896,-0.11063259840011597,0.16407036781311035,0.9078415632247925,0.06049171382473312,0.49491918806147955,0.8810559954677016,0.823911447077904
2,1000,6,0.5,785,0.8897510170936584,-0.8363126516342163,-0.11024898290634155,0.1636873483657837,0.8855892419815063,0.059575347312441615,0.48066059708297115,0.8570754651446343,0.825950117214405
2,1000,6,0.5,786,0.8921406865119934,-0.8350827097892761,-0.10785931348800659,0.16491729021072388,0.8816927671432495,0.059888417421019205,0.4926667853154884,0.8687094715910496,0.8233419093238997
2,1000,6,0.5,787,0.8917757272720337,-0.8360455632209778,-0.10822427272796631,0.16395443677902222,0.9015389680862427,0.058300235273572636,0.4870207464402536,0.8709701637982553,0.8153821317295479
2,1000,6,0.5,788,0.8948015570640564,-0.8359526991844177,-0.1051984429359436,0.16404730081558228,0.8802472352981567,0.05898466934445644,0.475838805596863,0.8541114994790066,0.8254482350815716
2,1000,6,0.5,789,0.8939981460571289,-0.8369383215904236,-0.1060018539428711,0.16306167840957642,0.8841671943664551,0.059282158292975826,0.48504813300088523,0.8603884883031995,0.8226655708462479
2,1000,6,0.5,790,0.8938315510749817,-0.8385024666786194,-0.10616844892501831,0.16149753332138062,0.8893028497695923,0.059103488459604746,0.48600104373992964,0.8627824064611584,0.819721491538637
2,1000,6,0.5,791,0.8936066627502441,-0.8387770056724548,-0.10639333724975586,0.16122299432754517,0.9139363765716553,0.062392047793062407,0.5083160037154416,0.8859618229601771,0.8319532246703939
2,1000,6,0.5,792,0.895150899887085,-0.83908611536026,-0.10484910011291504,0.16091388463974,0.8855551481246948,0.05534550896591467,0.4642148337304308,0.8429148117536875,0.8030072663568085
2,1000,6,0.5,793,0.8947383165359497,-0.8358142971992493,-0.10526168346405029,0.16418570280075073,0.8934099078178406,0.058760722117889144,0.4787949744292115,0.8589442768251,0.8167504783212945
2,1000,6,0.5,794,0.8926019668579102,-0.8362801671028137,-0.10739803314208984,0.16371983289718628,0.8818525075912476,0.05862677771401185,0.48077112807878336,0.854673689255497,0.8153387526572546
2,1000,6,0.5,795,0.8909033536911011,-0.8372105956077576,-0.10909664630889893,0.16278940439224243,0.8928014636039734,0.058559538240409756,0.4710627717288057,0.8526365744950319,0.817146835684733
2,1000,6,0.5,796,0.8891296982765198,-0.8374940156936646,-0.11087030172348022,0.16250598430633545,0.8927102088928223,0.05772702924050884,0.4846593685651133,0.8645739790273729,0.8180181018594918
2,1000,6,0.5,797,0.889782190322876,-0.8383633494377136,-0.11021780967712402,0.16163665056228638,0.8861452341079712,0.05780987890503284,0.46382676152065017,0.8515398312198674,0.8166202361896195
2,1000,6,0.5,798,0.8936792016029358,-0.8384486436843872,-0.10632079839706421,0.1615513563156128,0.8890976309776306,0.0625296780421758,0.49602914825934424,0.8639361028145394,0.8350459540922069
2,1000,6,0.5,799,0.8972427248954773,-0.8388265371322632,-0.1027572751045227,0.16117346286773682,0.898053765296936,0.06521500725665423,0.5147444772385654,0.8792890140948881,0.8444295436577129
2,1000,6,0.5,800,0.8994269371032715,-0.8381845355033875,-0.10057306289672852,0.16181546449661255,0.8941738605499268,0.06514210171652988,0.5204447744232352,0.8778870862042396,0.8458201903955437
2,1000,6,0.5,801,0.9004690647125244,-0.8393219709396362,-0.09953093528747559,0.16067802906036377,0.8881794214248657,0.06768684726197194,0.5310059282113465,0.8850402892222305,0.8515604996538615
2,1000,6,0.5,802,0.8999583721160889,-0.8398852348327637,-0.10004162788391113,0.16011476516723633,0.8883659839630127,0.06640976798147498,0.5228686867784053,0.8792099949099597,0.8483207942515056
2,1000,6,0.5,803,0.8974614143371582,-0.8411679267883301,-0.1025385856628418,0.15883207321166992,0.8792504072189331,0.06205853193608067,0.49077976854637007,0.863858514297182,0.8308275456492688
2,1000,6,0.5,804,0.8968743085861206,-0.843126654624939,-0.1031256914138794,0.15687334537506104,0.8842929005622864,0.06025847007341715,0.48854024643635907,0.8563874691805426,0.8254785980252447
2,1000,6,0.5,805,0.8983781337738037,-0.8421955108642578,-0.10162186622619629,0.1578044891357422,0.8878810405731201,0.06196173240204586,0.49153753462796634,0.870550961769557,0.8312555580974027
2,1000,6,0.5,806,0.9003252387046814,-0.8422538638114929,-0.0996747612953186,0.15774613618850708,0.8965818881988525,0.06452897806385532,0.5195046602473287,0.8835618255722284,0.8414859327697631
2,1000,6,0.5,807,0.90202397108078,-0.8419812321662903,-0.09797602891921997,0.15801876783370972,0.8876932859420776,0.06630472148167266,0.5161247196849597,0.8766657067205831,0.8481958756450219
2,1000,6,0.5,808,0.898421049118042,-0.8417049646377563,-0.10157895088195801,0.15829503536224365,0.8825393915176392,0.06223218298736741,0.5053076262248313,0.8661106539551718,0.8337172325188601
2,1000,6,0.5,809,0.8965049982070923,-0.8400455117225647,-0.10349500179290771,0.1599544882774353,0.8831192255020142,0.06610790492858437,0.5157386672420603,0.871136589182892,0.8475824101696513
2,1000,6,0.5,810,0.8927879929542542,-0.8412708044052124,-0.10721200704574585,0.1587291955947876,0.8888554573059082,0.06582450695840344,0.5257187533698517,0.8809831230084356,0.8454303328659308
2,1000,6,0.5,811,0.8939189314842224,-0.8401677012443542,-0.10608106851577759,0.15983229875564575,0.8806146383285522,0.06465771354695315,0.499144748308072,0.8665090000482862,0.8413830462235863
2,1000,6,0.5,812,0.8943703174591064,-0.8392837047576904,-0.10562968254089355,0.16071629524230957,0.8906093239784241,0.06515186611102104,0.5068588123839244,0.8743187821768317,0.840667399172145
2,1000,6,0.5,813,0.8949136137962341,-0.8399559259414673,-0.10508638620376587,0.16004407405853271,0.8877211213111877,0.06358529115779142,0.4878503101638897,0.8637664805051761,0.834274726973192
2,1000,6,0.5,814,0.8937425017356873,-0.841094434261322,-0.10625749826431274,0.15890556573867798,0.9090149402618408,0.06363971594560987,0.5054416931697969,0.8832436931515801,0.8342938273512491
2,1000,6,0.5,815,0.8932875990867615,-0.8408324718475342,-0.10671240091323853,0.15916752815246582,0.9043922424316406,0.06385979410229879,0.5061872730367818,0.8828279757183413,0.8386166486049631
2,1000,6,0.5,816,0.892640233039856,-0.8414072394371033,-0.10735976696014404,0.15859276056289673,0.875528872013092,0.061582072473640496,0.4847563771624317,0.8533387747578648,0.8298023173425164
2,1000,6,0.5,817,0.8920803666114807,-0.8408003449440002,-0.10791963338851929,0.15919965505599976,0.8858817219734192,0.05839088927983553,0.478034975665025,0.8542113185210192,0.8146100696075641
2,1000,6,0.5,818,0.8955746293067932,-0.8402442336082458,-0.10442537069320679,0.15975576639175415,0.8922924399375916,0.05843552290158838,0.47629550098220536,0.8611365168928645,0.8169050729149159
2,1000,6,0.5,819,0.8966256380081177,-0.8415164351463318,-0.10337436199188232,0.1584835648536682,0.8901364207267761,0.059350854006507955,0.4731197773976294,0.8541307865349032,0.820336849515587
2,1000,6,0.5,820,0.898779571056366,-0.8424464464187622,-0.10122042894363403,0.1575535535812378,0.9007997512817383,0.06274302018547677,0.5050509848097596,0.8802255486281086,0.8317568040509079
2,1000,6,0.5,821,0.8992197513580322,-0.8416058421134949,-0.10078024864196777,0.15839415788650513,0.9024268388748169,0.06438938483752765,0.5149019923731524,0.8844089657143778,0.8393452710187282
2,1000,6,0.5,822,0.8985491991043091,-0.8423323631286621,-0.10145080089569092,0.1576676368713379,0.882900595664978,0.06002329190686829,0.48194887823557164,0.8536586002105767,0.8261275917551509
2,1000,6,0.5,823,0.8972386121749878,-0.8426684737205505,-0.10276138782501221,0.15733152627944946,0.8901236057281494,0.059466943093310985,0.48300978101214226,0.8656923308246107,0.8211514905134796
2,1000,6,0.5,824,0.896725058555603,-0.8423169851303101,-0.10327494144439697,0.15768301486968994,0.8835148811340332,0.059105272691331597,0.48285093409808283,0.8603061205017412,0.8170248942172881
2,1000,6,0.5,825,0.8977001905441284,-0.8439127206802368,-0.10229980945587158,0.15608727931976318,0.8815536499023438,0.0563584175378434,0.45996737911842805,0.8494119951955245,0.8070184566222386
2,1000,6,0.5,826,0.8981297016143799,-0.8458455204963684,-0.10187029838562012,0.1541544795036316,0.879057765007019,0.05716874190710326,0.4663633291777138,0.8443262575085604,0.813737310309454
2,1000,6,0.5,827,0.8988330364227295,-0.8459919095039368,-0.10116696357727051,0.15400809049606323,0.8911036252975464,0.06136112424536257,0.4839245169065437,0.8661490406557217,0.8289151816926525
2,1000,6,0.5,828,0.8994631171226501,-0.8453044891357422,-0.10053688287734985,0.1546955108642578,0.8978198766708374,0.06057479368332,0.48446174752674326,0.8728353382527798,0.822139758313709
2,1000,6,0.5,829,0.9012036919593811,-0.8461478352546692,-0.0987963080406189,0.1538521647453308,0.8815450668334961,0.05938357065118819,0.4744437494802959,0.8576640754864067,0.8203524323094344
2,1000,6,0.5,830,0.9036768674850464,-0.8460880517959595,-0.09632313251495361,0.15391194820404053,0.8964138031005859,0.057084533884470094,0.46356239778401587,0.8580542082115586,0.8143453921336361
2,1000,6,0.5,831,0.9043455719947815,-0.843738853931427,-0.0956544280052185,0.156261146068573,0.9027040004730225,0.05791198430600057,0.48893730506568805,0.8759668720797782,0.8129397106689691
2,1000,6,0.5,832,0.9060137867927551,-0.8428220152854919,-0.09398621320724487,0.15717798471450806,0.8873170614242554,0.05764051768239329,0.46664529548127653,0.8475313617805708,0.8147108808437695
2,1000,6,0.5,833,0.9069968461990356,-0.8425195813179016,-0.09300315380096436,0.1574804186820984,0.9025851488113403,0.05781604434870691,0.485172418282501,0.8674289737275044,0.8185177932242268
2,1000,6,0.5,834,0.909999668598175,-0.8422802686691284,-0.09000033140182495,0.15771973133087158,0.8826620578765869,0.058625707267182234,0.4853168203428011,0.8522367917215108,0.8225059677298577
2,1000,6,0.5,835,0.9105665683746338,-0.8440757989883423,-0.08943343162536621,0.15592420101165771,0.8801692128181458,0.05741068387133883,0.47115399922698387,0.8548205515958799,0.8123013881474448
2,1000,6,0.5,836,0.9106624722480774,-0.8434976935386658,-0.08933752775192261,0.15650230646133423,0.8971569538116455,0.0621429083363638,0.4965875276160393,0.8756293591448261,0.8299699533720509
2,1000,6,0.5,837,0.9111620783805847,-0.8420170545578003,-0.08883792161941528,0.1579829454421997,0.9098877906799316,0.06810928176126109,0.5336051979119059,0.9065094066406519,0.852157896233741
2,1000,6,0.5,838,0.9089983701705933,-0.8449876308441162,-0.09100162982940674,0.1550123691558838,0.8885209560394287,0.062446390250741106,0.48842530070252665,0.8716784221270149,0.8323359518373857
2,1000,6,0.5,839,0.9032319188117981,-0.8477716445922852,-0.0967680811882019,0.15222835540771484,0.8904625177383423,0.05900204209792706,0.4742895527532304,0.8579665708389692,0.8188137804749763
2,1000,6,0.5,840,0.9030529856681824,-0.8479025363922119,-0.09694701433181763,0.15209746360778809,0.8919996023178101,0.05773043456333638,0.47725003323535353,0.8608455689193849,0.8139274645402867
2,1000,6,0.5,841,0.9035422801971436,-0.8475154638290405,-0.09645771980285645,0.15248453617095947,0.8888397812843323,0.06006892224925112,0.48702423805248435,0.8687513954423582,0.8220587963338911
2,1000,6,0.5,842,0.9044466614723206,-0.8481449484825134,-0.09555333852767944,0.15185505151748657,0.8843370676040649,0.0593041503101662,0.47486131160184103,0.8555901637809157,0.8217088034347186
2,1000,6,0.5,843,0.9065690040588379,-0.8473935127258301,-0.09343099594116211,0.15260648727416992,0.8893946409225464,0.06240964349187519,0.5000196549653227,0.872118164984508,0.8329132223506188
2,1000,6,0.5,844,0.90859454870224,-0.8475539088249207,-0.09140545129776001,0.15244609117507935,0.8858874440193176,0.06346075383600763,0.49034260754563846,0.8623885235245337,0.8408541281436851
2,1000,6,0.5,845,0.9080219864845276,-0.8476495742797852,-0.09197801351547241,0.15235042572021484,0.9089246988296509,0.06263947463008558,0.5102546442872457,0.8859248027254003,0.8312304110063764
2,1000,6,0.5,846,0.9034748077392578,-0.8491635322570801,-0.09652519226074219,0.15083646774291992,0.8944249153137207,0.05855646098962061,0.4629666132494749,0.8533554783579325,0.8167062506563117
2,1000,6,0.5,847,0.9010512232780457,-0.8477780222892761,-0.09894877672195435,0.15222197771072388,0.8966208696365356,0.06040866012989973,0.4866775660280194,0.8712236146535866,0.8241731879313259
2,1000,6,0.5,848,0.9007676839828491,-0.8490456342697144,-0.09923231601715088,0.15095436573028564,0.9023215770721436,0.0630782868395246,0.49365341666900237,0.876673335819334,0.8335238597081671
2,1000,6,0.5,849,0.9021483063697815,-0.8491159081459045,-0.0978516936302185,0.15088409185409546,0.8952984809875488,0.06177003733519602,0.48851340690571504,0.8703680629226415,0.8288420349264828
2,1000,6,0.5,850,0.9031932353973389,-0.8498198390007019,-0.09680676460266113,0.1501801609992981,0.8914889693260193,0.06093703631782709,0.47334214229687005,0.8580435552079924,0.8293018775974295
2,1000,6,0.5,851,0.9038072228431702,-0.8497921228408813,-0.09619277715682983,0.15020787715911865,0.893423855304718,0.06432972174995764,0.515257618089315,0.8842786828566495,0.8387758306041322
2,1000,6,0.5,852,0.9014771580696106,-0.8533421754837036,-0.0985228419303894,0.1466578245162964,0.9033244848251343,0.06361504606688848,0.49898743752133995,0.8857515256461977,0.8324467121041127
2,1000,6,0.5,853,0.9041444063186646,-0.8518654704093933,-0.09585559368133545,0.1481345295906067,0.889224112033844,0.06685051617009999,0.5102893519005053,0.8839670446731464,0.8467148873854815
2,1000,6,0.5,854,0.902423083782196,-0.8522676229476929,-0.09757691621780396,0.14773237705230713,0.8967180848121643,0.06361788495322258,0.49386110959756585,0.8802400049922346,0.8350074142547601
2,1000,6,0.5,855,0.8997713923454285,-0.8531338572502136,-0.10022860765457153,0.14686614274978638,0.9050785899162292,0.06414751072611267,0.5073004923647038,0.8841682317938058,0.836183497907306
2,1000,6,0.5,856,0.8990911245346069,-0.8504629731178284,-0.10090887546539307,0.14953702688217163,0.899714469909668,0.06857157022781003,0.523781244556214,0.8934383732026031,0.8541298838691853
2,1000,6,0.5,857,0.900566816329956,-0.8488695025444031,-0.09943318367004395,0.15113049745559692,0.8823720216751099,0.06756375863465819,0.5196137275283076,0.8815840224253132,0.8568198466586526
2,1000,6,0.5,858,0.9019978642463684,-0.8503240942955017,-0.09800213575363159,0.1496759057044983,0.9103751182556152,0.06883777792736501,0.534689262244634,0.9043838698634796,0.8524973557904665
2,1000,6,0.5,859,0.9046675562858582,-0.8509932160377502,-0.09533244371414185,0.14900678396224976,0.9113392233848572,0.0762735504047336,0.5740999420867392,0.9225419906082811,0.8800856354833994
2,1000,6,0.5,860,0.9059315323829651,-0.8504582643508911,-0.09406846761703491,0.1495417356491089,0.8973240256309509,0.06690687832788465,0.5103062816245109,0.886204342018045,0.846709950426078
2,1000,6,0.5,861,0.9087783098220825,-0.84770667552948,-0.09122169017791748,0.15229332447052002,0.9010144472122192,0.06483368396696503,0.5098600509162735,0.8831365829033515,0.8403990303593203
2,1000,6,0.5,862,0.9095526933670044,-0.8474817276000977,-0.0904473066329956,0.15251827239990234,0.8880045413970947,0.06716046347623618,0.511555898336029,0.8809876119237947,0.8512245612285085
2,1000,6,0.5,863,0.9090344309806824,-0.8451784253120422,-0.09096556901931763,0.15482157468795776,0.9012695550918579,0.06675417717055508,0.5252239225490478,0.8944792244866371,0.8468051769470384
2,1000,6,0.5,864,0.9053670167922974,-0.8450342416763306,-0.09463298320770264,0.15496575832366943,0.9001938104629517,0.06090627522785731,0.49163752075226086,0.8781334105662134,0.8242094293053471
2,1000,6,0.5,865,0.9036327004432678,-0.8451974987983704,-0.09636729955673218,0.15480250120162964,0.895642876625061,0.05826737495392338,0.46673482158511453,0.8532149172054951,0.8180494279379775
2,1000,6,0.5,866,0.9043353199958801,-0.8423057794570923,-0.09566468000411987,0.15769422054290771,0.9012417793273926,0.06200521908726255,0.49243940525228,0.8789422010299697,0.8319271530209584
2,1000,6,0.5,867,0.9020825028419495,-0.8433693647384644,-0.09791749715805054,0.15663063526153564,0.9015192985534668,0.06079024065950815,0.48570449347201944,0.8703310435119047,0.8253821436257461
2,1000,6,0.5,868,0.9045010209083557,-0.8424093723297119,-0.09549897909164429,0.15759062767028809,0.8966846466064453,0.05985054066243859,0.4694866160874858,0.8496273977276232,0.8217106713885142
2,1000,6,0.5,869,0.9043222069740295,-0.8414953351020813,-0.09567779302597046,0.1585046648979187,0.9285827279090881,0.06829882303132842,0.5528093505299759,0.91061245103142,0.852173134324423
2,1000,6,0.5,870,0.9066410064697266,-0.8404275178909302,-0.09335899353027344,0.15957248210906982,0.8844518661499023,0.06224239177730172,0.486544047084884,0.8655242214314481,0.8337171371733634
2,1000,6,0.5,871,0.909119725227356,-0.8420180678367615,-0.09088027477264404,0.15798193216323853,0.894869327545166,0.059086846447365116,0.47218192552265037,0.8682523385863327,0.8198520348642544
2,1000,6,0.5,872,0.9138514995574951,-0.8391175866127014,-0.08614850044250488,0.16088241338729858,0.9058183431625366,0.06548163275615636,0.5208148516309176,0.8911274778781888,0.8467461060783328
2,1000,6,0.5,873,0.9108790159225464,-0.8393469452857971,-0.08912098407745361,0.16065305471420288,0.8897143602371216,0.06319960063346028,0.48708150930130484,0.8641311016245902,0.8396467206518886
2,1000,6,0.5,874,0.9085081219673157,-0.8378626704216003,-0.09149187803268433,0.16213732957839966,0.9064218997955322,0.06827065748254094,0.525010845776645,0.8971448861480978,0.8527783467490611
2,1000,6,0.5,875,0.9042031168937683,-0.8386901021003723,-0.09579688310623169,0.16130989789962769,0.8990229964256287,0.0626314713976487,0.49361007084294856,0.8824363939950518,0.8332987425271227
2,1000,6,0.5,876,0.9043344259262085,-0.8353312611579895,-0.0956655740737915,0.1646687388420105,0.8960468769073486,0.06491705322981657,0.5031073848622833,0.875925070590597,0.8451284936532845
2,1000,6,0.5,877,0.898888885974884,-0.8371867537498474,-0.10111111402511597,0.1628132462501526,0.9087874889373779,0.06246014368682735,0.49797488539678014,0.8881684653945537,0.8294437325513534
2,1000,6,0.5,878,0.900873064994812,-0.8353639841079712,-0.09912693500518799,0.1646360158920288,0.9033281803131104,0.06698256611815706,0.5012989167752662,0.8904052433930044,0.8473007230134291
2,1000,6,0.5,879,0.902309000492096,-0.8367182612419128,-0.09769099950790405,0.16328173875808716,0.8964875936508179,0.06187570313352249,0.48796479572452894,0.87454531329933,0.8311374285414707
2,1000,6,0.5,880,0.9040921330451965,-0.8379560112953186,-0.09590786695480347,0.1620439887046814,0.8946588635444641,0.06324694330669335,0.48916970366554496,0.8789750954336059,0.8373424311457408
2,1000,6,0.5,881,0.9016304016113281,-0.8392408490180969,-0.09836959838867188,0.16075915098190308,0.9022793769836426,0.06016371138429241,0.4853554796164498,0.8782563264211799,0.8230872161312361
2,1000,6,0.5,882,0.9018308520317078,-0.8398425579071045,-0.09816914796829224,0.1601574420928955,0.8861899971961975,0.0603596467548058,0.47838931299896226,0.8598350055887235,0.8269937363998827
2,1000,6,0.5,883,0.9039355516433716,-0.8427625894546509,-0.09606444835662842,0.15723741054534912,0.9044524431228638,0.05950141290960891,0.4740688993569681,0.8696229472604208,0.8202156348024471
2,1000,6,0.5,884,0.9076862335205078,-0.843624472618103,-0.09231376647949219,0.15637552738189697,0.9120768308639526,0.0653584575595486,0.507328945408675,0.8862022314959868,0.8432390145341034
2,1000,6,0.5,885,0.912122905254364,-0.8430777192115784,-0.08787709474563599,0.15692228078842163,0.8906900882720947,0.06634080366463899,0.5046361616182287,0.8754286011840036,0.847217109772419
2,1000,6,0.5,886,0.9183809757232666,-0.8402184844017029,-0.0816190242767334,0.15978151559829712,0.8991578221321106,0.06787478028141113,0.5193160414353832,0.8917417306935219,0.8535857466809552
2,1000,6,0.5,887,0.9153775572776794,-0.8420323729515076,-0.08462244272232056,0.15796762704849243,0.9047562479972839,0.06164572592727965,0.4964158545022073,0.8855257831527927,0.8312333490796227
2,1000,6,0.5,888,0.9162546396255493,-0.8377650380134583,-0.08374536037445068,0.16223496198654175,0.8968521356582642,0.06718508891345555,0.5095903693474578,0.8915158050739506,0.8508410986969748
2,1000,6,0.5,889,0.9157532453536987,-0.838653028011322,-0.08424675464630127,0.16134697198867798,0.8896251916885376,0.06499023909925387,0.502960517761334,0.8866473528689118,0.8446293852943898
2,1000,6,0.5,890,0.9155067205429077,-0.8413373827934265,-0.08449327945709229,0.1586626172065735,0.9035121202468872,0.06364228262271451,0.5008582987036002,0.8893831181601709,0.8405145444520785
2,1000,6,0.5,891,0.9114081859588623,-0.8431214690208435,-0.0885918140411377,0.1568785309791565,0.9118736982345581,0.06359267377693345,0.4951204470123167,0.8939997140396033,0.833567757319712
2,1000,6,0.5,892,0.9125387668609619,-0.840920627117157,-0.08746123313903809,0.15907937288284302,0.8961191177368164,0.06728327390477801,0.5187723231202866,0.8885483683895607,0.8489163511989141
2,1000,6,0.5,893,0.9131292104721069,-0.841038167476654,-0.08687078952789307,0.15896183252334595,0.9064850211143494,0.06730949929746284,0.5148126439582577,0.8984568082820842,0.8497898147024961
2,1000,6,0.5,894,0.9134106636047363,-0.8409761786460876,-0.08658933639526367,0.15902382135391235,0.9139091968536377,0.07112941279478753,0.5474804497048004,0.9131697085344941,0.8620246822968818
2,1000,6,0.5,895,0.9128553867340088,-0.8410057425498962,-0.08714461326599121,0.15899425745010376,0.920897364616394,0.07418399142688116,0.5523938080976404,0.9114434056979036,0.875350669064242
2,1000,6,0.5,896,0.9146787524223328,-0.8418105840682983,-0.08532124757766724,0.15818941593170166,0.9038273692131042,0.06707954211869636,0.5119977014289232,0.8939995360419107,0.8501631785154602
2,1000,6,0.5,897,0.9158033132553101,-0.8405542969703674,-0.08419668674468994,0.15944570302963257,0.8869413137435913,0.06752778651861663,0.5170814030047163,0.8851058224497445,0.8538511115041473
2,1000,6,0.5,898,0.9142836332321167,-0.8440719842910767,-0.0857163667678833,0.15592801570892334,0.9077586531639099,0.06276272555483245,0.49667103017972225,0.8829668755914721,0.8329751632572052
2,1000,6,0.5,899,0.9143950343132019,-0.8437626957893372,-0.0856049656867981,0.15623730421066284,0.891717791557312,0.0646749132737916,0.4996111720258257,0.8789169195897579,0.8417074663660257
2,1000,6,0.5,900,0.9128522276878357,-0.8428298234939575,-0.0871477723121643,0.15717017650604248,0.896808922290802,0.06665610864062586,0.5039026299139544,0.8858210665191786,0.8489968420831424
2,1000,6,0.5,901,0.9132727980613708,-0.8431400060653687,-0.08672720193862915,0.15685999393463135,0.9198055267333984,0.06759080552989978,0.53626690148551,0.9056341740113868,0.8500458569364302
2,1000,6,0.5,902,0.914574384689331,-0.8419218063354492,-0.08542561531066895,0.15807819366455078,0.8895007967948914,0.06643384977491702,0.5032865066046982,0.8817505894657007,0.8491959864610206
2,1000,6,0.5,903,0.913350522518158,-0.8402450084686279,-0.08664947748184204,0.15975499153137207,0.896593451499939,0.06876095188380334,0.5337036631711745,0.90182526222669,0.8573125419367351
2,1000,6,0.5,904,0.9133449792861938,-0.8402856588363647,-0.08665502071380615,0.15971434116363525,0.913448691368103,0.0664171907806696,0.5202668502694732,0.8985339472949891,0.848501828093494
2,1000,6,0.5,905,0.9148281216621399,-0.8402462601661682,-0.08517187833786011,0.1597537398338318,0.8899492025375366,0.06156860904443394,0.49055272102516895,0.8701722788447577,0.831695288984807
2,1000,6,0.5,906,0.915708065032959,-0.8403249382972717,-0.08429193496704102,0.15967506170272827,0.9138379096984863,0.06567423718984587,0.5062505784769972,0.8995996762879304,0.8474022141509094
2,1000,6,0.5,907,0.9178223013877869,-0.8416481614112854,-0.08217769861221313,0.1583518385887146,0.9012182950973511,0.06261660792788364,0.4785729785454106,0.8802849430431743,0.8349350371054644
2,1000,6,0.5,908,0.9192423820495605,-0.8437188863754272,-0.08075761795043945,0.15628111362457275,0.9059041142463684,0.06601912534786378,0.5017980797591953,0.8912910400135786,0.8457791193772352
2,1000,6,0.5,909,0.9198343753814697,-0.8450446128845215,-0.08016562461853027,0.15495538711547852,0.9140065908432007,0.06706665319060268,0.5239324495619012,0.905349842285035,0.8514965588123605
2,1000,6,0.5,910,0.921791136264801,-0.8433220982551575,-0.07820886373519897,0.15667790174484253,0.9080478549003601,0.06660926806674061,0.5050338432332717,0.8892462153465615,0.8498170170425714
2,1000,6,0.5,911,0.922770082950592,-0.8421519994735718,-0.07722991704940796,0.15784800052642822,0.8963780403137207,0.06640905164096492,0.5100785101037522,0.8876554430617829,0.8458651369011191
2,1000,6,0.5,912,0.925079882144928,-0.8399705290794373,-0.07492011785507202,0.16002947092056274,0.9159241318702698,0.06904700070870642,0.5301489101038023,0.9083025382324142,0.8570944453000131
2,1000,6,0.5,913,0.923149824142456,-0.840188205242157,-0.07685017585754395,0.15981179475784302,0.8983720541000366,0.06736708119968493,0.5195756180117601,0.8928301561748907,0.8499162195080722
2,1000,6,0.5,914,0.9186514616012573,-0.84287029504776,-0.08134853839874268,0.15712970495224,0.9097462892532349,0.06437749957648985,0.4931406247917818,0.8904270441345702,0.8393489001547657
2,1000,6,0.5,915,0.9190138578414917,-0.8440911173820496,-0.0809861421585083,0.15590888261795044,0.9011142253875732,0.06466691532605781,0.49676031897240536,0.8862387370168205,0.8425928001224254
2,1000,6,0.5,916,0.9184515476226807,-0.8469362854957581,-0.08154845237731934,0.15306371450424194,0.9220931529998779,0.06643795587598346,0.514683007756319,0.9016282034778291,0.8442822728111228
2,1000,6,0.5,917,0.9202154278755188,-0.8447700142860413,-0.0797845721244812,0.15522998571395874,0.8881479501724243,0.06688007929691142,0.5131397867821419,0.8867085018309143,0.850607296953755
2,1000,6,0.5,918,0.9183330535888672,-0.8449471592903137,-0.08166694641113281,0.15505284070968628,0.8960944414138794,0.0620936998463821,0.48370564135137345,0.8746405434975708,0.8348475690937746
2,1000,6,0.5,919,0.9163199067115784,-0.8443062901496887,-0.08368009328842163,0.15569370985031128,0.9227585792541504,0.06668102085454942,0.5289024257439842,0.9093840575885515,0.8464805217216964
2,1000,6,0.5,920,0.9146726727485657,-0.8447583913803101,-0.08532732725143433,0.15524160861968994,0.8952786922454834,0.06246980474109382,0.47390143427973497,0.8675931125594226,0.8316291101171722
2,1000,6,0.5,921,0.9157074689865112,-0.8459691405296326,-0.08429253101348877,0.15403085947036743,0.9005203247070312,0.06456388947295376,0.49881131025003284,0.8868569117841965,0.8404214653151134
2,1000,6,0.5,922,0.9205456376075745,-0.8475247621536255,-0.07945436239242554,0.1524752378463745,0.9037684202194214,0.06489330787523853,0.5032704490372367,0.8936042309473146,0.8421271298800962
2,1000,6,0.5,923,0.9255611300468445,-0.8465568423271179,-0.07443886995315552,0.15344315767288208,0.9048203229904175,0.06704106725015614,0.5195696838355467,0.902863433650191,0.847576082460306
2,1000,6,0.5,924,0.9262953996658325,-0.8449656963348389,-0.07370460033416748,0.15503430366516113,0.9068961143493652,0.06985787901363362,0.5302435478525467,0.905473798848273,0.8594680905714145
2,1000,6,0.5,925,0.9248057007789612,-0.8453539609909058,-0.07519429922103882,0.15464603900909424,0.9099196195602417,0.07057360393246087,0.5371796025885115,0.907481810937174,0.8634671679311865
2,1000,6,0.5,926,0.9222028255462646,-0.8458026647567749,-0.07779717445373535,0.1541973352432251,0.9003713130950928,0.06510647315469477,0.4992801096594836,0.8891618257458941,0.8447069046157678
2,1000,6,0.5,927,0.9204567670822144,-0.8455588817596436,-0.07954323291778564,0.15444111824035645,0.8999403715133667,0.06775891865586457,0.5135645255126735,0.8981740668113963,0.8541672746015794
2,1000,6,0.5,928,0.9188777804374695,-0.8477084636688232,-0.08112221956253052,0.15229153633117676,0.9060887098312378,0.06844419293745473,0.522211609675809,0.9064880955263925,0.8545268393827097
2,1000,6,0.5,929,0.9181059002876282,-0.846601128578186,-0.08189409971237183,0.15339887142181396,0.9317489862442017,0.07520854397512855,0.5656618555087234,0.9378183514180927,0.875973528915182
2,1000,6,0.5,930,0.9187071323394775,-0.8453468680381775,-0.08129286766052246,0.1546531319618225,0.9088279008865356,0.07912961240806081,0.5717374205362753,0.9306095030921051,0.8867103040490313
2,1000,6,0.5,931,0.9176550507545471,-0.8468958735466003,-0.08234494924545288,0.15310412645339966,0.9041978716850281,0.0711213335286863,0.5432771051481299,0.9089001418939495,0.8626988813613595
2,1000,6,0.5,932,0.9184285998344421,-0.8465706706047058,-0.08157140016555786,0.1534293293952942,0.909197211265564,0.0723956569471526,0.5436866617999594,0.916643959483924,0.86444684172004
2,1000,6,0.5,933,0.9194513559341431,-0.8442465662956238,-0.08054864406585693,0.15575343370437622,0.9006462097167969,0.07164278760060054,0.5335309554850487,0.9080964639153347,0.8645672668939574
2,1000,6,0.5,934,0.9158917665481567,-0.8455021381378174,-0.08410823345184326,0.15449786186218262,0.9178065061569214,0.06477306987264266,0.5012488517953831,0.901577407102833,0.8398705062071061
2,1000,6,0.5,935,0.9156811833381653,-0.8441336750984192,-0.08431881666183472,0.1558663249015808,0.9028489589691162,0.0665900379945604,0.5042463740633173,0.8944452906422522,0.8488679859638221
2,1000,6,0.5,936,0.9113969802856445,-0.8438615798950195,-0.08860301971435547,0.15613842010498047,0.9022293090820312,0.06266322266940755,0.49038535826373647,0.885731313006678,0.8307299756941245
2,1000,6,0.5,937,0.9105587005615234,-0.8435587882995605,-0.08944129943847656,0.15644121170043945,0.9086401462554932,0.06165271537852639,0.4762606664825731,0.8821170759784988,0.830043892789773
2,1000,6,0.5,938,0.9137579202651978,-0.8407512307167053,-0.08624207973480225,0.15924876928329468,0.8944065570831299,0.06121838041258652,0.48083067612202607,0.8777618087404181,0.8302333881449047
2,1000,6,0.5,939,0.9154729247093201,-0.8389788269996643,-0.08452707529067993,0.1610211730003357,0.901019811630249,0.06572987770962026,0.507566790784976,0.9002001263619688,0.8440044049817101
2,1000,6,0.5,940,0.9148279428482056,-0.8400802612304688,-0.08517205715179443,0.15991973876953125,0.9033733606338501,0.06506463553608567,0.5032410242142398,0.8945577613106215,0.8440155488653857
2,1000,6,0.5,941,0.9137373566627502,-0.841183066368103,-0.08626264333724976,0.15881693363189697,0.9066189527511597,0.06643741271390011,0.5068097347202795,0.9025150452181276,0.846491040620559
2,1000,6,0.5,942,0.9147608876228333,-0.8413094282150269,-0.08523911237716675,0.15869057178497314,0.9103031158447266,0.07098744171168184,0.5301808598178828,0.9136875928634914,0.8612472509948939
2,1000,6,0.5,943,0.9135828614234924,-0.8428093791007996,-0.08641713857650757,0.15719062089920044,0.9120848178863525,0.06950462180815992,0.5315167700019109,0.9138794277068001,0.8572361858889159
2,1000,6,0.5,944,0.9094914793968201,-0.8469226956367493,-0.09050852060317993,0.15307730436325073,0.9050743579864502,0.06578478468727963,0.5014740001759743,0.8964039934362602,0.8415670852436912
2,1000,6,0.5,945,0.9107762575149536,-0.8479569554328918,-0.08922374248504639,0.15204304456710815,0.9114127159118652,0.06527382047769748,0.48765035990719396,0.891406376672383,0.8423968428502822
2,1000,6,0.5,946,0.910640299320221,-0.8469499945640564,-0.08935970067977905,0.1530500054359436,0.9133309721946716,0.06802025098849568,0.522554631071443,0.9089510556666403,0.8511843249725158
2,1000,6,0.5,947,0.9080139398574829,-0.8467422127723694,-0.09198606014251709,0.15325778722763062,0.8981459140777588,0.06621812611740266,0.49296332042586377,0.8901957132314271,0.8471955564903366
2,1000,6,0.5,948,0.9057409763336182,-0.8463085889816284,-0.09425902366638184,0.15369141101837158,0.9058157205581665,0.06314916253735707,0.4870605327750821,0.8840766669372531,0.8365009307001062
2,1000,6,0.5,949,0.9060337543487549,-0.84590744972229,-0.09396624565124512,0.15409255027770996,0.8982576131820679,0.06560330197133638,0.49867455520742,0.8894206962704152,0.8446842903258077
2,1000,6,0.5,950,0.9049955010414124,-0.846474289894104,-0.09500449895858765,0.153525710105896,0.9070791006088257,0.06180078240655495,0.476661812930751,0.8748773181269877,0.8291778337948245
2,1000,6,0.5,951,0.9045408368110657,-0.8445773720741272,-0.09545916318893433,0.1554226279258728,0.9103254079818726,0.06683462675910304,0.4948042775726597,0.8909705786466583,0.8488214950209786
2,1000,6,0.5,952,0.9031967520713806,-0.8438228368759155,-0.09680324792861938,0.15617716312408447,0.9341648817062378,0.07482511719061499,0.5715983680232621,0.9454138406297844,0.8745129130830764
2,1000,6,0.5,953,0.9052826166152954,-0.8411519527435303,-0.09471738338470459,0.15884804725646973,0.9060937166213989,0.07594142709873315,0.5617245255771814,0.9287455340433532,0.8845352202126239
2,1000,6,0.5,954,0.9050199389457703,-0.8421148657798767,-0.09498006105422974,0.1578851342201233,0.9220739603042603,0.07177339465410794,0.5401164392450047,0.9313920787531825,0.864437797928159
2,1000,6,0.5,955,0.9051213264465332,-0.8409945964813232,-0.0948786735534668,0.15900540351867676,0.9178304672241211,0.07374060745645772,0.5542331848331226,0.9339869402877387,0.8737965993043372
2,1000,6,0.5,956,0.9060289263725281,-0.8396807312965393,-0.09397107362747192,0.1603192687034607,0.909965991973877,0.0725087294444481,0.5308057366648946,0.9168853224087856,0.8673286083304914
2,1000,6,0.5,957,0.9067522287368774,-0.8389331698417664,-0.09324777126312256,0.16106683015823364,0.9317231178283691,0.0730052418892331,0.5471024669027222,0.9307208327317328,0.8686388131912625
2,1000,6,0.5,958,0.9069079160690308,-0.8384587168693542,-0.09309208393096924,0.16154128313064575,0.91017746925354,0.06941504913409587,0.5244836395557934,0.9129244348404106,0.8593187968759975
2,1000,6,0.5,959,0.9059330224990845,-0.8386796712875366,-0.09406697750091553,0.16132032871246338,0.9096508026123047,0.06346092623218061,0.49103366872436977,0.8933090593420329,0.8401796909649352
2,1000,6,0.5,960,0.9065089821815491,-0.8367711305618286,-0.09349101781845093,0.1632288694381714,0.9048696160316467,0.0662342584542884,0.5048673825609546,0.895631237859011,0.8536063099694521
2,1000,6,0.5,961,0.9047917127609253,-0.8395728468894958,-0.09520828723907471,0.16042715311050415,0.9155237674713135,0.061917454628954434,0.48223381974827056,0.8953149448833309,0.8330050417780213
2,1000,6,0.5,962,0.9070950150489807,-0.8380644917488098,-0.09290498495101929,0.16193550825119019,0.906444787979126,0.06332630068388612,0.4842164411297003,0.8838698847084759,0.8382630511687319
2,1000,6,0.5,963,0.9074999690055847,-0.8377590775489807,-0.09250003099441528,0.1622409224510193,0.9076739549636841,0.06308956766924928,0.4808906312606495,0.8833500065761757,0.8355354573102338
2,1000,6,0.5,964,0.9087554216384888,-0.8353402614593506,-0.09124457836151123,0.16465973854064941,0.9050377011299133,0.06558758401496782,0.4980168258532327,0.8987290901074273,0.8450926057371525
2,1000,6,0.5,965,0.9058340191841125,-0.8353626728057861,-0.09416598081588745,0.16463732719421387,0.9175333976745605,0.06365577382626017,0.48492791559114834,0.8907459147449787,0.8363302138209995
2,1000,6,0.5,966,0.9064805507659912,-0.8356137871742249,-0.09351944923400879,0.16438621282577515,0.9112325310707092,0.06538865235188315,0.4833309260647887,0.8851871344278993,0.8432844991349903
2,1000,6,0.5,967,0.9048887491226196,-0.8387882113456726,-0.09511125087738037,0.1612117886543274,0.9178459644317627,0.06030241017261127,0.4856081513684949,0.8840400830756332,0.8238983438222863
2,1000,6,0.5,968,0.909535825252533,-0.834488034248352,-0.09046417474746704,0.16551196575164795,0.9283795356750488,0.07931483471379161,0.5813299423274911,0.940185517910417,0.8918450383853146
2,1000,6,0.5,969,0.9077500700950623,-0.8364304304122925,-0.09224992990493774,0.16356956958770752,0.920524001121521,0.07088987855649302,0.5443418902889386,0.9216005422085797,0.8619762296645486
2,1000,6,0.5,970,0.908314049243927,-0.8360714912414551,-0.091685950756073,0.16392850875854492,0.8985259532928467,0.06554172849416637,0.5017600483099427,0.8854664796854673,0.8478245890294186
2,1000,6,0.5,971,0.9099376797676086,-0.8359448909759521,-0.09006232023239136,0.16405510902404785,0.9100983142852783,0.06639299520984707,0.5011167526253867,0.9020852453559912,0.8467212148372769
2,1000,6,0.5,972,0.912595808506012,-0.8355467915534973,-0.08740419149398804,0.16445320844650269,0.9020662307739258,0.0674503752487694,0.5175159956341582,0.902594066323728,0.854455399260884
2,1000,6,0.5,973,0.9155765771865845,-0.8356794118881226,-0.08442342281341553,0.16432058811187744,0.9084296226501465,0.06639761896812507,0.5024006142657327,0.8950395535608412,0.8497525000342262
2,1000,6,0.5,974,0.9184157252311707,-0.8331526517868042,-0.08158427476882935,0.1668473482131958,0.9186292886734009,0.07229527751553769,0.5489795501432548,0.927536646523724,0.8692965348441976
2,1000,6,0.5,975,0.9190131425857544,-0.8335251808166504,-0.0809868574142456,0.1664748191833496,0.9060920476913452,0.06626294653537117,0.5075385969442261,0.9005929271701466,0.8489270193159434
2,1000,6,0.5,976,0.920727014541626,-0.8342791795730591,-0.07927298545837402,0.16572082042694092,0.907446026802063,0.06378278461745084,0.48417612970323176,0.8855693511450019,0.8396158436359275
2,1000,6,0.5,977,0.921275794506073,-0.8355461955070496,-0.078724205493927,0.16445380449295044,0.9127384424209595,0.06437747260445627,0.5013176720597038,0.9031560861633068,0.8415974981566053
2,1000,6,0.5,978,0.9201967120170593,-0.8368309736251831,-0.07980328798294067,0.1631690263748169,0.9090552926063538,0.06453518046358696,0.5040931567818622,0.8975552887901316,0.8420248905175851
2,1000,6,0.5,979,0.920884907245636,-0.836959719657898,-0.07911509275436401,0.16304028034210205,0.9051324129104614,0.06785542162539679,0.5091340617459538,0.8940632613820904,0.855151620599887
2,1000,6,0.5,980,0.9221440553665161,-0.8356687426567078,-0.07785594463348389,0.16433125734329224,0.914212703704834,0.07474548669530731,0.5606661890295267,0.9310096051509782,0.8775046218512305
2,1000,6,0.5,981,0.918312668800354,-0.8363774418830872,-0.081687331199646,0.16362255811691284,0.9083208441734314,0.07248571799658518,0.5454813172754557,0.9228111376649415,0.8688777538810256
2,1000,6,0.5,982,0.9178940653800964,-0.8358949422836304,-0.08210593461990356,0.16410505771636963,0.9214128851890564,0.07501768270020089,0.553738113514192,0.9324902184285275,0.8776956030719328
2,1000,6,0.5,983,0.9200620651245117,-0.8346683382987976,-0.07993793487548828,0.1653316617012024,0.9179848432540894,0.07804395416340439,0.5683756291498164,0.9321156547465208,0.8913539986598549
2,1000,6,0.5,984,0.9206675887107849,-0.8369412422180176,-0.07933241128921509,0.16305875778198242,0.914698600769043,0.06887274767914191,0.5317001963238657,0.9213000652357632,0.8572883995207203
2,1000,6,0.5,985,0.9240357279777527,-0.8352169394493103,-0.07596427202224731,0.1647830605506897,0.9160035848617554,0.06984565980701495,0.5238707785756084,0.9198123993786933,0.8602374072763257
2,1000,6,0.5,986,0.9252651929855347,-0.8331499099731445,-0.07473480701446533,0.16685009002685547,0.9132237434387207,0.06899439390180127,0.5136804852032913,0.9085072515399998,0.8579397703622553
2,1000,6,0.5,987,0.9222274422645569,-0.8327850699424744,-0.07777255773544312,0.16721493005752563,0.907885730266571,0.06509682092868307,0.5098744929123309,0.9039932054767328,0.8453245990048909
2,1000,6,0.5,988,0.9210681915283203,-0.8311715722084045,-0.07893180847167969,0.16882842779159546,0.9125417470932007,0.07109897253162188,0.5333449689699595,0.9178059451166917,0.8662426076692661
2,1000,6,0.5,989,0.9211490750312805,-0.8307456374168396,-0.07885092496871948,0.1692543625831604,0.9144061803817749,0.06973415822416189,0.5137330527699784,0.9147593018058308,0.8609934641044774
2,1000,6,0.5,990,0.9210705161094666,-0.8309199810028076,-0.07892948389053345,0.16908001899719238,0.9433927536010742,0.07881054475673559,0.5898307384153562,0.9563563305152321,0.8961343619282851
2,1000,6,0.5,991,0.9180967807769775,-0.8328085541725159,-0.08190321922302246,0.16719144582748413,0.9028792381286621,0.06353092541976636,0.4858654156299144,0.8813043893736133,0.8409612972525919
2,1000,6,0.5,992,0.9167143106460571,-0.8328059315681458,-0.08328568935394287,0.16719406843185425,0.9324404001235962,0.06624962510283698,0.5142649273949377,0.9186457187350412,0.8466077391891378
2,1000,6,0.5,993,0.9165685176849365,-0.8334128260612488,-0.08343148231506348,0.16658717393875122,0.9145926237106323,0.06542124826215742,0.48716565242728443,0.8953420231083865,0.8458367063876646
2,1000,6,0.5,994,0.9173283576965332,-0.833526611328125,-0.0826716423034668,0.166473388671875,0.9080061912536621,0.06933733470619834,0.5238769095146121,0.9023697818021796,0.8595846562545744
2,1000,6,0.5,995,0.9190724492073059,-0.8325595259666443,-0.08092755079269409,0.1674404740333557,0.9154430031776428,0.07630195392454178,0.565008073166722,0.9356478440974619,0.8831876982860934
2,1000,6,0.5,996,0.9186578392982483,-0.8304647207260132,-0.08134216070175171,0.16953527927398682,0.9012526273727417,0.07409727563795569,0.5554524275954767,0.9247788233556631,0.8785736485640586
2,1000,6,0.5,997,0.9157522916793823,-0.8304145336151123,-0.08424770832061768,0.1695854663848877,0.9103856086730957,0.07190291298967602,0.5343920475836375,0.9196386842242441,0.8686685216214579
2,1000,6,0.5,998,0.9134007096290588,-0.8333325386047363,-0.08659929037094116,0.16666746139526367,0.9034484028816223,0.06705462014796643,0.5044441439056326,0.9063005067258197,0.8498755544572668
2,1000,6,0.5,999,0.9116609692573547,-0.8350622653961182,-0.08833903074264526,0.16493773460388184,0.9054138660430908,0.0651367703768452,0.4973584755262159,0.8923968035060292,0.8473975337117824
2,1000,6,0.5,1000,0.9100170731544495,-0.8363825082778931,-0.08998292684555054,0.16361749172210693,0.9012828469276428,0.06084922112780941,0.4801112390431184,0.88061946220718,0.8294357301939126
