case,n,rep,tau,epoch,theta1,theta2,error_theta1,error_theta2,selection_val_loss,relative_mse,train_check_loss,validation_check_loss,test_check_loss
2,1000,3,0.5,0,-0.2120744287967682,-0.6638979315757751,-1.2120744287967682,0.33610206842422485,,1.045842622131348,2.825928883176544,2.86826445835847,2.802756313700974
2,1000,3,0.5,1,-0.1773580014705658,-0.6289125084877014,-1.1773580014705658,0.3710874915122986,2.7289180755615234,0.9331261490275344,2.6432131769827105,2.6840938610510863,2.6212131263135796
2,1000,3,0.5,2,-0.14265130460262299,-0.5939103960990906,-1.142651304602623,0.4060896039009094,2.32102108001709,0.6867620834216996,2.241263184821535,2.2792475825243974,2.2240474068292073
2,1000,3,0.5,3,-0.10801316797733307,-0.5593106150627136,-1.108013167977333,0.4406893849372864,1.376983880996704,0.2383558160922336,1.312358638001946,1.328395406865116,1.2869177180985436
2,1000,3,0.5,4,-0.07801503688097,-0.5314887762069702,-1.07801503688097,0.4685112237930298,1.2270448207855225,0.2174346295059731,1.1662760563455294,1.17987613349312,1.167110236768802
2,1000,3,0.5,5,-0.06519405543804169,-0.5240501165390015,-1.0651940554380417,0.47594988346099854,0.9328504800796509,0.09545533420589895,0.8829304789751495,0.8882833658777151,0.8903895983634316
2,1000,3,0.5,6,-0.05396274849772453,-0.5202881693840027,-1.0539627484977245,0.4797118306159973,0.9494949579238892,0.09229959473163535,0.9051418385365955,0.9053254691870984,0.8928245690977875
2,1000,3,0.5,7,-0.03605343773961067,-0.5109853744506836,-1.0360534377396107,0.4890146255493164,0.8274978995323181,0.05895321096603478,0.8014584399443033,0.7917837721105428,0.7884742349170724
2,1000,3,0.5,8,-0.022882800549268723,-0.5091552138328552,-1.0228828005492687,0.4908447861671448,0.7729944586753845,0.04481071273415014,0.7450597561641966,0.7432136004858306,0.7394683424085392
2,1000,3,0.5,9,-0.012477491050958633,-0.5110720992088318,-1.0124774910509586,0.4889279007911682,0.7458791732788086,0.034918211709642655,0.7221638230436165,0.7195257666691833,0.7092606161821575
2,1000,3,0.5,10,0.00038544321432709694,-0.5118523836135864,-0.9996145567856729,0.4881476163864136,0.715755045413971,0.028205418357645905,0.6857919367485672,0.6935354658730557,0.6849486188281965
2,1000,3,0.5,11,0.010714329779148102,-0.5157049894332886,-0.9892856702208519,0.4842950105667114,0.705520749092102,0.023450666135175643,0.6713155249007928,0.6851734068943114,0.6673994081303274
2,1000,3,0.5,12,0.022887594997882843,-0.5196241140365601,-0.9771124050021172,0.48037588596343994,0.6951861381530762,0.021664238998341266,0.6610862701552562,0.6765302960678133,0.6611321789975184
2,1000,3,0.5,13,0.03422631323337555,-0.5242039561271667,-0.9657736867666245,0.47579604387283325,0.6915100812911987,0.021450061521411136,0.6565419696240882,0.6723480721091013,0.6584483227347492
2,1000,3,0.5,14,0.046967484056949615,-0.5292171835899353,-0.9530325159430504,0.4707828164100647,0.6950066089630127,0.01882402719111612,0.6470189856711493,0.6756158203992092,0.6429649205885167
2,1000,3,0.5,15,0.06183869019150734,-0.5337539315223694,-0.9381613098084927,0.4662460684776306,0.6904739141464233,0.017982470772742787,0.6400405403037365,0.6701535733031488,0.6376085554025022
2,1000,3,0.5,16,0.07802613079547882,-0.5382232666015625,-0.9219738692045212,0.4617767333984375,0.6842049360275269,0.01690371638695047,0.6339654072892758,0.6637838547861941,0.6335468798490236
2,1000,3,0.5,17,0.09535989165306091,-0.5420368909835815,-0.9046401083469391,0.45796310901641846,0.6805195808410645,0.015506246285234221,0.6281542212031844,0.6609398087452033,0.6268228025899186
2,1000,3,0.5,18,0.1129445806145668,-0.5445613265037537,-0.8870554193854332,0.45543867349624634,0.6756401062011719,0.014551512882772105,0.6222889804521947,0.6565740163914464,0.622281451950093
2,1000,3,0.5,19,0.13129526376724243,-0.5485542416572571,-0.8687047362327576,0.4514457583427429,0.6703590750694275,0.014242217926395177,0.6186629103252763,0.6517358774312296,0.6216812647670162
2,1000,3,0.5,20,0.14629438519477844,-0.5550675988197327,-0.8537056148052216,0.44493240118026733,0.6721938252449036,0.013464204551113279,0.6154364764952401,0.6552137320655267,0.6139892336729134
2,1000,3,0.5,21,0.16292600333690643,-0.5602627992630005,-0.8370739966630936,0.4397372007369995,0.6725881695747375,0.013368837505708648,0.6130778118542277,0.6568662014773987,0.6130228429348391
2,1000,3,0.5,22,0.1795559823513031,-0.5665684938430786,-0.8204440176486969,0.4334315061569214,0.662838339805603,0.01187638840600943,0.6040809196656087,0.6459524692213793,0.6048654764641485
2,1000,3,0.5,23,0.19655176997184753,-0.5739859342575073,-0.8034482300281525,0.4260140657424927,0.6597188115119934,0.011616276241678306,0.6016336323391803,0.6429605071313509,0.602525393914016
2,1000,3,0.5,24,0.21385489404201508,-0.5806171298027039,-0.7861451059579849,0.41938287019729614,0.6531561613082886,0.011378815343713487,0.5961919732724147,0.638355659383703,0.6008984142323368
2,1000,3,0.5,25,0.23286205530166626,-0.5856658816337585,-0.7671379446983337,0.41433411836624146,0.6612017750740051,0.013087370023067466,0.6018581238244527,0.6449570171660589,0.618503330832264
2,1000,3,0.5,26,0.24662040174007416,-0.5951451659202576,-0.7533795982599258,0.40485483407974243,0.6576763391494751,0.013604639488610662,0.6073468424014333,0.6474580469225818,0.6057407512557288
2,1000,3,0.5,27,0.26791465282440186,-0.5977005362510681,-0.7320853471755981,0.4022994637489319,0.6559727787971497,0.012322615608264639,0.5945903454328691,0.6411885664983976,0.6136472643048579
2,1000,3,0.5,28,0.28107479214668274,-0.606145977973938,-0.7189252078533173,0.393854022026062,0.6509114503860474,0.013535503969828272,0.6025816643453815,0.6421411661728333,0.6026069166054496
2,1000,3,0.5,29,0.2994800806045532,-0.6079659461975098,-0.7005199193954468,0.39203405380249023,0.6482540369033813,0.010585053767821427,0.5862122974660263,0.6342760184293045,0.59959070031435
2,1000,3,0.5,30,0.3168856203556061,-0.6155083179473877,-0.6831143796443939,0.3844916820526123,0.638567328453064,0.010345472234880315,0.5827438399009854,0.6297005876495325,0.5952676019157329
2,1000,3,0.5,31,0.3333164155483246,-0.6224228739738464,-0.6666835844516754,0.37757712602615356,0.6396713256835938,0.010251346503470374,0.5808347871164156,0.6291502012887952,0.5932898809270236
2,1000,3,0.5,32,0.3521757423877716,-0.6300152540206909,-0.6478242576122284,0.3699847459793091,0.6331496238708496,0.00964499718468037,0.5742320380546715,0.623488704888171,0.5898393430690809
2,1000,3,0.5,33,0.3714756965637207,-0.6377356052398682,-0.6285243034362793,0.36226439476013184,0.6361129283905029,0.009696126595764154,0.5721335694735784,0.6253763654078578,0.5926360569669223
2,1000,3,0.5,34,0.3898134231567383,-0.6430892944335938,-0.6101865768432617,0.35691070556640625,0.6324362754821777,0.009327212179003654,0.5687673448146746,0.6230575973215335,0.5903935341101918
2,1000,3,0.5,35,0.40591588616371155,-0.6497064828872681,-0.5940841138362885,0.35029351711273193,0.6328627467155457,0.009475798352874999,0.568408278040842,0.6240456189076997,0.5873098809483362
2,1000,3,0.5,36,0.4260978102684021,-0.6537995934486389,-0.5739021897315979,0.3462004065513611,0.6353846192359924,0.010119864403637165,0.5680227038340188,0.6257895112027695,0.5967273039832357
2,1000,3,0.5,37,0.44204798340797424,-0.6606661677360535,-0.5579520165920258,0.33933383226394653,0.6234666109085083,0.009351550033318185,0.5634448917862531,0.6147345163041048,0.5799659377049389
2,1000,3,0.5,38,0.46009495854377747,-0.665377140045166,-0.5399050414562225,0.334622859954834,0.6283882856369019,0.008481965133792062,0.5583877420904806,0.6182504488238374,0.580101264256497
2,1000,3,0.5,39,0.475106805562973,-0.6711490154266357,-0.524893194437027,0.32885098457336426,0.625769853591919,0.008304824144313251,0.5562153720408696,0.6173407905036947,0.5804711528726084
2,1000,3,0.5,40,0.48867449164390564,-0.6786361336708069,-0.5113255083560944,0.3213638663291931,0.6238950490951538,0.008149978989980457,0.5535273248417782,0.6152229562402557,0.5783829626085301
2,1000,3,0.5,41,0.5023347735404968,-0.6856069564819336,-0.4976652264595032,0.3143930435180664,0.6207352876663208,0.008352000710458942,0.5513283987509645,0.6127463896441218,0.5795136563168544
2,1000,3,0.5,42,0.5157145261764526,-0.69278883934021,-0.48428547382354736,0.30721116065979004,0.616371750831604,0.008671502893145862,0.5508524939587758,0.6102691069162219,0.5782074112151715
2,1000,3,0.5,43,0.5352649688720703,-0.6961660385131836,-0.4647350311279297,0.3038339614868164,0.6339465379714966,0.009632350338374243,0.5560455425791649,0.6244111258587346,0.5933911456601054
2,1000,3,0.5,44,0.5492845773696899,-0.704014241695404,-0.45071542263031006,0.29598575830459595,0.6222543716430664,0.01164875675968174,0.5642445059262241,0.6168135065930906,0.5806781891376364
2,1000,3,0.5,45,0.5709937214851379,-0.7033932209014893,-0.42900627851486206,0.29660677909851074,0.6325473785400391,0.009224580602222327,0.5510583368762028,0.6232674309454573,0.5900169749696809
2,1000,3,0.5,46,0.5863153338432312,-0.7082408666610718,-0.4136846661567688,0.2917591333389282,0.6211259961128235,0.008926028271144023,0.5471524344647524,0.6149550534774219,0.5785539696705623
2,1000,3,0.5,47,0.6015268564224243,-0.7149549126625061,-0.3984731435775757,0.2850450873374939,0.6278610229492188,0.009459297894880288,0.5446744976979676,0.6186057655596079,0.5793894319461358
2,1000,3,0.5,48,0.6201360821723938,-0.7192382216453552,-0.3798639178276062,0.2807617783546448,0.6265465021133423,0.008963895530676284,0.5411007231048085,0.6175031097619028,0.5770926759708783
2,1000,3,0.5,49,0.6346418261528015,-0.725039005279541,-0.3653581738471985,0.274960994720459,0.628753662109375,0.009561070635874412,0.5402448834522326,0.620003780109426,0.5785652801800656
2,1000,3,0.5,50,0.6521462798118591,-0.7300330996513367,-0.34785372018814087,0.26996690034866333,0.6243271231651306,0.008860509932549715,0.5369627340912919,0.6169708061813216,0.5765668643168351
2,1000,3,0.5,51,0.6691951155662537,-0.7360339760780334,-0.33080488443374634,0.26396602392196655,0.6234869956970215,0.008763890552858731,0.5380325645327984,0.6165071138324829,0.5784980096528332
2,1000,3,0.5,52,0.6831135153770447,-0.7434229850769043,-0.3168864846229553,0.2565770149230957,0.619638204574585,0.010601439697299467,0.538434304988571,0.6136335362240007,0.576655268545131
2,1000,3,0.5,53,0.70135498046875,-0.7459997534751892,-0.29864501953125,0.2540002465248108,0.6250724792480469,0.008959300801606717,0.5371925433527099,0.6160192935941121,0.5864724924773793
2,1000,3,0.5,54,0.7150902152061462,-0.7517836093902588,-0.28490978479385376,0.2482163906097412,0.6148760318756104,0.008530008683478979,0.5318974247521049,0.6074070103597358,0.5734705718785265
2,1000,3,0.5,55,0.7270956635475159,-0.7565876245498657,-0.27290433645248413,0.24341237545013428,0.6127936840057373,0.009092349489245422,0.52967807882619,0.6074479163833673,0.5737743313812478
2,1000,3,0.5,56,0.7413568496704102,-0.75965416431427,-0.25864315032958984,0.24034583568572998,0.6195652484893799,0.009399580000637897,0.5323299896472694,0.6134869801993695,0.5853251792038889
2,1000,3,0.5,57,0.7500709295272827,-0.7665679454803467,-0.24992907047271729,0.23343205451965332,0.6157213449478149,0.010625234011783459,0.5306972193981668,0.6115853999617579,0.5764547089601469
2,1000,3,0.5,58,0.7646224498748779,-0.7700196504592896,-0.23537755012512207,0.22998034954071045,0.6224852800369263,0.009151925158565496,0.5289355481429526,0.6137950187516032,0.5790814444851684
2,1000,3,0.5,59,0.7766537666320801,-0.7752901315689087,-0.22334623336791992,0.2247098684310913,0.6240975856781006,0.009128366071922427,0.5273477594588174,0.6169027856953404,0.5788176557132869
2,1000,3,0.5,60,0.7860789895057678,-0.7853752374649048,-0.21392101049423218,0.21462476253509521,0.615705132484436,0.011975314150519395,0.5349307302399028,0.6126203510145005,0.577191035179847
2,1000,3,0.5,61,0.8012307286262512,-0.7915436625480652,-0.19876927137374878,0.20845633745193481,0.6193454265594482,0.009039149264834338,0.5239130597202373,0.6128220841840522,0.5783048180067012
2,1000,3,0.5,62,0.8138226866722107,-0.7960830330848694,-0.1861773133277893,0.20391696691513062,0.632154107093811,0.009619948844900169,0.5287870921340858,0.622942626121907,0.5871473747893952
2,1000,3,0.5,63,0.8216312527656555,-0.8047654032707214,-0.17836874723434448,0.19523459672927856,0.6154678463935852,0.009911017609337453,0.5208145265783163,0.6096420642232216,0.5749378190209241
2,1000,3,0.5,64,0.8278094530105591,-0.809997022151947,-0.17219054698944092,0.19000297784805298,0.6167789697647095,0.012481908428831073,0.532739713909276,0.6138000883064778,0.5794442278106637
2,1000,3,0.5,65,0.8381311893463135,-0.809706449508667,-0.16186881065368652,0.190293550491333,0.6309764385223389,0.0097034405971486,0.528970275327667,0.622305013128982,0.5901112412461426
2,1000,3,0.5,66,0.8446037173271179,-0.8173635601997375,-0.15539628267288208,0.18263643980026245,0.6166301965713501,0.010357034182749525,0.5201759635762144,0.6099892381762289,0.5744341507524477
2,1000,3,0.5,67,0.8540899753570557,-0.8219654560089111,-0.14591002464294434,0.17803454399108887,0.6127844452857971,0.009553330875896267,0.5160863170803879,0.608520297131974,0.5757741245894576
2,1000,3,0.5,68,0.8625516891479492,-0.8247763514518738,-0.13744831085205078,0.17522364854812622,0.6154937744140625,0.011113078114651828,0.5199596380394543,0.6125336588968257,0.5773024032081081
2,1000,3,0.5,69,0.8714685440063477,-0.8251628279685974,-0.12853145599365234,0.1748371720314026,0.6172212362289429,0.009330747663526954,0.5144595354887498,0.6118070956173224,0.5799566616266113
2,1000,3,0.5,70,0.8787524700164795,-0.8293788433074951,-0.12124752998352051,0.17062115669250488,0.6134639382362366,0.009205645229964612,0.5130859507426209,0.6077926466616088,0.5784632221772413
2,1000,3,0.5,71,0.8854409456253052,-0.8324075937271118,-0.11455905437469482,0.16759240627288818,0.6121501922607422,0.010142929770972822,0.5138442120164491,0.6075847870441188,0.5795940012288479
2,1000,3,0.5,72,0.8981328010559082,-0.8328835368156433,-0.1018671989440918,0.1671164631843567,0.6348814368247986,0.01052940837548226,0.5287670376902533,0.6279663137654988,0.5971963842381589
2,1000,3,0.5,73,0.9021492600440979,-0.837648868560791,-0.0978507399559021,0.16235113143920898,0.6196352243423462,0.01025354854919271,0.5111928449812112,0.6151226691806758,0.5820504247671411
2,1000,3,0.5,74,0.9048219323158264,-0.8420714735984802,-0.09517806768417358,0.15792852640151978,0.6221753358840942,0.011768642789159497,0.5150059676155625,0.6175925110161393,0.5795636973485898
2,1000,3,0.5,75,0.9155043959617615,-0.8401294946670532,-0.08449560403823853,0.15987050533294678,0.6312824487686157,0.010327510382039879,0.5195365827967368,0.6252210393553195,0.5930233478780648
2,1000,3,0.5,76,0.9201906323432922,-0.8458632230758667,-0.07980936765670776,0.1541367769241333,0.6264692544937134,0.011202085817355266,0.5129576624447849,0.619014240950792,0.5804272879487019
2,1000,3,0.5,77,0.922225296497345,-0.8512306809425354,-0.07777470350265503,0.1487693190574646,0.6181975603103638,0.014049623925775573,0.5324832830346594,0.6166013571690627,0.5854020068011845
2,1000,3,0.5,78,0.931835412979126,-0.8473973274230957,-0.06816458702087402,0.1526026725769043,0.6525397300720215,0.012760412945330132,0.5432800884225428,0.6458070943008142,0.6134653021691293
2,1000,3,0.5,79,0.9326640367507935,-0.851378321647644,-0.06733596324920654,0.14862167835235596,0.6274966597557068,0.013033031478026862,0.5184740300102026,0.6219640811265725,0.5821322829405701
2,1000,3,0.5,80,0.939329981803894,-0.8500078320503235,-0.06067001819610596,0.1499921679496765,0.6198992133140564,0.011019328132704419,0.5096425793001176,0.6144799790718757,0.5785657139071154
2,1000,3,0.5,81,0.9453340768814087,-0.8479724526405334,-0.05466592311859131,0.15202754735946655,0.6370288133621216,0.011365596914420692,0.5248538377244636,0.6292623608760024,0.597295640065259
2,1000,3,0.5,82,0.9451847672462463,-0.8534446358680725,-0.05481523275375366,0.1465553641319275,0.6289263963699341,0.01452700271409593,0.5347223007032853,0.6249890274746632,0.5881494722856438
2,1000,3,0.5,83,0.9538040161132812,-0.8523764610290527,-0.04619598388671875,0.14762353897094727,0.6304275989532471,0.009971276897466083,0.5128724955312491,0.6226777466218401,0.5845165687834876
2,1000,3,0.5,84,0.956921398639679,-0.8567394018173218,-0.043078601360321045,0.14326059818267822,0.6230655908584595,0.010534034254413776,0.5063397222211387,0.6144304978514008,0.5740639560268914
2,1000,3,0.5,85,0.9626930356025696,-0.8581388592720032,-0.03730696439743042,0.14186114072799683,0.6207830905914307,0.011448378531419478,0.5083812005082667,0.6156261153864621,0.5778443203261346
2,1000,3,0.5,86,0.9714620113372803,-0.8580094575881958,-0.028537988662719727,0.1419905424118042,0.6314878463745117,0.010801722398102807,0.5152828326927066,0.625839714169383,0.5936745742130759
2,1000,3,0.5,87,0.9774422645568848,-0.8606761693954468,-0.022557735443115234,0.13932383060455322,0.6127922534942627,0.009854009038803591,0.5062639851587002,0.6096240899433923,0.5831270909414951
2,1000,3,0.5,88,0.9823979139328003,-0.8650621771812439,-0.017602086067199707,0.1349378228187561,0.622165858745575,0.012002712847040577,0.505804324465722,0.614608260126928,0.578212836907432
2,1000,3,0.5,89,0.9879853129386902,-0.8664359450340271,-0.012014687061309814,0.1335640549659729,0.6163763999938965,0.009668744055270089,0.5001904853141745,0.6113612090882874,0.5802824819417258
2,1000,3,0.5,90,0.9916887879371643,-0.8691480755805969,-0.008311212062835693,0.13085192441940308,0.6210508346557617,0.01044834222046105,0.4995204351282577,0.6165715071107195,0.580907006265466
2,1000,3,0.5,91,0.9986636638641357,-0.87049400806427,-0.0013363361358642578,0.12950599193572998,0.619064450263977,0.010011940848517207,0.4983240725584229,0.614365956319089,0.5801842025106653
2,1000,3,0.5,92,1.0037099123001099,-0.8727624416351318,0.0037099123001098633,0.12723755836486816,0.6231445074081421,0.010623285243219843,0.4983803637221949,0.6176176214917142,0.5835353371920237
2,1000,3,0.5,93,1.0115649700164795,-0.8754026293754578,0.011564970016479492,0.12459737062454224,0.6200297474861145,0.010679586915939628,0.49618826828456536,0.6142763737427529,0.5842931399261715
2,1000,3,0.5,94,1.018336296081543,-0.8787565231323242,0.01833629608154297,0.12124347686767578,0.6189805269241333,0.011727790025988628,0.5004348973911142,0.6143984193825194,0.5829631245426777
2,1000,3,0.5,95,1.0252245664596558,-0.8791735172271729,0.02522456645965576,0.12082648277282715,0.623454213142395,0.010679560354667068,0.4955188369422703,0.6183700726066773,0.5832538722308148
2,1000,3,0.5,96,1.0277665853500366,-0.882225751876831,0.02776658535003662,0.11777424812316895,0.6248819231987,0.011655329466288441,0.4958172716634441,0.6195533872989257,0.579887166664196
2,1000,3,0.5,97,1.031327724456787,-0.8848745822906494,0.03132772445678711,0.11512541770935059,0.6185550093650818,0.011196270136682202,0.4969444947182315,0.6135726471383454,0.5793301749716914
2,1000,3,0.5,98,1.035436749458313,-0.8836525678634644,0.03543674945831299,0.11634743213653564,0.6241730451583862,0.010338059601058427,0.5007703732012729,0.6181435373122932,0.5871540521926775
2,1000,3,0.5,99,1.034806489944458,-0.8846109509468079,0.03480648994445801,0.11538904905319214,0.6184124946594238,0.012405904180117645,0.49584849572849055,0.613548245161957,0.5804417756117417
2,1000,3,0.5,100,1.0346814393997192,-0.8853010535240173,0.03468143939971924,0.11469894647598267,0.6228806376457214,0.013474380956114845,0.5033058918782601,0.6172132994704005,0.5812059692910178
2,1000,3,0.5,101,1.0379276275634766,-0.8842149972915649,0.03792762756347656,0.11578500270843506,0.6230310201644897,0.009970373123668611,0.49250353971882,0.616998305224259,0.5835823608585422
2,1000,3,0.5,102,1.0402858257293701,-0.8856140971183777,0.04028582572937012,0.11438590288162231,0.629044771194458,0.012355598633597158,0.49311790017965296,0.6235330013448294,0.5895567099597055
2,1000,3,0.5,103,1.0449321269989014,-0.8857549428939819,0.04493212699890137,0.11424505710601807,0.6186386942863464,0.010345350789201724,0.49450947526029926,0.6158451533083539,0.590457936328034
2,1000,3,0.5,104,1.0455125570297241,-0.8861615061759949,0.04551255702972412,0.11383849382400513,0.6376778483390808,0.012463514343247167,0.4949775418871479,0.6313118963138953,0.5873204724046541
2,1000,3,0.5,105,1.050109624862671,-0.8879861831665039,0.0501096248626709,0.1120138168334961,0.6245801448822021,0.01091375492982641,0.4923640110831786,0.6174051179454112,0.5816473685893659
2,1000,3,0.5,106,1.0525367259979248,-0.8885775208473206,0.052536725997924805,0.11142247915267944,0.6306512951850891,0.012846119843300877,0.48920657311797483,0.6245502195788195,0.5861620037041629
2,1000,3,0.5,107,1.0560935735702515,-0.8877027630805969,0.056093573570251465,0.11229723691940308,0.6220705509185791,0.01066002521487508,0.49368819270595155,0.618534301059518,0.5919323704078066
2,1000,3,0.5,108,1.0546586513519287,-0.8904322981834412,0.05465865135192871,0.10956770181655884,0.6381322145462036,0.012087917340634193,0.488422936293542,0.6294262302893928,0.5846401730788277
2,1000,3,0.5,109,1.0525988340377808,-0.8910901546478271,0.05259883403778076,0.10890984535217285,0.6206932067871094,0.010305892789153868,0.4858161378538175,0.6136841220921823,0.5844132261161572
2,1000,3,0.5,110,1.0526230335235596,-0.8918151259422302,0.05262303352355957,0.10818487405776978,0.6271082162857056,0.011320133779558811,0.4866563650725834,0.6204724785855484,0.5905868410657511
2,1000,3,0.5,111,1.0539008378982544,-0.8941969871520996,0.053900837898254395,0.10580301284790039,0.6238434314727783,0.010934613212951897,0.4878725792332413,0.6169681756081578,0.5814751977516712
2,1000,3,0.5,112,1.058612585067749,-0.8911519646644592,0.05861258506774902,0.10884803533554077,0.6464366316795349,0.012507568937965605,0.502004600880258,0.6384169441004793,0.5992903992109038
2,1000,3,0.5,113,1.057466983795166,-0.892379641532898,0.057466983795166016,0.10762035846710205,0.6191530227661133,0.013331839999579431,0.49644620963880187,0.614697252300177,0.5880300238630907
2,1000,3,0.5,114,1.060351014137268,-0.8898550271987915,0.060351014137268066,0.1101449728012085,0.6259138584136963,0.01071591536315278,0.48495174229405036,0.6182596296071989,0.5883928488148543
2,1000,3,0.5,115,1.0577870607376099,-0.8914440870285034,0.05778706073760986,0.10855591297149658,0.6442199349403381,0.01241888764499002,0.4978389340054237,0.6359035191983071,0.5988162594210503
2,1000,3,0.5,116,1.0587347745895386,-0.8960702419281006,0.058734774589538574,0.10392975807189941,0.6256823539733887,0.012006369581822156,0.4823557705131911,0.6182278944770994,0.584135552775112
2,1000,3,0.5,117,1.0601307153701782,-0.896869421005249,0.06013071537017822,0.10313057899475098,0.6224031448364258,0.011974019466734181,0.48063801534362666,0.6153466856028993,0.5833625772360883
2,1000,3,0.5,118,1.0586224794387817,-0.8969193696975708,0.05862247943878174,0.1030806303024292,0.6227681636810303,0.012085242603262459,0.481081114181315,0.6151739227321107,0.5842253497370276
2,1000,3,0.5,119,1.0606989860534668,-0.895603597164154,0.0606989860534668,0.10439640283584595,0.6346930265426636,0.011722189813864888,0.4832962561438558,0.6274004113689344,0.5939226290078009
2,1000,3,0.5,120,1.0579659938812256,-0.8984039425849915,0.057965993881225586,0.10159605741500854,0.6269345283508301,0.011346039048802154,0.4748215110155455,0.6211148761397357,0.5857928662407328
2,1000,3,0.5,121,1.0530835390090942,-0.9038997292518616,0.05308353900909424,0.09610027074813843,0.6514074802398682,0.018344502647745394,0.5146654860701915,0.6410348690548153,0.5942081981761104
2,1000,3,0.5,122,1.0554519891738892,-0.9008580446243286,0.05545198917388916,0.09914195537567139,0.635165810585022,0.010302210633900266,0.4847840243081754,0.6238893257351134,0.5907327488742516
2,1000,3,0.5,123,1.0556113719940186,-0.9019829034805298,0.055611371994018555,0.09801709651947021,0.6308590173721313,0.012591106352438064,0.48242302375992824,0.6256142117744464,0.5928655931254031
2,1000,3,0.5,124,1.0554548501968384,-0.9024018049240112,0.05545485019683838,0.09759819507598877,0.6238834261894226,0.011420247129331616,0.4742170049284074,0.617015334374636,0.5829519038116135
2,1000,3,0.5,125,1.0591765642166138,-0.9005592465400696,0.05917656421661377,0.09944075345993042,0.6347697973251343,0.011181942305057731,0.47509754822636674,0.6240346445606881,0.58357689028374
2,1000,3,0.5,126,1.0594491958618164,-0.9015990495681763,0.059449195861816406,0.09840095043182373,0.6248816251754761,0.0109856224089805,0.47280494558516295,0.6186681782917914,0.581806074383659
2,1000,3,0.5,127,1.0607154369354248,-0.9058020114898682,0.060715436935424805,0.09419798851013184,0.6320716142654419,0.013674281142435619,0.48017684333269883,0.6260095917478885,0.5857437804542931
2,1000,3,0.5,128,1.0612590312957764,-0.9097063541412354,0.06125903129577637,0.09029364585876465,0.6306401491165161,0.0131889837853869,0.48416558150129424,0.6240812552332973,0.5852470202366362
2,1000,3,0.5,129,1.0628851652145386,-0.906463086605072,0.06288516521453857,0.09353691339492798,0.6343971490859985,0.01071718853681571,0.4803298077725128,0.6254880232484791,0.592477160832839
2,1000,3,0.5,130,1.0661009550094604,-0.9062064290046692,0.06610095500946045,0.09379357099533081,0.637693464756012,0.010997901321445838,0.4788041878845678,0.6283327950260502,0.5931889297084377
2,1000,3,0.5,131,1.0680915117263794,-0.9081284999847412,0.0680915117263794,0.09187150001525879,0.6266050338745117,0.011429947251428221,0.473917594270723,0.6195511403193018,0.5843657557599359
2,1000,3,0.5,132,1.0698761940002441,-0.907395601272583,0.06987619400024414,0.09260439872741699,0.630213737487793,0.012917672870902524,0.4727687815956959,0.624366019378267,0.5870786445505825
2,1000,3,0.5,133,1.0724081993103027,-0.904227614402771,0.07240819931030273,0.095772385597229,0.6335644125938416,0.011134899838410092,0.48141428872550335,0.6270336007437237,0.6008775587333405
2,1000,3,0.5,134,1.0715101957321167,-0.9059796929359436,0.0715101957321167,0.0940203070640564,0.6352419853210449,0.011638493232104589,0.46740481588463867,0.6260346413292095,0.5886595842376694
2,1000,3,0.5,135,1.0725433826446533,-0.9071525931358337,0.07254338264465332,0.09284740686416626,0.6409826278686523,0.012835069665089606,0.47791707689169577,0.6307748000483256,0.5853957220899697
2,1000,3,0.5,136,1.07451593875885,-0.9054744243621826,0.0745159387588501,0.09452557563781738,0.6354682445526123,0.011269388942042735,0.46529912489714464,0.6278551521153625,0.5906213190183353
2,1000,3,0.5,137,1.0750510692596436,-0.9055439233779907,0.07505106925964355,0.09445607662200928,0.6333699226379395,0.011803444275553309,0.4703137524987777,0.6292985379406416,0.5950602279842109
2,1000,3,0.5,138,1.072290301322937,-0.9082803130149841,0.07229030132293701,0.09171968698501587,0.6417511701583862,0.011696756228042811,0.46898856085243573,0.630270808106349,0.5901137804830973
2,1000,3,0.5,139,1.0715538263320923,-0.9097373485565186,0.07155382633209229,0.09026265144348145,0.6355953812599182,0.01293325438544493,0.47223764669779766,0.6271617116794712,0.589309402348732
2,1000,3,0.5,140,1.072097897529602,-0.9064234495162964,0.07209789752960205,0.09357655048370361,0.6323308944702148,0.011930739247271569,0.47101014745837844,0.6259961841200812,0.597972812489063
2,1000,3,0.5,141,1.0711477994918823,-0.9060777425765991,0.07114779949188232,0.09392225742340088,0.6303002834320068,0.010643082933311935,0.466367555467013,0.620597039088776,0.5911169773203138
2,1000,3,0.5,142,1.0662033557891846,-0.9082288146018982,0.06620335578918457,0.0917711853981018,0.6380126476287842,0.012819920148687705,0.46596466753554083,0.6267430430625784,0.591344470089426
2,1000,3,0.5,143,1.0665600299835205,-0.9085738062858582,0.06656002998352051,0.09142619371414185,0.6221404671669006,0.01079196615033633,0.4622609157192683,0.6141144054415194,0.5929348335140182
2,1000,3,0.5,144,1.0678069591522217,-0.9099034667015076,0.06780695915222168,0.09009653329849243,0.6263017058372498,0.01132300626222115,0.4604658566796591,0.6169789108410556,0.5939292759590276
2,1000,3,0.5,145,1.065181016921997,-0.9145618081092834,0.06518101692199707,0.08543819189071655,0.6427833437919617,0.017280694958260127,0.48217282560995955,0.6361243714057436,0.6003945467503383
2,1000,3,0.5,146,1.0680150985717773,-0.9136040210723877,0.06801509857177734,0.0863959789276123,0.6425038576126099,0.013294581075986018,0.4797118919230882,0.6365339964618302,0.6108228560913871
2,1000,3,0.5,147,1.0652871131896973,-0.9183596968650818,0.06528711318969727,0.08164030313491821,0.6371610760688782,0.012325169558249882,0.4590324218746458,0.6295404618118196,0.5932944010541005
2,1000,3,0.5,148,1.0608633756637573,-0.923777163028717,0.060863375663757324,0.07622283697128296,0.6477022171020508,0.015014326828681637,0.47814982907740416,0.637924743966958,0.5923616399172071
2,1000,3,0.5,149,1.0613982677459717,-0.9215553998947144,0.06139826774597168,0.07844460010528564,0.6336457133293152,0.011035743598970674,0.4600006839503649,0.6229183761549906,0.5920251959107302
2,1000,3,0.5,150,1.0614244937896729,-0.9213703274726868,0.06142449378967285,0.07862967252731323,0.6372479200363159,0.011909236676451676,0.45671774245364405,0.6289667005842378,0.5954750803654679
2,1000,3,0.5,151,1.0576035976409912,-0.9223740696907043,0.05760359764099121,0.07762593030929565,0.6378178596496582,0.012659081614043898,0.45702862027661617,0.6319126364405372,0.5972315705570366
2,1000,3,0.5,152,1.0532028675079346,-0.9245637059211731,0.05320286750793457,0.0754362940788269,0.6391615867614746,0.013077886085841975,0.4609976014705087,0.631547335956822,0.5952185101685769
2,1000,3,0.5,153,1.0503795146942139,-0.9239799380302429,0.05037951469421387,0.07602006196975708,0.6360839605331421,0.013164373827902507,0.4578363672688702,0.6282650800141579,0.6025205699513246
2,1000,3,0.5,154,1.0470317602157593,-0.9252213835716248,0.04703176021575928,0.07477861642837524,0.6352617740631104,0.012127012553469204,0.45688076056588856,0.6257838317096622,0.6027880428523483
2,1000,3,0.5,155,1.0454062223434448,-0.9256407618522644,0.045406222343444824,0.0743592381477356,0.6397252082824707,0.012938895097475568,0.45387261827659564,0.6321557119577252,0.5994447976802433
2,1000,3,0.5,156,1.0415507555007935,-0.9281236529350281,0.04155075550079346,0.07187634706497192,0.6442809700965881,0.01385461720115227,0.46131031190069743,0.6351593872649771,0.5961626297300584
2,1000,3,0.5,157,1.042796015739441,-0.9268786311149597,0.04279601573944092,0.07312136888504028,0.6418180465698242,0.013301267207988375,0.46261117363185705,0.6344940661650625,0.6081260230041642
2,1000,3,0.5,158,1.0438004732131958,-0.9247156977653503,0.0438004732131958,0.07528430223464966,0.6525101661682129,0.014718758921754645,0.47858895759215925,0.6443439731506015,0.6202992578620661
2,1000,3,0.5,159,1.0402772426605225,-0.929429292678833,0.04027724266052246,0.07057070732116699,0.6532305479049683,0.015566601354236915,0.47139184557676744,0.6421534505042455,0.6000183292879513
2,1000,3,0.5,160,1.0424829721450806,-0.9256767630577087,0.042482972145080566,0.07432323694229126,0.6466315984725952,0.013934283533536524,0.4571500321811415,0.6409611372997297,0.6073941727131366
2,1000,3,0.5,161,1.0454107522964478,-0.9255778789520264,0.045410752296447754,0.07442212104797363,0.6467207670211792,0.014128110874475885,0.4655816322780046,0.6416959557206744,0.6135481480360232
2,1000,3,0.5,162,1.043102741241455,-0.9300228953361511,0.04310274124145508,0.06997710466384888,0.6652123332023621,0.019020316771576177,0.4914782685105024,0.6538679830784928,0.6103241625306701
2,1000,3,0.5,163,1.0521156787872314,-0.9232344031333923,0.052115678787231445,0.07676559686660767,0.6511598825454712,0.015287314459176386,0.47850034420051574,0.6465249710589954,0.62624074231943
2,1000,3,0.5,164,1.0528016090393066,-0.9259957075119019,0.05280160903930664,0.07400429248809814,0.6401385068893433,0.013148853086654906,0.45367333771330676,0.6317516123090832,0.6014049246247244
2,1000,3,0.5,165,1.0553040504455566,-0.9273750185966492,0.05530405044555664,0.07262498140335083,0.6433308124542236,0.013566579640490555,0.4483024289256224,0.6343855225921533,0.5986836047381351
2,1000,3,0.5,166,1.054429292678833,-0.9306875467300415,0.05442929267883301,0.0693124532699585,0.6377625465393066,0.013324248290235461,0.45286036675405184,0.6291264991797676,0.6079382408385565
2,1000,3,0.5,167,1.0503149032592773,-0.9337745904922485,0.050314903259277344,0.06622540950775146,0.6485595107078552,0.014952051438428314,0.4508123833703128,0.6391488203673142,0.6038346363321959
2,1000,3,0.5,168,1.048839807510376,-0.9334636330604553,0.04883980751037598,0.06653636693954468,0.6453150510787964,0.013110050546584071,0.44844792890689456,0.6332933116088416,0.6032239903304449
2,1000,3,0.5,169,1.0452170372009277,-0.9341514110565186,0.045217037200927734,0.06584858894348145,0.6443029642105103,0.014231493908779562,0.4554197206810484,0.6363966760471854,0.6083345283398464
2,1000,3,0.5,170,1.040219783782959,-0.9364919662475586,0.040219783782958984,0.0635080337524414,0.6415782570838928,0.013187996841271917,0.44504401304221586,0.6316293631029243,0.601884523303993
2,1000,3,0.5,171,1.036665439605713,-0.9372925162315369,0.03666543960571289,0.06270748376846313,0.6456615924835205,0.014786525166897888,0.44570247980670985,0.6370242468658384,0.60604526559168
2,1000,3,0.5,172,1.0327153205871582,-0.9387480020523071,0.0327153205871582,0.06125199794769287,0.6413374543190002,0.014238819241744225,0.4474487111500931,0.6293449938288834,0.602874729362902
2,1000,3,0.5,173,1.0311673879623413,-0.9394069314002991,0.03116738796234131,0.06059306859970093,0.6449569463729858,0.013853618668556963,0.442833019712386,0.6340457320930757,0.6063496621244087
2,1000,3,0.5,174,1.033654808998108,-0.9419841170310974,0.03365480899810791,0.05801588296890259,0.6487617492675781,0.013990576913349614,0.4484419219700137,0.6372212926104409,0.6053694638144403
2,1000,3,0.5,175,1.0372064113616943,-0.941613495349884,0.037206411361694336,0.05838650465011597,0.6537181735038757,0.016336704340465375,0.4498029729048881,0.6474134059811888,0.6126556727462248
2,1000,3,0.5,176,1.0398306846618652,-0.9431411027908325,0.039830684661865234,0.05685889720916748,0.6405068635940552,0.013243908691401593,0.4471394460520681,0.6298615997824665,0.6074929790091773
2,1000,3,0.5,177,1.0374833345413208,-0.9444495439529419,0.0374833345413208,0.055550456047058105,0.644729495048523,0.013892519582863283,0.4432670569544295,0.631734837290811,0.6047555722276168
2,1000,3,0.5,178,1.0390969514846802,-0.9461650252342224,0.039096951484680176,0.05383497476577759,0.6432155966758728,0.013762207368078568,0.44313986688283724,0.6348050773186371,0.6107244552557592
2,1000,3,0.5,179,1.0374131202697754,-0.9498307704925537,0.03741312026977539,0.05016922950744629,0.6599937081336975,0.016695216244823213,0.4500039828708847,0.6492417420831975,0.6114892147896721
2,1000,3,0.5,180,1.0423541069030762,-0.9490422606468201,0.04235410690307617,0.05095773935317993,0.6474146842956543,0.014666622058960093,0.4452681506397771,0.6388153614218584,0.6145373497506496
2,1000,3,0.5,181,1.0444815158843994,-0.9484006762504578,0.044481515884399414,0.051599323749542236,0.650488018989563,0.017297678085166645,0.4743051430100176,0.6467429610777219,0.6333392371827138
2,1000,3,0.5,182,1.0428175926208496,-0.949039876461029,0.04281759262084961,0.05096012353897095,0.6536146402359009,0.014723276916817664,0.44885054596871243,0.6388006216397532,0.6026327625865773
2,1000,3,0.5,183,1.0429770946502686,-0.9479203820228577,0.042977094650268555,0.052079617977142334,0.648770809173584,0.013784621125805266,0.44239118277974204,0.6372380274319779,0.6073761812170535
2,1000,3,0.5,184,1.0394911766052246,-0.9485994577407837,0.03949117660522461,0.05140054225921631,0.6649425029754639,0.016896913824945414,0.4448000218976384,0.6561407824729798,0.6117833542138341
2,1000,3,0.5,185,1.0409483909606934,-0.9471824169158936,0.04094839096069336,0.052817583084106445,0.64756178855896,0.01410002668899606,0.450119160666697,0.6369395245105641,0.6152790152842598
2,1000,3,0.5,186,1.0368369817733765,-0.9474727511405945,0.036836981773376465,0.05252724885940552,0.6496372818946838,0.01651520819357117,0.44319682190793735,0.6438959049085556,0.6186216889763129
2,1000,3,0.5,187,1.0371909141540527,-0.948418140411377,0.037190914154052734,0.05158185958862305,0.6431499719619751,0.014428139595600029,0.43798809673860417,0.6319137961348305,0.6084821329745682
2,1000,3,0.5,188,1.0392276048660278,-0.9503651261329651,0.03922760486602783,0.04963487386703491,0.6447429060935974,0.014596666731493261,0.44131944401700934,0.6331728147272981,0.6088260065012393
2,1000,3,0.5,189,1.0421062707901,-0.9518260955810547,0.0421062707901001,0.04817390441894531,0.6409763097763062,0.013870763584681986,0.4390357730050441,0.6304437485521945,0.6089218529325676
2,1000,3,0.5,190,1.0442428588867188,-0.9520522952079773,0.04424285888671875,0.047947704792022705,0.6492301821708679,0.01590016992905863,0.44340880993014314,0.6425120552102724,0.6167688859925144
2,1000,3,0.5,191,1.0432549715042114,-0.9549351334571838,0.043254971504211426,0.04506486654281616,0.6465825438499451,0.014589203859656933,0.4351930396668024,0.636319385736776,0.6138445923452314
2,1000,3,0.5,192,1.0433136224746704,-0.9588612914085388,0.04331362247467041,0.04113870859146118,0.655925989151001,0.01645364297346625,0.44873953333226574,0.640523611087106,0.6105534280460397
2,1000,3,0.5,193,1.0459452867507935,-0.9601859450340271,0.04594528675079346,0.0398140549659729,0.6542486548423767,0.015535252366003522,0.4470752612145095,0.6377389729926315,0.6110539624441965
2,1000,3,0.5,194,1.0512112379074097,-0.9569836258888245,0.05121123790740967,0.04301637411117554,0.6489512920379639,0.017682315061789352,0.46556878530095885,0.6463451369321828,0.6325922739074002
2,1000,3,0.5,195,1.0474419593811035,-0.9603807926177979,0.047441959381103516,0.03961920738220215,0.6586291790008545,0.01848980548469411,0.4579672103813938,0.645866718855124,0.6162917787666902
2,1000,3,0.5,196,1.0521787405014038,-0.9558495879173279,0.05217874050140381,0.04415041208267212,0.6481615900993347,0.014798987510690054,0.4367559566728787,0.636929952853693,0.6127132647054259
2,1000,3,0.5,197,1.0568901300430298,-0.9531393647193909,0.056890130043029785,0.04686063528060913,0.6477926969528198,0.01621641393646368,0.4468076323574941,0.6397406219818581,0.622672144713578
2,1000,3,0.5,198,1.0576109886169434,-0.9528835415840149,0.05761098861694336,0.04711645841598511,0.6420414447784424,0.015062559651344228,0.4341063085961615,0.6322038448796223,0.613730965363045
2,1000,3,0.5,199,1.0536037683486938,-0.9550633430480957,0.05360376834869385,0.0449366569519043,0.6510840654373169,0.01658172362462736,0.4323754877641049,0.6437240152897573,0.6184731506546488
2,1000,3,0.5,200,1.0519026517868042,-0.9582927823066711,0.0519026517868042,0.04170721769332886,0.6595717668533325,0.017220027111725187,0.4490450239049303,0.644591192864194,0.6144379961236682
2,1000,3,0.5,201,1.0554394721984863,-0.9535253643989563,0.05543947219848633,0.0464746356010437,0.6500928401947021,0.01671227764833161,0.45104103008819424,0.6435164317624679,0.621281186484123
2,1000,3,0.5,202,1.0547997951507568,-0.9524047374725342,0.054799795150756836,0.04759526252746582,0.6524855494499207,0.015632264693188132,0.43286775698416735,0.6438873054846974,0.6149079663676946
2,1000,3,0.5,203,1.0572999715805054,-0.952038049697876,0.05729997158050537,0.04796195030212402,0.655597448348999,0.01668577436019638,0.43367122701290883,0.6442187293085833,0.6145365332647141
2,1000,3,0.5,204,1.059630274772644,-0.9518433809280396,0.05963027477264404,0.04815661907196045,0.6465761661529541,0.01545221580909852,0.4388099800971061,0.6362957657523803,0.6193566818740867
2,1000,3,0.5,205,1.058339238166809,-0.956229567527771,0.05833923816680908,0.043770432472229004,0.654500424861908,0.016771946785897756,0.4307347877170429,0.6430540584876874,0.6160745070322619
2,1000,3,0.5,206,1.060329794883728,-0.9568340182304382,0.06032979488372803,0.04316598176956177,0.65118408203125,0.015616962846015941,0.4283760776953231,0.6358987816908435,0.6113540907606256
2,1000,3,0.5,207,1.0630850791931152,-0.9555650353431702,0.06308507919311523,0.044434964656829834,0.6485630869865417,0.016634341334725886,0.4400702655114753,0.639093940452529,0.6209694135932802
2,1000,3,0.5,208,1.0653696060180664,-0.9551219344139099,0.0653696060180664,0.04487806558609009,0.6473586559295654,0.015706156754774613,0.43304583908829586,0.6349138260816883,0.6172068575504807
2,1000,3,0.5,209,1.0643457174301147,-0.9568042159080505,0.06434571743011475,0.04319578409194946,0.646625280380249,0.015850436219974014,0.42861226055364243,0.6331872824117379,0.6135756421160986
2,1000,3,0.5,210,1.0661382675170898,-0.9567341208457947,0.06613826751708984,0.04326587915420532,0.6465387344360352,0.016782731044779644,0.42999147636006624,0.6362235047274752,0.6175388912643721
2,1000,3,0.5,211,1.0685476064682007,-0.957223117351532,0.06854760646820068,0.04277688264846802,0.6469902396202087,0.014833068344513388,0.430226755445548,0.6310936478694087,0.613050302581745
2,1000,3,0.5,212,1.0673624277114868,-0.9618968963623047,0.06736242771148682,0.03810310363769531,0.655464768409729,0.01756811407569714,0.43407009787143574,0.6453682403229855,0.6216937065584669
2,1000,3,0.5,213,1.070311427116394,-0.9623736143112183,0.07031142711639404,0.03762638568878174,0.6489391922950745,0.01598592992669527,0.4316341611958388,0.6352555309508114,0.6194839637645964
2,1000,3,0.5,214,1.0673582553863525,-0.9662742018699646,0.06735825538635254,0.0337257981300354,0.647916316986084,0.015989657722223154,0.42482727006805504,0.6330099507370036,0.6165363661577166
2,1000,3,0.5,215,1.06305992603302,-0.9674149751663208,0.06305992603302002,0.0325850248336792,0.6565141677856445,0.01749829128788732,0.43302184523608617,0.6444723786368876,0.6207642461873706
2,1000,3,0.5,216,1.062433123588562,-0.9650338292121887,0.06243312358856201,0.03496617078781128,0.6553663015365601,0.015975854543643107,0.4310760459325194,0.6414188702186712,0.618335372991469
2,1000,3,0.5,217,1.0596505403518677,-0.9675292372703552,0.059650540351867676,0.032470762729644775,0.658266544342041,0.017843443865690468,0.43035325476395786,0.6432984413901193,0.616111668002798
2,1000,3,0.5,218,1.0590710639953613,-0.9675973057746887,0.05907106399536133,0.03240269422531128,0.646978497505188,0.015408209382646814,0.4297882134419602,0.6300382263183446,0.6149620502764879
2,1000,3,0.5,219,1.0609824657440186,-0.9635161757469177,0.060982465744018555,0.036483824253082275,0.6564831733703613,0.02000973222557145,0.45741518848774987,0.6499851303252325,0.6354556466728053
2,1000,3,0.5,220,1.0635485649108887,-0.9615458846092224,0.06354856491088867,0.03845411539077759,0.6417584419250488,0.015183126323801177,0.43059542649642274,0.6330221897728514,0.6174302647597385
2,1000,3,0.5,221,1.0652806758880615,-0.9627315998077393,0.06528067588806152,0.03726840019226074,0.6522817015647888,0.01750522612040985,0.4263801883173615,0.6439905347460484,0.6212831296970993
2,1000,3,0.5,222,1.0706831216812134,-0.9633670449256897,0.07068312168121338,0.0366329550743103,0.6556968688964844,0.01749275572711679,0.42597792915503463,0.6441782863439706,0.6203222967578806
2,1000,3,0.5,223,1.0742830038070679,-0.9656290411949158,0.07428300380706787,0.03437095880508423,0.6506668925285339,0.015842757718426977,0.4242259001607216,0.6371291855416645,0.615652840476522
2,1000,3,0.5,224,1.0783545970916748,-0.9662278294563293,0.0783545970916748,0.033772170543670654,0.6518571972846985,0.018109594629839222,0.42973555446381495,0.6416214306742763,0.6235053755783484
2,1000,3,0.5,225,1.0834033489227295,-0.966617226600647,0.08340334892272949,0.03338277339935303,0.6433371305465698,0.01678060290524013,0.4350036781356332,0.6351770744472344,0.6278197224515222
2,1000,3,0.5,226,1.0838794708251953,-0.9710282683372498,0.08387947082519531,0.028971731662750244,0.6494176983833313,0.0176975328485096,0.4281211011930822,0.6379084580207062,0.6198184404841454
2,1000,3,0.5,227,1.0841342210769653,-0.9723535180091858,0.08413422107696533,0.02764648199081421,0.6505597233772278,0.016317174597531767,0.42562502049828693,0.6355894478577937,0.6192219630236382
2,1000,3,0.5,228,1.0846203565597534,-0.9752185344696045,0.08462035655975342,0.024781465530395508,0.6515861749649048,0.017510621431156437,0.421907061147002,0.640678583920529,0.6194009212241816
2,1000,3,0.5,229,1.0871342420578003,-0.9763771295547485,0.08713424205780029,0.023622870445251465,0.6488978266716003,0.01596654365752395,0.42852793086585306,0.6377872198696946,0.6211599036152285
2,1000,3,0.5,230,1.08695387840271,-0.9784368872642517,0.08695387840270996,0.02156311273574829,0.6613028645515442,0.018147224542160462,0.4477597882372795,0.6521630552942247,0.6309011893628008
2,1000,3,0.5,231,1.0813385248184204,-0.9809328317642212,0.08133852481842041,0.01906716823577881,0.660498857498169,0.017558903791754614,0.4230436514293746,0.6439750487970186,0.6186675868365212
2,1000,3,0.5,232,1.078352451324463,-0.9835518598556519,0.07835245132446289,0.016448140144348145,0.6566433906555176,0.017247726603953604,0.427569866957198,0.6411397755673701,0.6204928634268629
2,1000,3,0.5,233,1.0783387422561646,-0.9826626181602478,0.07833874225616455,0.017337381839752197,0.6601001024246216,0.018969274278324157,0.42884586323039414,0.6487290207135044,0.6246805691570121
2,1000,3,0.5,234,1.0825023651123047,-0.9781904220581055,0.08250236511230469,0.02180957794189453,0.6669647693634033,0.01863377728063263,0.4629234017777719,0.6538891149611047,0.6440854313093181
2,1000,3,0.5,235,1.0798137187957764,-0.9822428822517395,0.07981371879577637,0.017757117748260498,0.6620058417320251,0.018003285847641614,0.4266764232908828,0.6441146711378042,0.6193071391411433
2,1000,3,0.5,236,1.0816161632537842,-0.9812154173851013,0.08161616325378418,0.01878458261489868,0.6619731187820435,0.01895167158000626,0.4310625847556544,0.6427172771700645,0.6212185116721974
2,1000,3,0.5,237,1.0845177173614502,-0.9777279496192932,0.0845177173614502,0.022272050380706787,0.6536519527435303,0.01824602408543052,0.42045066438241513,0.6393072039491763,0.6234520285059695
2,1000,3,0.5,238,1.0856541395187378,-0.9783920645713806,0.08565413951873779,0.021607935428619385,0.6447390913963318,0.015930096940248814,0.4212857446849467,0.6308217019956917,0.6177797941350284
2,1000,3,0.5,239,1.0856077671051025,-0.9797623157501221,0.08560776710510254,0.02023768424987793,0.6574603319168091,0.01851149448172852,0.4354129102663944,0.6457027164242831,0.6265631080871975
2,1000,3,0.5,240,1.0847649574279785,-0.9823561310768127,0.08476495742797852,0.017643868923187256,0.6575660109519958,0.017454316117517427,0.421318368375819,0.6423272570629862,0.6193808211037851
2,1000,3,0.5,241,1.0849064588546753,-0.9815845489501953,0.08490645885467529,0.018415451049804688,0.6580003499984741,0.017389642016499608,0.41982952855968664,0.644140034815816,0.6216876137437568
2,1000,3,0.5,242,1.0872962474822998,-0.9798663854598999,0.0872962474822998,0.020133614540100098,0.6519944667816162,0.016974819672477763,0.42935378007669944,0.6375774643377646,0.6251968371591129
2,1000,3,0.5,243,1.082023024559021,-0.982509195804596,0.082023024559021,0.017490804195404053,0.6593331098556519,0.018638634406790755,0.4212619968523319,0.6427561405309892,0.6215731971885591
2,1000,3,0.5,244,1.078149437904358,-0.983590304851532,0.07814943790435791,0.016409695148468018,0.659256100654602,0.0165484491230308,0.43063489605543437,0.6363184841284547,0.6169676953711151
2,1000,3,0.5,245,1.0774592161178589,-0.9834941029548645,0.07745921611785889,0.016505897045135498,0.6719136238098145,0.02053645917035719,0.43577488880218185,0.6546675463913294,0.6268153048757183
2,1000,3,0.5,246,1.0771901607513428,-0.9818635582923889,0.07719016075134277,0.018136441707611084,0.6647042632102966,0.01780676331297661,0.44344467701642176,0.6523128131916747,0.6335509199821348
2,1000,3,0.5,247,1.0753899812698364,-0.9838747382164001,0.07538998126983643,0.016125261783599854,0.6566805243492126,0.018071819905632218,0.42652904681043424,0.6412582550230326,0.6215468771103007
2,1000,3,0.5,248,1.0766478776931763,-0.9834136366844177,0.07664787769317627,0.016586363315582275,0.6485961079597473,0.01619311827908366,0.4188994423302186,0.6345697626867792,0.6200538884049499
2,1000,3,0.5,249,1.0781723260879517,-0.9838810563087463,0.07817232608795166,0.016118943691253662,0.6580231189727783,0.01753779505525613,0.41426728171258387,0.6394447284351491,0.6202840395851119
2,1000,3,0.5,250,1.0779401063919067,-0.985411524772644,0.07794010639190674,0.014588475227355957,0.648998498916626,0.016910657741130878,0.4262880419239234,0.6364589368211533,0.6225176613403773
2,1000,3,0.5,251,1.0737168788909912,-0.9898337125778198,0.07371687889099121,0.010166287422180176,0.6552400588989258,0.017305131943571823,0.41408305873226375,0.640607133701563,0.6208242023461614
2,1000,3,0.5,252,1.0741851329803467,-0.9907343983650208,0.07418513298034668,0.009265601634979248,0.655247688293457,0.01696319991156368,0.41891008915765027,0.6398025498561354,0.6201968237915089
2,1000,3,0.5,253,1.0746307373046875,-0.9916740655899048,0.0746307373046875,0.008325934410095215,0.6589199900627136,0.018848370412504672,0.4299649170126213,0.6489417966941399,0.6307120733852842
2,1000,3,0.5,254,1.0757832527160645,-0.9932806491851807,0.07578325271606445,0.006719350814819336,0.6588352918624878,0.01676649882322897,0.4173735985221329,0.6401379124758787,0.6197310683894234
2,1000,3,0.5,255,1.0727497339248657,-0.9942135214805603,0.07274973392486572,0.005786478519439697,0.6610132455825806,0.017463209108941505,0.4159303764336641,0.6423939244525458,0.6177716076647417
2,1000,3,0.5,256,1.0777368545532227,-0.9921615719795227,0.07773685455322266,0.007838428020477295,0.6530721187591553,0.016895353853380115,0.4226741808441875,0.6416192190912657,0.6228043144352157
2,1000,3,0.5,257,1.0784642696380615,-0.994512677192688,0.07846426963806152,0.005487322807312012,0.6575425267219543,0.01754021716713443,0.4159923312554211,0.6420430528625797,0.6194417495003306
2,1000,3,0.5,258,1.0785505771636963,-0.9935317635536194,0.07855057716369629,0.006468236446380615,0.6594939231872559,0.017067550075773655,0.4167121282145327,0.6438222259310561,0.6214291237316028
2,1000,3,0.5,259,1.0774511098861694,-0.9914292693138123,0.07745110988616943,0.008570730686187744,0.6544489860534668,0.017599768973001167,0.42294843447921926,0.6420917136881391,0.6257149462750246
2,1000,3,0.5,260,1.0724713802337646,-0.9937610626220703,0.07247138023376465,0.0062389373779296875,0.6626193523406982,0.01873546985708857,0.4188296599034246,0.6454368338318549,0.6231168364036621
2,1000,3,0.5,261,1.0735617876052856,-0.9930923581123352,0.07356178760528564,0.006907641887664795,0.6527138948440552,0.01628016952022328,0.41639026966703524,0.6345836545013123,0.6182343615525977
2,1000,3,0.5,262,1.074613094329834,-0.9927905797958374,0.07461309432983398,0.007209420204162598,0.6651977896690369,0.020501435349170635,0.4373235704610919,0.6557251834503274,0.6367693004933157
2,1000,3,0.5,263,1.074116826057434,-0.9952049851417542,0.07411682605743408,0.00479501485824585,0.6615743041038513,0.017780969363292518,0.41765460840499247,0.6428927437409568,0.6203394834307164
2,1000,3,0.5,264,1.0736980438232422,-0.9966199994087219,0.07369804382324219,0.003380000591278076,0.6644160151481628,0.017900828420453666,0.4200617106822088,0.6415893228356845,0.617381596424028
2,1000,3,0.5,265,1.0754350423812866,-0.9960028529167175,0.07543504238128662,0.003997147083282471,0.659717321395874,0.017006091945925072,0.41663272095712456,0.6408996440924517,0.6208979012905635
2,1000,3,0.5,266,1.07511305809021,-0.995400607585907,0.07511305809020996,0.004599392414093018,0.6572161912918091,0.018642166310606563,0.42325924066656795,0.6436004099127905,0.6258546863179988
2,1000,3,0.5,267,1.076903223991394,-0.9955412149429321,0.07690322399139404,0.004458785057067871,0.6602340936660767,0.018079820638683106,0.4277587947072923,0.645347848966109,0.6310765180449581
2,1000,3,0.5,268,1.0772509574890137,-1.0001838207244873,0.07725095748901367,-0.0001838207244873047,0.6697434186935425,0.019614272968981616,0.42417160067450455,0.654317812224363,0.6277475849438547
2,1000,3,0.5,269,1.0816433429718018,-1.0008554458618164,0.08164334297180176,-0.0008554458618164062,0.6671766042709351,0.01760595480397467,0.4176858412034067,0.6474412031554366,0.6196319119874456
2,1000,3,0.5,270,1.080959677696228,-1.0012885332107544,0.08095967769622803,-0.0012885332107543945,0.6745781898498535,0.019543382182792005,0.41837938491674925,0.6543417459185207,0.6242030301135307
2,1000,3,0.5,271,1.0860875844955444,-0.9968518018722534,0.08608758449554443,0.003148198127746582,0.6642974615097046,0.019338276812933798,0.4337634177125244,0.6546902045265628,0.6311094818747167
2,1000,3,0.5,272,1.086658000946045,-0.9971721172332764,0.08665800094604492,0.002827882766723633,0.6632248759269714,0.017890997255199714,0.42825838463449856,0.6489453283428727,0.6290500728372104
2,1000,3,0.5,273,1.080182671546936,-1.0016447305679321,0.08018267154693604,-0.001644730567932129,0.6781821250915527,0.02211457906830863,0.43521258257857903,0.6566455678015515,0.6352046987583216
2,1000,3,0.5,274,1.0841619968414307,-0.9972436428070068,0.08416199684143066,0.002756357192993164,0.6517374515533447,0.017173907704164573,0.4263698460853317,0.6358961519965801,0.6303854598694167
2,1000,3,0.5,275,1.0822396278381348,-0.997131884098053,0.08223962783813477,0.0028681159019470215,0.6686573028564453,0.022313461077006082,0.44427063187319576,0.6617075325408817,0.6424600139033598
2,1000,3,0.5,276,1.0809147357940674,-0.9999653100967407,0.08091473579406738,3.4689903259277344e-05,0.661070704460144,0.01789318544603969,0.4129433539213845,0.646391538398731,0.6248667736094755
2,1000,3,0.5,277,1.079768419265747,-1.0026522874832153,0.07976841926574707,-0.002652287483215332,0.6728823184967041,0.01814999915472278,0.40960015685759465,0.6504283238228245,0.6212276324506256
2,1000,3,0.5,278,1.0813961029052734,-1.0041006803512573,0.08139610290527344,-0.004100680351257324,0.6666292548179626,0.0169266146003371,0.40679650790537264,0.6413596576311517,0.6172178133377773
2,1000,3,0.5,279,1.0835434198379517,-1.003105640411377,0.08354341983795166,-0.003105640411376953,0.6631143093109131,0.01920637068569505,0.4221247010541751,0.6488294042020192,0.6305750842223862
2,1000,3,0.5,280,1.0820283889770508,-1.0045162439346313,0.08202838897705078,-0.004516243934631348,0.6723487377166748,0.020764777192310006,0.42475471003170995,0.6585772124479452,0.6335697978782566
2,1000,3,0.5,281,1.080033779144287,-1.0053987503051758,0.08003377914428711,-0.005398750305175781,0.656697154045105,0.017118374729245957,0.40796439271135854,0.6401129869312053,0.6212179962232626
2,1000,3,0.5,282,1.0737637281417847,-1.0100804567337036,0.07376372814178467,-0.010080456733703613,0.6794933080673218,0.021358533784210022,0.4319592249496507,0.6562473124498637,0.633186284366579
2,1000,3,0.5,283,1.078199863433838,-1.0057764053344727,0.07819986343383789,-0.005776405334472656,0.671123206615448,0.018864568766292496,0.4199038370020424,0.6502933502960446,0.6301678201022111
2,1000,3,0.5,284,1.084053874015808,-1.0044035911560059,0.0840538740158081,-0.004403591156005859,0.6798598766326904,0.022211203988716604,0.4495706126910396,0.665567238431225,0.6463234582780324
2,1000,3,0.5,285,1.0843523740768433,-1.0059053897857666,0.08435237407684326,-0.0059053897857666016,0.6704225540161133,0.017763380674592513,0.4083528993434325,0.6473209191871148,0.6215830774005823
2,1000,3,0.5,286,1.0866131782531738,-1.0056581497192383,0.08661317825317383,-0.005658149719238281,0.6759098172187805,0.018391037561044817,0.41084179481058625,0.6512178890001808,0.6213642951201837
2,1000,3,0.5,287,1.087819218635559,-1.0041637420654297,0.08781921863555908,-0.0041637420654296875,0.6625115871429443,0.018175172504493377,0.4170901066591861,0.648010602192056,0.6255923502611043
2,1000,3,0.5,288,1.0894595384597778,-1.0037975311279297,0.08945953845977783,-0.0037975311279296875,0.6699774265289307,0.019718125441884535,0.4318779108162793,0.6572507743919528,0.634548502255352
2,1000,3,0.5,289,1.0864427089691162,-1.0086628198623657,0.08644270896911621,-0.008662819862365723,0.676146924495697,0.018803629495683143,0.40893437172143593,0.6478433326331549,0.6234516219277493
2,1000,3,0.5,290,1.0881465673446655,-1.0095150470733643,0.08814656734466553,-0.009515047073364258,0.6722272634506226,0.018901377070529732,0.40521384761552925,0.6505730078145285,0.6268430651325831
2,1000,3,0.5,291,1.0912290811538696,-1.0094085931777954,0.09122908115386963,-0.00940859317779541,0.6680114269256592,0.019003338860497383,0.42477306515340396,0.6511815669426255,0.6339175789377893
2,1000,3,0.5,292,1.0887930393218994,-1.012658715248108,0.08879303932189941,-0.01265871524810791,0.6636218428611755,0.02050726900810656,0.4214496588549113,0.6514325548985727,0.6347827718142584
2,1000,3,0.5,293,1.0869067907333374,-1.01641845703125,0.0869067907333374,-0.01641845703125,0.6707414388656616,0.018962028876769694,0.4183103140417003,0.6457686417079881,0.6284362324880793
2,1000,3,0.5,294,1.0904494524002075,-1.0168904066085815,0.09044945240020752,-0.016890406608581543,0.6740173697471619,0.020898352928778535,0.41716491351650753,0.6555022879190503,0.6333818979430051
2,1000,3,0.5,295,1.0950415134429932,-1.0157579183578491,0.09504151344299316,-0.01575791835784912,0.673099160194397,0.019598752266286754,0.4300841385993006,0.6562159833061528,0.6405822454962992
2,1000,3,0.5,296,1.091782569885254,-1.0174307823181152,0.0917825698852539,-0.017430782318115234,0.6682296991348267,0.02037323080084243,0.4229509070369902,0.6562554661808975,0.6349416078616198
2,1000,3,0.5,297,1.0918800830841064,-1.0174802541732788,0.09188008308410645,-0.01748025417327881,0.6662328839302063,0.020503635610171937,0.428264510491559,0.6547461350647562,0.6410509117741414
2,1000,3,0.5,298,1.091535210609436,-1.0190666913986206,0.09153521060943604,-0.019066691398620605,0.6701666712760925,0.020441398762182143,0.4112906929704749,0.653146249408608,0.633889928413985
2,1000,3,0.5,299,1.090252161026001,-1.0231517553329468,0.09025216102600098,-0.023151755332946777,0.6741431951522827,0.019746687307368966,0.4124358291211607,0.65020491624841,0.6317302478055054
2,1000,3,0.5,300,1.09227454662323,-1.0236436128616333,0.09227454662322998,-0.0236436128616333,0.6708468198776245,0.018406037532568833,0.40236048115453454,0.6496709155963276,0.625907171716942
2,1000,3,0.5,301,1.090814232826233,-1.0257874727249146,0.09081423282623291,-0.02578747272491455,0.6735979318618774,0.019259978546619903,0.40538541747899587,0.6524391355537652,0.6256117716631235
2,1000,3,0.5,302,1.0927482843399048,-1.0251555442810059,0.09274828433990479,-0.02515554428100586,0.670264482498169,0.01854218531091336,0.40937278899485646,0.6498493478022921,0.6306363438870076
2,1000,3,0.5,303,1.0920404195785522,-1.0265957117080688,0.09204041957855225,-0.026595711708068848,0.6749138832092285,0.02072589339818457,0.41745711796002927,0.6569451812597127,0.6341650342134721
2,1000,3,0.5,304,1.0933090448379517,-1.0275108814239502,0.09330904483795166,-0.027510881423950195,0.6643698215484619,0.018853167052007905,0.41295042776073926,0.6436171657709535,0.6299399276692674
2,1000,3,0.5,305,1.0882779359817505,-1.0317033529281616,0.08827793598175049,-0.03170335292816162,0.6762602925300598,0.019122204002380013,0.40390775422666425,0.65096764147054,0.6277307590206318
2,1000,3,0.5,306,1.0867282152175903,-1.0308756828308105,0.08672821521759033,-0.030875682830810547,0.6688766479492188,0.018717305759272697,0.4019695512593728,0.6468530277392646,0.6285188831186462
2,1000,3,0.5,307,1.0868875980377197,-1.0319247245788574,0.08688759803771973,-0.03192472457885742,0.6737234592437744,0.019604469160739737,0.4034788582699679,0.6538823194730505,0.6283840264880943
2,1000,3,0.5,308,1.0870132446289062,-1.0317268371582031,0.08701324462890625,-0.031726837158203125,0.669469952583313,0.018751073497497234,0.4024027632574035,0.6492675734193665,0.6268756236107935
2,1000,3,0.5,309,1.0878281593322754,-1.0331684350967407,0.08782815933227539,-0.03316843509674072,0.6746950149536133,0.02003766924520094,0.4000568130986571,0.6511098880451465,0.6305201357216388
2,1000,3,0.5,310,1.0944217443466187,-1.0315327644348145,0.09442174434661865,-0.03153276443481445,0.6732285618782043,0.021488094037667833,0.43682183195402574,0.6586828500935039,0.6460021361058604
2,1000,3,0.5,311,1.0907680988311768,-1.0332311391830444,0.09076809883117676,-0.033231139183044434,0.6729651689529419,0.021593494084099947,0.42537269676837963,0.6573639346923663,0.6419352805050741
2,1000,3,0.5,312,1.0881128311157227,-1.0337235927581787,0.08811283111572266,-0.03372359275817871,0.6710351705551147,0.019053399809257843,0.39868654613144644,0.6474519909340176,0.6266957183275927
2,1000,3,0.5,313,1.0849428176879883,-1.0353009700775146,0.08494281768798828,-0.03530097007751465,0.6762466430664062,0.019869327029070242,0.401206856382474,0.6506515782658502,0.6314293139072813
2,1000,3,0.5,314,1.0826417207717896,-1.0368651151657104,0.08264172077178955,-0.03686511516571045,0.6771351099014282,0.0199162964839921,0.4020948039512898,0.650102153991231,0.6301726208087418
2,1000,3,0.5,315,1.0820180177688599,-1.0360413789749146,0.08201801776885986,-0.03604137897491455,0.6656622886657715,0.01868179563986966,0.4013035785145376,0.6432830017556868,0.6306075627720753
2,1000,3,0.5,316,1.0823625326156616,-1.0371209383010864,0.08236253261566162,-0.037120938301086426,0.672966718673706,0.020021211009048495,0.4032999328561606,0.6532436304672661,0.6341369258060144
2,1000,3,0.5,317,1.0817770957946777,-1.0398013591766357,0.08177709579467773,-0.03980135917663574,0.6726551651954651,0.020451769963828366,0.4042897887646502,0.6507458263124256,0.6360695405373852
2,1000,3,0.5,318,1.0819926261901855,-1.0388450622558594,0.08199262619018555,-0.038845062255859375,0.672465443611145,0.022872763439694393,0.43139755367494437,0.6585168027887414,0.6465955926199735
2,1000,3,0.5,319,1.0811837911605835,-1.0410137176513672,0.0811837911605835,-0.04101371765136719,0.6673678159713745,0.020395835997808306,0.4122314238281907,0.6483830874998614,0.6376746583478415
2,1000,3,0.5,320,1.0814313888549805,-1.0426743030548096,0.08143138885498047,-0.04267430305480957,0.6829483509063721,0.021140406261622897,0.4003895334535787,0.657766545648649,0.6392179825808976
2,1000,3,0.5,321,1.0847527980804443,-1.0414550304412842,0.08475279808044434,-0.04145503044128418,0.6824002265930176,0.01878654018682388,0.3956351969361414,0.6513959169687661,0.6304223721568765
2,1000,3,0.5,322,1.086069941520691,-1.0395948886871338,0.08606994152069092,-0.03959488868713379,0.674785852432251,0.020392836078958476,0.40566747690066224,0.6500237273216598,0.636088453291379
2,1000,3,0.5,323,1.083360195159912,-1.0388200283050537,0.08336019515991211,-0.03882002830505371,0.6792049407958984,0.020188147211366424,0.3991781957010086,0.6511950159871909,0.6358933851415708
2,1000,3,0.5,324,1.0828548669815063,-1.036191701889038,0.08285486698150635,-0.036191701889038086,0.6782320737838745,0.019527936006723822,0.40640572350288073,0.6501965497231582,0.6343896644849583
2,1000,3,0.5,325,1.0781331062316895,-1.0398637056350708,0.07813310623168945,-0.0398637056350708,0.6897116899490356,0.022250966033041122,0.4046374427339641,0.6634781608041755,0.6403421730691307
2,1000,3,0.5,326,1.0764107704162598,-1.0398576259613037,0.07641077041625977,-0.03985762596130371,0.6820439100265503,0.021264207993343744,0.4238994389825784,0.6593697862264506,0.646956840294527
2,1000,3,0.5,327,1.0730798244476318,-1.0407414436340332,0.07307982444763184,-0.0407414436340332,0.6870914697647095,0.024761429391602325,0.4295796508406231,0.668715475773513,0.6526839079634145
2,1000,3,0.5,328,1.0738043785095215,-1.0406335592269897,0.07380437850952148,-0.040633559226989746,0.6730942130088806,0.020472707294665656,0.39868666723769464,0.6514383879834549,0.6392221294156151
2,1000,3,0.5,329,1.0770094394683838,-1.0376602411270142,0.07700943946838379,-0.03766024112701416,0.6782335042953491,0.020711903502677403,0.4009867186133335,0.649519742056149,0.6376233523801784
2,1000,3,0.5,330,1.076850175857544,-1.0379594564437866,0.07685017585754395,-0.03795945644378662,0.6774183511734009,0.0214625547319992,0.40472124976975565,0.6571727608672012,0.64092020691525
2,1000,3,0.5,331,1.0772409439086914,-1.0387693643569946,0.0772409439086914,-0.03876936435699463,0.6836777329444885,0.02309349616360833,0.41908000847301563,0.6609650398516118,0.6523703259535116
2,1000,3,0.5,332,1.076503038406372,-1.0415260791778564,0.07650303840637207,-0.041526079177856445,0.6866888999938965,0.02272511210587936,0.4129019941079862,0.664511485776145,0.6458932790458909
2,1000,3,0.5,333,1.0784164667129517,-1.0440752506256104,0.07841646671295166,-0.04407525062561035,0.6881922483444214,0.022060464725724413,0.4118476597254744,0.6627832867348036,0.6450863529391424
2,1000,3,0.5,334,1.079189658164978,-1.0471292734146118,0.07918965816497803,-0.047129273414611816,0.6861894726753235,0.021354880599734342,0.39622029358731964,0.6587370954869042,0.642819315102284
2,1000,3,0.5,335,1.0766477584838867,-1.0484399795532227,0.07664775848388672,-0.048439979553222656,0.6848608255386353,0.022346375389989306,0.40327258298989166,0.6587470503403022,0.6447588465920607
2,1000,3,0.5,336,1.078001856803894,-1.050760269165039,0.07800185680389404,-0.05076026916503906,0.6827641725540161,0.02106188804207928,0.3980363459713276,0.6512009831210271,0.6434924639194065
2,1000,3,0.5,337,1.0778621435165405,-1.053494930267334,0.07786214351654053,-0.053494930267333984,0.6929047107696533,0.022965291021793514,0.40256006767903685,0.659859969734867,0.6444842551270576
2,1000,3,0.5,338,1.0821226835250854,-1.052219033241272,0.08212268352508545,-0.05221903324127197,0.6773848533630371,0.019811612832465426,0.40069339781014124,0.6448462052510919,0.6348560800314572
2,1000,3,0.5,339,1.0820891857147217,-1.050020456314087,0.08208918571472168,-0.050020456314086914,0.6802318096160889,0.021813310725753217,0.40422214132091755,0.6566475813268743,0.6413767173125583
2,1000,3,0.5,340,1.0816116333007812,-1.0467945337295532,0.08161163330078125,-0.04679453372955322,0.6883937120437622,0.023347379210689502,0.4185853677372019,0.6666116848104349,0.6482078753877273
2,1000,3,0.5,341,1.0820653438568115,-1.0485559701919556,0.08206534385681152,-0.048555970191955566,0.692096471786499,0.02147664068203541,0.40216691238230623,0.6624530063920142,0.6423317823021811
2,1000,3,0.5,342,1.0826948881149292,-1.04815673828125,0.0826948881149292,-0.04815673828125,0.6801391839981079,0.021134929577549536,0.39988100450099123,0.6503040809517054,0.6418833210017637
2,1000,3,0.5,343,1.0819568634033203,-1.0472443103790283,0.08195686340332031,-0.04724431037902832,0.6833368539810181,0.021613946044759507,0.3910795654155475,0.6540260227580368,0.6434879027433369
2,1000,3,0.5,344,1.0807442665100098,-1.0482217073440552,0.08074426651000977,-0.048221707344055176,0.6781272888183594,0.02155036319143306,0.397696482231535,0.6507381051197505,0.641835950824328
2,1000,3,0.5,345,1.075029969215393,-1.05193293094635,0.07502996921539307,-0.0519329309463501,0.6884554624557495,0.020250225498044616,0.3935714077149241,0.6557129200033139,0.636621173972861
2,1000,3,0.5,346,1.0765674114227295,-1.0522769689559937,0.07656741142272949,-0.05227696895599365,0.6939958333969116,0.020882020919494485,0.39199913583823576,0.6561576819486202,0.6388163784880941
2,1000,3,0.5,347,1.0816459655761719,-1.0499135255813599,0.08164596557617188,-0.04991352558135986,0.6917344927787781,0.023365367074423944,0.4112969969084182,0.6663910140011814,0.6484782592834285
2,1000,3,0.5,348,1.084084153175354,-1.0509250164031982,0.084084153175354,-0.05092501640319824,0.685291051864624,0.02317462443939526,0.4119922119422616,0.6622627625499288,0.6523088709706103
2,1000,3,0.5,349,1.0865143537521362,-1.0506131649017334,0.08651435375213623,-0.0506131649017334,0.6938393115997314,0.026187938292863023,0.42742244751864716,0.6794290494557322,0.6597701044642852
2,1000,3,0.5,350,1.0872479677200317,-1.0514440536499023,0.08724796772003174,-0.051444053649902344,0.6971386671066284,0.021983356032899904,0.4118289944668355,0.6690935902878118,0.645320134831811
2,1000,3,0.5,351,1.0865116119384766,-1.0541677474975586,0.08651161193847656,-0.054167747497558594,0.6947504281997681,0.021720064776907445,0.39886301871543767,0.657558869287342,0.6417291612226677
2,1000,3,0.5,352,1.089494228363037,-1.0544788837432861,0.08949422836303711,-0.05447888374328613,0.6950345635414124,0.023432329489177166,0.39567111855193104,0.6598121042078986,0.648091737519923
2,1000,3,0.5,353,1.095789909362793,-1.0516822338104248,0.09578990936279297,-0.051682233810424805,0.6851222515106201,0.02257710264111237,0.4131444002850846,0.6573454614268305,0.6502812888894498
2,1000,3,0.5,354,1.0972944498062134,-1.052900791168213,0.09729444980621338,-0.05290079116821289,0.6978288888931274,0.025808837545756736,0.42776407296114644,0.6754407329378698,0.6585250864084191
2,1000,3,0.5,355,1.0967788696289062,-1.055665373802185,0.09677886962890625,-0.05566537380218506,0.6878809928894043,0.022966012677235543,0.41445384846072264,0.6579964428280178,0.6535704625297085
2,1000,3,0.5,356,1.0912928581237793,-1.059639811515808,0.0912928581237793,-0.059639811515808105,0.6967172622680664,0.02525428829185175,0.4178276425443711,0.6685367927889843,0.6544365090977319
2,1000,3,0.5,357,1.0908681154251099,-1.0601089000701904,0.09086811542510986,-0.06010890007019043,0.6894011497497559,0.020876969732858686,0.40346130083677795,0.6529349397452938,0.6426882668326733
2,1000,3,0.5,358,1.0901927947998047,-1.059605360031128,0.09019279479980469,-0.05960536003112793,0.6958938837051392,0.02428222814353952,0.39870602148587964,0.6619930127672672,0.649827039535858
2,1000,3,0.5,359,1.0895980596542358,-1.0582494735717773,0.08959805965423584,-0.058249473571777344,0.6810978651046753,0.022175858926883004,0.3960713803605735,0.6497919933056688,0.6453407547751037
2,1000,3,0.5,360,1.0895023345947266,-1.055785059928894,0.08950233459472656,-0.05578505992889404,0.6824027299880981,0.023712837213280217,0.42405583277606723,0.6584181061800578,0.655494840305994
2,1000,3,0.5,361,1.0827165842056274,-1.0574359893798828,0.08271658420562744,-0.05743598937988281,0.6868804693222046,0.02283598168583397,0.3951702578120822,0.656311652980698,0.6464249720828882
2,1000,3,0.5,362,1.0819753408432007,-1.0571861267089844,0.08197534084320068,-0.057186126708984375,0.6876457929611206,0.022736627148043573,0.40663696976063113,0.6593326236276045,0.6503667058020224
2,1000,3,0.5,363,1.0790423154830933,-1.05703604221344,0.07904231548309326,-0.05703604221343994,0.7008187770843506,0.02620599003658412,0.43160776737198686,0.6766452149569535,0.6624194869850871
2,1000,3,0.5,364,1.0827032327651978,-1.054385781288147,0.08270323276519775,-0.05438578128814697,0.6875883936882019,0.02325649508780323,0.39638252432259563,0.6563521831666088,0.646915389743984
2,1000,3,0.5,365,1.0849512815475464,-1.0522617101669312,0.08495128154754639,-0.05226171016693115,0.6945149302482605,0.022202504081377715,0.39636958562772373,0.6569125509123797,0.644697794658368
2,1000,3,0.5,366,1.0791466236114502,-1.053918719291687,0.0791466236114502,-0.05391871929168701,0.7045212388038635,0.024793627888744757,0.40923170848578083,0.6708736841141633,0.6538242052908818
2,1000,3,0.5,367,1.0820655822753906,-1.052481770515442,0.08206558227539062,-0.052481770515441895,0.6857346892356873,0.02216643964585148,0.40108244925223646,0.6553765892768824,0.6463875265188688
2,1000,3,0.5,368,1.077162742614746,-1.0548946857452393,0.0771627426147461,-0.05489468574523926,0.7037291526794434,0.024881344990489353,0.41593483180407576,0.671508407077939,0.6509691632857526
2,1000,3,0.5,369,1.074265480041504,-1.0569813251495361,0.0742654800415039,-0.05698132514953613,0.6954703330993652,0.020843655624507067,0.39535490715497174,0.6560289192447039,0.642686089222776
2,1000,3,0.5,370,1.0703448057174683,-1.0607905387878418,0.07034480571746826,-0.0607905387878418,0.7054323554039001,0.023743629910719263,0.3982331333410169,0.6628636603536165,0.6500766309397689
2,1000,3,0.5,371,1.07038414478302,-1.06088125705719,0.07038414478302002,-0.06088125705718994,0.6837538480758667,0.022149003005915623,0.3916847941498132,0.6527966795337261,0.643889897448592
2,1000,3,0.5,372,1.0703511238098145,-1.058672547340393,0.07035112380981445,-0.058672547340393066,0.6934802532196045,0.024459174061227724,0.4162227103012283,0.6649483349327596,0.6574083219950105
2,1000,3,0.5,373,1.0713913440704346,-1.0583595037460327,0.07139134407043457,-0.058359503746032715,0.696384072303772,0.027227498498909708,0.4329312474920439,0.6755626685052445,0.6667098038762191
2,1000,3,0.5,374,1.0718828439712524,-1.0588539838790894,0.07188284397125244,-0.058853983879089355,0.6887534856796265,0.02249602742570214,0.3978087673013729,0.654966685440088,0.6463963464577402
2,1000,3,0.5,375,1.0726274251937866,-1.059943675994873,0.07262742519378662,-0.05994367599487305,0.721186637878418,0.02636974998051381,0.427180967980037,0.6749415767545507,0.6602862193388892
2,1000,3,0.5,376,1.080750823020935,-1.0551129579544067,0.08075082302093506,-0.05511295795440674,0.7087573409080505,0.024422120541959396,0.4275289976066739,0.6742603482864875,0.6582288960326658
2,1000,3,0.5,377,1.079821228981018,-1.0553418397903442,0.07982122898101807,-0.05534183979034424,0.7087311744689941,0.025821572982251236,0.41992342746866357,0.6833075563257932,0.6570945520971985
2,1000,3,0.5,378,1.0802674293518066,-1.0546879768371582,0.08026742935180664,-0.0546879768371582,0.7052597999572754,0.021429876750386333,0.3974391050282869,0.6647415685925299,0.6441386827045186
2,1000,3,0.5,379,1.0768643617630005,-1.0558204650878906,0.07686436176300049,-0.055820465087890625,0.7051953077316284,0.023289790560249712,0.39590269514819354,0.6628471238964488,0.6475068463613642
2,1000,3,0.5,380,1.081027626991272,-1.0543131828308105,0.08102762699127197,-0.05431318283081055,0.6990126371383667,0.0246637002383902,0.4097055807504415,0.6683951657772329,0.6579021657971388
2,1000,3,0.5,381,1.0802775621414185,-1.0568761825561523,0.08027756214141846,-0.056876182556152344,0.6967335939407349,0.024440103132791224,0.407040515066455,0.6660561112909016,0.6546790043250588
2,1000,3,0.5,382,1.0803039073944092,-1.058620810508728,0.08030390739440918,-0.05862081050872803,0.6900894641876221,0.022671759391464763,0.3942690172313275,0.6560747516819353,0.6495522097762932
2,1000,3,0.5,383,1.0814660787582397,-1.0601184368133545,0.08146607875823975,-0.06011843681335449,0.6899067163467407,0.022452718550877757,0.3905879550517221,0.6554073352469055,0.6469723580538318
2,1000,3,0.5,384,1.0822854042053223,-1.061397671699524,0.08228540420532227,-0.061397671699523926,0.6917693614959717,0.02292166022519779,0.3931116792086491,0.654414145962127,0.6480124286347215
2,1000,3,0.5,385,1.080212116241455,-1.061783790588379,0.08021211624145508,-0.061783790588378906,0.6989098787307739,0.026460007859161364,0.4084487688195058,0.6714172789790972,0.6629905458062657
2,1000,3,0.5,386,1.081542730331421,-1.062126874923706,0.0815427303314209,-0.062126874923706055,0.7011185884475708,0.02594400986656286,0.4123684019013498,0.6715667532143658,0.6635824003807516
2,1000,3,0.5,387,1.0789389610290527,-1.06374192237854,0.07893896102905273,-0.06374192237854004,0.6997684240341187,0.023493368316078112,0.3918212788442772,0.6623218677989057,0.6513949782627667
2,1000,3,0.5,388,1.0754352807998657,-1.0633288621902466,0.07543528079986572,-0.06332886219024658,0.701034665107727,0.025811243567710026,0.4078672120079533,0.6689968270987027,0.6578792366658899
2,1000,3,0.5,389,1.0746482610702515,-1.0624117851257324,0.07464826107025146,-0.06241178512573242,0.6923379302024841,0.023358198818910676,0.3949636410413305,0.6587713512740208,0.6493171509160249
2,1000,3,0.5,390,1.0727523565292358,-1.064833641052246,0.07275235652923584,-0.0648336410522461,0.700081467628479,0.02413286517561763,0.3970180482552768,0.6598980794033633,0.6523553581223175
2,1000,3,0.5,391,1.0720949172973633,-1.0666922330856323,0.07209491729736328,-0.06669223308563232,0.6918209791183472,0.023374320724100735,0.39544614498208,0.6573493710131569,0.6506189904011014
2,1000,3,0.5,392,1.0713247060775757,-1.0679751634597778,0.07132470607757568,-0.06797516345977783,0.7050469517707825,0.026158002640494706,0.411817679743249,0.668890946612106,0.6584356113616571
2,1000,3,0.5,393,1.070660948753357,-1.0696322917938232,0.07066094875335693,-0.06963229179382324,0.7035142779350281,0.025624388294248856,0.40652815013010263,0.6736004823906825,0.6614196542648036
2,1000,3,0.5,394,1.0694677829742432,-1.0702335834503174,0.06946778297424316,-0.07023358345031738,0.6985145807266235,0.0236321599017012,0.3972867265924551,0.6588446217034385,0.650307925098737
2,1000,3,0.5,395,1.0705451965332031,-1.0682464838027954,0.07054519653320312,-0.06824648380279541,0.7155501842498779,0.028177448377616588,0.4271224330519965,0.6817869996954752,0.6652016068201685
2,1000,3,0.5,396,1.0668411254882812,-1.0719351768493652,0.06684112548828125,-0.07193517684936523,0.6929064989089966,0.022320232526696078,0.3903757203168336,0.6557250466308823,0.6461082074910426
2,1000,3,0.5,397,1.0669294595718384,-1.0727726221084595,0.06692945957183838,-0.07277262210845947,0.7039152383804321,0.025674133203958612,0.3950242805961489,0.6688370149280027,0.6569130667769102
2,1000,3,0.5,398,1.067297101020813,-1.074480414390564,0.06729710102081299,-0.07448041439056396,0.7051069736480713,0.025527642820864744,0.3983300506235622,0.6685159509336711,0.6553055381018028
2,1000,3,0.5,399,1.063116431236267,-1.0754163265228271,0.06311643123626709,-0.07541632652282715,0.7020450234413147,0.025073653324047415,0.3919159908683946,0.6666231481616063,0.6564920538345353
2,1000,3,0.5,400,1.0636608600616455,-1.0767043828964233,0.06366086006164551,-0.07670438289642334,0.7004035711288452,0.024811566509030148,0.39341787039352893,0.6618681416908717,0.6550664706572077
2,1000,3,0.5,401,1.0630273818969727,-1.0756267309188843,0.06302738189697266,-0.07562673091888428,0.7013720273971558,0.02429027584647646,0.39272405263572097,0.6612982102377885,0.655416142417911
2,1000,3,0.5,402,1.0633188486099243,-1.0763100385665894,0.06331884860992432,-0.07631003856658936,0.7120290994644165,0.02736521498895386,0.4086632198080454,0.6787927836240856,0.6635057313806948
2,1000,3,0.5,403,1.0678613185882568,-1.07524836063385,0.06786131858825684,-0.0752483606338501,0.7085394859313965,0.027775786908176545,0.41861165204783063,0.6718952828688785,0.6669472093007183
2,1000,3,0.5,404,1.0657570362091064,-1.0779019594192505,0.06575703620910645,-0.07790195941925049,0.712769627571106,0.025831487336823264,0.4011989391922737,0.6690884368653465,0.660361468758662
2,1000,3,0.5,405,1.0689945220947266,-1.077111840248108,0.06899452209472656,-0.07711184024810791,0.7120031118392944,0.02455514296807793,0.390389182361896,0.6663424477044902,0.654889824923004
2,1000,3,0.5,406,1.068591833114624,-1.075028657913208,0.06859183311462402,-0.07502865791320801,0.7128015756607056,0.028055799881090658,0.41133724294256196,0.676151600770482,0.6651064580385871
2,1000,3,0.5,407,1.0646835565567017,-1.0750317573547363,0.06468355655670166,-0.07503175735473633,0.7068841457366943,0.02437490781568432,0.393204557654732,0.660136127186978,0.6557357345549142
2,1000,3,0.5,408,1.0599324703216553,-1.0750058889389038,0.05993247032165527,-0.07500588893890381,0.7126857042312622,0.028060726649126184,0.41007462618145996,0.6786674916585872,0.6656154511543302
2,1000,3,0.5,409,1.0602030754089355,-1.0751116275787354,0.06020307540893555,-0.07511162757873535,0.7042803764343262,0.023533725022939985,0.38945149000626583,0.6579316521352808,0.6521719312949599
2,1000,3,0.5,410,1.0634515285491943,-1.0743919610977173,0.06345152854919434,-0.07439196109771729,0.706041693687439,0.025076983223598772,0.39710826996105736,0.6637255010292374,0.6577590537658898
2,1000,3,0.5,411,1.0638635158538818,-1.0784982442855835,0.06386351585388184,-0.0784982442855835,0.7168291211128235,0.028073521137542613,0.40741649922387674,0.6753875894220512,0.6653203613909113
2,1000,3,0.5,412,1.0648787021636963,-1.0784785747528076,0.06487870216369629,-0.07847857475280762,0.7051347494125366,0.02548073722086874,0.3956805078220013,0.6649399534011263,0.6611162473866319
2,1000,3,0.5,413,1.06462824344635,-1.0801621675491333,0.0646282434463501,-0.0801621675491333,0.7060179114341736,0.0250614836222829,0.3921763885461283,0.6662225642142806,0.6567779667301562
2,1000,3,0.5,414,1.0668816566467285,-1.0818713903427124,0.06688165664672852,-0.0818713903427124,0.7086551785469055,0.023963477574818846,0.3874473369106889,0.6588720616831284,0.6512290408248642
2,1000,3,0.5,415,1.0645697116851807,-1.083087682723999,0.06456971168518066,-0.08308768272399902,0.7189362049102783,0.024716469291805994,0.3938344016218363,0.668330444771749,0.6545195035657227
2,1000,3,0.5,416,1.0666377544403076,-1.0814430713653564,0.06663775444030762,-0.08144307136535645,0.7249754667282104,0.030284636617383676,0.425911011334581,0.691572477085928,0.675933415933507
2,1000,3,0.5,417,1.0723233222961426,-1.0787590742111206,0.07232332229614258,-0.0787590742111206,0.718553900718689,0.027938561748696245,0.41550946243519093,0.6783901048133035,0.6681306542752796
2,1000,3,0.5,418,1.0759519338607788,-1.0793036222457886,0.07595193386077881,-0.07930362224578857,0.7099112272262573,0.02547520071548916,0.39200690981522146,0.6653276488523742,0.6583805653725845
2,1000,3,0.5,419,1.0801615715026855,-1.080256700515747,0.08016157150268555,-0.08025670051574707,0.718208909034729,0.02605453856724948,0.39537094964359804,0.6729670760742517,0.6586771237141877
2,1000,3,0.5,420,1.0809026956558228,-1.0805306434631348,0.08090269565582275,-0.08053064346313477,0.7044380307197571,0.023358031774505374,0.39285132052234517,0.6595270643059618,0.6531833216936754
2,1000,3,0.5,421,1.0806881189346313,-1.080369234085083,0.08068811893463135,-0.08036923408508301,0.7129554748535156,0.02753700860837512,0.4053644959445236,0.6782827975827038,0.6663427095663707
2,1000,3,0.5,422,1.0813863277435303,-1.0816895961761475,0.08138632774353027,-0.08168959617614746,0.7216795682907104,0.02973659315496745,0.41959741333738426,0.686856339219389,0.6754717493030404
2,1000,3,0.5,423,1.0798089504241943,-1.0842074155807495,0.07980895042419434,-0.08420741558074951,0.7179375886917114,0.02603530521898187,0.39863086840522344,0.6683584995501884,0.6609019837675032
2,1000,3,0.5,424,1.0739818811416626,-1.0897784233093262,0.0739818811416626,-0.08977842330932617,0.7269837260246277,0.025289040475635533,0.3950870966663765,0.6690180553848003,0.6571162906713314
2,1000,3,0.5,425,1.0721306800842285,-1.0869182348251343,0.07213068008422852,-0.08691823482513428,0.7113980054855347,0.027273365631672895,0.40387402206737777,0.6678270848458405,0.6661865518649529
2,1000,3,0.5,426,1.0702530145645142,-1.084994912147522,0.07025301456451416,-0.08499491214752197,0.7217555046081543,0.03012458279557475,0.42132294812889964,0.6831196192182434,0.6732265803696894
2,1000,3,0.5,427,1.0677663087844849,-1.0854257345199585,0.06776630878448486,-0.0854257345199585,0.708311915397644,0.027980887654407774,0.40644436026503816,0.668297728705044,0.6680845904268863
2,1000,3,0.5,428,1.0673179626464844,-1.0862687826156616,0.06731796264648438,-0.08626878261566162,0.7082909345626831,0.02528811609662854,0.38798532713514433,0.6593237615484279,0.6576154601289272
2,1000,3,0.5,429,1.06594979763031,-1.0870052576065063,0.06594979763031006,-0.08700525760650635,0.7157529592514038,0.02756195347217706,0.39827973887641405,0.6685709331254722,0.6645732328489237
2,1000,3,0.5,430,1.0657929182052612,-1.088255763053894,0.06579291820526123,-0.08825576305389404,0.7120130062103271,0.025126786138173676,0.39090003424909264,0.6594200716536556,0.6608634808238774
2,1000,3,0.5,431,1.0642231702804565,-1.089484453201294,0.06422317028045654,-0.08948445320129395,0.7177197933197021,0.0277401190316329,0.40134983434076005,0.66831133821711,0.6648226497010145
2,1000,3,0.5,432,1.0667451620101929,-1.088647484779358,0.06674516201019287,-0.08864748477935791,0.7105416059494019,0.02812642217416012,0.4055288617855057,0.6674719774977715,0.6686671739674594
2,1000,3,0.5,433,1.066769003868103,-1.0883145332336426,0.06676900386810303,-0.08831453323364258,0.7317898273468018,0.02951436072710852,0.4041246202838017,0.6801284141850695,0.6708428991602381
2,1000,3,0.5,434,1.0675445795059204,-1.089821457862854,0.06754457950592041,-0.089821457862854,0.7125238180160522,0.026292696027548895,0.3911794205627014,0.6636144873818879,0.662732099596664
2,1000,3,0.5,435,1.064835548400879,-1.0926806926727295,0.0648355484008789,-0.09268069267272949,0.7155857086181641,0.026357525802789883,0.3892835979467532,0.6664157425666363,0.6630532020549491
2,1000,3,0.5,436,1.0629218816757202,-1.0923573970794678,0.06292188167572021,-0.09235739707946777,0.7308096885681152,0.027364911140075877,0.40118547194627246,0.6742780484522649,0.6648877152535732
2,1000,3,0.5,437,1.058591365814209,-1.0947188138961792,0.058591365814208984,-0.0947188138961792,0.720634937286377,0.030053275986339282,0.41043841447322577,0.682154863476191,0.6744469672117848
2,1000,3,0.5,438,1.0569798946380615,-1.0935903787612915,0.05697989463806152,-0.0935903787612915,0.7150169610977173,0.02705003138636874,0.3939575499253156,0.6639804237853651,0.6636751882389724
2,1000,3,0.5,439,1.0562363862991333,-1.0941555500030518,0.0562363862991333,-0.09415555000305176,0.7116338610649109,0.026784492000593206,0.38868968094716566,0.664580674515492,0.6628194000252337
2,1000,3,0.5,440,1.0543395280838013,-1.094266653060913,0.05433952808380127,-0.09426665306091309,0.7202140688896179,0.03187466600234164,0.4154799682538176,0.6819687662987122,0.680550362584578
2,1000,3,0.5,441,1.0525134801864624,-1.0947059392929077,0.0525134801864624,-0.09470593929290771,0.7184653282165527,0.027451409685860233,0.3987059200999364,0.6652625406030782,0.6673418691204804
2,1000,3,0.5,442,1.0518684387207031,-1.0973058938980103,0.051868438720703125,-0.09730589389801025,0.7296268939971924,0.027805480934850264,0.39972253188659657,0.673165498114109,0.6655296671623483
2,1000,3,0.5,443,1.0543144941329956,-1.095096230506897,0.054314494132995605,-0.09509623050689697,0.7248221635818481,0.02812189727478269,0.39161397943968784,0.6711024340883236,0.6666596585671988
2,1000,3,0.5,444,1.0557904243469238,-1.0950958728790283,0.05579042434692383,-0.09509587287902832,0.7132648229598999,0.02694982061085065,0.3913630821267459,0.6634875883825831,0.6660389601118625
2,1000,3,0.5,445,1.052551507949829,-1.095731258392334,0.0525515079498291,-0.09573125839233398,0.7219110727310181,0.027307171333142487,0.3947117676741132,0.6674279737147434,0.6653893846483203
2,1000,3,0.5,446,1.0545941591262817,-1.0941357612609863,0.05459415912628174,-0.09413576126098633,0.7114084959030151,0.029215175036996974,0.4009923070399954,0.6679756332447966,0.6742088193414529
2,1000,3,0.5,447,1.0533634424209595,-1.0935306549072266,0.05336344242095947,-0.09353065490722656,0.7214088439941406,0.027780859037450954,0.3919383959989342,0.6691874266782158,0.6654635782004916
2,1000,3,0.5,448,1.0543508529663086,-1.0927222967147827,0.054350852966308594,-0.09272229671478271,0.7098613977432251,0.02846049333161985,0.40267947464068987,0.66584913466362,0.6710269436068905
2,1000,3,0.5,449,1.0519027709960938,-1.0926247835159302,0.05190277099609375,-0.09262478351593018,0.7229977250099182,0.028170649934596417,0.3923087182312476,0.6716922294523338,0.6658286281956209
2,1000,3,0.5,450,1.055166244506836,-1.0910015106201172,0.05516624450683594,-0.09100151062011719,0.728314995765686,0.032141624877796066,0.4262061420818251,0.6820622768507514,0.6824820744458512
2,1000,3,0.5,451,1.053601861000061,-1.0930824279785156,0.053601861000061035,-0.09308242797851562,0.7334877848625183,0.033868040531217905,0.43738559944564515,0.6920874344354756,0.6859624965332917
2,1000,3,0.5,452,1.0522657632827759,-1.0964744091033936,0.05226576328277588,-0.09647440910339355,0.7150026559829712,0.02727176637693498,0.3932106837669167,0.665450637995822,0.6637468523901312
2,1000,3,0.5,453,1.053196668624878,-1.0970913171768188,0.05319666862487793,-0.09709131717681885,0.716606616973877,0.026147436191693938,0.3890733866271032,0.6659337878534732,0.6562104446008986
2,1000,3,0.5,454,1.0570881366729736,-1.0948631763458252,0.05708813667297363,-0.0948631763458252,0.7123802304267883,0.027456246812605407,0.3949363938426863,0.6657878007181504,0.6644887795965279
2,1000,3,0.5,455,1.0588403940200806,-1.0949597358703613,0.058840394020080566,-0.09495973587036133,0.7260820865631104,0.02768266691956277,0.39134802973680394,0.6688396695999519,0.6644564387785928
2,1000,3,0.5,456,1.0609790086746216,-1.0935473442077637,0.06097900867462158,-0.09354734420776367,0.718276858329773,0.027634285516914135,0.3917593275234777,0.6682462241732418,0.6626285924609049
2,1000,3,0.5,457,1.0565893650054932,-1.095504879951477,0.056589365005493164,-0.09550487995147705,0.7138988375663757,0.02579142391930084,0.3920548382360073,0.6633891074234108,0.6577019358694786
2,1000,3,0.5,458,1.055234670639038,-1.0975122451782227,0.055234670639038086,-0.09751224517822266,0.7267333269119263,0.029832990167017053,0.40571096359874936,0.6782454942156533,0.6729269517001546
2,1000,3,0.5,459,1.0547590255737305,-1.0995839834213257,0.05475902557373047,-0.09958398342132568,0.7136995792388916,0.027862343114252813,0.39021576923054085,0.6656480142249527,0.6672904884392227
2,1000,3,0.5,460,1.052101969718933,-1.101502776145935,0.052101969718933105,-0.10150277614593506,0.7238013744354248,0.029272965059610356,0.39872313310505353,0.6748770131799752,0.6679494458787031
2,1000,3,0.5,461,1.0451856851577759,-1.105381965637207,0.04518568515777588,-0.10538196563720703,0.720450758934021,0.030116608583833696,0.40322543905073266,0.6767881932081227,0.6724507868773578
2,1000,3,0.5,462,1.0397286415100098,-1.106245756149292,0.039728641510009766,-0.10624575614929199,0.7381066083908081,0.03021388119237114,0.40152710829283217,0.6815489461921636,0.6702248935830069
2,1000,3,0.5,463,1.0363655090332031,-1.1056462526321411,0.036365509033203125,-0.10564625263214111,0.7357403635978699,0.03210540391660095,0.4057559625653883,0.6849356010767306,0.6791769916619718
2,1000,3,0.5,464,1.0383518934249878,-1.1053787469863892,0.03835189342498779,-0.10537874698638916,0.7237555980682373,0.028928725882824257,0.39150646172058046,0.6679790048790255,0.6691709568763147
2,1000,3,0.5,465,1.039168357849121,-1.1075031757354736,0.039168357849121094,-0.10750317573547363,0.7292429804801941,0.02747135351050987,0.3895309413954792,0.6672687181127376,0.6648044207942049
2,1000,3,0.5,466,1.0386022329330444,-1.1098942756652832,0.038602232933044434,-0.1098942756652832,0.7274510860443115,0.027722535622200485,0.3930483066147657,0.6742631265172409,0.6655084212588388
2,1000,3,0.5,467,1.0396907329559326,-1.1093804836273193,0.03969073295593262,-0.10938048362731934,0.7264941334724426,0.027463327575465938,0.39319799953742135,0.6742138972787316,0.6655223465972668
2,1000,3,0.5,468,1.036476731300354,-1.1093940734863281,0.036476731300354004,-0.10939407348632812,0.7335309982299805,0.030147927322785362,0.39802280559541736,0.6837449901332753,0.6679454015401457
2,1000,3,0.5,469,1.0354841947555542,-1.108780026435852,0.0354841947555542,-0.10878002643585205,0.732269823551178,0.03136270212611438,0.40224214656480284,0.6801277146633214,0.6749079582574267
2,1000,3,0.5,470,1.034332036972046,-1.109207272529602,0.0343320369720459,-0.10920727252960205,0.7250850796699524,0.029587508365311602,0.3985527180051189,0.6717640332554453,0.6711482428018803
2,1000,3,0.5,471,1.0342193841934204,-1.11025071144104,0.03421938419342041,-0.11025071144104004,0.7313991189002991,0.03191371941564984,0.40505580275070835,0.6827727964893191,0.6754921356275656
2,1000,3,0.5,472,1.0318399667739868,-1.1126317977905273,0.031839966773986816,-0.11263179779052734,0.7389670610427856,0.031834515560022814,0.40375600777654297,0.6880491759962059,0.6755032784185723
2,1000,3,0.5,473,1.0284652709960938,-1.1155339479446411,0.02846527099609375,-0.11553394794464111,0.7286545038223267,0.02865521100667777,0.39393725330700957,0.6733797919735756,0.6684151894878002
2,1000,3,0.5,474,1.0293043851852417,-1.1149317026138306,0.0293043851852417,-0.11493170261383057,0.7382546663284302,0.02900258628974709,0.40072125990748175,0.6797226519618329,0.6677406105909727
2,1000,3,0.5,475,1.032766342163086,-1.1145987510681152,0.03276634216308594,-0.11459875106811523,0.7269344329833984,0.030269995241671187,0.40248863254779876,0.6770584820521584,0.6742013029237893
2,1000,3,0.5,476,1.0358798503875732,-1.1137901544570923,0.03587985038757324,-0.11379015445709229,0.7411245107650757,0.029309729488470312,0.3929415761520451,0.6776350069578521,0.6668473780721009
2,1000,3,0.5,477,1.034790277481079,-1.1140151023864746,0.0347902774810791,-0.11401510238647461,0.7361317873001099,0.030912038178796907,0.4053725405346644,0.6835708227912985,0.6749595131561498
2,1000,3,0.5,478,1.0335769653320312,-1.1124026775360107,0.03357696533203125,-0.11240267753601074,0.743050217628479,0.032997278370905145,0.41379196444631733,0.6882286941923421,0.6803474409609773
2,1000,3,0.5,479,1.0321474075317383,-1.1122901439666748,0.03214740753173828,-0.1122901439666748,0.7416954040527344,0.03243145367342892,0.40664307208441186,0.6866989477031001,0.6776845135503068
2,1000,3,0.5,480,1.0305147171020508,-1.1114468574523926,0.03051471710205078,-0.11144685745239258,0.7323547601699829,0.0331389659575343,0.4062216416002513,0.6833983815773363,0.6806714040049362
2,1000,3,0.5,481,1.0322484970092773,-1.1065787076950073,0.032248497009277344,-0.10657870769500732,0.738383412361145,0.03486890319863066,0.429529805779179,0.6859536012347698,0.6905762923319995
2,1000,3,0.5,482,1.0287864208221436,-1.1069360971450806,0.028786420822143555,-0.10693609714508057,0.7375391125679016,0.029634368599107477,0.39800664535403946,0.6781571073100773,0.670078275866077
2,1000,3,0.5,483,1.0258547067642212,-1.105858325958252,0.02585470676422119,-0.10585832595825195,0.751800537109375,0.028699932430436524,0.4048009357976906,0.6867816328454824,0.6747965660869704
2,1000,3,0.5,484,1.0237481594085693,-1.1052106618881226,0.023748159408569336,-0.10521066188812256,0.7385051250457764,0.029534686973302478,0.4004421718916744,0.679952412014539,0.6734977902185608
2,1000,3,0.5,485,1.0227067470550537,-1.1051125526428223,0.02270674705505371,-0.10511255264282227,0.7303197383880615,0.0288524978928393,0.39199370279543755,0.6693250750370657,0.6671667456400457
2,1000,3,0.5,486,1.025186538696289,-1.1027190685272217,0.025186538696289062,-0.10271906852722168,0.7455832958221436,0.037003718705947174,0.4315055742835618,0.6945960888379433,0.6957491896714973
2,1000,3,0.5,487,1.0245686769485474,-1.1015053987503052,0.024568676948547363,-0.10150539875030518,0.7342789173126221,0.03266467803025061,0.4081725672578328,0.6822446588975637,0.6797070116286079
2,1000,3,0.5,488,1.024693250656128,-1.100760579109192,0.02469325065612793,-0.1007605791091919,0.7329645156860352,0.03014095249246739,0.3906845453981445,0.6734517236243075,0.6719502268787456
2,1000,3,0.5,489,1.0236402750015259,-1.1025655269622803,0.02364027500152588,-0.10256552696228027,0.7327101826667786,0.029931069983472443,0.3972991623597933,0.6750504520231354,0.6744838997474487
2,1000,3,0.5,490,1.0226762294769287,-1.1023622751235962,0.02267622947692871,-0.10236227512359619,0.7277829647064209,0.029547276771861652,0.3950658556129889,0.6707372075026495,0.6702918812891712
2,1000,3,0.5,491,1.0198185443878174,-1.1044546365737915,0.019818544387817383,-0.1044546365737915,0.729350209236145,0.029253540217496207,0.3917904872712743,0.6722089154104992,0.668944888493687
2,1000,3,0.5,492,1.0229941606521606,-1.1034976243972778,0.022994160652160645,-0.10349762439727783,0.7376711368560791,0.03330967791722656,0.40454814420295554,0.6818244910798619,0.6797655510851492
2,1000,3,0.5,493,1.0245637893676758,-1.1051007509231567,0.02456378936767578,-0.10510075092315674,0.743872880935669,0.0336558650271199,0.41288976100552033,0.6881508072822683,0.6810185478356502
2,1000,3,0.5,494,1.0264701843261719,-1.1064302921295166,0.026470184326171875,-0.1064302921295166,0.7408562302589417,0.0300632542075859,0.3988697370279582,0.6794364200642655,0.670879930696248
2,1000,3,0.5,495,1.027627944946289,-1.1065549850463867,0.027627944946289062,-0.10655498504638672,0.7401374578475952,0.03237640646808992,0.4046825365025164,0.6804585226342833,0.6789033616684196
2,1000,3,0.5,496,1.0262502431869507,-1.106242060661316,0.026250243186950684,-0.10624206066131592,0.7365272045135498,0.033957875953089287,0.4182800372968798,0.6853313502507679,0.6803075916657602
2,1000,3,0.5,497,1.022849678993225,-1.1061521768569946,0.022849678993225098,-0.10615217685699463,0.7436806559562683,0.02972451254735308,0.3972657992296935,0.6734103596404027,0.671931988372274
2,1000,3,0.5,498,1.0189058780670166,-1.108385443687439,0.0189058780670166,-0.10838544368743896,0.7277894020080566,0.032419537348815586,0.4091028042066409,0.6771282346295072,0.6778109835767039
2,1000,3,0.5,499,1.0175199508666992,-1.1091487407684326,0.01751995086669922,-0.10914874076843262,0.7490569353103638,0.03305745400370722,0.4108301048157984,0.6873531841830226,0.6805972742268177
2,1000,3,0.5,500,1.0166354179382324,-1.110196828842163,0.016635417938232422,-0.11019682884216309,0.7416523694992065,0.030836709200715365,0.3909515769886348,0.6769803762141612,0.6735375022922878
2,1000,3,0.5,501,1.0179862976074219,-1.109139084815979,0.017986297607421875,-0.109139084815979,0.7456511855125427,0.032236243051098526,0.40006911830036274,0.6799104185679252,0.6760501622517068
2,1000,3,0.5,502,1.0185540914535522,-1.1101924180984497,0.018554091453552246,-0.11019241809844971,0.7416568994522095,0.03063399322008398,0.3946389568040003,0.6734040177267248,0.6726795973711145
2,1000,3,0.5,503,1.018711805343628,-1.1100760698318481,0.01871180534362793,-0.11007606983184814,0.7354229688644409,0.03280523149603874,0.41069894837848653,0.6809854739840491,0.6779076282502398
2,1000,3,0.5,504,1.01743483543396,-1.1095452308654785,0.01743483543395996,-0.10954523086547852,0.7468323707580566,0.031399683557924905,0.3987869003549558,0.6771248977007932,0.675779316169269
2,1000,3,0.5,505,1.013401746749878,-1.1130037307739258,0.01340174674987793,-0.11300373077392578,0.7475022077560425,0.0330767858634977,0.40495794437381405,0.6826627168908971,0.679835611060903
2,1000,3,0.5,506,1.0142443180084229,-1.114123821258545,0.014244318008422852,-0.11412382125854492,0.7482914924621582,0.032498381176657265,0.401871503502125,0.6791687153064138,0.6777075925604262
2,1000,3,0.5,507,1.0132660865783691,-1.1126402616500854,0.01326608657836914,-0.11264026165008545,0.7483121752738953,0.032597820793892146,0.4013545333215058,0.6809963174797846,0.6774777047816365
2,1000,3,0.5,508,1.0082834959030151,-1.1108750104904175,0.008283495903015137,-0.11087501049041748,0.7617645263671875,0.03520957754962392,0.4246234321902809,0.7009813990711337,0.6893619162511527
2,1000,3,0.5,509,1.0063408613204956,-1.111948013305664,0.0063408613204956055,-0.11194801330566406,0.7547504305839539,0.02976628232266157,0.4008645817842475,0.67791945819295,0.6700043782437802
2,1000,3,0.5,510,1.005405068397522,-1.113065242767334,0.005405068397521973,-0.11306524276733398,0.7477567195892334,0.03307196705012332,0.4078439545387164,0.6846578324031583,0.6813782829277666
2,1000,3,0.5,511,1.0087742805480957,-1.1116067171096802,0.008774280548095703,-0.11160671710968018,0.7410057187080383,0.037560363084449114,0.42171675394312386,0.6883047483832506,0.6928875537997358
2,1000,3,0.5,512,1.0102516412734985,-1.1106008291244507,0.010251641273498535,-0.11060082912445068,0.7490835785865784,0.03508498396874802,0.41143090861875803,0.6844308400353404,0.6869776433356689
2,1000,3,0.5,513,1.0062038898468018,-1.1130214929580688,0.006203889846801758,-0.11302149295806885,0.749290406703949,0.031451463060695385,0.4038610734477963,0.6785336433114739,0.6776417738391801
2,1000,3,0.5,514,1.0034114122390747,-1.112867832183838,0.003411412239074707,-0.11286783218383789,0.7515949010848999,0.030313829931331963,0.4076970918662857,0.6806994888157963,0.6769764263702164
2,1000,3,0.5,515,1.00576651096344,-1.1103274822235107,0.005766510963439941,-0.11032748222351074,0.7453979849815369,0.032914105783193946,0.40154095835011333,0.6772633397523984,0.6775167568721108
2,1000,3,0.5,516,1.0012682676315308,-1.111136555671692,0.0012682676315307617,-0.1111365556716919,0.7426066398620605,0.0324852556455959,0.40284542252781813,0.6813485931284408,0.6770870645793378
2,1000,3,0.5,517,0.9962469339370728,-1.111063838005066,-0.003753066062927246,-0.11106383800506592,0.7538619041442871,0.032727648814335014,0.4112313503238106,0.6894195462764441,0.6793000977194826
2,1000,3,0.5,518,0.9963808059692383,-1.111125111579895,-0.0036191940307617188,-0.11112511157989502,0.7475696802139282,0.03409863773215407,0.4082133980439177,0.679237254632971,0.6827150454427867
2,1000,3,0.5,519,0.9953961372375488,-1.1129088401794434,-0.004603862762451172,-0.11290884017944336,0.7512720823287964,0.03363385849341173,0.4040756682792788,0.683593822345443,0.6812303567336013
2,1000,3,0.5,520,0.9925931692123413,-1.1134527921676636,-0.007406830787658691,-0.11345279216766357,0.7486725449562073,0.03321290062797164,0.40559379705826687,0.6829930134960204,0.6824111858122504
2,1000,3,0.5,521,0.9901673793792725,-1.1133413314819336,-0.009832620620727539,-0.1133413314819336,0.7476159334182739,0.03172439981622956,0.404814730895394,0.6809528119931894,0.674952389653225
2,1000,3,0.5,522,0.9917068481445312,-1.113046407699585,-0.00829315185546875,-0.11304640769958496,0.7469984292984009,0.030951017742246654,0.3975943001389228,0.6784400336186286,0.6726704953177678
2,1000,3,0.5,523,0.9910352230072021,-1.1110906600952148,-0.008964776992797852,-0.11109066009521484,0.7482216358184814,0.0330824370806674,0.4074505054498177,0.6850737082601114,0.6835704548467436
2,1000,3,0.5,524,0.9926750659942627,-1.1100552082061768,-0.007324934005737305,-0.11005520820617676,0.7433314323425293,0.03257215026850867,0.39592193805293335,0.6751524225813543,0.6793080923929483
2,1000,3,0.5,525,0.9917986392974854,-1.1091678142547607,-0.008201360702514648,-0.10916781425476074,0.7412819862365723,0.031265436589896826,0.4047551902384295,0.6745879451886674,0.6763985131297463
2,1000,3,0.5,526,0.9957214593887329,-1.1073225736618042,-0.00427854061126709,-0.1073225736618042,0.7542665004730225,0.033140695789980065,0.4004325691419702,0.6798727821134789,0.6807335781022055
2,1000,3,0.5,527,0.9956085681915283,-1.1100122928619385,-0.00439143180847168,-0.11001229286193848,0.7546015381813049,0.03435412980906183,0.4113476901552538,0.6866380145980618,0.6857520431894119
2,1000,3,0.5,528,0.9969110488891602,-1.1117905378341675,-0.0030889511108398438,-0.11179053783416748,0.7613579630851746,0.030712028894011728,0.4009809798647786,0.6818611561979744,0.6764849330935064
2,1000,3,0.5,529,1.0010125637054443,-1.1106247901916504,0.001012563705444336,-0.11062479019165039,0.7622963190078735,0.034168435988868484,0.41031938704589577,0.6950288439607855,0.6836822880472438
2,1000,3,0.5,530,1.0046478509902954,-1.1084188222885132,0.00464785099029541,-0.10841882228851318,0.7505577206611633,0.034412953272016884,0.3998827484868558,0.6853690992764307,0.6853472221252191
2,1000,3,0.5,531,1.0029925107955933,-1.107530117034912,0.0029925107955932617,-0.10753011703491211,0.7621291875839233,0.035696177955678504,0.4126588702653816,0.6985469531652455,0.68521595114522
2,1000,3,0.5,532,1.0024333000183105,-1.1090487241744995,0.002433300018310547,-0.10904872417449951,0.755061686038971,0.03433276277058688,0.4056817394932468,0.6889518609377342,0.6831028448910282
2,1000,3,0.5,533,1.0045639276504517,-1.1078975200653076,0.00456392765045166,-0.10789752006530762,0.7689868211746216,0.035413916895334525,0.4079915278984231,0.6959562328553882,0.6867121900391101
2,1000,3,0.5,534,1.0034469366073608,-1.1068881750106812,0.00344693660736084,-0.10688817501068115,0.7689046859741211,0.036423130758451765,0.41534666138084675,0.7010984242859466,0.688531996412147
2,1000,3,0.5,535,1.0044687986373901,-1.107539176940918,0.004468798637390137,-0.10753917694091797,0.761172890663147,0.033240217718337704,0.41385535283389063,0.6938101475038927,0.6843934015304555
2,1000,3,0.5,536,1.0044047832489014,-1.1074148416519165,0.004404783248901367,-0.1074148416519165,0.7526799440383911,0.031143044655444437,0.3987563784205574,0.6805590750085304,0.6741269906143976
2,1000,3,0.5,537,1.0037370920181274,-1.1069961786270142,0.0037370920181274414,-0.10699617862701416,0.7613827586174011,0.034005402222073204,0.4125488031083884,0.6901585154717214,0.6818391708849938
2,1000,3,0.5,538,1.0006442070007324,-1.1082321405410767,0.0006442070007324219,-0.10823214054107666,0.7560104131698608,0.032351918831189104,0.3989231923433044,0.6838024728498957,0.6804250946871729
2,1000,3,0.5,539,0.9973292350769043,-1.10958731174469,-0.002670764923095703,-0.10958731174468994,0.7614941596984863,0.033669877435793576,0.39850191945968905,0.6878001932144795,0.6800421543907994
2,1000,3,0.5,540,0.9969122409820557,-1.1113687753677368,-0.003087759017944336,-0.11136877536773682,0.7533941268920898,0.0331540782572486,0.40220080194170366,0.6847337843405118,0.6802542567424185
2,1000,3,0.5,541,0.9978742599487305,-1.111566185951233,-0.0021257400512695312,-0.11156618595123291,0.754575252532959,0.03412007923008936,0.4100047030090545,0.6915636236541765,0.6803446199799376
2,1000,3,0.5,542,1.0004390478134155,-1.1098471879959106,0.00043904781341552734,-0.10984718799591064,0.7595928311347961,0.03331673524265907,0.40213580852856856,0.6863136001583391,0.6817630496722327
2,1000,3,0.5,543,0.9967132806777954,-1.1132452487945557,-0.00328671932220459,-0.11324524879455566,0.7645857930183411,0.03424821263490856,0.40961554620941754,0.6944749147631646,0.6857144218814024
2,1000,3,0.5,544,0.9975582361221313,-1.1122301816940308,-0.0024417638778686523,-0.11223018169403076,0.7583417892456055,0.033946966491753806,0.398966903060535,0.6860788016047402,0.680292657729921
2,1000,3,0.5,545,0.9980660080909729,-1.1125788688659668,-0.0019339919090270996,-0.1125788688659668,0.7463616132736206,0.033031778483854045,0.4003787443703151,0.6755829849323979,0.6787949778786002
2,1000,3,0.5,546,0.9949789643287659,-1.1120930910110474,-0.005021035671234131,-0.11209309101104736,0.7552472352981567,0.034553841007746784,0.41074166950874835,0.6858232679633773,0.6821539226053375
2,1000,3,0.5,547,0.9919233322143555,-1.1106915473937988,-0.008076667785644531,-0.11069154739379883,0.7519997358322144,0.03227924388780089,0.3976396550000058,0.6831392501623861,0.6774343614518118
2,1000,3,0.5,548,0.9923349618911743,-1.109323263168335,-0.007665038108825684,-0.10932326316833496,0.7525585889816284,0.03438249207284504,0.40486111329837216,0.6865869045595963,0.6823528655249234
2,1000,3,0.5,549,0.9954015612602234,-1.110856294631958,-0.004598438739776611,-0.11085629463195801,0.7591639757156372,0.03583441971006326,0.40797684719745164,0.6926326130638898,0.6860644252057069
2,1000,3,0.5,550,0.9974804520606995,-1.1107959747314453,-0.002519547939300537,-0.11079597473144531,0.7627213597297668,0.03447737702780938,0.41065302275967314,0.6943900786291453,0.6822308423088024
2,1000,3,0.5,551,1.000501275062561,-1.1110750436782837,0.0005012750625610352,-0.11107504367828369,0.7616612911224365,0.03665396671904049,0.41303328265820044,0.6916953530922286,0.6905500450663209
2,1000,3,0.5,552,1.0020644664764404,-1.1103951930999756,0.0020644664764404297,-0.11039519309997559,0.7728869915008545,0.04305894231853431,0.4506440273793315,0.7213739178040882,0.7113764872114035
2,1000,3,0.5,553,0.997834324836731,-1.1123555898666382,-0.002165675163269043,-0.11235558986663818,0.7669743299484253,0.03177058794336602,0.3961425993436974,0.6850121504806204,0.6754788799121554
2,1000,3,0.5,554,0.9942006468772888,-1.1115307807922363,-0.005799353122711182,-0.11153078079223633,0.7576158046722412,0.033595789864400004,0.4107648201860277,0.6877271336197495,0.6847382441228388
2,1000,3,0.5,555,0.9905263781547546,-1.1119763851165771,-0.009473621845245361,-0.11197638511657715,0.7623186111450195,0.032820778713215364,0.39559584629947453,0.6886516108493325,0.6785518847997196
2,1000,3,0.5,556,0.9909763336181641,-1.1089191436767578,-0.009023666381835938,-0.10891914367675781,0.7678152322769165,0.03607798638975115,0.41645315210630107,0.6951716878822976,0.6877832144835379
2,1000,3,0.5,557,0.9921435713768005,-1.1096746921539307,-0.007856428623199463,-0.10967469215393066,0.7557640075683594,0.03787107541299119,0.42216831025398194,0.7009276551044457,0.6957474447542332
2,1000,3,0.5,558,0.9940080642700195,-1.108762264251709,-0.005991935729980469,-0.10876226425170898,0.7554436922073364,0.03280099701111142,0.4026332540841338,0.6820984514659361,0.6805451597932378
2,1000,3,0.5,559,0.9929153919219971,-1.1098780632019043,-0.00708460807800293,-0.1098780632019043,0.755914032459259,0.03223909193240039,0.4056060117118592,0.6878009034905037,0.6780422601848112
2,1000,3,0.5,560,0.9929358959197998,-1.1102104187011719,-0.007064104080200195,-0.11021041870117188,0.7540533542633057,0.035188790409635656,0.41045251778086106,0.6919781006078608,0.6886488907479443
2,1000,3,0.5,561,0.9934149980545044,-1.1128708124160767,-0.0065850019454956055,-0.11287081241607666,0.7559609413146973,0.03226866066100873,0.39702413378907764,0.6809760025269729,0.6775807276080548
2,1000,3,0.5,562,0.9932199716567993,-1.1124017238616943,-0.006780028343200684,-0.11240172386169434,0.7524495124816895,0.03302361790721566,0.4068025857628597,0.6820364622938422,0.681320300971731
2,1000,3,0.5,563,0.9918768405914307,-1.1118794679641724,-0.008123159408569336,-0.11187946796417236,0.7675397396087646,0.032278082344503765,0.4028764699190732,0.6879604343274957,0.6796232165025731
2,1000,3,0.5,564,0.990155041217804,-1.1102843284606934,-0.009844958782196045,-0.11028432846069336,0.7598907947540283,0.034594444236183235,0.4070539082097184,0.6880561621666209,0.6857609297389932
2,1000,3,0.5,565,0.991996705532074,-1.10579514503479,-0.008003294467926025,-0.10579514503479004,0.7672205567359924,0.04105434161068345,0.43729523904027673,0.7052351081333019,0.7061403027890506
2,1000,3,0.5,566,0.9949022531509399,-1.1042872667312622,-0.005097746849060059,-0.10428726673126221,0.7802110910415649,0.04003877068457404,0.43668294711502176,0.7065750122785909,0.7012789895493775
2,1000,3,0.5,567,0.9942483305931091,-1.1055793762207031,-0.005751669406890869,-0.10557937622070312,0.7578860521316528,0.033157508675742686,0.4002427723645124,0.6848545671425083,0.6800917389276644
2,1000,3,0.5,568,0.9923999905586243,-1.105690598487854,-0.007600009441375732,-0.105690598487854,0.7724733352661133,0.03466423501401597,0.4093023776833191,0.6954148525893495,0.6849927037514546
2,1000,3,0.5,569,0.9909585118293762,-1.1067432165145874,-0.00904148817062378,-0.1067432165145874,0.7636005878448486,0.03362644874296549,0.40188844042631827,0.6872281536926184,0.6813201682408229
2,1000,3,0.5,570,0.9874467253684998,-1.1093945503234863,-0.012553274631500244,-0.10939455032348633,0.7653406858444214,0.03425172473151271,0.4150722471057098,0.6921730485030666,0.6892489283347911
2,1000,3,0.5,571,0.9882765412330627,-1.1083091497421265,-0.011723458766937256,-0.10830914974212646,0.7592258453369141,0.03447741656748457,0.41012821727748183,0.6891303415632035,0.6826705627819151
2,1000,3,0.5,572,0.9854164123535156,-1.1092325448989868,-0.014583587646484375,-0.10923254489898682,0.7642654180526733,0.03489545451583228,0.3983015393025029,0.6905970681153681,0.684545721328719
2,1000,3,0.5,573,0.985349714756012,-1.1082515716552734,-0.014650285243988037,-0.10825157165527344,0.7645520567893982,0.03647153882826877,0.4212425524352886,0.6991697280438423,0.6923525599159036
2,1000,3,0.5,574,0.9863942861557007,-1.1095234155654907,-0.013605713844299316,-0.10952341556549072,0.7583967447280884,0.0345048659728283,0.4038970259527106,0.6796426919210254,0.6829454574071697
2,1000,3,0.5,575,0.9831239581108093,-1.113229751586914,-0.016876041889190674,-0.11322975158691406,0.7667446136474609,0.03607325060021355,0.4178521380964335,0.6968213980199977,0.6873257913773263
2,1000,3,0.5,576,0.9844072461128235,-1.1129552125930786,-0.015592753887176514,-0.11295521259307861,0.7666512727737427,0.03533793613421365,0.4098947749168255,0.6945656988507856,0.6878613534449164
2,1000,3,0.5,577,0.9867260456085205,-1.1128976345062256,-0.013273954391479492,-0.11289763450622559,0.7594857215881348,0.031090307913508183,0.39728828553939155,0.6783305429864235,0.6732576311423256
2,1000,3,0.5,578,0.9856119751930237,-1.111337423324585,-0.014388024806976318,-0.11133742332458496,0.7611161470413208,0.03560369277014359,0.4191362635197307,0.6941406873914377,0.6893708923489685
2,1000,3,0.5,579,0.9842830896377563,-1.10835599899292,-0.015716910362243652,-0.10835599899291992,0.7563202381134033,0.037110956984318086,0.41530960648266246,0.6982859028078835,0.6921211160953574
2,1000,3,0.5,580,0.9810912013053894,-1.1094180345535278,-0.018908798694610596,-0.10941803455352783,0.7525798678398132,0.03445568250147275,0.4100353146654875,0.6882612268814253,0.6862962735642967
2,1000,3,0.5,581,0.9822299480438232,-1.1098710298538208,-0.017770051956176758,-0.1098710298538208,0.7590758800506592,0.03480801527967678,0.4038428509478102,0.6898116886079378,0.6849267026106705
2,1000,3,0.5,582,0.9851445555686951,-1.112600564956665,-0.014855444431304932,-0.11260056495666504,0.7574837803840637,0.03358978338600473,0.3982713839480903,0.6842719616954992,0.6817118824772926
2,1000,3,0.5,583,0.9865545034408569,-1.1112388372421265,-0.013445496559143066,-0.11123883724212646,0.7705396413803101,0.038628047227606696,0.4232875037196894,0.7053478320905578,0.6947170858407024
2,1000,3,0.5,584,0.9851879477500916,-1.1085829734802246,-0.014812052249908447,-0.10858297348022461,0.7606959939002991,0.037066537387402704,0.4105444525099034,0.6951562372151103,0.6922138989970271
2,1000,3,0.5,585,0.982241153717041,-1.1095232963562012,-0.017758846282958984,-0.10952329635620117,0.770626962184906,0.03510812007198134,0.40515463605760205,0.691650074625754,0.6873342486525869
2,1000,3,0.5,586,0.9792807102203369,-1.1096199750900269,-0.020719289779663086,-0.10961997509002686,0.765612781047821,0.03526148380069981,0.4125159235459859,0.6927644250817622,0.68787331113197
2,1000,3,0.5,587,0.9763290882110596,-1.1092535257339478,-0.02367091178894043,-0.10925352573394775,0.7629938125610352,0.03293864872297748,0.4019598831858926,0.6854392608206256,0.6792239684973556
2,1000,3,0.5,588,0.9806445240974426,-1.1073265075683594,-0.019355475902557373,-0.10732650756835938,0.7679671049118042,0.034343096409322246,0.40389237576793463,0.6894912866260084,0.6834168040242239
2,1000,3,0.5,589,0.9816038012504578,-1.1102532148361206,-0.018396198749542236,-0.1102532148361206,0.7724478244781494,0.035463638871229844,0.42525153145487293,0.699867228618913,0.6940679897693751
2,1000,3,0.5,590,0.9848576784133911,-1.1068936586380005,-0.015142321586608887,-0.10689365863800049,0.7701035141944885,0.03546302345990716,0.41087980022644516,0.6962724848606092,0.687182070098419
2,1000,3,0.5,591,0.9834539890289307,-1.1062686443328857,-0.016546010971069336,-0.10626864433288574,0.7681207656860352,0.03650506798465077,0.41256935156599234,0.7018153905634807,0.6886458003751829
2,1000,3,0.5,592,0.9838831424713135,-1.106862187385559,-0.016116857528686523,-0.10686218738555908,0.7687942981719971,0.034630010879455546,0.40611917618863125,0.6979339670914777,0.6839410623259748
2,1000,3,0.5,593,0.9869464635848999,-1.1069376468658447,-0.013053536415100098,-0.10693764686584473,0.7669945955276489,0.0397376617536643,0.42551826897316064,0.7084969952167764,0.6973532317327177
2,1000,3,0.5,594,0.9855107069015503,-1.1081364154815674,-0.014489293098449707,-0.10813641548156738,0.7712385654449463,0.03737092051807329,0.40788330357241903,0.6977477333495521,0.6892897430072781
2,1000,3,0.5,595,0.9849402904510498,-1.1092863082885742,-0.015059709548950195,-0.10928630828857422,0.7609512805938721,0.03554664008585552,0.40863828849313805,0.6960008395819796,0.6851326744912812
2,1000,3,0.5,596,0.983357846736908,-1.1116235256195068,-0.01664215326309204,-0.11162352561950684,0.769707441329956,0.04136178888014748,0.43634792011433204,0.7138135624657196,0.7050527208428959
2,1000,3,0.5,597,0.9842082262039185,-1.1123957633972168,-0.015791773796081543,-0.1123957633972168,0.7627977132797241,0.03520787467099999,0.40581424451023906,0.689583192739272,0.6866483716146323
2,1000,3,0.5,598,0.9798640012741089,-1.1132391691207886,-0.020135998725891113,-0.11323916912078857,0.7630770206451416,0.03455146007949764,0.4038627830849859,0.6918480931082607,0.6842625724975331
2,1000,3,0.5,599,0.9785301089286804,-1.1135951280593872,-0.02146989107131958,-0.11359512805938721,0.7736654281616211,0.03726976637620319,0.417231655731118,0.7087282792900715,0.6918339186429429
2,1000,3,0.5,600,0.976425290107727,-1.1134389638900757,-0.02357470989227295,-0.11343896389007568,0.7691171169281006,0.03544777696402754,0.40753162996471604,0.7004582066896495,0.684948658334027
2,1000,3,0.5,601,0.975132167339325,-1.11260187625885,-0.02486783266067505,-0.1126018762588501,0.759682297706604,0.03652824903148878,0.4081992048327596,0.6925276241567055,0.6910046790555604
2,1000,3,0.5,602,0.9731230735778809,-1.1136854887008667,-0.02687692642211914,-0.1136854887008667,0.7664113640785217,0.03847140967213001,0.41045360761485583,0.6971028289257529,0.6954314082464575
2,1000,3,0.5,603,0.9703887104988098,-1.1154934167861938,-0.029611289501190186,-0.11549341678619385,0.7734569311141968,0.03655670860530366,0.41765488759327224,0.7037244516957581,0.6897304353455518
2,1000,3,0.5,604,0.9687104225158691,-1.1148022413253784,-0.03128957748413086,-0.11480224132537842,0.7679717540740967,0.03416318414418942,0.4069361405707653,0.6930007347097518,0.6801713582428467
2,1000,3,0.5,605,0.9711428880691528,-1.1125293970108032,-0.028857111930847168,-0.11252939701080322,0.7724944353103638,0.03637048729536157,0.40891591786198783,0.6940923617690297,0.6882043429510286
2,1000,3,0.5,606,0.970038115978241,-1.1143196821212769,-0.029961884021759033,-0.11431968212127686,0.7739813327789307,0.038435114280411235,0.42732720529825186,0.7110093729569844,0.6972824601023002
2,1000,3,0.5,607,0.9701594710350037,-1.1126012802124023,-0.029840528964996338,-0.11260128021240234,0.7771534323692322,0.03663652428840271,0.4094418554683402,0.7008634851698693,0.6895048985415138
2,1000,3,0.5,608,0.9699914455413818,-1.1118202209472656,-0.030008554458618164,-0.11182022094726562,0.7697948813438416,0.03707654151551894,0.4149161054166883,0.6958524846314935,0.6889188015525574
2,1000,3,0.5,609,0.9723242521286011,-1.1101552248001099,-0.027675747871398926,-0.11015522480010986,0.7919224500656128,0.039952696555431794,0.4323255350485608,0.721429786854301,0.6987991575949117
2,1000,3,0.5,610,0.9727038741111755,-1.1092852354049683,-0.027296125888824463,-0.10928523540496826,0.7674605250358582,0.035372367070788384,0.4123455025256339,0.6962284563179062,0.6859333802328047
2,1000,3,0.5,611,0.9725794196128845,-1.1105632781982422,-0.02742058038711548,-0.11056327819824219,0.7770818471908569,0.03583292993121937,0.41699116748941006,0.7059056286728037,0.6822673297885177
2,1000,3,0.5,612,0.9734398126602173,-1.1110128164291382,-0.026560187339782715,-0.11101281642913818,0.7588028311729431,0.037957667097130374,0.4153066580617207,0.698958647843536,0.6926089208589691
2,1000,3,0.5,613,0.9723749160766602,-1.110965609550476,-0.027625083923339844,-0.11096560955047607,0.7672220468521118,0.03463164233448873,0.40560758732117913,0.6928155265968061,0.6845896139273555
2,1000,3,0.5,614,0.970367431640625,-1.1128414869308472,-0.029632568359375,-0.11284148693084717,0.7748082280158997,0.037943194158162934,0.42948767733747883,0.7120436617864147,0.699737326235867
2,1000,3,0.5,615,0.9720326662063599,-1.1128129959106445,-0.027967333793640137,-0.11281299591064453,0.7710375785827637,0.03755614892772948,0.4104976342705185,0.7014590612058609,0.6915961421399717
2,1000,3,0.5,616,0.9727877378463745,-1.1130067110061646,-0.02721226215362549,-0.11300671100616455,0.7668392062187195,0.03554012750294098,0.41330525943199126,0.7000769444085279,0.6877048604055299
2,1000,3,0.5,617,0.9739448428153992,-1.112473964691162,-0.02605515718460083,-0.11247396469116211,0.7723617553710938,0.03720912702151184,0.4156044202653092,0.6973389291362796,0.6922954190813563
2,1000,3,0.5,618,0.974256694316864,-1.1117762327194214,-0.025743305683135986,-0.11177623271942139,0.7694786787033081,0.03613626096489409,0.4125911566691674,0.6938481979272727,0.6893634491665167
2,1000,3,0.5,619,0.9763162732124329,-1.1110886335372925,-0.02368372678756714,-0.11108863353729248,0.773206353187561,0.0363251539453993,0.4098679018705582,0.6983986105581391,0.6872176130255307
2,1000,3,0.5,620,0.9746323227882385,-1.1111119985580444,-0.025367677211761475,-0.11111199855804443,0.77506023645401,0.036756988903049834,0.4116726696284792,0.7056885649679302,0.692278114013619
2,1000,3,0.5,621,0.9726343154907227,-1.1119043827056885,-0.027365684509277344,-0.11190438270568848,0.7713379263877869,0.0364842211346352,0.41327040711078644,0.7026889336569994,0.6881546732401322
2,1000,3,0.5,622,0.9758190512657166,-1.1103565692901611,-0.024180948734283447,-0.11035656929016113,0.7729454040527344,0.03831488998993485,0.42663704659631835,0.7069155377709379,0.6953270170798461
2,1000,3,0.5,623,0.9752888083457947,-1.111287236213684,-0.024711191654205322,-0.11128723621368408,0.7727117538452148,0.03794756730121281,0.42031292324523634,0.7047349492198088,0.6905076058193967
2,1000,3,0.5,624,0.9778589010238647,-1.1101511716842651,-0.022141098976135254,-0.11015117168426514,0.7720396518707275,0.0385539146894945,0.4153431685259744,0.6983196086921882,0.6938126774954558
2,1000,3,0.5,625,0.9783740043640137,-1.1113842725753784,-0.021625995635986328,-0.11138427257537842,0.7823905944824219,0.04396400013187315,0.441328510072507,0.7214334103383656,0.7105648016895344
2,1000,3,0.5,626,0.9799709916114807,-1.1134402751922607,-0.020029008388519287,-0.11344027519226074,0.7608914375305176,0.037183786628819965,0.4069270779145489,0.6848203841407942,0.6903704826319774
2,1000,3,0.5,627,0.9799207448959351,-1.1138414144515991,-0.02007925510406494,-0.11384141445159912,0.7678501605987549,0.037377997037448006,0.41367558154471795,0.6967768454828124,0.6935443507441881
2,1000,3,0.5,628,0.9781988263130188,-1.1150790452957153,-0.0218011736869812,-0.11507904529571533,0.7863512635231018,0.03758431207111704,0.4247413722837096,0.7166798831858255,0.6974644827860823
2,1000,3,0.5,629,0.9787602424621582,-1.1136187314987183,-0.021239757537841797,-0.11361873149871826,0.783280074596405,0.03696887865155001,0.4185923209599761,0.7084374534089626,0.695873812220027
2,1000,3,0.5,630,0.9800054430961609,-1.1124823093414307,-0.01999455690383911,-0.11248230934143066,0.7803255319595337,0.038447195427988926,0.4151356414468689,0.7095578509494632,0.6940924029928491
2,1000,3,0.5,631,0.978779137134552,-1.1117966175079346,-0.021220862865447998,-0.11179661750793457,0.7779742479324341,0.039608759086707086,0.4199148088988889,0.7099594312606229,0.698696586549216
2,1000,3,0.5,632,0.9756060242652893,-1.111568570137024,-0.024393975734710693,-0.11156857013702393,0.7712326645851135,0.037089223482307275,0.408267077958974,0.6931097774859092,0.6902294631287369
2,1000,3,0.5,633,0.9730972647666931,-1.1110607385635376,-0.026902735233306885,-0.1110607385635376,0.776058554649353,0.03715468798465077,0.4185767832775831,0.7040888205493817,0.6929558916218623
2,1000,3,0.5,634,0.9767892956733704,-1.1086345911026,-0.02321070432662964,-0.1086345911026001,0.768679141998291,0.03564239048245828,0.4096018977277252,0.6924414086875734,0.6839373142603922
2,1000,3,0.5,635,0.9750504493713379,-1.1075811386108398,-0.02494955062866211,-0.10758113861083984,0.7735885381698608,0.035208719647588184,0.4143887798191281,0.6963639245170502,0.6900798501858298
2,1000,3,0.5,636,0.9747073650360107,-1.1054918766021729,-0.025292634963989258,-0.10549187660217285,0.7772641181945801,0.03748748137848839,0.4229098083235976,0.7063404543400655,0.6944509852784981
2,1000,3,0.5,637,0.9749743938446045,-1.1045806407928467,-0.025025606155395508,-0.10458064079284668,0.7712268829345703,0.03772673203653328,0.41616113302582536,0.7041918524272464,0.692987713007263
2,1000,3,0.5,638,0.9749516844749451,-1.104157567024231,-0.02504831552505493,-0.10415756702423096,0.7746007442474365,0.03738148933209843,0.40712493416877094,0.7011270303205015,0.6927151991556875
2,1000,3,0.5,639,0.9748176336288452,-1.1038240194320679,-0.025182366371154785,-0.10382401943206787,0.7814276218414307,0.04328462862676909,0.44057575880361055,0.7186524398819936,0.7094250739155243
2,1000,3,0.5,640,0.9756079912185669,-1.1038029193878174,-0.024392008781433105,-0.10380291938781738,0.7698061466217041,0.04157538467923497,0.42665343044819937,0.699730982452704,0.7046328345440807
2,1000,3,0.5,641,0.9746727347373962,-1.1056098937988281,-0.02532726526260376,-0.10560989379882812,0.7748924493789673,0.038575732243288474,0.4227128619608972,0.7051475345063563,0.6937408785652271
2,1000,3,0.5,642,0.9722033143043518,-1.1077113151550293,-0.027796685695648193,-0.1077113151550293,0.7810813188552856,0.03719125884623188,0.4188697724126966,0.7084100397515835,0.6943318942028418
2,1000,3,0.5,643,0.9724355340003967,-1.1078656911849976,-0.02756446599960327,-0.10786569118499756,0.7693093419075012,0.0373352837651329,0.4161527346022582,0.6986150345741777,0.6971931236338255
2,1000,3,0.5,644,0.9721062183380127,-1.1074391603469849,-0.027893781661987305,-0.10743916034698486,0.7734180688858032,0.035455070859611325,0.410628881806569,0.6922834179495615,0.6856412858199252
2,1000,3,0.5,645,0.9709489345550537,-1.107304573059082,-0.02905106544494629,-0.10730457305908203,0.7983898520469666,0.04079381970881858,0.43960835534546644,0.719849249944981,0.7091430326463201
2,1000,3,0.5,646,0.9714570045471191,-1.1051138639450073,-0.02854299545288086,-0.10511386394500732,0.7747344970703125,0.03952298689205704,0.4165607874392095,0.6994644813428751,0.6979092967715097
2,1000,3,0.5,647,0.968406617641449,-1.1057047843933105,-0.031593382358551025,-0.10570478439331055,0.7903391122817993,0.039639738446559096,0.4286458663404409,0.7168374066745642,0.6925329373325081
2,1000,3,0.5,648,0.9658755660057068,-1.1085503101348877,-0.03412443399429321,-0.1085503101348877,0.7769812345504761,0.03668348725258115,0.41893798957915834,0.7035836085941328,0.6925424649625618
2,1000,3,0.5,649,0.9675403237342834,-1.1069505214691162,-0.03245967626571655,-0.10695052146911621,0.7641092538833618,0.036900495451462276,0.41168554697469906,0.6947608755821831,0.6908408786207458
2,1000,3,0.5,650,0.9721598625183105,-1.1062566041946411,-0.027840137481689453,-0.10625660419464111,0.765112578868866,0.03888183150325579,0.42357536136493096,0.6984322241903904,0.6954052225542462
2,1000,3,0.5,651,0.973309338092804,-1.108368158340454,-0.026690661907196045,-0.1083681583404541,0.7654698491096497,0.03790211156319603,0.4175583067591516,0.695002934899949,0.6940078945377629
2,1000,3,0.5,652,0.9761788249015808,-1.106990098953247,-0.02382117509841919,-0.10699009895324707,0.755056619644165,0.03825423005284881,0.41925283459501783,0.6945677310538536,0.6957337191186116
2,1000,3,0.5,653,0.9772263169288635,-1.108467698097229,-0.022773683071136475,-0.108467698097229,0.7752816677093506,0.03837316476652173,0.4144755127326904,0.7041506809987635,0.6921987804490348
2,1000,3,0.5,654,0.9762322902679443,-1.1098090410232544,-0.023767709732055664,-0.1098090410232544,0.7720743417739868,0.03704444504581767,0.42315335856999325,0.7031734343046484,0.695340408027839
2,1000,3,0.5,655,0.9786431193351746,-1.1090490818023682,-0.02135688066482544,-0.10904908180236816,0.7797685861587524,0.03848096478840124,0.4148390611118816,0.7076696615918169,0.6946492770456825
2,1000,3,0.5,656,0.9791883826255798,-1.1096701622009277,-0.020811617374420166,-0.10967016220092773,0.7622191309928894,0.03577604867262747,0.416649678540025,0.6932708148724147,0.6898861119891918
2,1000,3,0.5,657,0.9812802672386169,-1.1074520349502563,-0.018719732761383057,-0.10745203495025635,0.7659416198730469,0.036980764334875,0.41190975352401066,0.6943967716038496,0.6906870084432503
2,1000,3,0.5,658,0.9769094586372375,-1.108655333518982,-0.02309054136276245,-0.10865533351898193,0.7716359496116638,0.040218530549814266,0.4332912057745574,0.7121523861238515,0.7067729460560489
2,1000,3,0.5,659,0.976097822189331,-1.1093025207519531,-0.023902177810668945,-0.10930252075195312,0.7775529623031616,0.03446432425679018,0.40217983440614774,0.6943801131507709,0.6840886901134726
2,1000,3,0.5,660,0.9787573218345642,-1.1083709001541138,-0.02124267816543579,-0.10837090015411377,0.7641173601150513,0.03754394376130161,0.4281016015855434,0.6963097829589284,0.698389704569333
2,1000,3,0.5,661,0.9843637347221375,-1.108332633972168,-0.01563626527786255,-0.10833263397216797,0.7607569098472595,0.03614049500611025,0.4108716872013693,0.6948538110437571,0.688122662327945
2,1000,3,0.5,662,0.9854384660720825,-1.108935832977295,-0.01456153392791748,-0.10893583297729492,0.7753603458404541,0.03942128474750918,0.42313940946676726,0.7087897509629677,0.70076100656976
2,1000,3,0.5,663,0.9908419251441956,-1.104912519454956,-0.009158074855804443,-0.10491251945495605,0.778693437576294,0.042662684258637514,0.43841832618472415,0.7186997693743129,0.7086036582880176
2,1000,3,0.5,664,0.9927368760108948,-1.1024670600891113,-0.007263123989105225,-0.10246706008911133,0.7768229246139526,0.040215864327153836,0.4218225789740233,0.7061472037661625,0.7013445171670687
2,1000,3,0.5,665,0.989777684211731,-1.10399329662323,-0.010222315788269043,-0.10399329662322998,0.7573784589767456,0.03773664224107088,0.41415184253389264,0.6929836186724566,0.6946091584645687
2,1000,3,0.5,666,0.9875466823577881,-1.1057952642440796,-0.012453317642211914,-0.10579526424407959,0.7791591882705688,0.03628787398110549,0.43240763649511976,0.7081729980777662,0.6952674392345466
2,1000,3,0.5,667,0.9902744889259338,-1.1024196147918701,-0.009725511074066162,-0.10241961479187012,0.7723050117492676,0.037381929341884904,0.4182469043102733,0.7054403294361801,0.6904793242012449
2,1000,3,0.5,668,0.9869078397750854,-1.1028367280960083,-0.01309216022491455,-0.1028367280960083,0.7816775441169739,0.03655116649251807,0.4128768287558418,0.7017992014719232,0.6903123864828928
2,1000,3,0.5,669,0.9857656359672546,-1.1022388935089111,-0.014234364032745361,-0.10223889350891113,0.7715035676956177,0.03805606863424037,0.42527437860900946,0.703114952363199,0.6991717156437701
2,1000,3,0.5,670,0.989137589931488,-1.101889729499817,-0.010862410068511963,-0.1018897294998169,0.759663999080658,0.03636922639296035,0.4138267482042798,0.6904792619136557,0.6887875074070317
2,1000,3,0.5,671,0.9933885931968689,-1.1026084423065186,-0.0066114068031311035,-0.10260844230651855,0.763592541217804,0.03554868035730115,0.41262211729557313,0.6902090200650393,0.690228898043149
2,1000,3,0.5,672,0.9958877563476562,-1.1028714179992676,-0.00411224365234375,-0.10287141799926758,0.784220814704895,0.03707254749366939,0.42670340615296054,0.7087797315462234,0.6950397753165704
2,1000,3,0.5,673,0.999638557434082,-1.0997586250305176,-0.00036144256591796875,-0.09975862503051758,0.776259183883667,0.04092842848894865,0.42412471094825027,0.7107231638952658,0.701263476731097
2,1000,3,0.5,674,0.9978994727134705,-1.1000466346740723,-0.002100527286529541,-0.10004663467407227,0.7708296179771423,0.0408286443833205,0.4191117393015996,0.7016718102973429,0.7025019225462026
2,1000,3,0.5,675,0.9934847354888916,-1.1005324125289917,-0.0065152645111083984,-0.1005324125289917,0.779463529586792,0.041581357249285814,0.43951087414915846,0.7186035452478791,0.7058252244261758
2,1000,3,0.5,676,0.9895790219306946,-1.100243091583252,-0.01042097806930542,-0.10024309158325195,0.7736167907714844,0.03954856434755365,0.4142139119373576,0.7038946185350435,0.6967068979094883
2,1000,3,0.5,677,0.9860730171203613,-1.1017049551010132,-0.013926982879638672,-0.10170495510101318,0.7753766775131226,0.03984169109904756,0.4151926168260401,0.7030592639902333,0.699253107690781
2,1000,3,0.5,678,0.9868325591087341,-1.1020087003707886,-0.01316744089126587,-0.10200870037078857,0.7705366611480713,0.03896083923537096,0.42258571187035443,0.7029156430526868,0.6991017713954161
2,1000,3,0.5,679,0.9896304607391357,-1.1016712188720703,-0.010369539260864258,-0.10167121887207031,0.7800352573394775,0.04095039566351878,0.4199606032518253,0.7130333038689355,0.7032099220250265
2,1000,3,0.5,680,0.9922526478767395,-1.1035559177398682,-0.007747352123260498,-0.10355591773986816,0.7788041830062866,0.03441907092925967,0.4052080201323695,0.6983841406636234,0.6838005463547258
2,1000,3,0.5,681,0.9942368268966675,-1.1037778854370117,-0.0057631731033325195,-0.10377788543701172,0.7777588367462158,0.03810229642448939,0.42052992166929326,0.7069030724412332,0.692825878146108
2,1000,3,0.5,682,0.9912859201431274,-1.1037918329238892,-0.008714079856872559,-0.10379183292388916,0.7781015634536743,0.040140556339880194,0.43552713512250735,0.7166762499537791,0.708179708585644
2,1000,3,0.5,683,0.9873020052909851,-1.1023122072219849,-0.012697994709014893,-0.10231220722198486,0.788021981716156,0.03606853034952888,0.4184693068779089,0.7060785041102369,0.6934550861983841
2,1000,3,0.5,684,0.987361490726471,-1.101646065711975,-0.012638509273529053,-0.1016460657119751,0.77640700340271,0.03490861572232585,0.41642977033168366,0.6977130522334813,0.6905169325788575
2,1000,3,0.5,685,0.9892210364341736,-1.1007517576217651,-0.010778963565826416,-0.10075175762176514,0.776191771030426,0.03847335530421267,0.4287218140338444,0.7075639813914133,0.6978897997203586
2,1000,3,0.5,686,0.9913824796676636,-1.099101185798645,-0.008617520332336426,-0.09910118579864502,0.7813706398010254,0.03982542975949362,0.4195342209248669,0.7026926463038395,0.6991742043481205
2,1000,3,0.5,687,0.9918277263641357,-1.097071886062622,-0.008172273635864258,-0.09707188606262207,0.7743064165115356,0.042808958322619856,0.43346474826492326,0.7086800053083057,0.7073680090775256
2,1000,3,0.5,688,0.9935646057128906,-1.0951881408691406,-0.006435394287109375,-0.09518814086914062,0.7721042633056641,0.03828679269016384,0.42500081686420477,0.707872673583025,0.6955833575489214
2,1000,3,0.5,689,0.9925612211227417,-1.096554160118103,-0.007438778877258301,-0.09655416011810303,0.7712999582290649,0.036514298441992894,0.4044037107771675,0.6986978884528915,0.6901439316759013
2,1000,3,0.5,690,0.9899961352348328,-1.0976636409759521,-0.010003864765167236,-0.09766364097595215,0.7822473049163818,0.039440025707654654,0.42579991183416155,0.7118806032314944,0.7012198803864083
2,1000,3,0.5,691,0.9884697794914246,-1.095462679862976,-0.01153022050857544,-0.09546267986297607,0.7719722986221313,0.03812751691694164,0.41540137676321764,0.7009499388327975,0.6964018093381978
2,1000,3,0.5,692,0.9873342514038086,-1.0957244634628296,-0.012665748596191406,-0.09572446346282959,0.7760341167449951,0.03873421019579421,0.4093506589505219,0.6996502263466504,0.6959714085387582
2,1000,3,0.5,693,0.9864920377731323,-1.09599769115448,-0.013507962226867676,-0.09599769115447998,0.7761944532394409,0.041639187458278694,0.44032061724645843,0.7167522307141618,0.7087194803803623
2,1000,3,0.5,694,0.9909512996673584,-1.0941731929779053,-0.009048700332641602,-0.09417319297790527,0.7715142965316772,0.04185673288902876,0.42821293225190943,0.7024814707175583,0.7071011591953548
2,1000,3,0.5,695,0.9917706251144409,-1.094575047492981,-0.008229374885559082,-0.09457504749298096,0.7774321436882019,0.04195782835700772,0.4348313968729061,0.7152220351956596,0.7055567458497323
2,1000,3,0.5,696,0.9918555021286011,-1.0972026586532593,-0.008144497871398926,-0.09720265865325928,0.7764410972595215,0.03933762119681945,0.41899448272479134,0.7081232495988581,0.6960766477810811
2,1000,3,0.5,697,0.9931774735450745,-1.099721074104309,-0.006822526454925537,-0.09972107410430908,0.7728196382522583,0.03856497296560377,0.4203072970200959,0.7053384927623501,0.69313533472278
2,1000,3,0.5,698,0.9903044700622559,-1.101498007774353,-0.00969552993774414,-0.10149800777435303,0.775036633014679,0.03797684301345504,0.41461511578501076,0.7044808354276705,0.6918162880691782
2,1000,3,0.5,699,0.9867939352989197,-1.1033879518508911,-0.013206064701080322,-0.10338795185089111,0.7653689980506897,0.03828745962218601,0.4188000178570418,0.698468983229043,0.6942232356301894
2,1000,3,0.5,700,0.9858130216598511,-1.1030503511428833,-0.014186978340148926,-0.1030503511428833,0.7708579301834106,0.03853528898862581,0.4223819569244586,0.7035517775624421,0.6982787261878034
2,1000,3,0.5,701,0.9879897236824036,-1.1009584665298462,-0.012010276317596436,-0.10095846652984619,0.7844702005386353,0.04095821371913703,0.43039159558605844,0.7186440167343181,0.7014473236683822
2,1000,3,0.5,702,0.9887160658836365,-1.1027381420135498,-0.011283934116363525,-0.1027381420135498,0.7734395265579224,0.03660329869044231,0.4126310898058834,0.70287809852018,0.6909326200449025
2,1000,3,0.5,703,0.9893121123313904,-1.1032445430755615,-0.01068788766860962,-0.10324454307556152,0.7753505706787109,0.03646569841471486,0.4114541438115122,0.7027251298401697,0.6895258230276098
2,1000,3,0.5,704,0.989841878414154,-1.1025135517120361,-0.010158121585845947,-0.10251355171203613,0.7773457765579224,0.040377198591926684,0.4276589883997787,0.7109253573083708,0.7017237025700592
2,1000,3,0.5,705,0.9851519465446472,-1.1040507555007935,-0.014848053455352783,-0.10405075550079346,0.7711238861083984,0.03762864675402548,0.4195097193907904,0.7008202423583023,0.6942581376070491
2,1000,3,0.5,706,0.9852506518363953,-1.1036970615386963,-0.014749348163604736,-0.10369706153869629,0.7805212736129761,0.03810268527400984,0.42694182785922197,0.7057032084003062,0.6974961746306174
2,1000,3,0.5,707,0.984995424747467,-1.1023691892623901,-0.015004575252532959,-0.10236918926239014,0.766939640045166,0.03575574662520184,0.412104778824859,0.6871941582226059,0.6936151269044455
2,1000,3,0.5,708,0.982842743396759,-1.1027357578277588,-0.017157256603240967,-0.10273575782775879,0.7800782322883606,0.04180886520022693,0.43622478611728427,0.7154556042776886,0.7070624063333157
2,1000,3,0.5,709,0.982026219367981,-1.1046277284622192,-0.017973780632019043,-0.10462772846221924,0.7756372690200806,0.04103472101824518,0.4226925515884982,0.7056476575123136,0.7021134162564275
2,1000,3,0.5,710,0.9818388819694519,-1.106377363204956,-0.018161118030548096,-0.10637736320495605,0.7721750140190125,0.0382155878334717,0.4108154045902969,0.6980606946610547,0.6923807504509646
2,1000,3,0.5,711,0.984020471572876,-1.107338309288025,-0.015979528427124023,-0.1073383092880249,0.7748367786407471,0.03866411906286805,0.41909652427852206,0.7027176666458282,0.6961723915223729
2,1000,3,0.5,712,0.9834562540054321,-1.1067454814910889,-0.01654374599456787,-0.10674548149108887,0.7823505401611328,0.03866919445090665,0.4194043812952404,0.7095029344689958,0.69325084075526
2,1000,3,0.5,713,0.9834482073783875,-1.1050801277160645,-0.01655179262161255,-0.10508012771606445,0.7896597385406494,0.042892146479302125,0.43613595428878726,0.7233384041694965,0.7109098311765671
2,1000,3,0.5,714,0.983235776424408,-1.1032507419586182,-0.01676422357559204,-0.10325074195861816,0.769433856010437,0.04047691612135385,0.42092139752794183,0.702604916922512,0.7014211443071628
2,1000,3,0.5,715,0.9865330457687378,-1.1015201807022095,-0.013466954231262207,-0.10152018070220947,0.7657065391540527,0.0391382256552329,0.4194072092194919,0.701744875947511,0.6961019766488302
2,1000,3,0.5,716,0.9871581196784973,-1.1031410694122314,-0.012841880321502686,-0.10314106941223145,0.7793323397636414,0.0416341087155498,0.4253008608392581,0.715406100608769,0.7025932422330577
2,1000,3,0.5,717,0.9833106994628906,-1.1048117876052856,-0.016689300537109375,-0.10481178760528564,0.7760351896286011,0.039804559993888586,0.4161807422870173,0.7089023371238952,0.6995196490685537
2,1000,3,0.5,718,0.9815265536308289,-1.1057405471801758,-0.018473446369171143,-0.10574054718017578,0.7782689332962036,0.03965048676141206,0.42637032734910635,0.713966783879298,0.6994093158574571
2,1000,3,0.5,719,0.9801531434059143,-1.10746431350708,-0.019846856594085693,-0.10746431350708008,0.7653099298477173,0.039769733473348556,0.41775622042160826,0.6996195273968715,0.6988459991437944
2,1000,3,0.5,720,0.980338454246521,-1.108685851097107,-0.019661545753479004,-0.10868585109710693,0.76768958568573,0.041885288570948954,0.43083804138388326,0.7103954538384408,0.7043297515977917
2,1000,3,0.5,721,0.9795114398002625,-1.1118664741516113,-0.02048856019973755,-0.11186647415161133,0.7778209447860718,0.042883060517673224,0.43819166783408237,0.7168023018916646,0.7100283023866613
2,1000,3,0.5,722,0.983087956905365,-1.114618182182312,-0.01691204309463501,-0.11461818218231201,0.7744289636611938,0.03610288155564436,0.4127736058270517,0.7005001601082717,0.6870684499057813
2,1000,3,0.5,723,0.9808770418167114,-1.117427110671997,-0.019122958183288574,-0.11742711067199707,0.764440655708313,0.03734929891821177,0.4277178123029579,0.7003335158299552,0.6960945858429954
2,1000,3,0.5,724,0.977806806564331,-1.1193292140960693,-0.022193193435668945,-0.11932921409606934,0.786122739315033,0.039670679328432296,0.4298552445252158,0.7139555499858631,0.7045834731476791
2,1000,3,0.5,725,0.9786632061004639,-1.1169750690460205,-0.021336793899536133,-0.11697506904602051,0.7727247476577759,0.0376613721025483,0.41413188401318624,0.7037467369368219,0.6933631259055082
2,1000,3,0.5,726,0.9791550636291504,-1.115647554397583,-0.02084493637084961,-0.11564755439758301,0.7751832008361816,0.04118690685988883,0.4206092868827943,0.7084689450717074,0.7034156904916203
2,1000,3,0.5,727,0.9818253517150879,-1.115244746208191,-0.01817464828491211,-0.11524474620819092,0.7776898145675659,0.03969730322441784,0.42384464648317705,0.7070328660077468,0.70021502469058
2,1000,3,0.5,728,0.9810280799865723,-1.1149548292160034,-0.018971920013427734,-0.11495482921600342,0.7750006318092346,0.038256156514007336,0.4255692870357662,0.7063339971138829,0.6980057855598951
2,1000,3,0.5,729,0.9813516736030579,-1.1138794422149658,-0.01864832639694214,-0.11387944221496582,0.7874998450279236,0.039462630345633944,0.4199963347289321,0.7074191712851069,0.6985447784415042
2,1000,3,0.5,730,0.9859645366668701,-1.1125797033309937,-0.014035463333129883,-0.11257970333099365,0.7674446105957031,0.03750236954911884,0.41131615490540974,0.6932888851835131,0.691594329619056
2,1000,3,0.5,731,0.9877546429634094,-1.1141830682754517,-0.012245357036590576,-0.11418306827545166,0.7788125276565552,0.038384612758545884,0.41569301004230197,0.703011036908097,0.6958888511717375
2,1000,3,0.5,732,0.9878377914428711,-1.1135514974594116,-0.012162208557128906,-0.11355149745941162,0.7756763100624084,0.04240879489752886,0.43099794288469684,0.7115544810405777,0.7081795756212619
2,1000,3,0.5,733,0.986074686050415,-1.1127134561538696,-0.013925313949584961,-0.11271345615386963,0.7851635217666626,0.044425391213684745,0.4352243103672315,0.7231409608096859,0.7091572674490733
2,1000,3,0.5,734,0.9810284376144409,-1.1130248308181763,-0.018971562385559082,-0.11302483081817627,0.7724536061286926,0.04278615915983294,0.43371114835973645,0.7148518537906218,0.7080217923098149
2,1000,3,0.5,735,0.9795485138893127,-1.1117939949035645,-0.020451486110687256,-0.11179399490356445,0.7796158790588379,0.04017284460229966,0.42719943684471334,0.7136989607013646,0.7008215162829318
2,1000,3,0.5,736,0.9763256907463074,-1.1125006675720215,-0.023674309253692627,-0.11250066757202148,0.765131950378418,0.038945378631061386,0.4181726912905934,0.6991126458097011,0.6966111405450421
2,1000,3,0.5,737,0.9749060869216919,-1.111971378326416,-0.025093913078308105,-0.11197137832641602,0.7712404131889343,0.03885286736675775,0.41598298072072437,0.7027730462868024,0.6961539352723748
2,1000,3,0.5,738,0.9772050380706787,-1.1128871440887451,-0.02279496192932129,-0.11288714408874512,0.780258059501648,0.04163557924317302,0.4394884649172446,0.7173641920630501,0.7083552388595609
2,1000,3,0.5,739,0.9779349565505981,-1.1117547750473022,-0.022065043449401855,-0.11175477504730225,0.7755699157714844,0.041522759453982025,0.41960119992638556,0.7094430220553726,0.7036255290148435
2,1000,3,0.5,740,0.9816839098930359,-1.1111209392547607,-0.01831609010696411,-0.11112093925476074,0.7615780234336853,0.039128448118826174,0.4220529458257944,0.7027169662870065,0.6971707395945713
2,1000,3,0.5,741,0.9821748733520508,-1.111530065536499,-0.01782512664794922,-0.11153006553649902,0.7690699100494385,0.04072474232233215,0.41625814290058544,0.7031300384915647,0.7011578733569606
2,1000,3,0.5,742,0.9834065437316895,-1.1104302406311035,-0.016593456268310547,-0.11043024063110352,0.7645542621612549,0.0382947229874548,0.4218480658052642,0.7069870896995514,0.6939455325303643
2,1000,3,0.5,743,0.983639657497406,-1.108848214149475,-0.016360342502593994,-0.1088482141494751,0.7761565446853638,0.03994071769644888,0.42359082716945323,0.7090330008053647,0.7041500859186872
2,1000,3,0.5,744,0.983990490436554,-1.1092888116836548,-0.016009509563446045,-0.10928881168365479,0.7713208198547363,0.0377584566299017,0.4183246576454559,0.6990190692196486,0.6967231720851994
2,1000,3,0.5,745,0.9813253283500671,-1.1115304231643677,-0.01867467164993286,-0.11153042316436768,0.7804200053215027,0.038432164360679595,0.4335059016180238,0.7103059358520398,0.7007742630689503
2,1000,3,0.5,746,0.9775684475898743,-1.111180067062378,-0.022431552410125732,-0.11118006706237793,0.7674895524978638,0.04210554297661999,0.4469230327333689,0.7125741601150262,0.7128448834304166
2,1000,3,0.5,747,0.9780994057655334,-1.1075990200042725,-0.021900594234466553,-0.10759902000427246,0.7802107334136963,0.04213013202925261,0.4265662262312722,0.7056428749298498,0.7075349716595883
2,1000,3,0.5,748,0.9788387417793274,-1.1069523096084595,-0.021161258220672607,-0.10695230960845947,0.7827723026275635,0.045313858584437344,0.4516100922475893,0.7259309657825547,0.7132093394493528
2,1000,3,0.5,749,0.9766761660575867,-1.1076545715332031,-0.02332383394241333,-0.10765457153320312,0.7823936939239502,0.04142029817682568,0.42709505681285953,0.7141385586637959,0.703828260012865
2,1000,3,0.5,750,0.9779195785522461,-1.1060467958450317,-0.022080421447753906,-0.10604679584503174,0.7763583660125732,0.04378528838411648,0.4349171898055317,0.7124952774021193,0.708793544343957
2,1000,3,0.5,751,0.9767612814903259,-1.1067026853561401,-0.023238718509674072,-0.10670268535614014,0.7901302576065063,0.04402439887135385,0.4500172883348999,0.7270620162069436,0.7134149331598448
2,1000,3,0.5,752,0.9753201603889465,-1.1077964305877686,-0.024679839611053467,-0.10779643058776855,0.7711285352706909,0.03948840443775582,0.41765769800167774,0.7020417441698358,0.6972261897429687
2,1000,3,0.5,753,0.97142094373703,-1.1097438335418701,-0.02857905626296997,-0.10974383354187012,0.7863680720329285,0.04166280906194559,0.42631440007691984,0.7156762758989674,0.7037178465329037
2,1000,3,0.5,754,0.9687446355819702,-1.1100258827209473,-0.031255364418029785,-0.11002588272094727,0.7801722288131714,0.04065009275747619,0.4250681792052026,0.7120783790442945,0.7005706932935069
2,1000,3,0.5,755,0.9683440327644348,-1.1086229085922241,-0.031655967235565186,-0.10862290859222412,0.7693451642990112,0.03974493578156696,0.4284659279779872,0.7071076054922745,0.6981579362729053
2,1000,3,0.5,756,0.9713835716247559,-1.106884479522705,-0.02861642837524414,-0.10688447952270508,0.7772060632705688,0.03916234628938239,0.41928551928897595,0.7032815144404333,0.6973259864950998
2,1000,3,0.5,757,0.9721515774726868,-1.1089767217636108,-0.027848422527313232,-0.10897672176361084,0.7775464057922363,0.03893344006383068,0.4257449822147321,0.7074386594843766,0.7011435474382508
2,1000,3,0.5,758,0.9745081067085266,-1.1093013286590576,-0.02549189329147339,-0.10930132865905762,0.7802187204360962,0.03970466903258896,0.4217233840265461,0.7065373848413873,0.7010755836277283
2,1000,3,0.5,759,0.975405216217041,-1.1094937324523926,-0.024594783782958984,-0.10949373245239258,0.765343427658081,0.04224029813028644,0.4288025742633328,0.7037701826068208,0.7052419223084466
2,1000,3,0.5,760,0.9743919968605042,-1.109572410583496,-0.02560800313949585,-0.1095724105834961,0.7796977162361145,0.042540968977674995,0.42637924938226496,0.7149396136961187,0.7039098058431073
2,1000,3,0.5,761,0.9725211262702942,-1.1091355085372925,-0.02747887372970581,-0.10913550853729248,0.7793954610824585,0.04283110771225039,0.42910406238802096,0.7130371892430897,0.7063215366940372
2,1000,3,0.5,762,0.971477746963501,-1.1082448959350586,-0.028522253036499023,-0.1082448959350586,0.7788541913032532,0.04390702775980695,0.4304054451251268,0.7127372875447415,0.7095738015011118
2,1000,3,0.5,763,0.9702539443969727,-1.1102402210235596,-0.029746055603027344,-0.11024022102355957,0.7824907898902893,0.045073457629106556,0.4460354150530644,0.7247108294003338,0.712534237340456
2,1000,3,0.5,764,0.9682940244674683,-1.1111371517181396,-0.03170597553253174,-0.11113715171813965,0.7711169719696045,0.03990651436418908,0.4176149138784417,0.7045790205393857,0.6984379676043427
2,1000,3,0.5,765,0.9659544825553894,-1.1092933416366577,-0.034045517444610596,-0.10929334163665771,0.7912298440933228,0.04394057053102973,0.4370228427286979,0.7228675766069398,0.7086250969362682
2,1000,3,0.5,766,0.9639699459075928,-1.1108320951461792,-0.03603005409240723,-0.1108320951461792,0.7764679193496704,0.0416472996738171,0.4325520756286509,0.7131242501390196,0.7051980301376038
2,1000,3,0.5,767,0.96639484167099,-1.108263373374939,-0.03360515832901001,-0.10826337337493896,0.7862650156021118,0.04398280368488439,0.43929625760771723,0.7270008870501787,0.7085268731012697
2,1000,3,0.5,768,0.9679248332977295,-1.1061673164367676,-0.03207516670227051,-0.10616731643676758,0.776481568813324,0.039874498737377834,0.41346833733221133,0.7028722700057771,0.6995950244978166
2,1000,3,0.5,769,0.9666745662689209,-1.1060551404953003,-0.0333254337310791,-0.10605514049530029,0.7866839170455933,0.04080520530366969,0.43013140107569137,0.7151273768734694,0.703786983365702
2,1000,3,0.5,770,0.9690630435943604,-1.1071085929870605,-0.03093695640563965,-0.10710859298706055,0.764570951461792,0.04097773021166884,0.44549142888784515,0.7074669477275429,0.7110615973815041
2,1000,3,0.5,771,0.9742188453674316,-1.1063882112503052,-0.02578115463256836,-0.10638821125030518,0.7664663195610046,0.03813030139874846,0.4202615678752716,0.6948225611774757,0.6969320989492457
2,1000,3,0.5,772,0.9778198599815369,-1.1077704429626465,-0.022180140018463135,-0.10777044296264648,0.7826671600341797,0.04732342467474426,0.45752414229891514,0.7324329694012269,0.7245897253338522
2,1000,3,0.5,773,0.9869111776351929,-1.1058231592178345,-0.013088822364807129,-0.10582315921783447,0.7760754823684692,0.046660555521488324,0.4539414793147134,0.7229629281322397,0.7200569824527479
2,1000,3,0.5,774,0.9846923351287842,-1.1079596281051636,-0.01530766487121582,-0.10795962810516357,0.7729965448379517,0.041008598601503174,0.43231652364827083,0.7108524363522215,0.7031688906977892
2,1000,3,0.5,775,0.9826627969741821,-1.10896635055542,-0.01733720302581787,-0.10896635055541992,0.7822238206863403,0.04234452246224079,0.4430439531903352,0.7148651629567123,0.7073296335536016
2,1000,3,0.5,776,0.9825564622879028,-1.1079210042953491,-0.017443537712097168,-0.10792100429534912,0.7694061994552612,0.0406276037542014,0.4290057690356515,0.7059375434664311,0.7022142108044953
2,1000,3,0.5,777,0.9854344725608826,-1.1052379608154297,-0.014565527439117432,-0.10523796081542969,0.7695528864860535,0.04498892888111328,0.4436619530205759,0.710520954907882,0.7167982141953948
2,1000,3,0.5,778,0.9825831055641174,-1.1074841022491455,-0.01741689443588257,-0.10748410224914551,0.7930537462234497,0.04675563059306454,0.45175792231660333,0.7255641281185732,0.7212309073366113
2,1000,3,0.5,779,0.9775888323783875,-1.1090924739837646,-0.02241116762161255,-0.10909247398376465,0.7819563746452332,0.04260047299983466,0.4305970478212572,0.7165556916504194,0.7086634239111163
2,1000,3,0.5,780,0.9755750298500061,-1.1088014841079712,-0.024424970149993896,-0.10880148410797119,0.7871995568275452,0.04372119050859772,0.431437287004286,0.7160419161625259,0.7094595971714522
2,1000,3,0.5,781,0.9724028706550598,-1.1108720302581787,-0.027597129344940186,-0.11087203025817871,0.7903055548667908,0.043392671913410084,0.452528918654231,0.7275611591393201,0.7131704293164981
2,1000,3,0.5,782,0.9755556583404541,-1.1100611686706543,-0.0244443416595459,-0.1100611686706543,0.7728604078292847,0.037868224305260115,0.41709418210086086,0.6984637275769213,0.6939507692162242
2,1000,3,0.5,783,0.9758763313293457,-1.111122488975525,-0.024123668670654297,-0.1111224889755249,0.779539942741394,0.04122154685266048,0.43095823704213104,0.7090007611627381,0.7069766082917724
2,1000,3,0.5,784,0.9750440716743469,-1.1112689971923828,-0.024955928325653076,-0.11126899719238281,0.7842628955841064,0.039816232695945815,0.4257239383273971,0.7124323015537958,0.7041731779268158
2,1000,3,0.5,785,0.9745464324951172,-1.10964834690094,-0.025453567504882812,-0.10964834690093994,0.7792129516601562,0.03964062039316731,0.414918709958268,0.7096485863242853,0.698599194166864
2,1000,3,0.5,786,0.9718586802482605,-1.109439730644226,-0.028141319751739502,-0.10943973064422607,0.7879230976104736,0.04352281185799304,0.4432605814817475,0.7244935772284253,0.7109034179503021
2,1000,3,0.5,787,0.9720666408538818,-1.1065102815628052,-0.027933359146118164,-0.10651028156280518,0.7808001637458801,0.041357811655801005,0.4269397805247891,0.7065610152332299,0.70491808209336
2,1000,3,0.5,788,0.9699341058731079,-1.1057782173156738,-0.03006589412689209,-0.10577821731567383,0.779979407787323,0.04230951987029503,0.4302431347227933,0.7117948011500342,0.7062425076979602
2,1000,3,0.5,789,0.9673925042152405,-1.1067237854003906,-0.03260749578475952,-0.10672378540039062,0.7747859954833984,0.04527396092319197,0.4446285223389166,0.717640362360937,0.7175917225321663
2,1000,3,0.5,790,0.9701833724975586,-1.104457974433899,-0.029816627502441406,-0.10445797443389893,0.7819638252258301,0.043840535842056695,0.4307992176341635,0.7107286547407285,0.7095974191636506
2,1000,3,0.5,791,0.9667214751243591,-1.10702383518219,-0.03327852487564087,-0.10702383518218994,0.7782384157180786,0.044351486976417845,0.43797283190120323,0.7108053158632625,0.7105615047666609
2,1000,3,0.5,792,0.9616566300392151,-1.1115673780441284,-0.03834336996078491,-0.11156737804412842,0.7836767435073853,0.0458555443317827,0.4414852267606007,0.7205204353403869,0.7148581629859311
2,1000,3,0.5,793,0.9588951468467712,-1.1135568618774414,-0.04110485315322876,-0.1135568618774414,0.7886330485343933,0.04486697374785694,0.4345452940738063,0.7204717401357738,0.7084097012298476
2,1000,3,0.5,794,0.9571561813354492,-1.1153854131698608,-0.04284381866455078,-0.11538541316986084,0.7844678163528442,0.042180147536164635,0.422170629782596,0.7056363140645652,0.7016112628119099
2,1000,3,0.5,795,0.9597437977790833,-1.1150192022323608,-0.04025620222091675,-0.11501920223236084,0.7726864814758301,0.04572017232989007,0.44986325177787345,0.7121158872159361,0.7185416889533515
2,1000,3,0.5,796,0.9608606100082397,-1.113530158996582,-0.039139389991760254,-0.11353015899658203,0.7895788550376892,0.04798211065172959,0.4475919286612783,0.7170268334110983,0.7211284339428273
2,1000,3,0.5,797,0.9595441818237305,-1.1139817237854004,-0.04045581817626953,-0.11398172378540039,0.7871623039245605,0.04506469549535325,0.43933612472051015,0.7192145192000408,0.7128822383987012
2,1000,3,0.5,798,0.9610360860824585,-1.113555908203125,-0.038963913917541504,-0.113555908203125,0.7773699760437012,0.04360093166390049,0.4277382263831073,0.7064760460230157,0.709411268119793
2,1000,3,0.5,799,0.9611566066741943,-1.1145247220993042,-0.038843393325805664,-0.1145247220993042,0.7823227643966675,0.04074720153999519,0.4297264502462779,0.7057964077236158,0.7014406225721115
2,1000,3,0.5,800,0.9583357572555542,-1.1146509647369385,-0.0416642427444458,-0.11465096473693848,0.7799766659736633,0.040529964860902684,0.42736275177767064,0.7108430696714724,0.701091565069334
2,1000,3,0.5,801,0.9571402668952942,-1.1150221824645996,-0.04285973310470581,-0.11502218246459961,0.7877522110939026,0.04409165648158863,0.4351760852698083,0.7152607479888806,0.7128785356720194
2,1000,3,0.5,802,0.9576327204704285,-1.1141331195831299,-0.04236727952957153,-0.11413311958312988,0.7953720092773438,0.040174659028729943,0.43150425524967767,0.7148656183999509,0.7017246904592862
2,1000,3,0.5,803,0.9584693312644958,-1.1131263971328735,-0.04153066873550415,-0.11312639713287354,0.7850996255874634,0.04286381062381652,0.4386067030572429,0.713427860283756,0.7115511809182067
2,1000,3,0.5,804,0.9549110531806946,-1.114054799079895,-0.04508894681930542,-0.11405479907989502,0.7828689813613892,0.03988943112789208,0.41750599897666596,0.6996307132730678,0.7016802458770237
2,1000,3,0.5,805,0.9570795297622681,-1.1119146347045898,-0.042920470237731934,-0.11191463470458984,0.7816596031188965,0.04347776987469429,0.44196796706138813,0.7133020760933753,0.7131472304522825
2,1000,3,0.5,806,0.9597187042236328,-1.1115431785583496,-0.04028129577636719,-0.11154317855834961,0.7815064787864685,0.04116363191292603,0.43100774755118115,0.707016232289877,0.7071215839817477
2,1000,3,0.5,807,0.9622398614883423,-1.1094268560409546,-0.037760138511657715,-0.10942685604095459,0.7901642322540283,0.04348142495560378,0.42470449063518173,0.7109868511719435,0.7065364651200766
2,1000,3,0.5,808,0.9625342488288879,-1.1117126941680908,-0.03746575117111206,-0.11171269416809082,0.7828826904296875,0.04322781634371568,0.43118026357121764,0.709201501901031,0.7106346824616948
2,1000,3,0.5,809,0.9652189612388611,-1.111648678779602,-0.034781038761138916,-0.11164867877960205,0.7902771234512329,0.04606149486642608,0.4509024055429969,0.7174879530886265,0.7205647894800047
2,1000,3,0.5,810,0.9651637077331543,-1.1098920106887817,-0.0348362922668457,-0.10989201068878174,0.7867055535316467,0.04416088807384379,0.425662308459474,0.7088658770485585,0.7104252409821049
2,1000,3,0.5,811,0.9677571654319763,-1.1070747375488281,-0.03224283456802368,-0.10707473754882812,0.7885656356811523,0.04431946974647543,0.438766992564555,0.7201807937406799,0.7128662191731128
2,1000,3,0.5,812,0.9691563248634338,-1.107319712638855,-0.030843675136566162,-0.10731971263885498,0.7857346534729004,0.04174952267101378,0.4286265612107403,0.7107434874514827,0.7044605408971811
2,1000,3,0.5,813,0.9685389399528503,-1.1077088117599487,-0.03146106004714966,-0.10770881175994873,0.7810311317443848,0.04050151254331797,0.4199411411095694,0.70623082407571,0.7023209413613476
2,1000,3,0.5,814,0.968069851398468,-1.1104577779769897,-0.03193014860153198,-0.11045777797698975,0.7887517213821411,0.04282815809101023,0.4224221140829441,0.7115534266580394,0.7078534969047618
2,1000,3,0.5,815,0.9668213725090027,-1.1114271879196167,-0.033178627490997314,-0.1114271879196167,0.7828540802001953,0.046719968768104324,0.44765390404822936,0.7255716658908499,0.7200351458907321
2,1000,3,0.5,816,0.9698536396026611,-1.1092995405197144,-0.030146360397338867,-0.10929954051971436,0.7850387096405029,0.04398385037182888,0.42892458259181265,0.7186658703519953,0.7118415419124774
2,1000,3,0.5,817,0.9740419983863831,-1.1061773300170898,-0.025958001613616943,-0.10617733001708984,0.7746825218200684,0.043157949107918356,0.43550283334574574,0.716823268256327,0.7125937650827934
2,1000,3,0.5,818,0.9711290001869202,-1.106177806854248,-0.028870999813079834,-0.10617780685424805,0.7824532985687256,0.04109942861092021,0.42921392837257516,0.7074638412384116,0.709386471392441
2,1000,3,0.5,819,0.9700682163238525,-1.106497883796692,-0.02993178367614746,-0.1064978837966919,0.7879860401153564,0.040803906105237146,0.43799713014304226,0.7106714081825075,0.7104556616758496
2,1000,3,0.5,820,0.9683290719985962,-1.1051527261734009,-0.03167092800140381,-0.10515272617340088,0.7870208024978638,0.039975151826134,0.42864605458922633,0.7145234686154709,0.7025614513128182
2,1000,3,0.5,821,0.9677095413208008,-1.1064908504486084,-0.03229045867919922,-0.1064908504486084,0.790510356426239,0.04135592372154856,0.4263881459358005,0.7173372997778995,0.7015800209323542
2,1000,3,0.5,822,0.971059262752533,-1.1057871580123901,-0.02894073724746704,-0.10578715801239014,0.7866452932357788,0.04288711228018117,0.43496559896021963,0.7173195331113584,0.7090255998317961
2,1000,3,0.5,823,0.9720141887664795,-1.1067478656768799,-0.027985811233520508,-0.10674786567687988,0.7878892421722412,0.043915818142094956,0.4328221955252466,0.7161035736999236,0.7130971752411591
2,1000,3,0.5,824,0.9766213297843933,-1.1085516214370728,-0.02337867021560669,-0.10855162143707275,0.7788745164871216,0.04073238502914591,0.42650478735780917,0.704820618484174,0.7051410232549065
2,1000,3,0.5,825,0.9771910309791565,-1.1082043647766113,-0.022808969020843506,-0.10820436477661133,0.7869627475738525,0.043538145530536886,0.4431924821901642,0.7134796081660544,0.7128471221879893
2,1000,3,0.5,826,0.9756197929382324,-1.1082890033721924,-0.024380207061767578,-0.10828900337219238,0.7833656072616577,0.04150714061086532,0.42715357381784863,0.7047031789597061,0.7080432282779828
2,1000,3,0.5,827,0.9731149673461914,-1.107377529144287,-0.026885032653808594,-0.10737752914428711,0.7857202291488647,0.04277931327772954,0.4344287667187066,0.7128846442430168,0.7107736812965831
2,1000,3,0.5,828,0.9713573455810547,-1.1066128015518188,-0.028642654418945312,-0.10661280155181885,0.7987090349197388,0.04723807749917448,0.44255153732707586,0.7217999652972729,0.7197058510073336
2,1000,3,0.5,829,0.969807505607605,-1.108263373374939,-0.03019249439239502,-0.10826337337493896,0.7747832536697388,0.0448422477005095,0.4422177231586386,0.7110291720246116,0.7196042700760944
2,1000,3,0.5,830,0.9675600528717041,-1.1073652505874634,-0.0324399471282959,-0.10736525058746338,0.7880116105079651,0.044603502209604386,0.4294470115813099,0.7128121275889779,0.7123649080761884
2,1000,3,0.5,831,0.9651671648025513,-1.1082581281661987,-0.03483283519744873,-0.10825812816619873,0.7824001312255859,0.04511342278377921,0.43824975965909624,0.7120833621058473,0.7190881247493828
2,1000,3,0.5,832,0.966831386089325,-1.1073627471923828,-0.03316861391067505,-0.10736274719238281,0.8060272932052612,0.045400763317214064,0.4410407833965475,0.725359050486151,0.7156508297064739
2,1000,3,0.5,833,0.9672999382019043,-1.1069060564041138,-0.0327000617980957,-0.10690605640411377,0.7882795333862305,0.04333227858939894,0.43700119351872985,0.7127882699249624,0.7149880007243656
2,1000,3,0.5,834,0.9687390327453613,-1.1047996282577515,-0.03126096725463867,-0.10479962825775146,0.7885569334030151,0.04389179727374199,0.43235487177141735,0.7115543236232466,0.7145801790811553
2,1000,3,0.5,835,0.9658951163291931,-1.1066699028015137,-0.034104883670806885,-0.10666990280151367,0.7822088599205017,0.04179065238772065,0.4279783485324276,0.7069136353786591,0.7096532873603685
2,1000,3,0.5,836,0.9654353260993958,-1.1055128574371338,-0.03456467390060425,-0.10551285743713379,0.790364146232605,0.04331965520936878,0.4395556986228942,0.7172595127318181,0.7142503674343773
2,1000,3,0.5,837,0.9678648710250854,-1.106135368347168,-0.03213512897491455,-0.10613536834716797,0.775732159614563,0.0445314624914609,0.43830814355929604,0.7102609591838629,0.714254209819705
2,1000,3,0.5,838,0.9657076597213745,-1.108273983001709,-0.03429234027862549,-0.10827398300170898,0.7836467027664185,0.04226068349379436,0.4194126154028849,0.7073883231280726,0.7040405806245836
2,1000,3,0.5,839,0.9601888656616211,-1.1111174821853638,-0.039811134338378906,-0.11111748218536377,0.7891901731491089,0.04579815910416669,0.4400081416244353,0.7199277989221307,0.7173123995901055
2,1000,3,0.5,840,0.9613151550292969,-1.110764503479004,-0.038684844970703125,-0.1107645034790039,0.791042149066925,0.04731261050896134,0.43976507375451473,0.7194783905678728,0.7235564464304893
2,1000,3,0.5,841,0.95904541015625,-1.1115339994430542,-0.04095458984375,-0.1115339994430542,0.7848726511001587,0.04534648864334171,0.4374102547537563,0.715073948751439,0.7161494446288323
2,1000,3,0.5,842,0.9545798301696777,-1.1110948324203491,-0.045420169830322266,-0.11109483242034912,0.7870994806289673,0.047783011274905314,0.4428135325137566,0.7179815630183604,0.7246216020491586
2,1000,3,0.5,843,0.9560463428497314,-1.1090271472930908,-0.043953657150268555,-0.10902714729309082,0.7878129482269287,0.05003269468086727,0.4524535282730763,0.7309947533080787,0.729714131804715
2,1000,3,0.5,844,0.9587783813476562,-1.1103020906448364,-0.04122161865234375,-0.11030209064483643,0.7949539422988892,0.0484690550861605,0.44392927996528486,0.731564817065237,0.7249487554833457
2,1000,3,0.5,845,0.9628623127937317,-1.1083853244781494,-0.03713768720626831,-0.10838532447814941,0.7840368747711182,0.047133850742840606,0.44162400021790277,0.7246969576941873,0.7196726333954764
2,1000,3,0.5,846,0.964815080165863,-1.1058300733566284,-0.03518491983413696,-0.10583007335662842,0.7906348705291748,0.04900933994459636,0.4488055529576609,0.7243719761284104,0.7270365416317397
2,1000,3,0.5,847,0.9661362767219543,-1.1051205396652222,-0.033863723278045654,-0.10512053966522217,0.7834820747375488,0.04594081889449196,0.44150448304903583,0.7174301663008888,0.7192741746219913
2,1000,3,0.5,848,0.9672238826751709,-1.1051993370056152,-0.0327761173248291,-0.10519933700561523,0.7823309898376465,0.04771278321907772,0.4520701540274528,0.7237047232990738,0.7229258637126926
2,1000,3,0.5,849,0.9686674475669861,-1.1045886278152466,-0.031332552433013916,-0.10458862781524658,0.7780430316925049,0.047325474245900834,0.4491002940309018,0.7181642158289344,0.7235018963987061
2,1000,3,0.5,850,0.9685470461845398,-1.1038424968719482,-0.031452953815460205,-0.10384249687194824,0.7770671248435974,0.04506621050546985,0.4367289377351795,0.7084980724797978,0.7176028657491095
2,1000,3,0.5,851,0.9677972793579102,-1.1025433540344238,-0.032202720642089844,-0.10254335403442383,0.7782464027404785,0.04810238504591299,0.45661900475205075,0.7232248537932224,0.7288144295501064
2,1000,3,0.5,852,0.9681797027587891,-1.1000609397888184,-0.03182029724121094,-0.10006093978881836,0.779422402381897,0.04491169513706443,0.4384660899049556,0.7128284361316213,0.7153069314368218
2,1000,3,0.5,853,0.9668830037117004,-1.0985846519470215,-0.03311699628829956,-0.09858465194702148,0.7847261428833008,0.04761110667768718,0.44746680784945686,0.7186938529542153,0.7227636405706135
2,1000,3,0.5,854,0.9658746123313904,-1.1001338958740234,-0.03412538766860962,-0.10013389587402344,0.7786272168159485,0.04555111285310563,0.44108785751684265,0.7118471198450632,0.714208471168822
2,1000,3,0.5,855,0.9645082950592041,-1.0987247228622437,-0.0354917049407959,-0.09872472286224365,0.7688353061676025,0.045806565438421834,0.4397278542617025,0.7135298820386805,0.7153637403501147
2,1000,3,0.5,856,0.9632869958877563,-1.0986653566360474,-0.03671300411224365,-0.09866535663604736,0.7789415717124939,0.04554112974327853,0.4387406011483814,0.7196880682866282,0.7161652758824223
2,1000,3,0.5,857,0.9641085863113403,-1.0986541509628296,-0.03589141368865967,-0.09865415096282959,0.7836810350418091,0.043139566273071646,0.4343984013062321,0.715193616556281,0.7106931716106508
2,1000,3,0.5,858,0.9672892689704895,-1.0973906517028809,-0.0327107310295105,-0.09739065170288086,0.7772936820983887,0.045114575644876434,0.4491574904243783,0.7172704839039974,0.7198641438092238
2,1000,3,0.5,859,0.9699091911315918,-1.0984594821929932,-0.030090808868408203,-0.09845948219299316,0.7841657400131226,0.04326022632630105,0.4312395716958767,0.7075986757789093,0.7090932377080928
2,1000,3,0.5,860,0.9702430367469788,-1.1011688709259033,-0.02975696325302124,-0.10116887092590332,0.7759302854537964,0.045072592827893845,0.44172277972233337,0.7161275775166035,0.7140402046471145
2,1000,3,0.5,861,0.9726839065551758,-1.1029006242752075,-0.02731609344482422,-0.10290062427520752,0.7878062725067139,0.04721307523903554,0.45186205383745626,0.7241567879433909,0.7193399512697668
2,1000,3,0.5,862,0.9741533994674683,-1.1036344766616821,-0.02584660053253174,-0.10363447666168213,0.7830715775489807,0.04891326307413048,0.45916654397603596,0.7278780230325349,0.7268885418840487
2,1000,3,0.5,863,0.9751049876213074,-1.1028491258621216,-0.024895012378692627,-0.10284912586212158,0.7863186597824097,0.04329342624726773,0.4266094368504082,0.7151705922232403,0.7090526971991762
2,1000,3,0.5,864,0.9739783406257629,-1.1033328771591187,-0.02602165937423706,-0.10333287715911865,0.7897266149520874,0.04380234717900097,0.43236994111264493,0.7224218472098406,0.7098938122363267
2,1000,3,0.5,865,0.9748148918151855,-1.101696252822876,-0.025185108184814453,-0.10169625282287598,0.7874119281768799,0.04901551350937794,0.45933204116282994,0.7299608444934872,0.7279006400137173
2,1000,3,0.5,866,0.9758058786392212,-1.1002730131149292,-0.02419412136077881,-0.1002730131149292,0.783065915107727,0.047146910963561564,0.44141387469612253,0.7156372568519778,0.7251867569079274
2,1000,3,0.5,867,0.9761521816253662,-1.0990253686904907,-0.02384781837463379,-0.09902536869049072,0.7727047204971313,0.04706458064797423,0.44256818210859733,0.7125028940298113,0.7216489265652305
2,1000,3,0.5,868,0.9712666869163513,-1.1003506183624268,-0.02873331308364868,-0.10035061836242676,0.7780839204788208,0.048282954195165186,0.4501982931228462,0.7148156745995128,0.7251365956159105
2,1000,3,0.5,869,0.9672160148620605,-1.100670337677002,-0.03278398513793945,-0.10067033767700195,0.7944416999816895,0.05106908274322766,0.46491553230804045,0.743664760409439,0.7305037032884132
2,1000,3,0.5,870,0.969778299331665,-1.1002671718597412,-0.03022170066833496,-0.10026717185974121,0.7878456115722656,0.04822891114100794,0.446152340761908,0.7230194437023624,0.7270996585722356
2,1000,3,0.5,871,0.9718106985092163,-1.0983914136886597,-0.02818930149078369,-0.09839141368865967,0.7903005480766296,0.0523334107781451,0.4584768095338052,0.7224191351127891,0.7378278366566772
2,1000,3,0.5,872,0.9727184772491455,-1.100212812423706,-0.027281522750854492,-0.10021281242370605,0.7767930626869202,0.04841204165769991,0.4586339661952615,0.716627529217304,0.7258043663124928
2,1000,3,0.5,873,0.9730979800224304,-1.101121187210083,-0.02690201997756958,-0.10112118721008301,0.7767488956451416,0.0446740579151105,0.43074945165049283,0.7084467254253615,0.7152437633737506
2,1000,3,0.5,874,0.9736895561218262,-1.1015219688415527,-0.026310443878173828,-0.10152196884155273,0.7763203382492065,0.04941261406533443,0.46046498073701037,0.7208414827219805,0.7300761575325989
2,1000,3,0.5,875,0.9741860628128052,-1.1025192737579346,-0.025813937187194824,-0.10251927375793457,0.7914006114006042,0.04691511528873381,0.4390259043452511,0.7226570030975396,0.720740082484052
2,1000,3,0.5,876,0.9736248850822449,-1.1030079126358032,-0.026375114917755127,-0.10300791263580322,0.7796627283096313,0.04537695028396233,0.43505687372857177,0.7088368019406535,0.7180158327290421
2,1000,3,0.5,877,0.9721996188163757,-1.10361909866333,-0.027800381183624268,-0.10361909866333008,0.7936544418334961,0.045419547007889624,0.4327360219582929,0.7117859057474467,0.7138331238092298
2,1000,3,0.5,878,0.9718599915504456,-1.1038411855697632,-0.028140008449554443,-0.10384118556976318,0.7896952629089355,0.043606586401054005,0.44203540385948387,0.7173866831522783,0.7133347162392308
2,1000,3,0.5,879,0.9699568152427673,-1.1043354272842407,-0.030043184757232666,-0.10433542728424072,0.804582953453064,0.045718498291805576,0.4500454738095442,0.728701989269721,0.7191314250544197
2,1000,3,0.5,880,0.9708536863327026,-1.1034256219863892,-0.029146313667297363,-0.10342562198638916,0.7890185117721558,0.046160131788775635,0.44284559689490083,0.7215132495220061,0.7185487842143504
2,1000,3,0.5,881,0.9715642333030701,-1.1036518812179565,-0.02843576669692993,-0.10365188121795654,0.7802625894546509,0.04482912720619321,0.4327903834775344,0.711845809800574,0.7145347759318859
2,1000,3,0.5,882,0.9715674519538879,-1.104770302772522,-0.02843254804611206,-0.10477030277252197,0.7838652729988098,0.04755514954423456,0.4539562702340369,0.7235787192975706,0.7239567455378033
2,1000,3,0.5,883,0.9721353054046631,-1.1029354333877563,-0.027864694595336914,-0.10293543338775635,0.7787028551101685,0.047510677958222385,0.44167106968536385,0.7144660245687493,0.7256736795876
2,1000,3,0.5,884,0.9688102602958679,-1.1016204357147217,-0.03118973970413208,-0.10162043571472168,0.7769988775253296,0.0467896676428657,0.43561708024571855,0.7087247849049285,0.7215894982330572
2,1000,3,0.5,885,0.9703665971755981,-1.1014931201934814,-0.029633402824401855,-0.10149312019348145,0.7767997980117798,0.04989586727890765,0.4518962500671039,0.7216702586258361,0.7283004332124943
2,1000,3,0.5,886,0.9718087911605835,-1.100320816040039,-0.028191208839416504,-0.10032081604003906,0.7872391939163208,0.050535087798463794,0.45575692615163155,0.7250025469424921,0.7303952537555447
2,1000,3,0.5,887,0.9710252285003662,-1.1004630327224731,-0.02897477149963379,-0.10046303272247314,0.7855600714683533,0.047383637773442545,0.44251609568025896,0.7216101841802304,0.7245440461843093
2,1000,3,0.5,888,0.9709892272949219,-1.1019752025604248,-0.029010772705078125,-0.1019752025604248,0.7884186506271362,0.04639271478314728,0.44702910045290767,0.7213600469624226,0.7235217462349968
2,1000,3,0.5,889,0.9741052389144897,-1.099290370941162,-0.025894761085510254,-0.09929037094116211,0.7773460149765015,0.052214609720604085,0.466017514706508,0.7182943842690284,0.7387474292570785
2,1000,3,0.5,890,0.9719495177268982,-1.0996801853179932,-0.028050482273101807,-0.09968018531799316,0.7833137512207031,0.04851612588933508,0.4459908573047315,0.7109326899385615,0.7253348535900189
2,1000,3,0.5,891,0.971333920955658,-1.0999078750610352,-0.02866607904434204,-0.09990787506103516,0.7940595149993896,0.05304903211379107,0.4671116512897562,0.7319833497787824,0.7369438057435604
2,1000,3,0.5,892,0.968809187412262,-1.1020557880401611,-0.031190812587738037,-0.10205578804016113,0.7847553491592407,0.046397705900339446,0.44007996106896746,0.7130797054381182,0.7214041290890179
2,1000,3,0.5,893,0.9693742394447327,-1.1011277437210083,-0.030625760555267334,-0.1011277437210083,0.7748903036117554,0.04376496194144426,0.43567772765011403,0.7102065422682206,0.7113570041825389
2,1000,3,0.5,894,0.9695385098457336,-1.1010786294937134,-0.030461490154266357,-0.10107862949371338,0.7761802673339844,0.04443951613005694,0.43282748438170826,0.7079645392232407,0.7134447946340663
2,1000,3,0.5,895,0.9712328314781189,-1.1040676832199097,-0.028767168521881104,-0.10406768321990967,0.7760231494903564,0.04380712380065051,0.4364104518814054,0.7126746539809474,0.7147413458236206
2,1000,3,0.5,896,0.9755685329437256,-1.105454921722412,-0.024431467056274414,-0.10545492172241211,0.7932806611061096,0.04269501873153343,0.44002039078065264,0.7119016911242501,0.715197320967694
2,1000,3,0.5,897,0.976134717464447,-1.1057002544403076,-0.02386528253555298,-0.10570025444030762,0.7947572469711304,0.04058451924119569,0.4300677366376709,0.7051744119097171,0.7067659787683694
2,1000,3,0.5,898,0.9755562543869019,-1.103521466255188,-0.024443745613098145,-0.10352146625518799,0.792444109916687,0.051244991716578814,0.4665555499362432,0.7390678812528475,0.7327123783384811
2,1000,3,0.5,899,0.9775814414024353,-1.1026270389556885,-0.022418558597564697,-0.10262703895568848,0.7880216240882874,0.04959662066232362,0.45612483631810913,0.720368761313652,0.7267685776760523
2,1000,3,0.5,900,0.9769213199615479,-1.1018489599227905,-0.02307868003845215,-0.10184895992279053,0.7965096235275269,0.04779379158657764,0.4486510412042739,0.7235034530214992,0.7224726255982226
2,1000,3,0.5,901,0.9782698154449463,-1.1014851331710815,-0.02173018455505371,-0.10148513317108154,0.7808709144592285,0.04661765633622629,0.44946374144848245,0.7141850253258994,0.7254076473673975
2,1000,3,0.5,902,0.9772487878799438,-1.1013813018798828,-0.022751212120056152,-0.10138130187988281,0.7895596027374268,0.04271316280730116,0.42816640304841896,0.7091537219266998,0.7096349195504491
2,1000,3,0.5,903,0.9773268699645996,-1.1011046171188354,-0.02267313003540039,-0.10110461711883545,0.7766809463500977,0.04475254628709308,0.4329679791154436,0.7079018455127492,0.7179842983155407
2,1000,3,0.5,904,0.9751390814781189,-1.0996410846710205,-0.024860918521881104,-0.09964108467102051,0.7859081029891968,0.04630438811127912,0.4394223408206453,0.7156042344621231,0.7199138981646707
2,1000,3,0.5,905,0.970339834690094,-1.0996851921081543,-0.029660165309906006,-0.0996851921081543,0.7830700278282166,0.04351575695981143,0.432037870820731,0.716036379163551,0.7133693852285393
2,1000,3,0.5,906,0.9668791890144348,-1.0974929332733154,-0.033120810985565186,-0.09749293327331543,0.7825855612754822,0.0450959306220099,0.4347883792801224,0.7149638694846263,0.7182552701578571
2,1000,3,0.5,907,0.9639133810997009,-1.0973035097122192,-0.03608661890029907,-0.09730350971221924,0.7848111987113953,0.04645242353769237,0.4407453846830387,0.7167088921427802,0.7219745087709245
2,1000,3,0.5,908,0.9625950455665588,-1.0987671613693237,-0.03740495443344116,-0.09876716136932373,0.7865565419197083,0.04842657494948384,0.4566586423496341,0.7288678915539368,0.7284248316487432
2,1000,3,0.5,909,0.9615557789802551,-1.0987027883529663,-0.03844422101974487,-0.09870278835296631,0.7778523564338684,0.04369765557067161,0.42470727490444404,0.7043595140609709,0.7132516482480862
2,1000,3,0.5,910,0.9591470956802368,-1.0983617305755615,-0.040852904319763184,-0.09836173057556152,0.782096266746521,0.046521347799907846,0.44356569000912816,0.7172126380403779,0.724290604700464
2,1000,3,0.5,911,0.9567261934280396,-1.0962343215942383,-0.04327380657196045,-0.09623432159423828,0.7893215417861938,0.04890306053221713,0.45012082258980823,0.7271420593748417,0.7268749583114172
2,1000,3,0.5,912,0.9516005516052246,-1.0979052782058716,-0.04839944839477539,-0.09790527820587158,0.7878397703170776,0.04558929800373026,0.4458078575409347,0.7184516119005488,0.7226567018363319
2,1000,3,0.5,913,0.9513218998908997,-1.0975624322891235,-0.04867810010910034,-0.09756243228912354,0.784447193145752,0.04731910959299804,0.4478654979921534,0.7218462602535037,0.7215385921756984
2,1000,3,0.5,914,0.9524617791175842,-1.0974680185317993,-0.04753822088241577,-0.09746801853179932,0.7706234455108643,0.04653301598481405,0.44115289146353265,0.7073357158035105,0.7195519715450823
2,1000,3,0.5,915,0.9547869563102722,-1.0957934856414795,-0.04521304368972778,-0.09579348564147949,0.7960111498832703,0.04841254817400604,0.44454000851192427,0.7246995345386363,0.7245069738601129
2,1000,3,0.5,916,0.9567769169807434,-1.0948888063430786,-0.04322308301925659,-0.09488880634307861,0.8014757633209229,0.05242444867609505,0.463460950448367,0.7368828391344181,0.7360698780938394
2,1000,3,0.5,917,0.9566475749015808,-1.0938719511032104,-0.04335242509841919,-0.09387195110321045,0.7859441637992859,0.05031532426707836,0.4526886845151392,0.7283488017569181,0.7329815535640277
2,1000,3,0.5,918,0.9563674926757812,-1.0940974950790405,-0.04363250732421875,-0.09409749507904053,0.7806033492088318,0.0493270871414974,0.4458845085545841,0.7210631410854217,0.7296429145455986
2,1000,3,0.5,919,0.9560362100601196,-1.0951536893844604,-0.04396378993988037,-0.09515368938446045,0.7906001806259155,0.048483266217836093,0.45102012842371875,0.7292156845669285,0.7260431269985043
2,1000,3,0.5,920,0.9584223628044128,-1.0931165218353271,-0.04157763719558716,-0.09311652183532715,0.796622097492218,0.050635670849065624,0.45906068197080474,0.7324827471752478,0.7329364784482675
2,1000,3,0.5,921,0.9551441073417664,-1.09270179271698,-0.04485589265823364,-0.09270179271697998,0.7874835729598999,0.050180449976514364,0.44949713260802765,0.7213283961862069,0.7322171502823018
2,1000,3,0.5,922,0.9531620740890503,-1.0938656330108643,-0.04683792591094971,-0.09386563301086426,0.7880585193634033,0.049979696731369254,0.45574030759222955,0.729271876713787,0.7319377329336628
2,1000,3,0.5,923,0.9513512253761292,-1.0969507694244385,-0.04864877462387085,-0.09695076942443848,0.784875750541687,0.04715206214833351,0.4401166745110136,0.7218929529401876,0.7231060020634422
2,1000,3,0.5,924,0.9504864811897278,-1.096510648727417,-0.04951351881027222,-0.09651064872741699,0.7827699184417725,0.04941959925557125,0.45041098925907763,0.7192594468449865,0.7265145394248752
2,1000,3,0.5,925,0.9456415176391602,-1.0989701747894287,-0.054358482360839844,-0.09897017478942871,0.7789535522460938,0.04524659806331744,0.4327192105177184,0.7075687959910385,0.7162797352797982
2,1000,3,0.5,926,0.9462167620658875,-1.098408579826355,-0.05378323793411255,-0.09840857982635498,0.7910324335098267,0.04898034222018926,0.45113888361176957,0.7266612168164065,0.7268847606833071
2,1000,3,0.5,927,0.947816789150238,-1.0966891050338745,-0.05218321084976196,-0.09668910503387451,0.7944669723510742,0.04669272912188182,0.44669036839161286,0.719264266348998,0.7258343228507224
2,1000,3,0.5,928,0.9506598711013794,-1.0918960571289062,-0.049340128898620605,-0.09189605712890625,0.7667919993400574,0.04505485765952763,0.4412159553505975,0.7061472270043956,0.7149031908053871
2,1000,3,0.5,929,0.9493300318717957,-1.0929739475250244,-0.050669968128204346,-0.09297394752502441,0.7832240462303162,0.05034355899436432,0.4512281767618827,0.7246318972337769,0.7289864150568504
2,1000,3,0.5,930,0.9507736563682556,-1.091215968132019,-0.049226343631744385,-0.09121596813201904,0.7754814624786377,0.05367746423919005,0.4746684313169914,0.7254879815407684,0.7458470815586489
2,1000,3,0.5,931,0.9518915414810181,-1.0924012660980225,-0.048108458518981934,-0.09240126609802246,0.7834150791168213,0.04687307789030353,0.4355980424044145,0.7130823624350404,0.7208734470849345
2,1000,3,0.5,932,0.9551370143890381,-1.0916162729263306,-0.044862985610961914,-0.09161627292633057,0.7855011224746704,0.04978773810853355,0.4542901919258572,0.7298161705097128,0.729882811894562
2,1000,3,0.5,933,0.954118013381958,-1.0927073955535889,-0.04588198661804199,-0.09270739555358887,0.7922323346138,0.05002195843104613,0.4591468393576001,0.7357726443255155,0.7331118116210318
2,1000,3,0.5,934,0.9577773809432983,-1.0887722969055176,-0.04222261905670166,-0.08877229690551758,0.7712916135787964,0.04766321708436105,0.4471530181081548,0.7169605782957588,0.7247172135416216
2,1000,3,0.5,935,0.9578566551208496,-1.0889878273010254,-0.04214334487915039,-0.08898782730102539,0.7881622314453125,0.053083958721779415,0.4606877410806139,0.7296894904740395,0.740933269172755
2,1000,3,0.5,936,0.9559611082077026,-1.0897836685180664,-0.04403889179229736,-0.0897836685180664,0.7936996817588806,0.05443871593769022,0.4802931405349029,0.7373378487610105,0.7453314321466326
2,1000,3,0.5,937,0.9548652768135071,-1.089603066444397,-0.04513472318649292,-0.08960306644439697,0.7840819358825684,0.04720756288825492,0.43977749256915516,0.71450414865907,0.7230093548572603
2,1000,3,0.5,938,0.9546550512313843,-1.0899938344955444,-0.04534494876861572,-0.08999383449554443,0.7848175764083862,0.04841194999208897,0.447701361338561,0.7184404292902505,0.725373307118435
2,1000,3,0.5,939,0.955105721950531,-1.0891997814178467,-0.044894278049468994,-0.08919978141784668,0.7868263721466064,0.05078839377837938,0.46295736289562134,0.7299178072412724,0.7325267316575949
2,1000,3,0.5,940,0.9583158493041992,-1.0883338451385498,-0.04168415069580078,-0.0883338451385498,0.7789285182952881,0.04594494776618266,0.43573145434233995,0.7124201898525225,0.7194062648885667
2,1000,3,0.5,941,0.9624073505401611,-1.0887224674224854,-0.03759264945983887,-0.08872246742248535,0.7733232378959656,0.0476798828271377,0.44923961870561385,0.7191677717937389,0.7258954509163792
2,1000,3,0.5,942,0.9674504995346069,-1.0883516073226929,-0.032549500465393066,-0.08835160732269287,0.7791242599487305,0.04345758404618619,0.43230202349530245,0.7117766051852005,0.7137029689634559
2,1000,3,0.5,943,0.9697936773300171,-1.0862548351287842,-0.03020632266998291,-0.08625483512878418,0.7690924406051636,0.04489771515796085,0.4422342145525839,0.7051017996781485,0.7205016020107958
2,1000,3,0.5,944,0.9672120809555054,-1.0878726243972778,-0.03278791904449463,-0.08787262439727783,0.799359917640686,0.047089559283960296,0.44690944969234087,0.7253287752926582,0.7251096528926216
2,1000,3,0.5,945,0.968517005443573,-1.0855377912521362,-0.031482994556427,-0.08553779125213623,0.7830897569656372,0.04655528337796451,0.44531807636538245,0.7133172870925476,0.7241244563192795
2,1000,3,0.5,946,0.969921886920929,-1.0829830169677734,-0.030078113079071045,-0.08298301696777344,0.7757959365844727,0.04510188679341235,0.4315668995002638,0.7100791584815537,0.7184453134213918
2,1000,3,0.5,947,0.9702849984169006,-1.0810710191726685,-0.029715001583099365,-0.08107101917266846,0.7755078077316284,0.049840512384606,0.45261325641793476,0.720674879991035,0.7302326334263891
2,1000,3,0.5,948,0.9670695066452026,-1.0802671909332275,-0.03293049335479736,-0.08026719093322754,0.7864109873771667,0.05460702336502805,0.47814327753246727,0.7385269023969343,0.7442026521384932
2,1000,3,0.5,949,0.9658592343330383,-1.0812852382659912,-0.03414076566696167,-0.08128523826599121,0.7879114747047424,0.048375390759074086,0.4476969358339124,0.7194384179721809,0.7243040102944306
2,1000,3,0.5,950,0.9668225646018982,-1.0792516469955444,-0.03317743539810181,-0.07925164699554443,0.7842763066291809,0.05089725911603247,0.45811999680058213,0.7312785728476442,0.7334373807276634
2,1000,3,0.5,951,0.9655750393867493,-1.0807414054870605,-0.03442496061325073,-0.08074140548706055,0.7873995304107666,0.04538220065547515,0.44024117411122987,0.7142517709357784,0.7199320266534749
2,1000,3,0.5,952,0.9678420424461365,-1.0795986652374268,-0.032157957553863525,-0.07959866523742676,0.778738260269165,0.04697315234004797,0.43884872208130205,0.7147312543437387,0.7242022830235393
2,1000,3,0.5,953,0.964598536491394,-1.0814251899719238,-0.03540146350860596,-0.08142518997192383,0.7752677202224731,0.04740686392397122,0.4495897987793667,0.7254122767758548,0.7263872478692794
2,1000,3,0.5,954,0.9649385213851929,-1.0824297666549683,-0.03506147861480713,-0.08242976665496826,0.7820385694503784,0.0476894736033459,0.451079973466874,0.7221341015959325,0.7232371349691161
2,1000,3,0.5,955,0.9664660096168518,-1.0810540914535522,-0.03353399038314819,-0.08105409145355225,0.7841567993164062,0.05141636591379897,0.45704952404801036,0.7270156646108791,0.7339778548049986
2,1000,3,0.5,956,0.9665351510047913,-1.0812948942184448,-0.03346484899520874,-0.08129489421844482,0.7845945358276367,0.048180590792549056,0.4401654290635752,0.7181578751906644,0.7240642161920207
2,1000,3,0.5,957,0.96540367603302,-1.0814337730407715,-0.03459632396697998,-0.08143377304077148,0.7804081439971924,0.051190392319347154,0.4648746006952495,0.726391190911815,0.7362351651996445
2,1000,3,0.5,958,0.9655027985572815,-1.0815391540527344,-0.034497201442718506,-0.08153915405273438,0.7843273878097534,0.050327404333350846,0.4521954131033303,0.720412865420373,0.7302002323417084
2,1000,3,0.5,959,0.9616981744766235,-1.0851413011550903,-0.038301825523376465,-0.08514130115509033,0.777479887008667,0.045399379844103506,0.4301509127397172,0.7121149465063346,0.7170566847568715
2,1000,3,0.5,960,0.9619139432907104,-1.0848910808563232,-0.03808605670928955,-0.08489108085632324,0.7941463589668274,0.04732340445595051,0.44087640703534886,0.7265262820365237,0.7241679325168268
2,1000,3,0.5,961,0.9626758694648743,-1.0823267698287964,-0.03732413053512573,-0.08232676982879639,0.789527416229248,0.050850888329282466,0.4584099762947282,0.7318152141256228,0.7341590822088976
2,1000,3,0.5,962,0.9648979306221008,-1.0799484252929688,-0.03510206937789917,-0.07994842529296875,0.7855583429336548,0.046773807936345196,0.4402997260724972,0.7183723569352267,0.7201702088079552
2,1000,3,0.5,963,0.9659202694892883,-1.0792436599731445,-0.03407973051071167,-0.07924365997314453,0.7829321622848511,0.04664104051958951,0.44095473141856945,0.7197050397601863,0.7202954416688584
2,1000,3,0.5,964,0.9617413878440857,-1.0798245668411255,-0.03825861215591431,-0.07982456684112549,0.7842319011688232,0.04659113971666969,0.4420512308818708,0.7198506298265963,0.7204531104629557
2,1000,3,0.5,965,0.9602962732315063,-1.0772759914398193,-0.03970372676849365,-0.07727599143981934,0.7694377303123474,0.04821458928746129,0.45123227657585874,0.7180144024156228,0.7268019545917411
2,1000,3,0.5,966,0.9592057466506958,-1.0746288299560547,-0.0407942533493042,-0.07462882995605469,0.7832526564598083,0.052413996156787566,0.4565822101179285,0.7210742959844854,0.7396756131495933
2,1000,3,0.5,967,0.9600442051887512,-1.072081446647644,-0.03995579481124878,-0.07208144664764404,0.7937987446784973,0.056101689004425144,0.4788207558288491,0.7360317216617464,0.7491901394390178
2,1000,3,0.5,968,0.9579660296440125,-1.072636365890503,-0.04203397035598755,-0.07263636589050293,0.7807515263557434,0.05121079711090129,0.4553110681294797,0.724076732260587,0.733844557998616
2,1000,3,0.5,969,0.9572251439094543,-1.0726114511489868,-0.042774856090545654,-0.07261145114898682,0.7791302800178528,0.048799813817244055,0.4541583012375767,0.718955088579946,0.724236856217401
2,1000,3,0.5,970,0.958490252494812,-1.0714184045791626,-0.04150974750518799,-0.0714184045791626,0.7753892540931702,0.048886023000972396,0.45473742485139695,0.7138256167581116,0.7277934380961977
2,1000,3,0.5,971,0.9596073031425476,-1.0703001022338867,-0.04039269685745239,-0.07030010223388672,0.7772079706192017,0.047525079335425664,0.4428039029316588,0.7161454863944456,0.7239479924015119
2,1000,3,0.5,972,0.9601590037345886,-1.0712692737579346,-0.03984099626541138,-0.07126927375793457,0.776297926902771,0.047130864511720494,0.43988096273637695,0.7058189994193307,0.7224955782724073
2,1000,3,0.5,973,0.9571868777275085,-1.0742906332015991,-0.042813122272491455,-0.07429063320159912,0.7825692892074585,0.049136593188092985,0.4503613336673864,0.7200060654759287,0.7260303673760589
2,1000,3,0.5,974,0.9553227424621582,-1.077188491821289,-0.0446772575378418,-0.07718849182128906,0.7699955701828003,0.050852169515309686,0.4625687038283084,0.7193379618801753,0.733332824680891
2,1000,3,0.5,975,0.9544683694839478,-1.0778648853302002,-0.045531630516052246,-0.0778648853302002,0.770865797996521,0.04918329723567475,0.4526349178539264,0.709881136157181,0.7278074246958179
2,1000,3,0.5,976,0.9585223197937012,-1.0766103267669678,-0.04147768020629883,-0.07661032676696777,0.7778276801109314,0.0498168819225274,0.4483201788639805,0.7182023181321572,0.729402285093055
2,1000,3,0.5,977,0.9617829918861389,-1.0753411054611206,-0.038217008113861084,-0.0753411054611206,0.7852363586425781,0.04698618972378596,0.43870304867160653,0.7168329599304488,0.7205937841478723
2,1000,3,0.5,978,0.9611821174621582,-1.073957920074463,-0.0388178825378418,-0.07395792007446289,0.7954810857772827,0.0509328143073331,0.478553352830931,0.7355627373789853,0.7395625335236419
2,1000,3,0.5,979,0.9643152952194214,-1.0707765817642212,-0.03568470478057861,-0.07077658176422119,0.7954875230789185,0.04954243555455333,0.4489621706940994,0.7163777801594824,0.7286324533787027
2,1000,3,0.5,980,0.9619024991989136,-1.0706268548965454,-0.038097500801086426,-0.07062685489654541,0.7909451723098755,0.053908972601948914,0.4823268814055393,0.7398374769811763,0.7422147122550606
2,1000,3,0.5,981,0.9621796011924744,-1.0698963403701782,-0.037820398807525635,-0.06989634037017822,0.7883710265159607,0.04833461036710745,0.44988996268387355,0.7210589632105433,0.7228418365557784
2,1000,3,0.5,982,0.9617940783500671,-1.0668526887893677,-0.03820592164993286,-0.06685268878936768,0.7924388647079468,0.050221425860696764,0.45201506782405637,0.7300671995349844,0.729828208896087
2,1000,3,0.5,983,0.9563838243484497,-1.068609356880188,-0.04361617565155029,-0.06860935688018799,0.7776753902435303,0.04809476483550332,0.4539299937609315,0.7241747760461837,0.7257410419542348
2,1000,3,0.5,984,0.9582380056381226,-1.068279504776001,-0.04176199436187744,-0.06827950477600098,0.7761882543563843,0.04572773398334388,0.43963744622635376,0.7117932808913062,0.7173755738781854
2,1000,3,0.5,985,0.9595476984977722,-1.0691008567810059,-0.04045230150222778,-0.06910085678100586,0.7843514680862427,0.04987781443735154,0.46039651091700606,0.7302425902279214,0.7374022335782213
2,1000,3,0.5,986,0.9633779525756836,-1.0673763751983643,-0.036622047424316406,-0.06737637519836426,0.7920616865158081,0.04428353524333828,0.4371270457192832,0.7208080611781007,0.7133100262953067
2,1000,3,0.5,987,0.9663048386573792,-1.0635112524032593,-0.03369516134262085,-0.06351125240325928,0.7653576135635376,0.047174464403713326,0.4411431740761627,0.7115611338543235,0.7257249551951483
2,1000,3,0.5,988,0.9646947383880615,-1.062789797782898,-0.03530526161193848,-0.06278979778289795,0.7836384773254395,0.048754866982387256,0.4543731063612985,0.7254798321935624,0.7286584254008471
2,1000,3,0.5,989,0.9648520946502686,-1.061787486076355,-0.035147905349731445,-0.06178748607635498,0.7648621797561646,0.04630816205170727,0.4472063332392183,0.7131511543987316,0.7185031911898146
2,1000,3,0.5,990,0.9654074907302856,-1.0609116554260254,-0.034592509269714355,-0.06091165542602539,0.7818403840065002,0.04695285058542728,0.44140020916808703,0.7206056525280963,0.7193070740135303
2,1000,3,0.5,991,0.9624965190887451,-1.061439037322998,-0.03750348091125488,-0.06143903732299805,0.7803986072540283,0.05000674806040392,0.4588656818366667,0.7252022485541185,0.7335906350788141
2,1000,3,0.5,992,0.9609697461128235,-1.062598705291748,-0.039030253887176514,-0.06259870529174805,0.774768054485321,0.04813867804897988,0.44507783674212315,0.719109463582357,0.725330935910407
2,1000,3,0.5,993,0.9606890678405762,-1.0637215375900269,-0.03931093215942383,-0.06372153759002686,0.7671918869018555,0.04737159080987236,0.43756272542528,0.7104970366643802,0.7213349440387564
2,1000,3,0.5,994,0.9635541439056396,-1.0657954216003418,-0.03644585609436035,-0.0657954216003418,0.7792644500732422,0.049536198023837026,0.45708154292757336,0.7203376899080741,0.7274996528709683
2,1000,3,0.5,995,0.9624692797660828,-1.0698602199554443,-0.037530720233917236,-0.06986021995544434,0.7782609462738037,0.05037319849098508,0.4646742272954938,0.7291076027283125,0.7338831988728567
2,1000,3,0.5,996,0.9643944501876831,-1.0701271295547485,-0.035605549812316895,-0.07012712955474854,0.7758820652961731,0.048576492202061484,0.43991020345181736,0.7171708644479385,0.7257788004093595
2,1000,3,0.5,997,0.963590681552887,-1.071393370628357,-0.03640931844711304,-0.07139337062835693,0.7683212161064148,0.04625510570566845,0.44217415577302605,0.7091107846309282,0.7201982477142181
2,1000,3,0.5,998,0.9618323445320129,-1.0722850561141968,-0.03816765546798706,-0.07228505611419678,0.7860084772109985,0.0502617521468919,0.45749124167379734,0.7283498172591811,0.732373730600118
2,1000,3,0.5,999,0.9612146019935608,-1.0721828937530518,-0.03878539800643921,-0.07218289375305176,0.7771530151367188,0.05271482263047997,0.4619563784413095,0.7275078859003901,0.7382703006495805
2,1000,3,0.5,1000,0.9586312770843506,-1.0745779275894165,-0.041368722915649414,-0.0745779275894165,0.7830988764762878,0.04700738812717472,0.44255390174066817,0.7175460661758569,0.7238027016541115
