case,case_name,replicate,n,n_train,n_validation,n_test,n_eval,tau,epoch,data_seed,init_seed,training_seed,test_seed,eval_seed,theta_error_l2,m_l2_error,q_l2_error,linear_error_mse,nonlinear_error_mse,cross_error_moment,cancellation_fraction,q_mse,decomposition_residual,max_float32_prediction_gap,optimizer_steps,learning_rate,model_instance,fit_calls,theta_hat_1,theta_true_1,theta_error_1,abs_theta_error_1,theta_hat_2,theta_true_2,theta_error_2,abs_theta_error_2,train_check_loss,validation_check_loss,test_check_loss,stopping_validation_check_loss,state_sha256
2,additive,8,1000,800,200,10000,10000,0.5,1,41260912,41760912,1041760912,2041260912,3041260912,1.5327645993476153,5.015129905850447,4.08980178586603,1.57862819621059,25.151527972555517,-5.001838760546569,0.37424687899064074,16.726478647672966,-3.552713678800501e-15,1.3860204983728863e-07,7,0.005,1,1,0.30402854084968567,1.0,-0.6959714591503143,0.6959714591503143,0.36564674973487854,-1.0,1.3656467497348785,1.3656467497348785,1.9516227639524457,1.968704815190852,1.9139171575334957,1.989488124847412,e9f96573f6e55d725027236389b52b672ab7e3fdd9c81e4e9462b42aa907d6e4
2,additive,8,1000,800,200,10000,10000,0.5,2,41260912,41760912,1041760912,2041260912,3041260912,1.5481931686740158,3.9878961334725753,3.0600619959626605,1.7125815148465924,15.903315571365518,-4.125958833538565,0.46843584670665855,9.363979419134981,0.0,2.600787318840503e-07,14,0.005,1,1,0.3388229012489319,1.0,-0.6611770987510681,0.6611770987510681,0.3999096155166626,-1.0,1.3999096155166626,1.3999096155166626,1.4023255032849362,1.4266982095052225,1.3895043305377597,1.4456582069396973,50d26792fc4bf2119b395d9844fa5b920c6a44db19b71d28d5f0de569e017bf3
2,additive,8,1000,800,200,10000,10000,0.5,3,41260912,41760912,1041760912,2041260912,3041260912,1.5628678370139781,2.7436934058836195,2.3630781533344583,1.8426535486516318,7.527853505489256,-1.8931843476871473,0.4040729784949123,5.584138358766593,0.0,5.456998195541019e-07,21,0.005,1,1,0.3719959855079651,1.0,-0.6280040144920349,0.6280040144920349,0.43114179372787476,-1.0,1.4311417937278748,1.4311417937278748,1.1129367621644193,1.1839723225744512,1.1293737609093442,1.2097219228744507,c4e14be379f497b2013fb8fe35523e782aed195a905011f620aec920bff668b3
2,additive,8,1000,800,200,10000,10000,0.5,4,41260912,41760912,1041760912,2041260912,3041260912,1.5699861454201518,1.858553766696711,1.7217332782678323,1.9256448108485176,3.4542221037025325,-1.2077507165280765,0.4489890682096412,2.9643654814948968,0.0,5.422730424697875e-07,28,0.005,1,1,0.3957783579826355,1.0,-0.6042216420173645,0.6042216420173645,0.44905924797058105,-1.0,1.449059247970581,1.449059247970581,0.8537422010168042,0.9529046461798555,0.8967168603901535,0.9530413150787354,0f240e879016681f5c09432030e740f6f794e46839d65c8986b70659ee49a197
2,additive,8,1000,800,200,10000,10000,0.5,5,41260912,41760912,1041760912,2041260912,3041260912,1.569485457240082,1.9402090723897008,1.6520663078003075,1.9585168660938743,3.764411244583303,-1.4968025126541187,0.5230897483620518,2.7293230853689403,4.440892098500626e-16,5.606168169691728e-07,35,0.005,1,1,0.4097120463848114,1.0,-0.5902879536151886,0.5902879536151886,0.4542505741119385,-1.0,1.4542505741119385,1.4542505741119385,0.8479302154916877,0.9439696218674901,0.8772638304499507,0.938418984413147,02193c29a2d6ba9289be6dbde3bacc3b625ea91b1c72c77445ac23022d72d2ea
2,additive,8,1000,800,200,10000,10000,0.5,6,41260912,41760912,1041760912,2041260912,3041260912,1.566177184149036,1.6130868159393774,1.4822889357638735,1.9742028601401638,2.602049075757439,-1.189535723404803,0.519873354905878,2.1971804890879967,-4.440892098500626e-16,5.838453205342375e-07,42,0.005,1,1,0.4206262230873108,1.0,-0.5793737769126892,0.5793737769126892,0.4550728499889374,-1.0,1.4550728499889374,1.4550728499889374,0.7861925615396792,0.8880249743704833,0.8235675217894275,0.8829523324966431,bfa59bb397d6b28e3d5998e0c83494f99eff46e3ca6fe5713f86d0ecb0b5aaa8
2,additive,8,1000,800,200,10000,10000,0.5,7,41260912,41760912,1041760912,2041260912,3041260912,1.557867372023096,1.55213988098179,1.3524722136622145,1.9605367069908262,2.409138210134165,-1.2702469141983106,0.581391951707961,1.8291810887283708,1.1102230246251565e-15,3.68491765101453e-07,49,0.005,1,1,0.42663708329200745,1.0,-0.5733629167079926,0.5733629167079926,0.44851845502853394,-1.0,1.448518455028534,1.448518455028534,0.7433491898517639,0.8320972300558424,0.7855115607516594,0.8334362506866455,75e0dfb4a92f693e6f6d6191e3d3792976bb4ad5f6c0577f8b1cb4775aa6df27
2,additive,8,1000,800,200,10000,10000,0.5,8,41260912,41760912,1041760912,2041260912,3041260912,1.5469471942029271,1.4963680780788253,1.257670961869556,1.9401875103125465,2.2391174250933172,-1.2987843435379844,0.6215312658978572,1.5817362483298945,-6.661338147750939e-16,4.830736113348166e-07,56,0.005,1,1,0.43353748321533203,1.0,-0.566462516784668,0.566462516784668,0.43950194120407104,-1.0,1.439501941204071,1.439501941204071,0.7177474068513588,0.8051187466426748,0.7586805862289835,0.8079358339309692,fafe59c28ecc307eb89804a190ea8b06c9cd72898186b7a7b3e3a7be940a58fc
2,additive,8,1000,800,200,10000,10000,0.5,9,41260912,41760912,1041760912,2041260912,3041260912,1.533372665176426,1.516739152541797,1.1520443321270433,1.9098684708003504,2.3004976568532087,-1.4415799922337567,0.6847765484172516,1.3272061431860451,-8.881784197001252e-16,5.284672912608812e-07,63,0.005,1,1,0.439987450838089,1.0,-0.560012549161911,0.560012549161911,0.4274514615535736,-1.0,1.4274514615535736,1.4274514615535736,0.6956554538599303,0.7921995467537214,0.7308440378722474,0.7977966070175171,ae193b880309b04184b5ab07dd1f926da2d5a6a850c8c032c418120372e329cf
2,additive,8,1000,800,200,10000,10000,0.5,10,41260912,41760912,1041760912,2041260912,3041260912,1.5206256712797055,1.1535175903019907,1.1583080382670674,1.885690406708515,1.3306028311361116,-0.9373078631652623,0.5828497552004255,1.3416775115141022,2.220446049250313e-16,5.821817179452182e-07,70,0.005,1,1,0.4477430582046509,1.0,-0.5522569417953491,0.5522569417953491,0.41679733991622925,-1.0,1.4167973399162292,1.4167973399162292,0.6892412218603668,0.7794908690297915,0.7341971879756036,0.7790114879608154,a8d41459e3b79aaa03ca21dff181cfc52ba42903b75137ff3672e4be9c7197ea
2,additive,8,1000,800,200,10000,10000,0.5,11,41260912,41760912,1041760912,2041260912,3041260912,1.5046388611419086,1.4429003418975732,1.0599568017428564,1.838478301469487,2.0819613966481336,-1.3984656382783376,0.7134228535384967,1.1235084215609452,-2.220446049250313e-16,5.223360020067958e-07,77,0.005,1,1,0.45027825236320496,1.0,-0.549721747636795,0.549721747636795,0.40062275528907776,-1.0,1.4006227552890778,1.4006227552890778,0.6684425134876918,0.7514878176139662,0.7054883168781405,0.7607680559158325,61cb29f22a6f7594d9a320e9050047316af204d5cdc93ca168d22b628db98771
2,additive,8,1000,800,200,10000,10000,0.5,12,41260912,41760912,1041760912,2041260912,3041260912,1.4897451672182325,1.3120506994530474,1.0348757432758189,1.8083381939950813,1.721477037935231,-1.2294237139548172,0.6965938062896824,1.0709678040206785,4.440892098500626e-16,5.785996215479372e-07,84,0.005,1,1,0.45830273628234863,1.0,-0.5416972637176514,0.5416972637176514,0.3877696990966797,-1.0,1.3877696990966797,1.3877696990966797,0.6581944127796152,0.7371716735582864,0.6990577486277498,0.7439495325088501,3b6fff779e3b108e9383f5a739fc35b1d0f735d6ad795d0498a94d89c944366c
2,additive,8,1000,800,200,10000,10000,0.5,13,41260912,41760912,1041760912,2041260912,3041260912,1.4744945835242191,1.4146515060480782,0.9992602111767782,1.7710409352407004,2.001238883564096,-1.3868794245818685,0.7353003972124662,0.9985209696410593,-2.220446049250313e-16,5.259542508184722e-07,91,0.005,1,1,0.46364936232566833,1.0,-0.5363506376743317,0.5363506376743317,0.3734854459762573,-1.0,1.3734854459762573,1.3734854459762573,0.6535968762091302,0.7354716974313706,0.6908030266093492,0.7456793189048767,c5640fd05ab2920c6b92453a502e17a364cce056ea7b48e2a1629d925c2edb8a
2,additive,8,1000,800,200,10000,10000,0.5,14,41260912,41760912,1041760912,2041260912,3041260912,1.460562121705068,1.181902291618147,1.0129361675955697,1.7396000073706106,1.3968930269322275,-1.0552266773398191,0.6728704102315145,1.0260396796232,2.220446049250313e-16,5.799057962718734e-07,98,0.005,1,1,0.4695282578468323,1.0,-0.5304717421531677,0.5304717421531677,0.3608238101005554,-1.0,1.3608238101005554,1.3608238101005554,0.6508098009981876,0.7182770974621119,0.6928551563977561,0.7232799530029297,b6215cf66e0859f1d37ac9fbe91a407c472cf3f8d70fc2e8eb3d7a76d1577bf4
2,additive,8,1000,800,200,10000,10000,0.5,15,41260912,41760912,1041760912,2041260912,3041260912,1.4452945925233036,1.4002586068823544,0.9641231581053796,1.7012835197565583,1.9607241661481116,-1.3662371109547893,0.7461683470592013,0.9295334639950908,-5.551115123125783e-16,5.419832103115141e-07,105,0.005,1,1,0.47413650155067444,1.0,-0.5258634984493256,0.5258634984493256,0.3462332785129547,-1.0,1.3462332785129547,1.3462332785129547,0.6433026071698871,0.7245896065019504,0.6822808885877488,0.734761118888855,81777ea1dd0c402b9b8cdd13346eead5634335d28032e1a0d49e83c8ecca2605
2,additive,8,1000,800,200,10000,10000,0.5,16,41260912,41760912,1041760912,2041260912,3041260912,1.4319923052900931,1.1425543807599445,0.9750281674738298,1.6714587313767177,1.3054305129937405,-1.0131046585015417,0.6806465241643812,0.9506799273673747,2.220446049250313e-16,5.396868765217278e-07,112,0.005,1,1,0.4795726239681244,1.0,-0.5204273760318756,0.5204273760318756,0.3340754508972168,-1.0,1.3340754508972168,1.3340754508972168,0.6389240179610901,0.7102980613671496,0.6836663525102115,0.7150324583053589,58267efe0c627103e094361a31380737555d0d5c7f0e06931515cae75e000aaf
2,additive,8,1000,800,200,10000,10000,0.5,17,41260912,41760912,1041760912,2041260912,3041260912,1.4148564329514957,1.4047218901916445,0.9430571600497748,1.6264214929915208,1.9732435887835866,-1.3551541373269802,0.7529334571641377,0.8893568071211466,-4.440892098500626e-16,5.092603689860198e-07,119,0.005,1,1,0.4834396541118622,1.0,-0.5165603458881378,0.5165603458881378,0.31718796491622925,-1.0,1.3171879649162292,1.3171879649162292,0.6362883496687943,0.7100204646178966,0.6768884919961635,0.7214514017105103,0d01ee7af5366f92810f0c8f106bed345411f90836ca2f8a92261e9f68ebcd9a
2,additive,8,1000,800,200,10000,10000,0.5,18,41260912,41760912,1041760912,2041260912,3041260912,1.4003847202423394,1.1366214228008946,0.9394289774133248,1.6001217469551654,1.29190825876993,-1.0047516010606254,0.6948417541115465,0.8825268036038451,7.771561172376096e-16,5.531869806674194e-07,126,0.005,1,1,0.4917992949485779,1.0,-0.5082007050514221,0.5082007050514221,0.3049173951148987,-1.0,1.3049173951148987,1.3049173951148987,0.6294508079263889,0.6997928830324994,0.6754173161595378,0.7044715285301208,45d4969a40ac4a1aeb85196da6c674aa69671b5c560af9a28e3ffc18b26653ff
2,additive,8,1000,800,200,10000,10000,0.5,19,41260912,41760912,1041760912,2041260912,3041260912,1.384990398377908,1.3094670890144404,0.9110573004453083,1.5645796521315756,1.7147040572119523,-1.2246291523244173,0.7468881992949448,0.8300254046946928,-5.551115123125783e-16,5.581182875857849e-07,133,0.005,1,1,0.497131884098053,1.0,-0.502868115901947,0.502868115901947,0.2904735803604126,-1.0,1.2904735803604126,1.2904735803604126,0.6252577122142913,0.7026199347221279,0.6699699507513478,0.7107013463973999,294790574a7957a0683b7dcc487670bc0307dd97e74434d901b87e76c7b1c5f3
2,additive,8,1000,800,200,10000,10000,0.5,20,41260912,41760912,1041760912,2041260912,3041260912,1.3693429296667654,1.2131884314671102,0.9057573823105299,1.5379340108383894,1.4718261702456272,-1.0946818727369967,0.7274213271987193,0.8203964356100234,1.1102230246251565e-16,5.644329377219037e-07,140,0.005,1,1,0.5067492127418518,1.0,-0.4932507872581482,0.4932507872581482,0.2774207293987274,-1.0,1.2774207293987274,1.2774207293987274,0.6209934446050441,0.69999005848118,0.6682807441045961,0.7061861157417297,68111a353dddb7e8b56c6f4a409953d8287e614fd5c33e5992452cbaa71da568
2,additive,8,1000,800,200,10000,10000,0.5,21,41260912,41760912,1041760912,2041260912,3041260912,1.3524613757385076,1.378786378953584,0.9186681922871847,1.5049331135544621,1.9010518787879358,-1.2810168724110973,0.7522152183824531,0.8439512475202037,5.551115123125783e-16,5.480990861173041e-07,147,0.005,1,1,0.5150254368782043,1.0,-0.48497456312179565,0.48497456312179565,0.26251789927482605,-1.0,1.262517899274826,1.262517899274826,0.6266543606138868,0.6983571613738266,0.6711622480636685,0.7085764408111572,5ee008d762ebc2d24a84c606c48b745a25f89179b29ca65ed8731b2dea86807f
2,additive,8,1000,800,200,10000,10000,0.5,22,41260912,41760912,1041760912,2041260912,3041260912,1.3373080085739437,1.1176800428652112,0.8904914419570777,1.4915265394494344,1.24920867821918,-0.9738801047349094,0.7106706977431647,0.7929750081987955,-3.3306690738754696e-16,5.531600280050952e-07,154,0.005,1,1,0.5300028920173645,1.0,-0.4699971079826355,0.4699971079826355,0.25199657678604126,-1.0,1.2519965767860413,1.2519965767860413,0.6147641740022847,0.6904004460016037,0.6642946838010981,0.6947842836380005,813c97326b401ad0383e97790c3963c289c7a69323d6dbb609f187302fa53232
2,additive,8,1000,800,200,10000,10000,0.5,23,41260912,41760912,1041760912,2041260912,3041260912,1.3212933713746808,1.167207397199328,0.8737173228550015,1.4661905474198123,1.36237310807683,-1.0325908476198655,0.730116747143569,0.763381960256911,-2.220446049250313e-16,5.540606586862395e-07,161,0.005,1,1,0.540517270565033,1.0,-0.45948272943496704,0.45948272943496704,0.23882678151130676,-1.0,1.2388267815113068,1.2388267815113068,0.6125856979492692,0.6913388092321417,0.6613199364630203,0.6958886384963989,be3a710971e40c2043d65d3b7fd785f2a099cea003084495f56d5b9ffcf768ed
2,additive,8,1000,800,200,10000,10000,0.5,24,41260912,41760912,1041760912,2041260912,3041260912,1.3038466076895308,1.193701013929885,0.8665421515920344,1.4315060291567647,1.4249221106572354,-1.0527664196641238,0.7371208853394617,0.7508953004857524,-2.220446049250313e-16,5.317769264934213e-07,168,0.005,1,1,0.5484249591827393,1.0,-0.45157504081726074,0.45157504081726074,0.22315001487731934,-1.0,1.2231500148773193,1.2231500148773193,0.6090802166040176,0.6816041853496952,0.6595671666267376,0.6873272657394409,2630269d9b2370bfa77c9fa632ec0566c60edaa6444c7a76a1ac49e938f766c6
2,additive,8,1000,800,200,10000,10000,0.5,25,41260912,41760912,1041760912,2041260912,3041260912,1.2844317588422738,1.1435463559018655,0.8510752745773388,1.396408657813685,1.307698268096436,-0.9898889014566142,0.7321373958786392,0.7243291229968927,2.220446049250313e-16,5.233549860150788e-07,175,0.005,1,1,0.5587175488471985,1.0,-0.4412824511528015,0.4412824511528015,0.2062482088804245,-1.0,1.2062482088804245,1.2062482088804245,0.6043424501832875,0.6823747651265571,0.6561804730843119,0.6872231960296631,7312e03ee22d2234c7ee5d75f1b5518bbba05c714c2b4b022e785e83d4fb6baa
2,additive,8,1000,800,200,10000,10000,0.5,26,41260912,41760912,1041760912,2041260912,3041260912,1.2662294328843022,1.0735616635005174,0.852602830488933,1.3603824869169485,1.152534645337998,-0.8929927728486031,0.7107220221363074,0.7269315865577404,2.220446049250313e-16,5.152603215208273e-07,182,0.005,1,1,0.5666128396987915,1.0,-0.4333871603012085,0.4333871603012085,0.18975314497947693,-1.0,1.189753144979477,1.189753144979477,0.601959715788334,0.6754250990261303,0.656452710576292,0.6796121597290039,999f36e896c2840a1a3ea6548d4e18219dad2cc60458199c4c1cc2b280564ed1
2,additive,8,1000,800,200,10000,10000,0.5,27,41260912,41760912,1041760912,2041260912,3041260912,1.245785081628003,1.479778273954663,0.9058987037630021,1.3094898483208133,2.1897437400682414,-1.3392905634547834,0.7654765134278182,0.8206524614794873,-5.551115123125783e-16,5.201045709668506e-07,189,0.005,1,1,0.5698785781860352,1.0,-0.43012142181396484,0.43012142181396484,0.16917750239372253,-1.0,1.1691775023937225,1.1691775023937225,0.6275555344592106,0.7043894649350207,0.6713631234902461,0.7134782075881958,c9329e53f4e171e0152af331ddc9c1837b5ef33ad8c16bdc96614de0dbd24166
2,additive,8,1000,800,200,10000,10000,0.5,28,41260912,41760912,1041760912,2041260912,3041260912,1.2316398134076578,0.9021581819496975,0.8983978056796585,1.2991558264486505,0.8138893852587836,-0.6529632972287043,0.6180305973681282,0.8071186172500254,-3.3306690738754696e-16,5.247500816096817e-07,196,0.005,1,1,0.5846876502037048,1.0,-0.41531234979629517,0.41531234979629517,0.1595051884651184,-1.0,1.1595051884651184,1.1595051884651184,0.6106529179304911,0.6764061852385278,0.6691143839105479,0.678142786026001,5629613b76389e55a3265a312aeb72f3af8d726e607d7907e65c4c3e011af8d5
2,additive,8,1000,800,200,10000,10000,0.5,29,41260912,41760912,1041760912,2041260912,3041260912,1.2118124101750551,1.4908846989598636,0.9197970534104518,1.2503531628364422,2.222737185592643,-1.3135318644832679,0.7564052372420383,0.8460266194625495,1.1102230246251565e-16,5.152459507939966e-07,203,0.005,1,1,0.5875375270843506,1.0,-0.4124624729156494,0.4124624729156494,0.13945777714252472,-1.0,1.1394577771425247,1.1394577771425247,0.6312376813823222,0.708273302165265,0.6764867076774069,0.7155553102493286,332dbae493965fede65695afb7b646d99809206ff9501ad7bdd377f11eca09c8
2,additive,8,1000,800,200,10000,10000,0.5,30,41260912,41760912,1041760912,2041260912,3041260912,1.1981364418556673,0.9885702814195836,0.8519716343804242,1.2393101622930698,0.9772712013059947,-0.7453628489051067,0.6725337144356937,0.7258556657888512,3.3306690738754696e-16,5.208143036838919e-07,210,0.005,1,1,0.6012285947799683,1.0,-0.39877140522003174,0.39877140522003174,0.12982843816280365,-1.0,1.1298284381628036,1.1298284381628036,0.599592219353968,0.6582544038148316,0.6574404358065159,0.661236047744751,8c72da81b707d0b24c17367fe62219d63e57ea0a16f6a12f7dfe0abf7240e70f
2,additive,8,1000,800,200,10000,10000,0.5,31,41260912,41760912,1041760912,2041260912,3041260912,1.1824304978049092,1.27303765830066,0.816326681653188,1.2100929497668644,1.620624879451628,-1.0821642890197933,0.7645864789840663,0.6663892511789054,-4.440892098500626e-16,5.060037544524221e-07,217,0.005,1,1,0.6081043481826782,1.0,-0.3918956518173218,0.3918956518173218,0.11559835076332092,-1.0,1.115598350763321,1.115598350763321,0.5976003013738503,0.6703259840445587,0.651153145554511,0.6756640672683716,c9ee154e00aef85f785a0aeb1842effb5de847c21b31294fe5040c2624c7fd20
2,additive,8,1000,800,200,10000,10000,0.5,32,41260912,41760912,1041760912,2041260912,3041260912,1.1675626777157266,1.1327412411032065,0.7904811576963867,1.1843927817064748,1.2831027192960327,-0.9213175201647439,0.7467632826811039,0.6248604606730198,1.1102230246251565e-16,5.177195632199982e-07,224,0.005,1,1,0.6155087351799011,1.0,-0.3844912648200989,0.3844912648200989,0.10243778675794601,-1.0,1.102437786757946,1.102437786757946,0.5870758594460931,0.6567047437052926,0.6445890504467244,0.6617856025695801,e45b256a6bc2d85a279f98f0e6f52e370ea2b025972a2511599659d2cf9e6838
2,additive,8,1000,800,200,10000,10000,0.5,33,41260912,41760912,1041760912,2041260912,3041260912,1.1531950686123698,1.003621230549319,0.8001543759641283,1.1624432954159252,1.0072555744093294,-0.7647259222253556,0.7049143389072657,0.6402470253745436,0.0,5.162661764757104e-07,231,0.005,1,1,0.6241204142570496,1.0,-0.37587958574295044,0.37587958574295044,0.09021713584661484,-1.0,1.0902171358466148,1.0902171358466148,0.5851282423171553,0.6558666156672723,0.6462990126934371,0.6593771576881409,50173c7e62e6ec0a6dc3174499655cb4ea1d9a3ec37cb9cd9dab38733c21261e
2,additive,8,1000,800,200,10000,10000,0.5,34,41260912,41760912,1041760912,2041260912,3041260912,1.137353037520031,1.0823925566328363,0.784637611527942,1.133628383949829,1.1715736466541677,-0.8447729245898615,0.7329274513683459,0.6156561814242736,0.0,5.163208403047292e-07,238,0.005,1,1,0.6309123039245605,1.0,-0.36908769607543945,0.36908769607543945,0.07580026239156723,-1.0,1.0758002623915672,1.0758002623915672,0.5819554490516017,0.6598257431407809,0.6432813396870558,0.663615345954895,a54f088c661dff93649a2db64c3de4452ea2644d379b23fa0a486477cbcfb760
2,additive,8,1000,800,200,10000,10000,0.5,35,41260912,41760912,1041760912,2041260912,3041260912,1.1213659975477894,1.0571031208010304,0.7838824182635054,1.1059170099908133,1.1174670080072777,-0.804456186167725,0.7236322467515511,0.6144716456626411,-2.220446049250313e-16,5.097537165710264e-07,245,0.005,1,1,0.638338565826416,1.0,-0.361661434173584,0.361661434173584,0.061443690210580826,-1.0,1.0614436902105808,1.0614436902105808,0.5808121222622108,0.6498474633842517,0.6423979045280973,0.6531157493591309,b0c31e0492bab4182532376bf50e04eccb951fd1cbe4b0e56d251e720674b171
2,additive,8,1000,800,200,10000,10000,0.5,36,41260912,41760912,1041760912,2041260912,3041260912,1.1042016807870154,1.0839355515975164,0.7639696423240925,1.0758655257921863,1.174916280017012,-0.8335660957081982,0.7406902735367682,0.5836496143928018,-2.220446049250313e-16,5.099021169741036e-07,252,0.005,1,1,0.6459236741065979,1.0,-0.3540763258934021,0.3540763258934021,0.045892588794231415,-1.0,1.0458925887942314,1.0458925887942314,0.5780756874333816,0.6524558198552493,0.6386662832032246,0.6562870740890503,e770bfab61324a69cb8757f76b9d149502c2309e0f331f1f6e718de83fcc605b
2,additive,8,1000,800,200,10000,10000,0.5,37,41260912,41760912,1041760912,2041260912,3041260912,1.0886336559928236,1.0203357875027452,0.7609148588990183,1.0469874249371438,1.041085119258847,-0.7545405608513389,0.7227148912509394,0.578991422493313,0.0,5.025508738043527e-07,259,0.005,1,1,0.6516460180282593,1.0,-0.3483539819717407,0.3483539819717407,0.031393591314554214,-1.0,1.0313935913145542,1.0313935913145542,0.5745097787395647,0.6481020714059023,0.6379836583496257,0.6512801647186279,089b6003a2175cfbb64f5874aea678190997e27eb8266c1667d4e2b55a54589a
2,additive,8,1000,800,200,10000,10000,0.5,38,41260912,41760912,1041760912,2041260912,3041260912,1.0730946848804186,1.0711078389899071,0.7609001890456748,1.0217105580934118,1.1472720027456287,-0.7950067315746484,0.7330688092458532,0.5789690976897437,-2.220446049250313e-16,5.06950147638463e-07,266,0.005,1,1,0.6592367887496948,1.0,-0.3407632112503052,0.3407632112503052,0.017552277073264122,-1.0,1.0175522770732641,1.0175522770732641,0.5751488352872416,0.6577270770126284,0.6390048537835703,0.6608619689941406,21c1a66646063a917f0cc94eb4842c6535c8bb473ad8ff8bedea013533861690
2,additive,8,1000,800,200,10000,10000,0.5,39,41260912,41760912,1041760912,2041260912,3041260912,1.0571963811112308,0.8994178723008461,0.7841719322317121,1.0016547046654445,0.8089525090141813,-0.5978407971898044,0.6603760248749215,0.6149256193000169,1.1102230246251565e-16,5.05380137738598e-07,273,0.005,1,1,0.670330286026001,1.0,-0.329669713973999,0.329669713973999,0.004480994306504726,-1.0,1.0044809943065047,1.0044809943065047,0.5776703956439139,0.6431934245123068,0.6433457090080307,0.645369827747345,16ffede46036f48beed7eafccbeb6bd974689bd4aa9e8f77688630548fe2bffd
2,additive,8,1000,800,200,10000,10000,0.5,40,41260912,41760912,1041760912,2041260912,3041260912,1.0400847720436182,1.0581790018945878,0.7351760019867786,0.9763716267905668,1.1197428000506262,-0.7778153364719644,0.742149690409906,0.5404837538972639,-3.3306690738754696e-16,5.056630101307746e-07,280,0.005,1,1,0.6799018383026123,1.0,-0.3200981616973877,0.3200981616973877,-0.010397301986813545,-1.0,0.9896026980131865,0.9896026980131865,0.5717434624667149,0.6524836544602599,0.6345584922151486,0.6561055183410645,cd927b40072a4332c72bfae7547996b4c115bf945e3a2143e839c598098d3404
2,additive,8,1000,800,200,10000,10000,0.5,41,41260912,41760912,1041760912,2041260912,3041260912,1.0253889219779218,0.845461505275908,0.7690967229505028,0.9576617653721189,0.7148051569034043,-0.5404785765111604,0.6463249817530582,0.5915097692532024,1.1102230246251565e-16,5.090901478155274e-07,287,0.005,1,1,0.6898567080497742,1.0,-0.31014329195022583,0.31014329195022583,-0.022639483213424683,-1.0,0.9773605167865753,0.9773605167865753,0.5738036373263303,0.6447183681481803,0.6411120374501241,0.6465169787406921,f6cd3ba3c25754a49416ee82e2c494dd01f9ecf65e42f50f2320d5b11367baa1
2,additive,8,1000,800,200,10000,10000,0.5,42,41260912,41760912,1041760912,2041260912,3041260912,1.0066422178773833,1.2333098142525907,0.7681325578758154,0.9207978367609608,1.5210530979317598,-0.9259116541119389,0.7583686956128257,0.5900276264688428,-1.1102230246251565e-16,5.031975547353795e-07,294,0.005,1,1,0.694145679473877,1.0,-0.30585432052612305,0.30585432052612305,-0.040947504341602325,-1.0,0.9590524956583977,0.9590524956583977,0.5845400573376841,0.6661723982420709,0.6418000104112319,0.6706784963607788,99dad0d5160f85e042482fdfae7a6c00e4d0f1728421fdcec2afab5e9fd3be18
2,additive,8,1000,800,200,10000,10000,0.5,43,41260912,41760912,1041760912,2041260912,3041260912,0.9933257252924311,0.7895913283182655,0.7995018913190374,0.9116034359215806,0.6234544657554029,-0.4479273137271327,0.5835966359806907,0.6392032742227178,-2.220446049250313e-16,5.104936615651923e-07,301,0.005,1,1,0.7078974843025208,1.0,-0.29210251569747925,0.29210251569747925,-0.05059380829334259,-1.0,0.9494061917066574,0.9494061917066574,0.5816237474484143,0.6403232812208333,0.6475449446396072,0.6416958570480347,d85b118f30dd3eb410395cfc016a0c19349a0d1683d7d6aaed984d160310fb0b
2,additive,8,1000,800,200,10000,10000,0.5,44,41260912,41760912,1041760912,2041260912,3041260912,0.9747980721940309,1.1411429530741015,0.7395209372487307,0.8836162375570431,1.3022072393506812,-0.8194661301392417,0.7498008313997407,0.546891216629241,4.440892098500626e-16,5.131759799326119e-07,308,0.005,1,1,0.7171126008033752,1.0,-0.28288739919662476,0.28288739919662476,-0.06715167313814163,-1.0,0.9328483268618584,0.9328483268618584,0.5755527913338088,0.6597933339651533,0.6365856688024786,0.6633765697479248,ccaac5f4fc7110374e728db577a161a8ce4407054eead3d9de8dfec84226c87a
2,additive,8,1000,800,200,10000,10000,0.5,45,41260912,41760912,1041760912,2041260912,3041260912,0.961539264969562,0.8206951782662466,0.7474652213891807,0.8712039760628996,0.6735405756294662,-0.4930201472529945,0.6383193217452809,0.5587042571863768,1.1102230246251565e-16,5.150897219863282e-07,315,0.005,1,1,0.7286518216133118,1.0,-0.27134817838668823,0.27134817838668823,-0.07754245400428772,-1.0,0.9224575459957123,0.9224575459957123,0.5678635111736022,0.6374173480577001,0.6367419134171374,0.6384637355804443,a22caa920a44b63fabab83182bbea72af92a6e2d670e86b1ed57272392e356bb
2,additive,8,1000,800,200,10000,10000,0.5,46,41260912,41760912,1041760912,2041260912,3041260912,0.9435188745215425,1.1056085512885945,0.712954055969146,0.8374071258873677,1.2223702686824647,-0.7757369543234882,0.7532240681624671,0.5083034859228561,2.220446049250313e-16,5.066580310852942e-07,322,0.005,1,1,0.7327456474304199,1.0,-0.2672543525695801,0.2672543525695801,-0.09512267261743546,-1.0,0.9048773273825645,0.9048773273825645,0.5662780768377806,0.6485729058450166,0.6309679310568568,0.6518476009368896,f353ff2cfcc67bf3ef7a940b1c4fe729ecd729076102a6d56c5a603a06d8af09
2,additive,8,1000,800,200,10000,10000,0.5,47,41260912,41760912,1041760912,2041260912,3041260912,0.930355243852646,0.8101388083017846,0.7282616377305081,0.8252760929580981,0.6563248887166357,-0.4756179843424061,0.6420324908327063,0.5303650129899219,3.3306690738754696e-16,5.165994476641345e-07,329,0.005,1,1,0.7441740036010742,1.0,-0.2558259963989258,0.2558259963989258,-0.10550911724567413,-1.0,0.8944908827543259,0.8944908827543259,0.5605948652764019,0.6368642254789437,0.6327552770895755,0.6376409530639648,02a887ade776c481b280d029be68dc9bd01e12d79dba0d67bb062c899a2768c5
2,additive,8,1000,800,200,10000,10000,0.5,48,41260912,41760912,1041760912,2041260912,3041260912,0.9140621949013855,1.0413858991512206,0.6877234069952683,0.7990656153901666,1.0844845909509961,-0.7052933609059915,0.7488978616354901,0.4729634845291795,-3.885780586188048e-16,5.15371153753108e-07,336,0.005,1,1,0.750386118888855,1.0,-0.24961388111114502,0.24961388111114502,-0.12068060040473938,-1.0,0.8793193995952606,0.8793193995952606,0.5593235412069915,0.6397372419036632,0.6252420067902316,0.6430960893630981,c65748f75bee5386c5b56fa9ae8cee34d6ca93635e321b501e884fe2239631d5
2,additive,8,1000,800,200,10000,10000,0.5,49,41260912,41760912,1041760912,2041260912,3041260912,0.8990575356807589,0.8523564597986365,0.7006943751893773,0.7833762374933434,0.7265115345604646,-0.5094575823158881,0.6748284100915715,0.4909726074220318,5.551115123125783e-17,5.142248991063525e-07,343,0.005,1,1,0.7619467973709106,1.0,-0.23805320262908936,0.23805320262908936,-0.13303107023239136,-1.0,0.8669689297676086,0.8669689297676086,0.558168753093232,0.6307542834597415,0.6270532224774075,0.6319234371185303,350ba669823e600d556ee38088e655533b1aac3eb349bc079fe779d77135a772
2,additive,8,1000,800,200,10000,10000,0.5,50,41260912,41760912,1041760912,2041260912,3041260912,0.8836197595564743,1.017074544587032,0.6752285963181924,0.7615036384351681,1.0344406292469186,-0.6700053051981251,0.7461315111552533,0.4559336572858365,-5.551115123125783e-17,5.222839831731108e-07,350,0.005,1,1,0.7695717811584473,1.0,-0.23042821884155273,0.23042821884155273,-0.14695444703102112,-1.0,0.8530455529689789,0.8530455529689789,0.5563266650760571,0.6348810053570421,0.6233238221245249,0.6372421979904175,e2771dddabfa885cac9ccca8f0d56772ac59bfbd654c2f81e8aa28025f2369c5
2,additive,8,1000,800,200,10000,10000,0.5,51,41260912,41760912,1041760912,2041260912,3041260912,0.8716197367304516,0.7801869187504478,0.7062983170518609,0.749640478457416,0.6086916281893178,-0.4297373969882214,0.632742751033249,0.49885731267029093,-5.551115123125783e-17,5.178454216547834e-07,357,0.005,1,1,0.7792031168937683,1.0,-0.2207968831062317,0.2207968831062317,-0.15680980682373047,-1.0,0.8431901931762695,0.8431901931762695,0.5542440334212833,0.6286909429403944,0.6291370225185352,0.6281810998916626,618087c2afacb426985e398d6e7fbbb67a4f104405ddba858ab038424d6559fb
2,additive,8,1000,800,200,10000,10000,0.5,52,41260912,41760912,1041760912,2041260912,3041260912,0.8552075661618226,0.9690284758952551,0.6780079868177125,0.7221191016961604,0.9390161870958811,-0.6007202293017172,0.7232646652622183,0.45969483018860735,1.1102230246251565e-16,5.292480089735818e-07,364,0.005,1,1,0.7836998701095581,1.0,-0.2163001298904419,0.2163001298904419,-0.17259790003299713,-1.0,0.8274020999670029,0.8274020999670029,0.5481106952470959,0.6296557177872795,0.6234939367880895,0.6288096904754639,3c075d34377416164ca4d88c8aeead6bd40ca773541e606108104bc6ef854ade
2,additive,8,1000,800,200,10000,10000,0.5,53,41260912,41760912,1041760912,2041260912,3041260912,0.8408696183279445,0.8880485645618206,0.6781890590060842,0.705433228952567,0.7886302530203101,-0.5170615411086595,0.6921547141034348,0.45994039975555795,-5.551115123125783e-17,5.110820229248247e-07,371,0.005,1,1,0.7930334806442261,1.0,-0.20696651935577393,0.20696651935577393,-0.1849990338087082,-1.0,0.8150009661912918,0.8150009661912918,0.5455033360399297,0.6326155002482605,0.6230115476362069,0.6309692859649658,89a087ee7af5be61e6505076f4e092bf3baa976b1483c1ed5703d1cc922d9e39
2,additive,8,1000,800,200,10000,10000,0.5,54,41260912,41760912,1041760912,2041260912,3041260912,0.8284593662967681,0.853668869163298,0.6801481082682194,0.6900584909573285,0.728750538178544,-0.47810378997751757,0.6739508702854919,0.4626014491808374,1.6653345369377348e-16,5.235408480075421e-07,378,0.005,1,1,0.8002871870994568,1.0,-0.1997128129005432,0.1997128129005432,-0.19597281515598297,-1.0,0.804027184844017,0.804027184844017,0.5446513716632735,0.633640604953149,0.623992387145212,0.6313534379005432,a5bb2c6659d4054ec6d4241228fe1307937cf9625266ea02b738195c806a9347
2,additive,8,1000,800,200,10000,10000,0.5,55,41260912,41760912,1041760912,2041260912,3041260912,0.8141964693322413,0.9540814156061705,0.6678990512163437,0.6689372281062089,0.9102713476050743,-0.5665597165477955,0.7175236067757728,0.44608914261569216,-1.6653345369377348e-16,5.135236254005804e-07,385,0.005,1,1,0.8056938648223877,1.0,-0.1943061351776123,0.1943061351776123,-0.209328755736351,-1.0,0.790671244263649,0.790671244263649,0.5441544794453828,0.6303525367035685,0.622252498327075,0.62967848777771,e6463bd8ce1ddd41c45ebf7c2af468c1064d22abc7701fe91657dbaea3babad7
2,additive,8,1000,800,200,10000,10000,0.5,56,41260912,41760912,1041760912,2041260912,3041260912,0.8008819104980559,0.9198262040919462,0.6678021665824886,0.6557648892704817,0.8460802457341986,-0.5279427006562073,0.703058775303836,0.44595973369226577,1.6653345369377348e-16,5.130327700442194e-07,392,0.005,1,1,0.815900444984436,1.0,-0.18409955501556396,0.18409955501556396,-0.2205648273229599,-1.0,0.7794351726770401,0.7794351726770401,0.5417590969562793,0.6391745123558534,0.6221133617327305,0.6374812126159668,c46a14a50c89920f15acda504389107f73ad157c0ac93d09c71902b057576a3a
2,additive,8,1000,800,200,10000,10000,0.5,57,41260912,41760912,1041760912,2041260912,3041260912,0.7879351014298404,0.8222390929207676,0.7037106844054632,0.6417527191395453,0.6760771259271666,-0.4113105588601533,0.6242240762718979,0.49520872734640553,2.220446049250313e-16,5.306304995400524e-07,399,0.005,1,1,0.8247824311256409,1.0,-0.17521756887435913,0.17521756887435913,-0.23179395496845245,-1.0,0.7682060450315475,0.7682060450315475,0.5486474946836097,0.631204099861732,0.6279714108514374,0.6285433769226074,303fee3b0da5ae9b954db8e5f05013a08f42cc35d0d6f220dd9b419eb5b897de
2,additive,8,1000,800,200,10000,10000,0.5,58,41260912,41760912,1041760912,2041260912,3041260912,0.7752171104420748,0.9292641201092949,0.6771787560784849,0.6200430472486812,0.8635318049225021,-0.5125018922435897,0.6909012935795629,0.4585710676840041,5.551115123125783e-17,5.246000203129597e-07,406,0.005,1,1,0.8266168236732483,1.0,-0.1733831763267517,0.1733831763267517,-0.2444208562374115,-1.0,0.7555791437625885,0.7555791437625885,0.5478010972256604,0.6402540378899103,0.6243643091449089,0.6388837099075317,c524dd2ed17605963c604f99f5bf0bff0dc69c7847ae4b27b05a73c305dff0d9
2,additive,8,1000,800,200,10000,10000,0.5,59,41260912,41760912,1041760912,2041260912,3041260912,0.7645026638929234,0.7087847480066514,0.7125596951176946,0.6049677963492006,0.5023758190068524,-0.29980114812491554,0.5414780813605325,0.5077413191062218,-1.1102230246251565e-16,5.156657447713542e-07,413,0.005,1,1,0.8307040929794312,1.0,-0.16929590702056885,0.16929590702056885,-0.2544778883457184,-1.0,0.7455221116542816,0.7455221116542816,0.5519527513358083,0.6318315667338272,0.6306106792227751,0.6292368769645691,f57badee373d7167d9286b865e08e9aa967070f6068cc28a687bb2d681c9a7b3
2,additive,8,1000,800,200,10000,10000,0.5,60,41260912,41760912,1041760912,2041260912,3041260912,0.7483593750754087,1.0232126168259899,0.6654265618726954,0.5776667711564271,1.0469640592318898,-0.5909191605713003,0.7274503838266564,0.4427925092457162,-1.1102230246251565e-16,5.129147400140255e-07,420,0.005,1,1,0.8324843049049377,1.0,-0.16751569509506226,0.16751569509506226,-0.27063024044036865,-1.0,0.7293697595596313,0.7293697595596313,0.5510700831814694,0.6418741513145413,0.6226710251193576,0.6434034109115601,3bfada3de27b4153b5bef582653d431c21174234d3ccc0e5ce78e480fadb7ac6
2,additive,8,1000,800,200,10000,10000,0.5,61,41260912,41760912,1041760912,2041260912,3041260912,0.7406228492417322,0.765752775070754,0.6786372094677093,0.5705758703745601,0.5863773125285608,-0.3482023604145008,0.6019299061709016,0.46054846207411954,1.6653345369377348e-16,5.155024052072577e-07,427,0.005,1,1,0.8385177254676819,1.0,-0.16148227453231812,0.16148227453231812,-0.2771959602832794,-1.0,0.7228040397167206,0.7228040397167206,0.5428166965890657,0.6327688171189649,0.6232394669701585,0.6304116249084473,4a7b071e72d3f881eddd95f902b718d27a21236fd99cbd1b4aaa89878a52910c
2,additive,8,1000,800,200,10000,10000,0.5,62,41260912,41760912,1041760912,2041260912,3041260912,0.7291641844186636,0.8129817388198383,0.6548119760747867,0.555000331556755,0.6609393076545278,-0.3935804576001579,0.6473684135430493,0.428778724010967,1.6653345369377348e-16,5.247760448412464e-07,434,0.005,1,1,0.8427925109863281,1.0,-0.15720748901367188,0.15720748901367188,-0.2879844009876251,-1.0,0.7120155990123749,0.7120155990123749,0.5351427035215253,0.6369850654475994,0.6193985657364106,0.6347994804382324,0c53d0e7edeb68b8cf4bd8f8c388d5ea22b3b7e2eab2472427ddfdf4b2b95255
2,additive,8,1000,800,200,10000,10000,0.5,63,41260912,41760912,1041760912,2041260912,3041260912,0.714043338524282,0.9182154165759319,0.6388449863350146,0.5341182896300766,0.8431195512377121,-0.4845574621512018,0.7036656237181013,0.40812291656538496,-1.6653345369377348e-16,5.248757659614967e-07,441,0.005,1,1,0.847826361656189,1.0,-0.15217363834381104,0.15217363834381104,-0.3023603558540344,-1.0,0.6976396441459656,0.6976396441459656,0.5351135071854134,0.6254943556603024,0.6170294658270908,0.6267406940460205,f2966285a5b2a334f49ed38b18d8618e060d2f9ed1efa903e13b8903e135e18c
2,additive,8,1000,800,200,10000,10000,0.5,64,41260912,41760912,1041760912,2041260912,3041260912,0.7029609698612913,0.7341677761815169,0.6499211915381061,0.5225765442527948,0.5390023235833139,-0.3195906563128985,0.6021044050440506,0.42239755521031164,0.0,5.183197409053264e-07,448,0.005,1,1,0.8548619747161865,1.0,-0.14513802528381348,0.14513802528381348,-0.31218528747558594,-1.0,0.6878147125244141,0.6878147125244141,0.5352297425371637,0.6156280486269088,0.6194399544200174,0.6151779294013977,8502faaf9f3cab96ad1fb2372e896b0173b74d6205b440b4034ceeded80c4577
2,additive,8,1000,800,200,10000,10000,0.5,65,41260912,41760912,1041760912,2041260912,3041260912,0.6894202886944665,0.8706051948857518,0.6196431037940062,0.5061150777071739,0.757953405362058,-0.4400554534948811,0.6962525518022581,0.3839575760794696,-5.551115123125783e-17,5.154955999842059e-07,455,0.005,1,1,0.8610444664955139,1.0,-0.13895553350448608,0.13895553350448608,-0.32472842931747437,-1.0,0.6752715706825256,0.6752715706825256,0.5296698102000843,0.622642773673348,0.6141518096821161,0.6221836805343628,f8449d781c07abbf3ffb360034787b8802e794513834cbf8179f522b335ebcc9
2,additive,8,1000,800,200,10000,10000,0.5,66,41260912,41760912,1041760912,2041260912,3041260912,0.6782337170390409,0.9082494426759642,0.6299043377064626,0.4927006093267252,0.8249170501211996,-0.46041909239325385,0.6988660012133825,0.39677947466141733,5.551115123125783e-17,5.370769624590821e-07,462,0.005,1,1,0.8661558032035828,1.0,-0.13384419679641724,0.13384419679641724,-0.33510398864746094,-1.0,0.6648960113525391,0.6648960113525391,0.5303648263136373,0.6239678534092699,0.616156397725423,0.623321533203125,f5699a0e0777579a91c3d23ea2b3e046fb1cb8761566fb08ccf865d60bd42e32
2,additive,8,1000,800,200,10000,10000,0.5,67,41260912,41760912,1041760912,2041260912,3041260912,0.6695875448743187,0.7193369427265919,0.6765288751698117,0.48337861809948024,0.5174456371712401,-0.2715664681660948,0.5426856248455665,0.4576913189385307,5.551115123125783e-17,5.173650610146296e-07,469,0.005,1,1,0.8710494041442871,1.0,-0.1289505958557129,0.1289505958557129,-0.3429465591907501,-1.0,0.6570534408092499,0.6570534408092499,0.5361325352076195,0.6244940725393836,0.6235854513918211,0.6209009289741516,979f60bf60c04a49ec7bae29a49b8c4e29a8863e32347dbaf7d510df427c9a7c
2,additive,8,1000,800,200,10000,10000,0.5,68,41260912,41760912,1041760912,2041260912,3041260912,0.6579801094328851,0.9666337736305685,0.6608396091007066,0.46527671452971153,0.9343808523232731,-0.481474288948305,0.6879886914495245,0.4367089889563747,2.7755575615628914e-16,5.142515480116572e-07,476,0.005,1,1,0.8717559576034546,1.0,-0.1282440423965454,0.1282440423965454,-0.35463863611221313,-1.0,0.6453613638877869,0.6453613638877869,0.5395457528114064,0.6374919446405622,0.6217878239259595,0.6374180316925049,dfd857e451b2a18cd91279011910da9675f73f63b53718d0fbc1daf6df327a6a
2,additive,8,1000,800,200,10000,10000,0.5,69,41260912,41760912,1041760912,2041260912,3041260912,0.6496789721669685,0.8990372792319666,0.6308460168766473,0.4511994650050089,0.8082680294488171,-0.4307503987223474,0.6840198744615387,0.3979666970091312,-5.551115123125783e-17,5.248508436750399e-07,483,0.005,1,1,0.870870053768158,1.0,-0.12912994623184204,0.12912994623184204,-0.3632832467556,-1.0,0.6367167532444,0.6367167532444,0.527488516447389,0.6284520331290618,0.6151871877924112,0.6279643177986145,66b128f4f1695802fd81342455057e25db410fa6c4f7709d54e23e9025051061
2,additive,8,1000,800,200,10000,10000,0.5,70,41260912,41760912,1041760912,2041260912,3041260912,0.6443893934868637,0.656322593430425,0.73100780509491,0.44773832488162607,0.4307593466472389,-0.17206263020959353,0.3917201736235678,0.5343724111096779,0.0,5.149768718126779e-07,490,0.005,1,1,0.875961422920227,1.0,-0.12403857707977295,0.12403857707977295,-0.36766138672828674,-1.0,0.6323386132717133,0.6323386132717133,0.5498458719076378,0.6494872488134348,0.636045029226166,0.6460016965866089,2dc971f9963537022015c97df6dbd063b364545b4a301cdc8967f32fc9e08bc0
2,additive,8,1000,800,200,10000,10000,0.5,71,41260912,41760912,1041760912,2041260912,3041260912,0.6320768292130695,0.9953947456363316,0.6712782956622313,0.4247898287883614,0.9908106996404171,-0.48249298910079436,0.6816795832032208,0.45061455022719,2.220446049250313e-16,5.17148631473674e-07,497,0.005,1,1,0.8719288110733032,1.0,-0.12807118892669678,0.12807118892669678,-0.3810340166091919,-1.0,0.6189659833908081,0.6189659833908081,0.5385314234338187,0.6435100242293019,0.6244465362162422,0.6438530683517456,eb6d6bd44d9e6ab5fb2e45b5727966bba50a81ebfbb7737a3f80781a8cf46dc0
2,additive,8,1000,800,200,10000,10000,0.5,72,41260912,41760912,1041760912,2041260912,3041260912,0.626631193932927,0.6454690105566593,0.6907872974909777,0.42228896748090394,0.41663024358899275,-0.18086606034750405,0.4311882669055596,0.47718709037488843,-1.1102230246251565e-16,5.262695133012585e-07,504,0.005,1,1,0.8781803250312805,1.0,-0.12181967496871948,0.12181967496871948,-0.38532397150993347,-1.0,0.6146760284900665,0.6146760284900665,0.5353914751089642,0.628252442590141,0.6275824513200773,0.6234985589981079,a1b9e0dcfb375d8d185c863e43c973ac957432d188c52f37c848002efee4a03b
2,additive,8,1000,800,200,10000,10000,0.5,73,41260912,41760912,1041760912,2041260912,3041260912,0.6146094686207081,0.9365250953350256,0.6460639283831205,0.4026669911629662,0.8770792541922788,-0.43117382289870765,0.6738426847722737,0.41739859955782993,1.6653345369377348e-16,5.260593773925848e-07,511,0.005,1,1,0.8765959739685059,1.0,-0.12340402603149414,0.12340402603149414,-0.3979067802429199,-1.0,0.6020932197570801,0.6020932197570801,0.5302194832654711,0.6343652201411372,0.6201694857237865,0.6349295377731323,22c167666a02d59c323bc2addbd458adb5399b52c1a6b473e1fdabec432d0254
2,additive,8,1000,800,200,10000,10000,0.5,74,41260912,41760912,1041760912,2041260912,3041260912,0.6080954930650957,0.7713910950108915,0.6228482451125023,0.3989525587270219,0.5950442214621022,-0.3030284218747002,0.609717109580665,0.38793993643972374,5.551115123125783e-17,5.153429043502911e-07,518,0.005,1,1,0.8832032680511475,1.0,-0.11679673194885254,0.11679673194885254,-0.40322646498680115,-1.0,0.5967735350131989,0.5967735350131989,0.5181884187097345,0.6267522407689712,0.6144198180377771,0.6254304647445679,4bbdc73593b21f883ccc2aa819bcd99728fd3c3d9f9c4971c487160e9f665962
2,additive,8,1000,800,200,10000,10000,0.5,75,41260912,41760912,1041760912,2041260912,3041260912,0.601697190717996,0.6772502906952337,0.6495317549491756,0.39706289467313327,0.45866795624677853,-0.21691967511627794,0.5069810791163811,0.42189150068735587,0.0,5.223259300635164e-07,525,0.005,1,1,0.8917281031608582,1.0,-0.10827189683914185,0.10827189683914185,-0.4081244170665741,-1.0,0.5918755829334259,0.5918755829334259,0.5224789462724861,0.6299988359088605,0.6195189883735526,0.6275445222854614,299993d0167c20922133143b6cf7158de7c001d08dbd297f12e7591c5838ff8a
2,additive,8,1000,800,200,10000,10000,0.5,76,41260912,41760912,1041760912,2041260912,3041260912,0.5917031167890255,0.9028251402946909,0.6412340544820978,0.38256364315967367,0.8150932339481283,-0.39323788224012596,0.6566787028180364,0.41118111262755,-5.551115123125783e-17,5.120829662530468e-07,532,0.005,1,1,0.8918926119804382,1.0,-0.10810738801956177,0.10810738801956177,-0.41825661063194275,-1.0,0.5817433893680573,0.5817433893680573,0.5240603206815413,0.637060445820826,0.6189278003421358,0.6370565295219421,e580321951f0322c74d1bfc6ac4e1ff56cfeb41d633702cbf98bc21b0b2ea2a2
2,additive,8,1000,800,200,10000,10000,0.5,77,41260912,41760912,1041760912,2041260912,3041260912,0.5853339637943942,0.7043910893315598,0.65216123177656,0.37899460513247374,0.49616680672970154,-0.2249235698149276,0.5140161957925761,0.42531427223232005,-1.1102230246251565e-16,5.262906430658632e-07,539,0.005,1,1,0.8984505534172058,1.0,-0.10154944658279419,0.10154944658279419,-0.42354223132133484,-1.0,0.5764577686786652,0.5764577686786652,0.520644911567917,0.635401576107217,0.6204961001556302,0.633351743221283,c96e810a66a79e27079a771dea81194e216bc48b241477ae5effe2f14940a5cc
2,additive,8,1000,800,200,10000,10000,0.5,78,41260912,41760912,1041760912,2041260912,3041260912,0.5760938653539355,0.8322582966943973,0.6622254627096471,0.36374693432080524,0.6926538724166594,-0.3089291216382292,0.5848710445277119,0.4385425634610062,0.0,5.247348795478501e-07,546,0.005,1,1,0.8960471153259277,1.0,-0.10395288467407227,0.10395288467407227,-0.43336260318756104,-1.0,0.566637396812439,0.566637396812439,0.5274015712572253,0.6304937084824961,0.6214528330147845,0.6297228336334229,3d71e5e5824c43d96dd67d0bc3210de0e8fb24c51cec51bfd4902f42c074142d
2,additive,8,1000,800,200,10000,10000,0.5,79,41260912,41760912,1041760912,2041260912,3041260912,0.5728778146678116,0.7629242147089274,0.6886180318257299,0.36493671552369134,0.5820533573892335,-0.23639763957869145,0.49926107219167876,0.474194793755542,1.1102230246251565e-16,5.260321938038715e-07,553,0.005,1,1,0.9028884768486023,1.0,-0.0971115231513977,0.0971115231513977,-0.435413122177124,-1.0,0.564586877822876,0.564586877822876,0.5329221680375388,0.6560319884318199,0.6296239414240499,0.6544017791748047,26e11da23ab75635fc3af31453d3532c71fe1c9d24853ff3e166e86e1e03a4d7
2,additive,8,1000,800,200,10000,10000,0.5,80,41260912,41760912,1041760912,2041260912,3041260912,0.5625486675936402,0.7447271057238007,0.6540181088873799,0.35152679817634724,0.5546184619997491,-0.23920278671173578,0.5279568237552777,0.42773968675262475,0.0,5.303338834750093e-07,560,0.005,1,1,0.9041891098022461,1.0,-0.0958108901977539,0.0958108901977539,-0.4456704258918762,-1.0,0.5543295741081238,0.5543295741081238,0.5229172254061869,0.6311418870945371,0.6202767227078095,0.6287793517112732,bd4c8a7e413cabc51be3313be0555c50a561b90e84177735bef6a60c83f1d634
2,additive,8,1000,800,200,10000,10000,0.5,81,41260912,41760912,1041760912,2041260912,3041260912,0.5526556797518938,0.8136082198835385,0.6155374496627017,0.34024961045546953,0.6619583354620603,-0.3116607969901334,0.6219483656254696,0.37888635193726306,-1.1102230246251565e-16,5.16595935806663e-07,567,0.005,1,1,0.907090425491333,1.0,-0.09290957450866699,0.09290957450866699,-0.45521003007888794,-1.0,0.5447899699211121,0.5447899699211121,0.5133655304739132,0.633560528292545,0.6131638258427187,0.6332712173461914,daef38e9a11aa70530ce936682c4091742d462839160be2cc8b974ce2fd8aa07
2,additive,8,1000,800,200,10000,10000,0.5,82,41260912,41760912,1041760912,2041260912,3041260912,0.5442534733015836,0.6904006198676693,0.6274220847445432,0.3325271367726095,0.476653015913662,-0.20776084013054139,0.5135094810242897,0.39365847242518875,1.1102230246251565e-16,5.287053852498502e-07,574,0.005,1,1,0.9117263555526733,1.0,-0.08827364444732666,0.08827364444732666,-0.4629528820514679,-1.0,0.5370471179485321,0.5370471179485321,0.5113296203090217,0.6290802037039981,0.6145338459893319,0.6259820461273193,ce8c54e1baef3a862cc98e504b588a2f4dac19d778cc876628175115a29ff07f
2,additive,8,1000,800,200,10000,10000,0.5,83,41260912,41760912,1041760912,2041260912,3041260912,0.5350643323446972,0.6814868548318491,0.623799944530831,0.3208046315195281,0.46442433330860583,-0.19805129701573304,0.5044421586233292,0.3891263707966678,0.0,5.303294461356245e-07,581,0.005,1,1,0.9124571681022644,1.0,-0.0875428318977356,0.0875428318977356,-0.47214576601982117,-1.0,0.5278542339801788,0.5278542339801788,0.5105594494593748,0.623805178821831,0.6140774770346936,0.6209867596626282,5e55e62646b35c31861d01de986b16cae72550c7b0009815affc54334277aae4
2,additive,8,1000,800,200,10000,10000,0.5,84,41260912,41760912,1041760912,2041260912,3041260912,0.5256980353488772,0.9539604721972388,0.6710298325972363,0.30900882895152143,0.9100405825147787,-0.38438418761541265,0.6306293805647577,0.45028103623547494,5.551115123125783e-17,5.272713909931781e-07,588,0.005,1,1,0.9131200313568115,1.0,-0.08687996864318848,0.08687996864318848,-0.4815308153629303,-1.0,0.5184691846370697,0.5184691846370697,0.5316811325084996,0.6471517637253322,0.6254496438192093,0.6474194526672363,d310e99b0e7f45eddf78264905e2f86cd557361eff6aafb2e3a31113412cbe05
2,additive,8,1000,800,200,10000,10000,0.5,85,41260912,41760912,1041760912,2041260912,3041260912,0.524960439842625,0.6321576262869845,0.7425539358853912,0.31175583572997095,0.3996232644727948,-0.07999637625194007,0.2249050505676609,0.5513863476988856,0.0,5.297163081507961e-07,595,0.005,1,1,0.9180030226707458,1.0,-0.08199697732925415,0.08199697732925415,-0.48148292303085327,-1.0,0.5185170769691467,0.5185170769691467,0.5435534629974543,0.6401202399292635,0.6380585830495211,0.636350154876709,563f93bc5df59ec999206beab9d5b00b3a6583bf50cf16b85144f645668bfb91
2,additive,8,1000,800,200,10000,10000,0.5,86,41260912,41760912,1041760912,2041260912,3041260912,0.5146690010694697,1.0000763427987032,0.7043949062575053,0.2968399090294809,1.0001526914256291,-0.4004102082467952,0.6174440904385926,0.49617218396151974,1.1102230246251565e-16,5.154932729567463e-07,602,0.005,1,1,0.9158285856246948,1.0,-0.08417141437530518,0.08417141437530518,-0.49226054549217224,-1.0,0.5077394545078278,0.5077394545078278,0.5361124402130799,0.6617460226475432,0.6327918763526527,0.6627901196479797,d7a8e168f88e458acc4502603a30f50a8033ceb1fb0849299f18f80e08109ba5
2,additive,8,1000,800,200,10000,10000,0.5,87,41260912,41760912,1041760912,2041260912,3041260912,0.5149489588973349,0.6644366892824459,0.6505636251987402,0.3041056821327136,0.44147611406461756,-0.16117438288280214,0.4323452737307565,0.4232330304317269,-5.551115123125783e-17,5.284444029030055e-07,609,0.005,1,1,0.9251531958580017,1.0,-0.07484680414199829,0.07484680414199829,-0.4905194938182831,-1.0,0.5094805061817169,0.5094805061817169,0.5109153983940979,0.6321720925420133,0.6190892129014106,0.6277508735656738,b0a830dedd9b3a18c5f02d786516914756720f7a45c9698c39cf6b31217bff16
2,additive,8,1000,800,200,10000,10000,0.5,88,41260912,41760912,1041760912,2041260912,3041260912,0.5097737694516578,0.8270719342567769,0.6337281640239798,0.29808978049985074,0.6840479844352463,-0.2902631895289464,0.5910844687824991,0.40161138587720424,0.0,5.192728753655729e-07,616,0.005,1,1,0.9259958267211914,1.0,-0.0740041732788086,0.0740041732788086,-0.49562644958496094,-1.0,0.5043735504150391,0.5043735504150391,0.5116889854936663,0.631623897440157,0.6162837491581736,0.6286237239837646,35be32897baf963d93d560d7afff8ff154d2dddc0094d673e7415a932939872c
2,additive,8,1000,800,200,10000,10000,0.5,89,41260912,41760912,1041760912,2041260912,3041260912,0.507467426726566,0.6986740348447498,0.6301628285496522,0.29823852483248303,0.48814540696624265,-0.19463937065651357,0.49502377346726195,0.3971051904856984,-1.1102230246251565e-16,5.266787947988405e-07,623,0.005,1,1,0.9302607178688049,1.0,-0.06973928213119507,0.06973928213119507,-0.4973474144935608,-1.0,0.5026525855064392,0.5026525855064392,0.5069967999497458,0.6339024341598729,0.6161374905786389,0.630810022354126,4f374401387eb0694492ec4ae160d2a5190123c75e328445d875fb763781a9e3
2,additive,8,1000,800,200,10000,10000,0.5,90,41260912,41760912,1041760912,2041260912,3041260912,0.5020097193098202,0.8247056368436947,0.6192000240516149,0.29030111893152716,0.6801393874417639,-0.29351591829388524,0.60491275120163,0.38340866978552046,-1.1102230246251565e-16,5.222644681168731e-07,630,0.005,1,1,0.9288297295570374,1.0,-0.07117027044296265,0.07117027044296265,-0.5030608177185059,-1.0,0.49693918228149414,0.49693918228149414,0.5053076344302908,0.6249344177435731,0.6146803694481238,0.6239367723464966,f868f37a0169faac19fb925a7f3a58b93cd62d8c7f8a86f9069242660b65ab12
2,additive,8,1000,800,200,10000,10000,0.5,91,41260912,41760912,1041760912,2041260912,3041260912,0.5008664797166442,0.6620678540548608,0.640321228143445,0.29176978050073776,0.4383338433728084,-0.16004617433120816,0.43842043539542314,0.41001127521112984,5.551115123125783e-17,5.192962664324341e-07,637,0.005,1,1,0.9329138994216919,1.0,-0.0670861005783081,0.0670861005783081,-0.5036466121673584,-1.0,0.4963533878326416,0.4963533878326416,0.5053431306143694,0.6277136377990945,0.6184286868595112,0.6242362260818481,2f3cddaef3ee202afc761b4e7bd73e1541756f1c10005955696002579ae0334f
2,additive,8,1000,800,200,10000,10000,0.5,92,41260912,41760912,1041760912,2041260912,3041260912,0.49200832945204803,0.7694443099647672,0.621206495664864,0.2801167942004963,0.5920445461371567,-0.24313191504071618,0.5575388492835256,0.38589751025622065,0.0,5.317687978845242e-07,644,0.005,1,1,0.9320589900016785,1.0,-0.06794100999832153,0.06794100999832153,-0.5127052068710327,-1.0,0.4872947931289673,0.4872947931289673,0.4978981284312469,0.6284488832878403,0.6144215822802659,0.6265857219696045,2d7d6aef758d836a3e7b56ff059b00cda17ece2f18125788b2298104f70ef4b9
2,additive,8,1000,800,200,10000,10000,0.5,93,41260912,41760912,1041760912,2041260912,3041260912,0.4853906307617203,0.821961777182591,0.6237262645440298,0.2738016366256753,0.6756211631491634,-0.28019417334639485,0.5902410884020155,0.38903445308204904,-5.551115123125783e-17,5.218626739633692e-07,651,0.005,1,1,0.9346718192100525,1.0,-0.06532818078994751,0.06532818078994751,-0.5190256834030151,-1.0,0.48097431659698486,0.48097431659698486,0.5032596430608688,0.6312320430407428,0.6152346455577571,0.6291565299034119,1af907b55d7e682ea5fe42397196f2cf6e1e92493213331fbabc260d3530b321
2,additive,8,1000,800,200,10000,10000,0.5,94,41260912,41760912,1041760912,2041260912,3041260912,0.481214526958494,0.7210789814440632,0.6191220999673795,0.2712275320060336,0.5199548974804077,-0.20393512740921166,0.5155198594124152,0.3833121746680179,-1.1102230246251565e-16,5.663649140785765e-07,658,0.005,1,1,0.9383490085601807,1.0,-0.061650991439819336,0.061650991439819336,-0.5227510333061218,-1.0,0.4772489666938782,0.4772489666938782,0.49703508495705145,0.6314853850791189,0.6135951347004969,0.6283085346221924,8b775d66c01eb6ccb2cc8fe580852e18da866591ed14e09c9826f537dff93041
2,additive,8,1000,800,200,10000,10000,0.5,95,41260912,41760912,1041760912,2041260912,3041260912,0.4749738472721819,0.668510449100195,0.6762696757655869,0.26390260720532616,0.4469062205561444,-0.12673407670068926,0.356591172621784,0.45734067436009207,0.0,5.359656114478639e-07,665,0.005,1,1,0.9386469721794128,1.0,-0.06135302782058716,0.06135302782058716,-0.5290053486824036,-1.0,0.47099465131759644,0.47099465131759644,0.5095645699143081,0.6323895718791988,0.6236212093132842,0.6274513006210327,cd53ffa7912c8ea661b14993219353a8d269cfffbe8980200189318d86cdd7aa
2,additive,8,1000,800,200,10000,10000,0.5,96,41260912,41760912,1041760912,2041260912,3041260912,0.46611552785286736,0.8900590674935102,0.6712702065036,0.2502948495749608,0.7922051436274168,-0.29594815153149584,0.5677662416522323,0.4506036901393859,5.551115123125783e-17,5.268851115403095e-07,672,0.005,1,1,0.9339534640312195,1.0,-0.06604653596878052,0.06604653596878052,-0.5385874509811401,-1.0,0.46141254901885986,0.46141254901885986,0.5121075086369543,0.6473194358076515,0.6252410100527827,0.6458306312561035,0034bad1b32f9913de811b12d71d4773330e022d650690325822420cabac127d
2,additive,8,1000,800,200,10000,10000,0.5,97,41260912,41760912,1041760912,2041260912,3041260912,0.4615310923442851,0.8959781082956813,0.6688898462546203,0.24074143873334952,0.8027767705451075,-0.2980522914279637,0.5712450224209362,0.44741362642252963,5.551115123125783e-17,5.581101625296014e-07,679,0.005,1,1,0.9275665283203125,1.0,-0.0724334716796875,0.0724334716796875,-0.5441882610321045,-1.0,0.4558117389678955,0.4558117389678955,0.5122292096496013,0.6422289758151021,0.6255008881358173,0.6418085694313049,3094b60beb2ec87db867ed4ba108377e8a354f9d871b5601f21c840577131979
2,additive,8,1000,800,200,10000,10000,0.5,98,41260912,41760912,1041760912,2041260912,3041260912,0.46264975805561864,0.6200609651554116,0.6891419456155533,0.2465068785574561,0.38447560050946067,-0.07803292893006326,0.24733786283719533,0.4749166212067902,-5.551115123125783e-17,5.336080537432508e-07,686,0.005,1,1,0.9343236088752747,1.0,-0.06567639112472534,0.06567639112472534,-0.5420355796813965,-1.0,0.4579644203186035,0.4579644203186035,0.5149475567496983,0.6306249443192601,0.6284025312169393,0.6261787414550781,3310124f23566bd0e1101c114d02df852c3412de93023e193a2268b27577c187
2,additive,8,1000,800,200,10000,10000,0.5,99,41260912,41760912,1041760912,2041260912,3041260912,0.45490792760536003,0.7910430696403994,0.6297014300044306,0.23712949983178042,0.6257491380261058,-0.2331773734541307,0.5404638919628333,0.39652389094962476,-5.551115123125783e-17,5.388203767608957e-07,693,0.005,1,1,0.9335795640945435,1.0,-0.06642043590545654,0.06642043590545654,-0.5499671697616577,-1.0,0.4500328302383423,0.4500328302383423,0.49504034033117916,0.633991428187494,0.6161031114215697,0.6315963268280029,7908eb01fad62f562d4338986b7fbd4581f3270e3992ef7e5be53633c26653c7
2,additive,8,1000,800,200,10000,10000,0.5,100,41260912,41760912,1041760912,2041260912,3041260912,0.4514331352198865,0.7509082912235235,0.6165802949322166,0.23314685458724516,0.5638632618282321,-0.20841942815838901,0.5230032188192227,0.38017126009869917,-5.551115123125783e-17,5.283082344931245e-07,700,0.005,1,1,0.9335078001022339,1.0,-0.06649219989776611,0.06649219989776611,-0.5534905791282654,-1.0,0.4465094208717346,0.4465094208717346,0.4903031741989774,0.628169342528684,0.6132061931165703,0.6241680383682251,93c91d41e82242f3c067c8ae0ffc16449fe015bd02a3df6a812d4060f3986338
2,additive,8,1000,800,200,10000,10000,0.5,101,41260912,41760912,1041760912,2041260912,3041260912,0.4499463003792501,0.6214784204554564,0.682626215705614,0.2342544434982943,0.386235427091809,-0.07725566011076797,0.24901505656263387,0.46597855036856745,5.551115123125783e-17,5.27181146736666e-07,707,0.005,1,1,0.9378438591957092,1.0,-0.06215614080429077,0.06215614080429077,-0.5543675422668457,-1.0,0.4456324577331543,0.4456324577331543,0.508496812061519,0.6354438375614577,0.6269763650410171,0.629790186882019,0db646bfeee72029a1ac613fda350e0af7a6b317bc4464eaa529dde44f52c104
2,additive,8,1000,800,200,10000,10000,0.5,102,41260912,41760912,1041760912,2041260912,3041260912,0.44258707737130804,0.7865296621739748,0.6263650692199668,0.22285169742939107,0.6186289094795069,-0.22457370348498207,0.5337584767637915,0.3923331999389338,0.0,5.440075927509724e-07,714,0.005,1,1,0.9328444004058838,1.0,-0.06715559959411621,0.06715559959411621,-0.5625374913215637,-1.0,0.4374625086784363,0.4374625086784363,0.4917345746886055,0.6302188582835933,0.616613003464632,0.6277044415473938,ad4c11f52674dab1106e740b6de58e0398709f5c2f9f57186f81f20101a4f3b1
2,additive,8,1000,800,200,10000,10000,0.5,103,41260912,41760912,1041760912,2041260912,3041260912,0.4356776214475889,0.799288498525375,0.6433142007150466,0.21527810377480527,0.6388621038749484,-0.2201435234040572,0.515473973552428,0.4138531608416393,1.1102230246251565e-16,5.203073687454207e-07,721,0.005,1,1,0.932823121547699,1.0,-0.06717687845230103,0.06717687845230103,-0.5695325136184692,-1.0,0.43046748638153076,0.43046748638153076,0.4958970540378405,0.6415208933481664,0.6193531640540685,0.6393537521362305,6065bfe2beead2a2161489ed02ae277ca2ce9623ded07299c4865f4766503dae
2,additive,8,1000,800,200,10000,10000,0.5,104,41260912,41760912,1041760912,2041260912,3041260912,0.43375496778098593,0.6671351529144341,0.6737979691707446,0.2146755127414262,0.44506931225416546,-0.10287056086848598,0.3118495423413843,0.4540037032586198,0.0,5.365462154571787e-07,728,0.005,1,1,0.9351959824562073,1.0,-0.06480401754379272,0.06480401754379272,-0.5711132884025574,-1.0,0.4288867115974426,0.4288867115974426,0.5014101231002057,0.6308600829759756,0.6236537082393213,0.6232242584228516,efd1e63971a375cda4ac80c1833af8cab58a8865a4c7bf7ff7e748ee0881ad47
2,additive,8,1000,800,200,10000,10000,0.5,105,41260912,41760912,1041760912,2041260912,3041260912,0.4284195387557838,0.7615725560417633,0.6356235726882608,0.2063683235523447,0.5799927581159847,-0.19117187775567032,0.48621907215978577,0.40401732615698877,0.0,5.285596031967543e-07,735,0.005,1,1,0.931034505367279,1.0,-0.06896549463272095,0.06896549463272095,-0.577167809009552,-1.0,0.422832190990448,0.422832190990448,0.4880370363795872,0.6363561426919236,0.616730764379365,0.6323807239532471,45376d20129c9a2b637fe4005f181d917e88d1616f4c9201e5fdaba8697ba25b
2,additive,8,1000,800,200,10000,10000,0.5,106,41260912,41760912,1041760912,2041260912,3041260912,0.42593429819786416,0.7069193110207024,0.6395177858267899,0.20531057412499132,0.4997349122939846,-0.14803124401508808,0.41991969842104615,0.4089829983887998,5.551115123125783e-17,5.274628023244077e-07,742,0.005,1,1,0.9335973858833313,1.0,-0.0664026141166687,0.0664026141166687,-0.5792735815048218,-1.0,0.4207264184951782,0.4207264184951782,0.4842709667970863,0.6308666570120917,0.6175754482146628,0.6264688968658447,cd89c6c0844122310447b9445950636535bbc51d91ac156542cfce7e16a6cc5d
2,additive,8,1000,800,200,10000,10000,0.5,107,41260912,41760912,1041760912,2041260912,3041260912,0.42222901670711455,0.7451012867264569,0.6343669500055069,0.20544434148918195,0.5551759274814217,-0.17909942085565714,0.4709299190726114,0.40242142725928937,0.0,5.354033039139949e-07,749,0.005,1,1,0.9402768015861511,1.0,-0.05972319841384888,0.05972319841384888,-0.5820161700248718,-1.0,0.4179838299751282,0.4179838299751282,0.48491269195358505,0.6322545280247502,0.6183824636633399,0.6292181015014648,d07b8340185ae36948e5288aada2deb6d753d9fe97d674bbde8624cc53622d16
2,additive,8,1000,800,200,10000,10000,0.5,108,41260912,41760912,1041760912,2041260912,3041260912,0.41862821935412486,0.7132342300298038,0.6471538286797113,0.20498167450922666,0.5087030668862071,-0.14743833171031231,0.413174958517491,0.4188080779748091,-5.551115123125783e-17,5.178144508732885e-07,756,0.005,1,1,0.9458882212638855,1.0,-0.0541117787361145,0.0541117787361145,-0.5848837494850159,-1.0,0.41511625051498413,0.41511625051498413,0.48390546274841595,0.6335740507554756,0.6185412791443858,0.6297198534011841,82b7d4cc26e13b6369f84dae9d6ad57fc79e26c6e91ff93b400d0f2361c166a4
2,additive,8,1000,800,200,10000,10000,0.5,109,41260912,41760912,1041760912,2041260912,3041260912,0.4148419711331054,0.7021192845801312,0.637696116996808,0.20310363590960095,0.49297148977931526,-0.14470939402805486,0.4157867123461243,0.4066563376328065,5.551115123125783e-17,5.218758456493333e-07,763,0.005,1,1,0.9494879841804504,1.0,-0.05051201581954956,0.05051201581954956,-0.5882447361946106,-1.0,0.4117552638053894,0.4117552638053894,0.48234353425169557,0.6285774177044586,0.6176418231817863,0.6250686645507812,d5d12a0d464ee79e00627b437e6ae4775776eb93f24a2739d1025941599d1046
2,additive,8,1000,800,200,10000,10000,0.5,110,41260912,41760912,1041760912,2041260912,3041260912,0.409384203182084,0.7152212131184073,0.6495129719394382,0.19902815107622504,0.5115413836945661,-0.1443512170265948,0.4062972304973876,0.42186710071760153,-5.551115123125783e-17,5.171250929691951e-07,770,0.005,1,1,0.9523089528083801,1.0,-0.04769104719161987,0.04769104719161987,-0.593403160572052,-1.0,0.406596839427948,0.406596839427948,0.48653402811640545,0.6255364624166532,0.6198789690285399,0.6212824583053589,c4fd104b42701d1f40665d8be2de08848948f2e56f394f6453b3b724b29c7697
2,additive,8,1000,800,200,10000,10000,0.5,111,41260912,41760912,1041760912,2041260912,3041260912,0.4018436561429055,0.802713353498771,0.6531840800381613,0.1931798494518074,0.644348727885243,-0.2054395674608756,0.4905852123018356,0.4266494424152991,-1.1102230246251565e-16,5.437141812336677e-07,777,0.005,1,1,0.9557225704193115,1.0,-0.04427742958068848,0.04427742958068848,-0.6006031632423401,-1.0,0.3993968367576599,0.3993968367576599,0.48812578264150586,0.6417375648383296,0.622712721981448,0.6392212510108948,75035405f4189b755310ef7354f9cd4af9ec4c8467b0a61dcad5fa333b74d181
2,additive,8,1000,800,200,10000,10000,0.5,112,41260912,41760912,1041760912,2041260912,3041260912,0.396276000791949,0.8077745501157326,0.6610077173367571,0.18980951853808933,0.6524997238146742,-0.20268901998700667,0.481269846739066,0.43693120237875016,-1.1102230246251565e-16,5.460105167998108e-07,784,0.005,1,1,0.9598934650421143,1.0,-0.04010653495788574,0.04010653495788574,-0.605758786201477,-1.0,0.39424121379852295,0.39424121379852295,0.48383748154518036,0.6385298908866056,0.623383547110557,0.6342983245849609,e40110cf8c9a13c598b1e14c8bfb7f2b83b2eef7a6b8611308eb30c04f0c0e35
2,additive,8,1000,800,200,10000,10000,0.5,113,41260912,41760912,1041760912,2041260912,3041260912,0.39716101553631367,0.6516901477304369,0.7589770912809299,0.1950608639948816,0.4247000486489187,-0.021857343777269635,0.07053476052250447,0.5760462250892611,0.0,5.674027967472739e-07,791,0.005,1,1,0.9679509401321411,1.0,-0.03204905986785889,0.03204905986785889,-0.604134202003479,-1.0,0.395865797996521,0.395865797996521,0.5144680398013464,0.6505505371118278,0.6413744973383254,0.6445273160934448,0c0fd93297cb992637dae5b84d47fa0840c132eae47c1b6d7a60a897e2e229f1
2,additive,8,1000,800,200,10000,10000,0.5,114,41260912,41760912,1041760912,2041260912,3041260912,0.3940415742983051,0.7694438626042176,0.6619191244148226,0.19328318454321988,0.592043857699298,-0.17359505748821635,0.4420962176280394,0.43813692726608533,1.1102230246251565e-16,5.351222238658693e-07,798,0.005,1,1,0.9706120491027832,1.0,-0.029387950897216797,0.029387950897216797,-0.6070558428764343,-1.0,0.3929441571235657,0.3929441571235657,0.48781919246834904,0.6414667940724406,0.6208824050429774,0.6350874900817871,d7c9bc3fa266106bde8f550a32eaeec9f1ac6a78d92ffb0f56d68c09a726aa54
2,additive,8,1000,800,200,10000,10000,0.5,115,41260912,41760912,1041760912,2041260912,3041260912,0.39384299041158716,0.7612444324304456,0.6456728519757196,0.19553227885183558,0.5794930859063513,-0.17906596648986375,0.4620905963399883,0.4168934317784595,1.6653345369377348e-16,5.325165037817214e-07,805,0.005,1,1,0.975293755531311,1.0,-0.024706244468688965,0.024706244468688965,-0.6069326996803284,-1.0,0.39306730031967163,0.39306730031967163,0.48562246543931364,0.6424803158210554,0.6194331670889746,0.6392285823822021,da3616adec0710b10159b7b67e31b6f377151bf840ecdcdacad306f6cc175111
2,additive,8,1000,800,200,10000,10000,0.5,116,41260912,41760912,1041760912,2041260912,3041260912,0.39406109393606004,0.6533875712597251,0.6719077801120654,0.19751439737687215,0.42691531827668233,-0.0864848253392154,0.2770041949355236,0.4514600649751237,-5.551115123125783e-17,5.258080673087306e-07,812,0.005,1,1,0.9786878228187561,1.0,-0.021312177181243896,0.021312177181243896,-0.606515645980835,-1.0,0.39348435401916504,0.39348435401916504,0.49108006742023436,0.6298463712602834,0.6232176066568768,0.6264705657958984,a736fc8bbc0ea057c2e89751f3765ede4a23dc41045da456da40c072867c3a4b
2,additive,8,1000,800,200,10000,10000,0.5,117,41260912,41760912,1041760912,2041260912,3041260912,0.39031124692110264,0.7546102046120947,0.6474624550274902,0.1929480392378131,0.5694365609047074,-0.17158848473614777,0.4501362821443952,0.4192076306702249,-1.1102230246251565e-16,5.53668161984433e-07,819,0.005,1,1,0.977278470993042,1.0,-0.022721529006958008,0.022721529006958008,-0.6103506684303284,-1.0,0.38964933156967163,0.38964933156967163,0.48147363456347847,0.6364378941146976,0.6198981305982988,0.6329213380813599,4eb4293edf5c0385b5f8f0b8715344dd0c432edbba2dcefe8e4c11a210e53654
2,additive,8,1000,800,200,10000,10000,0.5,118,41260912,41760912,1041760912,2041260912,3041260912,0.38638450595077317,0.9237483046320499,0.7050381098055128,0.18828256538459945,0.8533109303105866,-0.2722573797085278,0.5227708906281453,0.49707873627813043,5.551115123125783e-17,5.556015878482867e-07,826,0.005,1,1,0.9759302139282227,1.0,-0.024069786071777344,0.024069786071777344,-0.6143659353256226,-1.0,0.38563406467437744,0.38563406467437744,0.5010969511858772,0.6540837894712938,0.633311562093203,0.6514879465103149,54bb8eb4d440541877d96d97d65c07095ab3e0d8dfa956b10d608881072a3bc6
2,additive,8,1000,800,200,10000,10000,0.5,119,41260912,41760912,1041760912,2041260912,3041260912,0.3887483611192752,0.6759066684793608,0.6767926765027136,0.19315525330861225,0.4568498244948685,-0.09597837541788704,0.2953157712004972,0.45804832696770664,0.0,5.55944247082607e-07,833,0.005,1,1,0.9808100461959839,1.0,-0.019189953804016113,0.019189953804016113,-0.6117255687713623,-1.0,0.3882744312286377,0.3882744312286377,0.48584672168254683,0.6359210326210859,0.6256643064131868,0.6309128999710083,a5eca1f27970cd13768b3e957684e8a5e32da4dd3ca4db3497e56ce5a14bb5f8
2,additive,8,1000,800,200,10000,10000,0.5,120,41260912,41760912,1041760912,2041260912,3041260912,0.38584824284505154,0.7502678451529846,0.6428182876392391,0.18903224756535997,0.5629018394705029,-0.16935936805620966,0.45046333442290726,0.41321535092344347,-5.551115123125783e-17,5.443368955582173e-07,840,0.005,1,1,0.97846919298172,1.0,-0.02153080701828003,0.02153080701828003,-0.6147529482841492,-1.0,0.38524705171585083,0.38524705171585083,0.4738665902546201,0.6316931676985401,0.6191818951115778,0.6280285120010376,49ea0cd0920019dbb4f7d603bfc4e1bc377359e4461085032a697173dc9a5579
2,additive,8,1000,800,200,10000,10000,0.5,121,41260912,41760912,1041760912,2041260912,3041260912,0.38257206173141367,0.7337912673228133,0.6369233329786824,0.18588754701286947,0.5384496239992205,-0.15933291945970815,0.43994130312842583,0.4056713320926736,-5.551115123125783e-17,5.482305471815607e-07,847,0.005,1,1,0.9787552356719971,1.0,-0.02124476432800293,0.02124476432800293,-0.6180182695388794,-1.0,0.3819817304611206,0.3819817304611206,0.4719609203512445,0.6296949502007422,0.6182353388946361,0.6267017126083374,1c3a1290fdd1ce989e296e11e563a4d8890e6695034376c111e71877d6a18aae
2,additive,8,1000,800,200,10000,10000,0.5,122,41260912,41760912,1041760912,2041260912,3041260912,0.3806071269309907,0.7931371598158878,0.6494274602842858,0.18356228646907669,0.6290665542808133,-0.19543640728929626,0.48099795992706457,0.42175602617129754,1.1102230246251565e-16,5.603009896049116e-07,854,0.005,1,1,0.9780219793319702,1.0,-0.021978020668029785,0.021978020668029785,-0.6200279593467712,-1.0,0.37997204065322876,0.37997204065322876,0.4745891003481749,0.6354259504792023,0.6213711337794623,0.6328158378601074,03a08bdeffd2a848efaa0fe69d28e9bd4c96283a3c6e077fd3ada77c834ca8bb
2,additive,8,1000,800,200,10000,10000,0.5,123,41260912,41760912,1041760912,2041260912,3041260912,0.38068173820269136,0.6889641361834661,0.6591876061946671,0.18373744010820736,0.47467158094702955,-0.1119403604472907,0.3400328879694967,0.4345283001606555,0.0,5.350918339530608e-07,861,0.005,1,1,0.9782240390777588,1.0,-0.02177596092224121,0.02177596092224121,-0.6199415922164917,-1.0,0.3800584077835083,0.3800584077835083,0.47680822819859064,0.6301155030068143,0.6220216304202759,0.6267261505126953,38086acc017aca9aeee7ffafe10124de44f7afc552b4ed907f3e2aba7ec956ff
2,additive,8,1000,800,200,10000,10000,0.5,124,41260912,41760912,1041760912,2041260912,3041260912,0.376428718723282,0.7762759042032523,0.6485022390941859,0.17835741919520864,0.6026042794465769,-0.1802032722658064,0.4614906789390774,0.42055515411017275,0.0,5.429395262268599e-07,868,0.005,1,1,0.9758522510528564,1.0,-0.024147748947143555,0.024147748947143555,-0.6243466138839722,-1.0,0.37565338611602783,0.37565338611602783,0.47183688670935814,0.636188325348764,0.620368391179981,0.6332100033760071,a9329c47685bf08d24ee7410b629ae9f56690df662dd417e45407640731c9691
2,additive,8,1000,800,200,10000,10000,0.5,125,41260912,41760912,1041760912,2041260912,3041260912,0.37613904526202735,0.7741777460531363,0.6667523447785905,0.17865600294763953,0.5993511824839143,-0.16672424808190273,0.42859308038247035,0.4445586892677484,5.551115123125783e-17,5.576671640028508e-07,875,0.005,1,1,0.9770240783691406,1.0,-0.022975921630859375,0.022975921630859375,-0.6245633363723755,-1.0,0.3754366636276245,0.3754366636276245,0.4738884945650748,0.6427374470229217,0.6244259753042813,0.6391230821609497,46e89bebeac99a0c2b7f80435d4fc802ffce9cde6abc2ce5d8cde47e1616ebfe
2,additive,8,1000,800,200,10000,10000,0.5,126,41260912,41760912,1041760912,2041260912,3041260912,0.3726564859541286,0.7758083504397737,0.6660426159239068,0.17644285977062432,0.6018785966120828,-0.16735434507797314,0.43003914052623426,0.44361276622676077,-5.551115123125783e-17,5.433134511179105e-07,882,0.005,1,1,0.9794414043426514,1.0,-0.020558595657348633,0.020558595657348633,-0.6279110312461853,-1.0,0.3720889687538147,0.3720889687538147,0.4766713216832797,0.6376368539301231,0.6237915904144955,0.6349472999572754,b2066e7729a44f4df5393eebe7bd810c341f0b37f63d5794fcc625cc7fbff793
2,additive,8,1000,800,200,10000,10000,0.5,127,41260912,41760912,1041760912,2041260912,3041260912,0.3722658655591301,0.7590545903509885,0.667762243029273,0.17870036937140957,0.576163871132907,-0.15447891364441535,0.4092892611821423,0.4459064132154859,5.551115123125783e-17,5.547531944927186e-07,889,0.005,1,1,0.9848959445953369,1.0,-0.015104055404663086,0.015104055404663086,-0.6280406713485718,-1.0,0.3719593286514282,0.3719593286514282,0.4741465442568406,0.6404748617692348,0.6239222535037424,0.6357163786888123,34ed033c15271a8799b07c3956941501cd339f2c60c015c0c47dfa3f570dc7fd
2,additive,8,1000,800,200,10000,10000,0.5,128,41260912,41760912,1041760912,2041260912,3041260912,0.37116095658807974,0.7666404635587767,0.6736149420959072,0.18006252252640406,0.587737600365616,-0.15702151633857386,0.4090166481014139,0.45375709021487237,5.551115123125783e-17,5.398073827933558e-07,896,0.005,1,1,0.9900487065315247,1.0,-0.009951293468475342,0.009951293468475342,-0.6289724707603455,-1.0,0.37102752923965454,0.37102752923965454,0.4772089810474367,0.6305402033399625,0.6258846265576773,0.6264299154281616,2e4c3d7a1f782a8a1f4c6252294a665fe91aa10d1a3277fa1e3d4d2089a48498
2,additive,8,1000,800,200,10000,10000,0.5,129,41260912,41760912,1041760912,2041260912,3041260912,0.37123911828075273,0.7107478069197292,0.6773647988991504,0.18139487305000088,0.5051624450412046,-0.1138671236517595,0.33170463893193214,0.45882307078768647,0.0,5.407772167842495e-07,903,0.005,1,1,0.9927315711975098,1.0,-0.007268428802490234,0.007268428802490234,-0.6288320422172546,-1.0,0.37116795778274536,0.37116795778274536,0.4722210720080044,0.6408172508828116,0.6254258845046322,0.6374137997627258,b8ed0de1dfd27127f588bc14a87c288c308eab9c2c5247045d4c504673e50a3d
2,additive,8,1000,800,200,10000,10000,0.5,130,41260912,41760912,1041760912,2041260912,3041260912,0.3692081842056679,0.7905864602794285,0.6719921842988589,0.1788365555095683,0.6250269511771563,-0.1761450054639866,0.43824605545287537,0.45157349575875144,-5.551115123125783e-17,5.28547859701689e-07,910,0.005,1,1,0.9915241599082947,1.0,-0.008475840091705322,0.008475840091705322,-0.6308891177177429,-1.0,0.3691108822822571,0.3691108822822571,0.4687056697748083,0.642999362687041,0.6245754509247472,0.6379092335700989,c760a13e220c397164c1b3a4373cb11de79383ab768eec21eea671209872ecb4
2,additive,8,1000,800,200,10000,10000,0.5,131,41260912,41760912,1041760912,2041260912,3041260912,0.3703139783711944,0.7475919519490013,0.6613774508290564,0.1809158496791259,0.5588937266189178,-0.1511947219164513,0.4087395642349463,0.437420132465141,-5.551115123125783e-17,5.197456047767446e-07,917,0.005,1,1,0.993663489818573,1.0,-0.006336510181427002,0.006336510181427002,-0.6297402381896973,-1.0,0.37025976181030273,0.37025976181030273,0.4658103580703964,0.6399425594492698,0.6224815001995191,0.6347731351852417,a059f30c62ba4a77fbf85be0bb8670455d89717ae38acd75a6692db90cbdd4f7
2,additive,8,1000,800,200,10000,10000,0.5,132,41260912,41760912,1041760912,2041260912,3041260912,0.3676678230603282,0.8798240064840441,0.7047267278967324,0.17739359277982023,0.7740902823856353,-0.22742205707671018,0.4780365973877661,0.49663976101203516,0.0,5.62211843302407e-07,924,0.005,1,1,0.9916591644287109,1.0,-0.008340835571289062,0.008340835571289062,-0.6324267983436584,-1.0,0.36757320165634155,0.36757320165634155,0.48878561137492066,0.6525169492428516,0.6322898098668843,0.6490226984024048,cdacee0974d60a34c019ea20109958f7bd873f78459df1ffda5332ad4fd1bc50
2,additive,8,1000,800,200,10000,10000,0.5,133,41260912,41760912,1041760912,2041260912,3041260912,0.3670694800426683,0.7611273675790725,0.6617100888491343,0.17662681213119688,0.5793148696778486,-0.15904072006215814,0.42077510445397714,0.43786024168472915,-1.1102230246251565e-16,5.46087973063436e-07,931,0.005,1,1,0.9912624359130859,1.0,-0.008737564086914062,0.008737564086914062,-0.6330345273017883,-1.0,0.36696547269821167,0.36696547269821167,0.4646341342070957,0.6388601855106197,0.623347125795485,0.6362047791481018,1b1304c07b752c22e0f0af5f0cffa97039469287f22ce9b8ca5abb71effa13fb
2,additive,8,1000,800,200,10000,10000,0.5,134,41260912,41760912,1041760912,2041260912,3041260912,0.366045900830229,0.6885075358105819,0.695538844239573,0.17714070731287224,0.4740426268679597,-0.08370452516735546,0.25708435942284397,0.48377428384612103,0.0,5.645341456528286e-07,938,0.005,1,1,0.9945483207702637,1.0,-0.005451679229736328,0.005451679229736328,-0.6339946985244751,-1.0,0.3660053014755249,0.3660053014755249,0.4751902063947233,0.6524562895315388,0.6293866282498071,0.649520993232727,1dcb8baab3929304fc2fe85da15cfca0852adedce077208a4a05259053f3a953
2,additive,8,1000,800,200,10000,10000,0.5,135,41260912,41760912,1041760912,2041260912,3041260912,0.3601570663727712,0.8029119092826849,0.6615310846622238,0.17044745248321394,0.6446675340679663,-0.18874580528840096,0.463114550468518,0.43762337597437834,5.551115123125783e-17,5.227087438441913e-07,945,0.005,1,1,0.992331326007843,1.0,-0.007668673992156982,0.007668673992156982,-0.6399245858192444,-1.0,0.3600754141807556,0.3600754141807556,0.4660154952216679,0.6448492259749462,0.6233141878776743,0.6420193910598755,6863976a87c3a5db5fc92699066e4b88780dc81f05d99f353bc021ad80cd412f
2,additive,8,1000,800,200,10000,10000,0.5,136,41260912,41760912,1041760912,2041260912,3041260912,0.36039978115785276,0.7219876546509625,0.6601059843023971,0.17194378912643554,0.5212661734683975,-0.1287350260414982,0.3714171260886542,0.4357399105118366,-1.6653345369377348e-16,5.31613441268064e-07,952,0.005,1,1,0.9951347708702087,1.0,-0.00486522912979126,0.00486522912979126,-0.639633059501648,-1.0,0.36036694049835205,0.36036694049835205,0.4625710540053653,0.6380480091299081,0.621955894410734,0.6343356966972351,de6ea9d9ef2c7f5d60ef487884c38ff17564755dc9d687c913e653d077d8400d
2,additive,8,1000,800,200,10000,10000,0.5,137,41260912,41760912,1041760912,2041260912,3041260912,0.35973335645439825,0.74837546696974,0.6548684160770586,0.17110930584681405,0.5600658395621765,-0.15116125151685747,0.4134748082343631,0.42885264237527554,-5.551115123125783e-17,5.518276466887073e-07,959,0.005,1,1,0.9946993589401245,1.0,-0.005300641059875488,0.005300641059875488,-0.6403056979179382,-1.0,0.35969430208206177,0.35969430208206177,0.46140755060411165,0.640583999148179,0.6221167582873117,0.637216329574585,0dec29a55926ea5571d7bb68db14b52443d2f52895419875db46abe3c7f2f463
2,additive,8,1000,800,200,10000,10000,0.5,138,41260912,41760912,1041760912,2041260912,3041260912,0.35962832616224333,0.8295013857956446,0.6741370706089065,0.16988434946140957,0.6880725490368949,-0.20174805426457332,0.4702988101563054,0.4544607899691578,5.551115123125783e-17,5.291256837125502e-07,966,0.005,1,1,0.9922032952308655,1.0,-0.0077967047691345215,0.0077967047691345215,-0.6404561996459961,-1.0,0.3595438003540039,0.3595438003540039,0.4663032701296464,0.6421993026812778,0.6267823244265593,0.6405346393585205,ca63a79c4e1d34c145eded223a3baebf2fc754d7dc9ed682b1bd77710e18a913
2,additive,8,1000,800,200,10000,10000,0.5,139,41260912,41760912,1041760912,2041260912,3041260912,0.36408081031576195,0.7088410018756293,0.6975384325381594,0.17536698928061728,0.5024555659400459,-0.09563134517643543,0.2821722128892655,0.4865598648677923,0.0,5.48913856590616e-07,973,0.005,1,1,0.9948488473892212,1.0,-0.005151152610778809,0.005151152610778809,-0.6359556317329407,-1.0,0.3640443682670593,0.3640443682670593,0.4675827369500775,0.6555273446196072,0.6301007218068153,0.6534539461135864,ef1b86b4af9c3152b04c3f36cd64ee1521982234c5978ae930a75cb093793938
2,additive,8,1000,800,200,10000,10000,0.5,140,41260912,41760912,1041760912,2041260912,3041260912,0.3622150756114436,0.7015059018150157,0.757949810282915,0.17317737129286623,0.4921105302812985,-0.04539999333312892,0.13648224543301074,0.5744879149079068,0.0,5.551154647065459e-07,980,0.005,1,1,0.9939972162246704,1.0,-0.00600278377532959,0.00600278377532959,-0.6378346681594849,-1.0,0.36216533184051514,0.36216533184051514,0.4978013787051282,0.6572986005566596,0.6421325633401155,0.6543859839439392,4f8f492f167721281e5eba54d1e32083a0042bc4913b650978a3a74d9af6bcdf
2,additive,8,1000,800,200,10000,10000,0.5,141,41260912,41760912,1041760912,2041260912,3041260912,0.35457997291202903,1.0049912632092604,0.7811904939256266,0.16321815336871393,1.010007439126945,-0.28148350234794717,0.4798454860657819,0.6102585877997644,0.0,5.625490562266577e-07,987,0.005,1,1,0.9880192279815674,1.0,-0.011980772018432617,0.011980772018432617,-0.6456224918365479,-1.0,0.35437750816345215,0.35437750816345215,0.5092692151592874,0.6726664574196246,0.6512026223420674,0.6720482707023621,301bfa8627768dcbf761225e005c3667db48a264823863b09b70a7b9c2d31f0e
2,additive,8,1000,800,200,10000,10000,0.5,142,41260912,41760912,1041760912,2041260912,3041260912,0.3600585499470174,0.6875862815886848,0.7087166398552557,0.17105509545226527,0.47277489462895417,-0.07077535723674766,0.21985728632435814,0.5022792756077242,1.1102230246251565e-16,5.459289944553802e-07,994,0.005,1,1,0.9938856363296509,1.0,-0.006114363670349121,0.006114363670349121,-0.6399933695793152,-1.0,0.3600066304206848,0.3600066304206848,0.47831195466378446,0.6510757584820445,0.6314084442626002,0.64967280626297,7513e1ee189ec50e99e84e5f8e3940ba7e7404dcadb51c7bb03801d96c0bca97
2,additive,8,1000,800,200,10000,10000,0.5,143,41260912,41760912,1041760912,2041260912,3041260912,0.36076983094706777,0.7208690173619017,0.6914035757800283,0.17236995924479503,0.5196521401923136,-0.1069915974178497,0.3092143950456979,0.47803890460140935,5.551115123125783e-17,5.411016843481775e-07,1001,0.005,1,1,0.9952921271324158,1.0,-0.0047078728675842285,0.0047078728675842285,-0.6392608880996704,-1.0,0.3607391119003296,0.3607391119003296,0.46566038713576247,0.6521751489170856,0.6289324058212665,0.6501740217208862,20c96fa2a4bfc4ff944e9aa09841e8407a3f9eaae8c9d0a0e7ea63ca30919bbb
2,additive,8,1000,800,200,10000,10000,0.5,144,41260912,41760912,1041760912,2041260912,3041260912,0.3591104515415179,0.9195840170110567,0.7275497570347559,0.17061800755941114,0.8456347643421915,-0.24346206147013522,0.47913682147123937,0.5293286489613324,0.0,5.325534147004873e-07,1008,0.005,1,1,0.9949336647987366,1.0,-0.005066335201263428,0.005066335201263428,-0.6409252882003784,-1.0,0.3590747117996216,0.3590747117996216,0.48021325043847063,0.6569542972698049,0.6381967284238467,0.6560324430465698,645775d525b8eb7895de668ecf4e4bd5583a49ce997690203e325b22a31d4b86
2,additive,8,1000,800,200,10000,10000,0.5,145,41260912,41760912,1041760912,2041260912,3041260912,0.3640638729164189,0.6990784592679125,0.7331156993216082,0.17840593332572532,0.4887106922123983,-0.0648289984731565,0.19435581723319448,0.5374586285918107,0.0,5.497524320219327e-07,1015,0.005,1,1,1.0016696453094482,1.0,0.0016696453094482422,0.0016696453094482422,-0.6359399557113647,-1.0,0.36406004428863525,0.36406004428863525,0.4835319885103452,0.6525154629621955,0.6383116996829442,0.6514541506767273,b257e0b74548f098542ee9ff4324a85aa43421fc0e0d8fec7525185a1038398e
2,additive,8,1000,800,200,10000,10000,0.5,146,41260912,41760912,1041760912,2041260912,3041260912,0.3613914673016347,0.8530509876586494,0.7077438262959665,0.1762548263172771,0.7276959875453972,-0.20152474510130952,0.4458754658125118,0.5009013236600552,0.0,5.343204545482649e-07,1022,0.005,1,1,1.0027039051055908,1.0,0.0027039051055908203,0.0027039051055908203,-0.6386186480522156,-1.0,0.3613813519477844,0.3613813519477844,0.46734709644450007,0.6563848226950122,0.6341976248504898,0.6555101871490479,916a9d31431d838d17c943aa6321ec23837c2d544a4935bba81a9654abfa0bb6
2,additive,8,1000,800,200,10000,10000,0.5,147,41260912,41760912,1041760912,2041260912,3041260912,0.3614060095824955,0.7552901237304688,0.6840384828311463,0.17702769406732535,0.5704631710047868,-0.13979110953908788,0.3740276064125597,0.46790864599393645,5.551115123125783e-17,5.572143990661971e-07,1029,0.005,1,1,1.0044453144073486,1.0,0.004445314407348633,0.004445314407348633,-0.6386213302612305,-1.0,0.36137866973876953,0.36137866973876953,0.45721996130969494,0.6483605743301544,0.6278321679323106,0.6486334800720215,8f89fa5867b707d3373d77ccb9aa2b2bf88da3badc474479176f8860848ef2df
2,additive,8,1000,800,200,10000,10000,0.5,148,41260912,41760912,1041760912,2041260912,3041260912,0.35979539314042563,0.7542293289228148,0.6761158919208705,0.17572370537603255,0.5688618806073595,-0.14372644333771892,0.3860575494431468,0.45713269930795425,0.0,5.470044737165836e-07,1036,0.005,1,1,1.0050517320632935,1.0,0.005051732063293457,0.005051732063293457,-0.6402400732040405,-1.0,0.3597599267959595,0.3597599267959595,0.459577992042321,0.6407155924590753,0.6269925296897738,0.6414419412612915,f15b6b07d100d212259cfdecb325725339cfb01db7d40615a0731168b71c5a1e
2,additive,8,1000,800,200,10000,10000,0.5,149,41260912,41760912,1041760912,2041260912,3041260912,0.35822579251068054,0.7988644709885391,0.6750872387157957,0.17410083324939765,0.6381844430077984,-0.17827124819013918,0.4389375343883315,0.45574277987691775,5.551115123125783e-17,5.597908359078474e-07,1043,0.005,1,1,1.0048130750656128,1.0,0.004813075065612793,0.004813075065612793,-0.6418065428733826,-1.0,0.35819345712661743,0.35819345712661743,0.45886906539546773,0.643858511970221,0.6269769875713908,0.642657995223999,a115c284854e4701b95273316779218c84db47a9cfe3e87aeff2f7c7bc1ddf7b
2,additive,8,1000,800,200,10000,10000,0.5,150,41260912,41760912,1041760912,2041260912,3041260912,0.3579442842060445,0.7545558201694067,0.6905027217569241,0.1737781514741871,0.569354485751526,-0.13316931423599654,0.3583998537142671,0.47679400875372013,1.1102230246251565e-16,5.518334091902943e-07,1050,0.005,1,1,1.0046948194503784,1.0,0.004694819450378418,0.004694819450378418,-0.6420865058898926,-1.0,0.3579134941101074,0.3579134941101074,0.45704994506955204,0.6491921806981225,0.6280288203304525,0.6477081179618835,b74d9c57836cff761194288f20676a1d68f1adc5ddda1a8b317b8bbd991d5995
2,additive,8,1000,800,200,10000,10000,0.5,151,41260912,41760912,1041760912,2041260912,3041260912,0.35663664525974453,0.7361001229946902,0.6958352828392504,0.17272879901763827,0.541843391072798,-0.11519272462322833,0.32241032108638185,0.4841867408439796,0.0,5.383953425308619e-07,1057,0.005,1,1,1.0051876306533813,1.0,0.005187630653381348,0.005187630653381348,-0.6434010863304138,-1.0,0.3565989136695862,0.3565989136695862,0.4564990689089799,0.6502640403274844,0.6295083371428344,0.6502127647399902,f2fc42a7136974908765dfa7b5201efea255eeb48650d725ecd0a06518b3511e
2,additive,8,1000,800,200,10000,10000,0.5,152,41260912,41760912,1041760912,2041260912,3041260912,0.3532226797038895,0.8134766273743608,0.6819861718535816,0.16932045208898505,0.6617442232843647,-0.1829797683869234,0.4403502490458305,0.46510513859950287,-5.551115123125783e-17,5.474460831322858e-07,1064,0.005,1,1,1.0048609972000122,1.0,0.004860997200012207,0.004860997200012207,-0.64681077003479,-1.0,0.35318922996520996,0.35318922996520996,0.45368957486048783,0.6433235652358635,0.6288200561317678,0.6430584192276001,25bf8203c86dbf04ec18a704236fabb560d3674608a1701730474499f3d897f6
2,additive,8,1000,800,200,10000,10000,0.5,153,41260912,41760912,1041760912,2041260912,3041260912,0.351506823803543,0.7915208919808084,0.6852646086919132,0.16907064687076814,0.6265053224420947,-0.16299419269359097,0.40975142281979354,0.4695875839256809,5.551115123125783e-17,5.59911690345416e-07,1071,0.005,1,1,1.0081616640090942,1.0,0.008161664009094238,0.008161664009094238,-0.6485879421234131,-1.0,0.3514120578765869,0.3514120578765869,0.4518185841006247,0.6438342670827762,0.6282989475228966,0.6425689458847046,2f983a7247554aa83cc03a4106a67bd0e84f2dfa6307ee5afb377ac0335bd42f
2,additive,8,1000,800,200,10000,10000,0.5,154,41260912,41760912,1041760912,2041260912,3041260912,0.3508449115504002,0.745010385889805,0.6786432460458881,0.1700620570680642,0.555040475083676,-0.13227293837402013,0.3648392675764087,0.4605566554036999,-1.1102230246251565e-16,5.573300825290062e-07,1078,0.005,1,1,1.012103796005249,1.0,0.012103796005249023,0.012103796005249023,-0.6493639349937439,-1.0,0.3506360650062561,0.3506360650062561,0.45067443561784853,0.6420671215640826,0.627598370289736,0.6408277750015259,46b7384f2f47d016e13c2506e0b054c633d7d9dc6912f777b674e22784914b73
2,additive,8,1000,800,200,10000,10000,0.5,155,41260912,41760912,1041760912,2041260912,3041260912,0.3469339937245854,0.7603142469485988,0.6888577867190949,0.16668273786369095,0.578077754113015,-0.13511772082658793,0.36284878771688134,0.4745250503235301,5.551115123125783e-17,5.499398927355514e-07,1085,0.005,1,1,1.012940764427185,1.0,0.012940764427185059,0.012940764427185059,-0.6533074378967285,-1.0,0.3466925621032715,0.3466925621032715,0.45258960533194326,0.641160491597892,0.6296277815225508,0.6389530301094055,93943bbe7a0a41a8b24b38a8aa3e4e3aee741412d67de6ae8cfcdf7a842cdf81
2,additive,8,1000,800,200,10000,10000,0.5,156,41260912,41760912,1041760912,2041260912,3041260912,0.3449813287503515,0.7265081531696657,0.7191617348689471,0.16489294832230822,0.5278140966219984,-0.08775672202229645,0.2533732626592589,0.5171936008997138,0.0,5.52078674331824e-07,1092,0.005,1,1,1.0130715370178223,1.0,0.013071537017822266,0.013071537017822266,-0.6552664041519165,-1.0,0.3447335958480835,0.3447335958480835,0.4579670740232122,0.6532762161511172,0.6336625253795087,0.6498783826828003,aa3549f8a6e8d56438fde9dbefa7ffc1d115ffa432dca8828dca44d4b91820b2
2,additive,8,1000,800,200,10000,10000,0.5,157,41260912,41760912,1041760912,2041260912,3041260912,0.3397352758814836,0.8685904472308912,0.7120925009790409,0.15869531908963166,0.7544493650207597,-0.20303447707990296,0.44469289612676066,0.5070757299505853,-1.1102230246251565e-16,5.430006844164836e-07,1099,0.005,1,1,1.0097860097885132,1.0,0.009786009788513184,0.009786009788513184,-0.660405695438385,-1.0,0.339594304561615,0.339594304561615,0.45776881006567166,0.655433749206635,0.6349894820818729,0.6534231901168823,30eb1c6b80d2cfcca9acb4b6462c94b86cdd75044f3697bfdb55b2d00764884f
2,additive,8,1000,800,200,10000,10000,0.5,158,41260912,41760912,1041760912,2041260912,3041260912,0.34061057793784494,0.7449501760064071,0.7047783039045935,0.16085713413827765,0.5549507647319769,-0.10954772060780947,0.3060813404845252,0.49671245765463556,0.0,5.633529180926189e-07,1106,0.005,1,1,1.0132006406784058,1.0,0.013200640678405762,0.013200640678405762,-0.6596453189849854,-1.0,0.34035468101501465,0.34035468101501465,0.4523087133044026,0.654521241884844,0.633602696944478,0.6528202295303345,d5ad2d1d2e694761b0870f50d9a9198819c85ee1bab8b92891d7fd63721af622
2,additive,8,1000,800,200,10000,10000,0.5,159,41260912,41760912,1041760912,2041260912,3041260912,0.34051350383027423,0.7627592493474283,0.7429008624816376,0.15977795460424082,0.5818016724650524,-0.09483896779666609,0.25577554812682124,0.551901691475961,-1.1102230246251565e-16,5.643490972317977e-07,1113,0.005,1,1,1.010698914527893,1.0,0.010698914527893066,0.010698914527893066,-0.6596546173095703,-1.0,0.3403453826904297,0.3403453826904297,0.4655685582870345,0.6582618555955508,0.640101427405304,0.657225489616394,d573f3f684403fea867d090fa27900c5c9ae785853237b4274d3ba88315e0d16
2,additive,8,1000,800,200,10000,10000,0.5,160,41260912,41760912,1041760912,2041260912,3041260912,0.34022578199357256,0.7704610989838981,0.699560506131705,0.15915382268986022,0.5936103050474761,-0.13168961299904458,0.3498828069687065,0.4893849017392472,0.0,5.508780649421396e-07,1120,0.005,1,1,1.0097999572753906,1.0,0.009799957275390625,0.009799957275390625,-0.6599153876304626,-1.0,0.34008461236953735,0.34008461236953735,0.44680221492755606,0.6540008653761414,0.6321053395675557,0.6525183916091919,69205526335701c70b18d531e3f7f57197a71e67ab48c0777eda1aff07de28de
2,additive,8,1000,800,200,10000,10000,0.5,161,41260912,41760912,1041760912,2041260912,3041260912,0.33645239764172563,0.9018713029035647,0.7207404959308048,0.15399372278953435,0.8133718470009733,-0.22394935365796267,0.4630087335162467,0.5194668624745824,0.0,5.600296280050543e-07,1127,0.005,1,1,1.0055482387542725,1.0,0.005548238754272461,0.005548238754272461,-0.6635933518409729,-1.0,0.3364066481590271,0.3364066481590271,0.4684852059866296,0.6515965332867917,0.6382251013130698,0.65092933177948,ed63f444964a0e1eb2c62c3bc15d4d11fb7b9d77c925194832263712ee9ecbdd
2,additive,8,1000,800,200,10000,10000,0.5,162,41260912,41760912,1041760912,2041260912,3041260912,0.33934261376877234,0.7372198581505074,0.6970153419962088,0.15843253205007235,0.5434931192514543,-0.10804763216171727,0.3078606173214296,0.48583038697809205,-5.551115123125783e-17,5.675069481014816e-07,1134,0.005,1,1,1.0100358724594116,1.0,0.010035872459411621,0.010035872459411621,-0.6608058214187622,-1.0,0.3391941785812378,0.3391941785812378,0.4469968693860841,0.6548759107203989,0.6295611972060114,0.6537872552871704,ce0e8b7d134a8a967ef0c32dcf4e5ae3d9e83708545148569f89be6ee28ac5fe
2,additive,8,1000,800,200,10000,10000,0.5,163,41260912,41760912,1041760912,2041260912,3041260912,0.33696513122895216,0.7496242919917839,0.7153959728659102,0.1577775801052482,0.5619365791441833,-0.10396138062833461,0.2888963049907281,0.5117913979927621,-2.220446049250313e-16,5.4945489402769e-07,1141,0.005,1,1,1.0139487981796265,1.0,0.013948798179626465,0.013948798179626465,-0.663323700428009,-1.0,0.33667629957199097,0.33667629957199097,0.4547293551025817,0.6509303750285815,0.6344671939632963,0.6497769355773926,6627c58198628667e15fe54c43094ca515d5b55d5a0e9d3264799a90009c4970
2,additive,8,1000,800,200,10000,10000,0.5,164,41260912,41760912,1041760912,2041260912,3041260912,0.33433602235551263,0.861591820816084,0.7142464954744695,0.15539413068290028,0.742340465697175,-0.19379327004125704,0.4317384465802863,0.5101480562975613,0.0,5.673149630069929e-07,1148,0.005,1,1,1.0140196084976196,1.0,0.014019608497619629,0.014019608497619629,-0.665958046913147,-1.0,0.334041953086853,0.334041953086853,0.4589377078357789,0.6477889166614449,0.6374047318437692,0.6472429037094116,80286224e428360777086917163f446d82b368c1412c4c98f25237e75bd9e329
2,additive,8,1000,800,200,10000,10000,0.5,165,41260912,41760912,1041760912,2041260912,3041260912,0.3331152431883017,0.7828951093068534,0.6905637478107526,0.15566319984356597,0.6129247521765899,-0.14585483111486158,0.37953972796866475,0.4768782897904327,-1.1102230246251565e-16,5.752985412499356e-07,1155,0.005,1,1,1.0176657438278198,1.0,0.017665743827819824,0.017665743827819824,-0.6673535108566284,-1.0,0.3326464891433716,0.3326464891433716,0.4451549435604674,0.6449095252590324,0.6319182625045627,0.6437088251113892,1bb0cce198264055ac9c08976c8b09ca22624b81c8d4bc1dcee1d40f67cee578
2,additive,8,1000,800,200,10000,10000,0.5,166,41260912,41760912,1041760912,2041260912,3041260912,0.33008655867092423,0.7688749221992982,0.7143555358988171,0.15332714176738346,0.5911686459869769,-0.11709597804253714,0.31456451458439116,0.5103038316692861,-1.1102230246251565e-16,5.735303023612914e-07,1162,0.005,1,1,1.0188032388687134,1.0,0.01880323886871338,0.01880323886871338,-0.670449435710907,-1.0,0.329550564289093,0.329550564289093,0.44797338890874067,0.6553741172998017,0.6346233420561788,0.6526674628257751,d86366d674ddedf0d6e59474a87069e2b112c26b31dbadec5358acd318a9e0bb
2,additive,8,1000,800,200,10000,10000,0.5,167,41260912,41760912,1041760912,2041260912,3041260912,0.3283232817339091,0.7590181600247702,0.7044817156730979,0.15293764783619568,0.5761085672473877,-0.11637586368293591,0.319255106947078,0.4962944877177115,-5.551115123125783e-17,5.485593135290401e-07,1169,0.005,1,1,1.0221155881881714,1.0,0.022115588188171387,0.022115588188171387,-0.6724224090576172,-1.0,0.3275775909423828,0.3275775909423828,0.44458960412302856,0.6589811208015817,0.6324593746356743,0.6604321002960205,f3c961c720f1708a5d327a45e34ec7fff2512de5a191f16b81bc552695da2663
2,additive,8,1000,800,200,10000,10000,0.5,168,41260912,41760912,1041760912,2041260912,3041260912,0.3254934567244087,0.8197205241736195,0.6985092772919748,0.14881536960847175,0.6719417377514736,-0.16642094844849417,0.40553032549131446,0.48791521046295694,-5.551115123125783e-17,5.392939996795576e-07,1176,0.005,1,1,1.0177905559539795,1.0,0.017790555953979492,0.017790555953979492,-0.674993097782135,-1.0,0.325006902217865,0.325006902217865,0.44774217062313676,0.6554305879629412,0.6329911764922969,0.6554813981056213,1245035366f3bc1c04c150d38b6444c5254db5783695adf6a152f732314f2f35
2,additive,8,1000,800,200,10000,10000,0.5,169,41260912,41760912,1041760912,2041260912,3041260912,0.3267482186743209,0.7537072363967371,0.7175676356181261,0.1498916331568004,0.568074598196807,-0.10153145983350981,0.28283073882761567,0.5149033116865878,0.0,5.629131099027518e-07,1183,0.005,1,1,1.0176597833633423,1.0,0.017659783363342285,0.017659783363342285,-0.6737293601036072,-1.0,0.3262706398963928,0.3262706398963928,0.4444092115170858,0.6566835064488024,0.6353855466008479,0.6550137996673584,97a5b1297352a1b0f5f812fda7e6f4e4d346a78b223a037c88fa5dcf08b28814
2,additive,8,1000,800,200,10000,10000,0.5,170,41260912,41760912,1041760912,2041260912,3041260912,0.32824674151224364,0.7283460444904949,0.7301541751368815,0.15102890404585706,0.53048796052495,-0.07419587255049356,0.2177374512873405,0.5331251194698199,0.0,5.556687288077455e-07,1190,0.005,1,1,1.0170904397964478,1.0,0.017090439796447754,0.017090439796447754,-0.672198474407196,-1.0,0.32780152559280396,0.32780152559280396,0.45327328403113354,0.659645847861039,0.6378766010396881,0.6581342220306396,3f2360eb33019d68b14464487bc44e53b3c11455ef39b4a266925f8a0e00dacb
2,additive,8,1000,800,200,10000,10000,0.5,171,41260912,41760912,1041760912,2041260912,3041260912,0.3284237416945282,0.8325412342611216,0.716158355227211,0.1496282513709877,0.6931249067450317,-0.16493518417713762,0.3914199136218045,0.5128827897617442,1.1102230246251565e-16,5.476883497834706e-07,1197,0.005,1,1,1.0129287242889404,1.0,0.01292872428894043,0.01292872428894043,-0.6718308329582214,-1.0,0.32816916704177856,0.32816916704177856,0.44171789245946963,0.6571907649325948,0.6375117044434604,0.6559449434280396,d107d1c4d56f80ed50fca84af148e32a67daeda97973cc4a4165c6c56d07b1bc
2,additive,8,1000,800,200,10000,10000,0.5,172,41260912,41760912,1041760912,2041260912,3041260912,0.32943906156789987,0.8675217500306748,0.7452064324812315,0.1494109633032457,0.7525939867762845,-0.17333616153406292,0.3843352778025881,0.5553326270114043,0.0,5.48398535471506e-07,1204,0.005,1,1,1.0099791288375854,1.0,0.00997912883758545,0.00997912883758545,-0.6707121133804321,-1.0,0.32928788661956787,0.32928788661956787,0.44468118595026707,0.6709770940963758,0.6432017807816159,0.6685910820960999,3383a1db7c5477f6324c33ca21dad8eaa115cb58a8baeb41d2353225ee40c0d1
2,additive,8,1000,800,200,10000,10000,0.5,173,41260912,41760912,1041760912,2041260912,3041260912,0.32887186468761004,0.8493216576749707,0.7319925422680081,0.14869574579403716,0.72134727819576,-0.1671149710269077,0.3841533497057668,0.5358130819359818,0.0,5.641758509256078e-07,1211,0.005,1,1,1.0094395875930786,1.0,0.009439587593078613,0.009439587593078613,-0.6712636351585388,-1.0,0.3287363648414612,0.3287363648414612,0.4393958665579488,0.6685134740358575,0.6398519863229609,0.6667578816413879,aab776929a1caa98661d8d0415bb5f6ed45d56d4e32e18019c2d654dfc4360a6
2,additive,8,1000,800,200,10000,10000,0.5,174,41260912,41760912,1041760912,2041260912,3041260912,0.3309671419007202,0.7408663307399292,0.7499043686384248,0.15135540746660428,0.5488829200240463,-0.06894088269382799,0.19690691008269176,0.5623565621029946,0.0,5.57781916654676e-07,1218,0.005,1,1,1.0114643573760986,1.0,0.011464357376098633,0.011464357376098633,-0.6692314743995667,-1.0,0.33076852560043335,0.33076852560043335,0.45054472593284955,0.6668682269333446,0.6431394513079008,0.6663275361061096,94d36c415e952f23fb43d3339fe770b9ed72d70376d4e233d5c8a3e4e32dd39e
2,additive,8,1000,800,200,10000,10000,0.5,175,41260912,41760912,1041760912,2041260912,3041260912,0.3279393246081063,0.804132986892299,0.7189028005061533,0.1484939911037438,0.6466298606083302,-0.13915130756824198,0.35001165483495195,0.5168212365755901,1.1102230246251565e-16,5.639719944383614e-07,1225,0.005,1,1,1.0110846757888794,1.0,0.011084675788879395,0.011084675788879395,-0.6722480654716492,-1.0,0.32775193452835083,0.32775193452835083,0.43959794938875746,0.6492050011059024,0.6378212021259806,0.6489487886428833,79be3756373cd738015ff2223d64cb48c1210ba1fd48fdb48fd5b0040fbb53d2
2,additive,8,1000,800,200,10000,10000,0.5,176,41260912,41760912,1041760912,2041260912,3041260912,0.326953431379901,0.8301326362382296,0.7299150765111633,0.1493131355542201,0.6891201937478328,-0.1528286551918778,0.3645576812150318,0.5327760189182974,1.1102230246251565e-16,5.416885606734922e-07,1232,0.005,1,1,1.0155986547470093,1.0,0.015598654747009277,0.015598654747009277,-0.6734188795089722,-1.0,0.32658112049102783,0.32658112049102783,0.4402519760559639,0.6593707330857458,0.6402034653948354,0.6589138507843018,d18d82fc4c90dfd6d211e405775ade76df03d6956d4f620983613ea7554c0cd8
2,additive,8,1000,800,200,10000,10000,0.5,177,41260912,41760912,1041760912,2041260912,3041260912,0.32531272596179384,0.887209371941361,0.7393200324535932,0.14886589890840596,0.7871404696605843,-0.19470612909090404,0.41603590665431,0.5465941103871822,1.1102230246251565e-16,5.407453702588327e-07,1239,0.005,1,1,1.0183712244033813,1.0,0.018371224403381348,0.018371224403381348,-0.6752064228057861,-1.0,0.32479357719421387,0.32479357719421387,0.444077401976385,0.6574160365137078,0.6438312221905111,0.6575637459754944,a94443361a5d2b845b332fbf444e8cb6e27ff30b6be9f277eb846b6262f92ae6
2,additive,8,1000,800,200,10000,10000,0.5,178,41260912,41760912,1041760912,2041260912,3041260912,0.32650226510498936,0.8020145230608694,0.7458429592626888,0.15155125215822693,0.6432272952005538,-0.11924841373852794,0.30007959861225736,0.5562817198817249,1.1102230246251565e-16,5.693333502421183e-07,1246,0.005,1,1,1.022844910621643,1.0,0.022844910621643066,0.022844910621643066,-0.6742979288101196,-1.0,0.32570207118988037,0.32570207118988037,0.438449649802762,0.6697809965615249,0.6435950430610596,0.6676770448684692,b5133e16c6cae61772c5584ba3bf3beaf78df2b4fd4cfd7dfedec9d9f7efc456
2,additive,8,1000,800,200,10000,10000,0.5,179,41260912,41760912,1041760912,2041260912,3041260912,0.32376010160315416,0.8070204849995708,0.7461452647916781,0.14966228839684403,0.6512820632089426,-0.12210579771737166,0.3049045728896541,0.5567327561710435,2.220446049250313e-16,5.505523379412125e-07,1253,0.005,1,1,1.0244837999343872,1.0,0.024483799934387207,0.024483799934387207,-0.6771669983863831,-1.0,0.32283300161361694,0.32283300161361694,0.4394966760929091,0.6657902177390443,0.6427491560063602,0.6643823385238647,74b3aac1ed15aa1e7ddaa08759e2411ae22867fb9b4e039988e0ba8c8c77903d
2,additive,8,1000,800,200,10000,10000,0.5,180,41260912,41760912,1041760912,2041260912,3041260912,0.32232446285120797,0.7983279895626141,0.7306956679759791,0.14785695827195783,0.6373275789190852,-0.1256341889960904,0.3200118775785886,0.5339161591988623,0.0,5.594554579602118e-07,1260,0.005,1,1,1.0230042934417725,1.0,0.02300429344177246,0.02300429344177246,-0.6784974932670593,-1.0,0.3215025067329407,0.3215025067329407,0.43015881090912733,0.6605227550434118,0.6399216024458104,0.6601681709289551,147a9f75993523e0d036298d4ed378d3a862d1fad6ad38f84dc7ca9c235fca43
2,additive,8,1000,800,200,10000,10000,0.5,181,41260912,41760912,1041760912,2041260912,3041260912,0.3201937100522198,0.8330129367037818,0.7308515478129141,0.1444022210270105,0.6939105527158588,-0.15208439440116847,0.36283449128932493,0.5341439849405322,-1.1102230246251565e-16,5.673504333003621e-07,1267,0.005,1,1,1.0185966491699219,1.0,0.018596649169921875,0.018596649169921875,-0.6803467869758606,-1.0,0.3196532130241394,0.3196532130241394,0.43033233352583156,0.6571433032317069,0.6404442270044023,0.6568622589111328,5a58ce40fffdb4add9e868280f6268e2aa8cf051f65a2dc0ac898bf130af1fb1
2,additive,8,1000,800,200,10000,10000,0.5,182,41260912,41760912,1041760912,2041260912,3041260912,0.32222060748680126,0.8274207502261917,0.7403144565713388,0.14746554310757787,0.6846250979048738,-0.14201257320196753,0.3413391911947785,0.5480654946085166,0.0,5.651101115944357e-07,1274,0.005,1,1,1.0221576690673828,1.0,0.022157669067382812,0.022157669067382812,-0.6785421371459961,-1.0,0.3214578628540039,0.3214578628540039,0.4298764154897951,0.6665547648394345,0.6429087105992437,0.6656896471977234,74c9591042b30abfc1d86c1a4413e4f5a752d94578ee3e240520af6ee223206e
2,additive,8,1000,800,200,10000,10000,0.5,183,41260912,41760912,1041760912,2041260912,3041260912,0.32031543518725103,0.8445120604220443,0.7390482042416885,0.1453970770064508,0.7132006201982866,-0.15620272450593647,0.3638554471191158,0.5461922481928645,1.1102230246251565e-16,5.636926605490089e-07,1281,0.005,1,1,1.021091103553772,1.0,0.021091103553771973,0.021091103553771973,-0.6803796887397766,-1.0,0.3196203112602234,0.3196203112602234,0.4306743042169687,0.6558620324356889,0.6433131578344473,0.6548001170158386,037d3fd2aabe0533366e3bfa83a52905e2c9404d95ee5c9bfded8cbd9d86e005
2,additive,8,1000,800,200,10000,10000,0.5,184,41260912,41760912,1041760912,2041260912,3041260912,0.32187300782274963,0.8282914103135405,0.7325650842247609,0.14698183330695064,0.686066660399194,-0.1481984455404568,0.35579788370095383,0.5366516026252309,-1.1102230246251565e-16,5.618999505685451e-07,1288,0.005,1,1,1.021665334701538,1.0,0.021665334701538086,0.021665334701538086,-0.6788569688796997,-1.0,0.3211430311203003,0.3211430311203003,0.42765726557055056,0.6607603486823885,0.6411721336332875,0.6598210334777832,c26a0ae46f636031a54bf9236b9e350aa64637d84a0adc24552543e2a7b3cd47
2,additive,8,1000,800,200,10000,10000,0.5,185,41260912,41760912,1041760912,2041260912,3041260912,0.3246142596957485,0.7613086793353147,0.7429562222173072,0.148992952658619,0.5795909052312809,-0.08829995487924354,0.24238789790093596,0.5519839481314127,-1.1102230246251565e-16,5.608803679280072e-07,1295,0.005,1,1,1.0204468965530396,1.0,0.02044689655303955,0.02044689655303955,-0.6760303378105164,-1.0,0.32396966218948364,0.32396966218948364,0.43290395389169034,0.6644115473793949,0.6417375384980677,0.6645176410675049,c1210672eceab937cbf50b40845723a885488fa32a9452db8733a730a9f6222a
2,additive,8,1000,800,200,10000,10000,0.5,186,41260912,41760912,1041760912,2041260912,3041260912,0.32473185295901263,0.8526279892044887,0.7439824132210191,0.1487416254519771,0.7269744879748896,-0.16110314112234778,0.367934627791457,0.5535098311821712,1.1102230246251565e-16,5.643519749298775e-07,1302,0.005,1,1,1.0194591283798218,1.0,0.019459128379821777,0.019459128379821777,-0.6758517026901245,-1.0,0.3241482973098755,0.3241482973098755,0.42944120991384716,0.675091553609404,0.6437391169595587,0.6748509407043457,30986e3b872803dbb847505ca7697ee193a0fd45eed1ba2db843e6bf60823a64
2,additive,8,1000,800,200,10000,10000,0.5,187,41260912,41760912,1041760912,2041260912,3041260912,0.3237951816394403,0.8785262202447066,0.7794943074085774,0.14786055308153254,0.7718083196574508,-0.15602874872830275,0.3393150586115057,0.6076113752823777,-1.1102230246251565e-16,5.441190698007858e-07,1309,0.005,1,1,1.0193358659744263,1.0,0.01933586597442627,0.01933586597442627,-0.6767826676368713,-1.0,0.32321733236312866,0.32321733236312866,0.4403209831114171,0.6759723232047935,0.6524129343748427,0.6728540658950806,00dc020805d0a7b9303cabf66960e2b3708a567e14bf5e77f76693acbcc5d57d
2,additive,8,1000,800,200,10000,10000,0.5,188,41260912,41760912,1041760912,2041260912,3041260912,0.3219576129935651,0.8751308137744941,0.747297592198753,0.1454762432256459,0.7658539412176082,-0.17643824656860013,0.387210364762337,0.5584536913060538,0.0,5.61233353124635e-07,1316,0.005,1,1,1.017256498336792,1.0,0.017256498336791992,0.017256498336791992,-0.6785051822662354,-1.0,0.32149481773376465,0.32149481773376465,0.4324799725506489,0.6604632497143393,0.6450736986743549,0.66097491979599,9a65692073b99f87be6863806c406c91dd38ee117117d2fd4ce27347b8bd70c7
2,additive,8,1000,800,200,10000,10000,0.5,189,41260912,41760912,1041760912,2041260912,3041260912,0.32728472836766764,0.740426232875528,0.813367193166589,0.1523459435704187,0.5482310063302457,-0.01950537949048454,0.05568376034424264,0.6615661909196953,-1.1102230246251565e-16,5.708370451884548e-07,1323,0.005,1,1,1.0230878591537476,1.0,0.02308785915374756,0.02308785915374756,-0.673530638217926,-1.0,0.326469361782074,0.326469361782074,0.4610434858112478,0.685582095738531,0.6570015575489526,0.6876955032348633,7350c27d3c8ea7c3fa32f09a56767c4265904029c1efbbb3a2830f608e42c26f
2,additive,8,1000,800,200,10000,10000,0.5,190,41260912,41760912,1041760912,2041260912,3041260912,0.32323302843488894,0.8416084722811882,0.7539916582222449,0.14637435142558639,0.7083048206154755,-0.14308787568616568,0.3348341234160582,0.5685034206687305,0.0,5.705227650310007e-07,1330,0.005,1,1,1.0166211128234863,1.0,0.016621112823486328,0.016621112823486328,-0.6771945953369141,-1.0,0.32280540466308594,0.32280540466308594,0.4334032544725812,0.6713961874131986,0.6447707674245563,0.6717303991317749,87f39f1b2f2cd3b24c6c9bb3d1100dd3103ce53938587457497b0bdc9af831d9
2,additive,8,1000,800,200,10000,10000,0.5,191,41260912,41760912,1041760912,2041260912,3041260912,0.3241666642624151,0.91083306563123,0.7928092047094835,0.14721609928162652,0.8296168734471845,-0.17414326882836378,0.3565466639437642,0.6285464350720836,2.220446049250313e-16,5.590687077727807e-07,1337,0.005,1,1,1.0166553258895874,1.0,0.016655325889587402,0.016655325889587402,-0.6762614846229553,-1.0,0.3237385153770447,0.3237385153770447,0.4481971899535994,0.6830480006604037,0.6566053723754579,0.6801803112030029,f7b9eff95d6970e7788de278f654427007453dbffeddb64a1c9f25f654fe2483
2,additive,8,1000,800,200,10000,10000,0.5,192,41260912,41760912,1041760912,2041260912,3041260912,0.32321079311011586,0.8603397317866376,0.7603819101128747,0.14623336139098364,0.7401844540907035,-0.15411858312739168,0.34773349640686607,0.5781806492269038,0.0,5.735241490611998e-07,1344,0.005,1,1,1.0162895917892456,1.0,0.016289591789245605,0.016289591789245605,-0.6771999597549438,-1.0,0.32280004024505615,0.32280004024505615,0.4298384757233453,0.6670016535070754,0.6471032386581944,0.6647975444793701,24fb9b4b6db32a182b7229bf794e076db2a9bc63ea784ecd60bfed8aee869f30
2,additive,8,1000,800,200,10000,10000,0.5,193,41260912,41760912,1041760912,2041260912,3041260912,0.32325721904770316,0.761835153229147,0.7556134836652509,0.1465032721850681,0.5803928006956779,-0.07797216809200472,0.21453456966136827,0.5709517366967364,-1.1102230246251565e-16,5.606569377647475e-07,1351,0.005,1,1,1.0169153213500977,1.0,0.016915321350097656,0.016915321350097656,-0.6771856546401978,-1.0,0.32281434535980225,0.32281434535980225,0.42985123657402424,0.6763149035952722,0.6456344337866106,0.6755437850952148,1205b0496a14f66939dc6603f92dce9d7d495b8820fd7a9594e102f06359eb2a
2,additive,8,1000,800,200,10000,10000,0.5,194,41260912,41760912,1041760912,2041260912,3041260912,0.31987080601756585,0.8475498332183575,0.7483918555326223,0.1420649470361295,0.7183407197884657,-0.15015764869851692,0.3490391904383598,0.5600903694275614,0.0,5.705394983124279e-07,1358,0.005,1,1,1.0129408836364746,1.0,0.01294088363647461,0.01294088363647461,-0.6803910732269287,-1.0,0.3196089267730713,0.3196089267730713,0.4233650128358019,0.669981031762324,0.6463351500250476,0.669990062713623,75f5c3df1203096aa09e5ec8a879a294bf8317e9ec4d0ef0a2fec76d85f74810
2,additive,8,1000,800,200,10000,10000,0.5,195,41260912,41760912,1041760912,2041260912,3041260912,0.32052850311911135,0.8376583357052952,0.7689034542756424,0.14297536083854112,0.7016714873765652,-0.12671716310904566,0.3000476788064083,0.5912125219970149,-1.1102230246251565e-16,5.678244665574539e-07,1365,0.005,1,1,1.0138518810272217,1.0,0.01385188102722168,0.01385188102722168,-0.6797709465026855,-1.0,0.32022905349731445,0.32022905349731445,0.4217174192304843,0.6768708051609706,0.6490876905443131,0.6756404638290405,330e880f2c3d52e3fc86af1eac064f557be82c444c1679ecc835ff8485bfe40c
2,additive,8,1000,800,200,10000,10000,0.5,196,41260912,41760912,1041760912,2041260912,3041260912,0.3195578352548281,0.8386421060367862,0.7555404758999568,0.14093066169807167,0.7033205820178162,-0.13670491649637742,0.32384889572607395,0.5708414107231331,1.1102230246251565e-16,5.66763272757953e-07,1372,0.005,1,1,1.0106134414672852,1.0,0.010613441467285156,0.010613441467285156,-0.6806184649467468,-1.0,0.3193815350532532,0.3193815350532532,0.41692795142917033,0.677097765098789,0.6465939140343416,0.6756272315979004,6462891a047a6dedc5cc666a036b8586c9f321e241a60011e2a79f0af52af21d
2,additive,8,1000,800,200,10000,10000,0.5,197,41260912,41760912,1041760912,2041260912,3041260912,0.321005387693547,0.8360745929815729,0.7526569646449065,0.1412353097822728,0.6990207250293028,-0.1368817641915458,0.3258096544876135,0.566492506428484,0.0,5.636314188706137e-07,1379,0.005,1,1,1.0080690383911133,1.0,0.008069038391113281,0.008069038391113281,-0.6790960431098938,-1.0,0.3209039568901062,0.3209039568901062,0.41740553035793937,0.6694170020854113,0.6463289802940292,0.6694475412368774,7e28e2ca0122b915c6ad9e987da121b64632e24b64f485b229b3e5590b761f5c
2,additive,8,1000,800,200,10000,10000,0.5,198,41260912,41760912,1041760912,2041260912,3041260912,0.3231656995517523,0.8384324013965575,0.7818324538733583,0.14301021532303096,0.7029688917115982,-0.11735856055249601,0.27745025752200303,0.611261985929637,-1.1102230246251565e-16,5.598088126390621e-07,1386,0.005,1,1,1.007775902748108,1.0,0.00777590274810791,0.00777590274810791,-0.6769278645515442,-1.0,0.3230721354484558,0.3230721354484558,0.42465716756706096,0.6825337805741105,0.6516775326951129,0.6796725392341614,3bb554d1cda76e455048cd2d367e71814f54788db823eb15f8857e5173074aff
2,additive,8,1000,800,200,10000,10000,0.5,199,41260912,41760912,1041760912,2041260912,3041260912,0.32357742401061806,0.8702403700419263,0.7615395341217442,0.1418903096363422,0.7573183016507088,-0.15963307462834386,0.35505237077269225,0.5799424620303633,0.0,5.49329376653418e-07,1393,0.005,1,1,1.0039345026016235,1.0,0.003934502601623535,0.003934502601623535,-0.6764464974403381,-1.0,0.32355350255966187,0.32355350255966187,0.4208781202850313,0.6788620304587429,0.6482086896879129,0.6775078773498535,3bb4cf98f8c36e88eec3e1981774cf126fc25f028859c084b12f462343c27a44
2,additive,8,1000,800,200,10000,10000,0.5,200,41260912,41760912,1041760912,2041260912,3041260912,0.3238790627892628,0.8183834056998455,0.7567058399667569,0.1412145448924143,0.6697513987248779,-0.11918110768874854,0.2939238290504391,0.5726037282397951,0.0,5.674346184036949e-07,1400,0.005,1,1,1.0015345811843872,1.0,0.001534581184387207,0.001534581184387207,-0.6761245727539062,-1.0,0.32387542724609375,0.32387542724609375,0.4146136213468978,0.6704270919194623,0.646810683113557,0.6707884073257446,fd7dcea67ffcd986fd085cc711df1e4b7bcdd05ea0034902efaece4da960c429
2,additive,8,1000,800,200,10000,10000,0.5,201,41260912,41760912,1041760912,2041260912,3041260912,0.32534805867360705,0.8262213190282782,0.7629911951091576,0.14312158348696846,0.6826416680168279,-0.12180384384484778,0.29500911701515165,0.5821555638141006,-2.220446049250313e-16,5.541373298001417e-07,1407,0.005,1,1,1.0031241178512573,1.0,0.0031241178512573242,0.0031241178512573242,-0.6746669411659241,-1.0,0.3253330588340759,0.3253330588340759,0.4125644041139557,0.678878713381687,0.6481125007465002,0.6783088445663452,20b3e3154812aa79e6aba087609b01e06162eb953f28c6130590e084c40c4058
2,additive,8,1000,800,200,10000,10000,0.5,202,41260912,41760912,1041760912,2041260912,3041260912,0.3241979970159065,0.9082729971706788,0.7859502684974526,0.14219380134473694,0.8249598373894078,-0.17471790709146343,0.36130331333942406,0.6177178245512178,0.0,5.472566808606416e-07,1414,0.005,1,1,1.0033235549926758,1.0,0.0033235549926757812,0.0033235549926757812,-0.6758190393447876,-1.0,0.3241809606552124,0.3241809606552124,0.42015427355437057,0.6722422530844883,0.6546838816664811,0.6705133318901062,843459437cc4ec065eaaa25bc79cfb10bceceaa3f16a98bc8852d89ad222bf4c
2,additive,8,1000,800,200,10000,10000,0.5,203,41260912,41760912,1041760912,2041260912,3041260912,0.3243864950105223,0.9613322132743046,0.8161180166716029,0.1434841702395171,0.9241596242788732,-0.20079758869119987,0.3761509029924701,0.6660486171359906,1.1102230246251565e-16,5.558704962993488e-07,1421,0.005,1,1,1.0062222480773926,1.0,0.006222248077392578,0.006222248077392578,-0.6756731867790222,-1.0,0.3243268132209778,0.3243268132209778,0.4365669089806961,0.6854069863758696,0.6619013006112123,0.6835517287254333,bdde7fac9ed5e545757af932df5718a908e0b98efe6797f99ecb4f996487e159
2,additive,8,1000,800,200,10000,10000,0.5,204,41260912,41760912,1041760912,2041260912,3041260912,0.3253332738268384,0.8551528715912051,0.7578701244977133,0.14491247554028033,0.7312864337906841,-0.15091589186239251,0.34447861154638215,0.5743671256061794,0.0,5.579181650006149e-07,1428,0.005,1,1,1.007769227027893,1.0,0.007769227027893066,0.007769227027893066,-0.6747595071792603,-1.0,0.32524049282073975,0.32524049282073975,0.41722524093946545,0.6766840123640278,0.6493686960827306,0.676118016242981,d0d4ab0a393a0822d0927bfc4a584b78bedf362bda3c1512f57411253dea43ea
2,additive,8,1000,800,200,10000,10000,0.5,205,41260912,41760912,1041760912,2041260912,3041260912,0.3297268455701489,0.8006212632211174,0.8118794367135803,0.14845611001351955,0.6409944071217777,-0.06515114868846836,0.16505442019313454,0.6591482197583605,0.0,5.48229980523729e-07,1435,0.005,1,1,1.0068575143814087,1.0,0.006857514381408691,0.006857514381408691,-0.6703444719314575,-1.0,0.3296555280685425,0.3296555280685425,0.44084553392648895,0.6856932936786765,0.6589174931186682,0.684215784072876,c2ae025a0bc987fd6217ce2b513b080352a157b16fb2de693da2136f83392dbf
2,additive,8,1000,800,200,10000,10000,0.5,206,41260912,41760912,1041760912,2041260912,3041260912,0.3316503303111781,0.8467918571286726,0.7844584786992178,0.14951399453947237,0.7170564492994261,-0.1255976695179036,0.2898729593442102,0.6153751048030912,-1.1102230246251565e-16,5.710422659177539e-07,1442,0.005,1,1,1.0051780939102173,1.0,0.005178093910217285,0.005178093910217285,-0.6683900952339172,-1.0,0.33160990476608276,0.33160990476608276,0.4158536910900906,0.6792783159898513,0.6537061558763989,0.6758378744125366,49bb7384617dfd1e95a88d56aef8937d65e6ae91529975fbdc6bbd90a4fcc2fe
2,additive,8,1000,800,200,10000,10000,0.5,207,41260912,41760912,1041760912,2041260912,3041260912,0.3307971991975145,0.8616647929847537,0.7702745475584093,0.14748784639627638,0.7424662154694585,-0.14831559162471136,0.3333106684490583,0.5933228786163122,0.0,5.526876432071504e-07,1449,0.005,1,1,1.00200617313385,1.0,0.0020061731338500977,0.0020061731338500977,-0.6692088842391968,-1.0,0.3307911157608032,0.3307911157608032,0.4102263487755637,0.6759403774213253,0.6503332156339836,0.67415851354599,6c86d2356cf9b4844e90c4526670e46b74748672097927004ad326b120ddf4a0
2,additive,8,1000,800,200,10000,10000,0.5,208,41260912,41760912,1041760912,2041260912,3041260912,0.32989702542462057,0.9107537810264841,0.7993776051266727,0.14598556568959054,0.829472449654037,-0.16822672988278642,0.34491844289889745,0.6390045555780546,-1.1102230246251565e-16,5.682954622443503e-07,1456,0.005,1,1,1.0002549886703491,1.0,0.0002549886703491211,0.0002549886703491211,-0.6701030731201172,-1.0,0.3298969268798828,0.3298969268798828,0.41995337348405753,0.6825441214872889,0.6568323067051084,0.6814104914665222,5d53b85bd328cc2d30fb5996cf1f561dea65807c7bee3fcb6a5ad0742aa28bcc
2,additive,8,1000,800,200,10000,10000,0.5,209,41260912,41760912,1041760912,2041260912,3041260912,0.32970109032041844,0.8269268138280649,0.7860957283230487,0.14585694100389135,0.6838079554278351,-0.10585920117199103,0.25518544083828726,0.6179464940877445,1.1102230246251565e-16,5.431172525049988e-07,1463,0.005,1,1,1.000365972518921,1.0,0.00036597251892089844,0.00036597251892089844,-0.6702991127967834,-1.0,0.32970088720321655,0.32970088720321655,0.41319626474519483,0.6822860042158542,0.6532948228119284,0.6810672879219055,f4ebd2db28995ad49da4ded59d2fcb64094b7e0c934ef240af4cd17759783d25
2,additive,8,1000,800,200,10000,10000,0.5,210,41260912,41760912,1041760912,2041260912,3041260912,0.32547434330098846,0.8929808231199494,0.8022766502946553,0.1404752250437417,0.7974147504599823,-0.14712107594785562,0.313727792791131,0.6436478236080128,0.0,5.363798294411026e-07,1470,0.005,1,1,0.9962041974067688,1.0,-0.003795802593231201,0.003795802593231201,-0.6745477914810181,-1.0,0.32545220851898193,0.32545220851898193,0.41158387560292886,0.687350341125324,0.6573133226897108,0.6859340667724609,7b7f96aa7f33e7aea41c47d76e70d0e6166f2d85e310edfd9e696d1428fecd43
2,additive,8,1000,800,200,10000,10000,0.5,211,41260912,41760912,1041760912,2041260912,3041260912,0.32474621217619687,0.8520868321068499,0.7820337792375391,0.1387173622719888,0.7260519694498869,-0.1265962499266638,0.29278616917321315,0.6115768318685482,0.0,5.404039367107316e-07,1477,0.005,1,1,0.9934263825416565,1.0,-0.006573617458343506,0.006573617458343506,-0.6753203272819519,-1.0,0.3246796727180481,0.3246796727180481,0.4077984712572265,0.6764666752308964,0.6529357194349255,0.6774840354919434,93d6504d835c7264d0ccf49e3f6d83b8f14778a05155b6575e19922159c0b795
2,additive,8,1000,800,200,10000,10000,0.5,212,41260912,41760912,1041760912,2041260912,3041260912,0.3231370674414972,0.8484157191401253,0.7846031605514281,0.13715271887083574,0.7198092324840559,-0.12067991590380084,0.281645913714141,0.61560211954729,1.1102230246251565e-16,5.553030941740644e-07,1484,0.005,1,1,0.9929829835891724,1.0,-0.007017016410827637,0.007017016410827637,-0.6769391298294067,-1.0,0.32306087017059326,0.32306087017059326,0.40953135973361854,0.6856954483755991,0.6528768645342621,0.6872382164001465,96b60068dac18709ce334bb9b7ec7e13346917dc55fd60b2404117bfdd3a947a
2,additive,8,1000,800,200,10000,10000,0.5,213,41260912,41760912,1041760912,2041260912,3041260912,0.3240414371406835,0.8217386792476691,0.7953816005673264,0.14095842163513633,0.6752544569717036,-0.09179049404289889,0.22491802432613486,0.6326318905210421,0.0,5.622493368662163e-07,1491,0.005,1,1,1.000526785850525,1.0,0.0005267858505249023,0.0005267858505249023,-0.6759589910507202,-1.0,0.3240410089492798,0.3240410089492798,0.4094559835602979,0.6937914064576889,0.6551253078026704,0.6939750909805298,3bbbef051e4e83366dd5c969fc009ac69e5f2884b2e6d2c0b6f363792e48da82
2,additive,8,1000,800,200,10000,10000,0.5,214,41260912,41760912,1041760912,2041260912,3041260912,0.3229016169571984,0.8782548917288248,0.7880073676406044,0.1407923196479528,0.7713316548456097,-0.14558418151884395,0.3192201621488493,0.6209556114558746,0.0,5.632322697124437e-07,1498,0.005,1,1,1.0026261806488037,1.0,0.002626180648803711,0.002626180648803711,-0.6771090626716614,-1.0,0.3228909373283386,0.3228909373283386,0.4065095816074474,0.677099863868081,0.6545978482722076,0.6759762763977051,61bfb022bedd543b2439bea9bcfc61b315a638508b784fb4706f14484e03709f
2,additive,8,1000,800,200,10000,10000,0.5,215,41260912,41760912,1041760912,2041260912,3041260912,0.3203470002290873,1.0214645551544808,0.8577845574308033,0.13862877281891983,1.0433898374369412,-0.22311213164455113,0.37751035340510586,0.735794346966759,1.1102230246251565e-16,5.374357847642841e-07,1505,0.005,1,1,1.0027484893798828,1.0,0.0027484893798828125,0.0027484893798828125,-0.6796647906303406,-1.0,0.3203352093696594,0.3203352093696594,0.4447569037984758,0.7020505814028043,0.6714286599186929,0.6998821496963501,a0e3efebceaf50d38ff94029979761b7291864e4c627eb712809375b94837c88
2,additive,8,1000,800,200,10000,10000,0.5,216,41260912,41760912,1041760912,2041260912,3041260912,0.3193718580653413,0.8882510631749125,0.7918906526267016,0.13721877654467818,0.7889899512313624,-0.14955896102924865,0.3229487188883678,0.6270908057175433,0.0,5.644998122278366e-07,1512,0.005,1,1,1.0012742280960083,1.0,0.0012742280960083008,0.0012742280960083008,-0.6806306838989258,-1.0,0.3193693161010742,0.3193693161010742,0.41520839746459076,0.688816660006448,0.6557547965054961,0.686424195766449,35e958fa5e6f75e99cdb23af39dc942797164d8fe7a112f87648b44a9fcbe9cc
2,additive,8,1000,800,200,10000,10000,0.5,217,41260912,41760912,1041760912,2041260912,3041260912,0.31891440361223344,0.8308409475964478,0.7912471184582516,0.13561607609783938,0.6902966802029632,-0.09992037691615809,0.2419635152838503,0.6260720024684864,-1.1102230246251565e-16,5.688240705126191e-07,1519,0.005,1,1,0.9981726408004761,1.0,-0.0018273591995239258,0.0018273591995239258,-0.6810908317565918,-1.0,0.3189091682434082,0.3189091682434082,0.40986562645732627,0.674785206524595,0.6539936729924252,0.6737565994262695,bcaf72fcb06dc0b3ea255e75d933e9fdea2d21958d22bfcb9581c6a85e2e089f
2,additive,8,1000,800,200,10000,10000,0.5,218,41260912,41760912,1041760912,2041260912,3041260912,0.3184739417662004,0.8419760939110777,0.7992222340879817,0.13337748663223203,0.7089237427177559,-0.1017725249447016,0.24165351159048037,0.6387561794605846,-1.1102230246251565e-16,5.499578179524178e-07,1526,0.005,1,1,0.9934704899787903,1.0,-0.006529510021209717,0.006529510021209717,-0.6815930008888245,-1.0,0.31840699911117554,0.31840699911117554,0.40736780969191533,0.6777208516094937,0.6573041669277752,0.6769235134124756,7224015867dfbc8c229942b9e957ee78b6bf0bc8c74e8fa5e355f51bd0f43893
2,additive,8,1000,800,200,10000,10000,0.5,219,41260912,41760912,1041760912,2041260912,3041260912,0.3158560176026168,0.9116674986854137,0.802002907136277,0.13046023473870336,0.8311376281593188,-0.15919459992149124,0.331104313068495,0.6432086630550397,-1.1102230246251565e-16,5.407927936573742e-07,1533,0.005,1,1,0.9916825294494629,1.0,-0.00831747055053711,0.00831747055053711,-0.6842535138130188,-1.0,0.3157464861869812,0.3157464861869812,0.4160029386629948,0.6767246840227701,0.6591505231434933,0.6772201061248779,11e4281997780c9f97a472ad722cec14d9abab3c09dd039cc34ebb5d429d723f
2,additive,8,1000,800,200,10000,10000,0.5,220,41260912,41760912,1041760912,2041260912,3041260912,0.3164886113978438,0.9413715987134924,0.8512044344808503,0.13191450138334967,0.8861804868643965,-0.146772999483941,0.28832869462711636,0.7245489892798641,0.0,5.659517743339393e-07,1540,0.005,1,1,0.9940015077590942,1.0,-0.005998492240905762,0.005998492240905762,-0.6835682392120361,-1.0,0.31643176078796387,0.31643176078796387,0.4371506090060697,0.7003142249567523,0.6698030477959633,0.6971197128295898,bd83bae52d178731cc6799c56ceb7363d0bd57aa867a70580c1592a00c6c91a7
2,additive,8,1000,800,200,10000,10000,0.5,221,41260912,41760912,1041760912,2041260912,3041260912,0.3173893282728996,0.8652991978947188,0.8225407399455692,0.1327506882986077,0.7487427018772437,-0.10246006065282347,0.23246926589519507,0.6765732688702044,0.0,5.522617883002567e-07,1547,0.005,1,1,0.9941962957382202,1.0,-0.005803704261779785,0.005803704261779785,-0.6826637387275696,-1.0,0.3173362612724304,0.3173362612724304,0.42538273723772124,0.6874219844705095,0.6621749000160893,0.6870871782302856,6380538e246402533995573b3768eda3ef86c39cf89391285f907a00158279e5
2,additive,8,1000,800,200,10000,10000,0.5,222,41260912,41760912,1041760912,2041260912,3041260912,0.320932211632952,0.8086091672445307,0.8385435011653969,0.13596388637821769,0.6538487853518934,-0.043328734191694585,0.1097190150084109,0.7031552033467219,0.0,5.360738803972254e-07,1554,0.005,1,1,0.994711697101593,1.0,-0.005288302898406982,0.005288302898406982,-0.6791113615036011,-1.0,0.3208886384963989,0.3208886384963989,0.4201240001915604,0.691739165089335,0.6639011021060851,0.6928591728210449,6b0927782a1bbc6ddc1c85b13b61f8f3f38ea795afc82563837d0c43e22ffe3b
2,additive,8,1000,800,200,10000,10000,0.5,223,41260912,41760912,1041760912,2041260912,3041260912,0.3202470459814592,0.9067249659312425,0.8011195916904512,0.1342078764651777,0.8221501638430129,-0.15728272005895763,0.32892016050447503,0.6417926001902753,-1.1102230246251565e-16,5.413438852741592e-07,1561,0.005,1,1,0.9918016791343689,1.0,-0.008198320865631104,0.008198320865631104,-0.6798579096794128,-1.0,0.32014209032058716,0.32014209032058716,0.4080792095665035,0.6852357086957558,0.6588770687084381,0.6847518086433411,5c95e80c653a8b1384fbe70ef6c08982319db6d1135b33674d22bbbd6421a702
2,additive,8,1000,800,200,10000,10000,0.5,224,41260912,41760912,1041760912,2041260912,3041260912,0.31876901058764456,0.9042020421574849,0.8234788510776981,0.1320649123577311,0.8175813330417661,-0.13576441361362573,0.2859262894395215,0.6781174181722457,0.0,5.4033066554382e-07,1568,0.005,1,1,0.9895991086959839,1.0,-0.010400891304016113,0.010400891304016113,-0.681400716304779,-1.0,0.31859928369522095,0.31859928369522095,0.4098844309369249,0.6877572427084719,0.6610038727670143,0.6852374076843262,0a2358326d3ae9673594b981da2b52644e42d344f6b856536a55cfefa9da8a42
2,additive,8,1000,800,200,10000,10000,0.5,225,41260912,41760912,1041760912,2041260912,3041260912,0.3183152612001696,0.848996452121379,0.8235512229093027,0.13183055672617683,0.720794975714689,-0.08719445784272895,0.2045316602075281,0.678236616755408,1.1102230246251565e-16,5.278015535736813e-07,1575,0.005,1,1,0.9899622797966003,1.0,-0.010037720203399658,0.010037720203399658,-0.6818430423736572,-1.0,0.3181569576263428,0.3181569576263428,0.40259009668629936,0.6928984564427898,0.6614774100245843,0.69339919090271,34b0f4f246f20d8e88d2b27f0450c55661a44b2fbec4155f0a761a6d1b76c16f
2,additive,8,1000,800,200,10000,10000,0.5,226,41260912,41760912,1041760912,2041260912,3041260912,0.31892356201137995,0.8393422740239516,0.8105412429776949,0.13305344305437464,0.7044954529636982,-0.09028589472512304,0.2155955196272501,0.6569771065678267,0.0,5.563266061159311e-07,1582,0.005,1,1,0.9917179346084595,1.0,-0.008282065391540527,0.008282065391540527,-0.6811839938163757,-1.0,0.31881600618362427,0.31881600618362427,0.405091376385949,0.6927174344762063,0.659704501319765,0.6918685436248779,49365fdf2adf36b01e39fc0aa32ba05cca87550efc58750681865e75c23c6f79
2,additive,8,1000,800,200,10000,10000,0.5,227,41260912,41760912,1041760912,2041260912,3041260912,0.31755249083531223,0.8961688704017956,0.8198931028948029,0.13217554540992152,0.8031186442772303,-0.13153474475634203,0.2812692438522243,0.6722247001744678,0.0,5.296236373908414e-07,1589,0.005,1,1,0.9924107193946838,1.0,-0.007589280605316162,0.007589280605316162,-0.6825382113456726,-1.0,0.3174617886543274,0.3174617886543274,0.39924999414889895,0.69031743694841,0.661962310415328,0.6870306730270386,5123f1fed65c1a56fac9b635f814bb95d405b249d9a29ae5b216ec726f2db8bd
2,additive,8,1000,800,200,10000,10000,0.5,228,41260912,41760912,1041760912,2041260912,3041260912,0.3174953725232231,0.889046802786895,0.825832294361332,0.13101962921801188,0.7904042175456001,-0.11971243417675512,0.2598422747516907,0.6819989784101017,0.0,5.566099385845291e-07,1596,0.005,1,1,0.9896602630615234,1.0,-0.010339736938476562,0.010339736938476562,-0.6826730370521545,-1.0,0.31732696294784546,0.31732696294784546,0.4019547457612913,0.6951848358864798,0.6639739379340807,0.6930562257766724,14110542c4ce39578be4015ee962b37d3aa2348ffaaeacc2af075c21d73f7ef4
2,additive,8,1000,800,200,10000,10000,0.5,229,41260912,41760912,1041760912,2041260912,3041260912,0.31796167816452775,0.90421087065792,0.8183007288283435,0.13001867827897068,0.8175972986159539,-0.13899994704696322,0.29336767305766115,0.669616082800998,-1.1102230246251565e-16,5.638050524225946e-07,1603,0.005,1,1,0.9862493276596069,1.0,-0.013750672340393066,0.013750672340393066,-0.6823357939720154,-1.0,0.3176642060279846,0.3176642060279846,0.39958670698888604,0.6795228328998657,0.6613666413340017,0.676619291305542,f2156d8889b79ff0347c77496a94f694cebcc14707d8a244bd1214201ba68ffd
2,additive,8,1000,800,200,10000,10000,0.5,230,41260912,41760912,1041760912,2041260912,3041260912,0.3191857428538832,0.8660926541169034,0.8109686103866998,0.13141012339101907,0.750116485515262,-0.11192826093687314,0.2539418772071864,0.6576700870325348,0.0,5.400228797469708e-07,1610,0.005,1,1,0.9871399998664856,1.0,-0.012860000133514404,0.012860000133514404,-0.6810734272003174,-1.0,0.3189265727996826,0.3189265727996826,0.39580757000824446,0.6857526036122797,0.6595232739292232,0.684333086013794,3e3f9190cea7a5e4e600e9f03411f0c2f9291a9ff0e62bad5df03f74cba557c0
2,additive,8,1000,800,200,10000,10000,0.5,231,41260912,41760912,1041760912,2041260912,3041260912,0.3201946025326629,0.8591000530425188,0.8335762381540034,0.13233485529700256,0.7380529011376586,-0.08776920580984066,0.20167840174904705,0.6948493448149798,0.0,5.513408254387286e-07,1617,0.005,1,1,0.9873243570327759,1.0,-0.012675642967224121,0.012675642967224121,-0.6800563931465149,-1.0,0.3199436068534851,0.3199436068534851,0.4062531592224085,0.6814643270979026,0.6633528089000803,0.6813468337059021,6120e3015d736b224a93d4130a9356ce1da88e2fef18c82da3eb14c0c699f04d
2,additive,8,1000,800,200,10000,10000,0.5,232,41260912,41760912,1041760912,2041260912,3041260912,0.32243108517738467,0.8812068781748839,0.8338513435096947,0.13417032014417113,0.7765255621427246,-0.10769390960698647,0.23650905137849243,0.6953080630729228,-1.1102230246251565e-16,5.600319887832939e-07,1624,0.005,1,1,0.987188458442688,1.0,-0.012811541557312012,0.012811541557312012,-0.677823543548584,-1.0,0.322176456451416,0.322176456451416,0.3965351371068745,0.6885315313882745,0.6649356469042801,0.6881787776947021,df1be6986e325d81e0bbaf82ac83e35d4fe82e9adf841a7465438bfe9670daf0
2,additive,8,1000,800,200,10000,10000,0.5,233,41260912,41760912,1041760912,2041260912,3041260912,0.32106717638109156,0.9035066216394124,0.8232112349399167,0.13135607779486697,0.8163242153462644,-0.13500177790491436,0.28490996147539277,0.6776767373313027,0.0,5.53193256536133e-07,1631,0.005,1,1,0.9832020998001099,1.0,-0.016797900199890137,0.016797900199890137,-0.6793725490570068,-1.0,0.32062745094299316,0.32062745094299316,0.39847300562584254,0.6892141762639895,0.6624609656005491,0.6877860426902771,9534021c00b3cbfc2d99c234a76d9bf70081f48cd204b504093803e67e590871
2,additive,8,1000,800,200,10000,10000,0.5,234,41260912,41760912,1041760912,2041260912,3041260912,0.31989839271127607,0.9443127649726029,0.8588340737983496,0.12823328935992254,0.8917265980902023,-0.14118196056652785,0.2768382606094037,0.7375959663170691,1.1102230246251565e-16,5.678697601041449e-07,1638,0.005,1,1,0.9781191349029541,1.0,-0.0218808650970459,0.0218808650970459,-0.6808508038520813,-1.0,0.3191491961479187,0.3191491961479187,0.415836702114117,0.6995417812293099,0.6709885885848941,0.6957467794418335,a0ba2cc8bfd832a10e5db6b1c1e3243de004f5aaad348c1fc113fabc82a86fa6
2,additive,8,1000,800,200,10000,10000,0.5,235,41260912,41760912,1041760912,2041260912,3041260912,0.32005567479897973,0.9102528984849995,0.8281217982649107,0.12638635515514332,0.8285603392003428,-0.13458049079698833,0.2818596924675876,0.6857857127615095,0.0,5.700820508991455e-07,1645,0.005,1,1,0.973505973815918,1.0,-0.02649402618408203,0.02649402618408203,-0.6810427904129028,-1.0,0.31895720958709717,0.31895720958709717,0.39681638451496604,0.6717710314005438,0.6639444694970418,0.6692396402359009,7a5f375258544958cb19110022ef54a0fb710d56fb31dbe800eb7501c978dfde
2,additive,8,1000,800,200,10000,10000,0.5,236,41260912,41760912,1041760912,2041260912,3041260912,0.3178557467365983,0.9529412325014607,0.8469639620001851,0.12347488590829374,0.908096992601403,-0.15711196279132286,0.30460691312815,0.7173479529270509,-1.1102230246251565e-16,5.281637491805213e-07,1652,0.005,1,1,0.9709492325782776,1.0,-0.029050767421722412,0.029050767421722412,-0.683474600315094,-1.0,0.316525399684906,0.316525399684906,0.40223430753330175,0.6900418306499492,0.6695773388598492,0.687595009803772,ef2f4d2341b5cdcfb3f69e38b61a0a5a52c20c302f09246924be08c7d368e536
2,additive,8,1000,800,200,10000,10000,0.5,237,41260912,41760912,1041760912,2041260912,3041260912,0.3201099830706889,0.8943646220744736,0.8517762324397454,0.12477103552574763,0.7998880772184161,-0.09956818129745824,0.21536192078822228,0.7255227501492473,0.0,5.642915432702011e-07,1659,0.005,1,1,0.9696860313415527,1.0,-0.030313968658447266,0.030313968658447266,-0.6813285946846008,-1.0,0.31867140531539917,0.31867140531539917,0.3948726586159995,0.6950498165614627,0.6686122265864591,0.6931254863739014,9187c272c08d67de9ef4cd28231569bde92ee2fb4d95f2bb7211be9eac742f7d
2,additive,8,1000,800,200,10000,10000,0.5,238,41260912,41760912,1041760912,2041260912,3041260912,0.31941220713867885,0.9231639531939179,0.8653353854309577,0.12143732539692549,0.8522316844766222,-0.11243184029730184,0.2309446827560088,0.748805329278944,0.0,5.389683117584809e-07,1666,0.005,1,1,0.9634160399436951,1.0,-0.03658396005630493,0.03658396005630493,-0.6826897859573364,-1.0,0.3173102140426636,0.3173102140426636,0.4011496985909884,0.6923880821679163,0.6723653342752587,0.6899440288543701,05a7a13b6d167b1fd119f310eb7347424a4ffeebedfd78a35f5d76f4ead77ca8
2,additive,8,1000,800,200,10000,10000,0.5,239,41260912,41760912,1041760912,2041260912,3041260912,0.3222148651069853,0.8658848185441244,0.8978813036431487,0.12632538671081098,0.7497565189851912,-0.03494553513204111,0.0797768676760392,0.80619083543192,1.1102230246251565e-16,5.475281330546977e-07,1673,0.005,1,1,0.9692779183387756,1.0,-0.030722081661224365,0.030722081661224365,-0.679253101348877,-1.0,0.32074689865112305,0.32074689865112305,0.41316204313891935,0.7177229870171482,0.6798729575634475,0.7169827818870544,7b7b11ba67be9741b85fa66402c86850e5345d854469a49d98b47e294e217065
2,additive,8,1000,800,200,10000,10000,0.5,240,41260912,41760912,1041760912,2041260912,3041260912,0.32178642060970175,0.906595460147516,0.8528690778257888,0.12564488093527384,0.8219153283600863,-0.11008727269197444,0.23235942499915502,0.7273856639114114,1.1102230246251565e-16,5.384888606130289e-07,1680,0.005,1,1,0.9685356616973877,1.0,-0.031464338302612305,0.031464338302612305,-0.6797555685043335,-1.0,0.3202444314956665,0.3202444314956665,0.3954849909917106,0.6884324679683587,0.6696515029083976,0.6893653869628906,2dac5ab796e2f5f5c8443da7acf7bd9336599c38d11629510b0f161cb5b6b91d
2,additive,8,1000,800,200,10000,10000,0.5,241,41260912,41760912,1041760912,2041260912,3041260912,0.3226835879083324,0.9049586398741536,0.8491553073603518,0.12520907713673668,0.818950139882878,-0.11154724050068054,0.23628904635977976,0.7210647360182536,0.0,5.671955083386138e-07,1687,0.005,1,1,0.9658845663070679,1.0,-0.03411543369293213,0.03411543369293213,-0.6791248917579651,-1.0,0.3208751082420349,0.3208751082420349,0.3845293362030568,0.6979004278151334,0.6690446959904466,0.6971617937088013,13464406706bf0e369d1568be3f63788f62c6a50d85e8242d0ae21ed770685d8
2,additive,8,1000,800,200,10000,10000,0.5,242,41260912,41760912,1041760912,2041260912,3041260912,0.3223076524051285,0.9203478252273408,0.8623913064276253,0.12289542362695959,0.8470401194006959,-0.11310838881285462,0.23322867096876682,0.7437187654019463,0.0,5.637514046696879e-07,1694,0.005,1,1,0.961408257484436,1.0,-0.038591742515563965,0.038591742515563965,-0.6800110936164856,-1.0,0.3199889063835144,0.3199889063835144,0.3917600709077365,0.7061881045123332,0.6723774512061944,0.7036895751953125,9c32c71280e2fc8ec94e4ed9f757fae0d5eae5dc16ce062fadcfd03559987073
2,additive,8,1000,800,200,10000,10000,0.5,243,41260912,41760912,1041760912,2041260912,3041260912,0.3187817645591661,0.9785317285390909,0.8800873512213752,0.1177031239964936,0.957524343757701,-0.1503368609871693,0.2796373148858907,0.7745537457798561,1.1102230246251565e-16,5.541946013210008e-07,1701,0.005,1,1,0.95622318983078,1.0,-0.04377681016921997,0.04377681016921997,-0.6842383742332458,-1.0,0.31576162576675415,0.31576162576675415,0.3968800470692052,0.6926872370300993,0.676525710306015,0.6890784502029419,b8969ec5fcc6fdee6dff7d261b01fa6f394a84c01beab68c9097964c782a454b
2,additive,8,1000,800,200,10000,10000,0.5,244,41260912,41760912,1041760912,2041260912,3041260912,0.3184350344560402,0.9093224556909257,0.8610568619244761,0.11994613484716392,0.8268673284237756,-0.10269727190185665,0.21693242837310367,0.7414189194672263,0.0,5.675329664001083e-07,1708,0.005,1,1,0.9618409872055054,1.0,-0.03815901279449463,0.03815901279449463,-0.6838595867156982,-1.0,0.31614041328430176,0.31614041328430176,0.38366633587264615,0.6972018908501956,0.6723024990518852,0.695371150970459,79891a179a32db1a54fbb8f3052ada2ce4fbe7598196528f51006e93d801b72b
2,additive,8,1000,800,200,10000,10000,0.5,245,41260912,41760912,1041760912,2041260912,3041260912,0.3176571866701915,0.924501676340913,0.8745661048072249,0.12019829012058424,0.8547033495571581,-0.10501788400003025,0.21544303491938802,0.7648658716776817,-1.1102230246251565e-16,5.571755838928993e-07,1715,0.005,1,1,0.9638247489929199,1.0,-0.03617525100708008,0.03617525100708008,-0.6844093799591064,-1.0,0.31559062004089355,0.31559062004089355,0.38330913986270515,0.7005478851479282,0.6753588679858323,0.6991598606109619,bdd3b4e28e8faea1224590b5fff06c920d56d5267a359d0de495f7d0928e23b3
2,additive,8,1000,800,200,10000,10000,0.5,246,41260912,41760912,1041760912,2041260912,3041260912,0.31817499636226104,0.9234247983216792,0.8608072392881994,0.11963496224539973,0.8527133581554339,-0.11567960859493114,0.2379386196651098,0.7409891032109713,0.0,5.612515163733178e-07,1722,0.005,1,1,0.9616129398345947,1.0,-0.03838706016540527,0.03838706016540527,-0.6841491460800171,-1.0,0.3158508539199829,0.3158508539199829,0.38316391936968847,0.6942096453551133,0.6716326945182607,0.6940372586250305,406df52a33a839ba790211334b9224162f420aff8f83c63f853c64feeff2c1ef
2,additive,8,1000,800,200,10000,10000,0.5,247,41260912,41760912,1041760912,2041260912,3041260912,0.32080970483802196,0.876689307210499,0.883891286086933,0.12159408936006039,0.7685841413772247,-0.05445721255843632,0.12235125658674542,0.7812638056204125,0.0,5.425409881354426e-07,1729,0.005,1,1,0.9612273573875427,1.0,-0.038772642612457275,0.038772642612457275,-0.681541919708252,-1.0,0.31845808029174805,0.31845808029174805,0.39378829934725545,0.7097294247582201,0.6757508554881141,0.7129555344581604,865d35a9cd4c2bba8088ed4ca102ddcef1f0f1adcb05891840910b56a6598b52
2,additive,8,1000,800,200,10000,10000,0.5,248,41260912,41760912,1041760912,2041260912,3041260912,0.3195036024631021,0.9127559726278774,0.8850387120001906,0.12009158363771394,0.8331234655678627,-0.0849607637333102,0.17826148213693802,0.7832935217389563,0.0,5.252544017508853e-07,1736,0.005,1,1,0.9602364897727966,1.0,-0.03976351022720337,0.03976351022720337,-0.6829804182052612,-1.0,0.31701958179473877,0.31701958179473877,0.38505478089794315,0.6995915691085145,0.6756065832300524,0.6998319625854492,34a0fba5c4366a2034e214411f2d62520eff5e74c629216a1ea7d8a562d57d66
2,additive,8,1000,800,200,10000,10000,0.5,249,41260912,41760912,1041760912,2041260912,3041260912,0.3184730997941638,0.9857644874517685,0.8936213000503628,0.1192495642468445,0.9717316247210479,-0.14621108053209603,0.2680359331775775,0.7985590279037005,1.1102230246251565e-16,5.294545371015147e-07,1743,0.005,1,1,0.9602113366127014,1.0,-0.039788663387298584,0.039788663387298584,-0.6840221881866455,-1.0,0.3159778118133545,0.3159778118133545,0.39042957120393695,0.7058670905544201,0.6802056153510552,0.7058191299438477,68afae00b56a8606616496635bd9efbb46eec4c57624d853261791b27f1eea7b
2,additive,8,1000,800,200,10000,10000,0.5,250,41260912,41760912,1041760912,2041260912,3041260912,0.3160629897241088,1.0258113911240883,0.9190504450258619,0.11637590582636186,1.0522890101599371,-0.16200559774203221,0.2772490138549372,0.8446537205022346,1.1102230246251565e-16,5.455219902472663e-07,1750,0.005,1,1,0.9580973386764526,1.0,-0.04190266132354736,0.04190266132354736,-0.686726987361908,-1.0,0.31327301263809204,0.31327301263809204,0.4040643937322196,0.7122902017960032,0.6864787073112999,0.7123280167579651,51fbfc7628c34e871a9ad58cf810c39bd5367b3715470ab84a61a3c269d8c68a
2,additive,8,1000,800,200,10000,10000,0.5,251,41260912,41760912,1041760912,2041260912,3041260912,0.3142296979709988,0.918718005194002,0.8714631628959122,0.11540155290800301,0.8440427730676463,-0.099998140845551,0.2084501166732398,0.7594480442845472,-1.1102230246251565e-16,5.399622153845485e-07,1757,0.005,1,1,0.9591782689094543,1.0,-0.040821731090545654,0.040821731090545654,-0.6884331703186035,-1.0,0.3115668296813965,0.3115668296813965,0.38460740122549536,0.7047513711029785,0.6730331350264093,0.7044516205787659,ce79000917978da5663d0ab1122d3935f8ad06fdecf442d2b7dd5be74a370c88
2,additive,8,1000,800,200,10000,10000,0.5,252,41260912,41760912,1041760912,2041260912,3041260912,0.3105176865009702,0.9352276379889629,0.8659333739925528,0.11226707957206095,0.8746507348584146,-0.11853860311817462,0.24021980632010406,0.7498406081941262,-1.1102230246251565e-16,5.431984551051983e-07,1764,0.005,1,1,0.9586935043334961,1.0,-0.041306495666503906,0.041306495666503906,-0.6922419667243958,-1.0,0.30775803327560425,0.30775803327560425,0.38574782516779577,0.7016401108217397,0.67177743445204,0.7007432579994202,c6d9a78d63f78facd2b4242eb353fc0eaec8b5d8df05e208489c48dbb51ff21f
2,additive,8,1000,800,200,10000,10000,0.5,253,41260912,41760912,1041760912,2041260912,3041260912,0.31045039629321036,0.9203265765215465,0.891098386152513,0.11433621619938335,0.8470010074518699,-0.08364044492381995,0.1740085432376067,0.7940563338036132,-2.220446049250313e-16,5.168916601405726e-07,1771,0.005,1,1,0.9635586142539978,1.0,-0.0364413857460022,0.0364413857460022,-0.6916958093643188,-1.0,0.30830419063568115,0.30830419063568115,0.3813823081798456,0.7082229114805532,0.677953606461376,0.7079323530197144,6cf70b09d04fe64bcd839d1eed8867ff2d96483ae2cfebe760d51bc1bdd95bb9
2,additive,8,1000,800,200,10000,10000,0.5,254,41260912,41760912,1041760912,2041260912,3041260912,0.30696211183892946,0.981620467675124,0.8927801539316751,0.11145252394268701,0.9635787425587292,-0.13898743162357532,0.2585737474890313,0.7970564032542655,0.0,5.232142399336226e-07,1778,0.005,1,1,0.9632013440132141,1.0,-0.03679865598678589,0.03679865598678589,-0.6952515840530396,-1.0,0.30474841594696045,0.30474841594696045,0.3873464024132687,0.6968822921797004,0.6802482581314816,0.6987389922142029,8b38176438aa0c82fd30aa27f7accaad36ebe4489e4e758de6fa5ae88d346892
2,additive,8,1000,800,200,10000,10000,0.5,255,41260912,41760912,1041760912,2041260912,3041260912,0.30675389357064375,1.0200118332657153,0.9306126785357361,0.10922348851258819,1.0404241400020853,-0.141803835531608,0.24669095471421326,0.8660399574514575,0.0,5.575236095012315e-07,1785,0.005,1,1,0.9584147334098816,1.0,-0.04158526659011841,0.04158526659011841,-0.6960779428482056,-1.0,0.30392205715179443,0.30392205715179443,0.40067980325439145,0.7092740283407231,0.6868065856591061,0.7075055241584778,4914226f730358566d22800d4aa0ad45d12944fd1d6c917832b464f1376f4e8a
2,additive,8,1000,800,200,10000,10000,0.5,256,41260912,41760912,1041760912,2041260912,3041260912,0.30554658877122187,1.0057056100998663,0.9018754439250659,0.1080761388587925,1.011443774186344,-0.15307029834505073,0.2734570355764262,0.8133793163550348,-3.3306690738754696e-16,5.193868783948119e-07,1792,0.005,1,1,0.95791095495224,1.0,-0.04208904504776001,0.04208904504776001,-0.6973661780357361,-1.0,0.3026338219642639,0.3026338219642639,0.4051843584089371,0.7021985520685479,0.681108636989301,0.6995638608932495,4f821eef35d3990f84cc65907436a77c23765a743c95f25a6fdd0a76567eb499
2,additive,8,1000,800,200,10000,10000,0.5,257,41260912,41760912,1041760912,2041260912,3041260912,0.30754824540265213,0.8940116204126471,0.8992968307479245,0.11185548639092453,0.7992567774328472,-0.0511887370152553,0.11236537811581093,0.8087347897932612,0.0,5.755876042456975e-07,1799,0.005,1,1,0.9630774259567261,1.0,-0.036922574043273926,0.036922574043273926,-0.6946761608123779,-1.0,0.30532383918762207,0.30532383918762207,0.39543029835478244,0.7027643184854447,0.6790659589024048,0.7034639120101929,4499284704486857bb34fea6563a026c880012030f617e59243901a047ea52a0
2,additive,8,1000,800,200,10000,10000,0.5,258,41260912,41760912,1041760912,2041260912,3041260912,0.30696548925945694,0.9258693618636304,0.9114385589273581,0.1126104651172869,0.8572340752377662,-0.06956214682773686,0.143450097274911,0.8307202466995793,0.0,5.768952728857357e-07,1806,0.005,1,1,0.9659037590026855,1.0,-0.03409624099731445,0.03409624099731445,-0.6949340105056763,-1.0,0.30506598949432373,0.30506598949432373,0.3865686185068615,0.706836241653377,0.6821825508057937,0.7079185247421265,615d4ae26877c2babf7f82d442ca491b175063577b6df863fae713d0c6fdda46
2,additive,8,1000,800,200,10000,10000,0.5,259,41260912,41760912,1041760912,2041260912,3041260912,0.30666871195227685,0.9561263432008179,0.9039636797113669,0.11181662966590863,0.9141775841625683,-0.1044219397955811,0.20355268750675057,0.8171503342373148,0.0,5.577908623877192e-07,1813,0.005,1,1,0.9645849466323853,1.0,-0.035415053367614746,0.035415053367614746,-0.6953830718994141,-1.0,0.30461692810058594,0.30461692810058594,0.38840361796448747,0.6977311113008495,0.6822534931535805,0.6996049880981445,43b23126ae97de3017b4681ae40c9f139b1bdfd59b5c839624b88256078ca29f
2,additive,8,1000,800,200,10000,10000,0.5,260,41260912,41760912,1041760912,2041260912,3041260912,0.30506263654234234,1.0087376979882832,0.9359254233066362,0.11081602025411785,1.0175517433427008,-0.1262056828025562,0.22369600918101246,0.8759563979917062,0.0,5.156663434036091e-07,1820,0.005,1,1,0.9651649594306946,1.0,-0.03483504056930542,0.03483504056930542,-0.6969327926635742,-1.0,0.3030672073364258,0.3030672073364258,0.39614894636993225,0.7176687444070269,0.6878956440564048,0.7154185175895691,86a805bee1f2405318955ef827a28ef74f15415383432b6634765aac4b72e1fc
2,additive,8,1000,800,200,10000,10000,0.5,261,41260912,41760912,1041760912,2041260912,3041260912,0.30570889321357175,0.9700971585168671,0.8922671074086865,0.11256517371119872,0.9410884969624994,-0.12875653985511676,0.24440011635472367,0.7961405909634646,0.0,5.607658088990775e-07,1827,0.005,1,1,0.9681127071380615,1.0,-0.03188729286193848,0.03188729286193848,-0.69595867395401,-1.0,0.30404132604599,0.30404132604599,0.39294614105980785,0.7131608984446396,0.6788506445213874,0.7114378213882446,f7e6477192fdbac8b305a354d27feea606dd69c6459d9835f46d02d6db259d57
2,additive,8,1000,800,200,10000,10000,0.5,262,41260912,41760912,1041760912,2041260912,3041260912,0.3064594717980264,0.914824202976738,0.8999475069407412,0.11400066068357051,0.836903322352024,-0.07049923389336957,0.14827834387298094,0.8099055152488555,0.0,5.453438181035608e-07,1834,0.005,1,1,0.9701293110847473,1.0,-0.029870688915252686,0.029870688915252686,-0.6949997544288635,-1.0,0.3050002455711365,0.3050002455711365,0.3921430747667859,0.6975390461323191,0.6793744215558444,0.7004740238189697,cb8ee1068e1bc99ddae1d9476a91fcd02dd664e2345fa857942fb6363da212ad
2,additive,8,1000,800,200,10000,10000,0.5,263,41260912,41760912,1041760912,2041260912,3041260912,0.3069262760141971,0.8918980496440505,0.9339888432792255,0.11389760144395479,0.7954821309588611,-0.01852228651637521,0.04073608825091043,0.8723351593700656,1.1102230246251565e-16,5.484099734331949e-07,1841,0.005,1,1,0.969013512134552,1.0,-0.030986487865447998,0.030986487865447998,-0.6946418881416321,-1.0,0.3053581118583679,0.3053581118583679,0.40575133199894603,0.7182177833135123,0.6867290246266744,0.7192297577857971,7c8a4fd552fea47273e1e716b82dfd885496e55f2c1491ab8f2068937a20fb38
2,additive,8,1000,800,200,10000,10000,0.5,264,41260912,41760912,1041760912,2041260912,3041260912,0.3033491312189341,0.9829754169815825,0.9001494741018434,0.1088943776842878,0.9662406703901161,-0.1324329861742893,0.24635600227428242,0.8102690757258253,0.0,5.267547518172933e-07,1848,0.005,1,1,0.9637524485588074,1.0,-0.03624755144119263,0.03624755144119263,-0.6988242864608765,-1.0,0.30117571353912354,0.30117571353912354,0.3797347578821699,0.7007202480062699,0.6810225657282682,0.7001360654830933,ae9f2d39e2bb1e85aa8d14e6d1c701ddff5ff5fa69a4a4fbc9f0367e5f5c42b1
2,additive,8,1000,800,200,10000,10000,0.5,265,41260912,41760912,1041760912,2041260912,3041260912,0.3025890873941459,0.9883925310697966,0.9019637183617971,0.1088644006996964,0.9769197954745589,-0.13612282346660803,0.25073642432121374,0.8135385492410393,0.0,5.388409736184485e-07,1855,0.005,1,1,0.9650631546974182,1.0,-0.03493684530258179,0.03493684530258179,-0.6994345784187317,-1.0,0.3005654215812683,0.3005654215812683,0.38257462249452245,0.7121429612891936,0.6815098415380398,0.7101302146911621,f65c2a0cbbf5c1117b7da885da711c2b7b0e0eb9e32e0d91e53fbf56c3e94f03
2,additive,8,1000,800,200,10000,10000,0.5,266,41260912,41760912,1041760912,2041260912,3041260912,0.30265544465878225,0.9985156987202737,0.9183113113539207,0.10856848490347343,0.9970336005908365,-0.13115321046687603,0.2372521039669313,0.8432956645605576,-2.220446049250313e-16,5.375901022119933e-07,1862,0.005,1,1,0.9642411470413208,1.0,-0.0357588529586792,0.0357588529586792,-0.6994644403457642,-1.0,0.30053555965423584,0.30053555965423584,0.38281885803976096,0.7069760890434961,0.6843751238987473,0.7062467932701111,9a10dbb538003b04b69c47628066e8a86a7248461c4b10a650a06899f2e346f0
2,additive,8,1000,800,200,10000,10000,0.5,267,41260912,41760912,1041760912,2041260912,3041260912,0.30384776897301424,1.0257904663219526,0.935322950987072,0.10890356377013662,1.052246080797009,-0.14316031096199064,0.24658373988540996,0.8748290226431645,2.220446049250313e-16,5.609140814044622e-07,1869,0.005,1,1,0.9628718495368958,1.0,-0.03712815046310425,0.03712815046310425,-0.6984291672706604,-1.0,0.3015708327293396,0.3015708327293396,0.3829346074153656,0.7017034214945919,0.687701647158724,0.7031728029251099,d6e3daa8fb2f24649380b6103da68e41cd6063de5b935ba7eda6fdf2e410805c
2,additive,8,1000,800,200,10000,10000,0.5,268,41260912,41760912,1041760912,2041260912,3041260912,0.3062212306441211,0.9118560563185907,0.9032629465412421,0.11142688304004289,0.8314814674448928,-0.0635121999452845,0.13471553181731885,0.8158839505943667,0.0,5.266640084045093e-07,1876,0.005,1,1,0.9644873738288879,1.0,-0.03551262617111206,0.03551262617111206,-0.6958449482917786,-1.0,0.30415505170822144,0.30415505170822144,0.37947182735185636,0.698561242058243,0.6796263975376392,0.698223352432251,6b437cc704cabb4ed084b2f6f374e63cd942d69ec0a1a5619bcc9f4c24c0928c
2,additive,8,1000,800,200,10000,10000,0.5,269,41260912,41760912,1041760912,2041260912,3041260912,0.3041293499322459,0.99888340493628,0.927895662464263,0.10776773974290252,0.9977680566570963,-0.12227271799000268,0.22120083020045903,0.8609903604199936,1.1102230246251565e-16,5.382073897663986e-07,1883,0.005,1,1,0.9597119688987732,1.0,-0.04028803110122681,0.04028803110122681,-0.6985509395599365,-1.0,0.3014490604400635,0.3014490604400635,0.37619911552643515,0.712495156443159,0.6866016866522036,0.7110130786895752,6eb9d95f3a5d399fe6a48b2359abf8b44d910ef7b276d7cc4471ab147daeb8ea
2,additive,8,1000,800,200,10000,10000,0.5,270,41260912,41760912,1041760912,2041260912,3041260912,0.30368008842973787,0.9757257366747714,0.9107649361415856,0.10591432891237441,0.9520407132095253,-0.11423113660845655,0.2159470526825933,0.8294927689049866,-1.1102230246251565e-16,5.166131806788599e-07,1890,0.005,1,1,0.9562124609947205,1.0,-0.04378753900527954,0.04378753900527954,-0.6994933485984802,-1.0,0.3005066514015198,0.3005066514015198,0.37022196057907797,0.7097916864486266,0.6834876734161272,0.7081499099731445,b1c120d1ab5489f61d41f91ac7c54970fc83e780b8c0e58d3d778a271183abc8
2,additive,8,1000,800,200,10000,10000,0.5,271,41260912,41760912,1041760912,2041260912,3041260912,0.30442202381569106,1.0104262800604853,0.9347502242939728,0.10597627897730803,1.0209612674368704,-0.12658978229827303,0.2246615754370261,0.8737579818176324,0.0,5.383881713783012e-07,1897,0.005,1,1,0.9550569653511047,1.0,-0.044943034648895264,0.044943034648895264,-0.6989138126373291,-1.0,0.3010861873626709,0.3010861873626709,0.3768898261541635,0.711123009583022,0.6886807270639214,0.7086958885192871,87f2130ba62846e021837a7b4e25038238de31a4163256a69268798a01be8085
2,additive,8,1000,800,200,10000,10000,0.5,272,41260912,41760912,1041760912,2041260912,3041260912,0.3057888519432027,0.972600883046427,0.9218168569338407,0.10694679672643331,0.9459524777026896,-0.10157647835086893,0.19294624057166954,0.8497463177273851,-1.1102230246251565e-16,5.618647165306356e-07,1904,0.005,1,1,0.9548934102058411,1.0,-0.045106589794158936,0.045106589794158936,-0.6975562572479248,-1.0,0.3024437427520752,0.3024437427520752,0.36561790672923705,0.7120118941878317,0.6846596923902774,0.7129958868026733,be628fa6c04f6541ee7b21af2c41edfccd3e20c88b20ddf531541feb249adc2d
2,additive,8,1000,800,200,10000,10000,0.5,273,41260912,41760912,1041760912,2041260912,3041260912,0.3084551049384737,0.9290695067840397,0.9234753508027339,0.10859105748287534,0.8631701484359386,-0.05947724118929086,0.12241122783462896,0.8528067235402325,2.220446049250313e-16,5.441654291615805e-07,1911,0.005,1,1,0.9539819955825806,1.0,-0.046018004417419434,0.046018004417419434,-0.6949968934059143,-1.0,0.3050031065940857,0.3050031065940857,0.3813490107053316,0.7046475405302158,0.6852641295916535,0.70595383644104,b3cd260aa0dbc3307a86cdd1c2e7ad9f356e32bd9c2e243eb12687e77f9e9685
2,additive,8,1000,800,200,10000,10000,0.5,274,41260912,41760912,1041760912,2041260912,3041260912,0.30987462728398774,0.9411509555524968,0.9528918370167629,0.10990867778237255,0.8857651211373779,-0.04383547293328474,0.08805187598758497,0.9080028530531811,1.1102230246251565e-16,5.298858756219715e-07,1918,0.005,1,1,0.9544821381568909,1.0,-0.04551786184310913,0.04551786184310913,-0.6934866905212402,-1.0,0.30651330947875977,0.30651330947875977,0.38750422212621305,0.7124608456244675,0.6886581815151833,0.7123323678970337,c563f908abfc09c74f1e6dc9eafae8f2b9f8c9ae1c6f5454b1a82965d21b3601
2,additive,8,1000,800,200,10000,10000,0.5,275,41260912,41760912,1041760912,2041260912,3041260912,0.3099902150843624,0.9452572275635693,0.908618359329062,0.11026949688385103,0.8935112262611655,-0.08909670011759013,0.17752223780196721,0.8255873229098364,0.0,5.645115859209682e-07,1925,0.005,1,1,0.9550944566726685,1.0,-0.04490554332733154,0.04490554332733154,-0.6932795643806458,-1.0,0.30672043561935425,0.30672043561935425,0.370619303564464,0.6998346827609937,0.6815420100292827,0.699097752571106,99eddef697a5227bfea281549799d45b2f512ccec4e77b214d582280a927f558
2,additive,8,1000,800,200,10000,10000,0.5,276,41260912,41760912,1041760912,2041260912,3041260912,0.3100743745665811,0.9901369821301781,0.9530714846869062,0.11042512194857863,0.9803712433818565,-0.09122555520356579,0.1672641349074001,0.9083452549233035,0.0,5.700901883898268e-07,1932,0.005,1,1,0.9552985429763794,1.0,-0.044701457023620605,0.044701457023620605,-0.6931647062301636,-1.0,0.3068352937698364,0.3068352937698364,0.3741286425303606,0.7163577968444449,0.6915908930242486,0.713930606842041,95232d051d32606e154827fe95201b1fcb92da0f207ec8ae86317396c4dc38e0
2,additive,8,1000,800,200,10000,10000,0.5,277,41260912,41760912,1041760912,2041260912,3041260912,0.30794917192814025,1.0838024182245434,0.9894797081584759,0.10808070060161908,1.174627681749368,-0.15181914474680216,0.23671653952793761,0.9790700928573826,-2.220446049250313e-16,5.73176373919182e-07,1939,0.005,1,1,0.9537076950073242,1.0,-0.04629230499267578,0.04629230499267578,-0.6955501437187195,-1.0,0.3044498562812805,0.3044498562812805,0.3996312020485202,0.73619103652018,0.7010701348137769,0.7335691452026367,6636137348c63c05e9741b155e023751e47151cdcd7bd50ab864b393bb492d9f
2,additive,8,1000,800,200,10000,10000,0.5,278,41260912,41760912,1041760912,2041260912,3041260912,0.30820300172786946,1.005603775947224,0.9321466552392984,0.10772643530582102,1.011238954199315,-0.12503400131566225,0.22348144542872542,0.8688973868738115,0.0,5.483345084655866e-07,1946,0.005,1,1,0.9524667263031006,1.0,-0.047533273696899414,0.047533273696899414,-0.6954845190048218,-1.0,0.3045154809951782,0.3045154809951782,0.36862912311565693,0.7115714841821275,0.6876445688126896,0.7115286588668823,1aba109eff8b0811457e56a1318550f7eada52682b578366a0f639b86fe5b68d
2,additive,8,1000,800,200,10000,10000,0.5,279,41260912,41760912,1041760912,2041260912,3041260912,0.30937586640817843,1.012162343593138,0.9463440503972078,0.10944071587683384,1.0244726097879533,-0.11917313197129702,0.21019795653504394,0.8955670617221929,-1.1102230246251565e-16,5.39212244632381e-07,1953,0.005,1,1,0.954296886920929,1.0,-0.045703113079071045,0.045703113079071045,-0.694018542766571,-1.0,0.30598145723342896,0.30598145723342896,0.3726285721934377,0.7127019362970489,0.6921370402217263,0.7134891748428345,d6b118d81f1cba9e72272cd494ece347a4155009e0e46013bdfa12a37b0db8e5
2,additive,8,1000,800,200,10000,10000,0.5,280,41260912,41760912,1041760912,2041260912,3041260912,0.3114726549253989,1.0039717515463829,0.9418438682250839,0.10965489917657852,1.007959277903112,-0.11527215248325051,0.20628255232848777,0.8870698721131892,-1.1102230246251565e-16,5.575662527235181e-07,1960,0.005,1,1,0.9511390328407288,1.0,-0.04886096715927124,0.04886096715927124,-0.6923836469650269,-1.0,0.30761635303497314,0.30761635303497314,0.3699779760114749,0.7156528469817003,0.6904751249432338,0.7174389958381653,be3e02a0fff490d04ef820e1b104e2feab7ac50671bb20f73b2e52024e8b7c93
2,additive,8,1000,800,200,10000,10000,0.5,281,41260912,41760912,1041760912,2041260912,3041260912,0.31130407120350445,0.9924844225577222,0.9429924855066063,0.10968917576467248,0.9850253290197352,-0.10273983853124027,0.18770161184897025,0.8892348277219271,0.0,5.450629583236832e-07,1967,0.005,1,1,0.9515064358711243,1.0,-0.04849356412887573,0.04849356412887573,-0.6924961805343628,-1.0,0.3075038194656372,0.3075038194656372,0.3735910230782591,0.7011976078239086,0.6885579613994479,0.6984676718711853,3697a396a77d9c6b1512b2e436c9bd9525838d948c9f18e835c2eaed52e5e537
2,additive,8,1000,800,200,10000,10000,0.5,282,41260912,41760912,1041760912,2041260912,3041260912,0.3113032798372141,0.9630618062237188,0.9333862080679043,0.10991185449048785,0.9274880426068918,-0.0830950418429993,0.160198669916003,0.871209813411381,0.0,5.451906304188014e-07,1974,0.005,1,1,0.9520047307014465,1.0,-0.04799526929855347,0.04799526929855347,-0.6924188137054443,-1.0,0.30758118629455566,0.30758118629455566,0.3686240087551936,0.7132443291384621,0.6870302668160271,0.7137562036514282,49dda6f6a4e97cc7b780577b2b93a065d1abf77cf56549751a9336284498b5ba
2,additive,8,1000,800,200,10000,10000,0.5,283,41260912,41760912,1041760912,2041260912,3041260912,0.3110299680771917,0.9606067831850471,0.9413904904595871,0.1096925657877372,0.9227653919011242,-0.0731209510805596,0.14164441377204268,0.886216055527742,-1.1102230246251565e-16,5.300947822917124e-07,1981,0.005,1,1,0.9519879221916199,1.0,-0.04801207780838013,0.04801207780838013,-0.692698061466217,-1.0,0.30730193853378296,0.30730193853378296,0.36737521421905894,0.7166206919354469,0.6889915257625356,0.7186205387115479,7456f40b35420912398e1aea615ab301c150176f211667e17a5118761a6fad4a
2,additive,8,1000,800,200,10000,10000,0.5,284,41260912,41760912,1041760912,2041260912,3041260912,0.3098079077882439,1.0377172317649848,0.9559675882328482,0.10775766662322321,1.0768570531019832,-0.13537034498673886,0.22854746396894435,0.9138740297517285,-2.220446049250313e-16,5.419840860554359e-07,1988,0.005,1,1,0.9497728943824768,1.0,-0.05022710561752319,0.05022710561752319,-0.6942906975746155,-1.0,0.3057093024253845,0.3057093024253845,0.37468723006343835,0.7025527390539779,0.6924410192166779,0.7041254043579102,7ff64b3bec9c98104769fd97f9503b8101d3271a9e3f3fa5c4b482aff56faa0d
2,additive,8,1000,800,200,10000,10000,0.5,285,41260912,41760912,1041760912,2041260912,3041260912,0.31131414430556476,0.9447190914292731,0.9534526884850315,0.11083356481455585,0.8924941617109513,-0.047127848673086246,0.09394308046541987,0.9090720291793346,-1.1102230246251565e-16,5.627907651017949e-07,1995,0.005,1,1,0.9540492296218872,1.0,-0.04595077037811279,0.04595077037811279,-0.6920957565307617,-1.0,0.3079042434692383,0.3079042434692383,0.37595376545322523,0.7157943480373359,0.6905129349752087,0.717239499092102,a49f0ce2e4fc0a64e2debded1f647f178f76b18913557d86dff25f10c9768812
2,additive,8,1000,800,200,10000,10000,0.5,286,41260912,41760912,1041760912,2041260912,3041260912,0.307722832248244,0.9959689531502705,0.9528751351250598,0.10808827787504706,0.9919541556392456,-0.09603570518734585,0.17460363757158295,0.9079710231396011,1.1102230246251565e-16,5.269542864283494e-07,2002,0.005,1,1,0.9541189074516296,1.0,-0.04588109254837036,0.04588109254837036,-0.6957167983055115,-1.0,0.3042832016944885,0.3042832016944885,0.3672614425156347,0.7114421128401173,0.6910236239858916,0.7143841981887817,0e4209b37d0f019dd80fe231c4f96229593f6acf38cfe108d4345e0551ded821
2,additive,8,1000,800,200,10000,10000,0.5,287,41260912,41760912,1041760912,2041260912,3041260912,0.30975692744311334,0.9500815719898932,0.9575282565979859,0.11143638015334366,0.9026549934347866,-0.048615505702276,0.09587993147059551,0.9168603621835782,0.0,5.443239530222854e-07,2009,0.005,1,1,0.9581531882286072,1.0,-0.04184681177139282,0.04184681177139282,-0.6930827498435974,-1.0,0.3069172501564026,0.3069172501564026,0.3812583437221504,0.7146656521790641,0.691001386537276,0.7139600515365601,f330bb65d8d91a65e4c35ec82d00cc3bf22dbbd48781019a9c367544778d176f
2,additive,8,1000,800,200,10000,10000,0.5,288,41260912,41760912,1041760912,2041260912,3041260912,0.3067032298008565,1.0249493400466325,0.9614743147519839,0.10815067870430348,1.0505211496620275,-0.11711948521926706,0.2021616170376726,0.9244328579277968,1.1102230246251565e-16,5.399405669237467e-07,2016,0.005,1,1,0.9560441374778748,1.0,-0.043955862522125244,0.043955862522125244,-0.6964629292488098,-1.0,0.3035370707511902,0.3035370707511902,0.36015065465435186,0.7113163645868223,0.6934031821881415,0.7109423875808716,c930bcd4ff12509224398be3b5f354a70f38bcfcdcb2d5ae234b564960f3d683
2,additive,8,1000,800,200,10000,10000,0.5,289,41260912,41760912,1041760912,2041260912,3041260912,0.3053706559981461,1.0820107435600688,0.9890261963198451,0.10549190632459444,1.1707472491794129,-0.1490331692485532,0.2335505357374772,0.9781728170069007,-2.220446049250313e-16,5.636739608405605e-07,2023,0.005,1,1,0.9523038864135742,1.0,-0.04769611358642578,0.04769611358642578,-0.6983771920204163,-1.0,0.30162280797958374,0.30162280797958374,0.3838261085131907,0.7265866940658051,0.7017328082561911,0.7264848947525024,99fe2e34b06b15ab5720f8b626cb84f68a9aeaf61d7314c53d7da9656d159826
2,additive,8,1000,800,200,10000,10000,0.5,290,41260912,41760912,1041760912,2041260912,3041260912,0.30487931568323146,1.0119063878964925,0.9433226537486329,0.10432219208023936,1.0239545378657264,-0.11920955043530143,0.21131261023350273,0.889857629075363,2.220446049250313e-16,5.626072674402849e-07,2030,0.005,1,1,0.9504944086074829,1.0,-0.04950559139251709,0.04950559139251709,-0.6991668343544006,-1.0,0.30083316564559937,0.30083316564559937,0.36380105418786696,0.7087227408756965,0.6890103665018138,0.7072266340255737,639dec2349bdc1f80c25573b4f9606003c0dc987a9b50745c967060f11acdc5b
2,additive,8,1000,800,200,10000,10000,0.5,291,41260912,41760912,1041760912,2041260912,3041260912,0.3046384079105404,0.967816798310934,0.9296554061702946,0.10341245433331499,0.9366693550928272,-0.08791131760224338,0.169046928434885,0.8642591742216554,0.0,5.681006562952007e-07,2037,0.005,1,1,0.9488477110862732,1.0,-0.05115228891372681,0.05115228891372681,-0.6996868252754211,-1.0,0.30031317472457886,0.30031317472457886,0.36264424106216225,0.7076825431336203,0.686107420152929,0.7069255709648132,b1a09bc82a812ac728603458592a3ee01ca50ce203c91ae1941a05d3f32eeea1
2,additive,8,1000,800,200,10000,10000,0.5,292,41260912,41760912,1041760912,2041260912,3041260912,0.30372639687244374,0.9733924957446198,0.9691540217119704,0.10249198046160377,0.9474929507719398,-0.055362706716528626,0.1054542880943775,0.9392595178004863,0.0,5.708522223812906e-07,2044,0.005,1,1,0.9483168125152588,1.0,-0.05168318748474121,0.05168318748474121,-0.7007032036781311,-1.0,0.2992967963218689,0.2992967963218689,0.36821909585373985,0.719892753503194,0.6943825646945987,0.7195324897766113,4cefded3f427513d5def8aa953c65d9a6c37d7ea4e68b576f1ea549c413c9d26
2,additive,8,1000,800,200,10000,10000,0.5,293,41260912,41760912,1041760912,2041260912,3041260912,0.30205924731236583,1.0095752193163032,0.9549402275660799,0.10046015539502284,1.019242123457562,-0.10389572031431421,0.1855774026302445,0.9119108382239564,0.0,5.325571166281406e-07,2051,0.005,1,1,0.9465367197990417,1.0,-0.05346328020095825,0.05346328020095825,-0.7027097940444946,-1.0,0.29729020595550537,0.29729020595550537,0.35423970394043053,0.717770261573218,0.6929616074260385,0.7162567377090454,5c66f25c73ae556df2fb8d57585d6955238d793b88228a033debecd0a33dee2b
2,additive,8,1000,800,200,10000,10000,0.5,294,41260912,41760912,1041760912,2041260912,3041260912,0.3015067596971304,1.0217172616030703,0.9680563870335663,0.10038111000444856,1.0439061626576767,-0.10357705209282149,0.18103330268081166,0.937133168476482,-2.220446049250313e-16,5.393360194005936e-07,2058,0.005,1,1,0.9472882151603699,1.0,-0.05271178483963013,0.05271178483963013,-0.7031367421150208,-1.0,0.29686325788497925,0.29686325788497925,0.3567716548416579,0.7133674861647092,0.6950395626072703,0.7133769989013672,ddd8051e9fef78f1947c6ed6cbe05b01cce6702a21ddde45cd67ec09119a68cf
2,additive,8,1000,800,200,10000,10000,0.5,295,41260912,41760912,1041760912,2041260912,3041260912,0.3000340089122214,1.0024752448157677,0.9637859486342492,0.10010116613123884,1.0049566164684334,-0.08808721390742623,0.1594255346543041,0.9288833547848196,0.0,5.618450558131372e-07,2065,0.005,1,1,0.9491420984268188,1.0,-0.05085790157318115,0.05085790157318115,-0.7043077945709229,-1.0,0.29569220542907715,0.29569220542907715,0.3601667693521852,0.7216022762435012,0.6952397357732643,0.7233136296272278,d7b9f9debf2416187d8d15fb04853e9d7ee512215d651d4440103838be7a03d2
2,additive,8,1000,800,200,10000,10000,0.5,296,41260912,41760912,1041760912,2041260912,3041260912,0.2987538177631143,1.0139283670136379,0.9669326950908803,0.09888215748478976,1.0280507334349422,-0.09598702704200926,0.17035091941219438,0.9349588368357133,-2.220446049250313e-16,5.163902354610173e-07,2072,0.005,1,1,0.9485166668891907,1.0,-0.051483333110809326,0.051483333110809326,-0.7057155966758728,-1.0,0.2942844033241272,0.2942844033241272,0.3551101532461454,0.7077058829123911,0.6941887167387426,0.7096270322799683,7a643c4fe0102c5ba94d7795dae639aadb86859beeee93eb079707ed19b39d1f
2,additive,8,1000,800,200,10000,10000,0.5,297,41260912,41760912,1041760912,2041260912,3041260912,0.29667146883916296,1.0093033202422754,0.9668882816257127,0.09737116083728066,1.0186931922520812,-0.09059570197211926,0.1623485271639446,0.9348729491451235,1.1102230246251565e-16,5.511975658123447e-07,2079,0.005,1,1,0.9485580921173096,1.0,-0.05144190788269043,0.05144190788269043,-0.7078225016593933,-1.0,0.2921774983406067,0.2921774983406067,0.3523570248450142,0.7220547828659302,0.695858843036376,0.721590518951416,c532acd6392087b38715ea8fecc283b5890624fa7e7dee853e3468b9621f941b
2,additive,8,1000,800,200,10000,10000,0.5,298,41260912,41760912,1041760912,2041260912,3041260912,0.2962254105571046,0.9980695240777434,0.9731775566975602,0.09674403765630277,0.9961427748927731,-0.07290612784462146,0.1334193568949257,0.947074556859833,1.1102230246251565e-16,5.373482920845163e-07,2086,0.005,1,1,0.9478622078895569,1.0,-0.052137792110443115,0.052137792110443115,-0.7083989977836609,-1.0,0.2916010022163391,0.2916010022163391,0.3511204220206471,0.7185239857722808,0.6965721479755173,0.7183483839035034,bf9ce7f87459734b2556610f89074fc1ac7848c80f1d2c2af403882cbe49c327
2,additive,8,1000,800,200,10000,10000,0.5,299,41260912,41760912,1041760912,2041260912,3041260912,0.2947092026685344,1.0465019731323135,0.984802442204203,0.0962906587869839,1.0951663797698257,-0.11081059419272338,0.1860085435005634,0.9698358501713626,-1.1102230246251565e-16,5.337369231028788e-07,2093,0.005,1,1,0.9493713974952698,1.0,-0.050628602504730225,0.050628602504730225,-0.7096721529960632,-1.0,0.29032784700393677,0.29032784700393677,0.3539013296522935,0.7106859913750572,0.6998495446672104,0.7121255993843079,3ce18c0925c4ead4b998117e8e367ded59302a87e661c9554b755b5784cf6e2b
2,additive,8,1000,800,200,10000,10000,0.5,300,41260912,41760912,1041760912,2041260912,3041260912,0.2951818515164562,0.9992595200837688,0.99817167796633,0.09583175307579343,0.9985195884780441,-0.04900232142985954,0.08955500773688013,0.9963466986941188,4.440892098500626e-16,5.689647935014364e-07,2100,0.005,1,1,0.9475089311599731,1.0,-0.052491068840026855,0.052491068840026855,-0.7095227837562561,-1.0,0.2904772162437439,0.2904772162437439,0.37754651337710365,0.7095501238970394,0.7007370590806374,0.7099196314811707,3436584e0b2c35f1c974094ed58f32ee44ae285660e6b2579a148d07bba64e09
2,additive,8,1000,800,200,10000,10000,0.5,301,41260912,41760912,1041760912,2041260912,3041260912,0.29550854276442406,0.9740280640370679,0.9997315918160127,0.0948425551080884,0.9487306695317984,-0.022054984482454073,0.04226820689092468,0.9994632556749786,0.0,5.595020127202588e-07,2107,0.005,1,1,0.9446821808815002,1.0,-0.055317819118499756,0.055317819118499756,-0.7097152471542358,-1.0,0.29028475284576416,0.29028475284576416,0.3896085455553765,0.7214075241417486,0.702222850358528,0.7225858569145203,5a4cef1c230326e91a0507537b17596791715092a60d5b962c39dde4e218cdc1
2,additive,8,1000,800,200,10000,10000,0.5,302,41260912,41760912,1041760912,2041260912,3041260912,0.29241693452359274,1.110986289174467,1.0268445940953546,0.0904701102535554,1.2342905347336524,-0.13517541228217705,0.2040752233902334,1.0544098204228536,-2.220446049250313e-16,5.610316975435126e-07,2114,0.005,1,1,0.9397271871566772,1.0,-0.060272812843322754,0.060272812843322754,-0.7138621807098389,-1.0,0.28613781929016113,0.28613781929016113,0.3821859819034195,0.7254356377956817,0.708477216847608,0.722665548324585,a94d593b8a700a865964166e3040b87e1da046cff462a31175dbd6db44593cb9
2,additive,8,1000,800,200,10000,10000,0.5,303,41260912,41760912,1041760912,2041260912,3041260912,0.29202976857173885,1.1230769212749994,1.023781130385481,0.09099712035657109,1.261301771100531,-0.15208554426186444,0.22492888994088023,1.0481278029333732,0.0,5.507905349588782e-07,2121,0.005,1,1,0.941570520401001,1.0,-0.05842947959899902,0.05842947959899902,-0.7138752341270447,-1.0,0.2861247658729553,0.2861247658729553,0.3935239845723534,0.7297967700674555,0.7119049981696274,0.7298130989074707,e2ebb00127b5dec0b1633a2642071675ae78e87e6c0c7bc8492a5d13f22222e8
2,additive,8,1000,800,200,10000,10000,0.5,304,41260912,41760912,1041760912,2041260912,3041260912,0.2941786756273083,1.0309696462869105,0.9778783662379571,0.09442577423910474,1.0628984115649571,-0.1005390433239228,0.17374395965651118,0.9562460991562161,-2.220446049250313e-16,5.292002072110336e-07,2128,0.005,1,1,0.9459359049797058,1.0,-0.05406409502029419,0.05406409502029419,-0.7108319401741028,-1.0,0.2891680598258972,0.2891680598258972,0.36044274740245086,0.7060236773117876,0.6974359846261735,0.7069593071937561,faa14861d3bd644e6de7afb3743566b620b197d0d957d51453f89d177dcaa002
2,additive,8,1000,800,200,10000,10000,0.5,305,41260912,41760912,1041760912,2041260912,3041260912,0.2966589973718239,0.9718973207296701,1.0210325320864682,0.09682789976189524,0.9445844020415112,0.0005475648877489693,-0.0010515813704154542,1.0425074315789045,0.0,5.412138168736647e-07,2135,0.005,1,1,0.9473260045051575,1.0,-0.05267399549484253,0.05267399549484253,-0.708054780960083,-1.0,0.291945219039917,0.291945219039917,0.39526097729506526,0.7291871556441153,0.706091124041194,0.7302824854850769,6c3c3bf4af44737c8a07309f44a5a4efd177a1056fcd9792ed8e71b4f0755889
2,additive,8,1000,800,200,10000,10000,0.5,306,41260912,41760912,1041760912,2041260912,3041260912,0.29611110762504933,1.0137578613205578,0.9708258570575936,0.09475446106484796,1.0277050013892313,-0.08997830886123402,0.1603234893926784,0.9425028447316112,1.1102230246251565e-16,5.254426334033724e-07,2142,0.005,1,1,0.9434811472892761,1.0,-0.05651885271072388,0.05651885271072388,-0.7093328237533569,-1.0,0.29066717624664307,0.29066717624664307,0.36300935107324145,0.7033412031065709,0.6976130677253943,0.7071571350097656,3ddcb54510129b0c4ae8065bdd6e4b5a08253699bd8bd4eac2bcee69455a466f
2,additive,8,1000,800,200,10000,10000,0.5,307,41260912,41760912,1041760912,2041260912,3041260912,0.2992072021540578,1.0172182499353908,0.9971625026146357,0.0973799930612859,1.034732968001619,-0.06888995222111081,0.12170155203670174,0.9943330566206834,0.0,5.220291647844988e-07,2149,0.005,1,1,0.9443266987800598,1.0,-0.055673301219940186,0.055673301219940186,-0.7060179710388184,-1.0,0.29398202896118164,0.29398202896118164,0.35669742110359953,0.7225732675518118,0.7024093559693819,0.7245474457740784,bd0201330a90ffe2101e63759a566e88c98aa41924f3132b560ba9f986829e84
2,additive,8,1000,800,200,10000,10000,0.5,308,41260912,41760912,1041760912,2041260912,3041260912,0.2986174266069663,1.045940861058917,0.9911280012866363,0.09562159048672689,1.0939922848326686,-0.10363958019247653,0.17424070506011993,0.9823347149344425,1.1102230246251565e-16,5.565285796649277e-07,2156,0.005,1,1,0.9413193464279175,1.0,-0.05868065357208252,0.05868065357208252,-0.7072049379348755,-1.0,0.2927950620651245,0.2927950620651245,0.35342553450909814,0.719381239876424,0.7017584283898494,0.7211782932281494,2a8c7f17d6c4bd2b69adacaf76a73f9f8cfa94e993d147f19cbcb3d8313ce342
2,additive,8,1000,800,200,10000,10000,0.5,309,41260912,41760912,1041760912,2041260912,3041260912,0.29746352302835094,1.1087640626011366,1.0192201861797432,0.09330063536430498,1.229357746515777,-0.1419242969819059,0.21460461586485963,1.0388097879162703,2.220446049250313e-16,5.438538046576014e-07,2163,0.005,1,1,0.9379679560661316,1.0,-0.06203204393386841,0.06203204393386841,-0.7090763449668884,-1.0,0.2909236550331116,0.2909236550331116,0.3675660596893924,0.7216999830073858,0.7055345239615792,0.7220690846443176,430d09d881b553b57a02f8730aeb912f14569526f8c80700dfd839ec47428a7b
2,additive,8,1000,800,200,10000,10000,0.5,310,41260912,41760912,1041760912,2041260912,3041260912,0.29902097688077994,1.0560370905596104,0.9989477746011995,0.09444297437338015,1.1152143366376068,-0.10588032731514901,0.17505838447197603,0.9978966563806889,0.0,5.449715789751508e-07,2170,0.005,1,1,0.9380078911781311,1.0,-0.061992108821868896,0.061992108821868896,-0.7074756026268005,-1.0,0.29252439737319946,0.29252439737319946,0.3526014033085589,0.7253346024039417,0.70194279418947,0.726496696472168,21bcb62809cfdb21e7509458e91844ea739d2439529f48b08061b543bd563dbe
2,additive,8,1000,800,200,10000,10000,0.5,311,41260912,41760912,1041760912,2041260912,3041260912,0.2996564534919355,1.0361823110555481,0.9973766083703108,0.09466716979349164,1.0736737817444166,-0.08679042630682181,0.1485703744143831,0.9947600989242644,-1.1102230246251565e-16,5.370108304703081e-07,2177,0.005,1,1,0.9374789595603943,1.0,-0.06252104043960571,0.06252104043960571,-0.7069383859634399,-1.0,0.29306161403656006,0.29306161403656006,0.3479406278867396,0.7204775256950042,0.7015714305844502,0.7232493162155151,fc61a86b1d962ccbde5f2adbe67178a2a31e7489eb706f5d43232a482fa2a166
2,additive,8,1000,800,200,10000,10000,0.5,312,41260912,41760912,1041760912,2041260912,3041260912,0.30065353304503734,1.0709402259355407,1.0128485162933243,0.09417440997831786,1.1469129675268672,-0.10761263027379846,0.17341668640627014,1.0258621169575883,0.0,5.670620435438423e-07,2184,0.005,1,1,0.9347738027572632,1.0,-0.06522619724273682,0.06522619724273682,-0.7065070867538452,-1.0,0.2934929132461548,0.2934929132461548,0.35343366798195786,0.7172390411657985,0.7040089324647497,0.7199368476867676,131f34d26d306d7710e6230a38ca9f2a3a0205be3a81264163631479a016f8ba
2,additive,8,1000,800,200,10000,10000,0.5,313,41260912,41760912,1041760912,2041260912,3041260912,0.3025679306886014,0.9742627710654516,0.994567418256176,0.09766861786551073,0.9491879470841326,-0.028846107746443993,0.055109952427592736,0.9891643494567554,0.0,5.362171968670282e-07,2191,0.005,1,1,0.9394299387931824,1.0,-0.06057006120681763,0.06057006120681763,-0.7035567164421082,-1.0,0.29644328355789185,0.29644328355789185,0.37888266210726484,0.7168251587720811,0.7012083598296885,0.7207213640213013,ad2a136ece984027d10ccb819bbe1b153a573bc2cd90b6f731fec7b6d9fa797a
2,additive,8,1000,800,200,10000,10000,0.5,314,41260912,41760912,1041760912,2041260912,3041260912,0.30191945017326133,0.9910142880687143,0.9905493017798359,0.09911524675583272,0.9821093191563407,-0.05001832332782633,0.09252161836635381,0.9811879192565204,-2.220446049250313e-16,5.674262322230561e-07,2198,0.005,1,1,0.9437360763549805,1.0,-0.05626392364501953,0.05626392364501953,-0.7033693790435791,-1.0,0.2966306209564209,0.2966306209564209,0.3638244629462663,0.7096501474890607,0.6996480424897354,0.7103946208953857,2055875d4b4177c0667f5707421b4f519b231b9a8b4e1c80c3ec979234018c00
2,additive,8,1000,800,200,10000,10000,0.5,315,41260912,41760912,1041760912,2041260912,3041260912,0.29901435356806005,1.131118477709924,1.0402001010963877,0.09684328900981941,1.2794290106168158,-0.14712802465285005,0.21380656239722906,1.0820162503209352,0.0,5.256637773953798e-07,2205,0.005,1,1,0.9434292912483215,1.0,-0.05657070875167847,0.05657070875167847,-0.7063857316970825,-1.0,0.2936142683029175,0.2936142683029175,0.3745357662606761,0.7224635829194754,0.7119546635054845,0.7225602269172668,9a6c4ac17fa36f7bb36b40c5fe0c13d648ea4881518e0eb67dc4c7707252278f
2,additive,8,1000,800,200,10000,10000,0.5,316,41260912,41760912,1041760912,2041260912,3041260912,0.29905479006065866,1.0709746117501973,1.0050850976495482,0.09668435719381996,1.1469866190134856,-0.11673746134505175,0.1877304585832724,1.010196053517202,2.220446049250313e-16,5.369823483647451e-07,2212,0.005,1,1,0.9430021643638611,1.0,-0.056997835636138916,0.056997835636138916,-0.7064271569252014,-1.0,0.2935728430747986,0.2935728430747986,0.36286066829581776,0.731086025220079,0.7050370225694238,0.7321404218673706,7adedb80d3a869a36d4890399f7d1b2eb5b919f52258326cf393fd70fb91afc5
2,additive,8,1000,800,200,10000,10000,0.5,317,41260912,41760912,1041760912,2041260912,3041260912,0.29979107761846063,1.047178359867461,1.0197694199032983,0.09695330363003112,1.0965825173747057,-0.07680307561741374,0.128698400610649,1.0399296697699094,0.0,5.331162178379145e-07,2219,0.005,1,1,0.9423927664756775,1.0,-0.05760723352432251,0.05760723352432251,-0.7057958245277405,-1.0,0.2942041754722595,0.2942041754722595,0.3550238120126144,0.7140581655628395,0.7046540595126689,0.7157487869262695,0d1922a6ade1c76b458ee97cef43e53a3e1349440fe44cf171319861b5cc704a
2,additive,8,1000,800,200,10000,10000,0.5,318,41260912,41760912,1041760912,2041260912,3041260912,0.2972471471216815,1.086080764665171,1.0055307974977914,0.09567218737889942,1.1795714273756825,-0.13207571501901894,0.2071380142443397,1.0110921847165442,0.0,5.094695225693613e-07,2226,0.005,1,1,0.9436957240104675,1.0,-0.05630427598953247,0.05630427598953247,-0.708134114742279,-1.0,0.29186588525772095,0.29186588525772095,0.35549821481373123,0.7129092194969767,0.7050179421527015,0.7149336934089661,d0810ed072758a430a21a9de9773ea10ea748574ae6756c888a5dde7dafe7578
2,additive,8,1000,800,200,10000,10000,0.5,319,41260912,41760912,1041760912,2041260912,3041260912,0.2982071355772038,1.0289575583649124,1.037846921816271,0.09720439421179827,1.058753656916282,-0.03941590900228572,0.06819608888717092,1.077126233123509,0.0,5.71539224836215e-07,2233,0.005,1,1,0.9455945491790771,1.0,-0.05440545082092285,0.05440545082092285,-0.7067977786064148,-1.0,0.2932022213935852,0.2932022213935852,0.36154269162806174,0.723293230366426,0.7102534475276009,0.726781964302063,b5f4f55db320b1833cc1007bde6747dbc07e53a6bdfaf3c5c5dc024ad7d46e80
2,additive,8,1000,800,200,10000,10000,0.5,320,41260912,41760912,1041760912,2041260912,3041260912,0.29539367095142716,1.0336172557431242,0.9984256851455985,0.09368336893035907,1.068364631369947,-0.08259707577092411,0.1421577692996824,0.9968538487584577,-2.220446049250313e-16,5.527681494754688e-07,2240,0.005,1,1,0.9422160983085632,1.0,-0.05778390169143677,0.05778390169143677,-0.7103132009506226,-1.0,0.28968679904937744,0.28968679904937744,0.35583458522596945,0.706830815000917,0.7020393506445126,0.711707592010498,35b9c63bb46dc2c3c771eabb04f5a679c1c9790318fbe38188f1c0c79407ccf1
2,additive,8,1000,800,200,10000,10000,0.5,321,41260912,41760912,1041760912,2041260912,3041260912,0.2945141694350745,1.0386486914578499,0.9987004881459844,0.09270288140790849,1.0787911042671037,-0.08704566032599226,0.14860624363485186,0.9974026650230277,0.0,5.342154061338533e-07,2247,0.005,1,1,0.941418468952179,1.0,-0.058581531047821045,0.058581531047821045,-0.7113708257675171,-1.0,0.2886291742324829,0.2886291742324829,0.3497695919708073,0.7170332890674561,0.7010876786308232,0.7175205945968628,bf03f3ea31f8100af95eabb5529861ab628742a6250fb93c947b795bc268b85f
2,additive,8,1000,800,200,10000,10000,0.5,322,41260912,41760912,1041760912,2041260912,3041260912,0.2936568513386574,1.0742756171504904,1.0127355257849548,0.09079347488401122,1.1540681016040668,-0.10961416565057443,0.17610659324840075,1.025633245186929,0.0,5.30193846159932e-07,2254,0.005,1,1,0.9384551644325256,1.0,-0.061544835567474365,0.061544835567474365,-0.712864875793457,-1.0,0.28713512420654297,0.28713512420654297,0.3510064917537191,0.712903346241072,0.7038827195701561,0.7133218050003052,fed78db8c88bdc3ad6b69d88d7e30eb6bbe71c440ce9c77f998c44fad73cb8c3
2,additive,8,1000,800,200,10000,10000,0.5,323,41260912,41760912,1041760912,2041260912,3041260912,0.2953924106360784,1.0150373934101666,1.0086233582277582,0.09300431236164679,1.0303009100209053,-0.05299207180995586,0.09435026340847709,1.0173210787626406,2.220446049250313e-16,5.25073561519207e-07,2261,0.005,1,1,0.9406687617301941,1.0,-0.05933123826980591,0.05933123826980591,-0.7106274366378784,-1.0,0.2893725633621216,0.2893725633621216,0.35008307477594747,0.7312378859377456,0.7023928540212593,0.7339507937431335,d1683fc4908df7049ff41c39a5435c0469bbe04d94896989935741f9467c29c1
2,additive,8,1000,800,200,10000,10000,0.5,324,41260912,41760912,1041760912,2041260912,3041260912,0.2949952092399517,1.0380426433845753,1.0579713457617246,0.09471062747561185,1.0775325294848368,-0.026469894253787055,0.04516109835509178,1.1193033684528746,2.220446049250313e-16,5.742372071182444e-07,2268,0.005,1,1,0.9452325105667114,1.0,-0.054767489433288574,0.054767489433288574,-0.7101333141326904,-1.0,0.28986668586730957,0.28986668586730957,0.3951109801759374,0.7225796572723575,0.715989761557851,0.7257235050201416,e91bf3050d164c75af495c50b0794a7dd4498922bc4d6d3cfae28dc35c837bcf
2,additive,8,1000,800,200,10000,10000,0.5,325,41260912,41760912,1041760912,2041260912,3041260912,0.2921259916572632,1.1317500787750552,1.0624031997696164,0.09234457175199706,1.2808582408073435,-0.12225112683931057,0.17805254361730008,1.1287005588807193,0.0,5.322818346087388e-07,2275,0.005,1,1,0.9445279240608215,1.0,-0.05547207593917847,0.05547207593917847,-0.7131891846656799,-1.0,0.28681081533432007,0.28681081533432007,0.3761133651142848,0.7378957277263781,0.7189365060056251,0.7394301891326904,121947e579d201b5ce22cdfcbb33e08d17ef8cc1e57ef54ce7f08f2cad4e0bb8
2,additive,8,1000,800,200,10000,10000,0.5,326,41260912,41760912,1041760912,2041260912,3041260912,0.28932906217739496,1.1512684032039253,1.049739489852165,0.09059921587878367,1.3254189362157158,-0.157032577769708,0.22179458298247615,1.1019529965550838,4.440892098500626e-16,5.587827018871394e-07,2282,0.005,1,1,0.9450929164886475,1.0,-0.05490708351135254,0.05490708351135254,-0.7159286737442017,-1.0,0.28407132625579834,0.28407132625579834,0.37125418959194606,0.7206476682398605,0.7161346912672621,0.7245826721191406,6b41be038464fa88f66d03c027c9a21fe39e73249134ece9d198b68d49e04a4f
2,additive,8,1000,800,200,10000,10000,0.5,327,41260912,41760912,1041760912,2041260912,3041260912,0.2897720063366763,1.0625768521120098,1.0183539356818823,0.09163195455104117,1.129069566644268,-0.09182839143826509,0.15045183420161032,1.037044738318779,0.0,5.686612176702965e-07,2289,0.005,1,1,0.946778416633606,1.0,-0.05322158336639404,0.05322158336639404,-0.7151574492454529,-1.0,0.2848425507545471,0.2848425507545471,0.3463589775090067,0.7330213877064209,0.7063504506565179,0.7352992296218872,39670a2080d37b26b611745e244b43c02afbc9d0944ededc92d1aa154ef52278
2,additive,8,1000,800,200,10000,10000,0.5,328,41260912,41760912,1041760912,2041260912,3041260912,0.29165078741781436,1.023489109734688,1.0313455977290675,0.09334370250177108,1.0475299577455046,-0.03859995914607407,0.06766736842308696,1.0636737419551274,-2.220446049250313e-16,5.45410633989718e-07,2296,0.005,1,1,0.9476475119590759,1.0,-0.05235248804092407,0.05235248804092407,-0.7130864262580872,-1.0,0.28691357374191284,0.28691357374191284,0.3643748669885494,0.7230221139330897,0.7082722975059114,0.7270922660827637,8bcb7413d37002e233e03d3454e5e8c2a368a06da490f74ad554043229bdfdb9
2,additive,8,1000,800,200,10000,10000,0.5,329,41260912,41760912,1041760912,2041260912,3041260912,0.292409309822981,1.0440610169373845,1.022567933715062,0.0928672929454752,1.0900634070883255,-0.06864276048575459,0.11605542147784854,1.0456451790622912,-4.440892098500626e-16,5.684348671763928e-07,2303,0.005,1,1,0.9452708959579468,1.0,-0.05472910404205322,0.05472910404205322,-0.7127580642700195,-1.0,0.28724193572998047,0.28724193572998047,0.3423706018603814,0.719295442090379,0.7063918011686299,0.7215960025787354,29066a0d8a2e6f4e839bb9427a80b2f80202261fcd07a1d89b5f90231f79bbc9
2,additive,8,1000,800,200,10000,10000,0.5,330,41260912,41760912,1041760912,2041260912,3041260912,0.2948831576083592,1.0498292320146339,1.0268250744980085,0.09467187293066641,1.102141416392436,-0.0712217778526308,0.11901902909669837,1.0543697336178406,0.0,5.648830629922941e-07,2310,0.005,1,1,0.9453297853469849,1.0,-0.05467021465301514,0.05467021465301514,-0.7102289795875549,-1.0,0.28977102041244507,0.28977102041244507,0.3433274926035406,0.7321849388357188,0.708524802212752,0.7351872324943542,3010e7890ece34099707d101d6304ba900a01ddf5d70b70b25c149a5d952ed61
2,additive,8,1000,800,200,10000,10000,0.5,331,41260912,41760912,1041760912,2041260912,3041260912,0.2950242423612757,1.0731414734639066,1.0296827865931821,0.09368382855383266,1.1516326220682849,-0.09253490480790835,0.14861267553589463,1.0602466410063007,0.0,5.530775428752577e-07,2317,0.005,1,1,0.9428256154060364,1.0,-0.05717438459396362,0.05717438459396362,-0.7105688452720642,-1.0,0.2894311547279358,0.2894311547279358,0.3481623305362395,0.7079383983795688,0.7074308023295247,0.7107497453689575,5afbcd0011836df6abbdc73a5c466f7e1d400053851dfd3d7c1e8f83cc2e6ad4
2,additive,8,1000,800,200,10000,10000,0.5,332,41260912,41760912,1041760912,2041260912,3041260912,0.2960221771227676,1.023134168660581,1.04141065818883,0.09449232272851416,1.0468035270807785,-0.028379845410000236,0.04973267083156822,1.0845361589892921,0.0,5.455370573059781e-07,2324,0.005,1,1,0.9430288672447205,1.0,-0.05697113275527954,0.05697113275527954,-0.7095117568969727,-1.0,0.29048824310302734,0.29048824310302734,0.35959233706552723,0.7278672688982661,0.7105435410371519,0.7316256761550903,431fd46ca658488d5199890b7062ba8f61faf2000110fa601891645dd9dc8033
2,additive,8,1000,800,200,10000,10000,0.5,333,41260912,41760912,1041760912,2041260912,3041260912,0.2965698718223465,1.0971347249543784,1.0420802356672993,0.09261160626721211,1.2037046047007194,-0.10519249669975853,0.16229450161888131,1.0859312175684144,-2.220446049250313e-16,5.323771681275957e-07,2331,0.005,1,1,0.9378624558448792,1.0,-0.06213754415512085,0.06213754415512085,-0.7100127339363098,-1.0,0.2899872660636902,0.2899872660636902,0.3408526152123193,0.7220515889921562,0.7116217192420815,0.7233544588088989,29fc83ab082b0388b7138f6a9436e5ac9e94076bd910e119465caa0b7b1405df
2,additive,8,1000,800,200,10000,10000,0.5,334,41260912,41760912,1041760912,2041260912,3041260912,0.29732691144005247,1.1151012561574396,1.0563044239216954,0.0923820025444342,1.2434508114838996,-0.1100268890158944,0.16473152607188563,1.115779035996545,0.0,5.282186350541451e-07,2338,0.005,1,1,0.9361236691474915,1.0,-0.06387633085250854,0.06387633085250854,-0.7096155881881714,-1.0,0.2903844118118286,0.2903844118118286,0.3491423249160224,0.7140263595057175,0.7143581422042542,0.716339111328125,6cf79397a374862adfebe7ad74c756e15ae8ab0bd365c4520e01c6caaf699fc5
2,additive,8,1000,800,200,10000,10000,0.5,335,41260912,41760912,1041760912,2041260912,3041260912,0.2977090963727664,1.129462388740105,1.0637493472358315,0.09217752543586748,1.275685287578504,-0.11815006963485696,0.17275134393702624,1.1315626737446578,2.220446049250313e-16,5.573581542961392e-07,2345,0.005,1,1,0.9350515604019165,1.0,-0.0649484395980835,0.0649484395980835,-0.7094618678092957,-1.0,0.29053813219070435,0.29053813219070435,0.372728623091895,0.740726678005327,0.7193906378216627,0.7429602146148682,0fcebe1fa0bf784bbad7e942255aebf81f381009ddced96a0825f9c1b86a7b1d
2,additive,8,1000,800,200,10000,10000,0.5,336,41260912,41760912,1041760912,2041260912,3041260912,0.2978014214918325,1.1198820966248426,1.0398373253934485,0.09177644912882071,1.2541359103408534,-0.13232534809413685,0.19663293402889415,1.0812616632814005,2.220446049250313e-16,5.194006202913215e-07,2352,0.005,1,1,0.9340075850486755,1.0,-0.06599241495132446,0.06599241495132446,-0.7096025347709656,-1.0,0.2903974652290344,0.2903974652290344,0.36287286443821626,0.7107653344523712,0.71246521715865,0.7113631963729858,6ffe4acdf21f8e5f155d521e6747a8ecd86fd59976e5114789d1d2d8ab44c2a5
2,additive,8,1000,800,200,10000,10000,0.5,337,41260912,41760912,1041760912,2041260912,3041260912,0.3007760326159978,1.0278702794853307,1.0441939805914158,0.09670028152360675,1.056517311449252,-0.03143826193475632,0.054522688738579156,1.090341069103346,-2.220446049250313e-16,5.630965311809177e-07,2359,0.005,1,1,0.940203070640564,1.0,-0.059796929359436035,0.059796929359436035,-0.7052279710769653,-1.0,0.29477202892303467,0.29477202892303467,0.3623198701997314,0.7432332573903427,0.7122421784206814,0.7443772554397583,1ddeda606acd8b791ddd09f8654bc0464a226e5fb6bb25b89d3de3b5394e7e54
2,additive,8,1000,800,200,10000,10000,0.5,338,41260912,41760912,1041760912,2041260912,3041260912,0.2967348012837247,1.0916510846803185,1.0439938596900271,0.0937968989058097,1.191702090683716,-0.09778790525952284,0.15213999552150193,1.08992317907048,0.0,5.439355490466369e-07,2366,0.005,1,1,0.940275251865387,1.0,-0.05972474813461304,0.05972474813461304,-0.7093378305435181,-1.0,0.29066216945648193,0.29066216945648193,0.34332650762258893,0.7210784466503672,0.7128999541031134,0.727453351020813,342197f97364bb41c5d2267d9f57b770812dcc4d774a46fcdaf9fb37832bda17
2,additive,8,1000,800,200,10000,10000,0.5,339,41260912,41760912,1041760912,2041260912,3041260912,0.29519477671958205,1.0896339722983315,1.0556714115690324,0.0944723342357665,1.187302193586641,-0.08366619930912698,0.13054745197857312,1.1144421292041535,0.0,5.758640568842566e-07,2373,0.005,1,1,0.9443526268005371,1.0,-0.05564737319946289,0.05564737319946289,-0.7100977301597595,-1.0,0.2899022698402405,0.2899022698402405,0.3480273397784127,0.7242453785198585,0.7142796230019693,0.7284441590309143,065460b7ba7d70082f2b1a304ad56e9e12bc66bb0eb80c056a41b36913981beb
2,additive,8,1000,800,200,10000,10000,0.5,340,41260912,41760912,1041760912,2041260912,3041260912,0.2931046589665683,1.0776815610671744,1.0296744743376796,0.09431544837157928,1.161397547064182,-0.09774173616659236,0.15567528013465168,1.0602295231025767,0.0,5.679893959609217e-07,2380,0.005,1,1,0.947476863861084,1.0,-0.052523136138916016,0.052523136138916016,-0.7116397023200989,-1.0,0.2883602976799011,0.2883602976799011,0.3419405457535825,0.7315875091183506,0.7104282626939254,0.7343350648880005,013d42771c2996c9ea0cfc4bd4d6b9a742ba39112449a7bd4f07ae5fcc0a9214
2,additive,8,1000,800,200,10000,10000,0.5,341,41260912,41760912,1041760912,2041260912,3041260912,0.29365767070879695,1.0769126617237876,1.0316448684999941,0.09498782839780093,1.159740880981013,-0.09521878733822207,0.1517758964571116,1.0642911347023702,4.440892098500626e-16,5.533122351408792e-07,2387,0.005,1,1,0.948113203048706,1.0,-0.051886796951293945,0.051886796951293945,-0.7109626531600952,-1.0,0.2890373468399048,0.2890373468399048,0.33247537418001455,0.7172771773078926,0.7090998797032684,0.7195262908935547,264cea5afd27fd7a2587c376d822d9d439cf43eb7af0df481936f39ec33a4676
2,additive,8,1000,800,200,10000,10000,0.5,342,41260912,41760912,1041760912,2041260912,3041260912,0.2931032484899251,1.0391934145639907,1.0463729635966115,0.09441681493586573,1.0799229528731662,-0.039721694431538106,0.06764940696106536,1.0948963789459556,-2.220446049250313e-16,5.335921500204677e-07,2394,0.005,1,1,0.9477153420448303,1.0,-0.05228465795516968,0.05228465795516968,-0.7115978002548218,-1.0,0.2884021997451782,0.2884021997451782,0.3604369687320012,0.727264492134602,0.7120471441151972,0.7328804731369019,67ca86503fc2a0b83e43b7683ead98a032aa6f062048f08814f57ec9ed0814f1
2,additive,8,1000,800,200,10000,10000,0.5,343,41260912,41760912,1041760912,2041260912,3041260912,0.2931150521186183,1.0385992624683147,1.0703535822997239,0.09411089298608874,1.0786884279997273,-0.01357126492198222,0.023143371042497987,1.1456567911418516,0.0,5.31891076960278e-07,2401,0.005,1,1,0.9469833970069885,1.0,-0.053016602993011475,0.053016602993011475,-0.7117194533348083,-1.0,0.28828054666519165,0.28828054666519165,0.369045959868487,0.7347642284443093,0.718170422828576,0.7401427626609802,e8a262c4608fa45358420ccc826292c4f1bf44512cb9980ff2ccd804b8e4e23f
2,additive,8,1000,800,200,10000,10000,0.5,344,41260912,41760912,1041760912,2041260912,3041260912,0.2925301911730673,1.1149823909062886,1.0521939461930696,0.09227069692032977,1.2431857320311037,-0.11417216427304452,0.17098598171816,1.1071121004053444,0.0,5.448782580685929e-07,2408,0.005,1,1,0.9436883330345154,1.0,-0.05631166696548462,0.05631166696548462,-0.7129409313201904,-1.0,0.28705906867980957,0.28705906867980957,0.34311054398764385,0.7175196740372836,0.7140667296504067,0.7204939126968384,8c69b53e56e59e3d4d4c536a7f691b914743fec8f23d8f2eab06efd1fdbe45eb
2,additive,8,1000,800,200,10000,10000,0.5,345,41260912,41760912,1041760912,2041260912,3041260912,0.29322872112181453,1.0759540106722905,1.030982301778474,0.09358075567673821,1.1576770330817872,-0.09416664108904263,0.1505151727086918,1.0629245065804405,2.220446049250313e-16,5.603050539093601e-07,2415,0.005,1,1,0.9455628395080566,1.0,-0.05443716049194336,0.05443716049194336,-0.7118686437606812,-1.0,0.28813135623931885,0.28813135623931885,0.3402295626344224,0.7293842250988019,0.7093732655883699,0.7323582768440247,340b19dd33e558d6477069c3c4b200571ad8764ffb87ec5516c3b5bb39e252e5
2,additive,8,1000,800,200,10000,10000,0.5,346,41260912,41760912,1041760912,2041260912,3041260912,0.291842117413275,1.0971577327566797,1.0479588606333952,0.0928521867621629,1.2037550905477779,-0.09919475186494855,0.1530066252146093,1.0982177735800436,-2.220446049250313e-16,5.668090441446338e-07,2422,0.005,1,1,0.9461798667907715,1.0,-0.053820133209228516,0.053820133209228516,-0.713163435459137,-1.0,0.28683656454086304,0.28683656454086304,0.3347820597125081,0.7180131861157478,0.7130299234766662,0.7222239971160889,cfc62debd370b0045001d7f0f8b0656320ad8a23ddc7e8be8a8188a404f498e5
2,additive,8,1000,800,200,10000,10000,0.5,347,41260912,41760912,1041760912,2041260912,3041260912,0.2917080514195286,1.0661700464499912,1.0400110020146267,0.0932726364049076,1.1367185679471765,-0.07418416002030806,0.12062551302451897,1.081622884311468,-2.220446049250313e-16,5.667767553063641e-07,2429,0.005,1,1,0.947385311126709,1.0,-0.052614688873291016,0.052614688873291016,-0.7130761742591858,-1.0,0.2869238257408142,0.2869238257408142,0.33179581268864056,0.719153391251771,0.7103488679725987,0.7225034236907959,e9395a07730da99c61f3f563adb002f188a68e9e0cec1a2d57683031cfc1a7c2
2,additive,8,1000,800,200,10000,10000,0.5,348,41260912,41760912,1041760912,2041260912,3041260912,0.2908695695345964,1.0730066875579176,1.0471850978179693,0.09344653340022707,1.1513433515440148,-0.07409662792610598,0.11905081945524487,1.0965966290920302,2.220446049250313e-16,5.370239399837828e-07,2436,0.005,1,1,0.9492029547691345,1.0,-0.05079704523086548,0.05079704523086548,-0.7136003375053406,-1.0,0.2863996624946594,0.2863996624946594,0.3309726146855214,0.7241580698504251,0.7123945120196197,0.7271729707717896,9d4b07550c493d3b9aa8794995b5a99637ac821cdd1ef1cc0a0fd1370721d2f3
2,additive,8,1000,800,200,10000,10000,0.5,349,41260912,41760912,1041760912,2041260912,3041260912,0.29053329396106586,1.0735474676131957,1.041394097491619,0.09366464946939236,1.1525041652187054,-0.08083357419885707,0.1297313385571903,1.0845016662903837,0.0,5.638283493425433e-07,2443,0.005,1,1,0.9502859115600586,1.0,-0.049714088439941406,0.049714088439941406,-0.7137516736984253,-1.0,0.2862483263015747,0.2862483263015747,0.33209243868407545,0.7207538861700294,0.7110553342584268,0.724346399307251,d8dc8b0f0dfea36fa7976b95e46f5776ae784ea3fb33ec19cf3e8285e423a1e1
2,additive,8,1000,800,200,10000,10000,0.5,350,41260912,41760912,1041760912,2041260912,3041260912,0.29270872400852926,1.0963265452628277,1.0671003532846866,0.09578883731592959,1.201931893847927,-0.07950878359177709,0.12253604598035493,1.1387031639803027,0.0,5.676624148520659e-07,2450,0.005,1,1,0.9515968561172485,1.0,-0.048403143882751465,0.048403143882751465,-0.7113210558891296,-1.0,0.28867894411087036,0.28867894411087036,0.33292666882771454,0.727372503380235,0.7161145265547062,0.7315753698348999,7ad4d91aee9ba877e4b9457e52011712720f9aeda15c544329c1e083da932a69
2,additive,8,1000,800,200,10000,10000,0.5,351,41260912,41760912,1041760912,2041260912,3041260912,0.29533523972639036,1.0913248972808243,1.0663283590778392,0.09821686502280078,1.1909900314250015,-0.07607536353708268,0.11801885910895425,1.137056169373637,0.0,5.388842243547742e-07,2457,0.005,1,1,0.9528025984764099,1.0,-0.04719740152359009,0.04719740152359009,-0.7084604501724243,-1.0,0.2915395498275757,0.2915395498275757,0.3275621369573568,0.7340693387686238,0.7183446426341467,0.7370633482933044,8c36b58fbf7c5969fb1480c64ef6bee0d6e506d67e9bb8851e55ee0d4712c048
2,additive,8,1000,800,200,10000,10000,0.5,352,41260912,41760912,1041760912,2041260912,3041260912,0.292429203261984,1.0933803027587234,1.0680553901750744,0.09626732735037065,1.1954804864607576,-0.07550274866454892,0.11690013771618195,1.1407423164820303,0.0,5.335761183999921e-07,2464,0.005,1,1,0.9532050490379333,1.0,-0.04679495096206665,0.04679495096206665,-0.7113391757011414,-1.0,0.28866082429885864,0.28866082429885864,0.3391716264557745,0.732563843777011,0.7176740610891781,0.734605073928833,8a82393da549ef68e93a950a3a3a90c0ea9bc6d55eb113dfd6c314cd6c02d326
2,additive,8,1000,800,200,10000,10000,0.5,353,41260912,41760912,1041760912,2041260912,3041260912,0.2885257561348028,1.1751805159443693,1.0823988037122692,0.09086196626616376,1.3810492450552743,-0.15016202052184333,0.2040367915766228,1.1715871702777514,0.0,5.274072343297576e-07,2471,0.005,1,1,0.9470462203025818,1.0,-0.05295377969741821,0.05295377969741821,-0.7163752317428589,-1.0,0.2836247682571411,0.2836247682571411,0.35500051743461214,0.7243412749533101,0.7238777457550237,0.7294906377792358,8c2b490bce05a898fc184e5aef0fe71d74de95d4db01d759c21607ad6d67ff90
2,additive,8,1000,800,200,10000,10000,0.5,354,41260912,41760912,1041760912,2041260912,3041260912,0.28758016870462827,1.135181821208514,1.0768866631959206,0.09027234891808386,1.2886377672022786,-0.10961261537555914,0.15898442413920366,1.1596848853692443,0.0,5.713691670905519e-07,2478,0.005,1,1,0.9472315311431885,1.0,-0.05276846885681152,0.05276846885681152,-0.7173025608062744,-1.0,0.2826974391937256,0.2826974391937256,0.3361664992338489,0.7215583819833814,0.7181371611070996,0.7228398323059082,485a45f11fdb880be1be6aa6e8914de8e50a58d331e54387912096fb20b885f2
2,additive,8,1000,800,200,10000,10000,0.5,355,41260912,41760912,1041760912,2041260912,3041260912,0.2884855634921358,1.0595826506518236,1.0533538544450662,0.09147324117594889,1.1227153935623444,-0.052317146032007864,0.08617630660541362,1.1095543426742778,2.220446049250313e-16,5.448090156789931e-07,2485,0.005,1,1,0.9485579133033752,1.0,-0.051442086696624756,0.051442086696624756,-0.7161380052566528,-1.0,0.28386199474334717,0.28386199474334717,0.33440695818415045,0.7266988226253227,0.7116501819777714,0.7267639636993408,a141c0c1f02cc49f1640fde732592a9128e757e6a156e18d5fac0d003fdd1dfa
2,additive,8,1000,800,200,10000,10000,0.5,356,41260912,41760912,1041760912,2041260912,3041260912,0.2858650549544927,1.0735077516434932,1.0348809450287675,0.08904187060067477,1.152418892838668,-0.0852410965278541,0.13732386723476006,1.070978570383635,2.220446049250313e-16,5.243899234841365e-07,2492,0.005,1,1,0.9471728205680847,1.0,-0.05282717943191528,0.05282717943191528,-0.7190585136413574,-1.0,0.2809414863586426,0.2809414863586426,0.34292409745779895,0.7062774482351521,0.7092439253798548,0.7109254598617554,d3d2daf3979b58c3b5d6f882bcc68c28dfc48c108db6a43af36bbb3ec6eda297
2,additive,8,1000,800,200,10000,10000,0.5,357,41260912,41760912,1041760912,2041260912,3041260912,0.2871410907634238,1.093426519600995,1.0674132045257059,0.09046370290403838,1.1955815537667447,-0.07333715373747327,0.11405065779305926,1.1393709491958366,2.220446049250313e-16,5.350368112999604e-07,2499,0.005,1,1,0.9484198689460754,1.0,-0.05158013105392456,0.05158013105392456,-0.7175296545028687,-1.0,0.28247034549713135,0.28247034549713135,0.3363945771124763,0.7251922876322344,0.7168540883048449,0.7299115657806396,f303c9676b315c9879bcc5435387bceb92828acaf405de8bcf4445523a5e982a
2,additive,8,1000,800,200,10000,10000,0.5,358,41260912,41760912,1041760912,2041260912,3041260912,0.2881439105154736,1.0678752765131092,1.044654528074283,0.09207582405155833,1.1403576061879495,-0.0705651736067024,0.11451356621020733,1.0913030830261028,0.0,5.576743387081251e-07,2506,0.005,1,1,0.9505648612976074,1.0,-0.04943513870239258,0.04943513870239258,-0.716128408908844,-1.0,0.283871591091156,0.283871591091156,0.3315852500191784,0.7288798608559318,0.7125651176541687,0.7343689203262329,62c76ebc31ef5bc6f7af9596cb80122acc514b0740a89fa5cc84af48ae93754e
2,additive,8,1000,800,200,10000,10000,0.5,359,41260912,41760912,1041760912,2041260912,3041260912,0.28846640488448494,1.0844325271167974,1.0618012513397583,0.09197143958507553,1.1759939058689235,-0.07027172405366121,0.11084171078587356,1.1274218973466765,0.0,5.443514456970888e-07,2513,0.005,1,1,0.9497713446617126,1.0,-0.050228655338287354,0.050228655338287354,-0.7159402370452881,-1.0,0.2840597629547119,0.2840597629547119,0.34302898659615777,0.7194907074093547,0.7165686119854298,0.7247225046157837,49a5b90083a161c178aef27b041c389866a13801744261b4f5a2b3a60c659c4a
2,additive,8,1000,800,200,10000,10000,0.5,360,41260912,41760912,1041760912,2041260912,3041260912,0.28844286215992415,1.0774251031336164,1.0709195254572266,0.09175219652099231,1.1608448528624837,-0.05286420968897239,0.08440736742113829,1.1468686300055315,2.220446049250313e-16,5.567414866902709e-07,2520,0.005,1,1,0.9492907524108887,1.0,-0.05070924758911133,0.05070924758911133,-0.7160495519638062,-1.0,0.28395044803619385,0.28395044803619385,0.33904705967820514,0.7311182207096877,0.7179245188915547,0.7324626445770264,492135ca07cb8049aac6c3657cd030f6dfe065782521f8ef4e9380578c83711f
2,additive,8,1000,800,200,10000,10000,0.5,361,41260912,41760912,1041760912,2041260912,3041260912,0.2855121721864987,1.1114519578458524,1.0699842598103027,0.08762338414176897,1.2353254545993786,-0.08904126124967324,0.13461028672038516,1.1448663162418014,2.220446049250313e-16,5.487412053639673e-07,2527,0.005,1,1,0.9443926215171814,1.0,-0.055607378482818604,0.055607378482818604,-0.719955325126648,-1.0,0.28004467487335205,0.28004467487335205,0.33582109094395785,0.7274235505911093,0.7182804211754358,0.7327851057052612,00d722f8229ffbbc9ff4945edd33d0688593fe2137933c0c48e0d7383a8a6681
2,additive,8,1000,800,200,10000,10000,0.5,362,41260912,41760912,1041760912,2041260912,3041260912,0.2885196407838661,1.0926963128892722,1.083761670890931,0.0913524968540685,1.19398523220181,-0.05539918488178794,0.08620175636247822,1.1745393592923028,2.220446049250313e-16,5.678563823607874e-07,2534,0.005,1,1,0.9482150077819824,1.0,-0.05178499221801758,0.05178499221801758,-0.7161657214164734,-1.0,0.2838342785835266,0.2838342785835266,0.33828429928509,0.7295754455423445,0.7221106219574225,0.7339779734611511,bba823df964e1584bd4bddfcbd01a02590cac89f8749794559e3008309444bdd
2,additive,8,1000,800,200,10000,10000,0.5,363,41260912,41760912,1041760912,2041260912,3041260912,0.2893832806562836,1.0801397195532345,1.0638994293750599,0.09052671821718275,1.16670181375654,-0.06267326807457237,0.0997006772924277,1.131881995824578,2.220446049250313e-16,5.598805881135149e-07,2541,0.005,1,1,0.9448333978652954,1.0,-0.05516660213470459,0.05516660213470459,-0.7159237265586853,-1.0,0.2840762734413147,0.2840762734413147,0.3314709596974273,0.7220130763144801,0.7152010542586497,0.7254120111465454,d3b5c11c4643f4de4d4d21000999a563e451dfe0f17a91c213179c772d55dd16
2,additive,8,1000,800,200,10000,10000,0.5,364,41260912,41760912,1041760912,2041260912,3041260912,0.29021118863686873,1.1086784495433977,1.0814522937328999,0.09141336387956674,1.2291679044819523,-0.07552110237068443,0.11437554685958179,1.1695390636201504,2.220446049250313e-16,5.619260363687317e-07,2548,0.005,1,1,0.9455350637435913,1.0,-0.05446493625640869,0.05446493625640869,-0.7149454355239868,-1.0,0.2850545644760132,0.2850545644760132,0.3285818250244445,0.7360547809520881,0.7224563947371669,0.7411333322525024,a3ad18d7b4e1248e34a533de13b6446b89ee0fdda532d6269b62bc4d335e4d9e
2,additive,8,1000,800,200,10000,10000,0.5,365,41260912,41760912,1041760912,2041260912,3041260912,0.2915001291528867,1.121624728774747,1.090850288654202,0.09158648877349804,1.2580420321990249,-0.07983708435778356,0.11830971725501785,1.1899543522569558,0.0,5.657659869484633e-07,2555,0.005,1,1,0.943804144859314,1.0,-0.056195855140686035,0.056195855140686035,-0.7139679193496704,-1.0,0.2860320806503296,0.2860320806503296,0.3260352667122646,0.7281322494434468,0.7218283471005263,0.7338912487030029,b6df54411d5338fb0a68d726c9f2261e1e0739e7ad0e26f45211237a1f28e02e
2,additive,8,1000,800,200,10000,10000,0.5,366,41260912,41760912,1041760912,2041260912,3041260912,0.2912770885931106,1.0960642667854186,1.062224368723984,0.09112365232158359,1.2013568769238574,-0.08207995986718729,0.1270115224329238,1.1283206095110665,0.0,5.274573293689855e-07,2562,0.005,1,1,0.9430983662605286,1.0,-0.056901633739471436,0.056901633739471436,-0.7143349051475525,-1.0,0.2856650948524475,0.2856650948524475,0.331297688695204,0.7237151281761379,0.7142061881423802,0.7268915772438049,f4dccb89efc5dd25d8fbe2980917eda24dda3ea10cf0f8a85223b1ad35449377
2,additive,8,1000,800,200,10000,10000,0.5,367,41260912,41760912,1041760912,2041260912,3041260912,0.29300561348053994,1.106352810373423,1.0777055464824803,0.09194114663496947,1.2240165410211714,-0.0772542213685197,0.11741140629850735,1.1614492449191016,0.0,5.094360702173617e-07,2569,0.005,1,1,0.9421452879905701,1.0,-0.05785471200942993,0.05785471200942993,-0.7127629518508911,-1.0,0.2872370481491089,0.2872370481491089,0.32305497110345416,0.7222141466485036,0.718538142969074,0.7255613207817078,a96152b838e53f5d82aa0f4b0f1ccc1cce50000424cb4b629134dfe3be6bfc65
2,additive,8,1000,800,200,10000,10000,0.5,368,41260912,41760912,1041760912,2041260912,3041260912,0.2933726249342709,1.088580514377603,1.0875290040778274,0.09221410923707252,1.1850075362826067,-0.04725115540458415,0.07399053338993246,1.182719334710511,0.0,5.709967734190968e-07,2576,0.005,1,1,0.9421705007553101,1.0,-0.05782949924468994,0.05782949924468994,-0.712383508682251,-1.0,0.287616491317749,0.287616491317749,0.33617128818258607,0.7249055010265915,0.7221482032488284,0.730388879776001,32027b2c80db323e7e58ee60a6be85ed45a48225795d8edf97023f587e209738
2,additive,8,1000,800,200,10000,10000,0.5,369,41260912,41760912,1041760912,2041260912,3041260912,0.29112690388188556,1.0743080508307086,1.0600629610791485,0.08859114975795328,1.1541377880796764,-0.059497728192868624,0.09575334794471871,1.1237334814518922,-2.220446049250313e-16,5.696771179231064e-07,2583,0.005,1,1,0.9375055432319641,1.0,-0.06249445676803589,0.06249445676803589,-0.7156598567962646,-1.0,0.28434014320373535,0.28434014320373535,0.332861428730331,0.7254049080616752,0.7149593508488068,0.7304755449295044,95ae25a7f40b2383363843c67b82c8c0e2fdbf8487a1aec2fd004a1ffe2ede7d
2,additive,8,1000,800,200,10000,10000,0.5,370,41260912,41760912,1041760912,2041260912,3041260912,0.29024114126516903,1.0928888780348458,1.0570024756430212,0.08723948183494612,1.194406099732264,-0.08219567402586736,0.12826584074102235,1.1172542335154754,0.0,5.735259911432422e-07,2590,0.005,1,1,0.9358289241790771,1.0,-0.06417107582092285,0.06417107582092285,-0.7169417142868042,-1.0,0.2830582857131958,0.2830582857131958,0.32922005143997013,0.7282117276044877,0.7138160087340091,0.7311549186706543,6066f923626c358628b7594a38e04dd98d8efe4d22f67f1de42edf27f1ca1f9e
2,additive,8,1000,800,200,10000,10000,0.5,371,41260912,41760912,1041760912,2041260912,3041260912,0.29287783174714677,1.0924480483756371,1.0923777377177641,0.08732556633918208,1.1934427383997386,-0.043739591438770355,0.06830211409344095,1.1932891218613801,2.220446049250313e-16,5.492288899233699e-07,2597,0.005,1,1,0.9318375587463379,1.0,-0.06816244125366211,0.06816244125366211,-0.7151644229888916,-1.0,0.2848355770111084,0.2848355770111084,0.3478166022935822,0.7214229009430655,0.7226916920890424,0.7256635427474976,f3fac056eddbbac504408baee8c9ea610c159220e197bb4050b340899e6eb1bb
2,additive,8,1000,800,200,10000,10000,0.5,372,41260912,41760912,1041760912,2041260912,3041260912,0.2951790762084844,1.115364810239848,1.1107908675916842,0.08825208939656566,1.244038659921372,-0.0492171988964256,0.07388357071701084,1.2338563515250867,2.220446049250313e-16,5.377623093494321e-07,2604,0.005,1,1,0.9302930235862732,1.0,-0.0697069764137268,0.0697069764137268,-0.7131696939468384,-1.0,0.2868303060531616,0.2868303060531616,0.3325330984033584,0.744632100353942,0.7259727022891053,0.7476156949996948,751cfb8e90d2b7905ccdbe075574c3352dbbfc153b84074440878274f6b4df9e
2,additive,8,1000,800,200,10000,10000,0.5,373,41260912,41760912,1041760912,2041260912,3041260912,0.2945204415901999,1.1176358241245774,1.0911787208317372,0.08559642974366519,1.2491098353666235,-0.07201763215715114,0.10791532794850592,1.1906710007959864,2.220446049250313e-16,5.239458005235065e-07,2611,0.005,1,1,0.9254040122032166,1.0,-0.07459598779678345,0.07459598779678345,-0.7150829434394836,-1.0,0.28491705656051636,0.28491705656051636,0.3662698146227308,0.7196902999958378,0.7243070662130933,0.7257436513900757,1c4747e12884515a79e9b604c07a7d031cdb376f75bcf68b02fad520ec39a3a8
2,additive,8,1000,800,200,10000,10000,0.5,374,41260912,41760912,1041760912,2041260912,3041260912,0.29630762791412396,1.1324710427266778,1.114972098210208,0.08702526223128104,1.282490662614449,-0.0631765725292282,0.09226117255459408,1.2431627797872737,0.0,5.464526289244986e-07,2618,0.005,1,1,0.9258058667182922,1.0,-0.07419413328170776,0.07419413328170776,-0.7131316661834717,-1.0,0.2868683338165283,0.2868683338165283,0.34633260914639197,0.7515702085193374,0.7286458108858187,0.7528344392776489,8ff16e0ea24f4f212e3ab9b9d4c1663d91bde826e68c254a3c324d2c7a4467bd
2,additive,8,1000,800,200,10000,10000,0.5,375,41260912,41760912,1041760912,2041260912,3041260912,0.2956958140889863,1.2069827446827552,1.1134030878381775,0.0866037290779296,1.4568073459619169,-0.15187231951612887,0.19680086785979292,1.2396664360075886,0.0,5.465389136816157e-07,2625,0.005,1,1,0.9258205890655518,1.0,-0.07417941093444824,0.07417941093444824,-0.7137598395347595,-1.0,0.2862401604652405,0.2862401604652405,0.3606253087277105,0.728581649847823,0.7313736732560313,0.7315449118614197,a420bb20e929e16f76d45c1ff24a5255b50752332cffb503203e89df297a373e
2,additive,8,1000,800,200,10000,10000,0.5,376,41260912,41760912,1041760912,2041260912,3041260912,0.29711785446369005,1.1365068923778192,1.1057696113557938,0.08883751272314655,1.291647916422288,-0.07887949787374574,0.11427791443271476,1.222726433397943,0.0,5.419349164981213e-07,2632,0.005,1,1,0.9285542368888855,1.0,-0.0714457631111145,0.0714457631111145,-0.7116000652313232,-1.0,0.28839993476867676,0.28839993476867676,0.3311565724787611,0.7273971592434129,0.7243637174816371,0.730444073677063,612db8523940a958a70d5a75985e6afb82fcf75ff291ee640497b7b7639674a3
2,additive,8,1000,800,200,10000,10000,0.5,377,41260912,41760912,1041760912,2041260912,3041260912,0.2975202126261339,1.1185461674839892,1.0851614593083552,0.08793901756727242,1.2511455287931201,-0.08075457679607685,0.12061161786321307,1.1775753927682389,0.0,5.384144348141717e-07,2639,0.005,1,1,0.9259427189826965,1.0,-0.07405728101730347,0.07405728101730347,-0.7118441462516785,-1.0,0.28815585374832153,0.28815585374832153,0.32304634924631725,0.7332096332289975,0.7215965040294077,0.7380328178405762,a4d45d5f71e96444f1414fe5bbf26834ca81d8ec554dfea01fae2b8b4847ad69
2,additive,8,1000,800,200,10000,10000,0.5,378,41260912,41760912,1041760912,2041260912,3041260912,0.29906060233847215,1.1044527080733855,1.0752101335836717,0.0883039529750431,1.219815784370635,-0.07602145299233064,0.11623011383741783,1.156076831361017,2.220446049250313e-16,5.608560851300126e-07,2646,0.005,1,1,0.9243594408035278,1.0,-0.07564055919647217,0.07564055919647217,-0.7106632590293884,-1.0,0.2893367409706116,0.2893367409706116,0.3331117448656768,0.7145532532487369,0.7184860307343585,0.7195625901222229,cbe9a554e6bb5bfdd44e20a3d2d0992e3dc22198b0e9fdabf9ee03c8a18d9854
2,additive,8,1000,800,200,10000,10000,0.5,379,41260912,41760912,1041760912,2041260912,3041260912,0.2991023757919578,1.102115869209859,1.079779866772838,0.08901892362060573,1.214659389164203,-0.06887687604842041,0.10566544733154512,1.1659245606879678,-2.220446049250313e-16,5.700242322603799e-07,2653,0.005,1,1,0.9258604049682617,1.0,-0.07413959503173828,0.07413959503173828,-0.7102319002151489,-1.0,0.2897680997848511,0.2897680997848511,0.32093215211614884,0.7290423206776321,0.7195202215392724,0.7294632196426392,1c076cde68365cd9b2d5039cf542beebe4b0484c82f682a0b13d555aec803572
2,additive,8,1000,800,200,10000,10000,0.5,380,41260912,41760912,1041760912,2041260912,3041260912,0.29893995822849184,1.141901758254648,1.1084009593863589,0.08947228846512612,1.3039396255050564,-0.08242961360079101,0.11831334693547756,1.2285526867686005,0.0,5.654494188434001e-07,2660,0.005,1,1,0.9271082878112793,1.0,-0.0728917121887207,0.0728917121887207,-0.7100829482078552,-1.0,0.2899170517921448,0.2899170517921448,0.3191575755397814,0.7393701705255896,0.727852636984364,0.7428624629974365,cf9317116119ec360cafe0f0ee93b0db35c90d344d22ffe89a8b143814cff89b
2,additive,8,1000,800,200,10000,10000,0.5,381,41260912,41760912,1041760912,2041260912,3041260912,0.29811841091740443,1.1759214946486172,1.1225968372410282,0.09016095910738993,1.3827913615766378,-0.10636433085023404,0.14442331819788878,1.2602236589835594,-4.440892098500626e-16,5.35124826228639e-07,2667,0.005,1,1,0.9299142956733704,1.0,-0.07008570432662964,0.07008570432662964,-0.7102370262145996,-1.0,0.2897629737854004,0.2897629737854004,0.32366259207172193,0.7429401100334658,0.7299739696954801,0.748825192451477,31c647284e7f0f883e7c3be004932930aa136c4f35ed17e4524ff68a17e12c4e
2,additive,8,1000,800,200,10000,10000,0.5,382,41260912,41760912,1041760912,2041260912,3041260912,0.29856248494799326,1.157445760277516,1.1118042144055023,0.09118274011697788,1.339680687984397,-0.0973774084657696,0.13610999701764764,1.2361086111698358,2.220446049250313e-16,5.645470455561963e-07,2674,0.005,1,1,0.9314765930175781,1.0,-0.06852340698242188,0.06852340698242188,-0.7094073295593262,-1.0,0.29059267044067383,0.29059267044067383,0.3256593492450039,0.7366291823241462,0.7296304487534452,0.742913007736206,62f963499228ae583622796a801054328aeb51a94441dfe900560cfbeccd2a1b
2,additive,8,1000,800,200,10000,10000,0.5,383,41260912,41760912,1041760912,2041260912,3041260912,0.3007405318463739,1.1445479087595187,1.0999365352100845,0.09156916677339244,1.3099899154457875,-0.09584935036460732,0.1367753262500255,1.2098603814899653,0.0,5.571380334856713e-07,2681,0.005,1,1,0.9288924932479858,1.0,-0.07110750675201416,0.07110750675201416,-0.7077867388725281,-1.0,0.2922132611274719,0.2922132611274719,0.32423091203868126,0.7266353446200142,0.7255231699924565,0.7297918796539307,6768ac9cf35e9abcb4fa3d4b3da270745722c0995ce2d48b562a351674c6408f
2,additive,8,1000,800,200,10000,10000,0.5,384,41260912,41760912,1041760912,2041260912,3041260912,0.30000013005000453,1.1691277765508252,1.126638536666516,0.08972613851122617,1.3668597579026762,-0.09363575205591725,0.1285688022744795,1.2693143923020682,2.220446049250313e-16,5.312555355629911e-07,2688,0.005,1,1,0.9260140061378479,1.0,-0.0739859938621521,0.0739859938621521,-0.709266185760498,-1.0,0.29073381423950195,0.29073381423950195,0.3237714824499177,0.7400584992365935,0.7297884930922179,0.7441149950027466,92c647d63232934e2a9fd08cd807cf44904842550656d30ac28b8d1591ce0fda
2,additive,8,1000,800,200,10000,10000,0.5,385,41260912,41760912,1041760912,2041260912,3041260912,0.30072204728055185,1.1629128717552568,1.122104047980322,0.08888244692291686,1.3523663472940581,-0.09106564986157518,0.12637047847252605,1.2591174944938248,2.220446049250313e-16,5.593875957998762e-07,2695,0.005,1,1,0.9230579733848572,1.0,-0.07694202661514282,0.07694202661514282,-0.7092876434326172,-1.0,0.2907123565673828,0.2907123565673828,0.3258622398299763,0.7386957645550203,0.7304705879535212,0.7434630990028381,acafb6f7f3051462047acfc1b83fa3a1f3017ae7459ea2577a51b43ed92df75f
2,additive,8,1000,800,200,10000,10000,0.5,386,41260912,41760912,1041760912,2041260912,3041260912,0.3023307621894068,1.118057736017283,1.0872747199609256,0.0899543834533253,1.2500531010680922,-0.07892058392765411,0.11779125839112835,1.1821663166661092,-2.220446049250313e-16,5.591450804587339e-07,2702,0.005,1,1,0.9229023456573486,1.0,-0.07709765434265137,0.07709765434265137,-0.7076648473739624,-1.0,0.2923351526260376,0.2923351526260376,0.32402224768523324,0.7430271881607545,0.7200793372056038,0.7478107213973999,da2c008ed00bb73900464ca6d68a2b187800c08e86600af6c6d25e01967c36f3
2,additive,8,1000,800,200,10000,10000,0.5,387,41260912,41760912,1041760912,2041260912,3041260912,0.3040660799048017,1.0992638862300386,1.1123371082148596,0.09273916651531433,1.208381091569567,-0.031913207886542436,0.049054970419898744,1.2372938423117965,0.0,5.541682028820105e-07,2709,0.005,1,1,0.9262303113937378,1.0,-0.07376968860626221,0.07376968860626221,-0.7050182819366455,-1.0,0.2949817180633545,0.2949817180633545,0.3336690419695953,0.7367969787148031,0.7286345527788959,0.7394697666168213,5196cd5687acd699ab9fa88912a04bddaf3d829b91a1f0a331fd8d11d3ce8f31
2,additive,8,1000,800,200,10000,10000,0.5,388,41260912,41760912,1041760912,2041260912,3041260912,0.30464121298689906,1.1296547258585878,1.1101513475240559,0.09244227093025831,1.2761197996546412,-0.06806302808771116,0.09946648318058705,1.232436014409477,-2.220446049250313e-16,5.385000427793329e-07,2716,0.005,1,1,0.9246938824653625,1.0,-0.07530611753463745,0.07530611753463745,-0.7048131823539734,-1.0,0.2951868176460266,0.2951868176460266,0.3428852240606622,0.7293939639405843,0.7281891107910289,0.7358524799346924,4e4dd8e1ce50d397e6e024662bdc7bff3ddd39f55e69b2352868565c1646bfce
2,additive,8,1000,800,200,10000,10000,0.5,389,41260912,41760912,1041760912,2041260912,3041260912,0.30594259774011634,1.137789613682739,1.1321993677910576,0.09443111474226171,1.2945652050043164,-0.053560455660053824,0.07712109081732615,1.2818754084264703,0.0,5.227861290535429e-07,2723,0.005,1,1,0.9269445538520813,1.0,-0.0730554461479187,0.0730554461479187,-0.7029078006744385,-1.0,0.2970921993255615,0.2970921993255615,0.3334517725165111,0.7622566949066352,0.731725180959149,0.7666724920272827,51c19ba80656acfc8483e3efbc83f39fbae08f06de4489a90f638d6fbeee016b
2,additive,8,1000,800,200,10000,10000,0.5,390,41260912,41760912,1041760912,2041260912,3041260912,0.30593017527333355,1.164835978167261,1.1207237356011928,0.09459593278542573,1.35684285603288,-0.0977085486392068,0.13463681609164735,1.256021691539892,0.0,5.289166651323285e-07,2730,0.005,1,1,0.9273189902305603,1.0,-0.0726810097694397,0.0726810097694397,-0.7028287649154663,-1.0,0.2971712350845337,0.2971712350845337,0.33413235863196145,0.7241435058019977,0.7296247930843582,0.7327117919921875,440d2bfb875d090ff1b235ea3d42fcd5345873cfd9d827ad084d241ec180762c
2,additive,8,1000,800,200,10000,10000,0.5,391,41260912,41760912,1041760912,2041260912,3041260912,0.30680248400897475,1.1921304824235532,1.1322997442343279,0.09525035781755879,1.421175087123414,-0.11716136707392402,0.1545230825093212,1.2821027107931244,-2.220446049250313e-16,5.719723681352207e-07,2737,0.005,1,1,0.9273571372032166,1.0,-0.07264286279678345,0.07264286279678345,-0.7019215226173401,-1.0,0.2980784773826599,0.2980784773826599,0.32873257716442766,0.7383392074835484,0.7342665326285407,0.7449800968170166,b6a7819c247d53a0b311e7f1294c3ae14c453b7e992f925a04e259f76cd268e5
2,additive,8,1000,800,200,10000,10000,0.5,392,41260912,41760912,1041760912,2041260912,3041260912,0.3079033863720827,1.1926759300900263,1.1218356594731735,0.09460572057393636,1.4224758742161094,-0.129283173962218,0.17043667843074709,1.25851524686561,2.220446049250313e-16,5.110040355305046e-07,2744,0.005,1,1,0.9242562651634216,1.0,-0.07574373483657837,0.07574373483657837,-0.7015584111213684,-1.0,0.2984415888786316,0.2984415888786316,0.332762306983039,0.7419180119043522,0.7305108989612991,0.7448939085006714,3b1071dd74c847a97ce218f496e673d758dbc201903c2f11b1f3bc9b464ffdeb
2,additive,8,1000,800,200,10000,10000,0.5,393,41260912,41760912,1041760912,2041260912,3041260912,0.30691410267157043,1.1575812461016792,1.1131210042196247,0.09403397043852652,1.3399943413263167,-0.09749497086496879,0.135973564908189,1.2390383700349055,0.0,5.202820840821687e-07,2751,0.005,1,1,0.9245749115943909,1.0,-0.07542508840560913,0.07542508840560913,-0.702498197555542,-1.0,0.297501802444458,0.297501802444458,0.3163701624541444,0.7337828789505491,0.7283606158935753,0.7391808032989502,af4d609e3d8c806941117909362d72889f900bf9391f83e66b5d4e350f6b0175
2,additive,8,1000,800,200,10000,10000,0.5,394,41260912,41760912,1041760912,2041260912,3041260912,0.3066518950545849,1.1538323954397618,1.1396371288613258,0.09233561994756617,1.331329196766259,-0.062446015617269646,0.08772572712924195,1.298772785479286,0.0,5.410286370022277e-07,2758,0.005,1,1,0.9213561415672302,1.0,-0.07864385843276978,0.07864385843276978,-0.7036041021347046,-1.0,0.2963958978652954,0.2963958978652954,0.3292071578846405,0.740526103276689,0.7337763175883898,0.7492702007293701,5447b2b2771bca7e12b7e22ae379ccab728f778d326b392265fad760ddb983d0
2,additive,8,1000,800,200,10000,10000,0.5,395,41260912,41760912,1041760912,2041260912,3041260912,0.3076830283023077,1.1249755018391667,1.1331164730454406,0.09428829403320256,1.2655698797382848,-0.03795261614227448,0.055818491772587,1.2839529414869386,2.220446049250313e-16,5.376539284895898e-07,2765,0.005,1,1,0.9239222407341003,1.0,-0.07607775926589966,0.07607775926589966,-0.7018707990646362,-1.0,0.29812920093536377,0.29812920093536377,0.33011058236931445,0.7485331329952538,0.7329764098426442,0.755088210105896,ff1173ef672a5021c17b3fd1461621d17e0db14c86ccf2f010d856df47da9efc
2,additive,8,1000,800,200,10000,10000,0.5,396,41260912,41760912,1041760912,2041260912,3041260912,0.3071879498045928,1.1716902889472927,1.1295011646256476,0.09386770928752332,1.37285813321339,-0.09547648080510937,0.13018994830323913,1.2757728808906945,0.0,5.737846873188346e-07,2772,0.005,1,1,0.9237940311431885,1.0,-0.07620596885681152,0.07620596885681152,-0.7024145722389221,-1.0,0.2975854277610779,0.2975854277610779,0.3241269288723434,0.7301605568880819,0.7308294956862412,0.7366923093795776,a81f7c63e860ed2611b55f533f609284e0281aa3b6f2c28630294d53a1db6ef6
2,additive,8,1000,800,200,10000,10000,0.5,397,41260912,41760912,1041760912,2041260912,3041260912,0.30583629370595894,1.149856621251101,1.1085044737369445,0.0931664868289419,1.322170249434998,-0.09327728398455974,0.13180931660232814,1.2287821682948203,-2.220446049250313e-16,5.196466812407152e-07,2779,0.005,1,1,0.9243931174278259,1.0,-0.07560688257217407,0.07560688257217407,-0.7036565542221069,-1.0,0.29634344577789307,0.29634344577789307,0.31715553440363586,0.7303201763727044,0.7261062921403433,0.7353601455688477,034bb0546d29b575bda2114ac48566c38d933a020d5ff560d127d18cd0cedbd8
2,additive,8,1000,800,200,10000,10000,0.5,398,41260912,41760912,1041760912,2041260912,3041260912,0.3039417881260861,1.1491895189186117,1.1130588451786747,0.09308845528675451,1.3206365503923903,-0.0874125064243298,0.12366267282983703,1.2388999928304851,-2.220446049250313e-16,5.414656829572095e-07,2786,0.005,1,1,0.9271805882453918,1.0,-0.07281941175460815,0.07281941175460815,-0.7049102783203125,-1.0,0.2950897216796875,0.2950897216796875,0.3122454796619444,0.7380423800445655,0.7266081706786708,0.7424170970916748,8bd101c5d5de02c60be703855cc2c6ef01b03e31946ec79a556ee4b5e3d23978
2,additive,8,1000,800,200,10000,10000,0.5,399,41260912,41760912,1041760912,2041260912,3041260912,0.3030908256859902,1.173327479526651,1.1360336875652888,0.09530574737290133,1.3766973742123636,-0.09071529115103855,0.12325421029453153,1.290572539283188,0.0,5.377576339782308e-07,2793,0.005,1,1,0.9333624243736267,1.0,-0.06663757562637329,0.06663757562637329,-0.7043253779411316,-1.0,0.2956746220588684,0.2956746220588684,0.31075276014855757,0.7420248546104298,0.733109891483559,0.7467890977859497,869f8a6f278f2a3522348c53539f1b7054be1cdca2573ee41b46d89b4cee9503
2,additive,8,1000,800,200,10000,10000,0.5,400,41260912,41760912,1041760912,2041260912,3041260912,0.3008037705037562,1.16609613180422,1.1227809806320368,0.09521864333102101,1.3597801886087648,-0.09718085073537387,0.13358203264783877,1.260637130469038,0.0,5.396011797387246e-07,2800,0.005,1,1,0.9368504881858826,1.0,-0.06314951181411743,0.06314951181411743,-0.7058995962142944,-1.0,0.29410040378570557,0.29410040378570557,0.31547197323766807,0.7481263694125744,0.7313612633905147,0.7541110515594482,c7054a2ab8e5d68402bc4776f1d0bbc13f346b79be7d700033c187ea82903a8e
2,additive,8,1000,800,200,10000,10000,0.5,401,41260912,41760912,1041760912,2041260912,3041260912,0.3004470332072207,1.1804275458872364,1.1456093360230697,0.09501483212075879,1.3934091910893636,-0.0880016362134519,0.118248072916287,1.3124207507832186,0.0,5.559673859067971e-07,2807,0.005,1,1,0.9369741678237915,1.0,-0.0630258321762085,0.0630258321762085,-0.7062379121780396,-1.0,0.29376208782196045,0.29376208782196045,0.3184079534848785,0.7570867226480036,0.7341702725441622,0.7640144228935242,04f158c085e5b33c65fb3d4c77274ea3a956b6b7387b249b5ad5ba1521bf02de
2,additive,8,1000,800,200,10000,10000,0.5,402,41260912,41760912,1041760912,2041260912,3041260912,0.2992436382694839,1.1343425688498705,1.1290965881378823,0.09566205880483637,1.286733063504923,-0.053768008482576304,0.07778963859875117,1.2748591053446068,0.0,5.389253594501042e-07,2814,0.005,1,1,0.9403830170631409,1.0,-0.05961698293685913,0.05961698293685913,-0.7067551016807556,-1.0,0.2932448983192444,0.2932448983192444,0.3178955741501666,0.7369770674561841,0.7311120249140252,0.7426652908325195,3f0273d9864b0fc1b30dcd69c7f3f51a017f66b1a39e5eb187367a0d8f86cc3b
2,additive,8,1000,800,200,10000,10000,0.5,403,41260912,41760912,1041760912,2041260912,3041260912,0.2955552108050154,1.1283434712517695,1.128789990512725,0.09318105333646087,1.2731589891164925,-0.046086599885617974,0.06745992718310435,1.2741668426817176,2.220446049250313e-16,5.327397616383678e-07,2821,0.005,1,1,0.9408050179481506,1.0,-0.059194982051849365,0.059194982051849365,-0.7104333639144897,-1.0,0.28956663608551025,0.28956663608551025,0.3385264202509476,0.7332480296252509,0.7312711288186177,0.7410435676574707,d8bd5129ef5680e0ffd6f73edd6b4cd22e6ad4671ad0dd6ba25254acb3aa820d
2,additive,8,1000,800,200,10000,10000,0.5,404,41260912,41760912,1041760912,2041260912,3041260912,0.2939822916738172,1.1613664367452667,1.1499507316668245,0.09320823287732667,1.3487720003983976,-0.059796774007329655,0.08293702316777289,1.3223866852610648,-2.220446049250313e-16,5.397325395506414e-07,2828,0.005,1,1,0.9434530138969421,1.0,-0.05654698610305786,0.05654698610305786,-0.7115073204040527,-1.0,0.28849267959594727,0.28849267959594727,0.3282400701512379,0.7630262879643009,0.7363176966355803,0.7684887647628784,876d41fe1326abd4964821b75fa69621b796042f0113ca64596ebfe0ad29b7e4
2,additive,8,1000,800,200,10000,10000,0.5,405,41260912,41760912,1041760912,2041260912,3041260912,0.29067150986394696,1.2725651906174917,1.1844488938546593,0.08884021209557282,1.6194221643713334,-0.1526715971566901,0.17874490389755154,1.402919182153526,0.0,5.567903862413459e-07,2835,0.005,1,1,0.9388123750686646,1.0,-0.06118762493133545,0.06118762493133545,-0.7158415913581848,-1.0,0.2841584086418152,0.2841584086418152,0.34900630579656344,0.7432073607340242,0.7465584797704827,0.7491433024406433,ac4bc18556818bf5c1c6aaa5c98bcf938769fba122761ab5a4b900f788d5f8ee
2,additive,8,1000,800,200,10000,10000,0.5,406,41260912,41760912,1041760912,2041260912,3041260912,0.2916375211687586,1.2181604036281197,1.1605581880386213,0.08938456707734108,1.4839147689674235,-0.11320201411063842,0.14390397493616883,1.3468953078234878,2.220446049250313e-16,5.349248706210119e-07,2842,0.005,1,1,0.9385009407997131,1.0,-0.061499059200286865,0.061499059200286865,-0.7149205207824707,-1.0,0.2850794792175293,0.2850794792175293,0.33403906989882515,0.7508574771590605,0.7395991606069426,0.756527304649353,d66c6bf524ded059aebb5784525fd204259a4786ddbd110325b4963729cef265
2,additive,8,1000,800,200,10000,10000,0.5,407,41260912,41760912,1041760912,2041260912,3041260912,0.2907418950379229,1.1574021090037734,1.128713899418513,0.0880463225864119,1.3395796419263826,-0.07681544888612465,0.10761284929745508,1.273995066740545,0.0,5.2816949391854e-07,2849,0.005,1,1,0.9368756413459778,1.0,-0.06312435865402222,0.06312435865402222,-0.716193437576294,-1.0,0.28380656242370605,0.28380656242370605,0.31855661616863934,0.7359259117499195,0.7305218874549598,0.7434172034263611,c8ab05d8e5bae3b6c7a46d31bd1984030071e609f7115df2ba3f8c2fcd85aa1c
2,additive,8,1000,800,200,10000,10000,0.5,408,41260912,41760912,1041760912,2041260912,3041260912,0.28966603037893285,1.2065460968778445,1.1640216232663432,0.08631773981210515,1.4557534838911608,-0.09356244213582675,0.1213464601344906,1.3549463394316124,0.0,5.491503838328526e-07,2856,0.005,1,1,0.934634804725647,1.0,-0.06536519527435303,0.06536519527435303,-0.7178053855895996,-1.0,0.2821946144104004,0.2821946144104004,0.31694169496992974,0.7478820182467496,0.739674676960921,0.7545121312141418,31bedea7c5cc0c7e8ab349cf9171a63455bc971dc71e8af1d62c6159ec5dedc1
2,additive,8,1000,800,200,10000,10000,0.5,409,41260912,41760912,1041760912,2041260912,3041260912,0.2884659161662087,1.2126282299666684,1.150175210615414,0.08534399563708335,1.4704672241120955,-0.11645410231748346,0.14970209860841302,1.322903015114212,0.0,5.252688968226948e-07,2863,0.005,1,1,0.9343082308769226,1.0,-0.06569176912307739,0.06569176912307739,-0.7191135883331299,-1.0,0.2808864116668701,0.2808864116668701,0.3229907005623035,0.7419423981627097,0.7377161814902828,0.7484639883041382,ad3243c65381b65290650d87d6f77c3af0051abba9243569b397594384a574b0
2,additive,8,1000,800,200,10000,10000,0.5,410,41260912,41760912,1041760912,2041260912,3041260912,0.2890780018230183,1.1567205867543395,1.1476861663437683,0.08587536237968689,1.3380025158213034,-0.05334717089206702,0.07493222797936705,1.317183536416856,-2.220446049250313e-16,5.401151366157819e-07,2870,0.005,1,1,0.9345558285713196,1.0,-0.06544417142868042,0.06544417142868042,-0.7184273600578308,-1.0,0.2815726399421692,0.2815726399421692,0.3138453545897738,0.7459404831392412,0.7358118800018648,0.7528753280639648,a7ae69f51119908412867c3d66cf1b89c877f2f6d6e0e15a487c746765374835
2,additive,8,1000,800,200,10000,10000,0.5,411,41260912,41760912,1041760912,2041260912,3041260912,0.2902980908640442,1.1761676979022346,1.1534954503149033,0.08682366612551551,1.3833704535886424,-0.06982118290848831,0.09498226386875125,1.3305517538971814,0.0,5.599140973089334e-07,2877,0.005,1,1,0.9347865581512451,1.0,-0.06521344184875488,0.06521344184875488,-0.7171216011047363,-1.0,0.28287839889526367,0.28287839889526367,0.31037893104633296,0.737304210377483,0.7373204592061414,0.7456083297729492,a757fbf40992e77fbfc29a4897b2b5e44095cd12cf35de7c7579992de7596eeb
2,additive,8,1000,800,200,10000,10000,0.5,412,41260912,41760912,1041760912,2041260912,3041260912,0.2938101752786,1.146957273381516,1.1284658129262226,0.09012799492969661,1.3155109869627617,-0.06610194547460901,0.09405252177285774,1.2734350909432404,0.0,5.406376164529547e-07,2884,0.005,1,1,0.9366939663887024,1.0,-0.06330603361129761,0.06330603361129761,-0.7130910158157349,-1.0,0.28690898418426514,0.28690898418426514,0.30900740532956084,0.7343574538316017,0.7301338510760687,0.7407481670379639,92e07163ff74ec1ec730ea4e9ad93b6aa80cf13b8d97977d038723f2340e574b
2,additive,8,1000,800,200,10000,10000,0.5,413,41260912,41760912,1041760912,2041260912,3041260912,0.29532154527251653,1.1547396636753915,1.150966554855379,0.09208869903864023,1.3334236908651564,-0.0503941897540684,0.07070326446965408,1.32472401039566,0.0,5.387987336291644e-07,2891,0.005,1,1,0.9387025237083435,1.0,-0.061297476291656494,0.061297476291656494,-0.71110999584198,-1.0,0.28889000415802,0.28889000415802,0.314775977260756,0.7441068412246378,0.7364766620429047,0.7515397071838379,9354a1c4fc1a7d59e3e8a573965b2024317595232796a123ce5b598314d741bd
2,additive,8,1000,800,200,10000,10000,0.5,414,41260912,41760912,1041760912,2041260912,3041260912,0.29451836072697135,1.1408382019718353,1.1436398319970704,0.09294275798570793,1.30151180307833,-0.04327124786687514,0.062061897282414194,1.3079120653302874,0.0,5.238548617114702e-07,2898,0.005,1,1,0.9419606328010559,1.0,-0.05803936719894409,0.05803936719894409,-0.7112570405006409,-1.0,0.28874295949935913,0.28874295949935913,0.32093696620758166,0.739721572827384,0.7353500633823818,0.7486899495124817,272c695b6e228dbc26b6544c504540c6952b76bdceda6b36587d9d1b8dcdc2b2
2,additive,8,1000,800,200,10000,10000,0.5,415,41260912,41760912,1041760912,2041260912,3041260912,0.2947578870095101,1.1761197157595502,1.181499183536566,0.09294385351017798,1.3832575857983254,-0.04013055930546558,0.05437003140203402,1.395940320697572,-2.220446049250313e-16,5.257994004637112e-07,2905,0.005,1,1,0.941569983959198,1.0,-0.058430016040802,0.058430016040802,-0.7110914587974548,-1.0,0.28890854120254517,0.28890854120254517,0.33838763862165133,0.737425360660489,0.7416245379021156,0.7466632127761841,a3b1b4c2200523d8195585d173ff324d2b77e632dbc9cbe71f81009e98b26b61
2,additive,8,1000,800,200,10000,10000,0.5,416,41260912,41760912,1041760912,2041260912,3041260912,0.29581171075135404,1.1733424787180695,1.1806036056203972,0.09413525907701824,1.3767325723642632,-0.03852147891869956,0.05237925270410318,1.3938248736038823,2.220446049250313e-16,5.457374090411804e-07,2912,0.005,1,1,0.9425602555274963,1.0,-0.05743974447250366,0.05743974447250366,-0.7098186016082764,-1.0,0.29018139839172363,0.29018139839172363,0.3297822772896829,0.749210605247485,0.7437912153723041,0.7583262920379639,c52f1e68f3a33c8d3dda9541a7e707a46046066d1e7de68179e013fd0e749b29
2,additive,8,1000,800,200,10000,10000,0.5,417,41260912,41760912,1041760912,2041260912,3041260912,0.2943850709817442,1.227103889306397,1.1717731931214277,0.09291687155937034,1.505783955150886,-0.11282420529613499,0.14114486389339048,1.3730524161179867,4.440892098500626e-16,5.743461120033544e-07,2919,0.005,1,1,0.9421203136444092,1.0,-0.05787968635559082,0.05787968635559082,-0.7113609313964844,-1.0,0.2886390686035156,0.2886390686035156,0.3212898580443539,0.749160337744477,0.742402906135472,0.7547929286956787,36c97e8f8a0c2a9ffcc8d402222d24cae6cb2a3268f555337b0112594f92448f
2,additive,8,1000,800,200,10000,10000,0.5,418,41260912,41760912,1041760912,2041260912,3041260912,0.29233115897903345,1.2475326772446969,1.1797513921019938,0.0912452822202326,1.5563377807933207,-0.1278848579234805,0.15523934518915178,1.391813347166592,-2.220446049250313e-16,5.636138045161943e-07,2926,0.005,1,1,0.9416489601135254,1.0,-0.05835103988647461,0.05835103988647461,-0.7135516405105591,-1.0,0.2864483594894409,0.2864483594894409,0.33520757623899117,0.7558176748862148,0.746916532173574,0.7607338428497314,2c1e7661071a110dd72bd54c3bdd5268fd649712267031f4a54c71a014b010b4
2,additive,8,1000,800,200,10000,10000,0.5,419,41260912,41760912,1041760912,2041260912,3041260912,0.2930781573803482,1.1759370391955217,1.1487653211947326,0.09247040316295245,1.38282792015193,-0.07781828006762283,0.10549497527086062,1.319661763179637,2.220446049250313e-16,5.625973820144736e-07,2933,0.005,1,1,0.9432452917098999,1.0,-0.0567547082901001,0.0567547082901001,-0.7124696373939514,-1.0,0.2875303626060486,0.2875303626060486,0.30819588171061674,0.7548323062695498,0.7366358874870761,0.7616126537322998,6655e47138a0692655cb7606336ddd0d72d148ad8973c69821946a6796feb29f
2,additive,8,1000,800,200,10000,10000,0.5,420,41260912,41760912,1041760912,2041260912,3041260912,0.2944527647278285,1.1781586537867659,1.1610924224222499,0.09378219671751786,1.3880578134926445,-0.06685219840189703,0.09022863189180012,1.3481356134063684,2.220446049250313e-16,5.62310052742987e-07,2940,0.005,1,1,0.9439957141876221,1.0,-0.05600428581237793,0.05600428581237793,-0.7109222412109375,-1.0,0.2890777587890625,0.2890777587890625,0.3059782818726973,0.7552460718326376,0.7407033770384862,0.7632496356964111,f7d251281c70decac26ad0ada144f0b26ab3788ca4fdd5f252069936dfe0ccae
2,additive,8,1000,800,200,10000,10000,0.5,421,41260912,41760912,1041760912,2041260912,3041260912,0.2958987245852792,1.1946816298607326,1.1691697676105706,0.09290092142217318,1.4272641967266964,-0.07660358632715701,0.10078324441549938,1.3669579454945555,0.0,5.515333327821281e-07,2947,0.005,1,1,0.9396072626113892,1.0,-0.06039273738861084,0.06039273738861084,-0.7103298902511597,-1.0,0.28967010974884033,0.28967010974884033,0.30547300287589374,0.7475900306730974,0.7405653352383833,0.7550846934318542,a053c08ba0b4f0cbafc4968f951a2feae0bd50b195b18cd2eee2978ba9cc333c
2,additive,8,1000,800,200,10000,10000,0.5,422,41260912,41760912,1041760912,2041260912,3041260912,0.2949388828606,1.1847902630125606,1.1575425095117953,0.09162460064588815,1.4037279673293728,-0.07772395332419815,0.10395401725151418,1.3399046613268646,0.0,5.718659945586069e-07,2954,0.005,1,1,0.9382696151733398,1.0,-0.061730384826660156,0.061730384826660156,-0.711593508720398,-1.0,0.28840649127960205,0.28840649127960205,0.3084612315778726,0.7419102586889795,0.7385374317640985,0.7511507272720337,1b47fc34909b716650b4f6d3cf8b66e7c5eba05a4bb581ff4a81b7a094c93f4d
2,additive,8,1000,800,200,10000,10000,0.5,423,41260912,41760912,1041760912,2041260912,3041260912,0.2939363964645072,1.1602571768566488,1.1691100086431538,0.09098842864822444,1.3461967164473607,-0.035183466392994946,0.04896163380627614,1.3668182123095953,0.0,5.396325164497284e-07,2961,0.005,1,1,0.9384467005729675,1.0,-0.06155329942703247,0.06155329942703247,-0.7125808000564575,-1.0,0.2874191999435425,0.2874191999435425,0.31902829430078117,0.7474590669053265,0.7411895122633756,0.7542145252227783,81ee9ae9aaddecf9b2ca160aea4b7ea6802a52423e368493575421d68941bfd0
2,additive,8,1000,800,200,10000,10000,0.5,424,41260912,41760912,1041760912,2041260912,3041260912,0.29226020375394474,1.1910724544083195,1.1639178318418133,0.08887966572905713,1.4186535916502583,-0.07641426904998404,0.10137656157957275,1.3547047192793473,0.0,5.562708746964518e-07,2968,0.005,1,1,0.9363439083099365,1.0,-0.06365609169006348,0.06365609169006348,-0.7147563695907593,-1.0,0.2852436304092407,0.2852436304092407,0.30319881904852525,0.7424499948555107,0.7401878234556665,0.7503981590270996,98aadca261e27613ddd73d63a8a455e7c4469206dfde87e9a3583d7f4beba7a7
2,additive,8,1000,800,200,10000,10000,0.5,425,41260912,41760912,1041760912,2041260912,3041260912,0.2918159118077267,1.2237515221195676,1.1685376415302273,0.08899543241952586,1.4975677878899587,-0.11054150031822946,0.13934711066435357,1.3654802196730258,0.0,5.153837925320204e-07,2975,0.005,1,1,0.9373220801353455,1.0,-0.06267791986465454,0.06267791986465454,-0.7149947285652161,-1.0,0.28500527143478394,0.28500527143478394,0.3101270233999714,0.7408358583203934,0.7413577718181623,0.7482019066810608,a84905a449a16a9317c1153a15704038e57c4dd739b9990939ec41b6021a98ba
2,additive,8,1000,800,200,10000,10000,0.5,426,41260912,41760912,1041760912,2041260912,3041260912,0.29235290356775534,1.2100050134511482,1.1883479496923548,0.09069544572641025,1.4641121325769135,-0.07131836438265009,0.09173915200551815,1.4121708495380236,0.0,5.649836349874704e-07,2982,0.005,1,1,0.9403486251831055,1.0,-0.05965137481689453,0.05965137481689453,-0.713797390460968,-1.0,0.286202609539032,0.286202609539032,0.3097354625749067,0.752724846842986,0.745714614890649,0.7628395557403564,32812df215a5dd3a90d8d696f666196fe0afad39b13a5c0e19dda82262faeb46
2,additive,8,1000,800,200,10000,10000,0.5,427,41260912,41760912,1041760912,2041260912,3041260912,0.2935640868802489,1.1919649130014496,1.170702224333702,0.08996064230032262,1.420780353826553,-0.07009864903349915,0.09280035322164792,1.3705436980598773,0.0,5.550353083805248e-07,2989,0.005,1,1,0.9367096424102783,1.0,-0.06329035758972168,0.06329035758972168,-0.7133395671844482,-1.0,0.28666043281555176,0.28666043281555176,0.3125203915519862,0.7428992280671345,0.7418709168392482,0.7516359686851501,720307292dc373d3e43ee5154212c5baaad474c866d786aadacc7a482c8c11db
2,additive,8,1000,800,200,10000,10000,0.5,428,41260912,41760912,1041760912,2041260912,3041260912,0.29542792113689054,1.1780873132137963,1.1637837051539643,0.09138846994621337,1.3878897175553013,-0.062442837559812565,0.08442338714569687,1.3543925123818896,2.220446049250313e-16,5.64102306199743e-07,2996,0.005,1,1,0.9369446039199829,1.0,-0.06305539608001709,0.06305539608001709,-0.7113797068595886,-1.0,0.2886202931404114,0.2886202931404114,0.30683202960975703,0.7507818626689704,0.7406454915740694,0.7590888738632202,2eeba2352aa85c4ae148630b48fb11bb180cd48f91bd676fda623ba3db34c252
2,additive,8,1000,800,200,10000,10000,0.5,429,41260912,41760912,1041760912,2041260912,3041260912,0.29579593382412406,1.1847457008589097,1.1710887642533008,0.09271879013190798,1.4036223757036694,-0.06244613603762715,0.08346510470124822,1.3714488937603233,2.220446049250313e-16,5.578777191317386e-07,3003,0.005,1,1,0.9393613338470459,1.0,-0.0606386661529541,0.0606386661529541,-0.7104862928390503,-1.0,0.2895137071609497,0.2895137071609497,0.3031097154588773,0.7529934532559105,0.742448168856393,0.7597861886024475,cb22fb3ce0c19d40b86ef7503df145168050f5a4534b188e8fd7dcf9e1daa55f
2,additive,8,1000,800,200,10000,10000,0.5,430,41260912,41760912,1041760912,2041260912,3041260912,0.2966732132773004,1.234194674589024,1.1834443381309347,0.0931397141156302,1.5232364947839065,-0.1079178537226853,0.13353061388617946,1.4005405014541663,0.0,5.450796809469693e-07,3010,0.005,1,1,0.9388877749443054,1.0,-0.06111222505569458,0.06111222505569458,-0.7096893191337585,-1.0,0.29031068086624146,0.29031068086624146,0.30410461783771364,0.7547736654766376,0.7447228368840808,0.7621749639511108,76b0c432488d41c70eeaab0985dcb3be830ae87376cdf9cc9eee14eb2bc13c84
2,additive,8,1000,800,200,10000,10000,0.5,431,41260912,41760912,1041760912,2041260912,3041260912,0.2962914599837651,1.2436736544753715,1.183947178248123,0.09354838169464302,1.5467241588361256,-0.11927080982453794,0.14542803939879848,1.4017309208816926,0.0,5.522791521883619e-07,3017,0.005,1,1,0.9404361248016357,1.0,-0.05956387519836426,0.05956387519836426,-0.709757387638092,-1.0,0.29024261236190796,0.29024261236190796,0.3107720406777436,0.7470367641807608,0.7459323213324142,0.755128026008606,35851c6176a0f916663651234e7408c563414a4ff27f91445792c25d29e29035
2,additive,8,1000,800,200,10000,10000,0.5,432,41260912,41760912,1041760912,2041260912,3041260912,0.2961678113009915,1.2505051516651449,1.1954652839010607,0.09300982163947626,1.563763134341067,-0.11381785548394968,0.13739704655739965,1.4291372450126436,-2.220446049250313e-16,5.352263965363591e-07,3024,0.005,1,1,0.9394159913063049,1.0,-0.06058400869369507,0.06058400869369507,-0.7100949287414551,-1.0,0.2899050712585449,0.2899050712585449,0.3204146608718164,0.7652032206676165,0.7469502580963759,0.7730855941772461,05db57d5ed816f8e2e302a06d9065be8164f70d48cfca95052ddb4804a20c5ac
2,additive,8,1000,800,200,10000,10000,0.5,433,41260912,41760912,1041760912,2041260912,3041260912,0.297004589163167,1.214239098437035,1.1826084076544812,0.09335450312785568,1.4743765881731834,-0.08458422272298585,0.10790654493276718,1.3985626458550675,0.0,5.628710511018653e-07,3031,0.005,1,1,0.9388344287872314,1.0,-0.061165571212768555,0.061165571212768555,-0.7093619108200073,-1.0,0.2906380891799927,0.2906380891799927,0.3086794506761125,0.7717198857249098,0.7450776112902786,0.7799578905105591,9f2d10789cfe297b3d5363e5d39b49400d1f8e15ca01c23672520df611856c2e
2,additive,8,1000,800,200,10000,10000,0.5,434,41260912,41760912,1041760912,2041260912,3041260912,0.29723420596142075,1.2266779036288442,1.1764005165389515,0.09251352305188468,1.5047386792512563,-0.10666701349501463,0.1335631446821075,1.3839181753131118,0.0,5.61419151168252e-07,3038,0.005,1,1,0.9365683197975159,1.0,-0.06343168020248413,0.06343168020248413,-0.709613025188446,-1.0,0.29038697481155396,0.29038697481155396,0.3100251841828627,0.7379990584072299,0.7434355903599624,0.7459553480148315,cbb41975c72907fb9ff87579351a9a94f3bbf690b03ea029139f8be2bd6be312
2,additive,8,1000,800,200,10000,10000,0.5,435,41260912,41760912,1041760912,2041260912,3041260912,0.29666229288820634,1.2370239563971075,1.1821552393563604,0.09196441028582665,1.5302282687003528,-0.11235083452424305,0.1385172501141589,1.3974910099376936,2.220446049250313e-16,5.552290058830067e-07,3045,0.005,1,1,0.9362550973892212,1.0,-0.06374490261077881,0.06374490261077881,-0.710267186164856,-1.0,0.28973281383514404,0.28973281383514404,0.31644705685517754,0.741332796130121,0.7451197238904912,0.7484716176986694,edde06c4223c5a0042ebec3eac7461a4e7a9c0f4b33798365183cf96664b88ea
2,additive,8,1000,800,200,10000,10000,0.5,436,41260912,41760912,1041760912,2041260912,3041260912,0.29595337721568515,1.210599052089141,1.1832297476131766,0.09286620233501762,1.4655500649191264,-0.07919181580870122,0.10163114627676913,1.4000326356367416,2.220446049250313e-16,5.366504041148801e-07,3052,0.005,1,1,0.9394394755363464,1.0,-0.060560524463653564,0.060560524463653564,-0.7103090882301331,-1.0,0.28969091176986694,0.28969091176986694,0.3060282100462732,0.7531717987396509,0.7442573498717444,0.7586634159088135,4ac0b5c9ca0c7e93d54ac6038db71b18a78ea3069b2574890012dbec785e7ce3
2,additive,8,1000,800,200,10000,10000,0.5,437,41260912,41760912,1041760912,2041260912,3041260912,0.2976285088998262,1.2139828093891052,1.1715489260080343,0.0941597754598652,1.4737542614922645,-0.09769357546077564,0.1246159842419452,1.3725268860305784,-2.220446049250313e-16,5.489515686463164e-07,3059,0.005,1,1,0.9396368265151978,1.0,-0.060363173484802246,0.060363173484802246,-0.7085570096969604,-1.0,0.29144299030303955,0.29144299030303955,0.30876486454793645,0.7476648116517488,0.74191690763307,0.7566072344779968,981411f13e6d7e9d813578ba1c11e48ee5953bc9d95571a937e773481bbda799
2,additive,8,1000,800,200,10000,10000,0.5,438,41260912,41760912,1041760912,2041260912,3041260912,0.3000122490276637,1.1757227544671645,1.1895009395488332,0.0969594141549917,1.382323995371856,-0.03218546216964544,0.043514936978763304,1.4149124851875567,0.0,5.72117791364235e-07,3066,0.005,1,1,0.9420413970947266,1.0,-0.05795860290527344,0.05795860290527344,-0.7056394219398499,-1.0,0.29436057806015015,0.29436057806015015,0.31715556248925675,0.7606125107729292,0.7464749288817171,0.7683708071708679,c95a7976fd4ee0f703f85c69fdb070854acaa770a0915a7a7065d9f13b92f004
2,additive,8,1000,800,200,10000,10000,0.5,439,41260912,41760912,1041760912,2041260912,3041260912,0.2990045533124587,1.2414548718912175,1.198268475143046,0.09406315701299384,1.5412101989424394,-0.09971300871689633,0.12195271005151,1.4358473385216406,0.0,5.614197942094279e-07,3073,0.005,1,1,0.9371838569641113,1.0,-0.06281614303588867,0.06281614303588867,-0.7076682448387146,-1.0,0.2923317551612854,0.2923317551612854,0.31878438150618305,0.7438036541039758,0.7483380677019735,0.7539371252059937,9f7bd96a1a4ef5825abeaaf470a679bf826858231dc5c1c0253b402c4f4beaa8
2,additive,8,1000,800,200,10000,10000,0.5,440,41260912,41760912,1041760912,2041260912,3041260912,0.2999567030399705,1.185243860138169,1.1705586941896824,0.09448662737520351,1.4048030079952272,-0.06454098941368813,0.08609542531485845,1.3702076565430545,2.220446049250313e-16,5.286303217388877e-07,3080,0.005,1,1,0.9365901350975037,1.0,-0.06340986490249634,0.06340986490249634,-0.7068222165107727,-1.0,0.2931777834892273,0.2931777834892273,0.3051855314137074,0.7551928885569645,0.7409441698056028,0.7606025338172913,bf65aff3ec446de07955d4a9d94f6368962cf0dac3799b8c0235d2cc82073b44
2,additive,8,1000,800,200,10000,10000,0.5,441,41260912,41760912,1041760912,2041260912,3041260912,0.2990912736177907,1.187417161197231,1.1817387807409054,0.09241952265988933,1.4099595147056911,-0.052936245729289226,0.07046989396512461,1.3965065459070019,-2.220446049250313e-16,5.727637635288829e-07,3087,0.005,1,1,0.9333803653717041,1.0,-0.0666196346282959,0.0666196346282959,-0.7084225416183472,-1.0,0.29157745838165283,0.29157745838165283,0.3056881940483704,0.7544192282974546,0.7434405373225239,0.7637131214141846,030b07f5fb22c9c9bf630512e2b4dfa07f6c6151f4bfc05bfde8e4058d6da0a8
2,additive,8,1000,800,200,10000,10000,0.5,442,41260912,41760912,1041760912,2041260912,3041260912,0.2971464855735829,1.2375176014033824,1.1927648205605115,0.09071393302214044,1.5314498137831811,-0.09973791481928619,0.12296898511720457,1.4226879171667492,0.0,5.434501630929844e-07,3094,0.005,1,1,0.9326799511909485,1.0,-0.06732004880905151,0.06732004880905151,-0.7105798125267029,-1.0,0.2894201874732971,0.2894201874732971,0.31098449783622983,0.7503035066035636,0.7451993191851906,0.7613117694854736,a5ffb8d9883cd7ea02c416d6dd713916b2073d21098245fa38eb6388a6719dac
2,additive,8,1000,800,200,10000,10000,0.5,443,41260912,41760912,1041760912,2041260912,3041260912,0.2976223255525106,1.2079425134524344,1.2066344163451512,0.0924021561348453,1.459125115805785,-0.04778032861601337,0.061591348705395746,1.4559666147086037,0.0,5.573456682839151e-07,3101,0.005,1,1,0.9356937408447266,1.0,-0.06430625915527344,0.06430625915527344,-0.7094079256057739,-1.0,0.2905920743942261,0.2905920743942261,0.3247451053363663,0.7698528480387676,0.75006324788498,0.7759426832199097,01109f2de471f2fbe144b8f96ec3cedf6ace2d33186d4208eb17e7ef2a9fb022
2,additive,8,1000,800,200,10000,10000,0.5,444,41260912,41760912,1041760912,2041260912,3041260912,0.29649141904766224,1.2387424655631691,1.1878449267490996,0.0899143057188448,1.5344828959895194,-0.10671081585239509,0.1313851264212574,1.410975570003574,0.0,5.463679926265286e-07,3108,0.005,1,1,0.9319345355033875,1.0,-0.06806546449661255,0.06806546449661255,-0.7114272117614746,-1.0,0.2885727882385254,0.2885727882385254,0.3101930149151931,0.7457656617773037,0.7447574358342806,0.7515941262245178,7f1c844976720d2256b3b270e6ad81fbb07d9f0e6b38657e462a83299ca7be55
2,additive,8,1000,800,200,10000,10000,0.5,445,41260912,41760912,1041760912,2041260912,3041260912,0.29499218054560794,1.216855593448521,1.1868819464750282,0.09057220798634341,1.4807375353069525,-0.08131049421247216,0.1034939095356898,1.4086887548683515,0.0,5.389853932058486e-07,3115,0.005,1,1,0.935801088809967,1.0,-0.06419891119003296,0.06419891119003296,-0.712078332901001,-1.0,0.287921667098999,0.287921667098999,0.29506799402076533,0.7476471555568347,0.7452542385737093,0.7554166316986084,ecd063744201a5098adf3a0420bd7f9ed865e3f1fea4f47216d2c1acdb9370a6
2,additive,8,1000,800,200,10000,10000,0.5,446,41260912,41760912,1041760912,2041260912,3041260912,0.2968229916711094,1.2457959690851852,1.2239712477503495,0.09349973951748465,1.5520075965888955,-0.07370086039341635,0.08957828236464535,1.4981056153195473,0.0,5.339244903979079e-07,3122,0.005,1,1,0.9394583106040955,1.0,-0.06054168939590454,0.06054168939590454,-0.7094168066978455,-1.0,0.29058319330215454,0.29058319330215454,0.31797790650773955,0.7713473577625213,0.7567481528255421,0.7783253788948059,0d27258262e2554b03a695f0cdab5c101b705c13d77752f8799fd85c48b558b2
2,additive,8,1000,800,200,10000,10000,0.5,447,41260912,41760912,1041760912,2041260912,3041260912,0.29685479062300923,1.2460775310396293,1.2017255025569433,0.09235641915740578,1.552709213361818,-0.10046072451174318,0.12213582549639607,1.4441441834957378,2.220446049250313e-16,5.395940032570934e-07,3129,0.005,1,1,0.9368268847465515,1.0,-0.06317311525344849,0.06317311525344849,-0.7099449634552002,-1.0,0.2900550365447998,0.2900550365447998,0.3018444371638964,0.751778688546573,0.7488823136032435,0.7597920894622803,aa9dc83d4ee379141e04d9d6a29290f6fcbfd40733113f5bf450f2d560f8d89b
2,additive,8,1000,800,200,10000,10000,0.5,448,41260912,41760912,1041760912,2041260912,3041260912,0.29577945149599344,1.2554313801564643,1.206675788525433,0.08990219511734732,1.576107950281565,-0.10497184339271848,0.12601585132314286,1.4560664586134753,0.0,5.322227796256129e-07,3136,0.005,1,1,0.933036744594574,1.0,-0.06696325540542603,0.06696325540542603,-0.7119003534317017,-1.0,0.28809964656829834,0.28809964656829834,0.3172093457916026,0.7639550626441225,0.750601578517281,0.772376298904419,58e18b3829387feed122d0d002015d16b552be8b21e0bd0c4f1edd4cf91ff3f7
2,additive,8,1000,800,200,10000,10000,0.5,449,41260912,41760912,1041760912,2041260912,3041260912,0.2943756918626409,1.2938791051023377,1.2213756358835024,0.0880145457562379,1.674123138620426,-0.13518962022341702,0.1534382034071745,1.4917584439298297,0.0,5.370595630438402e-07,3143,0.005,1,1,0.9310256242752075,1.0,-0.06897437572479248,0.06897437572479248,-0.7138189673423767,-1.0,0.2861810326576233,0.2861810326576233,0.33160553484661565,0.7693568509976362,0.756875930782223,0.778007984161377,a4879f781e8968cee732b6f38295fc618dd6439cf1191cf3a199b7c2801848e1
2,additive,8,1000,800,200,10000,10000,0.5,450,41260912,41760912,1041760912,2041260912,3041260912,0.2943916016829111,1.2546843110411514,1.1991668365108514,0.08850717401550344,1.5742327203728086,-0.11236939630043452,0.13516172514976904,1.438001101787443,0.0,5.348622806877756e-07,3150,0.005,1,1,0.9321063160896301,1.0,-0.06789368391036987,0.06789368391036987,-0.7135443091392517,-1.0,0.2864556908607483,0.2864556908607483,0.3094753159574901,0.7479623947361691,0.7487139520855712,0.7538884878158569,c73c4d3a2009d670f0ba914ca9c90e27c4aa0d5e62b3baa102b55e5271ccc632
2,additive,8,1000,800,200,10000,10000,0.5,451,41260912,41760912,1041760912,2041260912,3041260912,0.2961828693839474,1.3033759040734871,1.2333998882910662,0.09097517892269391,1.6987887473193801,-0.1342443209028297,0.1500134391295945,1.5212752844364144,-2.220446049250313e-16,5.640809135343261e-07,3157,0.005,1,1,0.9348009824752808,1.0,-0.06519901752471924,0.06519901752471924,-0.711082398891449,-1.0,0.288917601108551,0.288917601108551,0.33445563027503994,0.7619764496848805,0.7581474431873552,0.7666590213775635,a84e9fd714dec7efee4e05992233fe9064ed568ebbb5f436045c01f088104d03
2,additive,8,1000,800,200,10000,10000,0.5,452,41260912,41760912,1041760912,2041260912,3041260912,0.29947476691392083,1.2667568671041995,1.2192242597060414,0.0931948192153405,1.6046729603556464,-0.10567999205762121,0.12448553807213913,1.4865077954557446,2.220446049250313e-16,5.486311884794759e-07,3164,0.005,1,1,0.9344899654388428,1.0,-0.06551003456115723,0.06551003456115723,-0.7077782154083252,-1.0,0.2922217845916748,0.2922217845916748,0.31169225903642256,0.7629933534353543,0.753361762451971,0.7702222466468811,233dac710fc1a9c21057ba16c94da551c040e7c42a56ec08fd200e8f3565d1af
2,additive,8,1000,800,200,10000,10000,0.5,453,41260912,41760912,1041760912,2041260912,3041260912,0.3026089474629994,1.2474825474427433,1.1993975443935596,0.09432552289717723,1.5562127061742363,-0.1059918797870564,0.1284331109939659,1.438554469497301,0.0,5.769345516881685e-07,3171,0.005,1,1,0.9319809675216675,1.0,-0.06801903247833252,0.06801903247833252,-0.7051346302032471,-1.0,0.29486536979675293,0.29486536979675293,0.311180728423326,0.7616087404190387,0.7487995782400628,0.7674115896224976,26dc2fef963234998755ae6f5a7f9db488b97faf4be10ef7e217a08e9306ff9d
2,additive,8,1000,800,200,10000,10000,0.5,454,41260912,41760912,1041760912,2041260912,3041260912,0.3046082242564861,1.2352515518093683,1.2173921058229482,0.09628460429100924,1.5258463962474524,-0.07004373060921482,0.08636014056320236,1.4820435393200322,0.0,5.332174097816278e-07,3178,0.005,1,1,0.9330772757530212,1.0,-0.06692272424697876,0.06692272424697876,-0.7028341889381409,-1.0,0.29716581106185913,0.29716581106185913,0.30219299534802024,0.754692723009893,0.752611360260162,0.7610728144645691,d5b57b5a89b51e4bafd074ec428527496a201c3ceba9b2c60b57943420f2c4c4
2,additive,8,1000,800,200,10000,10000,0.5,455,41260912,41760912,1041760912,2041260912,3041260912,0.3031586470370039,1.251190207396392,1.2192209150607034,0.0958133454926842,1.5654769350846265,-0.08739532042792603,0.1052137864763231,1.486499639721459,2.220446049250313e-16,5.189405793970536e-07,3185,0.005,1,1,0.934368908405304,1.0,-0.06563109159469604,0.06563109159469604,-0.7040308713912964,-1.0,0.2959691286087036,0.2959691286087036,0.29364463490894194,0.7600569841687651,0.7524390951881376,0.7671626806259155,c7aa9547fcf614223abf461ae83774064e154a03ddc2ed26f392bed69a9772ca
2,additive,8,1000,800,200,10000,10000,0.5,456,41260912,41760912,1041760912,2041260912,3041260912,0.30194368995959414,1.2289353670470506,1.2071842295855437,0.09609581961898654,1.5102821363790688,-0.07454209591900633,0.0928076678849751,1.4572937641600427,0.0,5.357845385134397e-07,3192,0.005,1,1,0.9369528889656067,1.0,-0.06304711103439331,0.06304711103439331,-0.7047119140625,-1.0,0.2952880859375,0.2952880859375,0.2965419080277902,0.758552205354052,0.7514194434399574,0.7698280811309814,6fc9aca2856a9e25fe812bf3c6880d897d56e963852ea007cd7c96ace312a805
2,additive,8,1000,800,200,10000,10000,0.5,457,41260912,41760912,1041760912,2041260912,3041260912,0.30195097541443483,1.22619786994968,1.2117722796959254,0.09727873701751044,1.5035612162691325,-0.06622394772359153,0.08273650040733785,1.4683920578394598,-2.220446049250313e-16,5.325940080069813e-07,3199,0.005,1,1,0.9395713210105896,1.0,-0.0604286789894104,0.0604286789894104,-0.7041575312614441,-1.0,0.2958424687385559,0.2958424687385559,0.29658200124007444,0.7619009973152376,0.7529187444810341,0.7731685638427734,512948c969bd6f97c77b104d7895a8aa785372124050ba27fe3466d1d17760f6
2,additive,8,1000,800,200,10000,10000,0.5,458,41260912,41760912,1041760912,2041260912,3041260912,0.30118240734038726,1.2540738972257053,1.2163170513678487,0.09663005688488983,1.5727013397028686,-0.09495211356979043,0.11376065143671273,1.4794271694481778,0.0,5.26590866911647e-07,3206,0.005,1,1,0.9393808245658875,1.0,-0.06061917543411255,0.06061917543411255,-0.7049810886383057,-1.0,0.29501891136169434,0.29501891136169434,0.28920005546161415,0.7628675694060439,0.7527816163596025,0.7720586061477661,fefbeb161bceb6755d5c3ae33f0cc338394d496669f876e9aa5b98c2da5aae45
2,additive,8,1000,800,200,10000,10000,0.5,459,41260912,41760912,1041760912,2041260912,3041260912,0.3014724371815531,1.2595822994148478,1.2240976846070768,0.09635671763273378,1.5865475689991955,-0.09224457258576148,0.10962545323403343,1.4984151414604066,2.220446049250313e-16,5.500546844672272e-07,3213,0.005,1,1,0.9382981061935425,1.0,-0.06170189380645752,0.06170189380645752,-0.7049093246459961,-1.0,0.2950906753540039,0.2950906753540039,0.31510907882607975,0.7844907676885415,0.7566001406241725,0.7919650077819824,728ce6d06741f51b209f2648ae01ecd44cfed235d30bca657cbdcc831cc9fbad
2,additive,8,1000,800,200,10000,10000,0.5,460,41260912,41760912,1041760912,2041260912,3041260912,0.305045370295133,1.2709859532420313,1.2414381654476607,0.09910649631379267,1.615405293338555,-0.08667153551114694,0.10110345817886894,1.5411687186300536,-2.220446049250313e-16,5.202384762981183e-07,3220,0.005,1,1,0.9385631680488586,1.0,-0.06143683195114136,0.06143683195114136,-0.7012054324150085,-1.0,0.29879456758499146,0.29879456758499146,0.29830662213588627,0.7757850026106768,0.7595995743312232,0.7851226329803467,7d1a76a11b5e4d504d6ea40d1c288e571b87071dcbcee30b6e9a6358200465bc
2,additive,8,1000,800,200,10000,10000,0.5,461,41260912,41760912,1041760912,2041260912,3041260912,0.30352200058791684,1.3265242447128067,1.2527016963800348,0.09723481453682474,1.7596665718108824,-0.1438199231171449,0.15490313505556771,1.5692615401134171,-2.220446049250313e-16,5.623780001684509e-07,3227,0.005,1,1,0.9369140863418579,1.0,-0.06308591365814209,0.06308591365814209,-0.7031064629554749,-1.0,0.29689353704452515,0.29689353704452515,0.31853023726080365,0.764993359095159,0.7645373259452712,0.7762638330459595,ab03e8ef8a7f148e68acf14aed175e612957da1815b7cc2988ee1e47880e48aa
2,additive,8,1000,800,200,10000,10000,0.5,462,41260912,41760912,1041760912,2041260912,3041260912,0.3010746900779416,1.3285004588561715,1.2660099224107737,0.0955353308527103,1.7649134691810584,-0.12883383819561764,0.1384975906816454,1.6027811236425333,0.0,5.317214899491773e-07,3234,0.005,1,1,0.9371162056922913,1.0,-0.06288379430770874,0.06288379430770874,-0.7055656313896179,-1.0,0.2944343686103821,0.2944343686103821,0.3372447794076237,0.7877920170258298,0.7664966220410038,0.7949831485748291,a3baed4c25a8379fe3951699e1337cd5ddf705105fb6b537d40bd94671f20e18
2,additive,8,1000,800,200,10000,10000,0.5,463,41260912,41760912,1041760912,2041260912,3041260912,0.3011640525257094,1.2664446892690755,1.2155952543967168,0.09522258649321155,1.6038821509778451,-0.11071645747961925,0.13032328736180132,1.4776718225118184,2.220446049250313e-16,5.371899511885658e-07,3241,0.005,1,1,0.9362767338752747,1.0,-0.06372326612472534,0.06372326612472534,-0.7056547403335571,-1.0,0.29434525966644287,0.29434525966644287,0.3090899882752379,0.7600195870747579,0.7541622322666156,0.7742627859115601,18606130c8337100112d12dc0340e815b452d2fdd325b783f0d8a46798c640ca
2,additive,8,1000,800,200,10000,10000,0.5,464,41260912,41760912,1041760912,2041260912,3041260912,0.3021375661203008,1.2712732730650453,1.234092274521555,0.09634560616531891,1.6161357348095136,-0.09474879947052364,0.11065673791994457,1.5229837420337853,0.0,5.670415497149861e-07,3248,0.005,1,1,0.9371924996376038,1.0,-0.06280750036239624,0.06280750036239624,-0.7044626474380493,-1.0,0.2955373525619507,0.2955373525619507,0.2960343533584766,0.7729590214515989,0.7561472312609501,0.7822128534317017,8988d8111af90c85e7c4a6f9e1c7a4a23b2b92fa731dcde2490ba598421f429d
2,additive,8,1000,800,200,10000,10000,0.5,465,41260912,41760912,1041760912,2041260912,3041260912,0.3019470395875491,1.2471621655238618,1.2239580995782036,0.09569947729159267,1.5554134671141686,-0.07651975744133681,0.09268870152171985,1.4980734295230878,0.0,5.580303383823093e-07,3255,0.005,1,1,0.9360692501068115,1.0,-0.06393074989318848,0.06393074989318848,-0.7048985362052917,-1.0,0.29510146379470825,0.29510146379470825,0.3086093841103596,0.7849572217422427,0.7551870019653157,0.7921123504638672,81ec6369b409c4ff60aaed4b12d81f78677cc4835db75c660fef9ee238090429
2,additive,8,1000,800,200,10000,10000,0.5,466,41260912,41760912,1041760912,2041260912,3041260912,0.3017959627065695,1.2441563531591435,1.2316577595393425,0.09371571776117438,1.5479250311062593,-0.06232995611698044,0.0759361707608462,1.5169808366334727,0.0,5.388689334751007e-07,3262,0.005,1,1,0.9319358468055725,1.0,-0.06806415319442749,0.06806415319442749,-0.7059794664382935,-1.0,0.29402053356170654,0.29402053356170654,0.30690299210128913,0.7615320752539493,0.7566418103981969,0.7740904092788696,073799905159c13e790283cf5bbb2a8fb9a0d326151bea7d1f259e8ff28f58ad
2,additive,8,1000,800,200,10000,10000,0.5,467,41260912,41760912,1041760912,2041260912,3041260912,0.3004924793312503,1.2374867169776171,1.233059400207392,0.09161143409807208,1.5313733746960412,-0.05127466217714993,0.06318563414681286,1.5204354844398134,0.0,5.531728550778325e-07,3269,0.005,1,1,0.929375410079956,1.0,-0.07062458992004395,0.07062458992004395,-0.7079248428344727,-1.0,0.29207515716552734,0.29207515716552734,0.2999193928912426,0.7737297963539725,0.7576676572782408,0.7838945984840393,7068897f4e462f640ba3701fc7cd35a5e213d64dac1a37c5f694818f9d9292e4
2,additive,8,1000,800,200,10000,10000,0.5,468,41260912,41760912,1041760912,2041260912,3041260912,0.2994179088481926,1.2136693327976296,1.225192581783707,0.0908852546230394,1.4729932493734432,-0.03139082076932854,0.04014483310450201,1.5010968624578256,0.0,5.667125861918976e-07,3276,0.005,1,1,0.9294689893722534,1.0,-0.07053101062774658,0.07053101062774658,-0.7090077996253967,-1.0,0.29099220037460327,0.29099220037460327,0.30142874481619225,0.7770048191065025,0.7546719910797289,0.7865172624588013,b270245ad96f79dc2bb6101894a675acb67619ab1a95d38ea7cd1a396206d16b
2,additive,8,1000,800,200,10000,10000,0.5,469,41260912,41760912,1041760912,2041260912,3041260912,0.2983493357507621,1.223724052463902,1.2098105008267515,0.09116931877679421,1.4975005565786745,-0.0625142137223968,0.07870006814148105,1.4636414479106752,0.0,5.724701939158194e-07,3283,0.005,1,1,0.9317845106124878,1.0,-0.06821548938751221,0.06821548938751221,-0.7095538377761841,-1.0,0.2904461622238159,0.2904461622238159,0.2958006165190894,0.7591486971057457,0.7497968825177908,0.7704049348831177,467117d1b85b69db5ff817d297735269753f49191d7d39a33825168616878399
2,additive,8,1000,800,200,10000,10000,0.5,470,41260912,41760912,1041760912,2041260912,3041260912,0.2996899263801735,1.2196256391526998,1.241540233520343,0.0948628314107258,1.4874866996786316,-0.02046368981980478,0.025864942501947336,1.5414221514497477,-2.220446049250313e-16,5.639133924262296e-07,3290,0.005,1,1,0.9378620982170105,1.0,-0.0621379017829895,0.0621379017829895,-0.7068226933479309,-1.0,0.2931773066520691,0.2931773066520691,0.31308218094428514,0.7811256334670531,0.760339073976984,0.7927498817443848,8aadf86e23959d5135ec3d0360ddc2b103d8af66356ce68f45f3fc28691c70c5
2,additive,8,1000,800,200,10000,10000,0.5,471,41260912,41760912,1041760912,2041260912,3041260912,0.30041070423959865,1.2456142277928275,1.2441308236498654,0.09508101704603926,1.5515548044799217,-0.04938715758513415,0.05998552556614051,1.5478615063556924,-2.220446049250313e-16,5.317456661657616e-07,3297,0.005,1,1,0.9371804594993591,1.0,-0.06281954050064087,0.06281954050064087,-0.706230878829956,-1.0,0.29376912117004395,0.29376912117004395,0.3003716783465291,0.7721315409203899,0.7607301022920734,0.7839856743812561,ac3a0943e84b6474df171876976f302de1e0b6a826461a3b86cafb8c61aeeff7
2,additive,8,1000,800,200,10000,10000,0.5,472,41260912,41760912,1041760912,2041260912,3041260912,0.29832902499995845,1.233658652150949,1.2417783137950724,0.09474407878499887,1.5219136700268958,-0.037322184100080584,0.04617202883852095,1.5420133806117335,0.0,5.748773368452476e-07,3304,0.005,1,1,0.9398114681243896,1.0,-0.06018853187561035,0.06018853187561035,-0.7078056335449219,-1.0,0.2921943664550781,0.2921943664550781,0.3213028930385158,0.7740309743175399,0.7594265627188324,0.7869664430618286,4e37ff9c41764f2b3a54ee8e319f218f37fbf32815d4c873cf852cd3c13dbec8
2,additive,8,1000,800,200,10000,10000,0.5,473,41260912,41760912,1041760912,2041260912,3041260912,0.2972237426088108,1.2286674739084191,1.2453518028054975,0.09562470088206844,1.509623761440496,-0.02717367478583085,0.033856035901774904,1.5509011127509027,0.0,5.447448270246014e-07,3311,0.005,1,1,0.9436262249946594,1.0,-0.056373775005340576,0.056373775005340576,-0.7081713676452637,-1.0,0.29182863235473633,0.29182863235473633,0.3141347408126984,0.7804352751579233,0.7606218513973243,0.792731761932373,f1a08bab0655ca8a4d9a8cca455046563c341561562bcc463b9fa21ec2a4cd8a
2,additive,8,1000,800,200,10000,10000,0.5,474,41260912,41760912,1041760912,2041260912,3041260912,0.2961795352271715,1.2743658679435161,1.2532175722550527,0.09453317339591635,1.624008365379431,-0.07399362768324966,0.08611212008989713,1.5705542834088482,2.220446049250313e-16,5.476010134231046e-07,3318,0.005,1,1,0.9428623914718628,1.0,-0.05713760852813721,0.05713760852813721,-0.7093840837478638,-1.0,0.29061591625213623,0.29061591625213623,0.29468394260265424,0.7680339691446906,0.7604660268118634,0.7788380980491638,984bc544aee4cf950143214012ebc710b17abbbd1909caa6b55d915f62d3d614
2,additive,8,1000,800,200,10000,10000,0.5,475,41260912,41760912,1041760912,2041260912,3041260912,0.2967615588227837,1.3014250413634583,1.2529260998614336,0.09435603869834008,1.6937071382878788,-0.10911968263611803,0.12205349793069314,1.5698238117139829,2.220446049250313e-16,5.140626573307827e-07,3325,0.005,1,1,0.9415006041526794,1.0,-0.05849939584732056,0.05849939584732056,-0.7090614438056946,-1.0,0.2909385561943054,0.2909385561943054,0.30862188995498224,0.7779557936363287,0.7612725278520612,0.7864231467247009,6533b5463aa87aeb40e6df84b4a3b4eb4d5562ed54a12c31ca94dbb20ab0a26c
2,additive,8,1000,800,200,10000,10000,0.5,476,41260912,41760912,1041760912,2041260912,3041260912,0.2974697533884653,1.2877714639656066,1.2490691122791377,0.09446405441824259,1.6583553434041216,-0.09632287528628548,0.10990621784075796,1.5601736472497933,0.0,5.360513117835808e-07,3332,0.005,1,1,0.9405842423439026,1.0,-0.05941575765609741,0.05941575765609741,-0.7085244059562683,-1.0,0.2914755940437317,0.2914755940437317,0.30200398583856447,0.7671116966043912,0.7587912174944124,0.7772053480148315,71def17af41838e807660bb7a4bbb477550c93ed416b38524549d739059a4842
2,additive,8,1000,800,200,10000,10000,0.5,477,41260912,41760912,1041760912,2041260912,3041260912,0.29743824904919136,1.275311277533498,1.2385684409748607,0.09436805952445373,1.626418854604123,-0.09336756557483977,0.1085172891637452,1.5340517829788973,2.220446049250313e-16,5.338597368620412e-07,3339,0.005,1,1,0.940418541431427,1.0,-0.059581458568573,0.059581458568573,-0.7085903882980347,-1.0,0.29140961170196533,0.29140961170196533,0.29274789965271936,0.7737820567245987,0.7571057137671232,0.7831941843032837,b0d2f516f6d24b7a45681e09917d3c5f193779022b1755bda025f675152def80
2,additive,8,1000,800,200,10000,10000,0.5,478,41260912,41760912,1041760912,2041260912,3041260912,0.2973067743705747,1.255590729302207,1.2367890613094974,0.09385865914624608,1.576508079509648,-0.07035977824053312,0.08424470700027231,1.5296471821748276,-2.220446049250313e-16,5.584524558344128e-07,3346,0.005,1,1,0.9394813776016235,1.0,-0.060518622398376465,0.060518622398376465,-0.7089178562164307,-1.0,0.29108214378356934,0.29108214378356934,0.2907369164317647,0.7707343270088746,0.7573186538048124,0.778504490852356,24d044e2f6adb5dd6cfe64f2eba2c59f0620e757569bed440203ecba6e3885fa
2,additive,8,1000,800,200,10000,10000,0.5,479,41260912,41760912,1041760912,2041260912,3041260912,0.2966555930987313,1.2721315446931898,1.255532028145226,0.09309902205620339,1.618318667003481,-0.06752850768060983,0.07891528539442931,1.5763606736984646,-2.220446049250313e-16,5.694948690404544e-07,3353,0.005,1,1,0.9388244152069092,1.0,-0.06117558479309082,0.06117558479309082,-0.7097206711769104,-1.0,0.2902793288230896,0.2902793288230896,0.29370749510128,0.7755774086648531,0.7617551298106804,0.7866941094398499,9ab659c90c17119b4f532155a6a8120c165631c0b7db516c689c8e5b73bf6c37
2,additive,8,1000,800,200,10000,10000,0.5,480,41260912,41760912,1041760912,2041260912,3041260912,0.29780975328758275,1.250987785807119,1.256614678345608,0.09469560046747848,1.5649704402385984,-0.04029279543622047,0.04855530504086061,1.5790804498336362,2.220446049250313e-16,5.330238170841994e-07,3360,0.005,1,1,0.9405513405799866,1.0,-0.05944865942001343,0.05944865942001343,-0.7081841230392456,-1.0,0.2918158769607544,0.2918158769607544,0.30188296094000167,0.7702051931431775,0.7629653191006847,0.7815179824829102,754a55d83cec9154de2e8ab51a5d74606dd32abf3b2fed89f4614dc0a48cf4ac
2,additive,8,1000,800,200,10000,10000,0.5,481,41260912,41760912,1041760912,2041260912,3041260912,0.29780125316482337,1.2262462902381503,1.2356767092626904,0.09493875732737296,1.5036799643228262,-0.03586089591796386,0.04486485167763567,1.5268969298142714,-2.220446049250313e-16,5.570615329020256e-07,3367,0.005,1,1,0.9411154389381409,1.0,-0.05888456106185913,0.05888456106185913,-0.7080784440040588,-1.0,0.29192155599594116,0.29192155599594116,0.3089176267193126,0.7665377409120268,0.75721143676941,0.7778679728507996,169bb28eb6e96d9f8ed93b0f4b536a6cf333a92b70ee21dd70a687f79ab7609a
2,additive,8,1000,800,200,10000,10000,0.5,482,41260912,41760912,1041760912,2041260912,3041260912,0.2988724869151543,1.2938581666506337,1.2584961326246875,0.09558851020976322,1.6740689554085388,-0.09292247489350362,0.10501746998935453,1.5838125158312948,-2.220446049250313e-16,5.62757957567328e-07,3374,0.005,1,1,0.9408258199691772,1.0,-0.059174180030822754,0.059174180030822754,-0.7070440649986267,-1.0,0.2929559350013733,0.2929559350013733,0.2933109809231256,0.7647922693597836,0.7615364877032913,0.7741731405258179,25857befd364d303d1033ce1c49ba326c8237ab357f937bab3ee7664335644cc
2,additive,8,1000,800,200,10000,10000,0.5,483,41260912,41760912,1041760912,2041260912,3041260912,0.30044152332802027,1.2855715920224606,1.248947992616975,0.09681554316833225,1.652694318215164,-0.09481938656076257,0.10839537250253653,1.5598710882619715,4.440892098500626e-16,5.697302540852434e-07,3381,0.005,1,1,0.9410107135772705,1.0,-0.05898928642272949,0.05898928642272949,-0.7054064273834229,-1.0,0.29459357261657715,0.29459357261657715,0.2892020595557835,0.7668972136780277,0.7612747579705097,0.7792472243309021,10e3cc37fe320a093509654f9ee5eb4a2318cd4002de78202e65c82bd373fcae
2,additive,8,1000,800,200,10000,10000,0.5,484,41260912,41760912,1041760912,2041260912,3041260912,0.30153913146576483,1.2988205802548483,1.246703824031846,0.09781763521681608,1.6869348996935405,-0.11524105502736443,0.12913953365882477,1.5542704248556278,0.0,5.704443069021181e-07,3388,0.005,1,1,0.9414522647857666,1.0,-0.0585477352142334,0.0585477352142334,-0.7041993737220764,-1.0,0.2958006262779236,0.2958006262779236,0.2987233051220596,0.7701420302762636,0.7599087609463617,0.7810397744178772,e735a50464e1a2779c28aec760b67b7ad760b179be17868b5abe9de6a08a000b
2,additive,8,1000,800,200,10000,10000,0.5,485,41260912,41760912,1041760912,2041260912,3041260912,0.3020424358104727,1.3397922278261412,1.2855985458190486,0.09850197976560025,1.7950432137433348,-0.12039078624844125,0.12715913690482844,1.6527636210120527,2.220446049250313e-16,5.736122847821434e-07,3395,0.005,1,1,0.942155122756958,1.0,-0.05784487724304199,0.05784487724304199,-0.7035483121871948,-1.0,0.2964516878128052,0.2964516878128052,0.318756744705438,0.7708934272383954,0.770512564781299,0.7802919149398804,2705e3ec09336b91485bfaf146c08ca78ede5966b1ff3bcef62d122861e23623
2,additive,8,1000,800,200,10000,10000,0.5,486,41260912,41760912,1041760912,2041260912,3041260912,0.30094406760107156,1.3498656506275182,1.2878794165001037,0.09815729760518008,1.8221372747440532,-0.13083059045229295,0.13626095947585642,1.6586333914446474,0.0,5.633860613585284e-07,3402,0.005,1,1,0.9431993961334229,1.0,-0.05680060386657715,0.05680060386657715,-0.704464852809906,-1.0,0.295535147190094,0.295535147190094,0.308412994402569,0.7787445510310124,0.7704111874791449,0.7895962595939636,206072a181d987c83a7eee742e9213df51667332ef967b4b6c37b44370f89723
2,additive,8,1000,800,200,10000,10000,0.5,487,41260912,41760912,1041760912,2041260912,3041260912,0.3002077379095195,1.2726529983167194,1.2440415711633728,0.09821544300915852,1.6196456541245359,-0.08511083317553055,0.09908930741553046,1.5476394307826333,0.0,5.701192691276447e-07,3409,0.005,1,1,0.9445550441741943,1.0,-0.055444955825805664,0.055444955825805664,-0.7049567103385925,-1.0,0.29504328966140747,0.29504328966140747,0.28876443298468607,0.7703639348702929,0.7577072532643471,0.7798007726669312,972b3af28f63d8c1a0a423abd6c720d9a8ef9eed3822b21759ec0d1c51210788
2,additive,8,1000,800,200,10000,10000,0.5,488,41260912,41760912,1041760912,2041260912,3041260912,0.2995712820878314,1.2776712576083882,1.2636311782763316,0.0987518609742602,1.6324438425186003,-0.06721597439041523,0.07765265851203336,1.5967637547120301,2.220446049250313e-16,5.347951468337442e-07,3416,0.005,1,1,0.9468397498130798,1.0,-0.053160250186920166,0.053160250186920166,-0.705183207988739,-1.0,0.294816792011261,0.294816792011261,0.2913417306790341,0.7690019723761364,0.7629868340723552,0.78019118309021,10cbe6e5f09c91b262b075f80af1a394f3975bb1b1e91f3ce4448dab74be1e8e
2,additive,8,1000,800,200,10000,10000,0.5,489,41260912,41760912,1041760912,2041260912,3041260912,0.29716370322799146,1.2858134739780622,1.2611819894460172,0.09821304184936559,1.6533162898635332,-0.08047466060494243,0.09189073702379014,1.590580010503014,0.0,5.589143565742916e-07,3423,0.005,1,1,0.9496701955795288,1.0,-0.05032980442047119,0.05032980442047119,-0.7071294188499451,-1.0,0.29287058115005493,0.29287058115005493,0.29337425181381743,0.7655154022786153,0.7624956322221207,0.7790846228599548,107512f1aa6a1dd4b61657e4ac6b305552a94f502bfa0177309b3a689af4ebfe
2,additive,8,1000,800,200,10000,10000,0.5,490,41260912,41760912,1041760912,2041260912,3041260912,0.29955766495063335,1.2480950114038551,1.2608471477305543,0.10118873455018251,1.5577411574911895,-0.03459718105054876,0.0417102388913804,1.5897355299402742,-2.220446049250313e-16,5.592396146170131e-07,3430,0.005,1,1,0.9524592161178589,1.0,-0.04754078388214111,0.04754078388214111,-0.7042388319969177,-1.0,0.2957611680030823,0.2957611680030823,0.30100256249993007,0.7767532697663836,0.763702212777806,0.7877058982849121,b17732ca95569c34f8311cf24922430e526b15638d9f840a208f49d0b6fd83db
2,additive,8,1000,800,200,10000,10000,0.5,491,41260912,41760912,1041760912,2041260912,3041260912,0.30026162642714616,1.29244037488998,1.267411665680549,0.0998575377906554,1.670402122645752,-0.08196366506663204,0.09260072620807076,1.6063323303031434,0.0,5.709286448052353e-07,3437,0.005,1,1,0.9481991529464722,1.0,-0.05180084705352783,0.05180084705352783,-0.7042404413223267,-1.0,0.29575955867767334,0.29575955867767334,0.28949469953527446,0.770339537451473,0.7623807283061946,0.780270516872406,50bc70653d21b04559ed2301b267199e2901e170e5a6a7e91640bb0033fe6900
2,additive,8,1000,800,200,10000,10000,0.5,492,41260912,41760912,1041760912,2041260912,3041260912,0.29962619342635394,1.2980182536988512,1.2463918681017243,0.09758626014828582,1.6848513869354151,-0.11447247910679735,0.12844486234240976,1.5534926888701064,2.220446049250313e-16,5.589411244955045e-07,3444,0.005,1,1,0.944097638130188,1.0,-0.05590236186981201,0.05590236186981201,-0.7056349515914917,-1.0,0.2943650484085083,0.2943650484085083,0.30210860159570035,0.7695516275168629,0.7579848924284716,0.7826756834983826,341cf40990e31ad3a4e907a3ff039c961331a4d5616f58aec9a898eeb65a88bc
2,additive,8,1000,800,200,10000,10000,0.5,493,41260912,41760912,1041760912,2041260912,3041260912,0.29867540771382384,1.2896929894538174,1.2649657701301595,0.09737663283990691,1.6633080070463242,-0.08027312014262154,0.09118398414358689,1.6001383996009877,-2.220446049250313e-16,5.548683574829738e-07,3451,0.005,1,1,0.9452053308486938,1.0,-0.05479466915130615,0.05479466915130615,-0.7063938975334167,-1.0,0.29360610246658325,0.29360610246658325,0.30798045289306936,0.7722668768595272,0.7613386422802662,0.7823214530944824,283693ad80bf7f00a74f53501b7b21388277306e834c34213fbcdd0f7192b054
2,additive,8,1000,800,200,10000,10000,0.5,494,41260912,41760912,1041760912,2041260912,3041260912,0.29729659135902187,1.3010125626241387,1.266342839460546,0.09552175205559843,1.6926336881058284,-0.09226562655421425,0.10319642742678445,1.6036241870529981,-2.220446049250313e-16,5.321475491371075e-07,3458,0.005,1,1,0.9432709813117981,1.0,-0.056729018688201904,0.056729018688201904,-0.7081660032272339,-1.0,0.2918339967727661,0.2918339967727661,0.2960034936728734,0.7617233129767277,0.7629518906386187,0.771897554397583,9774b6037227f89b85578fba2af0aae2f56d980815245e5f428eb9ca803b4295
2,additive,8,1000,800,200,10000,10000,0.5,495,41260912,41760912,1041760912,2041260912,3041260912,0.29769901001578924,1.281906267300584,1.2525698252264508,0.0963015490643393,1.6432836781445164,-0.0853270300705172,0.09810043076466386,1.5689311670678212,0.0,5.37179717596814e-07,3465,0.005,1,1,0.9443809986114502,1.0,-0.055619001388549805,0.055619001388549805,-0.7075427770614624,-1.0,0.2924572229385376,0.2924572229385376,0.290503988351292,0.7799126238675238,0.7607124314390306,0.7893751263618469,851c4d55bcc8af02e106d328407517dc58b795abc0bf82605b2e3530cc15f69b
2,additive,8,1000,800,200,10000,10000,0.5,496,41260912,41760912,1041760912,2041260912,3041260912,0.2961188948843205,1.33896475851214,1.2804601855145659,0.09496851901149228,1.7928266245374735,-0.12410842843048467,0.1314850595464153,1.6395782866879962,-2.220446049250313e-16,5.522566564053477e-07,3472,0.005,1,1,0.943958044052124,1.0,-0.05604195594787598,0.05604195594787598,-0.7092325687408447,-1.0,0.2907674312591553,0.2907674312591553,0.3003316959990836,0.7760493360788603,0.7676568738131622,0.787084698677063,e947e6265606fc4b0fbf5abbf288932ab9752dccda6615c63fcb82197a6e9361
2,additive,8,1000,800,200,10000,10000,0.5,497,41260912,41760912,1041760912,2041260912,3041260912,0.2955596020403521,1.3228592279368085,1.2620786741822325,0.0946548893484376,1.7499565369375691,-0.12588442323021243,0.13648882516538643,1.5928425798255819,0.0,5.389445618675381e-07,3479,0.005,1,1,0.9441666007041931,1.0,-0.055833399295806885,0.055833399295806885,-0.7097619771957397,-1.0,0.29023802280426025,0.29023802280426025,0.29766076552267984,0.7620042673333327,0.7636713179302264,0.7727911472320557,380e84c37fe11021b85215f4e9862574bd6898b3c4ffe67f08d85ed20f3f8e68
2,additive,8,1000,800,200,10000,10000,0.5,498,41260912,41760912,1041760912,2041260912,3041260912,0.295927183360488,1.3000240431953962,1.274883880695381,0.09540054845134226,1.6900625128861055,-0.08006707604026653,0.08968774294360388,1.6253289092569145,-2.220446049250313e-16,5.735952015584189e-07,3486,0.005,1,1,0.9452674388885498,1.0,-0.054732561111450195,0.054732561111450195,-0.7091783285140991,-1.0,0.2908216714859009,0.2908216714859009,0.2915735827618889,0.7786591268809326,0.7659656251807181,0.7896263599395752,20c59629825ef09cb61a63033be9bb1e3445f392bfb7adc26b08026e88467dbf
2,additive,8,1000,800,200,10000,10000,0.5,499,41260912,41760912,1041760912,2041260912,3041260912,0.297044980081788,1.3334063913242873,1.288455039371281,0.09636842049322966,1.7779726044244584,-0.10711231821821934,0.11429330820193001,1.6601163884812493,0.0,5.582445758989252e-07,3493,0.005,1,1,0.9456236362457275,1.0,-0.05437636375427246,0.05437636375427246,-0.7079744338989258,-1.0,0.2920255661010742,0.2920255661010742,0.28816183140570417,0.766324268221588,0.7701863980129275,0.7769653797149658,3724ee8ef33eeecf689262ca6ea0974106a8ef8ea7327aa2496e46aa1388b74b
2,additive,8,1000,800,200,10000,10000,0.5,500,41260912,41760912,1041760912,2041260912,3041260912,0.2980557408222374,1.298723394212975,1.273928336270828,0.09943629579585558,1.6866824546760706,-0.081612672259083,0.09138549409160997,1.62289340595376,-2.220446049250313e-16,5.590449561054811e-07,3500,0.005,1,1,0.9509807229042053,1.0,-0.04901927709579468,0.04901927709579468,-0.7060028314590454,-1.0,0.2939971685409546,0.2939971685409546,0.2882678650580126,0.7794880474247949,0.7678136679085557,0.7873047590255737,67893ce62b3e3a7ecc3b8533eb981cd7769214569cb6ab1af6e524a24fdef1fe
2,additive,8,1000,800,200,10000,10000,0.5,501,41260912,41760912,1041760912,2041260912,3041260912,0.297157244672055,1.3678406327161867,1.3030757187058508,0.09873887446534757,1.870987996509418,-0.13586027114699814,0.13794833501942783,1.6980063286807698,4.440892098500626e-16,5.186638087906204e-07,3507,0.005,1,1,0.9508991837501526,1.0,-0.04910081624984741,0.04910081624984741,-0.7069274187088013,-1.0,0.29307258129119873,0.29307258129119873,0.3099215338116409,0.7722640232670838,0.7714664183089022,0.7804071307182312,29bdf1d3c7ce81c5493e4ce1aad454c7680317df6ff15bfe5f98f2ba5236cf9e
2,additive,8,1000,800,200,10000,10000,0.5,502,41260912,41760912,1041760912,2041260912,3041260912,0.30033315575406816,1.291737759683924,1.2714234103096373,0.0998646012252432,1.6685864397932426,-0.07596677636754862,0.08591334971173174,1.6165174882833886,2.220446049250313e-16,5.386078001379246e-07,3514,0.005,1,1,0.9480943083763123,1.0,-0.051905691623687744,0.051905691623687744,-0.704186201095581,-1.0,0.29581379890441895,0.29581379890441895,0.2923835829022647,0.7545041638059619,0.763805384303795,0.7676985859870911,7eec9fc0bffba55b54a42a9d9d7d1cce8c9f94cec55b665c4037fff8c0f80e63
2,additive,8,1000,800,200,10000,10000,0.5,503,41260912,41760912,1041760912,2041260912,3041260912,0.3027665592548078,1.2595392596768058,1.2596960829744333,0.09965790292666483,1.5864391466671959,-0.049631414066365155,0.058871361026721615,1.5868342214611302,-2.220446049250313e-16,5.40441980945161e-07,3521,0.005,1,1,0.9435461163520813,1.0,-0.0564538836479187,0.0564538836479187,-0.7025431990623474,-1.0,0.2974568009376526,0.2974568009376526,0.29690693923562456,0.7718198601385082,0.7622452947643171,0.7848455905914307,1ef101259ca587e95baa52e75ffe55161dfb2a3c422ed71cc762195c4ea1c2ca
2,additive,8,1000,800,200,10000,10000,0.5,504,41260912,41760912,1041760912,2041260912,3041260912,0.3021527523323388,1.2990900860511152,1.3063771332921146,0.09886856625495928,1.6876350516762941,-0.03994120177136519,0.04471438106306949,1.706621214388523,0.0,5.409544563406143e-07,3528,0.005,1,1,0.9427945017814636,1.0,-0.05720549821853638,0.05720549821853638,-0.7033119201660156,-1.0,0.2966880798339844,0.2966880798339844,0.3104822496510293,0.7745851241447405,0.7746598438401211,0.7860544919967651,b20e5c1abf2e969f33d7254cc0dedce7a6ebb9b8668a746bdde151c026d61689
2,additive,8,1000,800,200,10000,10000,0.5,505,41260912,41760912,1041760912,2041260912,3041260912,0.3010378142764044,1.308036269503254,1.2817848976877995,0.09638325451851601,1.710958882335989,-0.08218480645699136,0.09094548816310526,1.6429725239405224,2.220446049250313e-16,5.68839180203895e-07,3535,0.005,1,1,0.9390658140182495,1.0,-0.06093418598175049,0.06093418598175049,-0.7051936388015747,-1.0,0.2948063611984253,0.2948063611984253,0.29118539684469996,0.7845505011960864,0.7663929211578446,0.7953131198883057,4a54bd590cede70cca4386655ea756b104aa27305502bf1463eaaef8d87d2d0c
2,additive,8,1000,800,200,10000,10000,0.5,506,41260912,41760912,1041760912,2041260912,3041260912,0.29923897709349756,1.3462677625095758,1.2812561654106196,0.09376218950350909,1.8124368883725395,-0.1322908582366617,0.13880067383524775,1.6416173614027247,-4.440892098500626e-16,5.341952302728714e-07,3542,0.005,1,1,0.9361326694488525,1.0,-0.06386733055114746,0.06386733055114746,-0.7076561450958252,-1.0,0.2923438549041748,0.2923438549041748,0.3150394246117864,0.7644112106237734,0.7657236400281927,0.7735817432403564,fd1d74d741e2a81a38c7ca3298cf4e5cef9bbd3cf64663cce412f511abd75df5
2,additive,8,1000,800,200,10000,10000,0.5,507,41260912,41760912,1041760912,2041260912,3041260912,0.30062551967447515,1.34854117495844,1.2955133070699032,0.09563119779166625,1.8185633005582897,-0.11791988477737946,0.1232057503864178,1.6783547287951972,2.220446049250313e-16,5.672570679848832e-07,3549,0.005,1,1,0.9380587339401245,1.0,-0.06194126605987549,0.06194126605987549,-0.7058249115943909,-1.0,0.29417508840560913,0.29417508840560913,0.31310907876724164,0.7808689411768229,0.7717122793999744,0.7880511283874512,e49838dff27f84b7891d5ea28c1d0b04020dcfac767b5937ce0cf40725c30668
2,additive,8,1000,800,200,10000,10000,0.5,508,41260912,41760912,1041760912,2041260912,3041260912,0.29892716701095706,1.3363997734181146,1.2976528476516724,0.0957335913292149,1.7859643543919879,-0.0988975163513541,0.10511518766998432,1.6839029130184946,0.0,5.266245128865421e-07,3556,0.005,1,1,0.9410633444786072,1.0,-0.05893665552139282,0.05893665552139282,-0.7069404125213623,-1.0,0.2930595874786377,0.2930595874786377,0.30221771384924634,0.759543493152379,0.7714896887732788,0.7683849334716797,53ec7077529526612497b11fde1c553e778980d0665ffcf481497af1095990da
2,additive,8,1000,800,200,10000,10000,0.5,509,41260912,41760912,1041760912,2041260912,3041260912,0.29641651902972116,1.302202199773761,1.2677702212648272,0.0947174534363493,1.6957305690956221,-0.09160334430305123,0.10232449437265415,1.607241333925869,2.220446049250313e-16,5.768522051141645e-07,3563,0.005,1,1,0.9428918361663818,1.0,-0.057108163833618164,0.057108163833618164,-0.7091367840766907,-1.0,0.2908632159233093,0.2908632159233093,0.292323962887167,0.7676786568115176,0.7635482438212929,0.7802676558494568,d610d4b97d6a2dd625a3f9017df00826076e29e992ac75eb9e1c71e38716b484
2,additive,8,1000,800,200,10000,10000,0.5,510,41260912,41760912,1041760912,2041260912,3041260912,0.2948749134645632,1.3224070015779488,1.2792857724121607,0.09466739035969812,1.748760277822381,-0.10342779034295034,0.11221247475898746,1.6365720874961787,2.220446049250313e-16,5.19760897432775e-07,3570,0.005,1,1,0.9453331828117371,1.0,-0.05466681718826294,0.05466681718826294,-0.7102367281913757,-1.0,0.28976327180862427,0.28976327180862427,0.2939930006002744,0.7604785505825197,0.7673796222191176,0.7720744609832764,b20e11ab3970d8865baf526d068278e6bd573d77137f6267d937dda68785146a
2,additive,8,1000,800,200,10000,10000,0.5,511,41260912,41760912,1041760912,2041260912,3041260912,0.29819723539686294,1.303119805955127,1.294516356004194,0.09876573672004191,1.6981212286725276,-0.0605571847150962,0.06740233067678372,1.6757725959623768,-2.220446049250313e-16,5.689424753541061e-07,3577,0.005,1,1,0.9491918087005615,1.0,-0.05080819129943848,0.05080819129943848,-0.7061631083488464,-1.0,0.29383689165115356,0.29383689165115356,0.3048725367844247,0.7940948529137637,0.7710558731529823,0.8040657043457031,2333b09bab15693b7d82eba149d58320ad86c232c4193a86e8965b3179d4ad95
2,additive,8,1000,800,200,10000,10000,0.5,512,41260912,41760912,1041760912,2041260912,3041260912,0.2971671122250232,1.3059452502078446,1.2642372416870393,0.09411457454398259,1.7054929965404295,-0.10065588390797939,0.11186425921438628,1.5982958032684533,0.0,5.430664344885372e-07,3584,0.005,1,1,0.940288245677948,1.0,-0.059711754322052,0.059711754322052,-0.7088938355445862,-1.0,0.2911061644554138,0.2911061644554138,0.2971558335170776,0.7684517940634399,0.7611633401969418,0.7825882434844971,aa8fc17d81a289848c94841079e0372f1ee13d1fc2471b4a71507a1359c06489
2,additive,8,1000,800,200,10000,10000,0.5,513,41260912,41760912,1041760912,2041260912,3041260912,0.30122867385444874,1.2924698266455683,1.2917458851405363,0.09466303064988654,1.6704782527892257,-0.04826692583080231,0.05468902266764898,1.6686074317775077,0.0,5.676937426812856e-07,3591,0.005,1,1,0.9349322319030762,1.0,-0.06506776809692383,0.06506776809692383,-0.7058828473091125,-1.0,0.29411715269088745,0.29411715269088745,0.28789863011816164,0.783347826150553,0.7681705574161428,0.7947608232498169,e688b98d0decd104da71b3a4c26f68b8199915ee4da45cd00a4f52a201c82e1c
2,additive,8,1000,800,200,10000,10000,0.5,514,41260912,41760912,1041760912,2041260912,3041260912,0.3016259746722027,1.291353024762928,1.2854087651475126,0.09420283990186017,1.667592634564363,-0.05475989047408512,0.06216373156557903,1.652275693518053,0.0,5.390580639641485e-07,3598,0.005,1,1,0.9332789778709412,1.0,-0.06672102212905884,0.06672102212905884,-0.7058460712432861,-1.0,0.29415392875671387,0.29415392875671387,0.3042765679061472,0.7913175441575118,0.7691462840894185,0.8066379427909851,0e00b5bed10bf01802b79fe2b96045b65995e600f6397102ce4de8d3e93992bd
2,additive,8,1000,800,200,10000,10000,0.5,515,41260912,41760912,1041760912,2041260912,3041260912,0.3015444278005071,1.2974678566517737,1.329401988942151,0.0947644619174903,1.6834228390445474,-0.005438826379345514,0.006117270521955692,1.7673096482033466,0.0,5.287495810080145e-07,3605,0.005,1,1,0.9346492886543274,1.0,-0.06535071134567261,0.06535071134567261,-0.705622136592865,-1.0,0.294377863407135,0.294377863407135,0.3297450799464335,0.7849581309986129,0.7800343673486232,0.7942708730697632,ed0ef587ac63a532a099541c8e514ebeb640258064fda873ef3a50cb9769fa7a
2,additive,8,1000,800,200,10000,10000,0.5,516,41260912,41760912,1041760912,2041260912,3041260912,0.29876687396598284,1.2965345611513839,1.2819648729706674,0.09131669379142995,1.6810018682600119,-0.0644423132603712,0.07272091444529005,1.6434339355306997,2.220446049250313e-16,5.584515445633542e-07,3612,0.005,1,1,0.9314497709274292,1.0,-0.0685502290725708,0.0685502290725708,-0.7092036604881287,-1.0,0.29079633951187134,0.29079633951187134,0.2938336733722726,0.7838517324292988,0.768108704482606,0.7956105470657349,cbaa9f4203cb742f22dbb16ef07edd2b04b50761f074951294944f04835625ba
2,additive,8,1000,800,200,10000,10000,0.5,517,41260912,41760912,1041760912,2041260912,3041260912,0.2978816527854398,1.3265860119226014,1.2820887635777252,0.08841805297736798,1.7598304470287123,-0.10224845115691009,0.11064361870881942,1.64375159769226,0.0,5.580158486395703e-07,3619,0.005,1,1,0.9264366030693054,1.0,-0.07356339693069458,0.07356339693069458,-0.7113446593284607,-1.0,0.2886553406715393,0.2886553406715393,0.29479379208250905,0.7645921662556225,0.7674746396391428,0.7787270545959473,fc6d7e948d6fb7236f2f2498fc9dd5712d0c1aa67da60571efa5677f0497c8ae
2,additive,8,1000,800,200,10000,10000,0.5,518,41260912,41760912,1041760912,2041260912,3041260912,0.30056443357550505,1.3588906696746985,1.316124661463709,0.08943391430743887,1.8465838521289508,-0.10191682096171391,0.10528500588020044,1.7321841245129626,6.661338147750939e-16,5.405462317753518e-07,3626,0.005,1,1,0.9245008826255798,1.0,-0.07549911737442017,0.07549911737442017,-0.7090724110603333,-1.0,0.29092758893966675,0.29092758893966675,0.31068881268325976,0.7847469632722083,0.7728371233009868,0.7921773195266724,75411baa9443a2f6be25f7afbad6d78308b0b76a9fdb39b6537fc0a773e92a7a
2,additive,8,1000,800,200,10000,10000,0.5,519,41260912,41760912,1041760912,2041260912,3041260912,0.3002817479958978,1.321134534317526,1.2868310429554795,0.08821398361799432,1.7453964577663865,-0.08883815413524684,0.09689970359044618,1.6559341331138873,2.220446049250313e-16,5.121301445143445e-07,3633,0.005,1,1,0.9222827553749084,1.0,-0.07771724462509155,0.07771724462509155,-0.7099497318267822,-1.0,0.2900502681732178,0.2900502681732178,0.2894657646140483,0.7753894136978035,0.7669704771682062,0.7875033617019653,44acb969c19cf2f2a2f6591751ba48eccbc2297e09c643c95153becd39404d70
2,additive,8,1000,800,200,10000,10000,0.5,520,41260912,41760912,1041760912,2041260912,3041260912,0.29922047588876355,1.305607656885576,1.2870286993269164,0.08980301866983634,1.7046113537182435,-0.06898574974847305,0.07688943068000954,1.6564428728911342,4.440892098500626e-16,5.254728741022063e-07,3640,0.005,1,1,0.9273973107337952,1.0,-0.07260268926620483,0.07260268926620483,-0.7097212672233582,-1.0,0.29027873277664185,0.29027873277664185,0.2885488167072397,0.7808448545902797,0.7667212890576802,0.7943644523620605,fa1cf2198b513e20612115c4c7bade91ec54be02290a32d773a661aaa5120d1b
2,additive,8,1000,800,200,10000,10000,0.5,521,41260912,41760912,1041760912,2041260912,3041260912,0.30012198587306255,1.3121113090244174,1.2974969559844929,0.09340895805116306,1.7216360872697705,-0.06577334726595437,0.07247571892004964,1.683498350789025,4.440892098500626e-16,5.354704661897358e-07,3647,0.005,1,1,0.9339290261268616,1.0,-0.06607097387313843,0.06607097387313843,-0.7072409987449646,-1.0,0.2927590012550354,0.2927590012550354,0.28388450512816144,0.7821635386970286,0.7701461989349253,0.7904237508773804,8f8b82ca4d4bdf8f4d120b4aa7af50bed828061bc5105954b7a348974f088150
2,additive,8,1000,800,200,10000,10000,0.5,522,41260912,41760912,1041760912,2041260912,3041260912,0.3004356313030413,1.3335228030543993,1.3024731893027952,0.09595011150435562,1.778283066266062,-0.0888983844589111,0.09486374002264153,1.6964364088525952,-4.440892098500626e-16,5.714631203801446e-07,3654,0.005,1,1,0.9390804767608643,1.0,-0.06091952323913574,0.06091952323913574,-0.7058055400848389,-1.0,0.29419445991516113,0.29419445991516113,0.28139016533754624,0.7805978722275213,0.77308703741516,0.7883434891700745,4e0b2cfc330efbab1a8e092c95e4680ed3d353c13a21ec9745b55837d203491d
2,additive,8,1000,800,200,10000,10000,0.5,523,41260912,41760912,1041760912,2041260912,3041260912,0.3018143203375982,1.3580056916610284,1.3110074098912188,0.09704210834707593,1.844179458583748,-0.11124056907057102,0.1146088328767626,1.7187404287896821,2.220446049250313e-16,5.344672135976225e-07,3661,0.005,1,1,0.9392673373222351,1.0,-0.06073266267776489,0.06073266267776489,-0.7043592929840088,-1.0,0.2956407070159912,0.2956407070159912,0.29232072939519943,0.7837041163060161,0.7735361610413615,0.791388750076294,4ce83f36f98960052469d90f939aec9b0e795d6334e820dea0b205e01b301332
2,additive,8,1000,800,200,10000,10000,0.5,524,41260912,41760912,1041760912,2041260912,3041260912,0.3028166006438033,1.3777783876175815,1.3154144005772115,0.0960318755415922,1.8982732853861026,-0.13199505784089524,0.1323719763925144,1.7303150452459046,2.220446049250313e-16,5.608804780621313e-07,3668,0.005,1,1,0.9354006052017212,1.0,-0.06459939479827881,0.06459939479827881,-0.7041540741920471,-1.0,0.2958459258079529,0.2958459258079529,0.3008956196906456,0.7694515357281161,0.7728915928396088,0.7781860828399658,52626a89a613d8a1931bd00e9eae394eb19e088e0462d1a80350e2cec1aa46e9
2,additive,8,1000,800,200,10000,10000,0.5,525,41260912,41760912,1041760912,2041260912,3041260912,0.3033123382886066,1.3907257445483538,1.3329391034674865,0.09705861756679333,1.9341180965495732,-0.12722503028183,0.12527224184644847,1.7767266535527066,2.220446049250313e-16,5.333596693191112e-07,3675,0.005,1,1,0.9368650913238525,1.0,-0.06313490867614746,0.06313490867614746,-0.7033312320709229,-1.0,0.29666876792907715,0.29666876792907715,0.29950361369404227,0.7800401342072442,0.7792621740443052,0.7903077602386475,8866bc0ef4aff24eaf2deb7ec7cb3417d21565e0f6f7267fbe2f8c870657052d
2,additive,8,1000,800,200,10000,10000,0.5,526,41260912,41760912,1041760912,2041260912,3041260912,0.30528379639158504,1.3662198220566253,1.3295686594153744,0.0997606265448728,1.866556602180437,-0.0992822043128572,0.1009828962107179,1.7677528200995956,2.220446049250313e-16,5.549803070437065e-07,3682,0.005,1,1,0.9396162033081055,1.0,-0.06038379669189453,0.06038379669189453,-0.7007476091384888,-1.0,0.29925239086151123,0.29925239086151123,0.2956090390767244,0.7893036402247191,0.7782193680996717,0.7969908118247986,09aa9b5fd4eb7ce3e90b198b022889d1a144054202503fb979c07d49ddc3da9e
2,additive,8,1000,800,200,10000,10000,0.5,527,41260912,41760912,1041760912,2041260912,3041260912,0.3072410332337404,1.3038197433120036,1.3290165337327247,0.10109843592252668,1.6999459230501788,-0.017379706018879757,0.019299586856142664,1.7662849469349462,2.220446049250313e-16,5.337899988688832e-07,3689,0.005,1,1,0.9393487572669983,1.0,-0.06065124273300171,0.06065124273300171,-0.6988049149513245,-1.0,0.30119508504867554,0.30119508504867554,0.334691237736666,0.7973708231007899,0.7795294110749796,0.8148112297058105,235d6d5a8da828fd8fd3f739212d0e8c8b67efff67514b9bb4b6b26790612cda
2,additive,8,1000,800,200,10000,10000,0.5,528,41260912,41760912,1041760912,2041260912,3041260912,0.3089626082452805,1.29574771023901,1.3600808165421923,0.10353327697990872,1.6789621285896374,0.033662210978265314,-0.037769759039024846,1.8498198275260767,0.0,5.636162949684831e-07,3696,0.005,1,1,0.9418518543243408,1.0,-0.05814814567565918,0.05814814567565918,-0.6965585947036743,-1.0,0.3034414052963257,0.3034414052963257,0.3637446149721322,0.8058666527237811,0.7897074779782545,0.8211162090301514,0ce828d2555aad482c0057c41e1c13d4fa64dc6685a4cdedd4f752f3bdaae7fe
2,additive,8,1000,800,200,10000,10000,0.5,529,41260912,41760912,1041760912,2041260912,3041260912,0.30627809965924263,1.3822278186262666,1.3026469296200374,0.0975214652315485,1.9105537425843278,-0.15559309228368287,0.15496739532272483,1.6968890232485103,-2.220446049250313e-16,5.18590955067566e-07,3703,0.005,1,1,0.9330978989601135,1.0,-0.06690210103988647,0.06690210103988647,-0.7011181116104126,-1.0,0.2988818883895874,0.2988818883895874,0.34755761060786255,0.7624732676686711,0.7725752674323688,0.7757489085197449,524e5ba2c115f24ec611402c6004571e8bd245f923e7faa16b3bd044f35bcc92
2,additive,8,1000,800,200,10000,10000,0.5,530,41260912,41760912,1041760912,2041260912,3041260912,0.30832435168807615,1.3799566766339932,1.3453974908396324,0.09901369211686514,1.9042804293867353,-0.09659985657301073,0.0964410123666777,1.810094408357579,0.0,5.467270156600534e-07,3710,0.005,1,1,0.9330501556396484,1.0,-0.06694984436035156,0.06694984436035156,-0.699032187461853,-1.0,0.300967812538147,0.300967812538147,0.341167900946222,0.7871112224638188,0.7824112995600367,0.7961167097091675,9c74f8039958abdbd7cc0cda7074a40263d63d4f6385d32a1bd8ce2e2d8b2f8d
2,additive,8,1000,800,200,10000,10000,0.5,531,41260912,41760912,1041760912,2041260912,3041260912,0.3091094897318725,1.3344683721811368,1.3410591268215621,0.0991520589447677,1.780805836351773,-0.040759156832564966,0.04336177627652209,1.7984395816314107,0.0,5.679173415984451e-07,3717,0.005,1,1,0.9320900440216064,1.0,-0.06790995597839355,0.06790995597839355,-0.6984425187110901,-1.0,0.3015574812889099,0.3015574812889099,0.33453501702543875,0.797547828371223,0.7847670824136488,0.8132883310317993,3bedcc32b3077b9051b2b47250711b2e68e80cb4fb20434d130379770045a216
2,additive,8,1000,800,200,10000,10000,0.5,532,41260912,41760912,1041760912,2041260912,3041260912,0.3084259268094829,1.3332991611445681,1.2920188732786344,0.09885441917896824,1.777686653108809,-0.10361415168979242,0.11043099798873218,1.6693127689081921,-2.220446049250313e-16,5.325171361647563e-07,3724,0.005,1,1,0.9325432181358337,1.0,-0.06745678186416626,0.06745678186416626,-0.6990413069725037,-1.0,0.30095869302749634,0.30095869302749634,0.30471051186402914,0.7765113029176177,0.768113739628345,0.788433313369751,aa2838641aa0dd5bcf76681a018b5e96b94c2cfd91ea1d80e170bc487f409f8f
2,additive,8,1000,800,200,10000,10000,0.5,533,41260912,41760912,1041760912,2041260912,3041260912,0.30928950681911804,1.3690904256894887,1.3221694236622523,0.10018143525736166,1.874408593714625,-0.11322902205230714,0.11468610738529514,1.7481319848673724,0.0,5.603402701837013e-07,3731,0.005,1,1,0.9340201616287231,1.0,-0.06597983837127686,0.06597983837127686,-0.697830080986023,-1.0,0.30216991901397705,0.30216991901397705,0.2889880250941964,0.7745692369648655,0.7756673481024036,0.7847496867179871,3782e1bb8b285f1ca9b90ab7deca14a98a0b4b5f64c7092fde0e452be15876c9
2,additive,8,1000,800,200,10000,10000,0.5,534,41260912,41760912,1041760912,2041260912,3041260912,0.31024398535832187,1.313013663186995,1.3063797030233104,0.10085085888126807,1.7240048797157317,-0.05911390506286348,0.06478748299118911,1.7066279284712724,-2.220446049250313e-16,5.364207922298192e-07,3738,0.005,1,1,0.9339244961738586,1.0,-0.06607550382614136,0.06607550382614136,-0.6968740224838257,-1.0,0.3031259775161743,0.3031259775161743,0.29374823550459683,0.7885762962375569,0.7738790312230693,0.8036661148071289,4ca7d743c09ceeb469650f37cd4c80cf5f3ed565efe31717bd498edd1c487522
2,additive,8,1000,800,200,10000,10000,0.5,535,41260912,41760912,1041760912,2041260912,3041260912,0.3088004797578307,1.3239224073022626,1.3159436597132754,0.10017528263467919,1.7527705405570182,-0.060619053826064376,0.06542992576183163,1.7317077155395688,2.220446049250313e-16,5.508439233636864e-07,3745,0.005,1,1,0.9347962141036987,1.0,-0.06520378589630127,0.06520378589630127,-0.6981619596481323,-1.0,0.3018380403518677,0.3018380403518677,0.2889492982078826,0.7900453185556597,0.7742614099114997,0.8014622926712036,da471d7cf0f948fa42c418906463db23bb4659cc1b88cadbb0dd6cc26bad9d6f
2,additive,8,1000,800,200,10000,10000,0.5,536,41260912,41760912,1041760912,2041260912,3041260912,0.30871291111397536,1.3426126809855765,1.320060108080046,0.10068242770910042,1.8026088111432774,-0.08036627495403764,0.0844497923528465,1.7425586889443028,0.0,5.420924402699256e-07,3752,0.005,1,1,0.9360377192497253,1.0,-0.06396228075027466,0.06396228075027466,-0.6979859471321106,-1.0,0.3020140528678894,0.3020140528678894,0.2804790975226744,0.784701709862578,0.776603050603213,0.7974165678024292,c7c192aa875a1192fc3a722e9312f8bfa0ccdad6fdb3e2d0354d22468680855e
2,additive,8,1000,800,200,10000,10000,0.5,537,41260912,41760912,1041760912,2041260912,3041260912,0.3076403053474286,1.3486804118278768,1.3045939204639332,0.10019758519758122,1.8189388532482116,-0.10858557056716904,0.11316086588935464,1.701965297311455,2.220446049250313e-16,5.720576190526572e-07,3759,0.005,1,1,0.9367254972457886,1.0,-0.06327450275421143,0.06327450275421143,-0.6989370584487915,-1.0,0.3010629415512085,0.3010629415512085,0.28196878090357574,0.7759489567538094,0.7724588609176198,0.7881605625152588,57fd0f0014aee4b49fcfaee7544e8096a5e57525c3812a27e1ccafcf7776f1ef
2,additive,8,1000,800,200,10000,10000,0.5,538,41260912,41760912,1041760912,2041260912,3041260912,0.31081678255063777,1.327322563602778,1.3040387365183264,0.10292026224929382,1.7617851878490502,-0.08209421187901543,0.08805059466596808,1.700517026340313,0.0,5.303584629245961e-07,3766,0.005,1,1,0.9374616742134094,1.0,-0.06253832578659058,0.06253832578659058,-0.6955397725105286,-1.0,0.30446022748947144,0.30446022748947144,0.27797806703959116,0.7851748658873363,0.7716806247148746,0.7930775284767151,e3031f7cff8d9fa63fe27c32c73d39f58ba216da4d2c735fdcfb9f51cbbb39ce
2,additive,8,1000,800,200,10000,10000,0.5,539,41260912,41760912,1041760912,2041260912,3041260912,0.3121679578384982,1.353636158014534,1.3128451542741475,0.1028173047008096,1.8323308482843481,-0.1057928769420238,0.10933827136576371,1.7235623991011104,2.220446049250313e-16,5.666936058190686e-07,3773,0.005,1,1,0.9350398778915405,1.0,-0.06496012210845947,0.06496012210845947,-0.6946657299995422,-1.0,0.30533427000045776,0.30533427000045776,0.27508895128503247,0.7757281148336176,0.7739355775820455,0.7879404425621033,f9b90c31179fc653e643b995f938fb565ca0ec81efdbca98f6843f153d0e0a53
2,additive,8,1000,800,200,10000,10000,0.5,540,41260912,41760912,1041760912,2041260912,3041260912,0.3105297893755876,1.3611377873519102,1.3139768532930287,0.1011086569455548,1.852696076157254,-0.11363478105647958,0.11632153319233478,1.7265351709898495,0.0,5.109671104008839e-07,3780,0.005,1,1,0.9340183138847351,1.0,-0.06598168611526489,0.06598168611526489,-0.6965610980987549,-1.0,0.3034389019012451,0.3034389019012451,0.28261515916558133,0.7803003979100143,0.7736291824221031,0.7932669520378113,860feaa1dc90f9c8c7e8d16f5eba5846fd5186b93a4b0440b6c3e8877e9e33aa
2,additive,8,1000,800,200,10000,10000,0.5,541,41260912,41760912,1041760912,2041260912,3041260912,0.3109131687294994,1.3590917650793548,1.3217393044551735,0.10148470374396314,1.847130425906516,-0.10081017035441703,0.10346852882385166,1.7469947889416457,4.440892098500626e-16,5.265672697873924e-07,3787,0.005,1,1,0.9342082142829895,1.0,-0.0657917857170105,0.0657917857170105,-0.6961275935173035,-1.0,0.30387240648269653,0.30387240648269653,0.27829202158148275,0.7881598619200381,0.7766387421966682,0.799782931804657,e845c76d748ea3f573aa57e3b43e9e2e7c4baaf4c4dd4b2922ea036798872289
2,additive,8,1000,800,200,10000,10000,0.5,542,41260912,41760912,1041760912,2041260912,3041260912,0.31159961541006187,1.3371766452297558,1.3172047623080942,0.10234495402210758,1.7880413805479038,-0.07767897436144419,0.0821831738210413,1.735028385847123,0.0,5.364762447612748e-07,3794,0.005,1,1,0.9349468350410461,1.0,-0.06505316495895386,0.06505316495895386,-0.6952666640281677,-1.0,0.3047333359718323,0.3047333359718323,0.2713972444693885,0.778926803744273,0.7755585836911554,0.7907187938690186,6071e9fe935dca09b619b54ebcd8636a9a2504bc2b60e4282c14ba716ab6afb9
2,additive,8,1000,800,200,10000,10000,0.5,543,41260912,41760912,1041760912,2041260912,3041260912,0.3110550194183346,1.329558591582571,1.3115374989326647,0.10029834776162516,1.7677260484510298,-0.07394689255305283,0.07917122785224562,1.7201306111065493,2.220446049250313e-16,5.476256959013881e-07,3801,0.005,1,1,0.9314364194869995,1.0,-0.06856358051300049,0.06856358051300049,-0.6965955495834351,-1.0,0.30340445041656494,0.30340445041656494,0.2739507663140412,0.7826812208201754,0.7742945053071235,0.7969975471496582,8511d8f80650b908fd6773db61e7051b32801363a572ae9c169cdfbd98757c17
2,additive,8,1000,800,200,10000,10000,0.5,544,41260912,41760912,1041760912,2041260912,3041260912,0.3119905747745629,1.3419681651736453,1.3369463867276874,0.09932918154320862,1.8008785563395198,-0.05639104844925469,0.05935250901786915,1.7874256409842193,2.220446049250313e-16,5.282397239625425e-07,3808,0.005,1,1,0.9278857111930847,1.0,-0.07211428880691528,0.07211428880691528,-0.6964581608772278,-1.0,0.3035418391227722,0.3035418391227722,0.2773001202469134,0.7842833512363776,0.7794333270160898,0.7963066101074219,ab7654ee766b9ee4bbd1aa5aadea9f77c45f695d060559c961743294f20c2624
2,additive,8,1000,800,200,10000,10000,0.5,545,41260912,41760912,1041760912,2041260912,3041260912,0.3135885925897769,1.337587994544574,1.3337165184344644,0.09919049295013997,1.7891416431497758,-0.05476619227748342,0.05800483000897849,1.778799751544949,2.220446049250313e-16,5.56977665766567e-07,3815,0.005,1,1,0.9250776767730713,1.0,-0.07492232322692871,0.07492232322692871,-0.6954931020736694,-1.0,0.30450689792633057,0.30450689792633057,0.28871682422061085,0.7851214179663906,0.7802755566687026,0.7994134426116943,73ed42e5d8fb50022eda9de5b4d2f87f5549435db8aca389c234742bebaaf5df
2,additive,8,1000,800,200,10000,10000,0.5,546,41260912,41760912,1041760912,2041260912,3041260912,0.3150411745732695,1.3461917076294752,1.3428222124841556,0.0986962225900136,1.812232113690362,-0.05387842096976641,0.056389787044176465,1.8031714943408428,-2.220446049250313e-16,5.633972790519692e-07,3822,0.005,1,1,0.921778678894043,1.0,-0.07822132110595703,0.07822132110595703,-0.6948240399360657,-1.0,0.3051759600639343,0.3051759600639343,0.2892711139736942,0.7796473465976801,0.7817954059612008,0.7895302772521973,993386cb740a681bb34515152e18b26b9cc5fd3b998420b5ae0d56ab2f03ecbd
2,additive,8,1000,800,200,10000,10000,0.5,547,41260912,41760912,1041760912,2041260912,3041260912,0.3173102908090353,1.309157523836136,1.3319918667649626,0.10074314660925954,1.7138934222167628,-0.020217117849006153,0.02228227756049863,1.77420233312801,-2.220446049250313e-16,5.714142830015589e-07,3829,0.005,1,1,0.9224976301193237,1.0,-0.07750236988067627,0.07750236988067627,-0.6923001408576965,-1.0,0.30769985914230347,0.30769985914230347,0.3170306874454206,0.7884068148669356,0.7814862517185446,0.8002886176109314,1b08f4c31e301284715e539476df6ffb538b060cd9db40096715f5ab12608f1a
2,additive,8,1000,800,200,10000,10000,0.5,548,41260912,41760912,1041760912,2041260912,3041260912,0.31780737399636194,1.337571778338175,1.319917241283961,0.10086679601982161,1.7890982622067484,-0.07389176719395397,0.07819379186119936,1.7421815238386622,2.220446049250313e-16,5.401986022945948e-07,3836,0.005,1,1,0.9219790101051331,1.0,-0.07802098989486694,0.07802098989486694,-0.6919184327125549,-1.0,0.30808156728744507,0.30808156728744507,0.28099166587172497,0.7830729605816316,0.7748805782531419,0.7969434261322021,c463cc1b1a9bf802b7df5dbe0b27b1e5ce46589c26b161b98f3baf3e96f07f20
2,additive,8,1000,800,200,10000,10000,0.5,549,41260912,41760912,1041760912,2041260912,3041260912,0.31986427438591775,1.3504100966785988,1.33249256618499,0.10192413560925548,1.8236074292115023,-0.07499756294124896,0.07789803533886007,1.7755364389382602,2.220446049250313e-16,5.21868825487104e-07,3843,0.005,1,1,0.9209559559822083,1.0,-0.07904404401779175,0.07904404401779175,-0.6900561451911926,-1.0,0.3099438548088074,0.3099438548088074,0.27978012098598376,0.7762049301499343,0.779500158734743,0.7868403196334839,77eeb8f006d588b6b2be2fae39633bd18f91be24f08e73610c576f10a8af02e5
2,additive,8,1000,800,200,10000,10000,0.5,550,41260912,41760912,1041760912,2041260912,3041260912,0.3240026435575436,1.3445288682062477,1.3369660163164978,0.10394508519469849,1.8077578774399736,-0.062112416924733224,0.06498124252434184,1.7874781287852057,0.0,5.401469156396388e-07,3850,0.005,1,1,0.9186519980430603,1.0,-0.0813480019569397,0.0813480019569397,-0.6863756775856018,-1.0,0.3136243224143982,0.3136243224143982,0.2775452398668385,0.7733027024420513,0.7807625550445909,0.7831469774246216,1e4219a78b6debca64b672e29884119e78e5d2d7b36ade88e36a28ff7d6ddeaa
2,additive,8,1000,800,200,10000,10000,0.5,551,41260912,41760912,1041760912,2041260912,3041260912,0.3233831754817938,1.3645139872584697,1.3306424140006632,0.10419595393167375,1.8618984214240073,-0.09774257070908443,0.09942815760449147,1.7706092339375121,0.0,5.293425058283674e-07,3857,0.005,1,1,0.9201206564903259,1.0,-0.07987934350967407,0.07987934350967407,-0.6866376399993896,-1.0,0.31336236000061035,0.31336236000061035,0.2766109932588968,0.785744631266355,0.7784320421459086,0.7949809432029724,99721c5008eb14ab380d8978ab6e598b407279515f48d5d75a43dfbd6d7c0fc9
2,additive,8,1000,800,200,10000,10000,0.5,552,41260912,41760912,1041760912,2041260912,3041260912,0.3233127967661335,1.3900980103504461,1.3535837987903288,0.10525692445756649,1.932372478380269,-0.10272015124508913,0.10082319297319652,1.832189100347657,-2.220446049250313e-16,5.589485425616658e-07,3864,0.005,1,1,0.9223865270614624,1.0,-0.0776134729385376,0.0776134729385376,-0.6861412525177002,-1.0,0.3138587474822998,0.3138587474822998,0.27621524267276937,0.7748353304865435,0.7826494677135432,0.7836967706680298,741963ce28913a16a3440cb45f16d43a8681e5d0a68dd8f167692767fef4d269
2,additive,8,1000,800,200,10000,10000,0.5,553,41260912,41760912,1041760912,2041260912,3041260912,0.3235785163475947,1.393385527777763,1.3359246451902635,0.10421282096162515,1.9415232290205149,-0.13052069617770407,0.12760267501649938,1.7846946576267313,-4.440892098500626e-16,5.389843007463924e-07,3871,0.005,1,1,0.9198513627052307,1.0,-0.08014863729476929,0.08014863729476929,-0.6865047812461853,-1.0,0.3134952187538147,0.3134952187538147,0.29580825133566646,0.7871494609845152,0.7795773797092577,0.7954984903335571,2074f91c07c7449e019366abeacc9766925f0d8322b7bb441b51aa638b074a31
2,additive,8,1000,800,200,10000,10000,0.5,554,41260912,41760912,1041760912,2041260912,3041260912,0.3257831062834974,1.3263434297570047,1.3164907540426758,0.10502773754906239,1.7591868936595747,-0.06553336286439196,0.07030667152516053,1.7331479054798533,0.0,5.442578991932123e-07,3878,0.005,1,1,0.918078601360321,1.0,-0.08192139863967896,0.08192139863967896,-0.6846850514411926,-1.0,0.3153149485588074,0.3153149485588074,0.285596706374265,0.7927237115467238,0.7747466099424931,0.8059906959533691,cde05e002b49cd0070a80c016db15b9c4b401bc4ea66feeeef37a597d7e823e6
2,additive,8,1000,800,200,10000,10000,0.5,555,41260912,41760912,1041760912,2041260912,3041260912,0.32468770253799284,1.3911178789082779,1.34242752951271,0.10272080022162033,1.9352089530182661,-0.11790904062314425,0.11571452886017615,1.8021116719935977,-4.440892098500626e-16,5.221983183645307e-07,3885,0.005,1,1,0.9151318669319153,1.0,-0.08486813306808472,0.08486813306808472,-0.6866000890731812,-1.0,0.31339991092681885,0.31339991092681885,0.28445188562629947,0.7877662809254499,0.7820925559358529,0.8033062219619751,fc23342c5f006b52c793650cfb56fb9d1f285cbf38afc611fc7ce36686fea5d8
2,additive,8,1000,800,200,10000,10000,0.5,556,41260912,41760912,1041760912,2041260912,3041260912,0.32580077983742456,1.4134539169299696,1.3607752176709,0.10351583097852224,1.9978519752846733,-0.12482930661795529,0.1188076701716829,1.851709193027285,2.220446049250313e-16,5.443666477589204e-07,3892,0.005,1,1,0.9150200486183167,1.0,-0.08497995138168335,0.08497995138168335,-0.6854772567749023,-1.0,0.31452274322509766,0.31452274322509766,0.2837453106421836,0.7873130527595091,0.7866972940764804,0.7985818386077881,aab713fd5cdcc8c62e801f73da2116a3577c5b0dab842f06e62f6f8fb031edab
2,additive,8,1000,800,200,10000,10000,0.5,557,41260912,41760912,1041760912,2041260912,3041260912,0.32808814811263,1.377367936952983,1.3548113536091757,0.10634679126554836,1.8971424337461162,-0.08398771057166902,0.08384143974737877,1.8355138038683267,2.220446049250313e-16,5.445067507992007e-07,3899,0.005,1,1,0.9171550273895264,1.0,-0.08284497261047363,0.08284497261047363,-0.6825436353683472,-1.0,0.31745636463165283,0.31745636463165283,0.27603011582390446,0.7870735508867398,0.7840825468491261,0.7978717088699341,ecfbc1853c6011ff1748e95f68b6a4cbdc309196a85dc1cc2145f2f355dde37a
2,additive,8,1000,800,200,10000,10000,0.5,558,41260912,41760912,1041760912,2041260912,3041260912,0.3269282673121094,1.3862265746410203,1.3522218207399295,0.1051712153382366,1.9216241162409762,-0.09914573954700152,0.09783497919323743,1.8285038524852097,0.0,5.343669364776815e-07,3906,0.005,1,1,0.9165979027748108,1.0,-0.08340209722518921,0.08340209722518921,-0.6838889718055725,-1.0,0.3161110281944275,0.3161110281944275,0.27879117164613304,0.7858837471526481,0.7823920477143074,0.7995713949203491,272dfb243965ccc32431b43ab0148dcc702d0d5d894091f2d308beb1a4d4bcd8
2,additive,8,1000,800,200,10000,10000,0.5,559,41260912,41760912,1041760912,2041260912,3041260912,0.32515864258293586,1.3584258363699264,1.3583796809203217,0.10460374083172073,1.845320752917334,-0.052364568105930195,0.053709329026633834,1.8451953575371947,2.220446049250313e-16,5.321643854472313e-07,3913,0.005,1,1,0.9181918501853943,1.0,-0.08180814981460571,0.08180814981460571,-0.6853008270263672,-1.0,0.3146991729736328,0.3146991729736328,0.27904264184484506,0.7909233493990518,0.7840946000152133,0.8059334754943848,d4410e0908136ae1bc4f3f056687e4c0b57fa64c1512aa33553467bda9676409
2,additive,8,1000,800,200,10000,10000,0.5,560,41260912,41760912,1041760912,2041260912,3041260912,0.32215331590908547,1.3569606826091756,1.359101722779587,0.10326109018982195,1.8413422941471596,-0.048722945737270186,0.0501109338075974,1.8471574928624415,4.440892098500626e-16,5.231841644359747e-07,3920,0.005,1,1,0.9201316237449646,1.0,-0.0798683762550354,0.0798683762550354,-0.6879041790962219,-1.0,0.3120958209037781,0.3120958209037781,0.29246739870372757,0.795593779206653,0.7871473404305487,0.8076257109642029,ddb8a062a44554342dcc522f9000a980988035840ce9737410bf9bc7ee004967
2,additive,8,1000,800,200,10000,10000,0.5,561,41260912,41760912,1041760912,2041260912,3041260912,0.32183766666133357,1.3655108963856328,1.3987048652816956,0.10324736690199839,1.8646200081478943,-0.005746037443603072,0.0058398624993286335,1.956375300162686,-6.661338147750939e-16,5.508387186381469e-07,3927,0.005,1,1,0.9205940961837769,1.0,-0.07940590381622314,0.07940590381622314,-0.6881119012832642,-1.0,0.31188809871673584,0.31188809871673584,0.32333735235797945,0.8110439063336164,0.8001402529318627,0.8288123607635498,b60a091f0d207ac30ce1c70544ff765f3c20e1c671b899909d2608d6bcbb0851
2,additive,8,1000,800,200,10000,10000,0.5,562,41260912,41760912,1041760912,2041260912,3041260912,0.31805407616045367,1.3709564552415776,1.3735781831470641,0.10168571252267823,1.879521602168552,-0.04724514473682013,0.04769328720571906,1.88671702521759,2.220446049250313e-16,5.572525569874642e-07,3934,0.005,1,1,0.9232867956161499,1.0,-0.0767132043838501,0.0767132043838501,-0.6913359761238098,-1.0,0.3086640238761902,0.3086640238761902,0.30888215342482916,0.8069387676147468,0.7872313642040976,0.8238788843154907,ed4ab20b29057dd21e769d4ccc1bbba7ccad39eb495bf4d00ddbbfb6f6e18dcb
2,additive,8,1000,800,200,10000,10000,0.5,563,41260912,41760912,1041760912,2041260912,3041260912,0.3167240207590277,1.3595631360173785,1.3697724222024177,0.10181935947743324,1.8484119208174088,-0.036977395834281765,0.03792103655387109,1.8762764886262784,-2.220446049250313e-16,5.657775403733467e-07,3941,0.005,1,1,0.9256513118743896,1.0,-0.07434868812561035,0.07434868812561035,-0.6921260356903076,-1.0,0.3078739643096924,0.3078739643096924,0.29322897511753365,0.7908177760728696,0.7892187379520393,0.802592396736145,3e68050cc8fe99a9caa8ebaf6922f8b4e9c6af790e4e6370db6c2ae97da47580
2,additive,8,1000,800,200,10000,10000,0.5,564,41260912,41760912,1041760912,2041260912,3041260912,0.3171607715029743,1.3678553496409647,1.3774617759364858,0.1012939760936909,1.8710282575414057,-0.037460644734499865,0.03798633316165368,1.8974009441660973,4.440892098500626e-16,5.687621609240523e-07,3948,0.005,1,1,0.9238729476928711,1.0,-0.0761270523071289,0.0761270523071289,-0.6921110153198242,-1.0,0.3078889846801758,0.3078889846801758,0.30137418088619206,0.8024427374581546,0.7936137743752946,0.815650999546051,0a5f32821e1c73c34fee48c93d5da98bfe2ec743d64333f2560414b90cb86d42
2,additive,8,1000,800,200,10000,10000,0.5,565,41260912,41760912,1041760912,2041260912,3041260912,0.31624243395868207,1.3457726555061382,1.3408456213625382,0.10015381831745464,1.8111040403080427,-0.056695439149203025,0.0593278807392072,1.797866980327091,-2.220446049250313e-16,5.537932121768563e-07,3955,0.005,1,1,0.9229404330253601,1.0,-0.07705956697463989,0.07705956697463989,-0.6932898759841919,-1.0,0.3067101240158081,0.3067101240158081,0.28502719233463775,0.7946895714244724,0.7790977705552601,0.8069949746131897,9db2d318f5c7c27a9b9a1772d6a764138df23abac4fb131b633efd1145c9178c
2,additive,8,1000,800,200,10000,10000,0.5,566,41260912,41760912,1041760912,2041260912,3041260912,0.31878123302070527,1.3502769801729149,1.3648080351143492,0.10205005599850417,1.8232479231848862,-0.031298503235349766,0.03251289262623642,1.8627009727126904,-4.440892098500626e-16,5.676262979648072e-07,3962,0.005,1,1,0.9229027032852173,1.0,-0.07709729671478271,0.07709729671478271,-0.6906822323799133,-1.0,0.30931776762008667,0.30931776762008667,0.2940993977295488,0.7959317287926629,0.787599438956896,0.811305820941925,fffa04442bd5c4a691d864a5aaca23cd0bbf505dda75b3a3241fea1108571dae
2,additive,8,1000,800,200,10000,10000,0.5,567,41260912,41760912,1041760912,2041260912,3041260912,0.31980947601738974,1.4062183173919962,1.3816212298257151,0.10211510249168226,1.9774499561687768,-0.08534391797766876,0.08207862276032142,1.9088772227051214,-4.440892098500626e-16,5.62036884588224e-07,3969,0.005,1,1,0.9214329719543457,1.0,-0.0785670280456543,0.0785670280456543,-0.6899914145469666,-1.0,0.31000858545303345,0.31000858545303345,0.27731271031596877,0.7848190011771092,0.7902371496202436,0.7981564402580261,f8824c3a5d17eb0fce8a69d986de33ae06836a19044af5d009ab9d21a7be6959
2,additive,8,1000,800,200,10000,10000,0.5,568,41260912,41760912,1041760912,2041260912,3041260912,0.32280246523522116,1.350705460911081,1.347092348898991,0.10376570829710886,1.8244052421350152,-0.05675657698496168,0.05887089728453995,1.8146577964622008,2.220446049250313e-16,5.694668452349561e-07,3976,0.005,1,1,0.920149564743042,1.0,-0.07985043525695801,0.07985043525695801,-0.687229573726654,-1.0,0.31277042627334595,0.31277042627334595,0.3019462611401513,0.8013583511085597,0.7823617700857656,0.8176401853561401,da565fc4766cfacbd45070f32d875790f685233936c906b17fd08ee90ee4f6e8
2,additive,8,1000,800,200,10000,10000,0.5,569,41260912,41760912,1041760912,2041260912,3041260912,0.32566942882273503,1.3573466378948251,1.3512150093015949,0.10885269721098212,1.8423898954043856,-0.06273029562672924,0.0642977924571112,1.825782001361909,0.0,5.511100464872243e-07,3983,0.005,1,1,0.9259895086288452,1.0,-0.07401049137115479,0.07401049137115479,-0.6828517317771912,-1.0,0.31714826822280884,0.31714826822280884,0.29299808110940456,0.7931769119941663,0.7821416881954955,0.8051280975341797,b604bab2fe6f641068f81600182483c0a781dd7e150b6610f2ac111102e04c9d
2,additive,8,1000,800,200,10000,10000,0.5,570,41260912,41760912,1041760912,2041260912,3041260912,0.32795474401676133,1.4526366334142984,1.4078922233759354,0.11085473702736076,2.1101531887372267,-0.11942370656107616,0.10754009940776259,1.982160512642435,0.0,5.524418043023616e-07,3990,0.005,1,1,0.9264184832572937,1.0,-0.0735815167427063,0.0735815167427063,-0.680406391620636,-1.0,0.319593608379364,0.319593608379364,0.29092269313559305,0.7913296156610053,0.7956719066468091,0.8030657768249512,84aeebdbe5b306373f84d40f0b2138aa654de6bc3fa89800f60cd07f1d14af06
2,additive,8,1000,800,200,10000,10000,0.5,571,41260912,41760912,1041760912,2041260912,3041260912,0.32760788791543677,1.382292780777052,1.3448713959404648,0.1100081867887225,1.910733331788355,-0.10603122347911148,0.10494288606864897,1.8086790716188546,0.0,5.279972459248938e-07,3997,0.005,1,1,0.9252573847770691,1.0,-0.07474261522293091,0.07474261522293091,-0.6810321807861328,-1.0,0.3189678192138672,0.3189678192138672,0.2782441118151909,0.7767281856431343,0.7816520625938245,0.7899332642555237,905d934471152fffa220f7c19c69ee14b731a9df3eba0300ecfe14fd0917c371
2,additive,8,1000,800,200,10000,10000,0.5,572,41260912,41760912,1041760912,2041260912,3041260912,0.328394930496032,1.3584402414498156,1.3478646267316523,0.1125350253369749,1.845359889590233,-0.07057793146637592,0.07209572988650408,1.8167390519944566,6.661338147750939e-16,5.554035666932577e-07,4004,0.005,1,1,0.9291204214096069,1.0,-0.07087957859039307,0.07087957859039307,-0.6793454885482788,-1.0,0.3206545114517212,0.3206545114517212,0.27358152498298915,0.7811154735324621,0.7801292526699797,0.7930780649185181,3004259c7bcebe8071c007e4409de6417b89658be06f2fdbc22cafe5c3fbca2e
2,additive,8,1000,800,200,10000,10000,0.5,573,41260912,41760912,1041760912,2041260912,3041260912,0.3268012273282021,1.4174471462666898,1.382940811065548,0.11228854852526562,2.0091564124595824,-0.10445983703710644,0.09847989361799193,1.9125252869106357,6.661338147750939e-16,5.300448560063842e-07,4011,0.005,1,1,0.9311875700950623,1.0,-0.06881242990493774,0.06881242990493774,-0.6805256009101868,-1.0,0.31947439908981323,0.31947439908981323,0.28123548031197393,0.777479269998653,0.7873730093007536,0.7864811420440674,61d5866760a17e3916c8390930c350a4b10d8f6e6dd26bdeb9dce95ee8d03b55
2,additive,8,1000,800,200,10000,10000,0.5,574,41260912,41760912,1041760912,2041260912,3041260912,0.32437999063799644,1.3834692145314906,1.3497896680892332,0.11291015719094152,1.9139870675563797,-0.10248253833343943,0.10112257995342136,1.8219321480804425,2.220446049250313e-16,5.130094482552749e-07,4018,0.005,1,1,0.9364185929298401,1.0,-0.06358140707015991,0.06358140707015991,-0.6819123029708862,-1.0,0.31808769702911377,0.31808769702911377,0.2936065777507505,0.7820089076459104,0.7835138771780641,0.7966787815093994,dabd4892bbf4c65709379988fcf03392353398a679d02912ed492e4c4ea4d539
2,additive,8,1000,800,200,10000,10000,0.5,575,41260912,41760912,1041760912,2041260912,3041260912,0.32508652318141457,1.3524477898080438,1.385668881017634,0.1141410563329252,1.8291150241566625,-0.011588916334462521,0.011927317712591732,1.9200782478206624,-2.220446049250313e-16,5.586017710612623e-07,4025,0.005,1,1,0.9378157258033752,1.0,-0.062184274196624756,0.062184274196624756,-0.6809163689613342,-1.0,0.31908363103866577,0.31908363103866577,0.327137197639171,0.7769247249026509,0.7926418322128155,0.789440393447876,2189b558e44a4e07049f59d647608025a0fbdf3ea69c1ac58863e2b88b44b189
2,additive,8,1000,800,200,10000,10000,0.5,576,41260912,41760912,1041760912,2041260912,3041260912,0.32473442662709573,1.3476359806437523,1.3459479855559942,0.11248037533696031,1.816122736325648,-0.05851356592018481,0.06067973816524799,1.8115759798222386,-2.220446049250313e-16,5.686315969199995e-07,4032,0.005,1,1,0.9349446296691895,1.0,-0.06505537033081055,0.06505537033081055,-0.6818487048149109,-1.0,0.3181512951850891,0.3181512951850891,0.2813434009998838,0.7789031103051743,0.7814731672010885,0.7929967045783997,cf57437ba664e10dc52a4f33f1c48e286c5dce7e905820b155b9a75ce245f50d
2,additive,8,1000,800,200,10000,10000,0.5,577,41260912,41760912,1041760912,2041260912,3041260912,0.3248094477448024,1.401028149789044,1.3722509355365005,0.11057913290928545,1.9628798765013118,-0.0951931896648982,0.09182066221985057,1.8830726300808005,-4.440892098500626e-16,5.69798901395302e-07,4039,0.005,1,1,0.9308972358703613,1.0,-0.06910276412963867,0.06910276412963867,-0.6826264262199402,-1.0,0.3173735737800598,0.3173735737800598,0.267121448548338,0.7724453624193088,0.7862702008764292,0.7841392755508423,351c6a689e2b2a154ac32143f26b651b5b136350c6df8f82bcd4670c0b12a65c
2,additive,8,1000,800,200,10000,10000,0.5,578,41260912,41760912,1041760912,2041260912,3041260912,0.32490091835757423,1.4313092179397089,1.3913489585637993,0.10962793737379757,2.048646077359181,-0.11121104511820486,0.10305553823012958,1.9358519244965686,0.0,5.373836255984088e-07,4046,0.005,1,1,0.9287976622581482,1.0,-0.0712023377418518,0.0712023377418518,-0.6829971075057983,-1.0,0.31700289249420166,0.31700289249420166,0.28127691894914997,0.7922338964111256,0.7919267224849438,0.805252194404602,c60b8aaaf77d02f69fab9e3b043ffcef41f9ce4af6316b8ca04f08be78fe4a76
2,additive,8,1000,800,200,10000,10000,0.5,579,41260912,41760912,1041760912,2041260912,3041260912,0.3261961141712856,1.4102495359912839,1.3818479333788225,0.10893564935451773,1.9888037537636316,-0.0941178460674135,0.08973263878965482,1.9095037109833226,2.220446049250313e-16,5.586459899120655e-07,4053,0.005,1,1,0.9253227710723877,1.0,-0.0746772289276123,0.0746772289276123,-0.682466983795166,-1.0,0.317533016204834,0.317533016204834,0.2682813113829359,0.7837232056869264,0.788268610687069,0.7958210706710815,4ca20d41daa706c1402b79e876467dc9a93cb7ff84c2eb4546ea0ccc6b4346ee
2,additive,8,1000,800,200,10000,10000,0.5,580,41260912,41760912,1041760912,2041260912,3041260912,0.3270072660025348,1.3808878127513322,1.377217520803833,0.108318512846274,1.9068511514051585,-0.05922078232118815,0.058774983934850644,1.8967280996090565,4.440892098500626e-16,5.599604087080934e-07,4060,0.005,1,1,0.9227938652038574,1.0,-0.07720613479614258,0.07720613479614258,-0.6822375655174255,-1.0,0.31776243448257446,0.31776243448257446,0.2985807273477794,0.7838020354289774,0.7889059185040089,0.7985150814056396,fa59fa2f46ec4b71384973b7ea24bd601f00d41153ac6a9a76e80c3debcb5c88
2,additive,8,1000,800,200,10000,10000,0.5,581,41260912,41760912,1041760912,2041260912,3041260912,0.3279480291894056,1.3978013796636144,1.3848780794465914,0.10897496545431022,1.9538486969895041,-0.07246818375606784,0.07026115229860727,1.9178872949316792,6.661338147750939e-16,5.632332342742075e-07,4067,0.005,1,1,0.9226367473602295,1.0,-0.07736325263977051,0.07736325263977051,-0.6813076138496399,-1.0,0.3186923861503601,0.3186923861503601,0.27756084961433514,0.7784119566795406,0.788098365347148,0.7913313508033752,9e1b99876d2cb63958f903e807ccf1252ec6ddb868dde8cce272b0d3f858cf54
2,additive,8,1000,800,200,10000,10000,0.5,582,41260912,41760912,1041760912,2041260912,3041260912,0.3291636753276444,1.412871178983316,1.3733638586524273,0.1093138990226465,1.996204968401705,-0.10969528958583337,0.1041978690222063,1.8861282882526844,-2.220446049250313e-16,5.182735502984315e-07,4074,0.005,1,1,0.9214078783988953,1.0,-0.07859212160110474,0.07859212160110474,-0.6803564429283142,-1.0,0.3196435570716858,0.3196435570716858,0.2708106644546334,0.7849662266303388,0.7865270466523521,0.7982848882675171,d93efd1ed21f77f16f125a42f012b19797203ce44c16bdfdb1ea56fc0a411cd9
2,additive,8,1000,800,200,10000,10000,0.5,583,41260912,41760912,1041760912,2041260912,3041260912,0.330418187547392,1.4124201329804342,1.3830551475044401,0.1101214319983638,1.9949306320484672,-0.09610526150415125,0.09130915395925636,1.9128415410385284,-2.220446049250313e-16,5.248831200788118e-07,4081,0.005,1,1,0.921053946018219,1.0,-0.078946053981781,0.078946053981781,-0.6791515946388245,-1.0,0.32084840536117554,0.32084840536117554,0.2688545360692999,0.7841503393291538,0.7886241199015656,0.7958289384841919,371a5d58f09d77f30089236bf868183af1e39a50b118d0f81b8d595b32de5154
2,additive,8,1000,800,200,10000,10000,0.5,584,41260912,41760912,1041760912,2041260912,3041260912,0.33056101851762265,1.4473859424501223,1.392288514074069,0.11062178569939943,2.0949260664022287,-0.13354027283952463,0.12109487691439244,1.938467306422579,2.220446049250313e-16,5.406636010008015e-07,4088,0.005,1,1,0.921827495098114,1.0,-0.07817250490188599,0.07817250490188599,-0.6788152456283569,-1.0,0.32118475437164307,0.32118475437164307,0.2876914133176036,0.7820865553910474,0.7899172658721176,0.7952491044998169,39b4057957bcd9df58b2e611632cbe786d65655c4095e36f3bd1b7664e217194
2,additive,8,1000,800,200,10000,10000,0.5,585,41260912,41760912,1041760912,2041260912,3041260912,0.3325443213321447,1.4238277097404306,1.388018724390365,0.11342108004062575,2.0272853470246797,-0.10705522390352491,0.10001859437614426,1.9265959792582559,2.220446049250313e-16,5.563734912783502e-07,4095,0.005,1,1,0.9242759346961975,1.0,-0.07572406530380249,0.07572406530380249,-0.676192045211792,-1.0,0.323807954788208,0.323807954788208,0.27575607524979534,0.7814180198973958,0.7914240894546302,0.7954027652740479,28097eaa2804fa586e4a2f4f4f92dbbcdf8f7a7b80691675b9ef898b75f87565
2,additive,8,1000,800,200,10000,10000,0.5,586,41260912,41760912,1041760912,2041260912,3041260912,0.33502515962257295,1.4246385043421688,1.4027429388215322,0.11542212455189133,2.029594868054292,-0.08866462009625728,0.08267031953768374,1.9676877524136687,2.220446049250313e-16,5.529533861903246e-07,4102,0.005,1,1,0.9243093729019165,1.0,-0.0756906270980835,0.0756906270980835,-0.6736370325088501,-1.0,0.3263629674911499,0.3263629674911499,0.27622399544692744,0.7876243381165108,0.7944244383573976,0.7996060848236084,ee11296d1188fe14ff744dcd3c7d9c23a75df32e569ae82a287dfb4a03a77f85
2,additive,8,1000,800,200,10000,10000,0.5,587,41260912,41760912,1041760912,2041260912,3041260912,0.3364649051909304,1.4160325385076393,1.3896846748141485,0.11621902008072907,2.0051481501123893,-0.09507183738990622,0.08963260931510632,1.9312234954133058,-2.220446049250313e-16,5.458817149417428e-07,4109,0.005,1,1,0.9235954284667969,1.0,-0.07640457153320312,0.07640457153320312,-0.6723248958587646,-1.0,0.32767510414123535,0.32767510414123535,0.2695964776298406,0.7997697718086911,0.7915330416799369,0.8121519088745117,4b04f33c04c186f4c2a3cb37dd5efe69543d7bc85a301753d515197c80e9540a
2,additive,8,1000,800,200,10000,10000,0.5,588,41260912,41760912,1041760912,2041260912,3041260912,0.3360870768362645,1.3963769131793262,1.3739255172994853,0.11520901809290733,1.9498684836602238,-0.08870308733323633,0.08590775625411884,1.887671327086658,-4.440892098500626e-16,5.699869287667525e-07,4116,0.005,1,1,0.9222058057785034,1.0,-0.07779419422149658,0.07779419422149658,-0.6730403900146484,-1.0,0.32695960998535156,0.32695960998535156,0.274816462071865,0.7896801332731022,0.7888455670808449,0.8038957118988037,3479e971a2f66a58ca00121c87596d8d4fb707a0b7c1ac3ebf8fa2fa133324f6
2,additive,8,1000,800,200,10000,10000,0.5,589,41260912,41760912,1041760912,2041260912,3041260912,0.3378911019802431,1.374915580573275,1.3645138340031797,0.1169415021984114,1.8903928537031454,-0.07271817635774995,0.07245248021980866,1.861898003186057,0.0,5.382114203200672e-07,4123,0.005,1,1,0.922752320766449,1.0,-0.07724767923355103,0.07724767923355103,-0.6710574626922607,-1.0,0.32894253730773926,0.32894253730773926,0.2687547706512266,0.7912642393446626,0.7850451255962956,0.8054565787315369,de2df61c6d080d41c7cdf764da61afa90e7138d73a2a5ccbfeabfa2ad46605c0
2,additive,8,1000,800,200,10000,10000,0.5,590,41260912,41760912,1041760912,2041260912,3041260912,0.336840131756083,1.4267823141738363,1.405009279916755,0.11580393108312996,2.0357077720392476,-0.08873031323508933,0.08248183182672873,1.9740510766521984,-4.440892098500626e-16,5.621807197542239e-07,4130,0.005,1,1,0.9221847057342529,1.0,-0.07781529426574707,0.07781529426574707,-0.6722713708877563,-1.0,0.32772862911224365,0.32772862911224365,0.2691476101761397,0.8003185251129787,0.7946458967065027,0.8174329996109009,65dcc34e99d5c88ea3d437f599f459f1b7d34111e793f0365282c09ce43dc1c8
2,additive,8,1000,800,200,10000,10000,0.5,591,41260912,41760912,1041760912,2041260912,3041260912,0.33270308315002384,1.4370887994942116,1.3953273823415433,0.11331522726890293,2.0652242176317146,-0.11580047049425707,0.10631018939346289,1.9469385039121037,2.220446049250313e-16,5.583485176430258e-07,4137,0.005,1,1,0.9238134622573853,1.0,-0.07618653774261475,0.07618653774261475,-0.6761374473571777,-1.0,0.32386255264282227,0.32386255264282227,0.27978421453792346,0.7756666809837918,0.7924922457230494,0.7925875186920166,5b6c8b09cf31aa7496b1a14fb8d70921634fda05c281c509d6874fa097e6d162
2,additive,8,1000,800,200,10000,10000,0.5,592,41260912,41760912,1041760912,2041260912,3041260912,0.3324221821194453,1.4177679748721688,1.4087419155348664,0.11456358595619955,2.0100660305731304,-0.0700379159722429,0.06592952995416936,1.9845537845848444,2.220446049250313e-16,5.236757232296441e-07,4144,0.005,1,1,0.9267515540122986,1.0,-0.07324844598770142,0.07324844598770142,-0.6757482886314392,-1.0,0.3242517113685608,0.3242517113685608,0.27944284740780195,0.79651264108763,0.7978328828565966,0.8083670139312744,3b6df10fedb1cd29fabf813aef8ba1584b5fa927fd52acdb95abf7ac4fa21c93
2,additive,8,1000,800,200,10000,10000,0.5,593,41260912,41760912,1041760912,2041260912,3041260912,0.3315763683171796,1.4374967171487332,1.4025458351342457,0.11525419532691637,2.066396811813385,-0.10725809374394168,0.09832745328459765,1.9671348196524188,8.881784197001252e-16,5.630803059375467e-07,4151,0.005,1,1,0.9294970035552979,1.0,-0.07050299644470215,0.07050299644470215,-0.6760058403015137,-1.0,0.32399415969848633,0.32399415969848633,0.27170223958809975,0.7918056123687213,0.7941594251956218,0.8016430735588074,138dde78efabfdfaacd354e67c6924c316170b66af8154b304430724ad6d891b
2,additive,8,1000,800,200,10000,10000,0.5,594,41260912,41760912,1041760912,2041260912,3041260912,0.3322884044288702,1.4254104938430445,1.3907264984617158,0.11665472003969894,2.0317950759578722,-0.10716480123699303,0.09976011674709309,1.9341201935235848,-4.440892098500626e-16,5.647651164508716e-07,4158,0.005,1,1,0.9311681985855103,1.0,-0.06883180141448975,0.06883180141448975,-0.6749188303947449,-1.0,0.3250811696052551,0.3250811696052551,0.26669123484486745,0.7858568433990426,0.7915843275667441,0.7975105047225952,0d5e30321b19620bead01820f18633ac8d24253a97c8adacc2c12729c247c533
2,additive,8,1000,800,200,10000,10000,0.5,595,41260912,41760912,1041760912,2041260912,3041260912,0.33558535861282957,1.4133044190570858,1.4063742212488206,0.12101456558296522,1.9974293809262869,-0.0702777481580127,0.0663484613542082,1.9778884501932268,2.220446049250313e-16,5.124152497870682e-07,4165,0.005,1,1,0.9345621466636658,1.0,-0.06543785333633423,0.06543785333633423,-0.6708565354347229,-1.0,0.3291434645652771,0.3291434645652771,0.2719424147202065,0.7919726087660596,0.7968288483113324,0.8030860424041748,a03b2d32727ad1f1f43e90e8462b4bfb4473aafda2db86e78cc3ae79f3f611d2
2,additive,8,1000,800,200,10000,10000,0.5,596,41260912,41760912,1041760912,2041260912,3041260912,0.3366761529407695,1.4553715844017194,1.4033854589047556,0.11934090625614395,2.1181064486839714,-0.13397830433740188,0.11975996131626325,1.9694907462653115,-2.220446049250313e-16,5.534770615156503e-07,4172,0.005,1,1,0.9294338226318359,1.0,-0.07056617736816406,0.07056617736816406,-0.670802116394043,-1.0,0.32919788360595703,0.32919788360595703,0.27691586115623346,0.7941136551251975,0.7952357234485181,0.8048843145370483,a20bd32b775be5a79db28203cab4ee055d64e503067250de1369da6e8146a375
2,additive,8,1000,800,200,10000,10000,0.5,597,41260912,41760912,1041760912,2041260912,3041260912,0.33714832178163273,1.452590816791692,1.3998495047795225,0.11869146861032139,2.1100200810275553,-0.13456645680320134,0.12075717633810965,1.9595786360314742,2.220446049250313e-16,5.479023368337721e-07,4179,0.005,1,1,0.9273838996887207,1.0,-0.0726161003112793,0.0726161003112793,-0.670764684677124,-1.0,0.329235315322876,0.329235315322876,0.27499912652499425,0.7913253835228028,0.792704771174859,0.804437518119812,34f17f383769dba708298ea044a5d68adff8fe9c94b364bd617a5d822cca11e8
2,additive,8,1000,800,200,10000,10000,0.5,598,41260912,41760912,1041760912,2041260912,3041260912,0.3382326732331794,1.4317072818475325,1.3836732545644026,0.1196252972198315,2.0497857408952496,-0.12742968135911742,0.11747859591406544,1.9145516753968463,0.0,5.238374374272325e-07,4186,0.005,1,1,0.9274839758872986,1.0,-0.07251602411270142,0.07251602411270142,-0.6696323752403259,-1.0,0.3303676247596741,0.3303676247596741,0.2709802037914818,0.7855834346106405,0.7879494656271493,0.7977940440177917,3fdd412aa38f3e7a6a626fedec5f399434b95761fd0405ed6011d26c6a854ab4
2,additive,8,1000,800,200,10000,10000,0.5,599,41260912,41760912,1041760912,2041260912,3041260912,0.33687059101438266,1.4706979114403598,1.4307303014407902,0.12040064813398776,2.162952346715036,-0.11818189969408455,0.10351610106776221,2.0469891954608546,0.0,5.520571981776357e-07,4193,0.005,1,1,0.9312276840209961,1.0,-0.0687723159790039,0.0687723159790039,-0.6702240705490112,-1.0,0.32977592945098877,0.32977592945098877,0.27219400735556026,0.7926534085453608,0.800039283880798,0.8038763999938965,91fc90f13095cdd3dbc8c0e8032b5f47937c34057974ed33b9b1b66a345195b3
2,additive,8,1000,800,200,10000,10000,0.5,600,41260912,41760912,1041760912,2041260912,3041260912,0.3370222057601078,1.4198900342059715,1.3980529092769165,0.12104925540002227,2.0160877092374347,-0.09129251374990335,0.08543440618031721,1.9545519371376503,0.0,5.211076103961432e-07,4200,0.005,1,1,0.9322741627693176,1.0,-0.06772583723068237,0.06772583723068237,-0.6698527932167053,-1.0,0.3301472067832947,0.3301472067832947,0.26734658963513197,0.8047816160966383,0.7936407220327221,0.8195692300796509,2159d81cfdd42d9f02faeb58e952e331c7080d2a53706b56b4a0e21bdeb14680
2,additive,8,1000,800,200,10000,10000,0.5,601,41260912,41760912,1041760912,2041260912,3041260912,0.3374525022694861,1.405992455010693,1.3920447853232203,0.12370574987998262,1.9768147835469954,-0.08136592454070345,0.0774721534456564,1.9377886843455707,-4.440892098500626e-16,5.596126051443662e-07,4207,0.005,1,1,0.936888575553894,1.0,-0.06311142444610596,0.06311142444610596,-0.6685016751289368,-1.0,0.33149832487106323,0.33149832487106323,0.27964171569367663,0.783860039278758,0.7906358681025963,0.7976399660110474,dcb597c2c8f0793cbde6fac418c50d2fd903cb558cd8a2ff29b177f551ccb91d
2,additive,8,1000,800,200,10000,10000,0.5,602,41260912,41760912,1041760912,2041260912,3041260912,0.33818524173138736,1.433907079090143,1.4087948974990905,0.12415860359594144,2.056089511464825,-0.09777252592064653,0.08968935713807184,1.984703063219473,-6.661338147750939e-16,5.631266013494951e-07,4214,0.005,1,1,0.936581015586853,1.0,-0.06341898441314697,0.06341898441314697,-0.6678143739700317,-1.0,0.33218562602996826,0.33218562602996826,0.2757249286316555,0.7988032599509668,0.7961642677487635,0.8150991797447205,f16cfba526a15fb5ac9bd6e643cad74e72343b7426c6d17789eca5521b3ab3e3
2,additive,8,1000,800,200,10000,10000,0.5,603,41260912,41760912,1041760912,2041260912,3041260912,0.3377753310678661,1.409823514373189,1.4013514517049996,0.12226479735197594,1.9876023416795692,-0.0730406239179178,0.06923717855660269,1.9637858911957098,0.0,5.215322858020954e-07,4221,0.005,1,1,0.9334669709205627,1.0,-0.06653302907943726,0.06653302907943726,-0.6688421368598938,-1.0,0.3311578631401062,0.3311578631401062,0.2772178205913424,0.7931570713792422,0.7914754900489239,0.8114469051361084,c3fff323e452e932888b534f7eee8edfffff4a8cb4eaa340efe6da50c8c1efeb
2,additive,8,1000,800,200,10000,10000,0.5,604,41260912,41760912,1041760912,2041260912,3041260912,0.33887523330292574,1.3895150221416908,1.3872701201172708,0.12169074529719429,1.9307519967574234,-0.06396217794221568,0.062327856102027686,1.9245183861701867,2.220446049250313e-16,5.559444939962077e-07,4228,0.005,1,1,0.9305269718170166,1.0,-0.0694730281829834,0.0694730281829834,-0.6683225631713867,-1.0,0.3316774368286133,0.3316774368286133,0.27363267791934603,0.7913022653626822,0.7914953777750696,0.809502899646759,30b5293a2056c6d9e32887d365abfa8967d9bef62a1ac67322d3a9b75389051f
2,additive,8,1000,800,200,10000,10000,0.5,605,41260912,41760912,1041760912,2041260912,3041260912,0.3391725339313206,1.3821671227666348,1.3912948555676368,0.1209757424500541,1.910385955256998,-0.04783016128904029,0.04709172309690561,1.9357013751289713,-2.220446049250313e-16,5.58765927749505e-07,4235,0.005,1,1,0.9286314249038696,1.0,-0.07136857509613037,0.07136857509613037,-0.6684211492538452,-1.0,0.3315788507461548,0.3315788507461548,0.28459449355471783,0.7998041708385187,0.7922979883230642,0.8162012696266174,66caa7e09efaa07452121d3300c9a13106f3fb5a8be3173f3b64c3d5f0b7cdf1
2,additive,8,1000,800,200,10000,10000,0.5,606,41260912,41760912,1041760912,2041260912,3041260912,0.3381982069162896,1.403835949400888,1.4011706972211078,0.11921174623100043,1.9707553728302927,-0.06334389815510408,0.06061712414265631,1.9632793227510854,6.661338147750939e-16,5.574887698145403e-07,4242,0.005,1,1,0.926723837852478,1.0,-0.07327616214752197,0.07327616214752197,-0.6698354482650757,-1.0,0.3301645517349243,0.3301645517349243,0.2786924859773533,0.7957495177523739,0.7937978564041237,0.8081486225128174,3f2f6a2a225b49af1e7c79b671ad3968d91e88517d1fa63053bd8987411939aa
2,additive,8,1000,800,200,10000,10000,0.5,607,41260912,41760912,1041760912,2041260912,3041260912,0.33704752108652175,1.450430041746714,1.4245186059912205,0.11756209282536488,2.1037473060013747,-0.09602807000578503,0.08646077854485786,2.02925325881517,4.440892098500626e-16,5.310289949989055e-07,4249,0.005,1,1,0.9253146052360535,1.0,-0.07468539476394653,0.07468539476394653,-0.6713312864303589,-1.0,0.3286687135696411,0.3286687135696411,0.2727853358634945,0.8009769379745112,0.7989163892010896,0.8140473365783691,940be670a7d69027559a87d4c8ed0f20cd73ef2c7ce0f3bb74772ae847c39e03
2,additive,8,1000,800,200,10000,10000,0.5,608,41260912,41760912,1041760912,2041260912,3041260912,0.33427573218765144,1.4247082416531196,1.3942894026890351,0.11509112174774207,2.029793573834324,-0.10042087856555934,0.09363755429128812,1.9440429384509466,-6.661338147750939e-16,5.262257758431588e-07,4256,0.005,1,1,0.9248453974723816,1.0,-0.07515460252761841,0.07515460252761841,-0.6742822527885437,-1.0,0.3257177472114563,0.3257177472114563,0.27097747961231683,0.7805361319128393,0.7908076542985192,0.7938305139541626,534cf5fb7de78090b8b3fa4e5d1b32078007fb73c35968f7a6f5b470fe5d1aab
2,additive,8,1000,800,200,10000,10000,0.5,609,41260912,41760912,1041760912,2041260912,3041260912,0.33387916283540786,1.4088203463753166,1.400634552200261,0.11665857697160537,1.9847747683610668,-0.0698280982577232,0.06645759039925093,1.9617771488172258,-2.220446049250313e-16,5.630578989723745e-07,4263,0.005,1,1,0.9286031723022461,1.0,-0.0713968276977539,0.0713968276977539,-0.6738439202308655,-1.0,0.3261560797691345,0.3261560797691345,0.26998472087790937,0.8020440296402522,0.7955629030217125,0.8180806040763855,6ea2ecfa652fdbd8d75612aa0cff5accf13132f2f72658f8bc0926ffe7fc0a24
2,additive,8,1000,800,200,10000,10000,0.5,610,41260912,41760912,1041760912,2041260912,3041260912,0.33366362337465716,1.4543340754550143,1.4338561965339323,0.11660958533417433,2.115087603029591,-0.08787679801250546,0.078753334879572,2.0559435923387546,0.0,5.729733398851522e-07,4270,0.005,1,1,0.9288525581359863,1.0,-0.07114744186401367,0.07114744186401367,-0.6740100383758545,-1.0,0.3259899616241455,0.3259899616241455,0.27654428350843463,0.7854952029918248,0.798447697549729,0.7974810600280762,2a89667377549552eec636c9b81b9667e58dc820c087af75c81658a1eecb66bd
2,additive,8,1000,800,200,10000,10000,0.5,611,41260912,41760912,1041760912,2041260912,3041260912,0.3320348967146899,1.4141282781406452,1.3891718674209925,0.11573894434913506,1.9997587870370261,-0.09284962707611687,0.08778040807945274,1.9297984772339278,2.220446049250313e-16,5.470785158223634e-07,4277,0.005,1,1,0.929733157157898,1.0,-0.07026684284210205,0.07026684284210205,-0.675485372543335,-1.0,0.32451462745666504,0.32451462745666504,0.28757822491219526,0.7946518696594123,0.7909858932366218,0.813595175743103,23d1c523cb4d9e8ee64b1f7fedd0e5714d2600830bbd4c23f56d8f73326bdd37
2,additive,8,1000,800,200,10000,10000,0.5,612,41260912,41760912,1041760912,2041260912,3041260912,0.3316198319124762,1.4214118825720237,1.4136133920747485,0.11673176645314168,2.0204117399169443,-0.06942034205850507,0.06496554101452433,1.9983028222530763,6.661338147750939e-16,5.547895653990054e-07,4284,0.005,1,1,0.9324114322662354,1.0,-0.06758856773376465,0.06758856773376465,-0.6753409504890442,-1.0,0.3246590495109558,0.3246590495109558,0.26861093837986433,0.7877334316437669,0.7965104589392675,0.8007797002792358,8abee2631d1a024cfa24dd973b287f73991d3958b1fceb01e6b654638b3da6d6
2,additive,8,1000,800,200,10000,10000,0.5,613,41260912,41760912,1041760912,2041260912,3041260912,0.3311379806845528,1.418435659610502,1.400909272111699,0.11563625054260313,2.01195972045468,-0.08252459115437627,0.07757543469655467,1.9625467886885302,-2.220446049250313e-16,5.366381419236177e-07,4291,0.005,1,1,0.9309772849082947,1.0,-0.06902271509170532,0.06902271509170532,-0.6761354804039001,-1.0,0.32386451959609985,0.32386451959609985,0.2698038438619142,0.8023157930153778,0.7943224237207825,0.8196038007736206,d1b7cf6515d9555dafca7f012a50cd13d907db7fdee3f2099f711baf9f009421
2,additive,8,1000,800,200,10000,10000,0.5,614,41260912,41760912,1041760912,2041260912,3041260912,0.3325517917975002,1.4547227716115663,1.4390477027482238,0.11709744470101786,2.1162183422452374,-0.08122874808065741,0.0727427339702159,2.0708582907849404,0.0,5.423864148923485e-07,4298,0.005,1,1,0.9316333532333374,1.0,-0.0683666467666626,0.0683666467666626,-0.6745515465736389,-1.0,0.3254484534263611,0.3254484534263611,0.2645045409846248,0.7865266550210365,0.8020408677891965,0.805004894733429,c64458b02cde614d421089e900d4819c7ed99438efa40f3a30d3c18a8d1ab747
2,additive,8,1000,800,200,10000,10000,0.5,615,41260912,41760912,1041760912,2041260912,3041260912,0.3338790471973694,1.4199431896186898,1.4046638495333421,0.1166224148675978,2.0162386617444987,-0.07989027321313458,0.07491371481168835,1.9730805301858276,4.440892098500626e-16,5.391097523954613e-07,4305,0.005,1,1,0.9285310506820679,1.0,-0.07146894931793213,0.07146894931793213,-0.6738598346710205,-1.0,0.3261401653289795,0.3261401653289795,0.26986491736529317,0.7899375674918943,0.7945780177183673,0.8071321845054626,e264f542bd30e5e2eae9a2297c272c379fbd346c0f54d69390890e3eedd21db0
2,additive,8,1000,800,200,10000,10000,0.5,616,41260912,41760912,1041760912,2041260912,3041260912,0.3350769880866447,1.4033828968164939,1.415171289185425,0.11603919390708273,1.9694835550770537,-0.04140648562469949,0.03970849576670281,2.002709777734738,0.0,5.457484348880826e-07,4312,0.005,1,1,0.9254492521286011,1.0,-0.07455074787139893,0.07455074787139893,-0.6733216047286987,-1.0,0.32667839527130127,0.32667839527130127,0.2773205611161703,0.7971341062648902,0.7981247283628484,0.8109769821166992,396187709b275e4695c97920a1fc0f8e1036411bfeb573d6503a91753c5fe267
2,additive,8,1000,800,200,10000,10000,0.5,617,41260912,41760912,1041760912,2041260912,3041260912,0.3340141413614988,1.434277421764682,1.4167716033964057,0.11328683195009655,2.057151722583944,-0.08159838917180948,0.0751906926840667,2.007241776190422,8.881784197001252e-16,5.542432539584752e-07,4319,0.005,1,1,0.921686053276062,1.0,-0.07831394672393799,0.07831394672393799,-0.6752964854240417,-1.0,0.32470351457595825,0.32470351457595825,0.26467368620023185,0.801199815017232,0.7996135946578586,0.8171758055686951,b49e74a5bb5b0f415472eb05d0a96854fa5ca2bb7fdf1c85b32782e166f31939
2,additive,8,1000,800,200,10000,10000,0.5,618,41260912,41760912,1041760912,2041260912,3041260912,0.3328541538768871,1.4517317043597615,1.4456126089120782,0.11273700263201035,2.107524941443298,-0.06523306451486185,0.058761593143488326,2.089795815045585,0.0,5.664269444594083e-07,4326,0.005,1,1,0.9224255681037903,1.0,-0.07757443189620972,0.07757443189620972,-0.676311731338501,-1.0,0.323688268661499,0.323688268661499,0.27193561525875853,0.8015686217610039,0.8030328388429142,0.8166292905807495,27ca621f48120d13d97571785ce848c8252123aa900ab0c247c68c098db3299a
2,additive,8,1000,800,200,10000,10000,0.5,619,41260912,41760912,1041760912,2041260912,3041260912,0.3330615657981457,1.4497925895002723,1.4192633784935014,0.11194596509686612,2.101898552569905,-0.09976799006699177,0.09013098189220613,2.014308537532788,0.0,5.599997408012314e-07,4333,0.005,1,1,0.9205321669578552,1.0,-0.07946783304214478,0.07946783304214478,-0.6765577793121338,-1.0,0.3234422206878662,0.3234422206878662,0.2645300883559472,0.7959486482380373,0.7985055952997252,0.8128244280815125,c1232c586ab78431df9c20e66abbfe6c2ed3e6c493e070b3865ab058503b229d
2,additive,8,1000,800,200,10000,10000,0.5,620,41260912,41760912,1041760912,2041260912,3041260912,0.33453890414937565,1.448883164721219,1.4291331871895794,0.11111428127748063,2.0992624250125753,-0.0839775197817051,0.07598480344344091,2.0424216667266455,0.0,5.436828320881659e-07,4340,0.005,1,1,0.9165918231010437,1.0,-0.0834081768989563,0.0834081768989563,-0.6760256886482239,-1.0,0.3239743113517761,0.3239743113517761,0.2647990508392929,0.7961244616745319,0.8010421928002743,0.8121762275695801,327878c5d5e4da44f99cfbd3a98fef2e8952a8e60f3e56bd0c782e17ef4badf1
2,additive,8,1000,800,200,10000,10000,0.5,621,41260912,41760912,1041760912,2041260912,3041260912,0.3372213935867983,1.407951759553039,1.3983501138069439,0.11286031000835799,1.9823281572284985,-0.0699027132264817,0.06672689767013627,1.9553830407838926,-6.661338147750939e-16,5.249047880795388e-07,4347,0.005,1,1,0.9158393740653992,1.0,-0.08416062593460083,0.08416062593460083,-0.6734494566917419,-1.0,0.32655054330825806,0.32655054330825806,0.2729051829475186,0.8038798897338794,0.7930802448250948,0.8213009834289551,6255488d709f8c5288bd354aff4507c88dc24da93d471d5c11eef4e40e12a1f6
2,additive,8,1000,800,200,10000,10000,0.5,622,41260912,41760912,1041760912,2041260912,3041260912,0.3399513922065668,1.431448561803258,1.4186162348421076,0.11598462662629568,2.0490449850886154,-0.07627879497865665,0.07046443574343218,2.0124720217575978,0.0,5.54355887416591e-07,4354,0.005,1,1,0.9176478385925293,1.0,-0.0823521614074707,0.0823521614074707,-0.6701741814613342,-1.0,0.32982581853866577,0.32982581853866577,0.26919087833055033,0.7996899128212605,0.7979755052372226,0.8146454691886902,b2f35bd83506a75c4fdc800e6a8fe09705f018c89d57d9eabbb0a8e73ce7c8d3
2,additive,8,1000,800,200,10000,10000,0.5,623,41260912,41760912,1041760912,2041260912,3041260912,0.340968383324171,1.472858929354121,1.43288990004626,0.117277001100647,2.1693134257781677,-0.11670848061211707,0.1020807917677007,2.053173465654581,0.0,5.758141519152105e-07,4361,0.005,1,1,0.918554425239563,1.0,-0.08144557476043701,0.08144557476043701,-0.6689017415046692,-1.0,0.3310982584953308,0.3310982584953308,0.276819927383033,0.8054664386353662,0.8017384909597577,0.8228195905685425,6b0c560188f4404eb79a87eebf53c46d0ba9b2bbf70cd33b55f1878364845f84
2,additive,8,1000,800,200,10000,10000,0.5,624,41260912,41760912,1041760912,2041260912,3041260912,0.34222392655077766,1.4828479536458636,1.4489616694808716,0.11960637077074114,2.1988380536317256,-0.10947725238883643,0.09444026454682175,2.0994899196247943,0.0,5.569160315133104e-07,4368,0.005,1,1,0.9210782051086426,1.0,-0.07892179489135742,0.07892179489135742,-0.6670006513595581,-1.0,0.3329993486404419,0.3329993486404419,0.27550617032556646,0.8016593406428715,0.8027276963349727,0.8162230849266052,dade688ca2319c3593aef847a7a0e04e6cddcf08e956029e37c94f0e90645dcc
2,additive,8,1000,800,200,10000,10000,0.5,625,41260912,41760912,1041760912,2041260912,3041260912,0.34244149862209544,1.4842947125355037,1.451486073523756,0.11914642227978907,2.2031307936608537,-0.10773269715361576,0.09278194387312061,2.1068118216334106,-8.881784197001252e-16,5.671038856291943e-07,4375,0.005,1,1,0.9198468327522278,1.0,-0.08015316724777222,0.08015316724777222,-0.6670711040496826,-1.0,0.3329288959503174,0.3329288959503174,0.27468038156565927,0.811803251136569,0.806771616845762,0.8255964517593384,77d19e5b1b4e95f07945d83a264c2e179c49c288d0a0a8fb0f54b7951c33b4e0
2,additive,8,1000,800,200,10000,10000,0.5,626,41260912,41760912,1041760912,2041260912,3041260912,0.3416607613521419,1.4679804656386044,1.4315612963107145,0.11622657126875809,2.1549666474965337,-0.11091273683523897,0.09766913349233704,2.0493677450948136,-4.440892098500626e-16,5.675371497204651e-07,4382,0.005,1,1,0.9154512882232666,1.0,-0.0845487117767334,0.0845487117767334,-0.6689658761024475,-1.0,0.3310341238975525,0.3310341238975525,0.26933821074429676,0.783968194777055,0.7989590132382751,0.8007631897926331,daf47814bb340d239caa6fcd81f96e6f16263e28df84db5bdf57d6b3ce1c89f4
2,additive,8,1000,800,200,10000,10000,0.5,627,41260912,41760912,1041760912,2041260912,3041260912,0.3433243998808963,1.4268665777466092,1.4191975123202358,0.11884131822476889,2.0359482306903205,-0.07033398496957177,0.06528153527102828,2.0141215789759457,0.0,5.541754983795499e-07,4389,0.005,1,1,0.9178727269172668,1.0,-0.08212727308273315,0.08212727308273315,-0.6666432023048401,-1.0,0.3333567976951599,0.3333567976951599,0.2653533565811938,0.7885241836804301,0.7974582042963815,0.8031097054481506,077e0fb22ee2c103eba4fa0faef572b91abff4b13a5bf8abb91a056c07c3b680
2,additive,8,1000,800,200,10000,10000,0.5,628,41260912,41760912,1041760912,2041260912,3041260912,0.34375024467896265,1.4472761991136864,1.437456931433444,0.11957475224711789,2.0946083965209588,-0.07395035952101224,0.066796967145339,2.066282429726053,8.881784197001252e-16,5.645495857464766e-07,4396,0.005,1,1,0.9186112880706787,1.0,-0.08138871192932129,0.08138871192932129,-0.6660237908363342,-1.0,0.33397620916366577,0.33397620916366577,0.2632558143584106,0.8046378684298121,0.8024269326614359,0.8216086626052856,2349712bbe73aac4292612e988efd518430471daf3ee11ffbac5478cbb6d0156
2,additive,8,1000,800,200,10000,10000,0.5,629,41260912,41760912,1041760912,2041260912,3041260912,0.34310104226344396,1.4330883919536106,1.4345581193619377,0.11865265663315368,2.053742339152185,-0.057218998979039634,0.05267826439487308,2.0579569978272594,0.0,5.576833661535829e-07,4403,0.005,1,1,0.917860746383667,1.0,-0.08213925361633301,0.08213925361633301,-0.6668761968612671,-1.0,0.3331238031387329,0.3331238031387329,0.28254244417950175,0.7989508235467895,0.8016175708764247,0.8152785301208496,9248687c859369d801a145cc0384a09c1cd916df4c0e7f4bcc510f22f7fcceab
2,additive,8,1000,800,200,10000,10000,0.5,630,41260912,41760912,1041760912,2041260912,3041260912,0.34010705669613095,1.4223563854622014,1.4149845390748377,0.11575405546612053,2.0230976872650985,-0.0683352484551942,0.06389900439563251,2.0021812458208306,0.0,5.667382225738038e-07,4410,0.005,1,1,0.916959285736084,1.0,-0.08304071426391602,0.08304071426391602,-0.6701863408088684,-1.0,0.3298136591911316,0.3298136591911316,0.2658073280038783,0.7911180043993548,0.7968173969452952,0.8068745136260986,dcb35e6fc05f8dd77799c747c44f05c30f61d1baae6fda95e5c50d0946f16829
2,additive,8,1000,800,200,10000,10000,0.5,631,41260912,41760912,1041760912,2041260912,3041260912,0.3389484284701725,1.4715861550866802,1.4498112950030975,0.11481676378851344,2.165565811842799,-0.08921489225637717,0.07824554810210166,2.1019527911185585,0.0,5.319560809624591e-07,4417,0.005,1,1,0.916951596736908,1.0,-0.08304840326309204,0.08304840326309204,-0.6713832020759583,-1.0,0.32861679792404175,0.32861679792404175,0.27720788532286617,0.8000976447740868,0.8048622777994121,0.8169335126876831,059e15f146bbcfe1c29682dc5ea206fdb0ce80fddf96fe4dec1f101d80abf3c6
2,additive,8,1000,800,200,10000,10000,0.5,632,41260912,41760912,1041760912,2041260912,3041260912,0.3422104790957213,1.4276486695950656,1.4511168608705411,0.11922545201730558,2.038180723796561,-0.025833015955546688,0.02394821730386617,2.1057401439027736,4.440892098500626e-16,5.375298162135778e-07,4424,0.005,1,1,0.9203636050224304,1.0,-0.07963639497756958,0.07963639497756958,-0.6671846508979797,-1.0,0.33281534910202026,0.33281534910202026,0.29532271580144526,0.8070654365425017,0.8084480212577464,0.8274146914482117,de6b78ea05681a658fe99e02bb62d1db4b2fccda03c9e9195bfe57c2c61cb2eb
2,additive,8,1000,800,200,10000,10000,0.5,633,41260912,41760912,1041760912,2041260912,3041260912,0.345771889650122,1.4353972534131527,1.4388845611748329,0.12171575113156514,2.0603652751060224,-0.05584612292514802,0.05118611293865623,2.0703887803872916,4.440892098500626e-16,5.533133400348333e-07,4431,0.005,1,1,0.9195268154144287,1.0,-0.08047318458557129,0.08047318458557129,-0.6637229323387146,-1.0,0.3362770676612854,0.3362770676612854,0.2950544145928282,0.7989337222249391,0.8027263805747005,0.8160930275917053,d6cc9fbb9f394ef5f818213856063eb40952bcacfe506da3f76618ed7de7ca73
2,additive,8,1000,800,200,10000,10000,0.5,634,41260912,41760912,1041760912,2041260912,3041260912,0.34675539546937845,1.4642022315282062,1.46971981263231,0.12210164334794203,2.143888174812179,-0.05295674525808406,0.04674049709639251,2.160076327643953,4.440892098500626e-16,5.651631074243824e-07,4438,0.005,1,1,0.9187122583389282,1.0,-0.08128774166107178,0.08128774166107178,-0.6629071235656738,-1.0,0.33709287643432617,0.33709287643432617,0.28807805930612723,0.82227553746198,0.8131695340714802,0.8381901979446411,12ec0243e1a8efd4897cb32a402437e41a5a6e3a9af99bd016cf40f2ba0f958d
2,additive,8,1000,800,200,10000,10000,0.5,635,41260912,41760912,1041760912,2041260912,3041260912,0.34595203298357424,1.447207676808178,1.429736432303103,0.11944400477697469,2.0944100598125237,-0.08485389936734677,0.07665717512692574,2.0441462658548053,8.881784197001252e-16,5.461664400741029e-07,4445,0.005,1,1,0.914919376373291,1.0,-0.08508062362670898,0.08508062362670898,-0.6646731495857239,-1.0,0.3353268504142761,0.3353268504142761,0.27715975968867823,0.7854652571746317,0.7994263626593444,0.7964235544204712,8afafbdcd5fad1b2db33d739f246a66acdf67880ef28965ea8636c88c5cd4166
2,additive,8,1000,800,200,10000,10000,0.5,636,41260912,41760912,1041760912,2041260912,3041260912,0.3471563913574315,1.4589514148201315,1.4433228251360086,0.120356033171726,2.1285392308056634,-0.0828572432093998,0.07368706274284978,2.0831807775585895,0.0,5.355823571306928e-07,4452,0.005,1,1,0.9147724509239197,1.0,-0.08522754907608032,0.08522754907608032,-0.6634679436683655,-1.0,0.3365320563316345,0.3365320563316345,0.26788058935696457,0.8034659532634879,0.802508701304925,0.8194955587387085,117a49978b66c4e3670ca4b60b2a418c9cb4f2aca3df2bf280050917c693c28c
2,additive,8,1000,800,200,10000,10000,0.5,637,41260912,41760912,1041760912,2041260912,3041260912,0.3455383525358093,1.488837518426517,1.4480445212835598,0.11904268216397314,2.2166371562744294,-0.11942345140953405,0.10226012096707451,2.096832935619334,-4.440892098500626e-16,5.69856648979794e-07,4459,0.005,1,1,0.9148011207580566,1.0,-0.08519887924194336,0.08519887924194336,-0.6651300191879272,-1.0,0.33486998081207275,0.33486998081207275,0.26684235543748086,0.7786734048023266,0.7992658166033195,0.7940859794616699,93864d1f41ed57d38d31cb2b9ba2538f653196ea4f5d9be25849830ebfe7632e
2,additive,8,1000,800,200,10000,10000,0.5,638,41260912,41760912,1041760912,2041260912,3041260912,0.3455591086008094,1.466609813471666,1.43607066934035,0.11791772031109483,2.150944344971395,-0.10328154897142458,0.09104259844775119,2.062298967339641,0.0,5.403736853537566e-07,4466,0.005,1,1,0.9126360416412354,1.0,-0.08736395835876465,0.08736395835876465,-0.6656668782234192,-1.0,0.3343331217765808,0.3343331217765808,0.26364545920788396,0.7895800867072416,0.7997296834484633,0.8027259111404419,8d271c1a9dc9b5be151ca4607bde7a9889b04f791b58b8160d1304c0cfbb5222
2,additive,8,1000,800,200,10000,10000,0.5,639,41260912,41760912,1041760912,2041260912,3041260912,0.3428671995465671,1.4996073025674093,1.46271817090771,0.1142569898727483,2.248822061913501,-0.11176730214132653,0.0945946366515684,2.1395444475035967,4.440892098500626e-16,5.580541522220983e-07,4473,0.005,1,1,0.9098315834999084,1.0,-0.09016841650009155,0.09016841650009155,-0.6692016124725342,-1.0,0.3307983875274658,0.3307983875274658,0.2851677610639994,0.7982002160493356,0.8060534546356095,0.8120902180671692,9082b44d4231d943e03929da20ee230cc04631b826d0dd373dd13c2c77aead04
2,additive,8,1000,800,200,10000,10000,0.5,640,41260912,41760912,1041760912,2041260912,3041260912,0.342018095282309,1.4341251004820432,1.410926499559346,0.11172522900513664,2.0567148038326306,-0.08886322283948896,0.08196050754808888,1.9907135871587893,2.220446049250313e-16,5.62461009323556e-07,4480,0.005,1,1,0.9063190221786499,1.0,-0.0936809778213501,0.0936809778213501,-0.6710619330406189,-1.0,0.3289380669593811,0.3289380669593811,0.26762312121608295,0.7869094353670261,0.7938179042698946,0.8004199862480164,f1a20c1c9373b5ec7cb986ae42fbbb3ad7422a12a13616cccf68d1077b00805a
2,additive,8,1000,800,200,10000,10000,0.5,641,41260912,41760912,1041760912,2041260912,3041260912,0.34089136037062717,1.482157802223377,1.4402413695408918,0.10915383455608738,2.1967917506916312,-0.11582519135534772,0.1004578703819718,2.0742952025370234,0.0,5.467579420326274e-07,4487,0.005,1,1,0.9031420946121216,1.0,-0.09685790538787842,0.09685790538787842,-0.6731583476066589,-1.0,0.32684165239334106,0.32684165239334106,0.2724760169761349,0.7887244481533565,0.7996315171346349,0.8022310137748718,c8768f2060f5af881feb38c77b0bef3931561c3a66887bba4d67428618984678
2,additive,8,1000,800,200,10000,10000,0.5,642,41260912,41760912,1041760912,2041260912,3041260912,0.3434501584921048,1.4808763689772309,1.4695238203147711,0.11194105752602874,2.1929948201951874,-0.07271780962434794,0.06309746863434716,2.15950025847252,-4.440892098500626e-16,5.302984966704116e-07,4494,0.005,1,1,0.9045655131340027,1.0,-0.09543448686599731,0.09543448686599731,-0.6700753569602966,-1.0,0.32992464303970337,0.32992464303970337,0.2752870470714873,0.8187511237312376,0.8110784119802976,0.8318670988082886,e9cf395e793003f82b384706620243a018e66f8faab07437da3d7b5e831595ba
2,additive,8,1000,800,200,10000,10000,0.5,643,41260912,41760912,1041760912,2041260912,3041260912,0.34673504924308274,1.4739702165004687,1.4379838202965287,0.11379583936949607,2.1725881991304385,-0.10929328553266787,0.09560361137263161,2.067797467434599,0.0,5.478636655453784e-07,4501,0.005,1,1,0.9030989408493042,1.0,-0.0969010591506958,0.0969010591506958,-0.6670805215835571,-1.0,0.33291947841644287,0.33291947841644287,0.26381095134561106,0.7905175555676516,0.8022025861788639,0.8031396865844727,d8420526ec6a793d2cafb35eae520659a8a22727e59adb830fa31bf41ac01858
2,additive,8,1000,800,200,10000,10000,0.5,644,41260912,41760912,1041760912,2041260912,3041260912,0.35090747191124877,1.4727130418734686,1.4298996499993606,0.11643779378592979,2.168883703704205,-0.12035424421092021,0.10532806376967078,2.044613009068294,0.0,5.228776416288383e-07,4508,0.005,1,1,0.9017241597175598,1.0,-0.09827584028244019,0.09827584028244019,-0.6631351709365845,-1.0,0.3368648290634155,0.3368648290634155,0.28228205540178847,0.7991906768193874,0.802700415093086,0.8153749108314514,181c5fa0dec9af4d584c9aedf96c67a2687de126f2238f90cb5e0ed029b737a7
2,additive,8,1000,800,200,10000,10000,0.5,645,41260912,41760912,1041760912,2041260912,3041260912,0.3546193969737496,1.5135408363411804,1.4888409321242937,0.12193243590273928,2.2908058632723596,-0.09804548900318125,0.08127320649463095,2.2166473211687356,-8.881784197001252e-16,5.667855340618644e-07,4515,0.005,1,1,0.9062060117721558,1.0,-0.09379398822784424,0.09379398822784424,-0.6580093502998352,-1.0,0.3419906497001648,0.3419906497001648,0.29432478918416854,0.8033758622806534,0.8118839067421737,0.8145026564598083,6096f28a43e15602303f0c47079f1458623421db8027981428bff6509636b6e9
2,additive,8,1000,800,200,10000,10000,0.5,646,41260912,41760912,1041760912,2041260912,3041260912,0.3550528700360525,1.4997719424044234,1.4569320391253864,0.12339270068783002,2.2493158792235373,-0.12502880664065547,0.1053890964100833,2.1226509666300566,4.440892098500626e-16,5.291128495343855e-07,4522,0.005,1,1,0.9082240462303162,1.0,-0.09177595376968384,0.09177595376968384,-0.6570135354995728,-1.0,0.34298646450042725,0.34298646450042725,0.26947745773094367,0.8021217615453904,0.8054023007062668,0.8142354488372803,f7eb7ac760202d45640f43fa68149c0f7a2bf7e9a4449344a9a099233f940cc9
2,additive,8,1000,800,200,10000,10000,0.5,647,41260912,41760912,1041760912,2041260912,3041260912,0.3562939814021691,1.4970653817138688,1.4616380552422386,0.12490948295643206,2.241204757126092,-0.11486421777510535,0.0970910160036053,2.136385804532313,0.0,5.695780771475256e-07,4529,0.005,1,1,0.9090993404388428,1.0,-0.09090065956115723,0.09090065956115723,-0.6554967761039734,-1.0,0.3445032238960266,0.3445032238960266,0.2700008790915352,0.8044952198770434,0.808296327540185,0.8211893439292908,1d34a1cc78b0e768b59f9d6d2c6f8daa49842a8cda8e636a47f5ee493e1a24c1
2,additive,8,1000,800,200,10000,10000,0.5,648,41260912,41760912,1041760912,2041260912,3041260912,0.3576146631051231,1.4760409231758567,1.4302696714756924,0.12543194196957425,2.178696806889835,-0.12922870785811214,0.11217142958880487,2.045671333143185,4.440892098500626e-16,5.59827993740214e-07,4536,0.005,1,1,0.9080221652984619,1.0,-0.09197783470153809,0.09197783470153809,-0.6544159650802612,-1.0,0.34558403491973877,0.34558403491973877,0.2695828292420707,0.7954214746442525,0.7997203492190722,0.8104525804519653,7f62adb506e9041c4e596ecc0908e7536a0a6077709dc5b56c0dfa9433819bca
2,additive,8,1000,800,200,10000,10000,0.5,649,41260912,41760912,1041760912,2041260912,3041260912,0.3606588525532401,1.4813916286369306,1.4510030763958153,0.12780215133282236,2.194521157395578,-0.10845669050913971,0.09340361017047684,2.10540992771012,-4.440892098500626e-16,5.42739657660718e-07,4543,0.005,1,1,0.9076477885246277,1.0,-0.09235221147537231,0.09235221147537231,-0.6513656973838806,-1.0,0.3486343026161194,0.3486343026161194,0.2686584344150317,0.7994408600064111,0.8048112667142471,0.8088923096656799,65ab57c1eff79cf7a2a1154c4d0173f2a45b78e689de44b5b3cfc123b3ceeb33
2,additive,8,1000,800,200,10000,10000,0.5,650,41260912,41760912,1041760912,2041260912,3041260912,0.3597989780542987,1.509120305753707,1.4580516780744897,0.12545018713898348,2.277444097238162,-0.1384897942206552,0.11526915280549109,2.1259146959358355,0.0,5.313476094670477e-07,4550,0.005,1,1,0.9047091603279114,1.0,-0.09529083967208862,0.09529083967208862,-0.6530490517616272,-1.0,0.3469509482383728,0.3469509482383728,0.2803598074119376,0.8037283208942,0.8054792414820445,0.8165383338928223,b433c03142bb125843eb75561a8339b95276b63d4775e125d64f4ec6ba2a7315
2,additive,8,1000,800,200,10000,10000,0.5,651,41260912,41760912,1041760912,2041260912,3041260912,0.36049705457623393,1.5140591525632965,1.4699595409015898,0.1277837104032726,2.2923751174606872,-0.12968888798817346,0.10717386519845666,2.1607810518876125,-4.440892098500626e-16,5.376887628472105e-07,4557,0.005,1,1,0.9078635573387146,1.0,-0.0921364426612854,0.0921364426612854,-0.6514759659767151,-1.0,0.3485240340232849,0.3485240340232849,0.26588561236602737,0.8028691805972085,0.8101300986010056,0.8144561052322388,18726d4040edbc35fd01e0f2b532aed6a0c4721d6565e894ca3adfd1fb91687b
2,additive,8,1000,800,200,10000,10000,0.5,652,41260912,41760912,1041760912,2041260912,3041260912,0.35964834933150513,1.529115180036,1.4698279284556102,0.12909906133761148,2.3381932338165288,-0.15344907794301477,0.12438662273164378,2.16039413926811,-8.881784197001252e-16,5.423604072518629e-07,4564,0.005,1,1,0.9115696549415588,1.0,-0.08843034505844116,0.08843034505844116,-0.6513927578926086,-1.0,0.34860724210739136,0.34860724210739136,0.2763656549946993,0.7976562018528475,0.8090573518552691,0.8117695450782776,ecae0a6bc4be491beefebe5a4dcffaeebbdffde8152e65e82501ad9b9c3843bd
2,additive,8,1000,800,200,10000,10000,0.5,653,41260912,41760912,1041760912,2041260912,3041260912,0.3590350309223341,1.528619444877968,1.4501601800178794,0.13061677626952123,2.336677407259027,-0.18216481790952999,0.14766363826871334,2.1029645477094885,0.0,5.274396190912967e-07,4571,0.005,1,1,0.9153080582618713,1.0,-0.08469194173812866,0.08469194173812866,-0.6510968208312988,-1.0,0.34890317916870117,0.34890317916870117,0.2997850655828235,0.7980483257028627,0.8037266401409686,0.810259222984314,feff5ea8a08ff577f9b0dc57ad2f65dff7ad8422db92aac62398ab2b91e05fd8
2,additive,8,1000,800,200,10000,10000,0.5,654,41260912,41760912,1041760912,2041260912,3041260912,0.3619795582775319,1.5110075983195501,1.4673084534710392,0.13500549502602752,2.2831439621794147,-0.13257767978893467,0.10965218001218945,2.1529940976275728,0.0,5.50138139487899e-07,4578,0.005,1,1,0.9187029600143433,1.0,-0.08129703998565674,0.08129703998565674,-0.6472678184509277,-1.0,0.35273218154907227,0.35273218154907227,0.27777115223933846,0.8166399181159508,0.8072755658438948,0.8276656270027161,4b73ea871561906d79262f39821156d2fc713fae62bc69996ed2713ab23b1157
2,additive,8,1000,800,200,10000,10000,0.5,655,41260912,41760912,1041760912,2041260912,3041260912,0.36295034819886685,1.5292495041997807,1.4784358917210865,0.1361846650311256,2.338604046095275,-0.14450801259863813,0.11678412136676126,2.185772685929124,0.0,5.520847636830695e-07,4585,0.005,1,1,0.9193156361579895,1.0,-0.0806843638420105,0.0806843638420105,-0.6461313962936401,-1.0,0.35386860370635986,0.35386860370635986,0.27179417071884876,0.7951939981725822,0.8103705848714324,0.8094590902328491,66f524aa26193bc11c88365999d03dba5a87ef9e7bdb39789d1e26631b9fb09c
2,additive,8,1000,800,200,10000,10000,0.5,656,41260912,41760912,1041760912,2041260912,3041260912,0.3639326919758206,1.5004831041683475,1.4398877494741884,0.13484605992117613,2.25144954589468,-0.1565094373650064,0.13117355367336983,2.0732767310858433,0.0,5.58041325149361e-07,4592,0.005,1,1,0.9153163433074951,1.0,-0.08468365669250488,0.08468365669250488,-0.6460569500923157,-1.0,0.3539430499076843,0.3539430499076843,0.27672081238599694,0.7960549416045316,0.8021260037992385,0.8114515542984009,225e9fe1331bc1cbb0aef9161f82da69a5892574e9544ecd78e2e53d730cd994
2,additive,8,1000,800,200,10000,10000,0.5,657,41260912,41760912,1041760912,2041260912,3041260912,0.3662826180251823,1.5150958249147852,1.458579807741325,0.13343150855539526,2.295515358674214,-0.15074590583944442,0.12412449845918705,2.1274550555507203,0.0,5.304901726788103e-07,4599,0.005,1,1,0.9090889096260071,1.0,-0.09091109037399292,0.09091109037399292,-0.6451787352561951,-1.0,0.35482126474380493,0.35482126474380493,0.27357990624380774,0.7978177897263192,0.8056987869751044,0.810100793838501,d0f4703b42d1a639743d86478adf2b671be45f81a18d35a59b657ee0559b0a50
2,additive,8,1000,800,200,10000,10000,0.5,658,41260912,41760912,1041760912,2041260912,3041260912,0.37023209080889313,1.4762216968764947,1.4538590468570862,0.13373023735729653,2.1792304983289172,-0.0996273037790094,0.08614699094703981,2.1137061281281952,4.440892098500626e-16,5.612459439419126e-07,4606,0.005,1,1,0.9035278558731079,1.0,-0.09647214412689209,0.09647214412689209,-0.6425577998161316,-1.0,0.3574422001838684,0.3574422001838684,0.26730295188069336,0.8053172879806857,0.8070749900181096,0.817550778388977,429aeb6b19fdd33407ed93f101577d0ae8974319cf300cb6b49076767771c264
2,additive,8,1000,800,200,10000,10000,0.5,659,41260912,41760912,1041760912,2041260912,3041260912,0.3710551119551355,1.490784668908596,1.4512491031920756,0.13288284592195437,2.2224389290529123,-0.1245989077295314,0.10580202590863491,2.106123959515804,0.0,5.536472542644333e-07,4613,0.005,1,1,0.900782585144043,1.0,-0.09921741485595703,0.09921741485595703,-0.6424558758735657,-1.0,0.3575441241264343,0.3575441241264343,0.258377639708287,0.7986888285231081,0.8033546267910069,0.8122702240943909,5f2c7b95c4289f169203ec50cf30e5877b1cc9ca88e4a3c6862e7e9ac2c5c14b
2,additive,8,1000,800,200,10000,10000,0.5,660,41260912,41760912,1041760912,2041260912,3041260912,0.37188239387196914,1.4639151492069837,1.4542058717098396,0.13455752258415993,2.1430475640777056,-0.08144518467324563,0.07151826728014067,2.1147147173153744,0.0,5.549512192004613e-07,4620,0.005,1,1,0.9024537205696106,1.0,-0.0975462794303894,0.0975462794303894,-0.6411389708518982,-1.0,0.3588610291481018,0.3588610291481018,0.2515199313735433,0.802758380038313,0.8074087596037264,0.817137598991394,89eda33529d7115cc4fceb1ee71c0b1bc0e1939fd4bd17a8d88caac76733fea2
2,additive,8,1000,800,200,10000,10000,0.5,661,41260912,41760912,1041760912,2041260912,3041260912,0.3715289649107585,1.4854168311507001,1.476323084026554,0.13370935958313473,2.2064631622657878,-0.08032133670962324,0.06864565407866852,2.1795298484296755,-8.881784197001252e-16,5.338585431502452e-07,4627,0.005,1,1,0.9015081524848938,1.0,-0.0984918475151062,0.0984918475151062,-0.6417638659477234,-1.0,0.3582361340522766,0.3582361340522766,0.25986750916931867,0.7927926910091176,0.8133231598834147,0.8088414072990417,41cad40c8aa6da3728c3a457932810c1466e789d991a68721c48547aa4a5bb94
2,additive,8,1000,800,200,10000,10000,0.5,662,41260912,41760912,1041760912,2041260912,3041260912,0.37276569559180506,1.4664467511791597,1.4345452938482983,0.13241846680038466,2.1504660740439125,-0.11248217037099835,0.09854389773860239,2.0579202001023003,0.0,5.34174429134282e-07,4634,0.005,1,1,0.8973788619041443,1.0,-0.10262113809585571,0.10262113809585571,-0.6416382193565369,-1.0,0.35836178064346313,0.35836178064346313,0.25985194886108914,0.7956187385327731,0.8002174324839784,0.8106144666671753,0dacf9c036c4eecbd26fc0c363440c016d04562bfdaf7fda186ee33d5006de9c
2,additive,8,1000,800,200,10000,10000,0.5,663,41260912,41760912,1041760912,2041260912,3041260912,0.3749744561243039,1.5049391356323412,1.4713575906486727,0.13407120005227194,2.264841801957818,-0.11700992122531124,0.09755245073686844,2.164893159559467,-4.440892098500626e-16,5.385085461995232e-07,4641,0.005,1,1,0.8969070315361023,1.0,-0.1030929684638977,0.1030929684638977,-0.6394758224487305,-1.0,0.36052417755126953,0.36052417755126953,0.275895558106254,0.8019365164294193,0.8081926459207515,0.8111760020256042,059efd3cf9dc72ab5ba3f2939c7745e6edf2c009a9766b893aafe3ccfc3b3e6d
2,additive,8,1000,800,200,10000,10000,0.5,664,41260912,41760912,1041760912,2041260912,3041260912,0.3756389068750771,1.5075119670874866,1.4645943479772012,0.13414907147495309,2.272592330911983,-0.1308523991300865,0.10873822920926271,2.1450366041267634,4.440892098500626e-16,5.570668335508344e-07,4648,0.005,1,1,0.8960385322570801,1.0,-0.10396146774291992,0.10396146774291992,-0.6390337944030762,-1.0,0.36096620559692383,0.36096620559692383,0.2794998451468799,0.8043455176247889,0.8085073604451704,0.8171588182449341,494ccddfe889bfb16e9bfde5d2c797696a87b79cd9886e46b549b8e813a93682
2,additive,8,1000,800,200,10000,10000,0.5,665,41260912,41760912,1041760912,2041260912,3041260912,0.3757817178226332,1.4958955850994244,1.4875066018945138,0.13600551731673408,2.237703601519949,-0.08051661407845968,0.06784033767197185,2.2126758906797637,-4.440892098500626e-16,5.597572751980806e-07,4655,0.005,1,1,0.8990271091461182,1.0,-0.10097289085388184,0.10097289085388184,-0.638038158416748,-1.0,0.36196184158325195,0.36196184158325195,0.26875427181247646,0.8143312479626832,0.8145161858853939,0.8282651901245117,e138342f473dafd12df8cff7a5038a97d7eae3ab79fdab894fc3f145f431b8f2
2,additive,8,1000,800,200,10000,10000,0.5,666,41260912,41760912,1041760912,2041260912,3041260912,0.37369286346418346,1.4937463932303061,1.4571900319684221,0.13494171987512923,2.2312782872885486,-0.12140860894777307,0.10261819152928403,2.1234027892681313,-4.440892098500626e-16,5.165676135732156e-07,4662,0.005,1,1,0.900360643863678,1.0,-0.09963935613632202,0.09963935613632202,-0.6398356556892395,-1.0,0.3601643443107605,0.3601643443107605,0.268531416980375,0.8089119666705422,0.8093581057128483,0.8195019960403442,552aa174fc496f27610b3a89555e5c44fb23dc43f3cecb9aefc81839c6dfd62c
2,additive,8,1000,800,200,10000,10000,0.5,667,41260912,41760912,1041760912,2041260912,3041260912,0.37191572307264337,1.499813604298377,1.476246094530287,0.1335409177719856,2.2494408476384886,-0.10183961689727429,0.08547242649985799,2.1793025316159254,0.0,5.639192455220154e-07,4669,0.005,1,1,0.9006240367889404,1.0,-0.09937596321105957,0.09937596321105957,-0.6416067481040955,-1.0,0.35839325189590454,0.35839325189590454,0.2632129356984675,0.8041164901120029,0.810701124349029,0.8183467388153076,c81ae39d2adcc34a25b15255c8ce063de1939ff0dcf28ddd40cfabd9d17a8c87
2,additive,8,1000,800,200,10000,10000,0.5,668,41260912,41760912,1041760912,2041260912,3041260912,0.3716120666103865,1.4778525424386288,1.4532596144704824,0.13336821652779954,2.184048137192319,-0.10272642333461142,0.08865599241129546,2.1119635070508953,-4.440892098500626e-16,5.707398500476302e-07,4676,0.005,1,1,0.9007843732833862,1.0,-0.09921562671661377,0.09921562671661377,-0.6418774127960205,-1.0,0.3581225872039795,0.3581225872039795,0.25996174156672447,0.804609148801906,0.8064940037544531,0.8202474117279053,048a8baecf6a11522c4159b8642f5953430370589f131588997f9724f63b16f5
2,additive,8,1000,800,200,10000,10000,0.5,669,41260912,41760912,1041760912,2041260912,3041260912,0.3709411716728289,1.4862514509853921,1.4861635349808318,0.13429031620237625,2.208943375556183,-0.06727581952591867,0.05742134876477407,2.2086820527067217,-4.440892098500626e-16,5.673445322429416e-07,4683,0.005,1,1,0.9034262895584106,1.0,-0.09657371044158936,0.09657371044158936,-0.6418507695198059,-1.0,0.3581492304801941,0.3581492304801941,0.26915479790063207,0.8015333376969643,0.8151869307512243,0.8162704706192017,3756fec0e34e891eb29f3f1398c13c423088c401785a649ba675e96dfff22e66
2,additive,8,1000,800,200,10000,10000,0.5,670,41260912,41760912,1041760912,2041260912,3041260912,0.3690965476265275,1.4516212738855745,1.4502896536436702,0.13273776844364057,2.107204322797178,-0.0683010058874707,0.06098461755288976,2.103340079465877,0.0,5.631261252858621e-07,4690,0.005,1,1,0.9035175442695618,1.0,-0.09648245573043823,0.09648245573043823,-0.6437368988990784,-1.0,0.35626310110092163,0.35626310110092163,0.27164285668536536,0.8031180244575645,0.8055942079570683,0.8180049657821655,f3c6bdd56ce99720e8ab18842a8f9daaf3a2bb1af793b4f54991a30932cec602
2,additive,8,1000,800,200,10000,10000,0.5,671,41260912,41760912,1041760912,2041260912,3041260912,0.36643701566081643,1.4662893006902062,1.4488299174234907,0.12979378244387957,2.150004313318574,-0.09034498307054764,0.07925700371315798,2.0991081296213587,4.440892098500626e-16,5.410892640611564e-07,4697,0.005,1,1,0.9023687839508057,1.0,-0.09763121604919434,0.09763121604919434,-0.6468085050582886,-1.0,0.3531914949417114,0.3531914949417114,0.26634589331468694,0.8068306860088943,0.8058375914985547,0.8196344375610352,6e690d0bb58405126eae8a983af9b2096728e26becdc804a2c5da2f4c7097892
2,additive,8,1000,800,200,10000,10000,0.5,672,41260912,41760912,1041760912,2041260912,3041260912,0.36403183095865854,1.5208208591811254,1.4787909157063617,0.1290767127240932,2.3128960857204164,-0.12757511303442512,0.10448528592594321,2.1868225723756596,4.440892098500626e-16,5.210618194695371e-07,4704,0.005,1,1,0.9047641158103943,1.0,-0.09523588418960571,0.09523588418960571,-0.6486464738845825,-1.0,0.3513535261154175,0.3513535261154175,0.26758567240843495,0.8052113759288199,0.8134948801059032,0.8183449506759644,cb7020d8dbbbc8971ebaebd16e70603908c82db6977365641eb7bde1b83ccb93
2,additive,8,1000,800,200,10000,10000,0.5,673,41260912,41760912,1041760912,2041260912,3041260912,0.3661439280358164,1.5722026972513867,1.5204926218707728,0.13250714681118056,2.4718213212445357,-0.14621532744612958,0.11228639493027383,2.311897813163457,0.0,5.492877175328204e-07,4711,0.005,1,1,0.9076504707336426,1.0,-0.09234952926635742,0.09234952926635742,-0.6456937193870544,-1.0,0.35430628061294556,0.35430628061294556,0.28595839309797105,0.8124633160630705,0.8202785347760139,0.8240042328834534,e382b77d9bb2821114fc23041b367b0a9243f6fabd05552ba85c0e701b9f05d8
2,additive,8,1000,800,200,10000,10000,0.5,674,41260912,41760912,1041760912,2041260912,3041260912,0.36483326301542535,1.5337790162252791,1.4738245684368692,0.12982009824494714,2.352478070612985,-0.1550696551649042,0.12494039363228424,2.1721588585281237,0.0,5.273226157953559e-07,4718,0.005,1,1,0.9048660397529602,1.0,-0.0951339602470398,0.0951339602470398,-0.6477886438369751,-1.0,0.3522113561630249,0.3522113561630249,0.28977466578639216,0.8129501183739183,0.8104697206584478,0.8250405788421631,dbbf8d7f8c3e1db068ea6594eea1f1f355003601acb41707076726e3c1a6c8ec
2,additive,8,1000,800,200,10000,10000,0.5,675,41260912,41760912,1041760912,2041260912,3041260912,0.36540047427166494,1.5720396784586805,1.4986779469028753,0.1285156796275742,2.4713087506484714,-0.176894420871514,0.13608182061181076,2.2460355885330174,-4.440892098500626e-16,5.33346685926972e-07,4725,0.005,1,1,0.9016758799552917,1.0,-0.09832412004470825,0.09832412004470825,-0.6480768918991089,-1.0,0.3519231081008911,0.3519231081008911,0.2939989448033866,0.8091005869679424,0.8178605031579593,0.8252836465835571,7fff5bdde8e69ccac38775051715b91236a428a81364c638e8097d8b5fa3adfb
2,additive,8,1000,800,200,10000,10000,0.5,676,41260912,41760912,1041760912,2041260912,3041260912,0.36775431825660093,1.5253543611920928,1.503925030097009,0.13224379668837263,2.3267059272077373,-0.09857961387190978,0.08018025981898827,2.26179049615229,-4.440892098500626e-16,5.553222290899384e-07,4732,0.005,1,1,0.9047011137008667,1.0,-0.0952988862991333,0.0952988862991333,-0.6448079943656921,-1.0,0.35519200563430786,0.35519200563430786,0.2861446466917536,0.8181928507688234,0.8177308842777876,0.8312336206436157,2b4b74706c951dc02b932f7f5860dfe468af2f4909adb6be6589985acc282b39
2,additive,8,1000,800,200,10000,10000,0.5,677,41260912,41760912,1041760912,2041260912,3041260912,0.3661460556818336,1.4345443769809487,1.4301288034957693,0.12801888175370255,2.0579175695276586,-0.07033402834656045,0.0643513934774561,2.045268394588241,8.881784197001252e-16,5.503706610454628e-07,4739,0.005,1,1,0.8996644020080566,1.0,-0.10033559799194336,0.10033559799194336,-0.6478697657585144,-1.0,0.3521302342414856,0.3521302342414856,0.27695312359315244,0.8142687063121957,0.8037171095057499,0.8312652111053467,ecdd8c54eadf90ac5d55b273c2c45a4f5cb8c5244ebdbc641024356edfce9e27
2,additive,8,1000,800,200,10000,10000,0.5,678,41260912,41760912,1041760912,2041260912,3041260912,0.3644313173491799,1.4868538235815152,1.4709357073023737,0.1265602913303122,2.2107342926989713,-0.08682136450607471,0.07429218815576302,2.163651855017134,0.0,5.522478545572085e-07,4746,0.005,1,1,0.8996677994728088,1.0,-0.10033220052719116,0.10033220052719116,-0.6496521234512329,-1.0,0.3503478765487671,0.3503478765487671,0.25723437507254204,0.797235471859646,0.8089907387490244,0.8112261295318604,883c778fd89e6b10eac3a2172255cd10b16ef8328db9e5eb758a1d4c287c085b
2,additive,8,1000,800,200,10000,10000,0.5,679,41260912,41760912,1041760912,2041260912,3041260912,0.36371308310969197,1.4806987578193225,1.4775241724934534,0.12749782567602888,2.1924688114076845,-0.0684444783906247,0.05900470920276856,2.183077680302464,0.0,5.536797687000217e-07,4753,0.005,1,1,0.902427077293396,1.0,-0.097572922706604,0.097572922706604,-0.6496191620826721,-1.0,0.3503808379173279,0.3503808379173279,0.2614456058502212,0.8115932146459616,0.8113356524756459,0.826464831829071,2e2029cb6ae8ecf9364767208f30d679f0e4b9106c60aee5059f99167a329539
2,additive,8,1000,800,200,10000,10000,0.5,680,41260912,41760912,1041760912,2041260912,3041260912,0.36364296187238304,1.4579666924094945,1.4686657094033195,0.12647120824949679,2.125666876175482,-0.04757955922391137,0.04225279040655227,2.1569789659771557,0.0,5.721700269134544e-07,4760,0.005,1,1,0.9007010459899902,1.0,-0.09929895401000977,0.09929895401000977,-0.6501772999763489,-1.0,0.3498227000236511,0.3498227000236511,0.28871576311856695,0.8037389060927691,0.8107012459668992,0.8206652402877808,81e6d7784721bcb9f923cce9a45da2e42edcf228af8279048b8d8d238297bd6c
2,additive,8,1000,800,200,10000,10000,0.5,681,41260912,41760912,1041760912,2041260912,3041260912,0.36569309295372954,1.463131951260569,1.4690064994639072,0.1265163898643276,2.14075510679956,-0.05464570059834268,0.048203932064377425,2.157980095467202,0.0,5.601661499099464e-07,4767,0.005,1,1,0.897688627243042,1.0,-0.10231137275695801,0.10231137275695801,-0.6489105224609375,-1.0,0.3510894775390625,0.3510894775390625,0.2640443384810017,0.8150117157887001,0.8089939376338986,0.8273435235023499,a4a2cfd37b58333737318eb379295c95c14aaa400a18b396b0ff3b482b451584
2,additive,8,1000,800,200,10000,10000,0.5,682,41260912,41760912,1041760912,2041260912,3041260912,0.36865304286461525,1.460356124088787,1.4688767076706357,0.1288852213255999,2.1326400091636244,-0.05196322407594908,0.04595414048483389,2.157598782337326,0.0,5.218044307753189e-07,4774,0.005,1,1,0.8974089026451111,1.0,-0.10259109735488892,0.10259109735488892,-0.6459094285964966,-1.0,0.3540905714035034,0.3540905714035034,0.26681638584003653,0.8115158911260574,0.8108067592906129,0.8249109983444214,656f75e518c30ae104434d3d49e0dc547a5f9193f0d981af0b3926f028700087
2,additive,8,1000,800,200,10000,10000,0.5,683,41260912,41760912,1041760912,2041260912,3041260912,0.36824237994504966,1.5211344155496012,1.480888956826319,0.1274308485095908,2.3138499101694268,-0.12412432811443673,0.10168787647480634,2.1930321024501436,-8.881784197001252e-16,5.506258489162974e-07,4781,0.005,1,1,0.8954737186431885,1.0,-0.10452628135681152,0.10452628135681152,-0.6469041109085083,-1.0,0.3530958890914917,0.3530958890914917,0.27630701205985964,0.7960481069902196,0.8117496811180516,0.8129398226737976,1813086203007ee9ff6791339176bf6f2ef4954f91f3c62f26e7e69d59a8fd62
2,additive,8,1000,800,200,10000,10000,0.5,684,41260912,41760912,1041760912,2041260912,3041260912,0.3718373062282468,1.488782841591896,1.4892605241041987,0.13310781587891699,2.2164743494184402,-0.0658426283211223,0.05604624455666943,2.2178969086551126,-4.440892098500626e-16,5.555418525204914e-07,4788,0.005,1,1,0.8999865055084229,1.0,-0.10001349449157715,0.10001349449157715,-0.6418655514717102,-1.0,0.3581344485282898,0.3581344485282898,0.2633735594321046,0.8117606083537049,0.8159294176937971,0.8264099955558777,76d87db4eec0b16533a78ee9f0221b95e51112da8b9a055609e430bc66a0bdba
2,additive,8,1000,800,200,10000,10000,0.5,685,41260912,41760912,1041760912,2041260912,3041260912,0.37166559266375904,1.4859913067682227,1.4637730365594608,0.1328843299057176,2.2081701637907303,-0.09921149556897169,0.08475795487555696,2.1426315025585048,0.0,5.464638501706531e-07,4795,0.005,1,1,0.8998569250106812,1.0,-0.10014307498931885,0.10014307498931885,-0.6420800685882568,-1.0,0.35791993141174316,0.35791993141174316,0.25304646469031616,0.7920344820429199,0.8065268654635681,0.8063198924064636,118eebf5adb7a4335ff035414a18199a830fe95e49162ebea5167b788550b2dc
2,additive,8,1000,800,200,10000,10000,0.5,686,41260912,41760912,1041760912,2041260912,3041260912,0.37171389834898594,1.4632069386966844,1.4635030663225812,0.1345004562096978,2.140974545450123,-0.06681688826211146,0.05872785964545654,2.1418412251355976,0.0,5.401377212166381e-07,4802,0.005,1,1,0.9026115536689758,1.0,-0.09738844633102417,0.09738844633102417,-0.6412706971168518,-1.0,0.3587293028831482,0.3587293028831482,0.2808666853215102,0.8093789545964338,0.8094185297891813,0.8280448913574219,cc192b8e59acfe6555b97729d11319f25930ee9391a380493852e185f0bd2e30
2,additive,8,1000,800,200,10000,10000,0.5,687,41260912,41760912,1041760912,2041260912,3041260912,0.3726141909828304,1.504422424323794,1.495113844380752,0.13730460250302207,2.263286830808282,-0.08261301282615632,0.06882721622662995,2.2353654076589913,0.0,5.628423362935564e-07,4809,0.005,1,1,0.9061465859413147,1.0,-0.0938534140586853,0.0938534140586853,-0.6393992900848389,-1.0,0.36060070991516113,0.36060070991516113,0.24942108401682087,0.8122292605584291,0.8162644570398141,0.827958345413208,001864bca0cac52e29ea0c119fb5cf8e947afa4302cb3e32542826250e6e0930
2,additive,8,1000,800,200,10000,10000,0.5,688,41260912,41760912,1041760912,2041260912,3041260912,0.37163126129575863,1.4809166638865459,1.4898980082531572,0.1351493304612959,2.1931141653768567,-0.05423371042071369,0.04658726172330428,2.219796074996725,0.0,5.450278255381136e-07,4816,0.005,1,1,0.9038764834403992,1.0,-0.09612351655960083,0.09612351655960083,-0.6410152316093445,-1.0,0.3589847683906555,0.3589847683906555,0.26239952924640825,0.8014097891463428,0.8154050653951024,0.8151068687438965,2386521be5ea4cc0cb19c0dc25f1c2702fce9995c8ee1e27f826389b34d191fd
2,additive,8,1000,800,200,10000,10000,0.5,689,41260912,41760912,1041760912,2041260912,3041260912,0.3713756242335118,1.4826896300717878,1.4646946822368223,0.13337319284955584,2.198368539122415,-0.09320560989957258,0.07994505448143943,2.145330512172826,0.0,5.23684573039418e-07,4823,0.005,1,1,0.9011532664299011,1.0,-0.09884673357009888,0.09884673357009888,-0.6420207023620605,-1.0,0.35797929763793945,0.35797929763793945,0.2506931881581271,0.8086713810083275,0.8096888586722951,0.8238990902900696,31e6b3c58cd07323ea7a2001cbd4d2e9e64b4514edfc43229182ad039f16b376
2,additive,8,1000,800,200,10000,10000,0.5,690,41260912,41760912,1041760912,2041260912,3041260912,0.37372571666944493,1.4760011021605817,1.4883896918163528,0.13692917958805334,2.178579253579252,-0.050102279231063696,0.043275402078782756,2.2153038747051776,0.0,5.329799108722e-07,4830,0.005,1,1,0.903775155544281,1.0,-0.096224844455719,0.096224844455719,-0.6388744115829468,-1.0,0.3611255884170532,0.3611255884170532,0.2595558308280166,0.8106903724122075,0.8163081748562809,0.8237229585647583,cf66c46583c2b3fb558b1f36754d0bd25b044338c932894adeb90a2c7084ec55
2,additive,8,1000,800,200,10000,10000,0.5,691,41260912,41760912,1041760912,2041260912,3041260912,0.37419623501386423,1.4484872384631269,1.4683174883124621,0.13616181251392517,2.098115279990535,-0.03916042301012138,0.03505422236256778,2.1559562464842172,0.0,5.618316389899292e-07,4837,0.005,1,1,0.9017156362533569,1.0,-0.09828436374664307,0.09828436374664307,-0.6389418244361877,-1.0,0.36105817556381226,0.36105817556381226,0.2785375037907494,0.8199486391767783,0.8125013408364845,0.8319369554519653,9d54044e6ee361d48e5d69aa9e042f8c827662f32ef5763aae536595077170d7
2,additive,8,1000,800,200,10000,10000,0.5,692,41260912,41760912,1041760912,2041260912,3041260912,0.37476187111562614,1.4759266273206464,1.489558610796389,0.1338023025567345,2.1783594092340985,-0.04668842839658235,0.04038508912114185,2.218784854997668,-4.440892098500626e-16,5.694535865075068e-07,4844,0.005,1,1,0.8967633247375488,1.0,-0.10323667526245117,0.10323667526245117,-0.6397380828857422,-1.0,0.3602619171142578,0.3602619171142578,0.2884912264166079,0.8109870361036166,0.8169714044538877,0.8288874626159668,47262a5421254d50328e2d8ccd896924d3f24b5fa6063a1f9132e55c0f857d1b
2,additive,8,1000,800,200,10000,10000,0.5,693,41260912,41760912,1041760912,2041260912,3041260912,0.373752849029959,1.4711206414107982,1.4546579623903422,0.13158888630361204,2.1641959415849183,-0.08987752017145403,0.07829786056571844,2.116029787545622,0.0,5.472630881797613e-07,4851,0.005,1,1,0.8944551944732666,1.0,-0.1055448055267334,0.1055448055267334,-0.6414592266082764,-1.0,0.35854077339172363,0.35854077339172363,0.25568083570824984,0.8072829983350672,0.8052259995901802,0.8232482671737671,73539cad09c6b7eece0bbb7a5df7b9ce9b8899cd38647ef13385d9d7bccacdac
2,additive,8,1000,800,200,10000,10000,0.5,694,41260912,41760912,1041760912,2041260912,3041260912,0.37417593705165664,1.4800914566356442,1.4817283249933948,0.13315306284897063,2.190670720005823,-0.06415247688353107,0.05521285852812851,2.195518829087731,0.0,5.434209509047605e-07,4858,0.005,1,1,0.8965245485305786,1.0,-0.10347545146942139,0.10347545146942139,-0.6404162645339966,-1.0,0.3595837354660034,0.3595837354660034,0.25847725572531766,0.8120435641986163,0.8126552987431553,0.8243393301963806,81c7f6ef4567afca101276e6355665e9aace6f6aa31b33cdede6e8a8137bb0e0
2,additive,8,1000,800,200,10000,10000,0.5,695,41260912,41760912,1041760912,2041260912,3041260912,0.37229462602541374,1.4783129743563552,1.4738345974316511,0.13069794239433155,2.1854092501503337,-0.07195938597907403,0.06213821727310777,2.172188420586517,0.0,5.371577742607769e-07,4865,0.005,1,1,0.8950993418693542,1.0,-0.10490065813064575,0.10490065813064575,-0.6427897810935974,-1.0,0.3572102189064026,0.3572102189064026,0.2551752686657786,0.8123786526008225,0.8130892434340046,0.8284813761711121,2ef7f3918dc3a88699a3acff3eec685c527850ce826034d3a9496c6f59fdfd5f
2,additive,8,1000,800,200,10000,10000,0.5,696,41260912,41760912,1041760912,2041260912,3041260912,0.3728052560688382,1.4855212717377728,1.476945100488111,0.13025817627849667,2.20677344878541,-0.07783239760403485,0.06660791130877958,2.181366829855836,-4.440892098500626e-16,5.39141090882822e-07,4872,0.005,1,1,0.8935720324516296,1.0,-0.10642796754837036,0.10642796754837036,-0.6427090167999268,-1.0,0.35729098320007324,0.35729098320007324,0.24795277236666155,0.8055818271348605,0.8126238598682023,0.8207999467849731,f7108decafc4f913eacd99c74633b419bade6faf8cad23c0ef2a4e45d3c52aab
2,additive,8,1000,800,200,10000,10000,0.5,697,41260912,41760912,1041760912,2041260912,3041260912,0.37259394588069766,1.5046873065347357,1.4884640652967487,0.13036226579715166,2.2640838904467575,-0.08946044128209268,0.07472328500585405,2.2155252736797237,0.0,5.484388143628394e-07,4879,0.005,1,1,0.8940684795379639,1.0,-0.10593152046203613,0.10593152046203613,-0.6427819132804871,-1.0,0.35721808671951294,0.35721808671951294,0.25017772302658936,0.8212855499038131,0.8157605150681406,0.832940936088562,5743b94aec375351e865bc09e9698bfd3c84678dbe552a87dd3446a22fc61575
2,additive,8,1000,800,200,10000,10000,0.5,698,41260912,41760912,1041760912,2041260912,3041260912,0.37159687246220735,1.4947374198150065,1.4813423035563338,0.13016498797203707,2.2342399541952234,-0.0850149609308376,0.07191235258788725,2.194375020305585,-4.440892098500626e-16,5.587122302586067e-07,4886,0.005,1,1,0.8952202796936035,1.0,-0.10477972030639648,0.10477972030639648,-0.6434814929962158,-1.0,0.3565185070037842,0.3565185070037842,0.240824749834875,0.8173878266949138,0.8127827064658603,0.8318349123001099,efaebd66b3088fa255a02a15da9c47e73481bb32463cd9501efa2f9e03084a4a
2,additive,8,1000,800,200,10000,10000,0.5,699,41260912,41760912,1041760912,2041260912,3041260912,0.3724248683699197,1.5368516539755885,1.4934569305584873,0.13095704591507618,2.361913006327502,-0.13122822440469992,0.10528284399473403,2.230413603433178,-4.440892098500626e-16,5.235164035610751e-07,4893,0.005,1,1,0.8953536152839661,1.0,-0.10464638471603394,0.10464638471603394,-0.6425794959068298,-1.0,0.35742050409317017,0.35742050409317017,0.2598877535954569,0.8105584623818263,0.8148896512912165,0.8265759348869324,823a8e1a56b812209cc07a949d94ec9671b765e269206fb837d0fe6329989629
2,additive,8,1000,800,200,10000,10000,0.5,700,41260912,41760912,1041760912,2041260912,3041260912,0.3741987444341418,1.5049529728894446,1.475000632753325,0.13378749453543537,2.264883450608777,-0.11152203926075181,0.09298652613149228,2.175626866622709,0.0,5.525458490751589e-07,4900,0.005,1,1,0.8975887298583984,1.0,-0.10241127014160156,0.10241127014160156,-0.6400880217552185,-1.0,0.3599119782447815,0.3599119782447815,0.24656637823629907,0.8082432695958767,0.8100243749274687,0.8236405253410339,b84de3bd1afa95875f0772eadee22fd3d66f376fe26fb6fe04c099268c0622a1
2,additive,8,1000,800,200,10000,10000,0.5,701,41260912,41760912,1041760912,2041260912,3041260912,0.3747370002304841,1.5052781788090857,1.4913417163555942,0.1370063604810666,2.2658623955987975,-0.08938432056870721,0.07439800475372808,2.2241001149424493,-4.440892098500626e-16,5.619073810692043e-07,4907,0.005,1,1,0.9023573398590088,1.0,-0.09764266014099121,0.09764266014099121,-0.6382076144218445,-1.0,0.3617923855781555,0.3617923855781555,0.24319445990375882,0.8115492662820449,0.8157361015213571,0.8260656595230103,e600174c0857aca8c50563e6816764c585bb2db0932e7d479acb217c49235b64
2,additive,8,1000,800,200,10000,10000,0.5,702,41260912,41760912,1041760912,2041260912,3041260912,0.3750522295385132,1.5056988425204028,1.496210721222063,0.13755802332690575,2.267129004367281,-0.0830202526971701,0.06904869676681111,2.238646522299846,0.0,5.524661137457088e-07,4914,0.005,1,1,0.9028334617614746,1.0,-0.09716653823852539,0.09716653823852539,-0.6377530694007874,-1.0,0.36224693059921265,0.36224693059921265,0.24863257049021775,0.8160821392481052,0.8183180704572536,0.8319609761238098,ff3324e748b79dd4b268b3003c6f80ce54ae8cde570f85551ccc5910149187d8
2,additive,8,1000,800,200,10000,10000,0.5,703,41260912,41760912,1041760912,2041260912,3041260912,0.37657347520849305,1.5051870564414154,1.5021374600293715,0.13877004265702753,2.2655880748787722,-0.07397058435615413,0.061530421626180845,2.2564169488234915,0.0,5.50197679416442e-07,4921,0.005,1,1,0.902601957321167,1.0,-0.09739804267883301,0.09739804267883301,-0.6362401843070984,-1.0,0.3637598156929016,0.3637598156929016,0.2622994664735622,0.8011668783420967,0.8177295886423571,0.816853940486908,bd689151de4ca26e865f182b76ccd5ffb9b14cb3dd757475d1aad5c000d48640
2,additive,8,1000,800,200,10000,10000,0.5,704,41260912,41760912,1041760912,2041260912,3041260912,0.3772105787925187,1.4796962292208784,1.4693057429896266,0.14068980350698934,2.1895009307704862,-0.08566568394758844,0.07352675700528084,2.158859366382299,0.0,5.541016179222424e-07,4928,0.005,1,1,0.9049487113952637,1.0,-0.09505128860473633,0.09505128860473633,-0.6349615454673767,-1.0,0.3650384545326233,0.3650384545326233,0.2574819914590126,0.8112114005131856,0.8119297630391745,0.8255794048309326,a12118628129e307adac3bf98efcea3a52dafddaa18077aa8aff8ba76c8e9509
2,additive,8,1000,800,200,10000,10000,0.5,705,41260912,41760912,1041760912,2041260912,3041260912,0.376929370356173,1.482612514560088,1.476263596259622,0.13953412146225655,2.1981398683301867,-0.07915989207552585,0.06772534786388608,2.179354205641392,4.440892098500626e-16,5.615484344190236e-07,4935,0.005,1,1,0.9033787250518799,1.0,-0.09662127494812012,0.09662127494812012,-0.6356648802757263,-1.0,0.3643351197242737,0.3643351197242737,0.24609401685530458,0.8145378338187507,0.811573342667794,0.8277972936630249,68a52b73f322ac68d19aadae44774f01e880488531460109eb471b6b48b33b06
2,additive,8,1000,800,200,10000,10000,0.5,706,41260912,41760912,1041760912,2041260912,3041260912,0.3768786840934516,1.4874766785522202,1.490421496283767,0.1389384865111424,2.212586869236745,-0.06508455958157201,0.055355184176504264,2.221356236584743,-4.440892098500626e-16,5.610700046787542e-07,4942,0.005,1,1,0.9024250507354736,1.0,-0.09757494926452637,0.09757494926452637,-0.6359716057777405,-1.0,0.3640283942222595,0.3640283942222595,0.26211359839503173,0.8057211413234523,0.8161982608915618,0.8236424922943115,c0798db0364d012882d7c5cc8b798616df18144f5cf0b7fadb8b3ec2e287ba4f
2,additive,8,1000,800,200,10000,10000,0.5,707,41260912,41760912,1041760912,2041260912,3041260912,0.37775150855317574,1.4955184638961079,1.50547078150453,0.1401685254141622,2.236575475854174,-0.05515086365223802,0.04640875384375185,2.2664422739638606,4.440892098500626e-16,5.322919722772212e-07,4949,0.005,1,1,0.9032112956047058,1.0,-0.09678870439529419,0.09678870439529419,-0.6348587274551392,-1.0,0.36514127254486084,0.36514127254486084,0.2571677186522341,0.8195303656975613,0.8211477079869844,0.8356617093086243,4ee4188f872117ad8c318a74c4460c47c0c5aaaa5c08a2e23122af07502ddda6
2,additive,8,1000,800,200,10000,10000,0.5,708,41260912,41760912,1041760912,2041260912,3041260912,0.3755389856945893,1.5306955093683106,1.4993805375163736,0.1385825713948859,2.343028742400312,-0.11673465875615388,0.09407972804381544,2.2481419962828895,-4.440892098500626e-16,5.571692955896879e-07,4956,0.005,1,1,0.903867244720459,1.0,-0.09613275527954102,0.09613275527954102,-0.6369737982749939,-1.0,0.3630262017250061,0.3630262017250061,0.2551104741969326,0.8089923530268472,0.817118181912194,0.8220446705818176,c6eb3608290850d2b8037ed79fa6a8e14e94752061fdf6f9bb9df21c16981230
2,additive,8,1000,800,200,10000,10000,0.5,709,41260912,41760912,1041760912,2041260912,3041260912,0.3750147708864662,1.510954182344587,1.488797250245786,0.136549798282087,2.2829825411445994,-0.10150754354363631,0.0839067466795577,2.216517252339414,0.0,5.161888818605576e-07,4963,0.005,1,1,0.9011388421058655,1.0,-0.09886115789413452,0.09886115789413452,-0.6382507085800171,-1.0,0.3617492914199829,0.3617492914199829,0.24732539379894733,0.816170697994404,0.8154330457506348,0.8313031196594238,b5c0d6e1b815a1e91ced2cd2542550639721f70cabf7876709127a4e872f789b
2,additive,8,1000,800,200,10000,10000,0.5,710,41260912,41760912,1041760912,2041260912,3041260912,0.3758393954110693,1.5829836075346801,1.5426894513173925,0.13716829294046215,2.5058371017235106,-0.1315573257290078,0.09955131078779639,2.3798907432059577,8.881784197001252e-16,5.239081257712996e-07,4970,0.005,1,1,0.9009514451026917,1.0,-0.09904855489730835,0.09904855489730835,-0.6374470591545105,-1.0,0.3625529408454895,0.3625529408454895,0.26665574662665087,0.8250938191734811,0.8269450101524797,0.8385565280914307,b037fb33a4ebd5bddf26f61420104d339921d7cfcf856097470856d7144c843a
2,additive,8,1000,800,200,10000,10000,0.5,711,41260912,41760912,1041760912,2041260912,3041260912,0.37820945733962935,1.5453586408775934,1.5124724463479153,0.140278625427888,2.3881333289350426,-0.12041952670064175,0.09525309077332152,2.2875729009616474,4.440892098500626e-16,5.272205410022934e-07,4977,0.005,1,1,0.9026969075202942,1.0,-0.09730309247970581,0.09730309247970581,-0.6345215439796448,-1.0,0.3654784560203552,0.3654784560203552,0.25809512032289605,0.8244363540951266,0.8224400862843814,0.8362355828285217,08c8c0237d388b401a1a52398afa05f6405b916bcfe4a5df8901b8c0e207f81d
2,additive,8,1000,800,200,10000,10000,0.5,712,41260912,41760912,1041760912,2041260912,3041260912,0.3799323674829556,1.5888631893133238,1.5217326031682117,0.14144094325371412,2.524486234354907,-0.17512853103175963,0.13138283183627897,2.3156701155451023,4.440892098500626e-16,5.56645444405035e-07,4984,0.005,1,1,0.9020497798919678,1.0,-0.09795022010803223,0.09795022010803223,-0.632910966873169,-1.0,0.36708903312683105,0.36708903312683105,0.27148416651977436,0.8096616678219248,0.8243950157300742,0.8216552734375,9abbdb8fac76f06285345b78e2f11e9575667e491d2c08e702ad42fe019f4935
2,additive,8,1000,800,200,10000,10000,0.5,713,41260912,41760912,1041760912,2041260912,3041260912,0.3850591119441625,1.5603933920414674,1.5157146918765236,0.14720216143444037,2.434827537926677,-0.142319336095386,0.11023834166632605,2.2973910271703453,0.0,5.322472436120051e-07,4991,0.005,1,1,0.9039860367774963,1.0,-0.09601396322250366,0.09601396322250366,-0.6271034479141235,-1.0,0.37289655208587646,0.37289655208587646,0.26494316102150106,0.8258689640372677,0.8215789843593831,0.8382787704467773,aa72723c1a6d9c81f6e12f3bf51369c45626a54702ded3c826c1f0b689f122f2
2,additive,8,1000,800,200,10000,10000,0.5,714,41260912,41760912,1041760912,2041260912,3041260912,0.3871395361015036,1.5527157850394049,1.5217350976292283,0.148043390309195,2.4109263091105357,-0.1216459960315468,0.09507419807208434,2.3156777073566372,0.0,5.538661209669726e-07,4998,0.005,1,1,0.9021925926208496,1.0,-0.09780740737915039,0.09780740737915039,-0.6254192590713501,-1.0,0.3745807409286499,0.3745807409286499,0.2489458866298966,0.8083469323524223,0.8199550866527672,0.8231991529464722,4f8f2b8f24ce3e86cac4879948b6a7763148c39219af285284f011060cd64ecd
2,additive,8,1000,800,200,10000,10000,0.5,715,41260912,41760912,1041760912,2041260912,3041260912,0.3851659997420338,1.504214614174145,1.4657628107583973,0.1449231355283896,2.262661605495072,-0.1295620618105524,0.10762824635238029,2.1484606174023573,4.440892098500626e-16,5.506679539024617e-07,5005,0.005,1,1,0.8999528288841248,1.0,-0.10004717111587524,0.10004717111587524,-0.6280545592308044,-1.0,0.37194544076919556,0.37194544076919556,0.2587822857884432,0.8100721447289999,0.8097742806940527,0.8235594034194946,5d0b9fe0290b9196716762aff07793267443de0ac463b944a511635a9389d37b
2,additive,8,1000,800,200,10000,10000,0.5,716,41260912,41760912,1041760912,2041260912,3041260912,0.3840531295991868,1.5385069335451718,1.5182373612826245,0.14282057396104142,2.3670035845665676,-0.10238973666659092,0.08159116352331071,2.3050446851944266,-4.440892098500626e-16,5.323120575440043e-07,5012,0.005,1,1,0.8980942368507385,1.0,-0.10190576314926147,0.10190576314926147,-0.6297135949134827,-1.0,0.37028640508651733,0.37028640508651733,0.26136667848895184,0.8167224245161697,0.8236412456662829,0.832010805606842,1b6e807c75aa1010522e1ac1cd30f1adda87e7f1945d15d49adbc2f83ac78efd
2,additive,8,1000,800,200,10000,10000,0.5,717,41260912,41760912,1041760912,2041260912,3041260912,0.3838543890675867,1.5053888209429571,1.4878531921022595,0.14101578684234517,2.2661955022200266,-0.09675208390674443,0.08038520286636755,2.2137071212488832,4.440892098500626e-16,5.260730837619576e-07,5019,0.005,1,1,0.8953428864479065,1.0,-0.1046571135520935,0.1046571135520935,-0.6306883692741394,-1.0,0.3693116307258606,0.3693116307258606,0.25590999059960096,0.8120377208920923,0.8140600023467754,0.8250367641448975,1f5a0b5713ef2219c9091fde83378613f2218cce979e84b92073e5005506efb1
2,additive,8,1000,800,200,10000,10000,0.5,718,41260912,41760912,1041760912,2041260912,3041260912,0.38616665081423085,1.4712291002622642,1.5066886912184496,0.1423498703478823,2.1645150654585112,-0.01837706178041438,0.015932499120491807,2.270110812245565,0.0,5.190349270378647e-07,5026,0.005,1,1,0.8940913081169128,1.0,-0.10590869188308716,0.10590869188308716,-0.6286402940750122,-1.0,0.3713597059249878,0.3713597059249878,0.2937423086743269,0.8417083071553975,0.8236775747729085,0.8579947352409363,62fb148f84e32f919385fb36efe434d704ff38a6599381db7d233d7ac5d5d096
2,additive,8,1000,800,200,10000,10000,0.5,719,41260912,41760912,1041760912,2041260912,3041260912,0.38705666878559514,1.5231871315622092,1.532999797250332,0.1434231429050454,2.3200990377567106,-0.05671690114609861,0.04604537486312643,2.3500883783695588,0.0,5.661482234131654e-07,5033,0.005,1,1,0.8945447206497192,1.0,-0.10545527935028076,0.10545527935028076,-0.6275861859321594,-1.0,0.3724138140678406,0.3724138140678406,0.29077015767018394,0.826489676300611,0.8293895676789607,0.8459151983261108,e281c71c81122004b351fadc3a2912f28ce483645bc0a37a7e1d9148f6baaef3
2,additive,8,1000,800,200,10000,10000,0.5,720,41260912,41760912,1041760912,2041260912,3041260912,0.3874017148801514,1.4777898906360112,1.4767937607468125,0.14374614640320055,2.183862960865994,-0.0733446477442403,0.06302144764357788,2.1809198117807136,0.0,5.54740038793966e-07,5040,0.005,1,1,0.8945631980895996,1.0,-0.10543680191040039,0.10543680191040039,-0.6272223591804504,-1.0,0.37277764081954956,0.37277764081954956,0.26144710877927585,0.8331067763710297,0.813149794738004,0.8460758924484253,f0b5eaa07eaffbaf19862a28111e197f87b78aa120488adbf0bb026ace747dfb
2,additive,8,1000,800,200,10000,10000,0.5,721,41260912,41760912,1041760912,2041260912,3041260912,0.388005986714573,1.5130743461129152,1.5007696349876642,0.14554760040777304,2.2893939768650258,-0.09131603998589576,0.07500470716687356,2.252309497301007,-4.440892098500626e-16,5.694004272527309e-07,5047,0.005,1,1,0.8966630697250366,1.0,-0.10333693027496338,0.10333693027496338,-0.6260078549385071,-1.0,0.3739921450614929,0.3739921450614929,0.249473264616443,0.833733683812193,0.8172414986560649,0.8458124995231628,d9eb5d685c3d0abe79715e008b9c216e0f6e2d26e5a9646138bb737bf30e8ea2
2,additive,8,1000,800,200,10000,10000,0.5,722,41260912,41760912,1041760912,2041260912,3041260912,0.38605963320986525,1.5860752721818063,1.5263308951303867,0.14302127228701778,2.5156347690265908,-0.16448501994204054,0.12373546437452702,2.3296860014295273,-4.440892098500626e-16,5.488813314968866e-07,5054,0.005,1,1,0.8953812122344971,1.0,-0.10461878776550293,0.10461878776550293,-0.6283860206604004,-1.0,0.3716139793395996,0.3716139793395996,0.27859595242385726,0.8146622282915645,0.8269641027714942,0.8312482833862305,e979249eb16686f42e0fd7fbdeec1530ccda6aa3d59794b7f12b344ddf434164
2,additive,8,1000,800,200,10000,10000,0.5,723,41260912,41760912,1041760912,2041260912,3041260912,0.38698016370238075,1.5169310336661124,1.510312978211824,0.14632826018043038,2.30107976089934,-0.08318136446235021,0.0679750689267182,2.28104529215507,0.0,5.247295966626098e-07,5061,0.005,1,1,0.8995434641838074,1.0,-0.10045653581619263,0.10045653581619263,-0.6262860298156738,-1.0,0.37371397018432617,0.37371397018432617,0.2501495298223081,0.8235734865615669,0.8196919085811974,0.8386463522911072,510a0fd940ee7dcc62c795852a8b42604f565b5700246bd7df829633fa9fdaa3
2,additive,8,1000,800,200,10000,10000,0.5,724,41260912,41760912,1041760912,2041260912,3041260912,0.38843213585047415,1.5161275964877676,1.503018808588084,0.149253615162887,2.298642888831775,-0.09441548251255927,0.07714009342999997,2.2590655389695438,4.440892098500626e-16,5.259556008496702e-07,5068,0.005,1,1,0.9022366404533386,1.0,-0.09776335954666138,0.09776335954666138,-0.6240720152854919,-1.0,0.37592798471450806,0.37592798471450806,0.2540925265522882,0.8247732807252172,0.816760070813703,0.8382769823074341,f20b41d271c67a4c36f29d358eeaa721e897a40af2bcbdb1c453356f8f8aaa1f
2,additive,8,1000,800,200,10000,10000,0.5,725,41260912,41760912,1041760912,2041260912,3041260912,0.3892787734918077,1.4766793375846803,1.4764446578110835,0.15050067643110962,2.1805818660495304,-0.07559685745087631,0.06485987181769147,2.1798888275788877,4.440892098500626e-16,5.471428590198002e-07,5075,0.005,1,1,0.9030258059501648,1.0,-0.0969741940498352,0.0969741940498352,-0.6229934096336365,-1.0,0.3770065903663635,0.3770065903663635,0.2769286628373557,0.8151607770824357,0.8138751748935689,0.8313355445861816,f93bd35f73c2810c5d004953ef364b53935df293df06d69109207a51cb945ea2
2,additive,8,1000,800,200,10000,10000,0.5,726,41260912,41760912,1041760912,2041260912,3041260912,0.38768091267671057,1.4846747730868075,1.4935990952918334,0.15149526920587295,2.2042591818403636,-0.06245809679482659,0.05302598220038403,2.2308382574565835,0.0,5.410965364660569e-07,5082,0.005,1,1,0.9071981906890869,1.0,-0.09280180931091309,0.09280180931091309,-0.6235902309417725,-1.0,0.37640976905822754,0.37640976905822754,0.2621039227368995,0.8265784859438766,0.815588780035964,0.8380681872367859,8b2c1c99b5da83284e7dcb61a7500f21447a698615ecd04048cd6852b8dc137f
2,additive,8,1000,800,200,10000,10000,0.5,727,41260912,41760912,1041760912,2041260912,3041260912,0.3885585201463733,1.5224473027181837,1.5024924391640457,0.15281757498874068,2.3178457895538727,-0.10658991739874471,0.0862844521260608,2.257483529745124,0.0,5.605166801814221e-07,5089,0.005,1,1,0.9080660343170166,1.0,-0.0919339656829834,0.0919339656829834,-0.6224740147590637,-1.0,0.3775259852409363,0.3775259852409363,0.25543196481002994,0.8159825697143773,0.819556857209547,0.8315514922142029,d48fcc1d667621f88d3d0bc3e7bf3940ab4b871f22580410d5db12a269fa51db
2,additive,8,1000,800,200,10000,10000,0.5,728,41260912,41760912,1041760912,2041260912,3041260912,0.3875287194636376,1.5308532992469828,1.5170712047869495,0.15375322296841012,2.3435118238153723,-0.09788000319502803,0.07838975948595228,2.3015050403937263,0.0,5.349482492533753e-07,5096,0.005,1,1,0.9112840890884399,1.0,-0.08871591091156006,0.08871591091156006,-0.6227626800537109,-1.0,0.37723731994628906,0.37723731994628906,0.2500592439290331,0.8174448237280056,0.8203155143149629,0.8292960524559021,dc9d4cb2a90e934115b29a4c61a666bfcd57143e7a53c36b263912fa691a0f6e
2,additive,8,1000,800,200,10000,10000,0.5,729,41260912,41760912,1041760912,2041260912,3041260912,0.38649936702456206,1.5094322637802922,1.503493127127066,0.1518729392450166,2.2783857589408973,-0.08488355743379512,0.06985557339813835,2.260491583318324,4.440892098500626e-16,5.504422215807381e-07,5103,0.005,1,1,0.909698486328125,1.0,-0.090301513671875,0.090301513671875,-0.6241976618766785,-1.0,0.37580233812332153,0.37580233812332153,0.25481758938083554,0.8280505370609057,0.8183460290964331,0.8410465717315674,e57cb815d3e1398e57a2e89da9add3d3ee9f8e6897c75a2b8bacf73b0e7131df
2,additive,8,1000,800,200,10000,10000,0.5,730,41260912,41760912,1041760912,2041260912,3041260912,0.3872628612287105,1.5589757106539408,1.530537297387556,0.1502171623322731,2.4304052664089597,-0.11903900502341426,0.0922560415639561,2.342544418694404,0.0,5.385012986636184e-07,5110,0.005,1,1,0.9056820273399353,1.0,-0.0943179726600647,0.0943179726600647,-0.6243982911109924,-1.0,0.37560170888900757,0.37560170888900757,0.25186008074755706,0.8128796497683239,0.825827896462796,0.8279228210449219,52a35e43f88c9a61ae0f7e7642e9f80e2197b83b8ce61aee3a928c55867486c0
2,additive,8,1000,800,200,10000,10000,0.5,731,41260912,41760912,1041760912,2041260912,3041260912,0.3871431643280647,1.5230371080753025,1.4943815413209969,0.14930004648024398,2.3196420325743805,-0.11788294400685338,0.09549267680835316,2.2331761910409185,8.881784197001252e-16,5.274894974149902e-07,5117,0.005,1,1,0.9043133854866028,1.0,-0.09568661451339722,0.09568661451339722,-0.6248681545257568,-1.0,0.37513184547424316,0.37513184547424316,0.2476432550086728,0.8154784301709839,0.8174977991865449,0.8267887234687805,f3e2cda70ae17d253b153d0829b11782113c3a9833ee744149b8169395cb7239
2,additive,8,1000,800,200,10000,10000,0.5,732,41260912,41760912,1041760912,2041260912,3041260912,0.3863316882026132,1.5082745904531234,1.520175918496741,0.1506442715637817,2.2748922402065372,-0.057300844296454635,0.04724797505079207,2.31093482317741,0.0,5.542547452108693e-07,5124,0.005,1,1,0.9078649282455444,1.0,-0.09213507175445557,0.09213507175445557,-0.6248156428337097,-1.0,0.3751843571662903,0.3751843571662903,0.2623623426100378,0.8286848031709225,0.8228870170475527,0.8432415127754211,69f75bba1cf55a07252d6223b0bf04d2530e3e2b9117794174f5a48ad54fab8c
2,additive,8,1000,800,200,10000,10000,0.5,733,41260912,41760912,1041760912,2041260912,3041260912,0.3873174872054797,1.536226032392214,1.542487993889872,0.15272982694901394,2.3599904225995236,-0.0667255191270681,0.053110185377028524,2.379269211294402,4.440892098500626e-16,5.213968883310827e-07,5131,0.005,1,1,0.9098710417747498,1.0,-0.09012895822525024,0.09012895822525024,-0.6233149766921997,-1.0,0.3766850233078003,0.3766850233078003,0.27015030062045686,0.8309887744072859,0.8280898221966019,0.8457702398300171,23c56a907c87545da6b745d7a6568797bb7f027f8a1a0552c3f46c155a8ed3c4
2,additive,8,1000,800,200,10000,10000,0.5,734,41260912,41760912,1041760912,2041260912,3041260912,0.3843486095947687,1.516088826379573,1.5127369121209482,0.14989451819922348,2.2985253294729913,-0.0800234411894967,0.06536741749220613,2.288372965293221,0.0,5.348056166809556e-07,5138,0.005,1,1,0.909697949886322,1.0,-0.09030205011367798,0.09030205011367798,-0.6264101266860962,-1.0,0.3735898733139038,0.3735898733139038,0.26359656992416924,0.8179717087409464,0.8214371114992024,0.830010175704956,e3e0ca2e7ebb44e6f68ae168df5f0297628560a44ad504acbe8ff6723fab52d6
2,additive,8,1000,800,200,10000,10000,0.5,735,41260912,41760912,1041760912,2041260912,3041260912,0.38356207323151,1.5047396908489905,1.5134956489436704,0.14884416642525544,2.2642415372163156,-0.061208312135074494,0.050730325941350074,2.2906690793714217,0.0,5.42637886624675e-07,5145,0.005,1,1,0.9091303944587708,1.0,-0.09086960554122925,0.09086960554122925,-0.6273573040962219,-1.0,0.3726426959037781,0.3726426959037781,0.2722497396400942,0.8078170716879665,0.8207225440133259,0.8245006799697876,334c4ba932d629f9df2f9fc2f99ff75e42a8175376dd02f3f0e19bccbd8103f7
2,additive,8,1000,800,200,10000,10000,0.5,736,41260912,41760912,1041760912,2041260912,3041260912,0.3834767584929704,1.5149418574128033,1.5094592302122212,0.14907026016084252,2.2950488313413544,-0.08282596191466299,0.06777571698747031,2.278467167672871,0.0,5.459374747829315e-07,5152,0.005,1,1,0.9096533060073853,1.0,-0.09034669399261475,0.09034669399261475,-0.6273179650306702,-1.0,0.37268203496932983,0.37268203496932983,0.2522489877937009,0.8145352300791884,0.821492370429864,0.8240879774093628,1732a0b11f70504d61c2f0903195a81675ed2e90271d3efb06db9ce659775d25
2,additive,8,1000,800,200,10000,10000,0.5,737,41260912,41760912,1041760912,2041260912,3041260912,0.38331134590631455,1.537820824340618,1.5093510221370312,0.14777347633036375,2.3648928877756576,-0.11726292803996052,0.0933374440117372,2.278140508026101,8.881784197001252e-16,5.311837121269036e-07,5159,0.005,1,1,0.907684326171875,1.0,-0.092315673828125,0.092315673828125,-0.6279712319374084,-1.0,0.37202876806259155,0.37202876806259155,0.25225089351769425,0.8074598691995467,0.8188544970222384,0.8169703483581543,723dca3cc0800e839ca84bee6007c9e3d81261a7a07dde09b00ce10f668a520a
2,additive,8,1000,800,200,10000,10000,0.5,738,41260912,41760912,1041760912,2041260912,3041260912,0.38532311356671756,1.5364707976489678,1.5232466461710723,0.14998094272988943,2.360742512028055,-0.09522155484326227,0.07585188616676419,2.3202803450714202,0.0,5.292068578910403e-07,5166,0.005,1,1,0.9083144068717957,1.0,-0.09168559312820435,0.09168559312820435,-0.6257438659667969,-1.0,0.3742561340332031,0.3742561340332031,0.2516642396013725,0.8284965143749491,0.8239879159212116,0.8387638330459595,549ed14a24d7c8df83789478132413a9b903499d6e5e0ae4b6a7a5edb4d79d70
2,additive,8,1000,800,200,10000,10000,0.5,739,41260912,41760912,1041760912,2041260912,3041260912,0.3834863118840198,1.6426490905341005,1.5676939204046343,0.1470273307443164,2.6982960346325076,-0.193829568651586,0.13624431655831562,2.457664228073652,0.0,5.39879032146473e-07,5173,0.005,1,1,0.9061319231987,1.0,-0.09386807680130005,0.09386807680130005,-0.6281794309616089,-1.0,0.3718205690383911,0.3718205690383911,0.3044101196953725,0.8239498774124343,0.8341734313070205,0.8316453695297241,d5544c2cef86356796d1f7b62045dfecc59af965996b60f5ff26cc853bdde30c
2,additive,8,1000,800,200,10000,10000,0.5,740,41260912,41760912,1041760912,2041260912,3041260912,0.38429139994876343,1.5587243909638748,1.5064585648052182,0.14813003516449538,2.429621726985703,-0.1541671773376003,0.11961367234912003,2.269417407474998,4.440892098500626e-16,5.284224684487526e-07,5180,0.005,1,1,0.9067636132240295,1.0,-0.09323638677597046,0.09323638677597046,-0.6271905899047852,-1.0,0.37280941009521484,0.37280941009521484,0.27741890232152244,0.8147179123682818,0.8214016943510757,0.8262251615524292,782f21ed1d7eb43198173e215f484a55cd40ce8b1607db7b5519a82405197bb9
2,additive,8,1000,800,200,10000,10000,0.5,741,41260912,41760912,1041760912,2041260912,3041260912,0.38576181608179366,1.6079416043526276,1.5574914351137124,0.14885100011939167,2.5854762030081018,-0.15427381633746104,0.1128422495749626,2.4257795704525713,0.0,5.517684851241711e-07,5187,0.005,1,1,0.9057003259658813,1.0,-0.09429967403411865,0.09429967403411865,-0.6259415149688721,-1.0,0.37405848503112793,0.37405848503112793,0.27509546465283186,0.8150847107913373,0.8283548914599347,0.8258985280990601,d44285177c7878194aedfe3d94c5b614776d4ff911553215a58f6d7fb12fd7de
2,additive,8,1000,800,200,10000,10000,0.5,742,41260912,41760912,1041760912,2041260912,3041260912,0.3866703795446967,1.5643688714155433,1.5153918400706803,0.14867404179049376,2.4472499658539406,-0.14975578934581613,0.11537763733053644,2.2964124289528023,0.0,5.601049810621817e-07,5194,0.005,1,1,0.9039866328239441,1.0,-0.09601336717605591,0.09601336717605591,-0.6254397034645081,-1.0,0.37456029653549194,0.37456029653549194,0.2638140295156022,0.8146124973687404,0.8201144836861808,0.8247190117835999,1b44ee88b4785626440b0d44034a08d684cbee5ea483edeefa421a7b50bfa891
2,additive,8,1000,800,200,10000,10000,0.5,743,41260912,41760912,1041760912,2041260912,3041260912,0.386284652211552,1.5316963671856934,1.4989254344509793,0.14850563714864262,2.34609376124985,-0.12391097017721772,0.09934338175241066,2.246777458044057,-4.440892098500626e-16,5.261673123868604e-07,5201,0.005,1,1,0.904299795627594,1.0,-0.095700204372406,0.095700204372406,-0.6257576942443848,-1.0,0.37424230575561523,0.37424230575561523,0.2514870132205388,0.8015251762071328,0.8158904409261234,0.8173470497131348,8783806e862b93c205a7ded4fba6cf77f1edcf4f06034b6a3a57f1a891c54e53
2,additive,8,1000,800,200,10000,10000,0.5,744,41260912,41760912,1041760912,2041260912,3041260912,0.38717697745978336,1.4901969961213881,1.5110799414198153,0.152259563094148,2.220687087249208,-0.04479203049102174,0.03775224401656102,2.2833625893613125,-4.440892098500626e-16,5.521174948341923e-07,5208,0.005,1,1,0.9092905521392822,1.0,-0.09070944786071777,0.09070944786071777,-0.6235988736152649,-1.0,0.3764011263847351,0.3764011263847351,0.2776376533672019,0.8430176744104927,0.8225242332440538,0.8549690246582031,2e4990dfa7789726abe88df4ef68540164364b3e394342dae32e85ec163ed98a
2,additive,8,1000,800,200,10000,10000,0.5,745,41260912,41760912,1041760912,2041260912,3041260912,0.3866192501262785,1.5040276764727416,1.544473642074075,0.15306469866797318,2.262099251595994,-0.014882559601204198,0.012324264445548383,2.385398831061558,-8.881784197001252e-16,5.22495705368442e-07,5215,0.005,1,1,0.9115476012229919,1.0,-0.08845239877700806,0.08845239877700806,-0.6236349940299988,-1.0,0.3763650059700012,0.3763650059700012,0.3144419351260146,0.8252107972147812,0.8332497206097498,0.8402233123779297,67f5e2363878fc83ff38159ebaf890e8b990e6fc8bd117da168c98fa690bb2cc
2,additive,8,1000,800,200,10000,10000,0.5,746,41260912,41760912,1041760912,2041260912,3041260912,0.3849024504942689,1.5068032085875633,1.516996953311476,0.15087458991233943,2.2704559094097756,-0.0600253714829071,0.04958048601767667,2.3012797563563008,0.0,5.232084561157535e-07,5222,0.005,1,1,0.9105076193809509,1.0,-0.08949238061904907,0.08949238061904907,-0.6256458759307861,-1.0,0.37435412406921387,0.37435412406921387,0.26087508939088866,0.8196744895321327,0.8220696307841067,0.8325863480567932,638c82d8946d4910e7bbd151c15985cecc1b5bbb41727102bb8785e06387045b
2,additive,8,1000,800,200,10000,10000,0.5,747,41260912,41760912,1041760912,2041260912,3041260912,0.38417572388611493,1.5319914922160505,1.5122602670328016,0.14850777275211266,2.346997932222361,-0.10428729486417669,0.0835800893232127,2.2869311152461202,0.0,5.412964778628293e-07,5229,0.005,1,1,0.9075910449028015,1.0,-0.09240895509719849,0.09240895509719849,-0.6271038055419922,-1.0,0.3728961944580078,0.3728961944580078,0.2561071111434986,0.8059576628426174,0.8200496839910977,0.821303129196167,52f28b2bd77449d37d3f30d4ec793025f39242b3b64338847687fc442b9f7e3b
2,additive,8,1000,800,200,10000,10000,0.5,748,41260912,41760912,1041760912,2041260912,3041260912,0.3852163871506261,1.5378162818748526,1.5217066723187858,0.14857896311907462,2.3648789167993964,-0.09893334166947944,0.07872289602297892,2.315591196579512,0.0,5.347137257416534e-07,5236,0.005,1,1,0.9060870409011841,1.0,-0.09391295909881592,0.09391295909881592,-0.6264066100120544,-1.0,0.37359338998794556,0.37359338998794556,0.2434309944274327,0.8160596544080847,0.8240679182209042,0.8259614706039429,b972b0257461ff497e0fffb0ec10b84db92133210c1be21afe01c2001b66332c
2,additive,8,1000,800,200,10000,10000,0.5,749,41260912,41760912,1041760912,2041260912,3041260912,0.3838411820503541,1.5467073358051124,1.5126058853740851,0.145050276843197,2.392303582633349,-0.12468864750411317,0.09828242681912433,2.2879765644683197,-4.440892098500626e-16,5.490587895451426e-07,5243,0.005,1,1,0.9022060036659241,1.0,-0.09779399633407593,0.09779399633407593,-0.6288256645202637,-1.0,0.37117433547973633,0.37117433547973633,0.25204389823407836,0.8219714256327032,0.8193726685751234,0.8312249183654785,6f0118b5617abc03892387584138f4f7789cd5842c4c142f741533b185680580
2,additive,8,1000,800,200,10000,10000,0.5,750,41260912,41760912,1041760912,2041260912,3041260912,0.3844509614242234,1.5379099799022853,1.5286193771062533,0.14609746964370976,2.3651671062830477,-0.08729368793102407,0.06952169736938944,2.3366772000647096,0.0,5.455901543882646e-07,5250,0.005,1,1,0.9030474424362183,1.0,-0.09695255756378174,0.09695255756378174,-0.627974808216095,-1.0,0.37202519178390503,0.37202519178390503,0.24800376041013972,0.8130144483347883,0.8218903066446345,0.8263607025146484,ce0c26828e4df7714b937ccaa8f8c3107fc889e1f4d5e6057792e04243db0a7a
2,additive,8,1000,800,200,10000,10000,0.5,751,41260912,41760912,1041760912,2041260912,3041260912,0.38437788894928276,1.5539925461596378,1.5304213722911306,0.14435868697537654,2.414892833519714,-0.10853097186481205,0.08481461942733677,2.3421895767654672,4.440892098500626e-16,5.338214954520026e-07,5257,0.005,1,1,0.9002050757408142,1.0,-0.09979492425918579,0.09979492425918579,-0.6288028359413147,-1.0,0.3711971640586853,0.3711971640586853,0.24394469177587083,0.8118890572523897,0.8223405833354038,0.8238804936408997,a58b4c66b0b70d7c820f90e88308bc114df14ed32769f0c4ce600d1e996c149b
2,additive,8,1000,800,200,10000,10000,0.5,752,41260912,41760912,1041760912,2041260912,3041260912,0.38608922237526727,1.5447697346355689,1.517563157827735,0.14569846900152061,2.386313533046046,-0.11450703202573968,0.09044746386126218,2.3029979379960874,4.440892098500626e-16,5.445405193427177e-07,5264,0.005,1,1,0.8998477458953857,1.0,-0.10015225410461426,0.10015225410461426,-0.6271268129348755,-1.0,0.3728731870651245,0.3728731870651245,0.23706663395135433,0.8075803376522527,0.8210122408129719,0.8165224194526672,dcb7e0e5fed8bf92b8f3fee9ead24584cc9ff9c8bc94a93b199221badfc91718
2,additive,8,1000,800,200,10000,10000,0.5,753,41260912,41760912,1041760912,2041260912,3041260912,0.38616300987527796,1.5253489827696254,1.4983966873965324,0.1466516239584239,2.326689519236331,-0.11407425519692663,0.09224304177431802,2.2451926328009018,4.440892098500626e-16,5.240634433079094e-07,5271,0.005,1,1,0.9013457894325256,1.0,-0.09865421056747437,0.09865421056747437,-0.6266513466835022,-1.0,0.3733486533164978,0.3733486533164978,0.24160673728775514,0.8206937938119068,0.816515278300602,0.832497239112854,02879d252ce7aea42798ca4b42afced297c4d485125ceaa3667ca4cbfc2edb28
2,additive,8,1000,800,200,10000,10000,0.5,754,41260912,41760912,1041760912,2041260912,3041260912,0.38666991991313737,1.5470361234594692,1.5406693014464847,0.14831782129958912,2.393320767288502,-0.08398834608424592,0.06608992046418558,2.3736618964195992,-4.440892098500626e-16,5.695738423128205e-07,5278,0.005,1,1,0.9033836126327515,1.0,-0.09661638736724854,0.09661638736724854,-0.6255952715873718,-1.0,0.3744047284126282,0.3744047284126282,0.2516722469953946,0.823130681598904,0.8272754953490586,0.8351116180419922,228b60f3dba2b00468fafc7467fa990abb18f30ed28cde3b333aa8d6211aea70
2,additive,8,1000,800,200,10000,10000,0.5,755,41260912,41760912,1041760912,2041260912,3041260912,0.38610118770939017,1.5429225482162334,1.5236060870679309,0.14939067800064829,2.3806099897940753,-0.10431257962213619,0.0824605154852076,2.3213755085504513,0.0,5.347874587613433e-07,5285,0.005,1,1,0.9060898423194885,1.0,-0.09391015768051147,0.09391015768051147,-0.6254936456680298,-1.0,0.3745063543319702,0.3745063543319702,0.24466322058531467,0.8088583439012047,0.8210220046534714,0.8165980577468872,1b45a4068e451701eb96e9b56f350557b5aaf8c8f6ab0900dca3f5d15b0f3e4f
2,additive,8,1000,800,200,10000,10000,0.5,756,41260912,41760912,1041760912,2041260912,3041260912,0.38614548643897983,1.5585172125275881,1.531145234231685,0.15021904096963634,2.428975901744763,-0.11739460720199929,0.0910319768838029,2.3444057283104014,4.440892098500626e-16,5.680970218691073e-07,5292,0.005,1,1,0.9074317216873169,1.0,-0.0925682783126831,0.0925682783126831,-0.6251140832901001,-1.0,0.3748859167098999,0.3748859167098999,0.24245585079965826,0.8119600787864889,0.8232031361636629,0.8229519128799438,ba7059252d8dfbfd2fbf6b80a5f73784cdd81d3d744fdfc87be0797c05ddaee9
2,additive,8,1000,800,200,10000,10000,0.5,757,41260912,41760912,1041760912,2041260912,3041260912,0.3863501585646744,1.559353464841438,1.5181825168901144,0.14948363323788755,2.431583228312998,-0.13809435348004148,0.10700563827863392,2.304878154590803,0.0,5.538447105379873e-07,5299,0.005,1,1,0.9058595895767212,1.0,-0.09414041042327881,0.09414041042327881,-0.6252947449684143,-1.0,0.3747052550315857,0.3747052550315857,0.2477809499005155,0.7989167704979033,0.819236495073344,0.810614287853241,5a625bdb0624ba2697c9cb160495bd3247aa1043e2284b8b13b07d80138e9853
2,additive,8,1000,800,200,10000,10000,0.5,758,41260912,41760912,1041760912,2041260912,3041260912,0.38679196058055676,1.5505692278658108,1.518693076245139,0.1473824949692241,2.4042649304043766,-0.1226093827693386,0.09610213507564563,2.3064286598349235,0.0,5.340949513765736e-07,5306,0.005,1,1,0.9016122221946716,1.0,-0.09838777780532837,0.09838777780532837,-0.625930666923523,-1.0,0.37406933307647705,0.37406933307647705,0.23380384926178152,0.8112694870241992,0.8195497819126975,0.8229268789291382,ad03719d060db6d7854f8ac7d9c7554942b65019e141421cad657b530f8828a4
2,additive,8,1000,800,200,10000,10000,0.5,759,41260912,41760912,1041760912,2041260912,3041260912,0.3866319738485025,1.523474165902581,1.5249271637463067,0.14716294978762307,2.320973534172565,-0.07136681461441631,0.05783052523894987,2.325402854731355,0.0,5.674776630826273e-07,5313,0.005,1,1,0.9014878273010254,1.0,-0.09851217269897461,0.09851217269897461,-0.6261288523674011,-1.0,0.3738711476325989,0.3738711476325989,0.23740218643276065,0.8133056031639511,0.8220039670138268,0.8229997158050537,785e3dea2f36329a507d8d7f649f4971ab8e8648fd1b621afbd475f62eee9c7f
2,additive,8,1000,800,200,10000,10000,0.5,760,41260912,41760912,1041760912,2041260912,3041260912,0.3848094671298509,1.559923664659891,1.5375308134141663,0.14402601935830817,2.433361839565944,-0.10669342836311223,0.0827919073132003,2.3640010021980276,0.0,5.334801311818183e-07,5320,0.005,1,1,0.8989802002906799,1.0,-0.10101979970932007,0.10101979970932007,-0.6286870241165161,-1.0,0.3713129758834839,0.3713129758834839,0.23976632489944713,0.8215073550896734,0.8233491140964628,0.8320866227149963,c561799081d1d3b82c26215ea698fcf612de14b101b65b72aee0fcd0ebfc0cc5
2,additive,8,1000,800,200,10000,10000,0.5,761,41260912,41760912,1041760912,2041260912,3041260912,0.38443456578165014,1.5443981092518273,1.523641494175326,0.1435051167729738,2.3851655198606188,-0.10359361693038623,0.08193523935430351,2.32148340277282,0.0,5.334921109323432e-07,5327,0.005,1,1,0.8986713886260986,1.0,-0.10132861137390137,0.10132861137390137,-0.6291598081588745,-1.0,0.3708401918411255,0.3708401918411255,0.23938212383213803,0.8246465790145107,0.8226607489408363,0.8333851099014282,8bd936e788c25ca7bcbf3da3f90b2a7a0f4c260b2d24be6df69e3bff7ecd4c17
2,additive,8,1000,800,200,10000,10000,0.5,762,41260912,41760912,1041760912,2041260912,3041260912,0.38511582393866833,1.5671085425658782,1.5312629662518236,0.14244971398390352,2.4558291841829507,-0.1267563131762603,0.09756944357720011,2.3447662718143336,0.0,5.230737176731282e-07,5334,0.005,1,1,0.8958508372306824,1.0,-0.10414916276931763,0.10414916276931763,-0.6292343735694885,-1.0,0.3707656264305115,0.3707656264305115,0.24174877701958372,0.8183893517239378,0.823876417690338,0.8261305093765259,f8777be3f913943eb94c8053fdc61eba028df9c42001ef3a176833d35a814b69
2,additive,8,1000,800,200,10000,10000,0.5,763,41260912,41760912,1041760912,2041260912,3041260912,0.38467262087804815,1.5499999680464813,1.5195043413594773,0.1441865988059747,2.402499900944093,-0.11889652816988437,0.09337350960281363,2.308893443410299,4.440892098500626e-16,5.392062085718408e-07,5341,0.005,1,1,0.899461567401886,1.0,-0.10053843259811401,0.10053843259811401,-0.6286981701850891,-1.0,0.3713018298149109,0.3713018298149109,0.24706891089584063,0.8101876099982889,0.8226985311465521,0.8213808536529541,c9e3c2fde94b6a6d29cc04e0fef9a449005a974900f6b5b99e41137dd80fcb6c
2,additive,8,1000,800,200,10000,10000,0.5,764,41260912,41760912,1041760912,2041260912,3041260912,0.38577931916159597,1.562676704056081,1.5674012400052517,0.1459045259599249,2.4419584813995763,-0.06555818009475024,0.050665881391953466,2.456746647170001,4.440892098500626e-16,5.460793204292713e-07,5348,0.005,1,1,0.9006721377372742,1.0,-0.09932786226272583,0.09932786226272583,-0.6272270679473877,-1.0,0.3727729320526123,0.3727729320526123,0.2565612036578434,0.8230259882132098,0.8334577082235781,0.8328684568405151,28e64b92ea519e490ef0523e95ce07662652de3e881a2f991e4bf132190dfea9
2,additive,8,1000,800,200,10000,10000,0.5,765,41260912,41760912,1041760912,2041260912,3041260912,0.3871508768413138,1.492993915151621,1.5311792507494588,0.14610013998320623,2.2290308306797657,-0.015310536368649073,0.012892372300947625,2.344509897925674,4.440892098500626e-16,5.69595028920844e-07,5355,0.005,1,1,0.8988975286483765,1.0,-0.10110247135162354,0.10110247135162354,-0.6262834072113037,-1.0,0.3737165927886963,0.3737165927886963,0.2842364385410139,0.8294186837650398,0.8299135488894044,0.8409572839736938,284db55ab3ba95785b84e672e0e106afea6e8216d52ca5125622bf0966b556ba
2,additive,8,1000,800,200,10000,10000,0.5,766,41260912,41760912,1041760912,2041260912,3041260912,0.3863765369341378,1.5399707856867169,1.5284710723081987,0.1445727532993149,2.371510020768564,-0.08992947759245198,0.07148371947005418,2.3362238188829747,-4.440892098500626e-16,5.637338098551936e-07,5362,0.005,1,1,0.8975095748901367,1.0,-0.10249042510986328,0.10249042510986328,-0.6274647116661072,-1.0,0.3725352883338928,0.3725352883338928,0.26648925762302467,0.8065971689673853,0.8250563372586323,0.8205784559249878,aa291dd3f06c7a9d6df176a8af5a364466abd5c580c045a76bf6a540a1b855ed
2,additive,8,1000,800,200,10000,10000,0.5,767,41260912,41760912,1041760912,2041260912,3041260912,0.38638012368074287,1.5578450423858035,1.5387069715935773,0.14645155644759522,2.426881176086026,-0.10285679405147166,0.0799405321753337,2.3676191444306776,0.0,5.651980092835629e-07,5369,0.005,1,1,0.9006732702255249,1.0,-0.0993267297744751,0.0993267297744751,-0.6266050338745117,-1.0,0.3733949661254883,0.3733949661254883,0.2417004531655906,0.8107583905167053,0.8254490502290908,0.8191260099411011,81b77a7acea1f13d62d84d7127948ea61ec56c1262747106741bd8d4a95e5e0b
2,additive,8,1000,800,200,10000,10000,0.5,768,41260912,41760912,1041760912,2041260912,3041260912,0.3870281843225527,1.5628582879393984,1.5493178801480325,0.14760809351630821,2.442526028180868,-0.09487411397539126,0.07325807044557626,2.4003858937463933,0.0,5.370490185896415e-07,5376,0.005,1,1,0.9016290307044983,1.0,-0.09837096929550171,0.09837096929550171,-0.62568199634552,-1.0,0.37431800365448,0.37431800365448,0.2416831173006596,0.8152856911360739,0.8274749409896401,0.8264818787574768,8ed586e244296d21c9b24bb183957b19dc3344c890b81084f861865c8de30a05
2,additive,8,1000,800,200,10000,10000,0.5,769,41260912,41760912,1041760912,2041260912,3041260912,0.38742857547759246,1.5207969270586434,1.5168417679224473,0.147222849350208,2.312823293351013,-0.07961859689356261,0.06472935243900625,2.3008089489140957,-4.440892098500626e-16,5.275188179609813e-07,5383,0.005,1,1,0.9003623127937317,1.0,-0.09963768720626831,0.09963768720626831,-0.6256028413772583,-1.0,0.3743971586227417,0.3743971586227417,0.24801210433523252,0.8139123494069641,0.8235106879459155,0.8249539136886597,4ff95f4aa6516a8b04b7dc337653debbc519c9a4b256840154b19d9c0c6e76e1
2,additive,8,1000,800,200,10000,10000,0.5,770,41260912,41760912,1041760912,2041260912,3041260912,0.38607379127187524,1.5318681734303419,1.5236211153815202,0.14611374803668586,2.346620100768812,-0.08565627278453526,0.06872476403815128,2.3214213032364275,0.0,5.275236389934435e-07,5390,0.005,1,1,0.9005733132362366,1.0,-0.09942668676376343,0.09942668676376343,-0.6269486546516418,-1.0,0.37305134534835815,0.37305134534835815,0.23793040138204216,0.8138150228827888,0.8232088736607897,0.8237627744674683,1f6fc9edd0ae3a3b1944f89ea80a07612a882c0037a11511c0279d5f89b33799
2,additive,8,1000,800,200,10000,10000,0.5,771,41260912,41760912,1041760912,2041260912,3041260912,0.3862573510080709,1.5332330424180156,1.5390101659095792,0.14861202125248424,2.350803562362404,-0.06543164642092913,0.05235755658232376,2.3685522907730303,4.440892098500626e-16,5.250436085901811e-07,5397,0.005,1,1,0.9045228362083435,1.0,-0.0954771637916565,0.0954771637916565,-0.6257289052009583,-1.0,0.37427109479904175,0.37427109479904175,0.24855679441700637,0.8118290045220081,0.8290204428918554,0.8228409290313721,0c21cec9144693f61fa4609c73f1c000af4fa492039a34a82f1b238f594b3513
2,additive,8,1000,800,200,10000,10000,0.5,772,41260912,41760912,1041760912,2041260912,3041260912,0.3873640456326305,1.5615626409745458,1.5598909577974704,0.1510849046061011,2.438477881687398,-0.07815149303759453,0.06035883234903492,2.43325980021831,0.0,5.651038819109999e-07,5404,0.005,1,1,0.9069973230361938,1.0,-0.09300267696380615,0.09300267696380615,-0.6239662170410156,-1.0,0.3760337829589844,0.3760337829589844,0.24903698214398873,0.8342078024458317,0.8330544425460599,0.843712568283081,bbf48c970e54427b341f523730e0524fcbbe247175c467d2436842084febf7bc
2,additive,8,1000,800,200,10000,10000,0.5,773,41260912,41760912,1041760912,2041260912,3041260912,0.3865573523731744,1.5962880965518849,1.5700229764743159,0.15134170586254037,2.5481356871932395,-0.11725262319925454,0.08687060947491457,2.4649721466572703,-4.440892098500626e-16,5.371343920756999e-07,5411,0.005,1,1,0.908700168132782,1.0,-0.09129983186721802,0.09129983186721802,-0.6243792772293091,-1.0,0.3756207227706909,0.3756207227706909,0.24238423092485425,0.820222631621317,0.8355142720695687,0.8312523365020752,ca373d9a9976c7a97a401a6cc63188fc37ef84a2bb9238871be3a53588faad46
2,additive,8,1000,800,200,10000,10000,0.5,774,41260912,41760912,1041760912,2041260912,3041260912,0.3863438432755459,1.5992352873105904,1.5436911227312822,0.15269124023451017,2.5575535041793866,-0.16363123100726515,0.12075015095557444,2.3829822823993667,4.440892098500626e-16,5.095129971266488e-07,5418,0.005,1,1,0.9113442301750183,1.0,-0.08865576982498169,0.08865576982498169,-0.6239657998085022,-1.0,0.3760342001914978,0.3760342001914978,0.2692807418329308,0.8324941590481246,0.8312457059701017,0.8416028618812561,3265ed7189c3e0caed3679a72ee5d31b70bcc3fa13ada4e23f2503febad1caaa
2,additive,8,1000,800,200,10000,10000,0.5,775,41260912,41760912,1041760912,2041260912,3041260912,0.3876415519654764,1.5764000290077962,1.525903573981561,0.1537679151912072,2.4850370514557807,-0.15521162477864323,0.117637814647487,2.328381717089701,0.0,5.708958568106937e-07,5425,0.005,1,1,0.911130428314209,1.0,-0.08886957168579102,0.08886957168579102,-0.6226829290390015,-1.0,0.37731707096099854,0.37731707096099854,0.25516414672466725,0.8123701172145655,0.825133231285346,0.8250038623809814,669e211598390b76a57853f09f2ef38ba6cf8a7099daec4a4a927e5f2df60ba0
2,additive,8,1000,800,200,10000,10000,0.5,776,41260912,41760912,1041760912,2041260912,3041260912,0.38660328360486346,1.5717076767114886,1.5277749225261035,0.15240245975860456,2.4702650210338253,-0.14428563344639417,0.11002968123339736,2.3340962138996413,0.0,5.534489098124595e-07,5432,0.005,1,1,0.9104396104812622,1.0,-0.08956038951873779,0.08956038951873779,-0.6239135265350342,-1.0,0.3760864734649658,0.3760864734649658,0.24310151932073742,0.8194007101908451,0.8266545188040177,0.8282390832901001,152c2d2e83adb034bb82dda5dc900f35b559dd8fb61868ee2d8a679a3e351ba5
2,additive,8,1000,800,200,10000,10000,0.5,777,41260912,41760912,1041760912,2041260912,3041260912,0.38656602002313895,1.6186541389787679,1.5802171787460255,0.15205960499601176,2.6200412216330964,-0.13750724731253003,0.09920796963199906,2.497086332004048,0.0,5.531000688563381e-07,5439,0.005,1,1,0.9099123477935791,1.0,-0.0900876522064209,0.0900876522064209,-0.6240777969360352,-1.0,0.37592220306396484,0.37592220306396484,0.26630245598463204,0.8256355128540843,0.8373658282106884,0.8346971273422241,471d425910425c3c32f7eba4a45eeca2c69696c00e3d580347e04dcea52a7569
2,additive,8,1000,800,200,10000,10000,0.5,778,41260912,41760912,1041760912,2041260912,3041260912,0.38627599724522765,1.5431080276663698,1.532704864561786,0.15126856678919984,2.381182385048394,-0.09163337499311557,0.07236734431253222,2.349184201851363,0.0,5.612921114561686e-07,5446,0.005,1,1,0.90901780128479,1.0,-0.09098219871520996,0.09098219871520996,-0.6245917081832886,-1.0,0.3754082918167114,0.3754082918167114,0.24713300821499629,0.8170825799492821,0.8296654596875381,0.8285114765167236,d065f2fd2c3ac8fe3f164cd98f3e3db5c5067ab203739c61e3113968f0b56246
2,additive,8,1000,800,200,10000,10000,0.5,779,41260912,41760912,1041760912,2041260912,3041260912,0.38624017319489784,1.5363215713183993,1.549941191703108,0.1505561294026793,2.3602839704982355,-0.054261201081432,0.043221550495050096,2.4023176977380505,0.0,5.605673116804155e-07,5453,0.005,1,1,0.90785813331604,1.0,-0.09214186668395996,0.09214186668395996,-0.6249115467071533,-1.0,0.3750884532928467,0.3750884532928467,0.25866746209041613,0.8144766545041168,0.8324510804233579,0.8258973956108093,b432b79dfe3c4be9b00bcd6a7a7c9cba1b5a46ddc0334ec9a3d2ca79d888e7ab
2,additive,8,1000,800,200,10000,10000,0.5,780,41260912,41760912,1041760912,2041260912,3041260912,0.3854714340102786,1.5441162923472396,1.5088468393077148,0.14784173566174677,2.384295124292186,-0.1277590377325261,0.1009100572350978,2.276618784488881,4.440892098500626e-16,5.427938418733902e-07,5460,0.005,1,1,0.9044344425201416,1.0,-0.0955655574798584,0.0955655574798584,-0.6265626549720764,-1.0,0.3734373450279236,0.3734373450279236,0.23988010644617738,0.8046545041987515,0.820844107293784,0.8163540959358215,883e5c5747723068e7ad27026fce6d0938792c53041e31549beb4a6d571f3ec2
2,additive,8,1000,800,200,10000,10000,0.5,781,41260912,41760912,1041760912,2041260912,3041260912,0.3846604676290459,1.6481284981854514,1.5871933024679326,0.1479010021181722,2.7163275465310317,-0.17252298462507096,0.12046733121659188,2.5191825793990623,0.0,5.64588603424454e-07,5467,0.005,1,1,0.9057966470718384,1.0,-0.09420335292816162,0.09420335292816162,-0.6270530819892883,-1.0,0.37294691801071167,0.37294691801071167,0.2762709489930343,0.8239922649434257,0.8383286147121318,0.8332287073135376,ea1df5cec44834e13f87a4bd28d8ce76171d469bf67bed8a22375fc1da0c5156
2,additive,8,1000,800,200,10000,10000,0.5,782,41260912,41760912,1041760912,2041260912,3041260912,0.3858085073382701,1.6090785005169848,1.555893328677692,0.1492392433520585,2.5891336208259883,-0.15878440697714927,0.11596989515509983,2.4208040502237482,0.0,5.657327157848613e-07,5474,0.005,1,1,0.906288743019104,1.0,-0.093711256980896,0.093711256980896,-0.6257455348968506,-1.0,0.3742544651031494,0.3742544651031494,0.2694587845450221,0.81488848590276,0.8317764394000143,0.8205690383911133,7399a8e5cd19fb251f04e30747e8ff5eb640ac3c1890cad6b6107f36f669e8d1
2,additive,8,1000,800,200,10000,10000,0.5,783,41260912,41760912,1041760912,2041260912,3041260912,0.3843323756854771,1.5926903747234573,1.5465663312806948,0.14797703364642903,2.536662629736747,-0.14638612316607427,0.10905457828303024,2.3918674170510275,0.0,5.564543528180366e-07,5481,0.005,1,1,0.9064379930496216,1.0,-0.09356200695037842,0.09356200695037842,-0.6272299289703369,-1.0,0.3727700710296631,0.3727700710296631,0.2477301293121264,0.8165646637975308,0.8309566189146189,0.8256863355636597,e49392b44f2daef87a6a9aa8b582943b8035d78719f88985ec927c153ee3b060
2,additive,8,1000,800,200,10000,10000,0.5,784,41260912,41760912,1041760912,2041260912,3041260912,0.38277352785180685,1.6384747713531478,1.565930915692327,0.1483801472416731,2.68459957636075,-0.19042004544070681,0.13443092716425678,2.4521396327210097,0.0,5.663798194888159e-07,5488,0.005,1,1,0.9095710515975952,1.0,-0.09042894840240479,0.09042894840240479,-0.6280615925788879,-1.0,0.37193840742111206,0.37193840742111206,0.27991814845830354,0.8222364006512675,0.8352660448605868,0.8295194506645203,95bbb8bcacc6ffa146d3aeb4759b686558829702228ead7eb786c52d2000319c
2,additive,8,1000,800,200,10000,10000,0.5,785,41260912,41760912,1041760912,2041260912,3041260912,0.38342772581577517,1.59744531776764,1.5449141291464445,0.15187832841991575,2.5518315432577565,-0.15847510262067768,0.1172278906703423,2.386759666436317,0.0,5.296495864115514e-07,5495,0.005,1,1,0.9145786166191101,1.0,-0.08542138338088989,0.08542138338088989,-0.6262086033821106,-1.0,0.3737913966178894,0.3737913966178894,0.25276104912467523,0.8110034404973041,0.8289472824357664,0.8193875551223755,208c3072dddecf82e4f4d42ef2adedcb540d0a6e572416862d0e1d10c7175218
2,additive,8,1000,800,200,10000,10000,0.5,786,41260912,41760912,1041760912,2041260912,3041260912,0.382311064301201,1.6038154966141602,1.5630166593297412,0.15160278233048982,2.5722241471797256,-0.14040292608395546,0.10309239883255138,2.4430210773423044,0.0,5.471374695531495e-07,5502,0.005,1,1,0.915884256362915,1.0,-0.08411574363708496,0.08411574363708496,-0.6270572543144226,-1.0,0.3729427456855774,0.3729427456855774,0.25591603393535023,0.8333191465568203,0.8310878139718246,0.842056155204773,40aac61c355988f061d5b59618886f52b3e8016fbb965df5b2d439c850fc9a6c
2,additive,8,1000,800,200,10000,10000,0.5,787,41260912,41760912,1041760912,2041260912,3041260912,0.3825805713082724,1.5803507930855263,1.5682636312613822,0.14985608291541636,2.497508629206052,-0.09395694749216571,0.07098149118779574,2.4594508171371365,-4.440892098500626e-16,5.681412762470472e-07,5509,0.005,1,1,0.9124240875244141,1.0,-0.08757591247558594,0.08757591247558594,-0.6275777220726013,-1.0,0.3724222779273987,0.3724222779273987,0.23500641823679844,0.825554945199982,0.8337772033925168,0.8327248692512512,f647f422eebd2f9d352c2d7c279b2b0ae69946dfa3a5767783bb97bb78d8c5b9
2,additive,8,1000,800,200,10000,10000,0.5,788,41260912,41760912,1041760912,2041260912,3041260912,0.381445049085249,1.5696564913699484,1.5438736611466843,0.1453065765582438,2.463821500899817,-0.1127910979377971,0.08645884340617242,2.383545881582467,0.0,5.527968447438525e-07,5516,0.005,1,1,0.906356692314148,1.0,-0.09364330768585205,0.09364330768585205,-0.6302281022071838,-1.0,0.36977189779281616,0.36977189779281616,0.23405696434929987,0.8225782083045768,0.8278347189523709,0.8325517177581787,33a47a6a3c6bd5303f5d8789125162a58014f86bb7ad85178c33ce9fcf2c45b4
2,additive,8,1000,800,200,10000,10000,0.5,789,41260912,41760912,1041760912,2041260912,3041260912,0.3822046810520436,1.5608900665483532,1.5529183906121136,0.1438780017375362,2.436377799849322,-0.08435013684277053,0.06538122056805,2.4115555279013168,-4.440892098500626e-16,5.303876999818158e-07,5523,0.005,1,1,0.9027288556098938,1.0,-0.0972711443901062,0.0972711443901062,-0.6303802728652954,-1.0,0.3696197271347046,0.3696197271347046,0.22659371983085116,0.8238147709789294,0.8302351692944335,0.8341475129127502,9e489ef8b2ae6c6a55432d7e3a77637f2ff3243e74059e4e2604cc001371e457
2,additive,8,1000,800,200,10000,10000,0.5,790,41260912,41760912,1041760912,2041260912,3041260912,0.38354434215184313,1.5585409351481119,1.575780810342577,0.1447397629633495,2.4290498465323513,-0.04535222362589597,0.035241593530857505,2.483085162243909,0.0,5.555592927919406e-07,5530,0.005,1,1,0.9021346569061279,1.0,-0.09786534309387207,0.09786534309387207,-0.629151463508606,-1.0,0.37084853649139404,0.37084853649139404,0.2595993774896029,0.8323076351959451,0.8391183735131195,0.8458231687545776,4ca88396a92a998b80478eb26ab85944d60e283c60778deb10dfc45a641e797d
2,additive,8,1000,800,200,10000,10000,0.5,791,41260912,41760912,1041760912,2041260912,3041260912,0.3836154411062099,1.5425977351795015,1.5449923470006437,0.14612792628878787,2.3796077725809273,-0.0693671732895789,0.05492829144444624,2.3870013522905573,0.0,5.615424836236116e-07,5537,0.005,1,1,0.9043929576873779,1.0,-0.09560704231262207,0.09560704231262207,-0.6284894347190857,-1.0,0.3715105652809143,0.3715105652809143,0.24748137896036496,0.8146000994239411,0.8307975916819709,0.8264410495758057,db76a494c2c374c5626b71f2dae1e65f73453295042ef3621934671a2a088443
2,additive,8,1000,800,200,10000,10000,0.5,792,41260912,41760912,1041760912,2041260912,3041260912,0.3843691061177875,1.5301280037306588,1.549651437234818,0.14946543166622672,2.341291707800771,-0.04466878127153045,0.03586763282837701,2.401419576923937,4.440892098500626e-16,5.603734969383822e-07,5544,0.005,1,1,0.9089293479919434,1.0,-0.09107065200805664,0.09107065200805664,-0.6265756487846375,-1.0,0.37342435121536255,0.37342435121536255,0.2575690615727798,0.8261648103427356,0.832702359358846,0.8405341506004333,682895e7b3a1d98e7319572cde453d6b1608f142692fb5b43425dded5ea2766e
2,additive,8,1000,800,200,10000,10000,0.5,793,41260912,41760912,1041760912,2041260912,3041260912,0.38487894899520303,1.5527934839556363,1.5483191488667545,0.15131880677634849,2.4111676038150827,-0.08259711192198035,0.06446638045031945,2.397292186747471,4.440892098500626e-16,5.389157351487484e-07,5551,0.005,1,1,0.9113078117370605,1.0,-0.08869218826293945,0.08869218826293945,-0.6254796385765076,-1.0,0.37452036142349243,0.37452036142349243,0.25219350677466823,0.8233334817265738,0.8302525560064038,0.8339343070983887,0567b4ca9a3723059eba83a7e9673c906579f29d01fe755ba1289049315abd35
2,additive,8,1000,800,200,10000,10000,0.5,794,41260912,41760912,1041760912,2041260912,3041260912,0.3833870356515109,1.5671065708917293,1.541215002985502,0.1491835471242397,2.4558230045320344,-0.1148314331143363,0.08816210695618097,2.3753436854276013,0.0,5.480545635094813e-07,5558,0.005,1,1,0.9099894762039185,1.0,-0.09001052379608154,0.09001052379608154,-0.6273289322853088,-1.0,0.37267106771469116,0.37267106771469116,0.24052258642211563,0.8330357509468785,0.8316525740466019,0.8413095474243164,7615d0cdce976e68d28b0b6bf48b513e31ea7fc6d25bfb5a692a624c6b1a5ca0
2,additive,8,1000,800,200,10000,10000,0.5,795,41260912,41760912,1041760912,2041260912,3041260912,0.3824518463742526,1.5680385168795155,1.5500389727282788,0.14692508672900534,2.4587447904177107,-0.10152453008508916,0.0779258577423948,2.4026208169765377,0.0,5.32359401006488e-07,5565,0.005,1,1,0.9075706601142883,1.0,-0.09242933988571167,0.09242933988571167,-0.6288851499557495,-1.0,0.3711148500442505,0.3711148500442505,0.24049929294759115,0.8144881693978473,0.829253340785736,0.8267138004302979,39ac4b18bb899129c0a7f6243aaa54c372a0e80f0f94a0f1be8fc521801f7c56
2,additive,8,1000,800,200,10000,10000,0.5,796,41260912,41760912,1041760912,2041260912,3041260912,0.38115606690984,1.5670074465636568,1.558394245007076,0.14638194374631822,2.4555123375859513,-0.08665082923054732,0.0666059569385569,2.4285926228711747,-4.440892098500626e-16,5.328632148859924e-07,5572,0.005,1,1,0.9086620211601257,1.0,-0.09133797883987427,0.09133797883987427,-0.6299495697021484,-1.0,0.37005043029785156,0.37005043029785156,0.2337332033354732,0.8166269876863437,0.8357610962596973,0.8258906602859497,022f675f4e264518214fa7e27452241981bd85fd97292110f34362aae19f084b
2,additive,8,1000,800,200,10000,10000,0.5,797,41260912,41760912,1041760912,2041260912,3041260912,0.37958305597638736,1.578662698179083,1.5362285872012211,0.14356183151113328,2.4921759146220626,-0.1378697369994679,0.104615671420066,2.35999827213426,0.0,5.32679544917869e-07,5579,0.005,1,1,0.9062439799308777,1.0,-0.09375602006912231,0.09375602006912231,-0.6321778893470764,-1.0,0.3678221106529236,0.3678221106529236,0.24323435016049977,0.8079883693013437,0.8293667328637626,0.8137054443359375,67f969465423bdacff0b8a06b7d1cd8d6497f9f4afb08da20125e502380a5744
2,additive,8,1000,800,200,10000,10000,0.5,798,41260912,41760912,1041760912,2041260912,3041260912,0.3798950401462898,1.5898254959561255,1.5619128248126122,0.14309839675002517,2.5275451075921405,-0.11553591601402613,0.08652290418109175,2.4395716723141136,4.440892098500626e-16,5.565999039447433e-07,5586,0.005,1,1,0.9049599170684814,1.0,-0.09504008293151855,0.09504008293151855,-0.6321853399276733,-1.0,0.36781466007232666,0.36781466007232666,0.24299053039197166,0.8187860529310045,0.8334289650867424,0.8286411762237549,0564845549bce6ddc2e3c8edf5bcab2bb5f673d6648104ab0b490d4bacca1df5
2,additive,8,1000,800,200,10000,10000,0.5,799,41260912,41760912,1041760912,2041260912,3041260912,0.37995988395768265,1.5901311931300757,1.5646147497699243,0.14109558685856105,2.528517211365278,-0.11079674151311833,0.08300585132558115,2.4480193151976026,4.440892098500626e-16,5.248736059115799e-07,5593,0.005,1,1,0.9014144539833069,1.0,-0.09858554601669312,0.09858554601669312,-0.6330525875091553,-1.0,0.3669474124908447,0.3669474124908447,0.24055175458465533,0.8114366099252988,0.8365210927682034,0.819075345993042,bdc182a5c5a3a02d06a65d326ebd2ad77c719b434446f5c66d25544ebfa51b07
2,additive,8,1000,800,200,10000,10000,0.5,800,41260912,41760912,1041760912,2041260912,3041260912,0.3811740440229397,1.5601246252555798,1.559744843124498,0.14006979193388028,2.4339888463288633,-0.07062733130463945,0.05487624116621252,2.432803975653465,4.440892098500626e-16,5.341169391215317e-07,5600,0.005,1,1,0.8978049159049988,1.0,-0.10219508409500122,0.10219508409500122,-0.6327809691429138,-1.0,0.3672190308570862,0.3672190308570862,0.2393312097171831,0.8067487443750084,0.8308889770538183,0.81602942943573,bfe79a7d73c8a8cc02453cdee5c53524ea1c46d0c060d77959ccaebf3d15c4b3
2,additive,8,1000,800,200,10000,10000,0.5,801,41260912,41760912,1041760912,2041260912,3041260912,0.379123386933989,1.5539584128582877,1.5331222849469517,0.13640855812971547,2.414786748893049,-0.10036568321090139,0.07868130121956658,2.350463940600962,4.440892098500626e-16,5.33426323556796e-07,5607,0.005,1,1,0.8946629166603088,1.0,-0.10533708333969116,0.10533708333969116,-0.6358041167259216,-1.0,0.36419588327407837,0.36419588327407837,0.24066302566706532,0.8086708768685866,0.8272486304596878,0.8186014890670776,df429c8878748abba6f7e8cc207b1af03cc80283297156db6f28338b81889bac
2,additive,8,1000,800,200,10000,10000,0.5,802,41260912,41760912,1041760912,2041260912,3041260912,0.37773969780186945,1.5865885639178527,1.5665361357052687,0.1370053800246108,2.5172632711549143,-0.10011659335456458,0.07543817639565156,2.454035464470396,4.440892098500626e-16,5.407577656768581e-07,5614,0.005,1,1,0.8977770209312439,1.0,-0.1022229790687561,0.1022229790687561,-0.636354923248291,-1.0,0.363645076751709,0.363645076751709,0.24478984590092284,0.8104566449593914,0.8329367289562277,0.8166790008544922,bc455c3329bc408924f56f85a2e25c28577e22420d55e4a978a80e3de7934e6f
2,additive,8,1000,800,200,10000,10000,0.5,803,41260912,41760912,1041760912,2041260912,3041260912,0.37802910563703723,1.5884646050849764,1.5638705555475743,0.13898009164259828,2.52321980160777,-0.10825438937084504,0.08132701803896,2.4456911145086786,4.440892098500626e-16,5.603556445521463e-07,5621,0.005,1,1,0.9007340669631958,1.0,-0.0992659330368042,0.0992659330368042,-0.6352366805076599,-1.0,0.3647633194923401,0.3647633194923401,0.2570404400484911,0.8268677652996097,0.8319698651177417,0.8368847370147705,f579828a637a7302569922039520eee2fefbf888d21cac869b7840fde654defd
2,additive,8,1000,800,200,10000,10000,0.5,804,41260912,41760912,1041760912,2041260912,3041260912,0.3789005875620796,1.612575933955787,1.5700338495973352,0.14020197560001493,2.600401142773379,-0.13779841474598342,0.10056064945862699,2.465006288881428,8.881784197001252e-16,5.667243261342492e-07,5628,0.005,1,1,0.9015034437179565,1.0,-0.09849655628204346,0.09849655628204346,-0.6341255903244019,-1.0,0.36587440967559814,0.36587440967559814,0.26264285235416696,0.8080641846394871,0.8316755233527183,0.8184117078781128,9669d5f183fab94e2abd89570d8e225da77adfef11b038c14aa4e5245110fab9
2,additive,8,1000,800,200,10000,10000,0.5,805,41260912,41760912,1041760912,2041260912,3041260912,0.3799974418030157,1.567742690837006,1.541387244367721,0.14262447736283904,2.4578171446728563,-0.1122834924680897,0.08635724910462798,2.3758746370995163,4.440892098500626e-16,5.356625862873443e-07,5635,0.005,1,1,0.9039849638938904,1.0,-0.09601503610610962,0.09601503610610962,-0.6323328018188477,-1.0,0.36766719818115234,0.36766719818115234,0.25287254967370904,0.8330459630561531,0.8300172167797295,0.8412795066833496,8116bbd03378bda24c527072f330438a23681ea693009f76ecc9fd836833adfc
2,additive,8,1000,800,200,10000,10000,0.5,806,41260912,41760912,1041760912,2041260912,3041260912,0.37962760598342443,1.5486110088723342,1.528596632420561,0.14200319335849382,2.3981960568005887,-0.10179579275580138,0.08014788032822726,2.33660766464748,0.0,5.622884877709566e-07,5642,0.005,1,1,0.9034861326217651,1.0,-0.09651386737823486,0.09651386737823486,-0.6328458189964294,-1.0,0.36715418100357056,0.36715418100357056,0.242391177778469,0.8314268851239125,0.8268460372140555,0.841222882270813,a1a1801ee64050105c5ea84f649da5a8339d510857bb240c5e1eb94db90987bc
2,additive,8,1000,800,200,10000,10000,0.5,807,41260912,41760912,1041760912,2041260912,3041260912,0.3794644160850868,1.5816060421337568,1.5853632331086935,0.14208890568430974,2.5014776725140067,-0.06509499865273335,0.049247860212469394,2.5133765808928494,0.0,5.26192756922228e-07,5649,0.005,1,1,0.9038856625556946,1.0,-0.09611433744430542,0.09611433744430542,-0.6329097151756287,-1.0,0.36709028482437134,0.36709028482437134,0.2554801074674497,0.8213518180150632,0.8406194039500978,0.8300253748893738,0493cd28ec02c5b2db90a97bfde585cea48fb89cd34b7dfc83c894cbf07bf50b
2,additive,8,1000,800,200,10000,10000,0.5,808,41260912,41760912,1041760912,2041260912,3041260912,0.3802755427984677,1.5925156057492489,1.5575574876035878,0.14297006917907912,2.5361059545548974,-0.1265453482719879,0.09446939702413869,2.4259853271900007,0.0,5.558313578291063e-07,5656,0.005,1,1,0.9041500091552734,1.0,-0.09584999084472656,0.09584999084472656,-0.6320023536682129,-1.0,0.3679976463317871,0.3679976463317871,0.24013924169341855,0.8305368035158395,0.8340357909002394,0.8374885320663452,03e08481191a7afd85149dfdf3d40b3fd9128023428423e13187b2635b6581b1
2,additive,8,1000,800,200,10000,10000,0.5,809,41260912,41760912,1041760912,2041260912,3041260912,0.3815741819313257,1.6008554160473958,1.5623674119945552,0.1441006470946389,2.562738063088281,-0.1329233900601777,0.09821301103765813,2.440991930062564,-4.440892098500626e-16,5.380070913219015e-07,5663,0.005,1,1,0.9040841460227966,1.0,-0.09591585397720337,0.09591585397720337,-0.6306776404380798,-1.0,0.36932235956192017,0.36932235956192017,0.24654897455346114,0.8143397023922406,0.8337194398725358,0.8257264494895935,8328e68b00957a262a0a24001663ae0ea702d65593662d04623eee16d9a82e92
2,additive,8,1000,800,200,10000,10000,0.5,810,41260912,41760912,1041760912,2041260912,3041260912,0.3847400751872349,1.5501787084211716,1.5711432825146217,0.1489463400197803,2.4030540280423316,-0.04175457693564596,0.03272301795736239,2.46849121419082,0.0,5.382323582381332e-07,5670,0.005,1,1,0.9074586033821106,1.0,-0.0925413966178894,0.0925413966178894,-0.6265552043914795,-1.0,0.3734447956085205,0.3734447956085205,0.25460295068679983,0.8314008107891665,0.8378003995223103,0.8407167196273804,677443a9f7e38c5e73d8e562002453817b7662f55c71e8cbcf9ef34fcc93513f
2,additive,8,1000,800,200,10000,10000,0.5,811,41260912,41760912,1041760912,2041260912,3041260912,0.3828527432943807,1.6090671021241438,1.6076246651663826,0.14681816364055209,2.58909693913819,-0.07572901936370911,0.055359188073339456,2.584457064051324,0.0,5.357704928599105e-07,5677,0.005,1,1,0.9067609906196594,1.0,-0.09323900938034058,0.09323900938034058,-0.6286743879318237,-1.0,0.37132561206817627,0.37132561206817627,0.23959874011070806,0.8242506273142208,0.8432361882797875,0.8352569937705994,455abec0b7156419b22759d197b488121f9d6f97172ee52bbc0b9b6753f9764c
2,additive,8,1000,800,200,10000,10000,0.5,812,41260912,41760912,1041760912,2041260912,3041260912,0.38096565847496855,1.5485880853724385,1.5416671749049575,0.1460229592142336,2.3981250581574747,-0.08370516959613748,0.06580212238013657,2.376737678179433,-4.440892098500626e-16,5.397002258433758e-07,5684,0.005,1,1,0.9083400368690491,1.0,-0.09165996313095093,0.09165996313095093,-0.6302253603935242,-1.0,0.36977463960647583,0.36977463960647583,0.24322630695439712,0.8126838731734245,0.8304806821978129,0.8233604431152344,a49fc321124b99ee5c49184c184edaa35bbc91287324f5ed4d44ad592e1c06b6
2,additive,8,1000,800,200,10000,10000,0.5,813,41260912,41760912,1041760912,2041260912,3041260912,0.3813860699069518,1.6000293658478435,1.5556079460304648,0.14748288378601593,2.5600939715754523,-0.14383038680417357,0.10624288394204924,2.4199160817531213,0.0,5.51984491892199e-07,5691,0.005,1,1,0.9102040529251099,1.0,-0.08979594707489014,0.08979594707489014,-0.6293357014656067,-1.0,0.3706642985343933,0.3706642985343933,0.25744278750187616,0.8035987333939194,0.832108708962241,0.8119006156921387,ec7ea69c452a2d5bd5aaf8c17484af0e817b5a582ac3a58a83f0193c2e8477c5
2,additive,8,1000,800,200,10000,10000,0.5,814,41260912,41760912,1041760912,2041260912,3041260912,0.3826162551872039,1.557112799200934,1.575794831998477,0.15064543925073823,2.424600269435368,-0.046058178066498985,0.03576992899058003,2.483129352553108,-4.440892098500626e-16,5.371465778836182e-07,5698,0.005,1,1,0.9137346148490906,1.0,-0.08626538515090942,0.08626538515090942,-0.6272353529930115,-1.0,0.3727646470069885,0.3727646470069885,0.25593753397221475,0.8342709495985221,0.8392386713011836,0.8409895896911621,eb7fd27bad141765990d6c60dc94725d71eb8da7092caab0109903c4ec38624d
2,additive,8,1000,800,200,10000,10000,0.5,815,41260912,41760912,1041760912,2041260912,3041260912,0.3836831445380404,1.5654980731613448,1.608044934949865,0.15140506543737425,2.450784217071883,-0.008190384845671321,0.006294995449196101,2.585808512817915,0.0,5.388829098507131e-07,5705,0.005,1,1,0.913352906703949,1.0,-0.08664709329605103,0.08664709329605103,-0.6262286305427551,-1.0,0.3737713694572449,0.3737713694572449,0.28743074929185974,0.8415074934784894,0.8472276474161412,0.8539472818374634,b50a7022622d5cd1a4e8dd66aa3b6ca9885dcf31cdec288f6412cc3091b84600
2,additive,8,1000,800,200,10000,10000,0.5,816,41260912,41760912,1041760912,2041260912,3041260912,0.3823398044375044,1.5485981007815153,1.5627113180119054,0.1490498200613566,2.398156077744116,-0.05256961718148327,0.04127629982858806,2.4420666634425063,0.0,5.341284659010626e-07,5712,0.005,1,1,0.911410391330719,1.0,-0.088589608669281,0.088589608669281,-0.6280650496482849,-1.0,0.3719349503517151,0.3719349503517151,0.2652795571714177,0.8258367240048698,0.8364878338404238,0.8345800638198853,639500052a8c3a39390fbdbb1ab9751fb4f3895ed50f8ea69bdec0c23a1f8c67
2,additive,8,1000,800,200,10000,10000,0.5,817,41260912,41760912,1041760912,2041260912,3041260912,0.3818138111195539,1.5704275564786367,1.5935043872106034,0.1503699196923064,2.4662427101474615,-0.03867819889016387,0.029563565083405095,2.5392562320594405,4.440892098500626e-16,5.668430134164737e-07,5719,0.005,1,1,0.9145337343215942,1.0,-0.08546626567840576,0.08546626567840576,-0.6278746128082275,-1.0,0.37212538719177246,0.37212538719177246,0.2669165587340321,0.8332043737402702,0.8427663992074748,0.8419539332389832,64a73d1eeb73f6b98c7dd1da9a3eb94819a3554992d13e55e3ec58815d9f1c8b
2,additive,8,1000,800,200,10000,10000,0.5,818,41260912,41760912,1041760912,2041260912,3041260912,0.3811133609632492,1.5646468934364204,1.5793007638684224,0.15087858204826896,2.4481199011402413,-0.05240379021656359,0.040326141439123456,2.4941909027553826,-4.440892098500626e-16,5.365051602979065e-07,5726,0.005,1,1,0.9165392518043518,1.0,-0.0834607481956482,0.0834607481956482,-0.6281375288963318,-1.0,0.3718624711036682,0.3718624711036682,0.241965058780331,0.8288749665010906,0.8399842138555489,0.836968719959259,2edda4bbd6d3272c4e40e28ac96f44a478c85c644416ef2c377da1deb8c1b049
2,additive,8,1000,800,200,10000,10000,0.5,819,41260912,41760912,1041760912,2041260912,3041260912,0.3818471391210237,1.5708454704510741,1.609644204512584,0.15184270201188885,2.4675554920366567,-0.014221864463797954,0.010858879338094542,2.5909544651209497,0.0,5.530203281978174e-07,5733,0.005,1,1,0.9170458316802979,1.0,-0.08295416831970215,0.08295416831970215,-0.6272724270820618,-1.0,0.37272757291793823,0.37272757291793823,0.28964164854282615,0.8359318419844607,0.8518532523008944,0.8480486273765564,09eb7945728c70997b363e5ade1c2c0089a0f0ead4418f2f79977a93b2fe3ece
2,additive,8,1000,800,200,10000,10000,0.5,820,41260912,41760912,1041760912,2041260912,3041260912,0.383291572943122,1.5763279906903078,1.5754362277039449,0.15333835425709536,2.484809934233743,-0.07807449046440122,0.05918885667269598,2.481999307562036,0.0,5.433047896019616e-07,5740,0.005,1,1,0.9173315763473511,1.0,-0.08266842365264893,0.08266842365264893,-0.6257295608520508,-1.0,0.3742704391479492,0.3742704391479492,0.2417590705773293,0.8356826009064988,0.8391482902878106,0.8445593118667603,23c75d140412a367b868833be878d959f903910378feee371ba7c1dfe3cb5cfa
2,additive,8,1000,800,200,10000,10000,0.5,821,41260912,41760912,1041760912,2041260912,3041260912,0.3813569429228886,1.601665211419403,1.5625784000044118,0.15178859503088468,2.5653314494711608,-0.13773439417084912,0.10138263449165426,2.4416512561603474,0.0,5.48278990208928e-07,5747,0.005,1,1,0.9177387952804565,1.0,-0.08226120471954346,0.08226120471954346,-0.6276208758354187,-1.0,0.3723791241645813,0.3723791241645813,0.2495262859878069,0.8239340383609902,0.8345453250086475,0.8294081091880798,3ea3ee9275900f301d9e5c8635c3d35d45c184755ef1a8a4322ff4f53803e10b
2,additive,8,1000,800,200,10000,10000,0.5,822,41260912,41760912,1041760912,2041260912,3041260912,0.38075756533297717,1.6313946092159106,1.5738675861299478,0.1500763861186404,2.661448370978734,-0.16723278921343265,0.11896234510563886,2.4770591786705087,-4.440892098500626e-16,5.560480502708742e-07,5754,0.005,1,1,0.9157075881958008,1.0,-0.08429241180419922,0.08429241180419922,-0.6286900043487549,-1.0,0.3713099956512451,0.3713099956512451,0.25491693270492116,0.8158318005593046,0.8372938147751785,0.8237963914871216,199bfe223befc19d61fa5adfc5e8dc8d7c397be2e25cf4a7df7be8db2fe354a2
2,additive,8,1000,800,200,10000,10000,0.5,823,41260912,41760912,1041760912,2041260912,3041260912,0.3824620365846842,1.5907899818933025,1.577748178020804,0.15332034896447244,2.530612766492094,-0.09732190110429999,0.0725218527569339,2.4892893132479665,4.440892098500626e-16,5.523896966508346e-07,5761,0.005,1,1,0.9186362028121948,1.0,-0.08136379718780518,0.08136379718780518,-0.6262927055358887,-1.0,0.37370729446411133,0.37370729446411133,0.2433551668679279,0.8383869611482828,0.8340460367723339,0.8464287519454956,9cbf77226410471ab9948f50997f9fd6014a2f210ee056cbf31fa03eecc37f3e
2,additive,8,1000,800,200,10000,10000,0.5,824,41260912,41760912,1041760912,2041260912,3041260912,0.3805251461051727,1.6255820144140352,1.5898022060679537,0.1503816488477706,2.6425168855863923,-0.13271374000781516,0.09503656389343394,2.5274710544185326,0.0,5.628923567257971e-07,5768,0.005,1,1,0.9166128635406494,1.0,-0.08338713645935059,0.08338713645935059,-0.6287238597869873,-1.0,0.3712761402130127,0.3712761402130127,0.24500626547624363,0.8310522052408339,0.8394064218155239,0.8431248664855957,c88d12977cba550dfabd73c16e01dc9fcf34bada33647a743b21795290f55638
2,additive,8,1000,800,200,10000,10000,0.5,825,41260912,41760912,1041760912,2041260912,3041260912,0.38048402512938984,1.6131374045673728,1.574762150627393,0.14948177505773125,2.60221228601436,-0.1359091150117396,0.09878214074335566,2.479875831048612,0.0,5.563350118364951e-07,5775,0.005,1,1,0.9151061773300171,1.0,-0.08489382266998291,0.08489382266998291,-0.629107654094696,-1.0,0.37089234590530396,0.37089234590530396,0.25347739086355003,0.8178379539153136,0.8384504803886317,0.8262790441513062,8b247fd60b7a371632881dc552beb1b911caf5469aaa54773eee3963490839cb
2,additive,8,1000,800,200,10000,10000,0.5,826,41260912,41760912,1041760912,2041260912,3041260912,0.38073829576508383,1.6247875718296563,1.6196316623977174,0.15073476420828863,2.6399346535721104,-0.0837313479696026,0.060008073644351324,2.6232067218411936,0.0,5.687585939995188e-07,5782,0.005,1,1,0.916888952255249,1.0,-0.08311104774475098,0.08311104774475098,-0.6284435391426086,-1.0,0.37155646085739136,0.37155646085739136,0.25026107998137265,0.8347764937522251,0.8457091388602875,0.8444080352783203,828087d1e042bf12c9cded5355872a1122dcae15bcccfa857910e4065b616513
2,additive,8,1000,800,200,10000,10000,0.5,827,41260912,41760912,1041760912,2041260912,3041260912,0.38201253282699477,1.6003547670769562,1.5847589187664413,0.15216014399394337,2.5611353805059385,-0.10091734694505099,0.07438728736609125,2.51146083060978,4.440892098500626e-16,5.650935417378378e-07,5789,0.005,1,1,0.9173341989517212,1.0,-0.08266580104827881,0.08266580104827881,-0.6270389556884766,-1.0,0.37296104431152344,0.37296104431152344,0.23385717430720163,0.8348161342082778,0.8420952387727102,0.8377758264541626,6f85c9ced687d6137994d431bf1b0d54bd600dd70fbb9a989f53c190a419e210
2,additive,8,1000,800,200,10000,10000,0.5,828,41260912,41760912,1041760912,2041260912,3041260912,0.38383905300147797,1.5873469529203807,1.5804264487360575,0.1513766789550074,2.519670348945618,-0.0866496340180794,0.06488065025660279,2.4977477598644664,0.0,5.292922296007418e-07,5796,0.005,1,1,0.9130560755729675,1.0,-0.08694392442703247,0.08694392442703247,-0.6261374950408936,-1.0,0.37386250495910645,0.37386250495910645,0.24467424294439993,0.8225137436883017,0.8407676487278397,0.8295207023620605,6390fe0936b36f39254a973ce657b818f931682464df8c0e46e4a74f16e34197
2,additive,8,1000,800,200,10000,10000,0.5,829,41260912,41760912,1041760912,2041260912,3041260912,0.3844230024974169,1.581072610198816,1.5768003893056237,0.15031928788254295,2.4997905987208973,-0.08190520944453673,0.06181268924626517,2.4862994677143666,0.0,5.258868629454128e-07,5803,0.005,1,1,0.9103103280067444,1.0,-0.08968967199325562,0.08968967199325562,-0.6261861324310303,-1.0,0.3738138675689697,0.3738138675689697,0.22705744719204524,0.8205103661795731,0.8388384099218245,0.8250242471694946,0743924a61d375056a93adfde16c1192670a8a68b6a99bd6d9d8264332053a13
2,additive,8,1000,800,200,10000,10000,0.5,830,41260912,41760912,1041760912,2041260912,3041260912,0.3829226314798359,1.603791388920411,1.5808441844912482,0.1488327485547574,2.572146819175261,-0.11095561604510938,0.08155564074130427,2.4990683356398,0.0,5.544320877959308e-07,5810,0.005,1,1,0.91011643409729,1.0,-0.08988356590270996,0.08988356590270996,-0.627776026725769,-1.0,0.37222397327423096,0.37222397327423096,0.21966805724503594,0.8234533936625127,0.836999567083003,0.8289540410041809,51a2b799de3a3b338251b39ac02f92a033fea45829eaca7ffab6970af8f8220f
2,additive,8,1000,800,200,10000,10000,0.5,831,41260912,41760912,1041760912,2041260912,3041260912,0.38083186759651194,1.5983672076435422,1.5860061978098783,0.14822129111053448,2.5547777304702146,-0.09379168104470105,0.0693982352904075,2.515415659491347,0.0,5.625347316851048e-07,5817,0.005,1,1,0.9123586416244507,1.0,-0.08764135837554932,0.08764135837554932,-0.6293898224830627,-1.0,0.37061017751693726,0.37061017751693726,0.22614414928198387,0.8222537217809065,0.8397623525447784,0.8276373147964478,af6d205a3b96d9428e2bb31186793e1dacb53c09289d8dfe61471a60bd9ed1e2
2,additive,8,1000,800,200,10000,10000,0.5,832,41260912,41760912,1041760912,2041260912,3041260912,0.3796224116563974,1.6064082138974705,1.5824354532486133,0.1480458493298766,2.580547349677261,-0.11224561765449653,0.08227361828457223,2.5041019636981443,0.0,5.272805534417557e-07,5824,0.005,1,1,0.9139706492424011,1.0,-0.08602935075759888,0.08602935075759888,-0.6302539706230164,-1.0,0.36974602937698364,0.36974602937698364,0.23337186420644052,0.8341087328122332,0.8387673441970422,0.8421182632446289,fe22b77e0e45f8d11389d72d5b3c0b1dc9c50ddf5bd6a7ee5d679758bcf78152
2,additive,8,1000,800,200,10000,10000,0.5,833,41260912,41760912,1041760912,2041260912,3041260912,0.3805030761130053,1.5850344187207024,1.5750959783588083,0.14806807123028753,2.512334108529275,-0.08973741935873557,0.06746154400373083,2.4809273410420913,0.0,5.25881363344638e-07,5831,0.005,1,1,0.9126127362251282,1.0,-0.08738726377487183,0.08738726377487183,-0.6296676397323608,-1.0,0.37033236026763916,0.37033236026763916,0.2331781200965788,0.8121689102878336,0.8377118780558304,0.8208732604980469,b5f800af810c2fc4fb647f47486a7f1e44099fc1604d4aeafa54f4d9291a7cc7
2,additive,8,1000,800,200,10000,10000,0.5,834,41260912,41760912,1041760912,2041260912,3041260912,0.38304894325703404,1.562996512710012,1.594203087087559,0.15252923740344212,2.442958098743659,-0.027001926633798985,0.02080682595345064,2.541483482879503,0.0,5.503909417114983e-07,5838,0.005,1,1,0.916313886642456,1.0,-0.08368611335754395,0.08368611335754395,-0.6262044310569763,-1.0,0.3737955689430237,0.3737955689430237,0.2624403428438414,0.836132620452871,0.8462059646172518,0.8430109620094299,a56bc1050fd19a4105fac0d60a0833e37e602de45a59944fefd59fae90f3d7f6
2,additive,8,1000,800,200,10000,10000,0.5,835,41260912,41760912,1041760912,2041260912,3041260912,0.3835549482750533,1.5957862523705229,1.623058578021899,0.1546106464734857,2.546533763254758,-0.03341263101888781,0.02473961103193989,2.634319147690469,4.440892098500626e-16,5.206747921704391e-07,5845,0.005,1,1,0.919123113155365,1.0,-0.08087688684463501,0.08087688684463501,-0.6250689029693604,-1.0,0.37493109703063965,0.37493109703063965,0.2673355040402313,0.8256080839553317,0.8507258272678857,0.8347426056861877,1373e783e43bb2148e0769059660a5a8cb5dc35ff2e7609ecdb543a55b8cf2a9
2,additive,8,1000,800,200,10000,10000,0.5,836,41260912,41760912,1041760912,2041260912,3041260912,0.3831901612724522,1.569871426332407,1.5888428660755693,0.15607558860532325,2.464496295214946,-0.04807511537051965,0.03669055267465952,2.5244216530792296,0.0,5.310469557429087e-07,5852,0.005,1,1,0.9222773909568787,1.0,-0.07772260904312134,0.07772260904312134,-0.6247748732566833,-1.0,0.37522512674331665,0.37522512674331665,0.258657717827723,0.8232819384791972,0.8399535968357126,0.8342882394790649,12fe23674a3de3d6fe457d06d875a4903387ff3419bcb1236387224bddba3ccd
2,additive,8,1000,800,200,10000,10000,0.5,837,41260912,41760912,1041760912,2041260912,3041260912,0.38316389369209236,1.6201174185283744,1.614821092521708,0.15556864997388548,2.6247804498190437,-0.08635096946996339,0.06211519947361611,2.6076471608530025,0.0,5.469133927960002e-07,5859,0.005,1,1,0.9214316606521606,1.0,-0.07856833934783936,0.07856833934783936,-0.6249778866767883,-1.0,0.37502211332321167,0.37502211332321167,0.23312203368103354,0.8223104938260569,0.8491038176252099,0.8301109075546265,dd06f87e35d05c354e8b2f38979d4ef27a08a5d55006c53e981c8c21a7e17d19
2,additive,8,1000,800,200,10000,10000,0.5,838,41260912,41760912,1041760912,2041260912,3041260912,0.38079383314147086,1.6392037519780105,1.5834362834444058,0.1499294038009817,2.6869889404987872,-0.1648239402857684,0.11619928406959601,2.5072704637282324,4.440892098500626e-16,5.367465245598169e-07,5866,0.005,1,1,0.9153931140899658,1.0,-0.08460688591003418,0.08460688591003418,-0.6287243366241455,-1.0,0.3712756633758545,0.3712756633758545,0.26051011397042345,0.8164297865103959,0.8432875768792597,0.8254975080490112,2128d90bf19101481dcc68d6041f0edf2bb69e0069a57a4100ce1039f09287b5
2,additive,8,1000,800,200,10000,10000,0.5,839,41260912,41760912,1041760912,2041260912,3041260912,0.3804583828970581,1.6596536079073272,1.6184128781674663,0.14843643562079673,2.754450098239808,-0.14181314482115134,0.09770491761698402,2.619260244218302,0.0,5.523179531508049e-07,5873,0.005,1,1,0.9133245944976807,1.0,-0.08667540550231934,0.08667540550231934,-0.6295462846755981,-1.0,0.37045371532440186,0.37045371532440186,0.24808272799051614,0.8368550305080472,0.8457405229549002,0.842572808265686,d5b01a32da191c0b99615eff9fdcec9428f363ba1345c1b78f848c3c75b99902
2,additive,8,1000,800,200,10000,10000,0.5,840,41260912,41760912,1041760912,2041260912,3041260912,0.3788197659472538,1.6038624863523236,1.5741229127152816,0.14489927272453534,2.5723748751282574,-0.11970560175877518,0.08810712150878651,2.477862944335242,-4.440892098500626e-16,5.323033356319229e-07,5880,0.005,1,1,0.9097544550895691,1.0,-0.09024554491043091,0.09024554491043091,-0.6320867538452148,-1.0,0.36791324615478516,0.36791324615478516,0.24555875862298024,0.8415072494414588,0.8367023919791456,0.8480533361434937,0e8c4f6fed7f3f72fc85aae195db2524a3978614176efe273274ecb5542f41ba
2,additive,8,1000,800,200,10000,10000,0.5,841,41260912,41760912,1041760912,2041260912,3041260912,0.3770380497439933,1.6463147382154644,1.6049400823088338,0.14147720659799307,2.7103522172654526,-0.13799837803097953,0.09677884439808439,2.5758326678014862,-4.440892098500626e-16,5.32578404488504e-07,5887,0.005,1,1,0.906583845615387,1.0,-0.09341615438461304,0.09341615438461304,-0.6347177624702454,-1.0,0.36528223752975464,0.36528223752975464,0.24507219776205083,0.8238232143538045,0.8435441627724878,0.8322514295578003,85638deb0cffef4c7ad7f2b7bfd2f719efd649aae5d7e2050f64b5546f19152b
2,additive,8,1000,800,200,10000,10000,0.5,842,41260912,41760912,1041760912,2041260912,3041260912,0.37795194210296534,1.5979540822813467,1.5932730611978259,0.1436255553555316,2.553457249079621,-0.07928187844823065,0.0587908375062549,2.5385190475386907,-4.440892098500626e-16,5.257072519526673e-07,5894,0.005,1,1,0.9088975787162781,1.0,-0.09110242128372192,0.09110242128372192,-0.6331921219825745,-1.0,0.36680787801742554,0.36680787801742554,0.23743267502967602,0.8302223357884845,0.8437937548809817,0.8334940075874329,5cf03d32fd0bba1d378e7cf314cb2f556fa6a71fbbf4ccf9d518137ba8307e9c
2,additive,8,1000,800,200,10000,10000,0.5,843,41260912,41760912,1041760912,2041260912,3041260912,0.37895956277297044,1.6519364852604816,1.62460977125278,0.1432169580138805,2.7288941513347535,-0.11637710024931186,0.0810394137403027,2.63935690885001,0.0,5.417951154385037e-07,5901,0.005,1,1,0.906616747379303,1.0,-0.09338325262069702,0.09338325262069702,-0.6327263712882996,-1.0,0.36727362871170044,0.36727362871170044,0.24052040833237548,0.8294428738489805,0.8466251881345943,0.8370152115821838,69d6cd0d16bf3cfd98eb6f883133823f0cf804cc787442bf67becbe451b325a3
2,additive,8,1000,800,200,10000,10000,0.5,844,41260912,41760912,1041760912,2041260912,3041260912,0.3789102021399574,1.6245856378152677,1.5933612544813285,0.14315077088832534,2.63927849459564,-0.12181458910082638,0.08755988201528522,2.5388000872823127,0.0,5.619727261318985e-07,5908,0.005,1,1,0.9065788984298706,1.0,-0.0934211015701294,0.0934211015701294,-0.6327869296073914,-1.0,0.36721307039260864,0.36721307039260864,0.2478602313605638,0.8336107919618331,0.8433945991117505,0.8406389951705933,05b85ac73cc0a1d745bdc67269af639425ad9dafdfb5d17f127a851d163a8585
2,additive,8,1000,800,200,10000,10000,0.5,845,41260912,41760912,1041760912,2041260912,3041260912,0.37706295798688405,1.6209893450954032,1.5845478176967096,0.14022729792810087,2.627606456912824,-0.12852098413676027,0.09286756035255213,2.5107917865674048,4.440892098500626e-16,5.565830978326858e-07,5915,0.005,1,1,0.9043744802474976,1.0,-0.09562551975250244,0.09562551975250244,-0.6352641582489014,-1.0,0.36473584175109863,0.36473584175109863,0.2316101696863497,0.8166813102010855,0.8375953692212377,0.8246620893478394,dd1f07b2fb5150bbcbbe56346613b9db4c6e3400752fcf8b5deb30612af88d45
2,additive,8,1000,800,200,10000,10000,0.5,846,41260912,41760912,1041760912,2041260912,3041260912,0.37628202075504336,1.6510732603926577,1.601844267123914,0.14024674999742284,2.726042911183641,-0.15019230253165755,0.10479910984974933,2.565905056117749,4.440892098500626e-16,5.435196861469649e-07,5922,0.005,1,1,0.9056154489517212,1.0,-0.09438455104827881,0.09438455104827881,-0.6357477307319641,-1.0,0.3642522692680359,0.3642522692680359,0.24595497256299761,0.8264682794694629,0.8424478462604981,0.8301466703414917,745859ddc43b559ed1dd51d00616e0dc46371fecf8e6d5fbbbaf9aa5a922e0a6
2,additive,8,1000,800,200,10000,10000,0.5,847,41260912,41760912,1041760912,2041260912,3041260912,0.3791519236203968,1.6365151977113683,1.620227242115486,0.14436491849790328,2.678181992340279,-0.09870529737251443,0.06994058946797305,2.6251363160931533,-4.440892098500626e-16,5.361183763596955e-07,5929,0.005,1,1,0.9083063006401062,1.0,-0.0916936993598938,0.0916936993598938,-0.6321026682853699,-1.0,0.3678973317146301,0.3678973317146301,0.24416952178366105,0.8412147340392793,0.8461224151355482,0.843855619430542,1112c35905683028d8d0270b7b02eeb6841b3af1b953bd5f6330eb837b343c24
2,additive,8,1000,800,200,10000,10000,0.5,848,41260912,41760912,1041760912,2041260912,3041260912,0.3803896913169465,1.610298711686614,1.5859915530380808,0.14442161312117904,2.5930619408595694,-0.11105717383630251,0.08113814870215913,2.5153692063081436,0.0,5.566286951363963e-07,5936,0.005,1,1,0.906474232673645,1.0,-0.09352576732635498,0.09352576732635498,-0.6312870383262634,-1.0,0.3687129616737366,0.3687129616737366,0.23123126357846782,0.819813152191871,0.8395457535389674,0.8280807137489319,09eb154404b9c001bb1fe71ff1fd56b89d72574e5ebae6ece15d82b687e515f2
2,additive,8,1000,800,200,10000,10000,0.5,849,41260912,41760912,1041760912,2041260912,3041260912,0.38149375942106434,1.6346755196019742,1.6014659750998035,0.14536130750584433,2.6721640543859846,-0.12641604624473227,0.08973551610541682,2.564693269402364,0.0,5.480783400457767e-07,5943,0.005,1,1,0.9063750505447388,1.0,-0.09362494945526123,0.09362494945526123,-0.6301732063293457,-1.0,0.3698267936706543,0.3698267936706543,0.23391354134185582,0.8174089916984479,0.8422610872544698,0.8213939666748047,6d8a5d244e956dd2274998bcfd0b1bb639f5c2204a3dfce768f5433dedde9128
2,additive,8,1000,800,200,10000,10000,0.5,850,41260912,41760912,1041760912,2041260912,3041260912,0.3807934180545727,1.6016939090631692,1.575822411374288,0.14522901164365745,2.5654233783300557,-0.11371805889211913,0.08390456800196495,2.4832162721894755,4.440892098500626e-16,5.239434948123289e-07,5950,0.005,1,1,0.9072384238243103,1.0,-0.0927615761756897,0.0927615761756897,-0.6306777596473694,-1.0,0.3693222403526306,0.3693222403526306,0.22986104504106855,0.8365475473115346,0.8387762174880068,0.8396259546279907,89dd976ee443d6b958fd2553fe43c11245a33d7c4a56f34219f22f249201eed1
2,additive,8,1000,800,200,10000,10000,0.5,851,41260912,41760912,1041760912,2041260912,3041260912,0.3824461692825225,1.6378179282236671,1.608096680810256,0.14567279401524783,2.6824475660108655,-0.12107271259657545,0.08562062231004731,2.585974934832962,-8.881784197001252e-16,5.585895337389957e-07,5957,0.005,1,1,0.9054288864135742,1.0,-0.09457111358642578,0.09457111358642578,-0.6294310092926025,-1.0,0.37056899070739746,0.37056899070739746,0.231593474428446,0.8444265211312693,0.8454172871384311,0.8475526571273804,019f094b7c5c275227bcf5052ee9841b53a6b27e706282904c47deb15898e328
2,additive,8,1000,800,200,10000,10000,0.5,852,41260912,41760912,1041760912,2041260912,3041260912,0.38254925525457706,1.5946169622573436,1.5697393360954426,0.1448888079710635,2.5428032563188383,-0.1118052405022704,0.08319795410179162,2.4640815832853606,0.0,5.590498552976442e-07,5964,0.005,1,1,0.903925895690918,1.0,-0.09607410430908203,0.09607410430908203,-0.6297113299369812,-1.0,0.3702886700630188,0.3702886700630188,0.23505882814841766,0.813370395755399,0.8364649509265554,0.8195537328720093,82e71464e1088c6378e84881394e4853e5e32b2a4250482ae2b8c763fe8c7774
2,additive,8,1000,800,200,10000,10000,0.5,853,41260912,41760912,1041760912,2041260912,3041260912,0.3840843641087353,1.6155137975051197,1.5932451888356394,0.14847994693312022,2.609884829929413,-0.1099672725573102,0.0797336693679732,2.5384302317479124,-4.440892098500626e-16,5.591751381928134e-07,5971,0.005,1,1,0.9076863527297974,1.0,-0.09231364727020264,0.09231364727020264,-0.6271743178367615,-1.0,0.3728256821632385,0.3728256821632385,0.23921794346797237,0.8328873405501901,0.8401642880585907,0.8351781368255615,92bfd0fa7ffacc2d1979473f4cde5c63d0db90b9a5106039277ad60bca96104e
2,additive,8,1000,800,200,10000,10000,0.5,854,41260912,41760912,1041760912,2041260912,3041260912,0.3842299335780304,1.6255556141866836,1.6167776546520043,0.146361409316506,2.642431054813846,-0.08741123977415824,0.06268751862926183,2.6139699845820354,-4.440892098500626e-16,5.55834580140413e-07,5978,0.005,1,1,0.9038390517234802,1.0,-0.09616094827651978,0.09616094827651978,-0.6279976963996887,-1.0,0.3720023036003113,0.3720023036003113,0.22944337668814047,0.8295744024208511,0.8450413630005013,0.83475661277771,3c3b4072b1bbccf1e4729e39034d8bee40265955cd6091cbfc4ac5c302ee78e9
2,additive,8,1000,800,200,10000,10000,0.5,855,41260912,41760912,1041760912,2041260912,3041260912,0.3834298808222652,1.6088703515447527,1.6013487064979448,0.14408959126653328,2.588463808079736,-0.08411785977181417,0.06156722118728832,2.5643176798026412,4.440892098500626e-16,5.448882482994577e-07,5985,0.005,1,1,0.9012035131454468,1.0,-0.09879648685455322,0.09879648685455322,-0.6295168995857239,-1.0,0.3704831004142761,0.3704831004142761,0.24460429666646683,0.8276112999608418,0.8451466632432512,0.8307870626449585,ab56775d48ff5a56bd61201c5a13c5f3585a07042b6dc4c9e9aa9dfde9585e58
2,additive,8,1000,800,200,10000,10000,0.5,856,41260912,41760912,1041760912,2041260912,3041260912,0.3847358964712309,1.6361628208458268,1.6164749259403777,0.14523107520746378,2.6770287763181733,-0.10463433266584347,0.07414932583849854,2.612991186193949,-8.881784197001252e-16,5.403119232028075e-07,5992,0.005,1,1,0.9011355042457581,1.0,-0.09886449575424194,0.09886449575424194,-0.6281834840774536,-1.0,0.3718165159225464,0.3718165159225464,0.24904481005327686,0.8332547953936174,0.8454242308549761,0.8385859727859497,f81a7b858f62d0bd3368bfe2cd41ac0d1526d093c05808d10041a065b155804f
2,additive,8,1000,800,200,10000,10000,0.5,857,41260912,41760912,1041760912,2041260912,3041260912,0.38292371090116134,1.6465101023225093,1.594147082123995,0.14420529252223865,2.71099551705008,-0.15694794506393595,0.10993828842983917,2.541304919444447,0.0,5.16131084538074e-07,5999,0.005,1,1,0.9021796584129333,1.0,-0.09782034158706665,0.09782034158706665,-0.6297814846038818,-1.0,0.37021851539611816,0.37021851539611816,0.26144219315531625,0.8100775406766308,0.8417047442407424,0.8162550926208496,87ec4820c06156d4081b8608662a35420fd705b4d814bf4c2382d5c0dd3a3fcd
2,additive,8,1000,800,200,10000,10000,0.5,858,41260912,41760912,1041760912,2041260912,3041260912,0.381972384540857,1.5927480474879305,1.5989360320719004,0.14525416875591568,2.5368463427766152,-0.06275203843734878,0.04679320418271182,2.5565964346578336,0.0,5.278125279062351e-07,6006,0.005,1,1,0.9054465889930725,1.0,-0.09455341100692749,0.09455341100692749,-0.6299154758453369,-1.0,0.3700845241546631,0.3700845241546631,0.24246896486880498,0.8387939249912952,0.8411636247024454,0.8445655107498169,9429622a0415cabda366717db546f1498ed0431d38f30256e2e1916e0376dd5a
2,additive,8,1000,800,200,10000,10000,0.5,859,41260912,41760912,1041760912,2041260912,3041260912,0.38053846357539306,1.604096025007075,1.6146256490200355,0.14309420776779785,2.5731240574434984,-0.054601139368962506,0.040203793684978444,2.607015986473371,0.0,5.604488322319412e-07,6013,0.005,1,1,0.9039571285247803,1.0,-0.09604287147521973,0.09604287147521973,-0.6317809224128723,-1.0,0.3682190775871277,0.3682190775871277,0.24086932992667517,0.8454401419915024,0.8474223932369419,0.8531845808029175,7f4980e14d6347a051cf10c655e61d41a456b7e4dafa6d72bc887a163bd76d50
2,additive,8,1000,800,200,10000,10000,0.5,860,41260912,41760912,1041760912,2041260912,3041260912,0.3800148155666319,1.6169294601324447,1.6051677542742588,0.14356154550049005,2.614460879044199,-0.0907294525914108,0.0657931217556282,2.5765635193618674,0.0,5.217585314909456e-07,6020,0.005,1,1,0.9055729508399963,1.0,-0.09442704916000366,0.09442704916000366,-0.6319038271903992,-1.0,0.36809617280960083,0.36809617280960083,0.24860045946353992,0.8233194950960958,0.8466497494372663,0.8331428170204163,e9bb761ce4bcc75aba2040008ee79e987b0865282458acd6be1a5337217be170
2,additive,8,1000,800,200,10000,10000,0.5,861,41260912,41760912,1041760912,2041260912,3041260912,0.38026573110028555,1.5858744542868966,1.6023359695735928,0.1460974102462896,2.5149977847597618,-0.046807317808352886,0.03517898788152631,2.5674805593893457,0.0,5.599561347935378e-07,6027,0.005,1,1,0.9095656871795654,1.0,-0.09043431282043457,0.09043431282043457,-0.6306442618370056,-1.0,0.3693557381629944,0.3693557381629944,0.25442831335485033,0.8356434373993757,0.8438639972805128,0.8430535793304443,fa49efbf5b493062e1ec545aca13aeb9d84b29fdeaa58c64035f294a6f6b23b8
2,additive,8,1000,800,200,10000,10000,0.5,862,41260912,41760912,1041760912,2041260912,3041260912,0.38038775276813347,1.5657669822567728,1.5642301437795991,0.1450473675494917,2.451626242725481,-0.07492883378311367,0.05771139929687131,2.4468159427087457,4.440892098500626e-16,5.560788984837473e-07,6034,0.005,1,1,0.9075577259063721,1.0,-0.09244227409362793,0.09244227409362793,-0.6310158967971802,-1.0,0.3689841032028198,0.3689841032028198,0.23472005330818754,0.8237845033320074,0.8364592437573359,0.8252936601638794,4a357b79583c7fb4388c5b3b1bb6106e4fb8ee7ff293ac4e28f077742ea53920
2,additive,8,1000,800,200,10000,10000,0.5,863,41260912,41760912,1041760912,2041260912,3041260912,0.3793552603245204,1.6717767508580659,1.614919760735337,0.1424689598988029,2.7948375047095517,-0.16467031549743819,0.11212334666576543,2.607965833613478,0.0,5.226478219100272e-07,6041,0.005,1,1,0.9047098755836487,1.0,-0.09529012441635132,0.09529012441635132,-0.6328076720237732,-1.0,0.3671923279762268,0.3671923279762268,0.24664881552083817,0.8271934166553737,0.8460600468085595,0.8310397267341614,498f258206210a8358353710473feb94a0b6c8b490e8d2449e135d1b39b7d083
2,additive,8,1000,800,200,10000,10000,0.5,864,41260912,41760912,1041760912,2041260912,3041260912,0.37955698656387843,1.6287688879659736,1.605112163267599,0.145499869668033,2.6528880904059142,-0.11100145170217775,0.07933242515755001,2.5763850566695914,-4.440892098500626e-16,5.686367838819706e-07,6048,0.005,1,1,0.909641444683075,1.0,-0.09035855531692505,0.09035855531692505,-0.6313554048538208,-1.0,0.3686445951461792,0.3686445951461792,0.23715071662719328,0.8349947675846853,0.8438820261824745,0.8385022878646851,8b28c3ddc3705023e8661b2a141f5f2fe660a8915484e3f129e47cd5ef149850
2,additive,8,1000,800,200,10000,10000,0.5,865,41260912,41760912,1041760912,2041260912,3041260912,0.37902417614065337,1.615216130817291,1.5863673243398124,0.1454508007787866,2.60892314925238,-0.11890633114905529,0.0863400056101386,2.516561287733056,-4.440892098500626e-16,5.603784565266778e-07,6055,0.005,1,1,0.9103928804397583,1.0,-0.0896071195602417,0.0896071195602417,-0.6317203640937805,-1.0,0.3682796359062195,0.3682796359062195,0.22847517213877935,0.8156932627297505,0.8382403344486802,0.8220072388648987,5f359e886613db6a107efa82a5f298cceffe8fd4226119be18c860e090df07d1
2,additive,8,1000,800,200,10000,10000,0.5,866,41260912,41760912,1041760912,2041260912,3041260912,0.3805374326807856,1.6149799087332857,1.599340481539833,0.14783038614592087,2.6081601056121717,-0.0990502579330138,0.07187997072502814,2.5578899758920652,0.0,5.472530979488965e-07,6062,0.005,1,1,0.9121451377868652,1.0,-0.08785486221313477,0.08785486221313477,-0.6297429800033569,-1.0,0.37025701999664307,0.37025701999664307,0.22535941493589529,0.8205587501588977,0.842022292208686,0.8257519006729126,e89eec59b47e50bc5a512a64dfb3120d27d2cbffee6c41ea114b2b5fefd206c6
2,additive,8,1000,800,200,10000,10000,0.5,867,41260912,41760912,1041760912,2041260912,3041260912,0.38299382151637057,1.6292561833273957,1.6044929358043718,0.1497924921663516,2.6544757109105523,-0.11493531101538611,0.0819716964941346,2.574397581046132,0.0,5.532638560623582e-07,6069,0.005,1,1,0.9116599559783936,1.0,-0.08834004402160645,0.08834004402160645,-0.6273335218429565,-1.0,0.37266647815704346,0.37266647815704346,0.2375301269368192,0.8115123351357605,0.8423549776844331,0.8164868354797363,4f5953abc8def90277d914abc486a04cbf2ec41d71c77ba4a4cf2f2ac16c7a5e
2,additive,8,1000,800,200,10000,10000,0.5,868,41260912,41760912,1041760912,2041260912,3041260912,0.382300209784694,1.6175585996530684,1.602255579214101,0.14738374425059528,2.6164958233115954,-0.09832831321973842,0.07115238621374982,2.5672229411227137,-4.440892098500626e-16,5.623527368214809e-07,6076,0.005,1,1,0.9085974097251892,1.0,-0.09140259027481079,0.09140259027481079,-0.628787100315094,-1.0,0.371212899684906,0.371212899684906,0.23454349689889575,0.8243980857225915,0.8452564030687805,0.8316367268562317,014bb0561769c37a8714f0469a478b7c6ec3d77ac8cbb884db2b34eb67492e61
2,additive,8,1000,800,200,10000,10000,0.5,869,41260912,41760912,1041760912,2041260912,3041260912,0.3835750027552516,1.6166724785399849,1.622337558834812,0.14907381209436546,2.613629902868618,-0.06536228007844357,0.047317618407241566,2.6319791548060967,0.0,5.581656079556296e-07,6083,0.005,1,1,0.9095048904418945,1.0,-0.09049510955810547,0.09049510955810547,-0.6272528767585754,-1.0,0.37274712324142456,0.37274712324142456,0.23805461666871147,0.8362626069392054,0.848842512878517,0.842513918876648,077dfdc42fa26a4d9a09f9650ce4f360d3a686a2f30930227e61ccf74e3f91c0
2,additive,8,1000,800,200,10000,10000,0.5,870,41260912,41760912,1041760912,2041260912,3041260912,0.38376619130919176,1.6333800599232322,1.6154514513094658,0.1487890347255863,2.6679304201548213,-0.10351803167127423,0.07350255027486889,2.6096833915378594,4.440892098500626e-16,5.34484883019104e-07,6090,0.005,1,1,0.9087151885032654,1.0,-0.09128481149673462,0.09128481149673462,-0.6272486448287964,-1.0,0.3727513551712036,0.3727513551712036,0.23832560522464732,0.8484002414702411,0.847479372535213,0.8537741899490356,ff58e9db846ac2e0e1714fd0a60e925f7519d7d068c7567c528a9574060bd284
2,additive,8,1000,800,200,10000,10000,0.5,871,41260912,41760912,1041760912,2041260912,3041260912,0.3830396864091523,1.6664564868834308,1.6021186766256075,0.14607370501037317,2.777077222675866,-0.1781833368468259,0.12191182819825408,2.5667842539925876,4.440892098500626e-16,5.447059496788142e-07,6097,0.005,1,1,0.9051938056945801,1.0,-0.09480619430541992,0.09480619430541992,-0.6288784742355347,-1.0,0.37112152576446533,0.37112152576446533,0.2687564716372666,0.8145627215061089,0.8435572235462683,0.818533182144165,589df2f2d408eb1bafbf029c2c287a0ec6326b43bdf816abafa90d27f28c53ff
2,additive,8,1000,800,200,10000,10000,0.5,872,41260912,41760912,1041760912,2041260912,3041260912,0.3838597967519274,1.6783421092770046,1.620483305806317,0.14799791950661353,2.816832235772385,-0.16943200544101442,0.11429457781204361,2.6259661443969695,-4.440892098500626e-16,5.478634008682093e-07,6104,0.005,1,1,0.9072116613388062,1.0,-0.09278833866119385,0.09278833866119385,-0.6275236010551453,-1.0,0.37247639894485474,0.37247639894485474,0.2466279236337411,0.8371565492467161,0.8459162989477187,0.8429975509643555,dbe1f9d3bfd496b10d5f111cee13c9b5c26dbd93ea5b6c142bf8dcbf208f70d4
2,additive,8,1000,800,200,10000,10000,0.5,873,41260912,41760912,1041760912,2041260912,3041260912,0.3862434044415318,1.6565318362733468,1.6302416564978401,0.15005485488476958,2.7440977245871463,-0.11823236044554673,0.08170430355618646,2.657687858580822,-4.440892098500626e-16,5.615735627628737e-07,6111,0.005,1,1,0.9069986343383789,1.0,-0.0930013656616211,0.0930013656616211,-0.6251204013824463,-1.0,0.3748795986175537,0.3748795986175537,0.23678422065315302,0.8411753747764561,0.8493679930280099,0.8473809957504272,2d8d24c0e9269c739a63f478e3e17bc926d35f352224315342f555344e5b31fa
2,additive,8,1000,800,200,10000,10000,0.5,874,41260912,41760912,1041760912,2041260912,3041260912,0.38675200181793445,1.6282617858465456,1.6046074943167592,0.15093517091244293,2.6512364432481816,-0.11370320167155801,0.08115363177398911,2.5747652108175085,0.0,5.394713245010507e-07,6118,0.005,1,1,0.9077015519142151,1.0,-0.09229844808578491,0.09229844808578491,-0.6244229674339294,-1.0,0.37557703256607056,0.37557703256607056,0.22932570936599297,0.829322771267874,0.8449473041337804,0.8352410793304443,4191d74fb95a989f55efaf446a7e9d8d6df6dcc4a9ce43e2a1983de6635c8b07
2,additive,8,1000,800,200,10000,10000,0.5,875,41260912,41760912,1041760912,2041260912,3041260912,0.38586502094736713,1.6392512776783656,1.6312399777851616,0.15149786347727512,2.6871447513701545,-0.08884937486144714,0.0625999020776503,2.6609438651245347,-4.440892098500626e-16,5.521420849419201e-07,6125,0.005,1,1,0.9100573062896729,1.0,-0.08994269371032715,0.08994269371032715,-0.6247639060020447,-1.0,0.3752360939979553,0.3752360939979553,0.23253407181423985,0.8247851789255566,0.8503097560416932,0.8326009511947632,a51b1a2bc0ce2040591f18b666f9cba065e910cdf87849bfbe004eff3489eb43
2,additive,8,1000,800,200,10000,10000,0.5,876,41260912,41760912,1041760912,2041260912,3041260912,0.38502307893362697,1.611795800157868,1.5962907638783956,0.1520876487161889,2.597885701406542,-0.1009145736396291,0.07339312843531759,2.548144202843472,-8.881784197001252e-16,5.690484581322153e-07,6132,0.005,1,1,0.9124016761779785,1.0,-0.08759832382202148,0.08759832382202148,-0.6250742673873901,-1.0,0.37492573261260986,0.37492573261260986,0.2354096271638907,0.8184993944473967,0.8392823068910115,0.8249682188034058,57da18124c36796a9a283cdf7b0b68988f40eab8279970a3e3b89b4f9e5bc6fe
2,additive,8,1000,800,200,10000,10000,0.5,877,41260912,41760912,1041760912,2041260912,3041260912,0.38507974922053095,1.6299356471227666,1.6226802676092726,0.15241325702793673,2.6566902137615123,-0.08800610995047405,0.0626577916161568,2.6330912508885005,-4.440892098500626e-16,5.363108162015351e-07,6139,0.005,1,1,0.9128721356391907,1.0,-0.08712786436080933,0.08712786436080933,-0.6249064803123474,-1.0,0.3750935196876526,0.3750935196876526,0.23099995809187213,0.8246277827975412,0.8498884128362147,0.8316730260848999,b84b71879fe9c7a28e7ef2dafd4b7d417f149359dff8bcf8ffa31641f58fa609
2,additive,8,1000,800,200,10000,10000,0.5,878,41260912,41760912,1041760912,2041260912,3041260912,0.38532937191950695,1.651316830794047,1.649011974434894,0.15350724665400903,2.726847275663695,-0.08055701524401833,0.055935486149251784,2.719240491829667,-4.440892098500626e-16,5.473767892283377e-07,6146,0.005,1,1,0.9143595695495605,1.0,-0.08564043045043945,0.08564043045043945,-0.6243080496788025,-1.0,0.3756919503211975,0.3756919503211975,0.25584534478431237,0.8470448981745194,0.8536789983200442,0.8548136353492737,70c57af475bcb1d818336883c44c29f69f8b9733ae6d21646a71636c21a5ce8f
2,additive,8,1000,800,200,10000,10000,0.5,879,41260912,41760912,1041760912,2041260912,3041260912,0.3832440123801064,1.621746706368555,1.6074033438984086,0.15232202303198455,2.630062379617256,-0.09931944633672733,0.07139160659624211,2.5837455099757856,-4.440892098500626e-16,5.540083414246055e-07,6153,0.005,1,1,0.9156415462493896,1.0,-0.08435845375061035,0.08435845375061035,-0.6261556148529053,-1.0,0.3738443851470947,0.3738443851470947,0.25538735204637836,0.8133904182419033,0.8462598271349437,0.8226016759872437,fc3e41baac3623d8dc79670badfdc31fd945a933a95166a6e944671b423c147d
2,additive,8,1000,800,200,10000,10000,0.5,880,41260912,41760912,1041760912,2041260912,3041260912,0.3821235241191264,1.6512527708457705,1.6051735991590752,0.15182199565215493,2.7266357132258348,-0.1509377127203452,0.10487401795399667,2.5765822834372996,4.440892098500626e-16,5.690119468937382e-07,6160,0.005,1,1,0.9165663719177246,1.0,-0.08343362808227539,0.08343362808227539,-0.6270962357521057,-1.0,0.3729037642478943,0.3729037642478943,0.24852819784055233,0.8268070729083155,0.8433816573609602,0.832038402557373,1b3fc911c0248f221d48ab16e86d6e6a5b8a39a1ffda5502c602a78209251ea3
2,additive,8,1000,800,200,10000,10000,0.5,881,41260912,41760912,1041760912,2041260912,3041260912,0.38268040126333885,1.634480535789215,1.6164139412762852,0.15386270692383636,2.671526621873799,-0.10629764962265076,0.07524460331127991,2.612794029552334,0.0,5.581180833047483e-07,6167,0.005,1,1,0.9192311763763428,1.0,-0.08076882362365723,0.08076882362365723,-0.6259402632713318,-1.0,0.3740597367286682,0.3740597367286682,0.25308350077464714,0.8355954218928807,0.8456690704125455,0.8403199911117554,a7b19a7708ca62c120975e08eb4096bdc4a9cf4268837d6c0978911985eb382d
2,additive,8,1000,800,200,10000,10000,0.5,882,41260912,41760912,1041760912,2041260912,3041260912,0.38261805788991304,1.6852323821333928,1.639248702833807,0.1519164203614357,2.84000818179099,-0.15239414620505318,0.10187031190252524,2.687136309742319,-4.440892098500626e-16,5.408230752124155e-07,6174,0.005,1,1,0.9159385561943054,1.0,-0.08406144380569458,0.08406144380569458,-0.6267303228378296,-1.0,0.3732696771621704,0.3732696771621704,0.23908365443008722,0.822434931401246,0.8522147406958864,0.8280075192451477,7d69adc3d2ec12eff0ce2553572d761f8fdcb091684196671e43af88fa683ae2
2,additive,8,1000,800,200,10000,10000,0.5,883,41260912,41760912,1041760912,2041260912,3041260912,0.38288640034533106,1.601046524900809,1.5913329994686487,0.1539314165228374,2.5633499748969566,-0.09247033811095391,0.06806092177493452,2.5323407151978863,0.0,5.544327610351729e-07,6181,0.005,1,1,0.9190183281898499,1.0,-0.08098167181015015,0.08098167181015015,-0.6257755160331726,-1.0,0.3742244839668274,0.3742244839668274,0.2347776784988141,0.8333881932730192,0.842341826313025,0.8402388095855713,dc5bc24c279d29881243cb6a23a5f1573f7ac55a261dcd432e7c8d25a9bf6f97
2,additive,8,1000,800,200,10000,10000,0.5,884,41260912,41760912,1041760912,2041260912,3041260912,0.38294084755548546,1.6350124657516754,1.6011768805868842,0.15462085113023818,2.673265763163373,-0.13205960568383276,0.0933980910099682,2.5637674029259454,-4.440892098500626e-16,5.645245870766757e-07,6188,0.005,1,1,0.9201350212097168,1.0,-0.0798649787902832,0.0798649787902832,-0.6254799365997314,-1.0,0.37452006340026855,0.37452006340026855,0.23229851311993122,0.8184177498554146,0.8414222347310549,0.8237048387527466,8994c47a8ab442607a250918bff24d7f3234f0ceceda429c1e2e0758639d89a3
2,additive,8,1000,800,200,10000,10000,0.5,885,41260912,41760912,1041760912,2041260912,3041260912,0.38387482717302135,1.6635257001533674,1.6137995511763077,0.15674077324723013,2.7673177550707515,-0.15985476847056454,0.10933759835684168,2.604348991376852,-8.881784197001252e-16,5.306782355773976e-07,6195,0.005,1,1,0.9223257899284363,1.0,-0.07767421007156372,0.07767421007156372,-0.6240656971931458,-1.0,0.37593430280685425,0.37593430280685425,0.24812768040270952,0.818738283866318,0.8442528482554701,0.8248744010925293,5e49d7c42375564856ec2f29e3d1eae463ada9b26b05f4350ce24ae80052ed85
2,additive,8,1000,800,200,10000,10000,0.5,886,41260912,41760912,1041760912,2041260912,3041260912,0.38164294168756946,1.6701737520605209,1.6292642164708453,0.15681127750064744,2.7894803620719184,-0.14589487625010442,0.09903627617208333,2.654501887072357,0.0,5.52845218493303e-07,6202,0.005,1,1,0.9261119365692139,1.0,-0.07388806343078613,0.07388806343078613,-0.6255779266357422,-1.0,0.3744220733642578,0.3744220733642578,0.2423081917939809,0.8250641320370208,0.8487590796952702,0.8306810855865479,47d05f581e18b5a0efc4056081e1c803614669a6b5ea8877fcb8c26df7abf3ff
2,additive,8,1000,800,200,10000,10000,0.5,887,41260912,41760912,1041760912,2041260912,3041260912,0.38095426070032556,1.6584742874736258,1.6338638791511586,0.15734888753917287,2.7505369622111506,-0.11918733707772566,0.08197525159934273,2.669511175594872,-4.440892098500626e-16,5.603118076180635e-07,6209,0.005,1,1,0.9282058477401733,1.0,-0.07179415225982666,0.07179415225982666,-0.625872015953064,-1.0,0.37412798404693604,0.37412798404693604,0.2408934845282616,0.8412590499503065,0.8494421149664351,0.8479273319244385,2c3ff737be8249d94b8d93affcdfc81d2c4eb6e7a15b3dd4d175ef1eab89fd4f
2,additive,8,1000,800,200,10000,10000,0.5,888,41260912,41760912,1041760912,2041260912,3041260912,0.3791747011487784,1.6782280665280775,1.6271352123065446,0.1564246179391035,2.8164494432825693,-0.16265253104690416,0.10942443419891372,2.647568999127864,0.0,5.213194391728848e-07,6216,0.005,1,1,0.9295122027397156,1.0,-0.07048779726028442,0.07048779726028442,-0.6274346709251404,-1.0,0.3725653290748596,0.3725653290748596,0.24345724116759848,0.8174845479475309,0.8481558446674471,0.8222729563713074,9e44ee01ee8cc2d721e9d2775cd8af21a4498357e805e10183041614609589f2
2,additive,8,1000,800,200,10000,10000,0.5,889,41260912,41760912,1041760912,2041260912,3041260912,0.3774230859895635,1.6230948565629688,1.6104094586023034,0.15567275631305152,2.634436913401164,-0.098345522679226,0.07049581150643394,2.593418624355764,8.881784197001252e-16,5.191880543264915e-07,6223,0.005,1,1,0.9310813546180725,1.0,-0.06891864538192749,0.06891864538192749,-0.6289226412773132,-1.0,0.37107735872268677,0.37107735872268677,0.22751745102813206,0.8250221317314153,0.8458774867333563,0.8329428434371948,23e5663e257eecba88d1aa39f4d8ab056f55dc2c3a2b53c13d422e1c360e5234
2,additive,8,1000,800,200,10000,10000,0.5,890,41260912,41760912,1041760912,2041260912,3041260912,0.37720707931936953,1.6446166790755317,1.6384395679259685,0.15690784772840394,2.7047640210934305,-0.08859382553819994,0.06191752905246575,2.684484217745434,-4.440892098500626e-16,5.573659649371621e-07,6230,0.005,1,1,0.9336779117584229,1.0,-0.06632208824157715,0.06632208824157715,-0.6286692023277283,-1.0,0.37133079767227173,0.37133079767227173,0.2424820380627078,0.8376172911379465,0.8493109507400459,0.8448882102966309,b69a291c8b626a1d5327a4e1aa76bc7ec1940f8e77c579601a57dda91033d8cc
2,additive,8,1000,800,200,10000,10000,0.5,891,41260912,41760912,1041760912,2041260912,3041260912,0.3792839230908116,1.646036759979247,1.6337978522721401,0.15950970129922726,2.709437015202977,-0.09982564720657311,0.06959045048301189,2.669295422089058,-4.440892098500626e-16,5.630709107862231e-07,6237,0.005,1,1,0.9348829984664917,1.0,-0.0651170015335083,0.0651170015335083,-0.6263476610183716,-1.0,0.3736523389816284,0.3736523389816284,0.2357953846730991,0.8227239547865074,0.8529968200644671,0.82832932472229,77667a748f4ff34d311098929a1ecf88da7bf5df31396a644a2cb3b9c6e20304
2,additive,8,1000,800,200,10000,10000,0.5,892,41260912,41760912,1041760912,2041260912,3041260912,0.38035187562031053,1.6096837051075723,1.6075215967849652,0.15996853706096112,2.5910816304888415,-0.08346224170985943,0.060676641011017475,2.584125684130084,0.0,5.607892639147849e-07,6244,0.005,1,1,0.9339052438735962,1.0,-0.06609475612640381,0.06609475612640381,-0.6254348754882812,-1.0,0.37456512451171875,0.37456512451171875,0.2400500633308519,0.8244995939253437,0.846206637574243,0.8346149325370789,f606489f770f36e67c2392eafc1ed771b03f6a3292f82538345a590b3d0ce48d
2,additive,8,1000,800,200,10000,10000,0.5,893,41260912,41760912,1041760912,2041260912,3041260912,0.37912984374365644,1.6240528925758682,1.6384959715908407,0.1593420941738819,2.6375477978840443,-0.05611042156925665,0.04012343977400634,2.684669048919413,0.0,5.323361751408129e-07,6251,0.005,1,1,0.9348406195640564,1.0,-0.0651593804359436,0.0651593804359436,-0.6265114545822144,-1.0,0.37348854541778564,0.37348854541778564,0.23900303845011428,0.8388076325066653,0.8529067780653989,0.8490331172943115,3d3172c92efb3c67eccba4b77c6e41b78d47152b8a83a5c702135f661b6a4818
2,additive,8,1000,800,200,10000,10000,0.5,894,41260912,41760912,1041760912,2041260912,3041260912,0.3795633361845738,1.6259378561402384,1.6170855462679348,0.15899782083116046,2.6436739120299144,-0.09385303445620477,0.0669739758358329,2.614965663948665,-4.440892098500626e-16,5.403737191045366e-07,6258,0.005,1,1,0.9334864020347595,1.0,-0.06651359796524048,0.06651359796524048,-0.6263099312782288,-1.0,0.37369006872177124,0.37369006872177124,0.22946644425896004,0.8260533853122866,0.8447061828451028,0.8360565900802612,2acd1e17c620e9538d1a3c7ca9f4ec289b08bdc9cf5c399c55e78adb16d3cc13
2,additive,8,1000,800,200,10000,10000,0.5,895,41260912,41760912,1041760912,2041260912,3041260912,0.37889801030108783,1.6273613113009466,1.6167053740766295,0.15661220163201514,2.6483048375191367,-0.09559038629144857,0.0681591540549641,2.613736266568255,4.440892098500626e-16,5.303076981988397e-07,6265,0.005,1,1,0.9303097128868103,1.0,-0.0696902871131897,0.0696902871131897,-0.6275661587715149,-1.0,0.3724338412284851,0.3724338412284851,0.23873818269052882,0.8170656085126654,0.8460594201603734,0.8246641159057617,d6321ef032f4a5b3e0dd67f7d5788a59b4750b30595f9a062b4238025cab0668
2,additive,8,1000,800,200,10000,10000,0.5,896,41260912,41760912,1041760912,2041260912,3041260912,0.37945095795894346,1.6511805926466172,1.650000224975125,0.15655087536257364,2.726397349532834,-0.08022374123872211,0.05565395905896478,2.7225007424179637,0.0,5.326609802125404e-07,6272,0.005,1,1,0.9292786717414856,1.0,-0.0707213282585144,0.0707213282585144,-0.6271977424621582,-1.0,0.3728022575378418,0.3728022575378418,0.23754746303368188,0.8305807839541243,0.8526833965112696,0.8362443447113037,3a3f6dfd2576cb4ceb9cd9258e5772c442b5903b3bff898c9cd1a9c5d85d250d
2,additive,8,1000,800,200,10000,10000,0.5,897,41260912,41760912,1041760912,2041260912,3041260912,0.381130884730224,1.618511719737477,1.6119948246363907,0.1579622321825689,2.6195801869275654,-0.08950755222781312,0.06445089847195884,2.5985273146545076,-8.881784197001252e-16,5.485555796269637e-07,6279,0.005,1,1,0.929004967212677,1.0,-0.070995032787323,0.070995032787323,-0.6255397796630859,-1.0,0.37446022033691406,0.37446022033691406,0.23796938694710174,0.8291854954775733,0.846602815116684,0.8368085026741028,410870917fc23520e14940ae88caca066e07b70a803c3bdb7977efdc28b39e98
2,additive,8,1000,800,200,10000,10000,0.5,898,41260912,41760912,1041760912,2041260912,3041260912,0.38232044056120384,1.6500355756919007,1.623377512734616,0.15895704147112893,2.722617401048902,-0.12310994683380136,0.08544630672538704,2.635354548852428,-4.440892098500626e-16,5.257911048772712e-07,6286,0.005,1,1,0.9287962317466736,1.0,-0.07120376825332642,0.07120376825332642,-0.6243686079978943,-1.0,0.3756313920021057,0.3756313920021057,0.2227565993238731,0.8322463566874293,0.8482625060524038,0.838554859161377,2d8c4df34ec73b33695893c83c7be170d77edd7e28b171786343f4c987040b2b
2,additive,8,1000,800,200,10000,10000,0.5,899,41260912,41760912,1041760912,2041260912,3041260912,0.38096035211813745,1.6610506691353957,1.6190759606867224,0.1568747729076921,2.759089325435146,-0.14727856593460223,0.10101534927559748,2.6214069664736335,0.0,5.352203054087568e-07,6293,0.005,1,1,0.927352249622345,1.0,-0.07264775037765503,0.07264775037765503,-0.6260306239128113,-1.0,0.3739693760871887,0.3739693760871887,0.23560303974102928,0.826494229227866,0.8472828434810985,0.829569935798645,b3e2b146be54c0ae3566965f958616727c29afb18c02214202e3a1839f091c1e
2,additive,8,1000,800,200,10000,10000,0.5,900,41260912,41760912,1041760912,2041260912,3041260912,0.38058079440187054,1.7076703824347415,1.6489233570243527,0.15677440430452233,2.916138135044816,-0.17698215100443862,0.11518853773945223,2.7189482373404608,0.0,5.507268898696793e-07,6300,0.005,1,1,0.9278021454811096,1.0,-0.07219785451889038,0.07219785451889038,-0.6263300776481628,-1.0,0.37366992235183716,0.37366992235183716,0.25356291430482514,0.8273384562237416,0.8510395351800806,0.8313255310058594,2816b8739c0f086332fe5d12389d1c1722b8c54e0e79a6a1d2472730da67e91f
2,additive,8,1000,800,200,10000,10000,0.5,901,41260912,41760912,1041760912,2041260912,3041260912,0.381946378422784,1.6449099748234692,1.6237402198562465,0.15858729540126976,2.705728825273746,-0.11389190954810197,0.0795246786665864,2.6365323015788116,-4.440892098500626e-16,5.661408977175597e-07,6307,0.005,1,1,0.9287612438201904,1.0,-0.07123875617980957,0.07123875617980957,-0.6247559785842896,-1.0,0.37524402141571045,0.37524402141571045,0.22529630560450672,0.8255693337965314,0.845508550805338,0.8293509483337402,e99762721157b1fd2dad0b80ff368586a9cad10e312d34ec0a6f88e89419f830
2,additive,8,1000,800,200,10000,10000,0.5,902,41260912,41760912,1041760912,2041260912,3041260912,0.3804919191843541,1.6786125713374738,1.639238341012532,0.15596904796692826,2.817740164652206,-0.14330343698680814,0.09638026231932188,2.6871023386455177,-4.440892098500626e-16,5.410864609700639e-07,6314,0.005,1,1,0.9265164136886597,1.0,-0.07348358631134033,0.07348358631134033,-0.6266713738441467,-1.0,0.37332862615585327,0.37332862615585327,0.2276040012769095,0.8227035697237934,0.8526120662900452,0.8286466598510742,bd392594e1c0140f999c89a654fdb48e8c8cd92fbbcdd1a7f2397de2a73f9588
2,additive,8,1000,800,200,10000,10000,0.5,903,41260912,41760912,1041760912,2041260912,3041260912,0.37881897473004283,1.6472324519016153,1.6008145409579484,0.1561418058343982,2.7133747505978074,-0.15345468094489953,0.10695507617889223,2.562607194542407,4.440892098500626e-16,5.54807554564718e-07,6321,0.005,1,1,0.9295972585678101,1.0,-0.07040274143218994,0.07040274143218994,-0.6277806162834167,-1.0,0.37221938371658325,0.37221938371658325,0.23704253859289712,0.8232594786359697,0.844764945627785,0.8293892741203308,56da5c133c5c9d23b9b18b47009b76e132003defa8d558422406c08076188132
2,additive,8,1000,800,200,10000,10000,0.5,904,41260912,41760912,1041760912,2041260912,3041260912,0.37888501583803147,1.6498731635565194,1.6274810948660696,0.15862091784076748,2.722081455823997,-0.11600382975915186,0.08053857338380599,2.648694714146461,4.440892098500626e-16,5.614754332583516e-07,6328,0.005,1,1,0.9339501857757568,1.0,-0.06604981422424316,0.06604981422424316,-0.6269165277481079,-1.0,0.3730834722518921,0.3730834722518921,0.2213242143068956,0.8332235637211421,0.8477491005086751,0.8403457999229431,770b093503d4d5386a15cf4b96534e1be2ddcb7d7ef50f8cfc9eec77f8cb6437
2,additive,8,1000,800,200,10000,10000,0.5,905,41260912,41760912,1041760912,2041260912,3041260912,0.3790031924642978,1.6757608479917283,1.6531376310032568,0.16058636509552993,2.808174419661956,-0.11794837885921254,0.07945967183667685,2.7328640270390605,-4.440892098500626e-16,5.554282527242549e-07,6335,0.005,1,1,0.9373130798339844,1.0,-0.06268692016601562,0.06268692016601562,-0.6262169480323792,-1.0,0.37378305196762085,0.37378305196762085,0.24518408988496426,0.8361081080685634,0.8520522654208144,0.8416010141372681,7f90eb98069e864ec6e768436394a042709fe478d8c2d5d1904cdb192146711e
2,additive,8,1000,800,200,10000,10000,0.5,906,41260912,41760912,1041760912,2041260912,3041260912,0.37875360593455537,1.6600660757246704,1.6316360869034463,0.1597138868720634,2.755819375771907,-0.12664847127919002,0.08687842659996821,2.6622363200855905,0.0,5.270367875453985e-07,6342,0.005,1,1,0.9361527562141418,1.0,-0.06384724378585815,0.06384724378585815,-0.6266666054725647,-1.0,0.3733333945274353,0.3733333945274353,0.23527528681508628,0.8290215945430066,0.8486256057093331,0.8325550556182861,a903ff28a714277184279aa4e9db8fadebda6b59ba0687f5019667097a983306
2,additive,8,1000,800,200,10000,10000,0.5,907,41260912,41760912,1041760912,2041260912,3041260912,0.3780771930428862,1.6411434036211674,1.6242078153392947,0.1575002441134015,2.69335167124927,-0.10640044397671382,0.07464466561966482,2.638051027409244,0.0,5.371071232218583e-07,6349,0.005,1,1,0.9332855343818665,1.0,-0.06671446561813354,0.06671446561813354,-0.6278554797172546,-1.0,0.37214452028274536,0.37214452028274536,0.23755816634351962,0.8325437763036544,0.8452795897632437,0.8404695987701416,f0f0ff7004cd04e421c51b4fce8ec66dfca8435b37e83cd64338a16e111a5724
2,additive,8,1000,800,200,10000,10000,0.5,908,41260912,41760912,1041760912,2041260912,3041260912,0.37771502635915055,1.6431761828458258,1.6326557587316144,0.15576589817080727,2.7000279678717787,-0.09511451976154124,0.06661161429928142,2.6655648265195033,0.0,5.467230348443763e-07,6356,0.005,1,1,0.9307616949081421,1.0,-0.06923830509185791,0.06923830509185791,-0.6286851763725281,-1.0,0.3713148236274719,0.3713148236274719,0.22528625020159146,0.8336424732343463,0.8491834758903675,0.8404812812805176,74ef11f294bf9b8cdeaf5f5cf235ec299fb0703f7aff743d6d867bd387f90a0f
2,additive,8,1000,800,200,10000,10000,0.5,909,41260912,41760912,1041760912,2041260912,3041260912,0.3796614682100028,1.6214220934949668,1.607794623478012,0.1569018671782538,2.629009605273601,-0.10045396058352628,0.07211568750611999,2.585003551284802,0.0,5.485209975120142e-07,6363,0.005,1,1,0.9295566082000732,1.0,-0.07044339179992676,0.07044339179992676,-0.6269308924674988,-1.0,0.3730691075325012,0.3730691075325012,0.21953813402153638,0.8290151801185135,0.8447061548460814,0.8359796404838562,193b6ff96ef19fc09ade9d44d7b1b28cb2c9d8fc8944ebd9cb79e4c56f5a8050
2,additive,8,1000,800,200,10000,10000,0.5,910,41260912,41760912,1041760912,2041260912,3041260912,0.3789356706991496,1.6590229480658487,1.6238199831820856,0.15551044056592978,2.7523571422091,-0.13553812249678082,0.09322166064208082,2.6367913377814687,8.881784197001252e-16,5.607133886087468e-07,6370,0.005,1,1,0.9282724857330322,1.0,-0.07172751426696777,0.07172751426696777,-0.6279147863388062,-1.0,0.37208521366119385,0.37208521366119385,0.2224486588816864,0.8225580838617305,0.8466627538453071,0.8274036645889282,4861ad07ea8cc009c1c71458c47e45046c886566d4ad4b76803e10ccb7ee72ae
2,additive,8,1000,800,200,10000,10000,0.5,911,41260912,41760912,1041760912,2041260912,3041260912,0.3788671913043093,1.7048833438652895,1.6415918634068114,0.153956128639975,2.9066272161892908,-0.1828797494129092,0.11950646579965042,2.6948238460034473,0.0,5.308785819835293e-07,6377,0.005,1,1,0.9256110787391663,1.0,-0.07438892126083374,0.07438892126083374,-0.6285075545310974,-1.0,0.3714924454689026,0.3714924454689026,0.2505829230048171,0.8258652062749553,0.8529945559817775,0.8331900835037231,25842f2a33f6d67ae96caa4ffa00ac72c7e72b8b01d8463b07cb26742dde86d5
2,additive,8,1000,800,200,10000,10000,0.5,912,41260912,41760912,1041760912,2041260912,3041260912,0.38052121829714397,1.6588243164093806,1.6233154971504482,0.15626615086386333,2.7516981127110487,-0.1364055301430528,0.09381513511129766,2.635153203288807,8.881784197001252e-16,5.581918891550686e-07,6384,0.005,1,1,0.9269962310791016,1.0,-0.07300376892089844,0.07300376892089844,-0.6265473961830139,-1.0,0.3734526038169861,0.3734526038169861,0.23016769507277754,0.8279472394974289,0.846831814096091,0.835421085357666,d7879de38eed39d2a9851a1405b3eb15808366eb78781f70548bc77e40b4349a
2,additive,8,1000,800,200,10000,10000,0.5,913,41260912,41760912,1041760912,2041260912,3041260912,0.38015387665726674,1.6781522609651978,1.6367636536169492,0.15684371959191834,2.8161950109826055,-0.14702173638650992,0.0989033441606721,2.678995257801504,0.0,5.35192462791656e-07,6391,0.005,1,1,0.9286338686943054,1.0,-0.07136613130569458,0.07136613130569458,-0.6266049742698669,-1.0,0.37339502573013306,0.37339502573013306,0.25299113357702274,0.8456482524846004,0.8499811714942301,0.8513360023498535,4e0db8142c0a0a2649224978c33514d9b8c0fdeacec8a076531c8025683e8beb
2,additive,8,1000,800,200,10000,10000,0.5,914,41260912,41760912,1041760912,2041260912,3041260912,0.3770969707837813,1.7267011004003543,1.6715194188621278,0.15540586310424587,2.9814966901237945,-0.17146269279742724,0.10931974448551675,2.793977167633186,0.0,5.33072986641514e-07,6398,0.005,1,1,0.9311445355415344,1.0,-0.06885546445846558,0.06885546445846558,-0.6292425990104675,-1.0,0.37075740098953247,0.37075740098953247,0.24938075068510354,0.8244206598300237,0.8578972977308796,0.8290102481842041,8b0eefb746e8630a433d0d83ec603e7bae20e2cb5a335c6018210f7c39037172
2,additive,8,1000,800,200,10000,10000,0.5,915,41260912,41760912,1041760912,2041260912,3041260912,0.3772964804211934,1.6754122550780441,1.6465352697012687,0.15685662737720832,2.807006224465697,-0.1263922287363376,0.08528885110709354,2.71107839437023,-4.440892098500626e-16,5.622293599572004e-07,6405,0.005,1,1,0.9334344863891602,1.0,-0.06656551361083984,0.06656551361083984,-0.6286219358444214,-1.0,0.3713780641555786,0.3713780641555786,0.23478431302650005,0.8416859933171341,0.854461892389405,0.844245970249176,b6d56bc5509266c70b9d2e4542b051c42feb6b6bbabafe4ca5275ed7ec55c0ec
2,additive,8,1000,800,200,10000,10000,0.5,916,41260912,41760912,1041760912,2041260912,3041260912,0.37818444736459966,1.6991576207323054,1.6656805257240055,0.15796959617440365,2.887136620092669,-0.13530730124543647,0.08886869070288565,2.7744916137761995,-4.440892098500626e-16,5.603564581235787e-07,6412,0.005,1,1,0.933954119682312,1.0,-0.06604588031768799,0.06604588031768799,-0.6276273131370544,-1.0,0.37237268686294556,0.37237268686294556,0.23291314828446577,0.8259314363715969,0.8557230222420269,0.8331027626991272,21733fe39d0b5ceedf386523467546904489de59bed6dfc9ec13779c7c7c3f9c
2,additive,8,1000,800,200,10000,10000,0.5,917,41260912,41760912,1041760912,2041260912,3041260912,0.37769827063957506,1.6803502356351194,1.629936998431802,0.157654516152674,2.823576914399001,-0.16226840584740143,0.10885998596719058,2.6566946188568723,0.0,5.306541694949374e-07,6419,0.005,1,1,0.9342036843299866,1.0,-0.06579631567001343,0.06579631567001343,-0.6280768513679504,-1.0,0.37192314863204956,0.37192314863204956,0.2654580654324541,0.8399013273240246,0.8543257475932478,0.8435862064361572,cd6b491d3b1747bc12c8cdda2c4de5ddea3211bf9c0b73b223f76d1cfcc80ae9
2,additive,8,1000,800,200,10000,10000,0.5,918,41260912,41760912,1041760912,2041260912,3041260912,0.37741937785959345,1.68069684345744,1.6545612605223758,0.15526134473947104,2.8247418796078025,-0.12121512976294005,0.08135234805961693,2.7375729648213936,0.0,5.432505858493641e-07,6426,0.005,1,1,0.9303457736968994,1.0,-0.06965422630310059,0.06965422630310059,-0.6290637850761414,-1.0,0.37093621492385864,0.37093621492385864,0.23829375776394612,0.8231234145587015,0.8531031054365943,0.8313041925430298,1cc7e6fb722ae9057c86babb9da3095563d0111eb2060450d74a1312dbbd67df
2,additive,8,1000,800,200,10000,10000,0.5,919,41260912,41760912,1041760912,2041260912,3041260912,0.37625713148258855,1.6238078713393531,1.5900086215558338,0.1523660825643018,2.636752003023641,-0.13049533448303022,0.09357462142412085,2.5281274166218823,0.0,5.324285190511091e-07,6433,0.005,1,1,0.9270638823509216,1.0,-0.07293611764907837,0.07293611764907837,-0.6308797597885132,-1.0,0.3691202402114868,0.3691202402114868,0.24548713600618735,0.815204944880407,0.8423696274241632,0.820693850517273,f0d0cfa3d20f1e107ba00488af32e0302dd775977f2c781c873b04d1e1a3127e
2,additive,8,1000,800,200,10000,10000,0.5,920,41260912,41760912,1041760912,2041260912,3041260912,0.37723289881253386,1.6664659452964372,1.637712848978585,0.15341824213483077,2.7771087468327478,-0.12421180662901252,0.08477096924657378,2.682103375709554,4.440892098500626e-16,5.498044615137587e-07,6440,0.005,1,1,0.9273422956466675,1.0,-0.07265770435333252,0.07265770435333252,-0.6298304200172424,-1.0,0.37016957998275757,0.37016957998275757,0.22565136144050008,0.8198320438659925,0.8504091708415099,0.8230596780776978,215b273c711c55e94b687f37110a1d9aba584a9fbca0e59046b7fd17fe112f16
2,additive,8,1000,800,200,10000,10000,0.5,921,41260912,41760912,1041760912,2041260912,3041260912,0.37647560306400163,1.6667677680375554,1.6231227907857197,0.15400998681533473,2.7781147925688945,-0.1487985927081031,0.10149540275659896,2.634527593968023,0.0,5.420951509904626e-07,6447,0.005,1,1,0.9296610951423645,1.0,-0.0703389048576355,0.0703389048576355,-0.6301536560058594,-1.0,0.3698463439941406,0.3698463439941406,0.24723215893169745,0.8429569132565738,0.8474324817524924,0.8427728414535522,95b2f4ad68377b9b435b4be03467db51a6c6f6e9bc3a7f8a6913cfd81b75b4e6
2,additive,8,1000,800,200,10000,10000,0.5,922,41260912,41760912,1041760912,2041260912,3041260912,0.37349430093926766,1.6862922179892763,1.6323636725097808,0.150421706881097,2.8435814444511927,-0.16469599600133525,0.11001724959978605,2.664611159329619,0.0,5.672124139266543e-07,6454,0.005,1,1,0.9281154870986938,1.0,-0.07188451290130615,0.07188451290130615,-0.6334885954856873,-1.0,0.36651140451431274,0.36651140451431274,0.24872967660172207,0.8315765920387078,0.8502445580609307,0.8382248878479004,009bf13e03692509bb475c0abef15d7c2bd02c7a04ce6b678d3e3a36be8899c9
2,additive,8,1000,800,200,10000,10000,0.5,923,41260912,41760912,1041760912,2041260912,3041260912,0.37367645704360053,1.6912102690518485,1.6177321451905609,0.1501360170864578,2.8601921741464253,-0.1966354488250147,0.13064053905995043,2.617057293582854,0.0,5.384589663037787e-07,6461,0.005,1,1,0.9272980690002441,1.0,-0.07270193099975586,0.07270193099975586,-0.6334641575813293,-1.0,0.36653584241867065,0.36653584241867065,0.26476416079447135,0.831000602911602,0.84841512723661,0.8357925415039062,02d3a927c821d3d78284e7fa8ec5de9fd718e562cc0b253ba4154b65ede09988
2,additive,8,1000,800,200,10000,10000,0.5,924,41260912,41760912,1041760912,2041260912,3041260912,0.37819155791607534,1.6563293887203896,1.6141358379998771,0.1556183378007689,2.7434270439388597,-0.14680543911203156,0.10127846913796024,2.6054345035155655,0.0,5.131946405612098e-07,6468,0.005,1,1,0.9297018647193909,1.0,-0.07029813528060913,0.07029813528060913,-0.6283993721008301,-1.0,0.3716006278991699,0.3716006278991699,0.2406925918933125,0.8297019755451654,0.8434387145048031,0.8322173953056335,c8b191f1143c7ca603f319e5678b40d67205ff453fa2158460d897a25bf6c767
2,additive,8,1000,800,200,10000,10000,0.5,925,41260912,41760912,1041760912,2041260912,3041260912,0.3806243268656774,1.6557052824460678,1.6187159622635003,0.15777345941623955,2.7413599823198136,-0.13944603762470198,0.09619842647960294,2.6202413664866495,4.440892098500626e-16,5.595044587636266e-07,6475,0.005,1,1,0.9295114278793335,1.0,-0.0704885721206665,0.0704885721206665,-0.625959575176239,-1.0,0.374040424823761,0.374040424823761,0.2251491597102281,0.8288148686922302,0.8440386319741876,0.8334754705429077,5dec7807332b61bcfda7ec1c50ee3e25ea136604fd618b6d3ce536ca18921634
2,additive,8,1000,800,200,10000,10000,0.5,926,41260912,41760912,1041760912,2041260912,3041260912,0.38192948443944513,1.6395545753727356,1.5981417981434831,0.15839291755673687,2.688139205625671,-0.14623745810456135,0.1027478010267937,2.5540572069732854,0.0,5.601313759484583e-07,6482,0.005,1,1,0.9284437894821167,1.0,-0.0715562105178833,0.0715562105178833,-0.6248335838317871,-1.0,0.3751664161682129,0.3751664161682129,0.23585725864882143,0.8227288452314858,0.8417673525806484,0.8268927335739136,c931aeead29e7404516fd174b19f8b88c07b6c23db2446c0da73bcacd3f5e034
2,additive,8,1000,800,200,10000,10000,0.5,927,41260912,41760912,1041760912,2041260912,3041260912,0.382524787689489,1.663677049432879,1.6221767259359072,0.15712755910010295,2.7678213248096903,-0.14674577687082715,0.1003407462455695,2.631457330168139,0.0,5.481618838842905e-07,6489,0.005,1,1,0.9252184629440308,1.0,-0.07478153705596924,0.07478153705596924,-0.6248561143875122,-1.0,0.3751438856124878,0.3751438856124878,0.2292677506319204,0.8353298399160086,0.847081947094553,0.8432633876800537,0e8838e9d9eb561c2a9b10cc135cfd5e3f4e3ef15fa3afa664266f4582e90d01
2,additive,8,1000,800,200,10000,10000,0.5,928,41260912,41760912,1041760912,2041260912,3041260912,0.38230121041635684,1.645423162585071,1.626342157652851,0.15799746222036865,2.7074173839714573,-0.11021301621644752,0.07692639434944094,2.644988813758931,0.0,5.468574464373432e-07,6496,0.005,1,1,0.9271256923675537,1.0,-0.07287430763244629,0.07287430763244629,-0.6247087121009827,-1.0,0.37529128789901733,0.37529128789901733,0.22300401626389266,0.8164579431710941,0.8488288009913827,0.8227547407150269,268e5b1429de03ec15357a4faaf576c8a1dd01d7a193c420bbfeb1aac27055ac
2,additive,8,1000,800,200,10000,10000,0.5,929,41260912,41760912,1041760912,2041260912,3041260912,0.3816039972319764,1.660196838989966,1.6331662368576547,0.15948520972843058,2.756253544192275,-0.12425339835445609,0.08522944532487782,2.667231957211793,-4.440892098500626e-16,5.366368629466933e-07,6503,0.005,1,1,0.9309328198432922,1.0,-0.06906718015670776,0.06906718015670776,-0.6246983408927917,-1.0,0.37530165910720825,0.37530165910720825,0.22198920619638238,0.8222121321525191,0.8495875715751379,0.82669997215271,9c77ad490d7600790ec0a1cbc14d61d256d4ac05c312abe3d48cf115b9fcdd0f
2,additive,8,1000,800,200,10000,10000,0.5,930,41260912,41760912,1041760912,2041260912,3041260912,0.3814211911916006,1.6540716676159382,1.62383007333421,0.15949191559503595,2.7359530816097704,-0.12931044507011022,0.08931991123640301,2.636824107064586,0.0,5.44441910221849e-07,6510,0.005,1,1,0.9312509894371033,1.0,-0.06874901056289673,0.06874901056289673,-0.6248257756233215,-1.0,0.37517422437667847,0.37517422437667847,0.224547348093194,0.8235133400603059,0.8497737775017242,0.8273205161094666,7381871a7550615f59c11c4f96cf6b8e1c3b913629bff4a1b4a2987765d1bd51
2,additive,8,1000,800,200,10000,10000,0.5,931,41260912,41760912,1041760912,2041260912,3041260912,0.3804192980729015,1.6768589156178666,1.6451055363061369,0.1584453200087451,2.8118558228871278,-0.13196445865538523,0.08885594578247205,2.706372225585102,-4.440892098500626e-16,5.44244430855656e-07,6517,0.005,1,1,0.9310555458068848,1.0,-0.06894445419311523,0.06894445419311523,-0.6258803606033325,-1.0,0.3741196393966675,0.3741196393966675,0.22968582944544597,0.810333249431868,0.8513648876531105,0.8142653107643127,f15c7ea824b839753e06032a235d1df9aa745328e5d8f617465950c2df139e28
2,additive,8,1000,800,200,10000,10000,0.5,932,41260912,41760912,1041760912,2041260912,3041260912,0.37890110117035225,1.6327075053844862,1.6196929737024526,0.15719924370990743,2.665733798138832,-0.0997638563938228,0.07068099378544766,2.6234053290610935,0.0,5.361776054257916e-07,6524,0.005,1,1,0.931359589099884,1.0,-0.06864041090011597,0.06864041090011597,-0.6273680925369263,-1.0,0.37263190746307373,0.37263190746307373,0.22152161950746552,0.8275554913923006,0.847639318300246,0.8324856758117676,7471226304bd7435b72b00d6c2401ef87bf30c38b76001ff78d2dbd8ba7cdbd7
2,additive,8,1000,800,200,10000,10000,0.5,933,41260912,41760912,1041760912,2041260912,3041260912,0.3793329252290896,1.6668191345766323,1.6595216821523464,0.155790956330476,2.7782860273907937,-0.09003238509375786,0.06137015871994634,2.7540122135337537,0.0,5.647806666786437e-07,6531,0.005,1,1,0.9281156063079834,1.0,-0.0718843936920166,0.0718843936920166,-0.6275404691696167,-1.0,0.3724595308303833,0.3724595308303833,0.22346914793283632,0.826974568230967,0.8581238875287709,0.8349030613899231,58c68771dff2f140b0ee10b07f43de8d319e7a365cc6ec453557d7bb946ab9eb
2,additive,8,1000,800,200,10000,10000,0.5,934,41260912,41760912,1041760912,2041260912,3041260912,0.3781034323513168,1.6543870618675014,1.6268760404870464,0.15132264548661684,2.736996550474584,-0.12079677242519572,0.08364502967269577,2.6467256511108097,0.0,5.587756621849849e-07,6538,0.005,1,1,0.9221783876419067,1.0,-0.07782161235809326,0.07782161235809326,-0.629991888999939,-1.0,0.37000811100006104,0.37000811100006104,0.23570649198312865,0.8138532554121761,0.8526290280762864,0.8208144903182983,0b421331b19ef71d26cf3796f051a09a7ad31beeaf2e5b237ef0ee46b05906c6
2,additive,8,1000,800,200,10000,10000,0.5,935,41260912,41760912,1041760912,2041260912,3041260912,0.3833608149910811,1.6273502653059129,1.630199064179724,0.1571588885357206,2.6482688859912247,-0.07393939283724878,0.052711670932049946,2.6575489888524477,0.0,5.644206630961435e-07,6545,0.005,1,1,0.9239003658294678,1.0,-0.07609963417053223,0.07609963417053223,-0.6242682337760925,-1.0,0.37573176622390747,0.37573176622390747,0.22314277528203916,0.8322962790689786,0.8517760163210598,0.8386756181716919,116ee499267993887cf7e15d0ad4b85ac26a0795bd81b296ed056e27f7bca989
2,additive,8,1000,800,200,10000,10000,0.5,936,41260912,41760912,1041760912,2041260912,3041260912,0.38639248372640994,1.6149887414055797,1.6474737339474288,0.16143532909739083,2.608188634866778,-0.02772712995874279,0.020022306507672536,2.7141697040466832,0.0,5.539319225533745e-07,6552,0.005,1,1,0.9264125823974609,1.0,-0.07358741760253906,0.07358741760253906,-0.620679497718811,-1.0,0.37932050228118896,0.37932050228118896,0.256356822312161,0.8357125849545497,0.8568420405842837,0.8418968915939331,3c72937cfb0e49fd69f347cd83d9f739875ae7b0347ee81f511061ad153dc06b
2,additive,8,1000,800,200,10000,10000,0.5,937,41260912,41760912,1041760912,2041260912,3041260912,0.38720137361796314,1.6333541553703907,1.607938832476705,0.1618468919656743,2.6678457968657225,-0.12211269992242375,0.08630810010174901,2.5854672889865493,0.0,5.425014482085544e-07,6559,0.005,1,1,0.9257950186729431,1.0,-0.07420498132705688,0.07420498132705688,-0.6199756264686584,-1.0,0.38002437353134155,0.38002437353134155,0.2258790981343261,0.7987298621089174,0.8462111753509016,0.8040752410888672,41ca1c64a8c7f13b8cf30ea3af43816fe0e0b61b9831ba501fe0710cdc79fbd1
2,additive,8,1000,800,200,10000,10000,0.5,938,41260912,41760912,1041760912,2041260912,3041260912,0.38667227258626635,1.638767950836892,1.615059934670056,0.1622260631294185,2.6855603966901462,-0.11968393362155944,0.08405400848007584,2.608418592576446,0.0,5.572370760376089e-07,6566,0.005,1,1,0.9273356199264526,1.0,-0.07266438007354736,0.07266438007354736,-0.6202167272567749,-1.0,0.3797832727432251,0.3797832727432251,0.22865551232492315,0.8057301190693024,0.8446308007216375,0.8115130662918091,2a80b78e37f014a58744436917d694fad6bf0f2b38e397c1c864931feb7f7578
2,additive,8,1000,800,200,10000,10000,0.5,939,41260912,41760912,1041760912,2041260912,3041260912,0.3881615648605702,1.651394554045948,1.6561397195248528,0.1646166765269791,2.727103973132616,-0.07446093953586863,0.051499400223623926,2.742798770587858,4.440892098500626e-16,5.62178495755461e-07,6573,0.005,1,1,0.9290493726730347,1.0,-0.07095062732696533,0.07095062732696533,-0.6183779239654541,-1.0,0.3816220760345459,0.3816220760345459,0.2548477010819154,0.8623845095717252,0.8567870525424496,0.8679341077804565,af8a29c92716ce75d95667fae482089ff68d8f27f4f690da960ba399048d0864
2,additive,8,1000,800,200,10000,10000,0.5,940,41260912,41760912,1041760912,2041260912,3041260912,0.3868676348781681,1.6288531028543745,1.6164658781870826,0.1630240914268448,2.6531624306783232,-0.10161229338101589,0.07216304217311446,2.6129619353431366,4.440892098500626e-16,5.398689655322642e-07,6580,0.005,1,1,0.9284120202064514,1.0,-0.07158797979354858,0.07158797979354858,-0.6198135614395142,-1.0,0.38018643856048584,0.38018643856048584,0.2412904949230543,0.8161537981970406,0.8488929923324389,0.8238329887390137,ba18e838b140d1823f5dcb3cea7a44f277baf8410fc5958ab25050780407d19a
2,additive,8,1000,800,200,10000,10000,0.5,941,41260912,41760912,1041760912,2041260912,3041260912,0.38567971465054346,1.6541945647483811,1.630093591849711,0.1647716590174904,2.736359658043086,-0.12196309943554193,0.08407968210078462,2.6572051181894922,-4.440892098500626e-16,5.356771506370706e-07,6587,0.005,1,1,0.9334951043128967,1.0,-0.06650489568710327,0.06650489568710327,-0.6200974583625793,-1.0,0.37990254163742065,0.37990254163742065,0.23280585349792673,0.8203866224238213,0.8491286209561582,0.828108012676239,93981770797c933f2acc91e768e3b72dcccda58c364d2a62e892ae5ea0f67d83
2,additive,8,1000,800,200,10000,10000,0.5,942,41260912,41760912,1041760912,2041260912,3041260912,0.385839009019857,1.6176611938068102,1.6480947962999586,0.1667689689717948,2.616827737948474,-0.03369012466463351,0.02420618229708123,2.716216457591002,4.440892098500626e-16,5.364173230049119e-07,6594,0.005,1,1,0.936785876750946,1.0,-0.06321412324905396,0.06321412324905396,-0.6193745732307434,-1.0,0.3806254267692566,0.3806254267692566,0.2584346953474623,0.8387691983761095,0.8574242346433583,0.8469198942184448,b9e96df4c3d0f3c8f4f8426e8717f493fc1e359eaa7871293ae991b92e29b0b1
2,additive,8,1000,800,200,10000,10000,0.5,943,41260912,41760912,1041760912,2041260912,3041260912,0.38454715988123767,1.6263069902749443,1.6178855886386176,0.1668546742598271,2.6448744266171476,-0.09708766147622407,0.06905904373642721,2.617553777924526,0.0,5.372831832772818e-07,6601,0.005,1,1,0.9391564726829529,1.0,-0.06084352731704712,0.06084352731704712,-0.6202967166900635,-1.0,0.3797032833099365,0.3797032833099365,0.23847699732882127,0.8384152259285079,0.8476168681105939,0.8437076807022095,fe8221d403b4ebbac4400e963fd28e42a09e0a2206aa96bec91228b14975576b
2,additive,8,1000,800,200,10000,10000,0.5,944,41260912,41760912,1041760912,2041260912,3041260912,0.3848293251527006,1.645448880370776,1.6328512022737418,0.16702444689976192,2.707502017913441,-0.10416170802319948,0.07247225537717795,2.666203048766804,4.440892098500626e-16,5.422604250071572e-07,6608,0.005,1,1,0.9389764666557312,1.0,-0.0610235333442688,0.0610235333442688,-0.6200398206710815,-1.0,0.37996017932891846,0.37996017932891846,0.2305709086413942,0.830298275070551,0.8508468063837554,0.8378503322601318,0bb897aa4ce1b2eaf67571779e78f06a10ac0dd7601eaea2929346190ef2bdd2
2,additive,8,1000,800,200,10000,10000,0.5,945,41260912,41760912,1041760912,2041260912,3041260912,0.38567567242261364,1.6967080996094683,1.6432046039477612,0.16664712469146487,2.8788183752803733,-0.17267206476835964,0.11339617196120354,2.700121370435119,0.0,5.32852888923685e-07,6615,0.005,1,1,0.9368472099304199,1.0,-0.06315279006958008,0.06315279006958008,-0.6195299625396729,-1.0,0.38047003746032715,0.38047003746032715,0.2453252695548361,0.8307587615348808,0.8503222506225123,0.8366732597351074,6e9af39ff52f3eb8e2f38d8206d7b2da3b920900e70171be09a18a5a05341228
2,additive,8,1000,800,200,10000,10000,0.5,946,41260912,41760912,1041760912,2041260912,3041260912,0.3876748599030558,1.6966916052078418,1.6560941490069683,0.170140914117923,2.878762403182763,-0.153127743462786,0.10044775286502426,2.7426478303751143,0.0,5.385635883925488e-07,6622,0.005,1,1,0.9396653771400452,1.0,-0.060334622859954834,0.060334622859954834,-0.6170489192008972,-1.0,0.3829510807991028,0.3829510807991028,0.23126826863066888,0.8293915361150245,0.854945713036435,0.8316786885261536,b4250d0f6e5624ca47077058544ec4f81c5ccb0e24e52818fcf6e8b5e12df61c
2,additive,8,1000,800,200,10000,10000,0.5,947,41260912,41760912,1041760912,2041260912,3041260912,0.3874396704038846,1.6632417241786988,1.6165264058931985,0.1698830133061015,2.766373033048931,-0.1615492127025252,0.11003755132531229,2.6131576209499823,0.0,5.525583404164536e-07,6629,0.005,1,1,0.9396096467971802,1.0,-0.060390353202819824,0.060390353202819824,-0.6172958016395569,-1.0,0.3827041983604431,0.3827041983604431,0.230499679349207,0.8101993040760676,0.8484427840067205,0.8162877559661865,7b551cca82aa313f7b69b7b6439406588f7a86066ec38e1e59d85d5b42ea5d57
2,additive,8,1000,800,200,10000,10000,0.5,948,41260912,41760912,1041760912,2041260912,3041260912,0.3875278600435315,1.6742978333692606,1.6481678392156776,0.16902812565633515,2.8032732348250007,-0.1279220671282303,0.08607610845187955,2.7164572262248754,0.0,5.403453418040272e-07,6636,0.005,1,1,0.9379286170005798,1.0,-0.062071382999420166,0.062071382999420166,-0.6174755096435547,-1.0,0.3825244903564453,0.3825244903564453,0.22295984281848732,0.8336598977868664,0.8523299962791993,0.8396613597869873,db158c2e2ac388e9a59e078662946dc41e23542e3f8ddbd2a155fec4dec9b0f9
2,additive,8,1000,800,200,10000,10000,0.5,949,41260912,41760912,1041760912,2041260912,3041260912,0.38715504792891514,1.6546853929839305,1.6287720795259175,0.16770849500814053,2.7379837497543846,-0.12639687885967174,0.08699949493102759,2.6528984870431818,0.0,5.326552425799491e-07,6643,0.005,1,1,0.9362137913703918,1.0,-0.06378620862960815,0.06378620862960815,-0.6181356906890869,-1.0,0.3818643093109131,0.3818643093109131,0.2234813788555785,0.8197756105381725,0.8482878629489964,0.823338508605957,d7b56709bd66866a6a28dfa4b65e241abe58bae4e17bbd6c88382c54b2360f9c
2,additive,8,1000,800,200,10000,10000,0.5,950,41260912,41760912,1041760912,2041260912,3041260912,0.38453101122932026,1.710820532437053,1.6440915681051411,0.16409118601371614,2.926906894208201,-0.19398049795374753,0.12551317918632984,2.7030370843144222,4.440892098500626e-16,5.340261761688225e-07,6650,0.005,1,1,0.934227705001831,1.0,-0.06577229499816895,0.06577229499816895,-0.6211357712745667,-1.0,0.37886422872543335,0.37886422872543335,0.2475455859049279,0.8195596300362905,0.8527825374495449,0.8265807628631592,e62e34fa66478c4085c7da1ffdc8a1b74975a2b11c8ee4f32eef1fc0448cc111
2,additive,8,1000,800,200,10000,10000,0.5,951,41260912,41760912,1041760912,2041260912,3041260912,0.38350981963124436,1.7184985796277663,1.6455947737491645,0.16199919575510338,2.9532373681826503,-0.2036272022735947,0.13072984866112622,2.707982159390564,0.0,5.601648389585989e-07,6657,0.005,1,1,0.9322202205657959,1.0,-0.0677797794342041,0.0677797794342041,-0.6225272417068481,-1.0,0.37747275829315186,0.37747275829315186,0.26772003740916306,0.8252216517470324,0.853875851801721,0.8280749917030334,1d58656f589a2618c04e371a727c760bd3eb11f4605ca14960ee75d7ab362830
2,additive,8,1000,800,200,10000,10000,0.5,952,41260912,41760912,1041760912,2041260912,3041260912,0.3848470085522546,1.757338098087686,1.6722855437608497,0.16180466463201468,3.088237190990446,-0.22675145787547035,0.1395375616367513,2.7965389398715206,4.440892098500626e-16,5.352647409750944e-07,6664,0.005,1,1,0.929632842540741,1.0,-0.07036715745925903,0.07036715745925903,-0.6216408014297485,-1.0,0.37835919857025146,0.37835919857025146,0.2794461820721876,0.8389557795971306,0.8615716525267135,0.842695951461792,b556886b6ee2eab304d28af5bab02d7bb12b74d5afd10453a4f2ca1599bc44f4
2,additive,8,1000,800,200,10000,10000,0.5,953,41260912,41760912,1041760912,2041260912,3041260912,0.3871447067273512,1.654110998657136,1.6034843205304274,0.163181820744958,2.736083195878508,-0.16405152521826985,0.1131676644098766,2.5711619661869265,4.440892098500626e-16,5.513477514540455e-07,6671,0.005,1,1,0.9282275438308716,1.0,-0.07177245616912842,0.07177245616912842,-0.6195663809776306,-1.0,0.3804336190223694,0.3804336190223694,0.2513832707478534,0.8179501282702236,0.846081347986111,0.8247002363204956,5edb2a92409a0f4fad03fb3dce955026e6c1a593c1b06c4a138a565332bfe83f
2,additive,8,1000,800,200,10000,10000,0.5,954,41260912,41760912,1041760912,2041260912,3041260912,0.3880715306004284,1.6804794794382103,1.641274502707133,0.16364249435252615,2.8240112808129183,-0.14693589096444884,0.09836206068175493,2.6937819932365468,0.0,5.316705546931644e-07,6678,0.005,1,1,0.9274927973747253,1.0,-0.07250720262527466,0.07250720262527466,-0.6187622547149658,-1.0,0.3812377452850342,0.3812377452850342,0.24203337388972293,0.8376157368972522,0.8495583977454291,0.8401266932487488,382a3642259fd611db4760710d9dc297ae4294e0c950ab842d9629b6ac53eb16
2,additive,8,1000,800,200,10000,10000,0.5,955,41260912,41760912,1041760912,2041260912,3041260912,0.3881628059246833,1.6526874277490327,1.6667018185677294,0.16325507136614978,2.7313757338397138,-0.058367926594443814,0.04032840836867466,2.7778949520169762,4.440892098500626e-16,5.408226577685582e-07,6685,0.005,1,1,0.9266639351844788,1.0,-0.07333606481552124,0.07333606481552124,-0.6188278794288635,-1.0,0.3811721205711365,0.3811721205711365,0.25339979593937706,0.83033236488954,0.8620885408008551,0.8418179750442505,461644cfb401f2f16ca552eb6edab5c2ffe694a96b76a430a7bf574aa10eb7fe
2,additive,8,1000,800,200,10000,10000,0.5,956,41260912,41760912,1041760912,2041260912,3041260912,0.38744355741719405,1.6203349216112268,1.6482411301291022,0.16330975566897257,2.6254852581928607,-0.03604809540628669,0.025852093988341186,2.71669882304926,0.0,5.474198925270457e-07,6692,0.005,1,1,0.9279544949531555,1.0,-0.07204550504684448,0.07204550504684448,-0.6193138360977173,-1.0,0.3806861639022827,0.3806861639022827,0.25871587139159663,0.8364568053333948,0.8574394021538541,0.8430556058883667,bfca8b95e55b6ea48be4638e6a2fe5a6e6d59377f6a7bbd30518f62cfc768bad
2,additive,8,1000,800,200,10000,10000,0.5,957,41260912,41760912,1041760912,2041260912,3041260912,0.38717355194298286,1.6468156429572998,1.645383860465655,0.16252902821410348,2.7120017618888648,-0.08362137091105318,0.058180883780380575,2.707288048280862,0.0,5.311690944864722e-07,6699,0.005,1,1,0.9270347952842712,1.0,-0.07296520471572876,0.07296520471572876,-0.619763970375061,-1.0,0.38023602962493896,0.38023602962493896,0.2284670845282566,0.8294093079695267,0.8505150355157877,0.8333129286766052,c81a190d6ba6697d4f9938620b90da9767f33136f7236c852708dea66b3314ff
2,additive,8,1000,800,200,10000,10000,0.5,958,41260912,41760912,1041760912,2041260912,3041260912,0.3868367879989021,1.6169728336057942,1.6058580849125779,0.1615775641083567,2.6146011446191517,-0.09869925992420805,0.07110439944944894,2.5787801888790924,0.0,5.42420753646411e-07,6706,0.005,1,1,0.925926685333252,1.0,-0.07407331466674805,0.07407331466674805,-0.6203213930130005,-1.0,0.3796786069869995,0.3796786069869995,0.236395160127848,0.8020386761667269,0.845430241251619,0.8102171421051025,c8b687805b0e50e560c7699eb4b60d60a0945855b4f815e1e6d42b51c14e0a3e
2,additive,8,1000,800,200,10000,10000,0.5,959,41260912,41760912,1041760912,2041260912,3041260912,0.3870673870800959,1.62727329843968,1.6401592087728722,0.16279674519391593,2.648018387814756,-0.060346451443108615,0.04293875519199607,2.6901222301224545,0.0,5.458708596250972e-07,6713,0.005,1,1,0.9276804327964783,1.0,-0.07231956720352173,0.07231956720352173,-0.6197487115859985,-1.0,0.38025128841400146,0.38025128841400146,0.23470148863637502,0.8250381467794574,0.8521909474775846,0.8308178186416626,7915170e01e95b760fa25876cc9eab86c76f2d814000fbdfcc596e6129d98cac
2,additive,8,1000,800,200,10000,10000,0.5,960,41260912,41760912,1041760912,2041260912,3041260912,0.3864469764049215,1.649263411705773,1.6363744676435419,0.16260405342789,2.720069801191366,-0.10247622813178582,0.07109803834906664,2.677721398355685,4.440892098500626e-16,5.679984820261552e-07,6720,0.005,1,1,0.9283742904663086,1.0,-0.0716257095336914,0.0716257095336914,-0.6202487349510193,-1.0,0.3797512650489807,0.3797512650489807,0.21525386435416421,0.8143118587695183,0.851015444780118,0.8186039924621582,9e42ea5759567b6f0074af70b0325a488974a88d02e3ba3522241a63c97e2718
2,additive,8,1000,800,200,10000,10000,0.5,961,41260912,41760912,1041760912,2041260912,3041260912,0.3856125948156739,1.6643420465663707,1.631016981547831,0.1619257959303449,2.7700344479687358,-0.13587192490084177,0.09268333374135515,2.6602163940973975,4.440892098500626e-16,5.222589418707457e-07,6727,0.005,1,1,0.9285697340965271,1.0,-0.0714302659034729,0.0714302659034729,-0.6210609674453735,-1.0,0.37893903255462646,0.37893903255462646,0.21866512239881122,0.8096061916266238,0.8486324786433106,0.81325364112854,cedb9f1ec0315bd1d9a2ee07cb37852a0f79bd04aa4f1f3cbb86e8c51e8476cf
2,additive,8,1000,800,200,10000,10000,0.5,962,41260912,41760912,1041760912,2041260912,3041260912,0.3850011464261878,1.6521626852928262,1.6262558027460412,0.1620501902000984,2.7296415386740023,-0.12349189645446482,0.08541152241186317,2.644707935965171,0.0,5.255283461735871e-07,6734,0.005,1,1,0.9298096299171448,1.0,-0.07019037008285522,0.07019037008285522,-0.621451199054718,-1.0,0.378548800945282,0.378548800945282,0.22711945033706343,0.8215580300507546,0.8470889447464779,0.8274341821670532,937f988538580a06b497013b0888edeec66cf4051d59996881f744a174bd237b
2,additive,8,1000,800,200,10000,10000,0.5,963,41260912,41760912,1041760912,2041260912,3041260912,0.38576470985776995,1.6741311078310765,1.6350917551022865,0.16257327959949402,2.8027149662077075,-0.14588159910186263,0.09839286235200463,2.673525047603476,0.0,5.514362371172865e-07,6741,0.005,1,1,0.9294580221176147,1.0,-0.07054197788238525,0.07054197788238525,-0.6207398772239685,-1.0,0.3792601227760315,0.3792601227760315,0.22436221922973829,0.8145049797747282,0.8522693770628968,0.820930004119873,571b066019113b4e696752696f5d607fc3d8d9addf9da292870f808b380913f6
2,additive,8,1000,800,200,10000,10000,0.5,964,41260912,41760912,1041760912,2041260912,3041260912,0.38735707286862053,1.6547724245235569,1.6133276903915366,0.16405406076898876,2.7382717769635705,-0.14974980057423457,0.10319296243541458,2.60282623658409,0.0,5.568695158331138e-07,6748,0.005,1,1,0.929405689239502,1.0,-0.07059431076049805,0.07059431076049805,-0.61913001537323,-1.0,0.38086998462677,0.38086998462677,0.22979426574941159,0.8148257432226405,0.8432589241626778,0.8171260356903076,7c2f8b7ec6f07ee5396af8b40e708081d0b08e6f927ec971d774ed459906c3aa
2,additive,8,1000,800,200,10000,10000,0.5,965,41260912,41760912,1041760912,2041260912,3041260912,0.3879195680760954,1.6809150181272485,1.6511202672698047,0.16562858383476045,2.8254752981657285,-0.13245287250568918,0.0885645418754918,2.726198136989111,4.440892098500626e-16,5.284974644581553e-07,6755,0.005,1,1,0.931233823299408,1.0,-0.06876617670059204,0.06876617670059204,-0.6182241439819336,-1.0,0.3817758560180664,0.3817758560180664,0.2273419205871003,0.8287269963328917,0.8533650488075256,0.8334749937057495,1b7b819a62dd45bd3763d2e6f6d57e6a2e42494a621a21e1ea1c871bb32bad0e
2,additive,8,1000,800,200,10000,10000,0.5,966,41260912,41760912,1041760912,2041260912,3041260912,0.387794036442353,1.6532056592671185,1.6311019647091485,0.16672241913302582,2.733088951832828,-0.11965887584390479,0.08252873069054105,2.660493619278044,0.0,5.474961604079454e-07,6762,0.005,1,1,0.9333767890930176,1.0,-0.06662321090698242,0.06662321090698242,-0.6179717779159546,-1.0,0.3820282220840454,0.3820282220840454,0.2292674544512416,0.8220967133820198,0.8505242887191391,0.8267852663993835,b86e56eebdbb09bde8d48b8b09bf5684dcedc016e61be64e35d0f832f48eb9cc
2,additive,8,1000,800,200,10000,10000,0.5,967,41260912,41760912,1041760912,2041260912,3041260912,0.38604288128821074,1.6462238887490663,1.6225657956490185,0.16545454858857966,2.7100530918880983,-0.12139393963327291,0.08443304961147607,2.632719761210132,0.0,5.353938608010367e-07,6769,0.005,1,1,0.9340944886207581,1.0,-0.06590551137924194,0.06590551137924194,-0.6196244359016418,-1.0,0.38037556409835815,0.38037556409835815,0.22827249617240447,0.814647806104434,0.847771647529237,0.8190189599990845,6e5d784e5f6614d319fdbd5f6e759def06182d5956e331eae6660a32d79e1783
2,additive,8,1000,800,200,10000,10000,0.5,968,41260912,41760912,1041760912,2041260912,3041260912,0.38505863880944907,1.6504499632867176,1.639410251301261,0.16359265770027,2.7239850813131277,-0.09995588347086692,0.06923164846465327,2.6876659720716636,-4.440892098500626e-16,5.518934926840302e-07,6776,0.005,1,1,0.9324480295181274,1.0,-0.06755197048187256,0.06755197048187256,-0.6209130883216858,-1.0,0.3790869116783142,0.3790869116783142,0.23506281685602537,0.828921613779511,0.8505905984085442,0.8339759111404419,986fed625d7edfab13101da1738e724c6cee97532743dd230a07185fc37f9254
2,additive,8,1000,800,200,10000,10000,0.5,969,41260912,41760912,1041760912,2041260912,3041260912,0.38465063642297725,1.6386772389100248,1.642068007527668,0.1630278809622122,2.6852630933217823,-0.07595181646905438,0.05333150099817117,2.6963873413458854,0.0,5.617699692095357e-07,6783,0.005,1,1,0.9321314096450806,1.0,-0.06786859035491943,0.06786859035491943,-0.6213841438293457,-1.0,0.3786158561706543,0.3786158561706543,0.2461208267089786,0.8198000709735771,0.8569138786829928,0.8256516456604004,43a0edbde0189085690c97e45832e1b9e014e8d5188c9d84557b6bf264684711
2,additive,8,1000,800,200,10000,10000,0.5,970,41260912,41760912,1041760912,2041260912,3041260912,0.38362351891073004,1.6549556605284197,1.6707580823964634,0.16269851421574694,2.738878238315058,-0.05507209131884876,0.037960113425098224,2.7914325698931077,0.0,5.555924911249122e-07,6790,0.005,1,1,0.9332762956619263,1.0,-0.06672370433807373,0.06672370433807373,-0.6222236752510071,-1.0,0.3777763247489929,0.3777763247489929,0.26369817025330206,0.8255745110109274,0.8595644702816971,0.8344999551773071,1beb9accbadc18c1e1c52b405d6c7df803817c29f2b2585c07470853e2b2bbf0
2,additive,8,1000,800,200,10000,10000,0.5,971,41260912,41760912,1041760912,2041260912,3041260912,0.3831757084951148,1.6441334820131088,1.6577740290958962,0.16247179253615723,2.7031749066765496,-0.05871598383393314,0.040979220397311694,2.748214731544841,4.440892098500626e-16,5.580137489857862e-07,6797,0.005,1,1,0.9336276054382324,1.0,-0.06637239456176758,0.06637239456176758,-0.6226164698600769,-1.0,0.3773835301399231,0.3773835301399231,0.24546988128556324,0.834887995507185,0.8616104888938276,0.8423763513565063,5dd7691d2174ecfe4483093d269bb5ebe9a0ecade3ec270b3bee9c1357319bd9
2,additive,8,1000,800,200,10000,10000,0.5,972,41260912,41760912,1041760912,2041260912,3041260912,0.38294247202676485,1.6429202665968357,1.639736245769247,0.16162424260106012,2.6991870023946176,-0.08603814465312652,0.060149473198296596,2.6887349556894247,-4.440892098500626e-16,5.528999977855165e-07,6804,0.005,1,1,0.9325062036514282,1.0,-0.06749379634857178,0.06749379634857178,-0.6230523586273193,-1.0,0.37694764137268066,0.37694764137268066,0.2365704596159892,0.8221392183556664,0.8515462368086464,0.8306602239608765,2bdaa004daee95c1810a4263289da30a38ad362620acb16229c70b13721054ee
2,additive,8,1000,800,200,10000,10000,0.5,973,41260912,41760912,1041760912,2041260912,3041260912,0.38474752339318957,1.64428911197604,1.623958278250108,0.16484715795185714,2.7036866837629545,-0.11564667610887824,0.08063120917530787,2.637240489497055,-4.440892098500626e-16,5.276505490314776e-07,6811,0.005,1,1,0.935210645198822,1.0,-0.06478935480117798,0.06478935480117798,-0.6207467913627625,-1.0,0.37925320863723755,0.37925320863723755,0.22600064296617645,0.8170052763779814,0.8480377760384031,0.8219850063323975,fb975f31ac5d87b6af7eb307109f722238199e9256883fdb19cb9eec8861ff7e
2,additive,8,1000,800,200,10000,10000,0.5,974,41260912,41760912,1041760912,2041260912,3041260912,0.385822454892105,1.648560669264747,1.6310702678731361,0.16796374857725582,2.7177522802466303,-0.11266290504207095,0.07808315434834265,2.660390218739744,0.0,5.536153349083861e-07,6818,0.005,1,1,0.9389556646347046,1.0,-0.06104433536529541,0.06104433536529541,-0.6190373301506042,-1.0,0.38096266984939575,0.38096266984939575,0.2306256350906589,0.8327723553890242,0.8457563680496117,0.8378170728683472,16bbd23e62dad62323e3dbd462921fc3e4b3b2f5b54daa5f422b19e3cf1c122b
2,additive,8,1000,800,200,10000,10000,0.5,975,41260912,41760912,1041760912,2041260912,3041260912,0.38714762495165217,1.6577549582226059,1.621825978584172,0.1690388528380346,2.748151501511634,-0.14343542476958082,0.09833806323657408,2.6303195048105072,4.440892098500626e-16,5.510591414292776e-07,6825,0.005,1,1,0.9386016130447388,1.0,-0.06139838695526123,0.06139838695526123,-0.6177520155906677,-1.0,0.3822479844093323,0.3822479844093323,0.23358763505798186,0.812291210403977,0.8491267531147346,0.8164220452308655,06f426f5a6749b70d4180ff71d695ed66d14262aef46d05230387882bb1f3dd2
2,additive,8,1000,800,200,10000,10000,0.5,976,41260912,41760912,1041760912,2041260912,3041260912,0.3878168562330661,1.7424775925688907,1.6943518451150086,0.1713022616670777,3.036228160604677,-0.16835112361356042,0.10497242516834782,2.870828175044634,0.0,5.590102976071876e-07,6832,0.005,1,1,0.9415028095245361,1.0,-0.05849719047546387,0.05849719047546387,-0.6166203022003174,-1.0,0.3833796977996826,0.3833796977996826,0.2352361257024934,0.8280054460040611,0.8636738494333964,0.8293455839157104,1bbe7c29f5e3736e89e3151d1b005c315700589f47948cd0f8d8e99d8ae08c28
2,additive,8,1000,800,200,10000,10000,0.5,977,41260912,41760912,1041760912,2041260912,3041260912,0.38631685781261665,1.6786964517727196,1.6281462579640107,0.17071215303894116,2.8180217771943186,-0.16893684645552434,0.1130491040012648,2.6508602373222105,-4.440892098500626e-16,5.320110183504312e-07,6839,0.005,1,1,0.9430522322654724,1.0,-0.05694776773452759,0.05694776773452759,-0.6179035902023315,-1.0,0.38209640979766846,0.38209640979766846,0.25178068255609204,0.8197971166780783,0.8508420265989218,0.8223229050636292,08d63c8cec44943fec584bf9dfc619e7b50cb80b289a8c2949b0e32ed424ec59
2,additive,8,1000,800,200,10000,10000,0.5,978,41260912,41760912,1041760912,2041260912,3041260912,0.38754262891529945,1.6751229283842797,1.6434988693452866,0.1719966295710439,2.806036825198724,-0.13847246061526655,0.09299590667356816,2.701088533539235,0.0,5.295255167681034e-07,6846,0.005,1,1,0.9432312846183777,1.0,-0.056768715381622314,0.056768715381622314,-0.6166377663612366,-1.0,0.3833622336387634,0.3833622336387634,0.22364672917057965,0.8275769463325824,0.8533812169297674,0.8330287933349609,16f3f80a5ea6cf7c2047360d725706a06138384c00b9c4bc1096ba2751a3e9da
2,additive,8,1000,800,200,10000,10000,0.5,979,41260912,41760912,1041760912,2041260912,3041260912,0.3899940086257394,1.6887900818933055,1.6558086209103007,0.17452507291202238,2.8520119407011975,-0.14241741226617424,0.09411245368920815,2.741702189080872,8.881784197001252e-16,5.621738292660439e-07,6853,0.005,1,1,0.9434924125671387,1.0,-0.05650758743286133,0.05650758743286133,-0.6141214966773987,-1.0,0.3858785033226013,0.3858785033226013,0.22397634245612383,0.8201562496656578,0.8535281614932104,0.8224992752075195,cab6beece522328120e1d1e49984a0f4e4b370012cc4658c4a84f51f6271f258
2,additive,8,1000,800,200,10000,10000,0.5,980,41260912,41760912,1041760912,2041260912,3041260912,0.39120586448232875,1.7095113419634527,1.6787729318718139,0.17613375861354444,2.922429028301685,-0.14014211506487223,0.09045620482933027,2.8182785567854856,4.440892098500626e-16,5.682755173097576e-07,6860,0.005,1,1,0.9442527294158936,1.0,-0.055747270584106445,0.055747270584106445,-0.6127865314483643,-1.0,0.38721346855163574,0.38721346855163574,0.22612618506664411,0.82415240407299,0.8572134173217546,0.829405665397644,9d49b9722438afe7f823575db3bca38bb94d850c34f8ca8552480a1ec2043f30
2,additive,8,1000,800,200,10000,10000,0.5,981,41260912,41760912,1041760912,2041260912,3041260912,0.3931515972352177,1.6741019830594748,1.6376937242991836,0.17775730587813868,2.802617449683666,-0.14916701047643732,0.10009949936535356,2.6820407346089303,4.440892098500626e-16,5.332576389349697e-07,6867,0.005,1,1,0.9437384009361267,1.0,-0.05626159906387329,0.05626159906387329,-0.6108948588371277,-1.0,0.3891051411628723,0.3891051411628723,0.2304481538757812,0.8223797810432392,0.8528217263440163,0.825950562953949,4e915e87cf3c3c06245b8a37b2494a5c0083b1302422dca94ea9b61781c31849
2,additive,8,1000,800,200,10000,10000,0.5,982,41260912,41760912,1041760912,2041260912,3041260912,0.3944176182055961,1.714561382833853,1.7034137535290939,0.17816726506519762,2.9397207355051345,-0.10813479242912795,0.06936412880087268,2.9016184157120763,4.440892098500626e-16,5.460313037275455e-07,6874,0.005,1,1,0.9422491788864136,1.0,-0.057750821113586426,0.057750821113586426,-0.6098332405090332,-1.0,0.3901667594909668,0.3901667594909668,0.22931808134932333,0.8397769890694566,0.8642582605850821,0.8459582328796387,6673444e97d9f7b6ccf734fc1f04d8d32d178e5e3d7f854af0e2da9daaba9596
2,additive,8,1000,800,200,10000,10000,0.5,983,41260912,41760912,1041760912,2041260912,3041260912,0.3950250801418242,1.6357479463695621,1.6373419583371451,0.17990811897712225,2.67567134405224,-0.08734538724902254,0.061175245430825136,2.6808886885313172,4.440892098500626e-16,5.485217808853804e-07,6881,0.005,1,1,0.9442744851112366,1.0,-0.05572551488876343,0.05572551488876343,-0.6089252233505249,-1.0,0.3910747766494751,0.3910747766494751,0.23659855871874705,0.8334534809127535,0.853388671226877,0.8395199179649353,644e71b3eb381af83b4a43abc25eeda1e06ddd38666f7455704d090036f91430
2,additive,8,1000,800,200,10000,10000,0.5,984,41260912,41760912,1041760912,2041260912,3041260912,0.3939977287546609,1.7156544103107851,1.6814671203297078,0.17780596762506615,2.943470055618848,-0.14697217324701678,0.09417441594561056,2.82733167674988,0.0,5.369166657942515e-07,6888,0.005,1,1,0.9423423409461975,1.0,-0.05765765905380249,0.05765765905380249,-0.6102439165115356,-1.0,0.38975608348846436,0.38975608348846436,0.23525971468488835,0.8287384438343414,0.8623234175780939,0.833861231803894,10680c1e0719d0bebd0566155a2da15890decb2fc31cd39020f0c9c835b3dc20
2,additive,8,1000,800,200,10000,10000,0.5,985,41260912,41760912,1041760912,2041260912,3041260912,0.39445820415038757,1.6581313864162717,1.6386738452284213,0.17871367726806306,2.7493996946187473,-0.12143070042555514,0.08294125602609978,2.6852519710357,-4.440892098500626e-16,5.206745434804816e-07,6895,0.005,1,1,0.9431478381156921,1.0,-0.05685216188430786,0.05685216188430786,-0.609660267829895,-1.0,0.390339732170105,0.390339732170105,0.2219300071300964,0.8367946314292596,0.8517604489747479,0.8390309810638428,f728ec0cccdd4c98245e7ab527b48f396e4dce598803599474584d8480d9c327
2,additive,8,1000,800,200,10000,10000,0.5,986,41260912,41760912,1041760912,2041260912,3041260912,0.3938271718055096,1.65470413903791,1.6371979472150329,0.1759117409492404,2.7380457877491913,-0.11677020516665702,0.08014544070504309,2.6804171183651175,0.0,5.584379074718981e-07,6902,0.005,1,1,0.9392861127853394,1.0,-0.060713887214660645,0.060713887214660645,-0.6108809113502502,-1.0,0.38911908864974976,0.38911908864974976,0.23003963946216152,0.8233878385590555,0.8488333002211721,0.8308612108230591,df8bee928f5f829c42225e97426461411ae673e0206bc36af96c7e2a099177cf
2,additive,8,1000,800,200,10000,10000,0.5,987,41260912,41760912,1041760912,2041260912,3041260912,0.3938251291653937,1.6620458919221703,1.6668551933474334,0.17545657905122602,2.762396546855363,-0.07972344515863967,0.05427326809201048,2.7784062355893098,0.0,5.427753819731151e-07,6909,0.005,1,1,0.9384868741035461,1.0,-0.06151312589645386,0.06151312589645386,-0.6110085248947144,-1.0,0.38899147510528564,0.38899147510528564,0.26742608063378,0.8288422179818656,0.8633660900260668,0.8384900689125061,1199c33720b6b891b5b170d8c219abb1cde1eee05e2222ecf6a0d9a052cb9e74
2,additive,8,1000,800,200,10000,10000,0.5,988,41260912,41760912,1041760912,2041260912,3041260912,0.3942869694931583,1.6942917302547826,1.705393231222149,0.17690906247506447,2.8706244672097454,-0.06958372829324412,0.04566560309539288,2.9083660730983216,0.0,5.45844448751609e-07,6916,0.005,1,1,0.9402499794960022,1.0,-0.0597500205039978,0.0597500205039978,-0.6102665662765503,-1.0,0.3897334337234497,0.3897334337234497,0.24942380203283726,0.8551854464427617,0.8654857059209539,0.8611934185028076,c808d96369070113ad094130dc609b3f2d225ac62249887e4c62e3092e3fb84d
2,additive,8,1000,800,200,10000,10000,0.5,989,41260912,41760912,1041760912,2041260912,3041260912,0.39313224347744796,1.6297463965419627,1.6422010943087304,0.17597464496522525,2.6560733170415123,-0.06761176392897274,0.047747612212799016,2.6968244341487915,-4.440892098500626e-16,5.506547609002155e-07,6923,0.005,1,1,0.9406026601791382,1.0,-0.059397339820861816,0.059397339820861816,-0.6113807559013367,-1.0,0.38861924409866333,0.38861924409866333,0.24562433136322895,0.819395034918827,0.8542192235411435,0.8252084255218506,faa5fd58c63228a11afa4446a12e97505bd2f493665c6422e1314950317d6ed1
2,additive,8,1000,800,200,10000,10000,0.5,990,41260912,41760912,1041760912,2041260912,3041260912,0.3919623292062086,1.6553564241271281,1.6492972998933184,0.17553169579543074,2.7402048908989527,-0.09777750162949651,0.06706881689909334,2.7201815834353904,0.0,5.295797702586924e-07,6930,0.005,1,1,0.9418522715568542,1.0,-0.05814772844314575,0.05814772844314575,-0.6123747825622559,-1.0,0.38762521743774414,0.38762521743774414,0.24637039231339317,0.8404231926109408,0.8549949382313327,0.8494192361831665,15f2c6705760505f62f83c8b0893a13adde1b6dac3bcfe5c96f13e1be7e228ce
2,additive,8,1000,800,200,10000,10000,0.5,991,41260912,41760912,1041760912,2041260912,3041260912,0.39209678367058554,1.6981966119994973,1.6901917613663477,0.17665495088563382,2.8838717330065715,-0.10188924685076421,0.0665828188246261,2.856748190190677,0.0,5.554018986941855e-07,6937,0.005,1,1,0.9436215162277222,1.0,-0.05637848377227783,0.05637848377227783,-0.6119776368141174,-1.0,0.38802236318588257,0.38802236318588257,0.23460001950973364,0.840907254794455,0.8639954727313969,0.8467625379562378,58d85a7d0cf2b5d86595369cc022f91cd971520de3c47e1ab92f57d95319cc23
2,additive,8,1000,800,200,10000,10000,0.5,992,41260912,41760912,1041760912,2041260912,3041260912,0.39154315142336366,1.6889550773709572,1.6400956391703199,0.17542588883908766,2.852569253377136,-0.16904071829536188,0.11165190851108107,2.6899137056255,0.0,5.298088829874814e-07,6944,0.005,1,1,0.9423952102661133,1.0,-0.05760478973388672,0.05760478973388672,-0.6127175092697144,-1.0,0.38728249073028564,0.38728249073028564,0.21550012863539217,0.8313379633614477,0.8526479071617905,0.8360587358474731,00ba97f60174ac6f08f0b5ed385143f66778e35171e7f1b1c28cf4e21ec16413
2,additive,8,1000,800,200,10000,10000,0.5,993,41260912,41760912,1041760912,2041260912,3041260912,0.3912646734350435,1.6800080728422915,1.6338401588425044,0.1728855879356127,2.8224271248152704,-0.16293952405219142,0.10879633592750884,2.6694336646465002,0.0,5.586591029782539e-07,6951,0.005,1,1,0.938360333442688,1.0,-0.06163966655731201,0.06163966655731201,-0.613621175289154,-1.0,0.38637882471084595,0.38637882471084595,0.23065838890255705,0.8244604575936458,0.851878937716167,0.8280966877937317,141b27d5669c693e2e45144b3d510dea06d3efee5537678e6d497c31dc95ee0e
2,additive,8,1000,800,200,10000,10000,0.5,994,41260912,41760912,1041760912,2041260912,3041260912,0.3913961748608659,1.6382993000076895,1.6252033747639434,0.1726573205683978,2.6840245964056857,-0.10769795381498623,0.07540073199963711,2.641286009344111,0.0,5.668234059896804e-07,6958,0.005,1,1,0.9377297163009644,1.0,-0.062270283699035645,0.062270283699035645,-0.6135891079902649,-1.0,0.3864108920097351,0.3864108920097351,0.23386020596822646,0.8432582844262194,0.8471224874551517,0.8467400670051575,a7eae07aec79a905c3cf18a9ff5c27df506612a0412d1f14b073f5dd367a5bd5
2,additive,8,1000,800,200,10000,10000,0.5,995,41260912,41760912,1041760912,2041260912,3041260912,0.39086319058732855,1.6849730547723616,1.6478478332711324,0.17111706194113843,2.8391341953089038,-0.14742438781683836,0.09794822771805109,2.7154024816163655,0.0,5.596813679176194e-07,6965,0.005,1,1,0.9359215497970581,1.0,-0.0640784502029419,0.0640784502029419,-0.6144251227378845,-1.0,0.3855748772621155,0.3855748772621155,0.2226456695599348,0.8191031452787938,0.8546947954713178,0.8255223035812378,c48a234621b5dc575dd046c5380e152deb6692c1c16135c94979de73b57d8c53
2,additive,8,1000,800,200,10000,10000,0.5,996,41260912,41760912,1041760912,2041260912,3041260912,0.39185873487521133,1.6530830497568,1.6222229016393004,0.17033477864304677,2.732683569393243,-0.135705602716629,0.09349276266781113,2.6316071426030314,-4.440892098500626e-16,5.436010734882757e-07,6972,0.005,1,1,0.9328518509864807,1.0,-0.06714814901351929,0.06714814901351929,-0.6139373183250427,-1.0,0.3860626816749573,0.3860626816749573,0.21661920923340744,0.822349814746315,0.8471604073640445,0.8289028406143188,76ffb0debc6c92c695950bb1322640799fdedc35a53b3f531be00e834f8a574d
2,additive,8,1000,800,200,10000,10000,0.5,997,41260912,41760912,1041760912,2041260912,3041260912,0.39246051982587016,1.66110026473113,1.6454717251841857,0.17138050823734724,2.7592540894898296,-0.11152869967327807,0.07611232035530666,2.7075771983806205,-4.440892098500626e-16,5.315963704788373e-07,6979,0.005,1,1,0.9336625933647156,1.0,-0.06633740663528442,0.06633740663528442,-0.6131865978240967,-1.0,0.3868134021759033,0.3868134021759033,0.23891602391468006,0.8320897635613221,0.8512452466211634,0.8381848335266113,bc59eae2995897c14ed6b939896be13a95a9f95e3238e96964676cd458302035
2,additive,8,1000,800,200,10000,10000,0.5,998,41260912,41760912,1041760912,2041260912,3041260912,0.39112665072387415,1.708969742396662,1.6875665929432098,0.1698553893559588,2.9205775804273135,-0.12127598208265958,0.07848478402116225,2.8478810056179533,4.440892098500626e-16,5.315844138209513e-07,6986,0.005,1,1,0.9332519173622131,1.0,-0.06674808263778687,0.06674808263778687,-0.6146109104156494,-1.0,0.3853890895843506,0.3853890895843506,0.22475089952844793,0.8391744175100776,0.8621055713916234,0.8460803031921387,6facc0900adec6f6726f2f5886890ab2e5e8104f67fb782acf80524aed262331
2,additive,8,1000,800,200,10000,10000,0.5,999,41260912,41760912,1041760912,2041260912,3041260912,0.39091865634108547,1.6415152347729283,1.6307041828925555,0.16970523871969398,2.694572265991622,-0.10254068630401958,0.07159968692653224,2.659196132103277,4.440892098500626e-16,5.616320919443751e-07,6993,0.005,1,1,0.9333409070968628,1.0,-0.06665909290313721,0.06665909290313721,-0.614806592464447,-1.0,0.385193407535553,0.385193407535553,0.22694198240403513,0.8383441473675327,0.8522742681842157,0.8397037982940674,671a99e622b9742ddce320d02e972f58afe34612f891fed866b86de8700eda0b
2,additive,8,1000,800,200,10000,10000,0.5,1000,41260912,41760912,1041760912,2041260912,3041260912,0.38953349779047136,1.6580630740950164,1.6356371793314664,0.16856078413103345,2.749173157677416,-0.121212479698527,0.08308672560007163,2.675308982411395,0.0,5.372898126410064e-07,7000,0.005,1,1,0.9336759448051453,1.0,-0.06632405519485474,0.06632405519485474,-0.6161543726921082,-1.0,0.38384562730789185,0.38384562730789185,0.2234103833961275,0.8264409068981852,0.84793145028821,0.8365806341171265,6c8c56e7ff212cdf90cdb0ed6b7e9edc1ed5eacdec82743e8306503fae33c652
