case,method,tau,n,epochs,rep,n_train,n_val,data_seed,fit_seed,data_sha256,epochs_run,optimizer_updates,projection_1_epochs_run,projection_2_epochs_run,projection_1_seed,projection_2_seed,density_zero,last_epoch_train_loss,last_epoch_validation_loss,training_loss,theta_hat_1,theta_0_1,estimated_se_1,theta_error_1,root_n_train_error_1,T_1,ci_lower_1,ci_upper_1,covered_1,theta_hat_2,theta_0_2,estimated_se_2,theta_error_2,root_n_train_error_2,T_2,ci_lower_2,ci_upper_2,covered_2
3,DPLQR,0.5,500,200,1,400,100,50760905,51260905,07186b455866b49073d60cc9802ff5f48c8881aeb8da4aebf4cb26e3a7a6f9dd,200,800,200,200,51760905,51760906,0.8490932753841118,0.36507871001958847,0.7236263155937195,0.3580050505588038,0.5415707230567932,1.0,0.1919018969264508,-0.4584292769432068,-9.168585538864136,-2.3888730871634194,0.16544991651603197,0.9176915295975545,False,-0.4436948597431183,-1.0,0.16519324224965012,0.5563051402568817,11.126102805137634,3.3676022861525983,-0.767467665041833,-0.11992205444440363,False
3,DPLQR,0.5,500,200,2,400,100,50760906,51260906,0b662ac19523ed2889b3077c71c9d322b6c1ac2d4368d58f7509486b9ef32843,200,800,200,200,51760906,51760907,1.0530669110421627,0.3560994043946266,0.7496069073677063,0.3439162062006289,0.633302628993988,1.0,0.15097845487119732,-0.36669737100601196,-7.333947420120239,-2.4288059598891025,0.3373902950049354,0.9292149629830406,False,-0.6989424228668213,-1.0,0.12780028545221825,0.3010575771331787,6.021151542663574,2.3556878301788897,-0.9494263795671073,-0.4484584661665353,False
3,DPLQR,0.5,500,200,3,400,100,50760907,51260907,272be430285a9081050cf3428e716df06250ce566272b36a49c7319ae16c5c00,200,800,200,200,51760907,51760908,0.8907339854386749,0.3069379925727844,0.7773045301437378,0.33813513475437645,0.4707728624343872,1.0,0.16019494388161976,-0.5292271375656128,-10.584542751312256,-3.30364445182926,0.1567965419209974,0.7847491829477771,False,-0.5704231858253479,-1.0,0.23081262098809638,0.4295768141746521,8.591536283493042,1.8611495867758745,-1.0228076101393107,-0.1180387615113852,True
3,DPLQR,0.5,500,200,4,400,100,50760908,51260908,df31a25deed2ec21948f961dc569df7e2a4d86f11608629c6d72817da887528d,200,800,200,200,51760908,51760909,1.1018077803256294,0.41970354318618774,0.7518229484558105,0.35921636385949485,0.6916254758834839,1.0,0.16599624865135157,-0.3083745241165161,-6.167490482330322,-1.8577198377790285,0.3662788069580793,1.0169721448088884,True,-0.5209836959838867,-1.0,0.18206048965168412,0.4790163040161133,9.580326080322266,2.631083245643035,-0.8778156987089147,-0.16415169325885864,False
3,DPLQR,0.5,500,200,5,400,100,50760909,51260909,f5f113ffe37c6a66f157d5902d6d3eb886b0eceec7e63fa250f609c9bfca685b,200,800,200,200,51760909,51760910,0.9325859096851555,0.43874500691890717,0.7201151847839355,0.37969759951777915,0.9164921641349792,1.0,0.23546303684272313,-0.08350783586502075,-1.670156717300415,-0.3546536942050891,0.4549930922328141,1.3779912360371445,True,-0.4870426058769226,-1.0,0.2297257322840847,0.5129573941230774,10.259147882461548,2.2329122167678683,-0.937296767475819,-0.036788444278026244,False
3,DPLQR,0.5,500,200,6,400,100,50760910,51260910,956bf85b0f4610432ed7b33baa1747cd99ee08fe115f51a17472a33191cf9f1b,200,800,200,200,51760910,51760911,0.6274946282313377,0.29999246820807457,0.6955918669700623,0.33313834822805105,0.9621322154998779,1.0,0.264459128695135,-0.03786778450012207,-0.7573556900024414,-0.14318955328547406,0.4438018478745702,1.4804625831251856,True,-0.4498400092124939,-1.0,0.21956268975447052,0.5501599907875061,11.003199815750122,2.5057080116969384,-0.8801749734799976,-0.01950504494499017,False
3,DPLQR,0.5,500,200,7,400,100,50760911,51260911,9ecfa137ee26905330209ee5b860e4059da89bc34c22ebabd81abb9a738e5206,200,800,200,200,51760911,51760912,0.8339287136534792,0.4639348238706589,0.7053265571594238,0.38467513250785634,0.7239027619361877,1.0,0.1908048704842591,-0.27609723806381226,-5.521944761276245,-1.44701357655642,0.34993208771221035,1.0978734361601652,True,-0.7191164493560791,-1.0,0.2063187776124437,0.2808835506439209,5.617671012878418,1.3614056553375973,-1.1234938228107976,-0.3147390759013607,True
3,DPLQR,0.5,500,200,8,400,100,50760912,51260912,4e7013110c848a4e791c36483904d62cd0b05a46f5187d6837c5c0e9ef13024c,200,800,200,200,51760912,51760913,0.8696384560978421,0.3268960490822792,0.6222195625305176,0.32162621944766456,0.4011809229850769,1.0,0.18925925763303855,-0.5988190770149231,-11.976381540298462,-3.164014719829423,0.03023959428353401,0.7721222516866197,False,-0.7565796971321106,-1.0,0.20165188732970302,0.2434203028678894,4.868406057357788,1.2071312899238804,-1.1518101337128575,-0.36134926055136385,True
3,DPLQR,0.5,500,200,9,400,100,50760913,51260913,bfa707ba756b604bb7403a854c2e49eb7947700c48d8a71acfb7344535a0fcf1,200,800,200,200,51760913,51760914,0.9956763002569764,0.34283439815044403,0.7207984924316406,0.3166693334899764,0.8438100218772888,1.0,0.20380525474373629,-0.15618997812271118,-3.1237995624542236,-0.7663687490251597,0.4443590627195547,1.2432609810350228,True,-1.0938271284103394,-1.0,0.23800660647520516,-0.09382712841033936,-1.876542568206787,-0.3942206890803848,-1.560311505184339,-0.6273427516363397,True
3,DPLQR,0.5,500,200,10,400,100,50760914,51260914,daf4bda9b630ee6234bbcc97d3680cd6d153ff2f3c72a437ea0fee22d323a3a0,200,800,200,200,51760914,51760915,0.8455824666992221,0.36226918548345566,0.7338314652442932,0.35810058322213295,0.6775006651878357,1.0,0.20296760192013935,-0.3224993348121643,-6.449986696243286,-1.5889202599883725,0.27969147539589984,1.0753098549797715,True,-0.8232408165931702,-1.0,0.20892049089755949,0.17675918340682983,3.5351836681365967,0.8460595829898783,-1.232717454384815,-0.4137641788015254,True
3,DPLQR,0.5,500,200,11,400,100,50760915,51260915,22b6507fa8101718890ddd8e426616d653728ac3a53ec725c87a240c643a2ed5,200,800,200,200,51760915,51760916,1.0751227393773983,0.3276965469121933,0.7752044796943665,0.32463295168324097,0.8901036381721497,1.0,0.11341165235450862,-0.10989636182785034,-2.197927236557007,-0.9690041503348352,0.6678208841301355,1.1123863922141637,True,-0.7599530816078186,-1.0,0.1749974208565966,0.2400469183921814,4.800938367843628,1.3717168928386108,-1.1029417238741464,-0.41696443934149074,True
3,DPLQR,0.5,500,200,12,400,100,50760916,51260916,5306340881a59e856eb800d53125d513bcffc6a7aec479099bc2abc2aeca4289,200,800,200,200,51760916,51760917,1.0890690910952199,0.2666417360305786,0.7144334316253662,0.27871434635056913,0.8670622706413269,1.0,0.18007327654854943,-0.1329377293586731,-2.658754587173462,-0.7382424083499799,0.5141251340280488,1.219999407254605,True,-0.5919128060340881,-1.0,0.17190735920336997,0.40808719396591187,8.161743879318237,2.3738785579454817,-0.9288450387500835,-0.2549805733180928,False
3,DPLQR,0.5,500,200,13,400,100,50760917,51260917,941a5bcfb949cc48da8c5716148e5b19ba0caf12c56bfabb46528f8e9cd2a639,200,800,200,200,51760917,51760918,1.226922071166912,0.3462132513523102,0.7163093686103821,0.3489273079554184,0.5650147199630737,1.0,0.1560040404726447,-0.43498528003692627,-8.699705600738525,-2.7882949615859527,0.25925241919396114,0.8707770207321863,False,-0.7946223616600037,-1.0,0.12173017715224776,0.20537763833999634,4.107552766799927,1.6871546821387666,-1.0332091247100899,-0.5560355986099175,True
3,DPLQR,0.5,500,200,14,400,100,50760918,51260918,3836b881414d7651c029c3e6b3f5459e13cd288dbe974a10bab43d45907c03c9,200,800,200,200,51760918,51760919,1.040663948547712,0.3457532748579979,0.7181157469749451,0.34891150071635285,0.6571577191352844,1.0,0.24548406746428816,-0.3428422808647156,-6.8568456172943115,-1.3965968724817166,0.17601778812687874,1.13829765014369,True,-0.902337372303009,-1.0,0.18353489779568508,0.09766262769699097,1.9532525539398193,0.5321202064018967,-1.2620591618887915,-0.5426155827172265,True
3,DPLQR,0.5,500,200,15,400,100,50760919,51260919,5ad80f8887cde7f3b4198ba08c89f6b396f526062c5e7bc771d266eea837cded,200,800,200,200,51760919,51760920,0.9096870844518445,0.44045183807611465,0.6430520415306091,0.44011357150530084,1.0305954217910767,1.0,0.18969834522113838,0.03059542179107666,0.6119084358215332,0.16128460032379538,0.6587934972307996,1.4023973463513537,True,-0.6800075769424438,-1.0,0.19243948731707808,0.31999242305755615,6.399848461151123,1.6628210120426692,-1.0571820412872694,-0.3028331125976183,True
3,DPLQR,0.5,500,200,16,400,100,50760920,51260920,afdbae6a221ff658959261123855ad2d5d17b1e20aa51367f509c2e1fbb6dfed,200,800,200,200,51760920,51760921,0.7409238395460943,0.38950447738170624,0.6673914194107056,0.41384502118722993,0.7834898829460144,1.0,0.2525284454161298,-0.2165101170539856,-4.330202341079712,-0.8573692230877544,0.28854322485851114,1.2784365410335177,True,-0.6576181650161743,-1.0,0.25254676715919,0.3423818349838257,6.847636699676514,1.3557165622635319,-1.1526007330602095,-0.16263559697213903,True
3,DPLQR,0.5,500,200,17,400,100,50760921,51260921,3267aea22e794544fd05ab6da634d384959c9d2406c4714b1b2a3293a76386e1,200,800,200,200,51760921,51760922,1.0155599872025711,0.42609379440546036,0.5678853988647461,0.39871797781240587,0.6961046457290649,1.0,0.24890665335511117,-0.30389535427093506,-6.077907085418701,-1.2209209764970501,0.20825656964065126,1.1839527218174786,True,-0.9034563899040222,-1.0,0.19349080438939825,0.09654361009597778,1.9308722019195557,0.4989570972152494,-1.2826913978469274,-0.524221381961117,True
3,DPLQR,0.5,500,200,18,400,100,50760922,51260922,17906c62fe04baf17b6bcbc78e84d451a85b3c9c4e821355f0baea8597613acd,200,800,200,200,51760922,51760923,0.9331875124160909,0.369155440479517,0.6194984912872314,0.401956208268884,0.9936079978942871,1.0,0.16198319129728367,-0.006392002105712891,-0.1278400421142578,-0.03946089748276295,0.6761267768507492,1.3110892189378252,True,-0.7219648957252502,-1.0,0.22048981059718978,0.27803510427474976,5.560702085494995,1.260988448952359,-1.1541169834538,-0.28981280799670034,True
3,DPLQR,0.5,500,200,19,400,100,50760923,51260923,e8a950b6446040c8dea1b96f44b99dd873301bf985d31795cc9c9eaf66118e2b,200,800,200,200,51760923,51760924,1.037771089547379,0.2779480032622814,0.798744261264801,0.3052935841232584,0.6534720063209534,1.0,0.18594144712464689,-0.34652799367904663,-6.930559873580933,-1.8636404042114918,0.2890334667233867,1.01791054591852,True,-0.3567276895046234,-1.0,0.1340413863104787,0.6432723104953766,12.865446209907532,4.799057426975363,-0.6194439791109819,-0.0940113998982649,False
3,DPLQR,0.5,500,200,20,400,100,50760924,51260924,7182367abc879414591563ca3db96364533ee54ea069680d7f711658b291f995,200,800,200,200,51760924,51760925,0.8612892915515193,0.3533429354429245,0.6296486258506775,0.35800599311878434,0.7790745496749878,1.0,0.2243293810614756,-0.2209254503250122,-4.418509006500244,-0.984826192983029,0.33939704212033395,1.2187520572296417,True,-0.6672267317771912,-1.0,0.23082280823523024,0.33277326822280884,6.655465364456177,1.4416827815545916,-1.119631122728638,-0.21482234082574447,True
3,DPLQR,0.5,500,500,1,400,100,50760905,51260905,07186b455866b49073d60cc9802ff5f48c8881aeb8da4aebf4cb26e3a7a6f9dd,500,2000,500,500,51760905,51760906,0.6794586471908489,0.2190011404454708,0.8305241465568542,0.3178333558983401,0.6790894269943237,1.0,0.27862449281503754,-0.32091057300567627,-6.418211460113525,-1.1517672756024,0.13299545586611106,1.2251833981225364,True,-0.6407412886619568,-1.0,0.3500574703461673,0.3592587113380432,7.185174226760864,1.0262849439629924,-1.3268413230596425,0.04535874573572907,True
3,DPLQR,0.5,500,500,2,400,100,50760906,51260906,0b662ac19523ed2889b3077c71c9d322b6c1ac2d4368d58f7509486b9ef32843,500,2000,500,500,51760906,51760907,0.8273943899774896,0.20861108228564262,0.905967652797699,0.2782080738263981,0.6995807886123657,1.0,0.3022343632618434,-0.3004192113876343,-6.0083842277526855,-0.9939942240365417,0.10721232172875705,1.2919492554959744,True,-0.737991452217102,-1.0,0.28030195978400774,0.26200854778289795,5.240170955657959,0.9347367673946835,-1.2873731981897518,-0.18860970624445228,True
3,DPLQR,0.5,500,500,3,400,100,50760907,51260907,272be430285a9081050cf3428e716df06250ce566272b36a49c7319ae16c5c00,500,2000,500,500,51760907,51760908,1.325264426826845,0.20822913572192192,0.8403828144073486,0.2173448582525252,0.4086968004703522,1.0,0.1345994558593324,-0.5913031995296478,-11.826063990592957,-4.393057874970972,0.14488671464737196,0.6725068862933323,False,-0.5801236629486084,-1.0,0.26575338618589855,0.4198763370513916,8.397526741027832,1.5799472702021629,-1.1009907286425338,-0.05925659725468291,True
3,DPLQR,0.5,500,500,4,400,100,50760908,51260908,df31a25deed2ec21948f961dc569df7e2a4d86f11608629c6d72817da887528d,500,2000,500,500,51760908,51760909,1.3754452789890568,0.2079142928123474,0.8322206139564514,0.2144602710530237,0.9123201966285706,1.0,0.14832467562664883,-0.08767980337142944,-1.7535960674285889,-0.5911343004863879,0.6216091743817529,1.2030312188753882,True,-0.6858800649642944,-1.0,0.3885727475620464,0.31411993503570557,6.282398700714111,0.80839414757348,-1.4474686555596796,0.07570852563109065,True
3,DPLQR,0.5,500,500,5,400,100,50760909,51260909,f5f113ffe37c6a66f157d5902d6d3eb886b0eceec7e63fa250f609c9bfca685b,500,2000,500,500,51760909,51760910,0.9347902857119036,0.22826708853244781,0.8477943539619446,0.2913280371396974,0.8913462162017822,1.0,0.26726500668865666,-0.10865378379821777,-2.1730756759643555,-0.4065395060296507,0.3675164287641586,1.4151760036394059,True,-0.6853400468826294,-1.0,0.34595549695994127,0.3146599531173706,6.293199062347412,0.9095388160686043,-1.3634003611777703,-0.0072797325874883745,True
3,DPLQR,0.5,500,500,6,400,100,50760910,51260910,956bf85b0f4610432ed7b33baa1747cd99ee08fe115f51a17472a33191cf9f1b,500,2000,500,500,51760910,51760911,1.3237632353541862,0.1604662984609604,0.7932487726211548,0.19751547943997771,0.957028865814209,1.0,0.13376894864245947,-0.042971134185791016,-0.8594226837158203,-0.3212339980382532,0.6948465442252003,1.2192111874032177,True,-0.5160126090049744,-1.0,0.26487212923260234,0.48398739099502563,9.679747819900513,1.8272492179424555,-1.0351524428093137,0.0031272247993650026,True
3,DPLQR,0.5,500,500,7,400,100,50760911,51260911,9ecfa137ee26905330209ee5b860e4059da89bc34c22ebabd81abb9a738e5206,500,2000,500,500,51760911,51760912,0.851608244257589,0.19911668822169304,0.8354083299636841,0.2789454629196603,0.6922509670257568,1.0,0.19605179541910073,-0.30774903297424316,-6.154980659484863,-1.5697333060192935,0.30799650889990465,1.076505425151609,True,-0.9717682600021362,-1.0,0.646198982151562,0.02823173999786377,0.5646347999572754,0.04368892675111362,-2.238294991865639,0.2947584718613665,True
3,DPLQR,0.5,500,500,8,400,100,50760912,51260912,4e7013110c848a4e791c36483904d62cd0b05a46f5187d6837c5c0e9ef13024c,500,2000,500,500,51760912,51760913,1.1449357802102638,0.17713717743754387,0.7392053008079529,0.22381056980266378,0.3865297734737396,1.0,0.19567773505566866,-0.6134702265262604,-12.269404530525208,-3.1351049027204514,0.0030084601882582884,0.770051086759221,False,-0.9725165963172913,-1.0,0.289383890379471,0.02748340368270874,0.5496680736541748,0.09497212732425973,-1.5396985991671415,-0.40533459346744105,True
3,DPLQR,0.5,500,500,9,400,100,50760913,51260913,bfa707ba756b604bb7403a854c2e49eb7947700c48d8a71acfb7344535a0fcf1,500,2000,500,500,51760913,51760914,0.967214496839714,0.19758863747119904,0.8075692653656006,0.2534666115011454,0.931620180606842,1.0,0.23139190445911367,-0.06837981939315796,-1.3675963878631592,-0.2955151760948512,0.4781003815528461,1.385139979660838,True,-1.1583127975463867,-1.0,0.5078325570355646,-0.15831279754638672,-3.1662559509277344,-0.3117421192341942,-2.1536463195129762,-0.1629792755797972,True
3,DPLQR,0.5,500,500,10,400,100,50760914,51260914,daf4bda9b630ee6234bbcc97d3680cd6d153ff2f3c72a437ea0fee22d323a3a0,500,2000,500,500,51760914,51760915,0.7339637708976958,0.267959401011467,0.835935652256012,0.30312742993306707,0.6938630938529968,1.0,0.3048655429058252,-0.3061369061470032,-6.1227381229400635,-1.0041702424913619,0.09633760963032889,1.2913885780756647,True,-0.9895067811012268,-1.0,0.6251131744289413,0.010493218898773193,0.20986437797546387,0.0167861106244626,-2.2147060892434567,0.23569252704100285,True
3,DPLQR,0.5,500,500,11,400,100,50760915,51260915,22b6507fa8101718890ddd8e426616d653728ac3a53ec725c87a240c643a2ed5,500,2000,500,500,51760915,51760916,0.6191418892319234,0.20056843757629395,0.8061912655830383,0.3166431181134154,0.8653525710105896,1.0,0.1935742889920831,-0.1346474289894104,-2.692948579788208,-0.6955852953948718,0.48595393625315847,1.2447512057680208,True,-0.745570957660675,-1.0,0.6710479064734077,0.25442904233932495,5.088580846786499,0.379151830867693,-2.0608006862495567,0.5696587709282066,True
3,DPLQR,0.5,500,500,12,400,100,50760916,51260916,5306340881a59e856eb800d53125d513bcffc6a7aec479099bc2abc2aeca4289,500,2000,500,500,51760916,51760917,0.9665151209722042,0.18954674527049065,0.7913223505020142,0.22945744367477483,1.0782607793807983,1.0,0.21258632903813246,0.07826077938079834,1.5652155876159668,0.3681364635952691,0.6615992308604772,1.4949223279011195,True,-0.7877689599990845,-1.0,0.42408698021646946,0.21223104000091553,4.2446208000183105,0.500442243929736,-1.6189641675357151,0.04342624753754609,True
3,DPLQR,0.5,500,500,13,400,100,50760917,51260917,941a5bcfb949cc48da8c5716148e5b19ba0caf12c56bfabb46528f8e9cd2a639,500,2000,500,500,51760917,51760918,1.088718579759874,0.2142667956650257,0.8686007857322693,0.2447433051688622,0.5625371336936951,1.0,0.1600679978818644,-0.43746286630630493,-8.749257326126099,-2.7329814334853326,0.24880962276780716,0.876264644619583,False,-0.8098512887954712,-1.0,0.3797613727516553,0.1901487112045288,3.802974224090576,0.5007057716975245,-1.5541699021082063,-0.06553267548273622,True
3,DPLQR,0.5,500,500,14,400,100,50760918,51260918,3836b881414d7651c029c3e6b3f5459e13cd288dbe974a10bab43d45907c03c9,500,2000,500,500,51760918,51760919,1.181509971558811,0.2014709636569023,0.761338472366333,0.26221715324849626,0.8368584513664246,1.0,0.42495383557038896,-0.16314154863357544,-3.262830972671509,-0.38390416788355547,0.00396423855630601,1.669752664176543,True,-1.0234978199005127,-1.0,0.40297525759999075,-0.023497819900512695,-0.4699563980102539,-0.058310825434939144,-1.8133148114572453,-0.23368082834378012,True
3,DPLQR,0.5,500,500,15,400,100,50760919,51260919,5ad80f8887cde7f3b4198ba08c89f6b396f526062c5e7bc771d266eea837cded,500,2000,500,500,51760919,51760920,0.9502948221231323,0.2749909907579422,0.7064371705055237,0.318154176978086,1.0962390899658203,1.0,0.18590056402066638,0.09623908996582031,1.9247817993164062,0.5176912209643512,0.7318806797796316,1.460597500152009,True,-0.756321907043457,-1.0,0.30378292591633266,0.24367809295654297,4.873561859130859,0.802145453769368,-1.3517255009576683,-0.16091831312924565,True
3,DPLQR,0.5,500,500,16,400,100,50760920,51260920,afdbae6a221ff658959261123855ad2d5d17b1e20aa51367f509c2e1fbb6dfed,500,2000,500,500,51760920,51760921,1.152516450052455,0.23960069753229618,0.772325336933136,0.31796625746884105,0.6964972019195557,1.0,0.12046270750694811,-0.30350279808044434,-6.070055961608887,-2.5194751501242716,0.46039463372575457,0.9325997701133568,False,-0.4958934187889099,-1.0,0.4224249653807928,0.5041065812110901,10.082131624221802,1.1933636089824042,-1.3238311371058429,0.33204429952802317,True
3,DPLQR,0.5,500,500,17,400,100,50760921,51260921,3267aea22e794544fd05ab6da634d384959c9d2406c4714b1b2a3293a76386e1,500,2000,500,500,51760921,51760922,0.5678544031840763,0.23450005427002907,0.6479931473731995,0.3743379007656876,0.7411152124404907,1.0,0.5101178060517211,-0.2588847875595093,-5.1776957511901855,-0.5075000019373188,-0.25869731529347106,1.7409277401744525,True,-0.815687358379364,-1.0,0.9129860334961728,0.184312641620636,3.6862528324127197,0.20187892788987402,-2.605107102419942,0.9737323856612141,True
3,DPLQR,0.5,500,500,18,400,100,50760922,51260922,17906c62fe04baf17b6bcbc78e84d451a85b3c9c4e821355f0baea8597613acd,500,2000,500,500,51760922,51760923,0.7696197161190513,0.2427348494529724,0.6950522661209106,0.3726897957851446,1.0888551473617554,1.0,0.3746114818326839,0.08885514736175537,1.7771029472351074,0.2371928028662014,0.3546301347745142,1.8230801599489965,True,-0.8625380992889404,-1.0,0.7128266495670019,0.13746190071105957,2.7492380142211914,0.19284057462576515,-2.2596526596606186,0.5345764610827375,True
3,DPLQR,0.5,500,500,19,400,100,50760923,51260923,e8a950b6446040c8dea1b96f44b99dd873301bf985d31795cc9c9eaf66118e2b,500,2000,500,500,51760923,51760924,1.5776612831346288,0.14840885438024998,0.8090622425079346,0.20231746887963728,0.8356056809425354,1.0,0.15868964539503996,-0.1643943190574646,-3.287886381149292,-1.0359486193835994,0.5245796912488246,1.1466316706362463,True,-0.5545488595962524,-1.0,0.17097083058642565,0.44545114040374756,8.909022808074951,2.6054218656823585,-0.8896455299525459,-0.21945218923995907,False
3,DPLQR,0.5,500,500,20,400,100,50760924,51260924,7182367abc879414591563ca3db96364533ee54ea069680d7f711658b291f995,500,2000,500,500,51760924,51760925,0.9164897758825373,0.24827393516898155,0.7159496545791626,0.27366632362299137,0.8815715312957764,1.0,0.24364768526323163,-0.11842846870422363,-2.3685693740844727,-0.4860644113087966,0.40403084326329186,1.359112219328261,True,-0.932578444480896,-1.0,0.4647507607067754,0.067421555519104,1.34843111038208,0.1450703500013036,-1.8434731972537688,-0.02168369170802331,True
3,DPLQR,0.5,500,1000,1,400,100,50760905,51260905,07186b455866b49073d60cc9802ff5f48c8881aeb8da4aebf4cb26e3a7a6f9dd,1000,4000,1000,1000,51760905,51760906,0.5613972142375283,0.15586042404174805,0.8650866150856018,0.3401551419417737,0.7876367568969727,1.0,0.3139091745379897,-0.21236324310302734,-4.247264862060547,-0.6765117439322464,0.17238608038581504,1.4028874334081303,True,-0.7649914622306824,-1.0,0.4651999682324389,0.23500853776931763,4.7001707553863525,0.505177458765205,-1.67676664557544,0.14678372111407523,True
3,DPLQR,0.5,500,1000,2,400,100,50760906,51260906,0b662ac19523ed2889b3077c71c9d322b6c1ac2d4368d58f7509486b9ef32843,1000,4000,1000,1000,51760906,51760907,0.4871297979173626,0.11762208119034767,0.9669504761695862,0.35402559807025624,0.7780900001525879,1.0,0.602289721425104,-0.2219099998474121,-4.438199996948242,-0.3684439430949298,-0.40237616209927807,1.9585561624044538,True,-0.6936998963356018,-1.0,0.544279931947554,0.3063001036643982,6.126002073287964,0.5627620745971447,-1.760468960460719,0.3730691677895155,True
3,DPLQR,0.5,500,1000,3,400,100,50760907,51260907,272be430285a9081050cf3428e716df06250ce566272b36a49c7319ae16c5c00,1000,4000,1000,1000,51760907,51760908,0.8798506717347501,0.1688332874327898,0.8898560404777527,0.22928128433212766,0.3802078068256378,1.0,0.20270741610259901,-0.6197921931743622,-12.395843863487244,-3.0575703893372035,-0.01709142813463088,0.7775070417859065,False,-0.6975046396255493,-1.0,0.4743222119303229,0.3024953603744507,6.049907207489014,0.6377423463754776,-1.627159092076357,0.23214981282525837,True
3,DPLQR,0.5,500,1000,4,400,100,50760908,51260908,df31a25deed2ec21948f961dc569df7e2a4d86f11608629c6d72817da887528d,1000,4000,1000,1000,51760908,51760909,0.8792150839464125,0.14397278428077698,0.9159595966339111,0.24346011432104617,1.0441266298294067,1.0,0.232029281806735,0.04412662982940674,0.8825325965881348,0.1901769875155727,0.5893575941295114,1.498895665529302,True,-0.7071885466575623,-1.0,0.40767194853981603,0.29281145334243774,5.856229066848755,0.7182526401220852,-1.506210883302868,0.0918337899877435,True
3,DPLQR,0.5,500,1000,5,400,100,50760909,51260909,f5f113ffe37c6a66f157d5902d6d3eb886b0eceec7e63fa250f609c9bfca685b,1000,4000,1000,1000,51760909,51760910,0.6205375731547946,0.14365925267338753,0.9470141530036926,0.33763203989516577,0.9683924317359924,1.0,0.402813382103537,-0.03160756826400757,-0.6321513652801514,-0.0784670263409554,0.1788927103222887,1.757892153149696,True,-0.7658824920654297,-1.0,1.1618733787446487,0.2341175079345703,4.682350158691406,0.20150001903608775,-3.0431124690008065,1.511347484869947,True
3,DPLQR,0.5,500,1000,6,400,100,50760910,51260910,956bf85b0f4610432ed7b33baa1747cd99ee08fe115f51a17472a33191cf9f1b,1000,4000,1000,1000,51760910,51760911,1.0980819582372623,0.11031148210167885,0.7550621628761292,0.19129188423885943,0.9768012762069702,1.0,0.16088514774376456,-0.023198723793029785,-0.4639744758605957,-0.14419431574863256,0.6614721809817862,1.2921303714321541,True,-0.5314666032791138,-1.0,0.3546529247444607,0.46853339672088623,9.370667934417725,1.3211039978268337,-1.226573562790051,0.16364035623182338,True
3,DPLQR,0.5,500,1000,7,400,100,50760911,51260911,9ecfa137ee26905330209ee5b860e4059da89bc34c22ebabd81abb9a738e5206,1000,4000,1000,1000,51760911,51760912,0.6061463692714776,0.15885592997074127,0.8529251217842102,0.2948087927753748,0.7009355425834656,1.0,0.2611985356158237,-0.2990644574165344,-5.9812891483306885,-1.144969885498917,0.18899581996184855,1.2128752652050827,True,-1.0625864267349243,-1.0,0.8578248752428073,-0.06258642673492432,-1.2517285346984863,-0.07295944491841558,-2.7438922872533915,0.6187194337835429,True
3,DPLQR,0.5,500,1000,8,400,100,50760912,51260912,4e7013110c848a4e791c36483904d62cd0b05a46f5187d6837c5c0e9ef13024c,1000,4000,1000,1000,51760912,51760913,1.296260720674481,0.1214380282908678,0.7941380143165588,0.19052388630361947,0.4576587677001953,1.0,0.172748398707546,-0.5423412322998047,-10.846824645996094,-3.1394863070074535,0.11907812784643956,0.7962394075539511,False,-1.1103655099868774,-1.0,0.38570722458563383,-0.11036550998687744,-2.207310199737549,-0.2861380418928978,-1.866337778751622,-0.354393241222133,True
3,DPLQR,0.5,500,1000,9,400,100,50760913,51260913,bfa707ba756b604bb7403a854c2e49eb7947700c48d8a71acfb7344535a0fcf1,1000,4000,1000,1000,51760913,51760914,0.7104272633229071,0.1331203319132328,0.8598092794418335,0.3164105975093285,1.0730197429656982,1.0,0.1937474274428463,0.07301974296569824,1.4603948593139648,0.3768810968457292,0.6932817630804322,1.4527577228509643,True,-1.05660080909729,-1.0,0.5078039840115914,-0.05660080909729004,-1.1320161819458008,-0.11146192404823282,-2.051878328965963,-0.061323289228617406,True
3,DPLQR,0.5,500,1000,10,400,100,50760914,51260914,daf4bda9b630ee6234bbcc97d3680cd6d153ff2f3c72a437ea0fee22d323a3a0,1000,4000,1000,1000,51760914,51760915,0.5965894417624391,0.16037508100271225,0.9242290258407593,0.3216856587368378,0.6311995983123779,1.0,0.3746966798725546,-0.36880040168762207,-7.376008033752441,-0.9842638632748546,-0.10319239936456326,1.365591595989319,True,-0.988422155380249,-1.0,1.136218808660452,0.011577844619750977,0.23155689239501953,0.010189801939118314,-3.215370098911742,1.238525788151244,True
3,DPLQR,0.5,500,1000,11,400,100,50760915,51260915,22b6507fa8101718890ddd8e426616d653728ac3a53ec725c87a240c643a2ed5,1000,4000,1000,1000,51760915,51760916,0.7577773308546172,0.11771342158317566,0.7468286156654358,0.3114975205779788,0.8711442351341248,1.0,0.24908793355344988,-0.12885576486587524,-2.577115297317505,-0.5173103450963636,0.3829408563858569,1.3593476138823926,True,-0.6886492967605591,-1.0,0.9287874155986255,0.3113507032394409,6.227014064788818,0.33522278404124156,-2.5090391806279007,1.1317405871067823,True
3,DPLQR,0.5,500,1000,12,400,100,50760916,51260916,5306340881a59e856eb800d53125d513bcffc6a7aec479099bc2abc2aeca4289,1000,4000,1000,1000,51760916,51760917,0.7754947380192188,0.14509057439863682,0.8105905652046204,0.2544893070267193,1.2179687023162842,1.0,0.26369230825691736,0.21796870231628418,4.359374046325684,0.8266024282510193,0.7011412751324922,1.7347961295000762,True,-0.9294259548187256,-1.0,0.6734540430832705,0.07057404518127441,1.4114809036254883,0.10479415174072709,-2.2493716245048216,0.39051971486737047,True
3,DPLQR,0.5,500,1000,13,400,100,50760917,51260917,941a5bcfb949cc48da8c5716148e5b19ba0caf12c56bfabb46528f8e9cd2a639,1000,4000,1000,1000,51760917,51760918,0.7357177865689443,0.11778770759701729,0.902194082736969,0.2550132960777708,0.5848365426063538,1.0,0.30690070377310763,-0.41516345739364624,-8.303269147872925,-1.3527615032795022,-0.016677783618933018,1.1863508688316404,True,-0.7390421628952026,-1.0,0.8458471669227611,0.26095783710479736,5.219156742095947,0.30851653503099913,-2.396872146489054,0.9187878206986484,True
3,DPLQR,0.5,500,1000,14,400,100,50760918,51260918,3836b881414d7651c029c3e6b3f5459e13cd288dbe974a10bab43d45907c03c9,1000,4000,1000,1000,51760918,51760919,0.7003258066531987,0.16231292486190796,0.8036157488822937,0.2843104517088762,0.9369099140167236,1.0,0.7155402445678847,-0.06309008598327637,-1.2618017196655273,-0.0881712614520746,-0.46552319482531246,2.3393430228587597,True,-1.0310029983520508,-1.0,0.5128373091907834,-0.03100299835205078,-0.6200599670410156,-0.060453866745715235,-2.036145654294418,-0.025860342409683268,True
3,DPLQR,0.5,500,1000,15,400,100,50760919,51260919,5ad80f8887cde7f3b4198ba08c89f6b396f526062c5e7bc771d266eea837cded,1000,4000,1000,1000,51760919,51760920,0.8409581786925389,0.20445901155471802,0.8063125610351562,0.29615776067126626,1.1348434686660767,1.0,0.21018571524488494,0.13484346866607666,2.696869373321533,0.6415444004316473,0.7228870367213107,1.5467999006108426,True,-0.8378750681877136,-1.0,0.6473125147495049,0.16212493181228638,3.2424986362457275,0.2504585159689443,-2.106584283838796,0.43083414746336857,True
3,DPLQR,0.5,500,1000,16,400,100,50760920,51260920,afdbae6a221ff658959261123855ad2d5d17b1e20aa51367f509c2e1fbb6dfed,1000,4000,1000,1000,51760920,51760921,0.7280163890196373,0.19447545148432255,0.8555556535720825,0.34203478973340984,0.6132577657699585,1.0,0.26036457256169065,-0.3867422342300415,-7.73484468460083,-1.4853873183472648,0.10295258069887925,1.1235629508410376,True,-0.5074428915977478,-1.0,0.9458030310095685,0.4925571084022522,9.851142168045044,0.5207819093965973,-2.361182768845322,1.3462969856498264,True
3,DPLQR,0.5,500,1000,17,400,100,50760921,51260921,3267aea22e794544fd05ab6da634d384959c9d2406c4714b1b2a3293a76386e1,1000,4000,1000,1000,51760921,51760922,0.4649212177939891,0.17648518085479736,0.8072835803031921,0.47319702722912793,0.7801952958106995,1.0,0.6242732525998015,-0.21980470418930054,-4.396094083786011,-0.3520969435642459,-0.4433577957965871,2.003748387417986,True,-0.8000765442848206,-1.0,1.0762587668950514,0.19992345571517944,3.998469114303589,0.1857577953041422,-2.9095049654446106,1.3093518768749695,True
3,DPLQR,0.5,500,1000,18,400,100,50760922,51260922,17906c62fe04baf17b6bcbc78e84d451a85b3c9c4e821355f0baea8597613acd,1000,4000,1000,1000,51760922,51760923,0.46964117756810286,0.14460968039929867,0.8071895837783813,0.48236568689894244,0.865655243396759,1.0,0.5324346773655938,-0.13434475660324097,-2.6868951320648193,-0.25232157542397216,-0.17789754836000826,1.9092080351535263,True,-0.8351579904556274,-1.0,2.0985312591465437,0.16484200954437256,3.296840190887451,0.07855113371597454,-4.948203678814344,3.277887697903089,True
3,DPLQR,0.5,500,1000,19,400,100,50760923,51260923,e8a950b6446040c8dea1b96f44b99dd873301bf985d31795cc9c9eaf66118e2b,1000,4000,1000,1000,51760923,51760924,1.0961489987833546,0.11850590445101261,0.8497003316879272,0.2051387162209528,0.9244141578674316,1.0,0.22912266080778312,-0.07558584213256836,-1.5117168426513672,-0.32989247709539854,0.47534199464218974,1.3734863210926735,True,-0.5658249258995056,-1.0,0.30538481910080834,0.4341750741004944,8.683501482009888,1.421731032272341,-1.1643681727623694,0.03271832096335825,True
3,DPLQR,0.5,500,1000,20,400,100,50760924,51260924,7182367abc879414591563ca3db96364533ee54ea069680d7f711658b291f995,1000,4000,1000,1000,51760924,51760925,0.7139751158803442,0.15683907642960548,0.7529711723327637,0.2925586384245018,0.9214562773704529,1.0,0.3130742349784791,-0.07854372262954712,-1.5708744525909424,-0.2508789093901204,0.3078420523252039,1.5350705024157019,True,-1.094221830368042,-1.0,0.730491472873234,-0.09422183036804199,-1.8844366073608398,-0.1289841618512538,-2.5259588082131987,0.33751514747711453,True
3,DPLQR,0.5,1000,200,1,800,200,51260905,51760905,3adea298d34c65375236d1230f11bc7dc55d87428ff0999b512a9e24062e09ae,200,1400,200,200,52260905,52260906,0.7255196460329288,0.3638219301189695,0.6718401312828064,0.40032041530184626,0.9202179312705994,1.0,0.17115942704587994,-0.07978206872940063,-2.256577672626016,-0.46612722481254126,0.5847516186461639,1.2556842438950349,True,-0.8651397824287415,-1.0,0.16924509884004282,0.13486021757125854,3.8144229742772042,0.7968338137739388,-1.196854080715147,-0.5334254841423358,True
3,DPLQR,0.5,1000,200,2,800,200,51260906,51760906,3275d9982ba0d6cbb95f2c8a36060118f87f247e94c5c12b7430798515bd1b66,200,1400,200,200,52260906,52260907,0.6774234765580832,0.3561240477221353,0.714787483215332,0.380787859894026,1.2356250286102295,1.0,0.169334850501885,0.2356250286102295,6.664482221902702,1.3914739223016976,0.9037348202990606,1.5675152369213983,True,-0.8749150633811951,-1.0,0.17170269545720335,0.12508493661880493,3.5379362762978586,0.7284972218154966,-1.2114461625257626,-0.5383839642366274,True
3,DPLQR,0.5,1000,200,3,800,200,51260907,51760907,81161d503a0a95881f74401146db8ce9cd97114c7a1f88f9b112860f9dcfe7a7,200,1400,200,200,52260907,52260908,0.8456297753994415,0.3930362207548959,0.6131279468536377,0.3914350150456498,1.0436313152313232,1.0,0.13130648887144264,0.04363131523132324,1.2340799548862624,0.33228605536807143,0.7862753261068862,1.3009873043557603,True,-0.9890299439430237,-1.0,0.15402214791204366,0.010970056056976318,0.31028004111538054,0.07122388699085609,-1.2909078066721302,-0.687152081213917,True
3,DPLQR,0.5,1000,200,4,800,200,51260908,51760908,47f789aa37d2146ec00a6179dd92af8e6f66fc77cac6a7793671bf8901975be8,200,1400,200,200,52260908,52260909,0.707188879164024,0.338171980210713,0.7514787316322327,0.37467245710715036,1.1066585779190063,1.0,0.2130040224985726,0.10665857791900635,3.016760148729726,0.5007350409061928,0.6891783652596447,1.5241387905783679,True,-0.7642422318458557,-1.0,0.13957735097885185,0.2357577681541443,6.668236663168052,1.6890832681719634,-1.0378088128219118,-0.49067565086979964,True
3,DPLQR,0.5,1000,200,5,800,200,51260909,51760909,14c719288885fb25a1876ccb701eb87f4d2ef7e303fc8a54ad158a455864b619,200,1400,200,200,52260909,52260910,0.8341759635102701,0.31766909786633085,0.6583886742591858,0.3475786861357058,0.8331512212753296,1.0,0.13313202622160608,-0.1668487787246704,-4.719196114756328,-1.25325801356723,0.5722172446921396,1.0940851978585195,True,-0.8629077076911926,-1.0,0.11368995236456463,0.13709229230880737,3.8775555815986427,1.2058435196559805,-1.0857359197298138,-0.6400794956525716,True
3,DPLQR,0.5,1000,200,6,800,200,51260910,51760910,8fdbcd3b5d0a397ceaed44f271dac9bd8fc79e212434fba59dbcf4d62fe2a8f1,200,1400,200,200,52260910,52260911,0.7231527291627291,0.36801925727299284,0.6377019286155701,0.3853394099981699,0.7637903690338135,1.0,0.15396470285855188,-0.23620963096618652,-6.681017273510496,-1.5341804100592684,0.46202509654064067,1.0655556415269862,True,-0.798514187335968,-1.0,0.16688352330867715,0.20148581266403198,5.698879377904775,1.207343952652249,-1.1255998826341258,-0.4714284920378102,True
3,DPLQR,0.5,1000,200,7,800,200,51260911,51760911,e377c0725e8a57b196666b752910fe24e4faceef20032a6a3c5712b0cdaee406,200,1400,200,200,52260911,52260912,0.8058778199592366,0.4304783855165754,0.6611272096633911,0.4205034624218271,0.7708787322044373,1.0,0.12731239348002998,-0.22912126779556274,-6.480528086892054,-1.7996776396439544,0.5213510261979865,1.020406438210888,True,-0.9614976644515991,-1.0,0.11883774555112199,0.03850233554840088,1.0890105023117653,0.3239907940851825,-1.1944153657357333,-0.728579963167465,True
3,DPLQR,0.5,1000,200,8,800,200,51260912,51760912,d51450d1c937f2ad83cec6f898d798ad647b6d18988fec1554d680db53f68e5d,200,1400,200,200,52260912,52260913,0.6954272714830784,0.33216325087206705,0.6790665984153748,0.35387037874655997,1.0289429426193237,1.0,0.16842419375092402,0.02894294261932373,0.8186300397446779,0.17184551681527607,0.6988375887423166,1.3590482964963309,True,-0.7822533249855042,-1.0,0.1516653018017921,0.21774667501449585,6.1588060193429355,1.435705282801362,-1.0795118542214144,-0.48499479574959387,True
3,DPLQR,0.5,1000,200,9,800,200,51260913,51760913,195127c8a1cfe345d343b39a3c8f3a65c3d3d999c9651781be6f3d436a29e75c,200,1400,200,200,52260913,52260914,0.7941958662138692,0.3290192782878876,0.8058833479881287,0.3546357098968015,0.8941651582717896,1.0,0.1872034417487364,-0.10583484172821045,-2.993461370872904,-0.5653466663837382,0.5272531546623243,1.2610771618812548,True,-0.8902885913848877,-1.0,0.11744629127954118,0.1097114086151123,3.103107240210965,0.9341411075636386,-1.120479092410589,-0.6600980903591864,True
3,DPLQR,0.5,1000,200,10,800,200,51260914,51760914,ac0387c38f269d2310d397967ff6c83e1fcb5205c6c5e9522432b2bcaee9c29b,200,1400,200,200,52260914,52260915,0.8253833163101048,0.3403812178543636,0.6912731528282166,0.35687272326091857,1.1247071027755737,1.0,0.15969268581745935,0.12470710277557373,3.5272495213894364,0.7809193147275589,0.8117151899788831,1.4376990155722642,True,-1.0560446977615356,-1.0,0.16055037008196288,-0.056044697761535645,-1.5851834334692951,-0.3490785959130718,-1.3707176408267598,-0.7413717546963114,True
3,DPLQR,0.5,1000,200,11,800,200,51260915,51760915,5d667289a2c7639a446760d5552f046570f3b5867700141ea6b65d5d141f7aff,200,1400,200,200,52260915,52260916,0.6972777990651544,0.36917095524924143,0.6745550036430359,0.3774049712619292,0.768713116645813,1.0,0.13345481279577223,-0.231286883354187,-6.541780944769907,-1.7330726296707528,0.5071464900025642,1.0302797432890618,True,-0.9618039727210999,-1.0,0.16696056452423017,0.038196027278900146,1.0803467961318658,0.22877274874904335,-1.2890406660270668,-0.6345672794151329,True
3,DPLQR,0.5,1000,200,12,800,200,51260916,51760916,5fed88d0b1e10cc09f08395a441fefd6a4bf7529b6f3aa569fae8f91373e6106,200,1400,200,200,52260916,52260917,0.6167199605542578,0.37240692547389437,0.6782525181770325,0.4091594961599172,1.0992933511734009,1.0,0.16494957310301778,0.09929335117340088,2.80844007765796,0.6019618560115224,0.7759981286262292,1.4225885737205726,True,-1.0178139209747314,-1.0,0.1468727764327179,-0.017813920974731445,-0.5038537728301551,-0.1212881066689167,-1.3056792730922617,-0.7299485688572012,True
3,DPLQR,0.5,1000,200,13,800,200,51260917,51760917,46777aeb66b4e26e2712e99b056e39b22d697fcd2560e176b7180f0f11020357,200,1400,200,200,52260917,52260918,0.618649964991613,0.39657184055873324,0.7159895896911621,0.4355409770879395,0.9443636536598206,1.0,0.2137608763518704,-0.05563634634017944,-1.5736335111033697,-0.26027375677762854,0.5254000347064348,1.3633272726132062,True,-0.900871217250824,-1.0,0.18211107653743316,0.09912878274917603,2.8037853797084167,0.5443314302125932,-1.2578023684500104,-0.5439400660516377,True
3,DPLQR,0.5,1000,200,14,800,200,51260918,51760918,27f214233eb5f5c300a71a4352922401de881b8e163d37ed2e9e8393c8e9d125,200,1400,200,200,52260918,52260919,0.7268984838719755,0.35203626326152254,0.64410400390625,0.37087163562407355,0.7828694581985474,1.0,0.1387812308342131,-0.21713054180145264,-6.141379140420652,-1.5645526451688196,0.51086324403335,1.0548756723637447,True,-0.6355945467948914,-1.0,0.1497335328633618,0.36440545320510864,10.306942682507579,2.433693016097096,-0.9290668784850251,-0.34212221510475765,False
3,DPLQR,0.5,1000,200,15,800,200,51260919,51760919,8ceade10cdecf2ef92ab17c73e2118616a02623087fd1486288061b714d58400,200,1400,200,200,52260919,52260920,0.9043918602634615,0.3570746013096401,0.6554619669914246,0.3624417805533895,0.9184969067573547,1.0,0.12292104921253755,-0.08150309324264526,-2.3052555967821577,-0.6630523719474745,0.6775760773589056,1.1594177361558038,True,-0.7535471320152283,-1.0,0.1403984693385972,0.24645286798477173,6.970739767796203,1.7553814450099487,-1.0287230754034298,-0.4783711886270267,True
3,DPLQR,0.5,1000,200,16,800,200,51260920,51760920,6c78d687e9cc60dd84c7fab2c537240636b712db877876605121c96f1f66a9b8,200,1400,200,200,52260920,52260921,0.6995807084207043,0.42361783555575777,0.671046257019043,0.42302072747417113,0.8738328218460083,1.0,0.17091550801494063,-0.1261671781539917,-3.568546689434351,-0.7381844960666926,0.5388445817373577,1.2088210619546589,True,-1.0315325260162354,-1.0,0.15714117699241786,-0.03153252601623535,-0.8918745189608499,-0.20066367466343218,-1.3395235734096085,-0.7235414786228622,True
3,DPLQR,0.5,1000,200,17,800,200,51260921,51760921,750c012785c454f9d89314a6a5e0b9f5bb454416ec2a78cf5618cd0e20ac22dc,200,1400,200,200,52260921,52260922,0.8367286871590305,0.3448249740259988,0.8392801284790039,0.3620651706315708,1.2067409753799438,1.0,0.1341341173680074,0.20674097537994385,5.847517825611175,1.5413004494056786,0.9438429362405808,1.469639014519307,True,-0.8030511140823364,-1.0,0.1197232149824333,0.19694888591766357,5.570555711180626,1.6450350581260402,-1.0377043035612519,-0.568397924603421,True
3,DPLQR,0.5,1000,200,18,800,200,51260922,51760922,dc2768f799a0da2400bc3ec58c91ac1c9047e56532a560c440867ae2d32cf370,200,1400,200,200,52260922,52260923,0.6071173192692801,0.36343854665756226,0.7126592397689819,0.41930726532507734,0.9738064408302307,1.0,0.15592583580809788,-0.026193559169769287,-0.7408657324941975,-0.167987293664447,0.6681974183870529,1.2794154632734085,True,-0.8627874255180359,-1.0,0.166365362609515,0.1372125744819641,3.880957675210442,0.8247664798112035,-1.188857544507632,-0.5367173065284399,True
3,DPLQR,0.5,1000,200,19,800,200,51260923,51760923,dda7aa5f301a1d20bf5c3873223f9612bfa8485613c6ab33b84133600a7158da,200,1400,200,200,52260923,52260924,0.964111658330017,0.3523580687386649,0.6757735013961792,0.3559247474401468,0.8214287161827087,1.0,0.0991912323749395,-0.17857128381729126,-5.05075862849577,-1.8002728622455042,0.6270174731456839,1.0158399592197336,True,-0.730212926864624,-1.0,0.10308617908211223,0.269787073135376,7.630730755619816,2.6171022685832583,-0.9322581251694103,-0.5281677285598377,False
3,DPLQR,0.5,1000,200,20,800,200,51260924,51760924,f9c3033b112ea8b8e4127269c62742c510b6bcd51dbaa8d32b13d7eb51e84ee9,200,1400,200,200,52260924,52260925,0.856992514172962,0.3696546086243221,0.7628562450408936,0.3807610289220864,0.8911886811256409,1.0,0.10340197255588274,-0.10881131887435913,-3.0776488578364445,-1.0523137633138764,0.6885245389857116,1.0938528232655702,True,-1.0170124769210815,-1.0,0.1185142728500395,-0.017012476921081543,-0.4811855118270559,-0.14354791631391148,-1.249296183361112,-0.7847287704810509,True
3,DPLQR,0.5,1000,500,1,800,200,51260905,51760905,3adea298d34c65375236d1230f11bc7dc55d87428ff0999b512a9e24062e09ae,500,3500,500,500,52260905,52260906,0.558626060159526,0.2769160100391933,0.7945045232772827,0.38813062917471347,0.8889057636260986,1.0,0.22406079858960776,-0.11109423637390137,-3.1422195156290744,-0.4958218352929412,0.4497546680431845,1.3280568592090127,True,-0.980567216873169,-1.0,0.3074959053841599,0.019432783126831055,0.5496421090523904,0.06319688420746074,-1.5832481168196584,-0.3778863169266795,True
3,DPLQR,0.5,1000,500,2,800,200,51260906,51760906,3275d9982ba0d6cbb95f2c8a36060118f87f247e94c5c12b7430798515bd1b66,500,3500,500,500,52260906,52260907,0.4998287129627194,0.27072453924587797,0.8725621700286865,0.4132979309037548,1.3033592700958252,1.0,0.3276552895262809,0.3033592700958252,8.580295880822378,0.9258488411232959,0.6611667032802706,1.9455518369113798,True,-0.9200872182846069,-1.0,0.36658580042372374,0.07991278171539307,2.2602747941773913,0.21799202703166534,-1.6385821843588935,-0.2015922522103203,True
3,DPLQR,0.5,1000,500,3,800,200,51260907,51760907,81161d503a0a95881f74401146db8ce9cd97114c7a1f88f9b112860f9dcfe7a7,500,3500,500,500,52260907,52260908,0.7437001357727402,0.28596082755497526,0.6770699620246887,0.35683417551214336,0.9863786697387695,1.0,0.15405392382462382,-0.013621330261230469,-0.38526939985990366,-0.08841923608993625,0.6844385273654299,1.2883188121121092,True,-1.0364454984664917,-1.0,0.2609778611022464,-0.0364454984664917,-1.030834364375208,-0.13964977072217252,-1.5479527069891914,-0.524938289943792,True
3,DPLQR,0.5,1000,500,4,800,200,51260908,51760908,47f789aa37d2146ec00a6179dd92af8e6f66fc77cac6a7793671bf8901975be8,500,3500,500,500,52260908,52260909,0.4807911001075284,0.2577082940510341,0.8638746738433838,0.42732850446131765,1.3274632692337036,1.0,0.33552810125324367,0.3274632692337036,9.26205993058672,0.9759637658085365,0.6698402749762374,1.9850862634911697,True,-0.8001284599304199,-1.0,0.38135934547894235,0.19987154006958008,5.653220853975953,0.5241029030469019,-1.5475790422369147,-0.05267787762392506,True
3,DPLQR,0.5,1000,500,5,800,200,51260909,51760909,14c719288885fb25a1876ccb701eb87f4d2ef7e303fc8a54ad158a455864b619,500,3500,500,500,52260909,52260910,0.674626159193977,0.22127292837415422,0.7385502457618713,0.3479886162975715,0.9556040167808533,1.0,0.18612228866161268,-0.04439598321914673,-1.2557080316681128,-0.23853125565129216,0.5908110342839248,1.3203969992777818,True,-0.9736971855163574,-1.0,0.2633447017962787,0.026302814483642578,0.7439559394270162,0.09987979368573065,-1.4898433165565041,-0.4575510544762107,True
3,DPLQR,0.5,1000,500,6,800,200,51260910,51760910,8fdbcd3b5d0a397ceaed44f271dac9bd8fc79e212434fba59dbcf4d62fe2a8f1,500,3500,500,500,52260910,52260911,0.5860338323440827,0.22964574822357722,0.7641287446022034,0.3878717109316605,0.7800392508506775,1.0,0.18607675505268104,-0.2199607491493225,-6.221429492734362,-1.1820968668926348,0.41533551258734114,1.1447429891140137,True,-0.8320293426513672,-1.0,0.3266678118158057,0.1679706573486328,4.750927634063211,0.5141940873052544,-1.4722864887188543,-0.19177219658388012,True
3,DPLQR,0.5,1000,500,7,800,200,51260911,51760911,e377c0725e8a57b196666b752910fe24e4faceef20032a6a3c5712b0cdaee406,500,3500,500,500,52260911,52260912,0.6679577704701909,0.302827707358769,0.7478358745574951,0.4038840079549423,0.725427508354187,1.0,0.1818535234096447,-0.274572491645813,-7.766082830801642,-1.5098552202769742,0.3690011520095718,1.0818538646988023,True,-1.1472707986831665,-1.0,0.24712808173621337,-0.1472707986831665,-4.1654472167850365,-0.5959290326235147,-1.6316329384546155,-0.6629086589117176,True
3,DPLQR,0.5,1000,500,8,800,200,51260912,51760912,d51450d1c937f2ad83cec6f898d798ad647b6d18988fec1554d680db53f68e5d,500,3500,500,500,52260912,52260913,0.6269424797062876,0.2396790555545262,0.7474679946899414,0.3670962004160155,1.0961872339248657,1.0,0.19514282647117467,0.09618723392486572,2.7205858148739717,0.49290683989900047,0.7137143222000139,1.4786601456497177,True,-0.8582265973091125,-1.0,0.3205691673217193,0.14177340269088745,4.009957377384706,0.44225526701576195,-1.486530619813677,-0.22992257480454825,True
3,DPLQR,0.5,1000,500,9,800,200,51260913,51760913,195127c8a1cfe345d343b39a3c8f3a65c3d3d999c9651781be6f3d436a29e75c,500,3500,500,500,52260913,52260914,0.5315692250698268,0.21124466827937535,0.9279202222824097,0.39495481202938776,0.8719938397407532,1.0,0.28335619569781756,-0.12800616025924683,-3.6205609581186153,-0.4517499959512364,0.3166259013767474,1.427361778104759,True,-0.8907952904701233,-1.0,0.28578155570361236,0.10920470952987671,3.0887756258433208,0.38212651359185085,-1.4509168470950309,-0.3306737338452158,True
3,DPLQR,0.5,1000,500,10,800,200,51260914,51760914,ac0387c38f269d2310d397967ff6c83e1fcb5205c6c5e9522432b2bcaee9c29b,500,3500,500,500,52260914,52260915,0.4814481000628077,0.22326324028628214,0.7875798940658569,0.4049572775625077,1.0298793315887451,1.0,0.1567222185529451,0.029879331588745117,0.8451151193489237,0.19065153533830975,0.7227094276477577,1.3370492355297325,True,-1.0526609420776367,-1.0,0.5584423854408755,-0.05266094207763672,-1.489476369870757,-0.09429968686216805,-2.147187904982388,0.041866020827114436,True
3,DPLQR,0.5,1000,500,11,800,200,51260915,51760915,5d667289a2c7639a446760d5552f046570f3b5867700141ea6b65d5d141f7aff,500,3500,500,500,52260915,52260916,0.48396198556289344,0.22434641420841217,0.7971904277801514,0.43627068379143624,0.7297011017799377,1.0,0.2978609965938132,-0.27029889822006226,-7.645207355146338,-0.9074665743788644,0.14590427605685619,1.3134979275030192,True,-0.9214510321617126,-1.0,0.47045903938621525,0.07854896783828735,2.2217003125462806,0.16696239472997762,-1.8435338055600052,0.0006317412365800523,True
3,DPLQR,0.5,1000,500,12,800,200,51260916,51760916,5fed88d0b1e10cc09f08395a441fefd6a4bf7529b6f3aa569fae8f91373e6106,500,3500,500,500,52260916,52260917,0.5251567669566272,0.24216734511511667,0.7880358695983887,0.394731053951418,1.1222988367080688,1.0,0.2552191409062551,0.12229883670806885,3.45913347070007,0.4791914755053212,0.6220785123665556,1.6225191610495822,True,-1.1547105312347412,-1.0,0.3395562223079358,-0.1547105312347412,-4.375874630282348,-0.45562566983218983,-1.8202284976847714,-0.48919256478471096,True
3,DPLQR,0.5,1000,500,13,800,200,51260917,51760917,46777aeb66b4e26e2712e99b056e39b22d697fcd2560e176b7180f0f11020357,500,3500,500,500,52260917,52260918,0.5147521832781385,0.32402080084596363,0.8698154091835022,0.43216416480092973,0.9257255792617798,1.0,0.2591011201814792,-0.07427442073822021,-2.10079786290793,-0.2866619051519231,0.4178967153520964,1.433554443171463,True,-0.9276111125946045,-1.0,0.44521877786930514,0.07238888740539551,2.047466926676185,0.16259172120239146,-1.800223882459381,-0.054998342729827954,True
3,DPLQR,0.5,1000,500,14,800,200,51260918,51760918,27f214233eb5f5c300a71a4352922401de881b8e163d37ed2e9e8393c8e9d125,500,3500,500,500,52260918,52260919,0.595914292212489,0.24917948884623392,0.731422483921051,0.3830081966430942,0.8251432776451111,1.0,0.1582949484243356,-0.17485672235488892,-4.945694964527814,-1.104626042052566,0.5148908797987879,1.1353956754914343,True,-0.6448417901992798,-1.0,0.2248803367060435,0.3551582098007202,10.045391141766553,1.5793208735051472,-1.0855991509743657,-0.2040844294241938,True
3,DPLQR,0.5,1000,500,15,800,200,51260919,51760919,8ceade10cdecf2ef92ab17c73e2118616a02623087fd1486288061b714d58400,500,3500,500,500,52260919,52260920,0.6104943946028438,0.2650841495820454,0.7381930947303772,0.39580975691845494,1.0343618392944336,1.0,0.24718016636045648,0.034361839294433594,0.9718995831654547,0.13901535790830646,0.5498976155353199,1.5188260630535473,True,-0.8322957754135132,-1.0,0.34384715428940665,0.16770422458648682,4.743391777549462,0.4877289879948659,-1.5062238140073374,-0.15836773681968896,True
3,DPLQR,0.5,1000,500,16,800,200,51260920,51760920,6c78d687e9cc60dd84c7fab2c537240636b712db877876605121c96f1f66a9b8,500,3500,500,500,52260920,52260921,0.5045847244720812,0.2753126621246338,0.7369217276573181,0.4512566783962949,1.0046277046203613,1.0,0.2665828465709377,0.004627704620361328,0.1308912527354325,0.017359348809901372,0.4821349264451563,1.5271204827955662,True,-1.1064773797988892,-1.0,0.3479415246976945,-0.10647737979888916,-3.0116350919508013,-0.3060209036314391,-1.7884302369323242,-0.42452452266545415,True
3,DPLQR,0.5,1000,500,17,800,200,51260921,51760921,750c012785c454f9d89314a6a5e0b9f5bb454416ec2a78cf5618cd0e20ac22dc,500,3500,500,500,52260921,52260922,0.47153867999874477,0.23809449800423213,0.9858424663543701,0.3929045766795115,1.2571643590927124,1.0,0.2648251077831265,0.2571643590927124,7.273706487757973,0.9710724230246034,0.7381166856358465,1.7762120325495783,True,-0.8273053169250488,-1.0,0.32407541716543736,0.17269468307495117,4.884543259086387,0.5328842421478461,-1.4624814628440996,-0.19212917100599802,True
3,DPLQR,0.5,1000,500,18,800,200,51260922,51760922,dc2768f799a0da2400bc3ec58c91ac1c9047e56532a560c440867ae2d32cf370,500,3500,500,500,52260922,52260923,0.41771366333910287,0.2480098924466542,0.7646166682243347,0.4477880458480641,0.9823874831199646,1.0,0.2735801521700499,-0.0176125168800354,-0.4981572047854227,-0.06437790439230381,0.4461802379816793,1.51859472825825,True,-0.8762719631195068,-1.0,0.4733446155917581,0.12372803688049316,3.4995573560438387,0.2613910305619784,-1.8040103619553092,0.05146643571629561,True
3,DPLQR,0.5,1000,500,19,800,200,51260923,51760923,dda7aa5f301a1d20bf5c3873223f9612bfa8485613c6ab33b84133600a7158da,500,3500,500,500,52260923,52260924,0.5147864405237377,0.26175081729888916,0.7856341004371643,0.39246717127402214,0.8032455444335938,1.0,0.18119519528616548,-0.19675445556640625,-5.565056390386925,-1.0858701592813633,0.44810948750100765,1.1583816013661798,True,-0.7250227332115173,-1.0,0.36043363714808085,0.27497726678848267,7.777531600731141,0.7629067835184061,-1.4314596808385338,-0.018585785584500747,True
3,DPLQR,0.5,1000,500,20,800,200,51260924,51760924,f9c3033b112ea8b8e4127269c62742c510b6bcd51dbaa8d32b13d7eb51e84ee9,500,3500,500,500,52260924,52260925,0.38224145689799577,0.2905444247382028,0.8779107332229614,0.43553319105709093,0.8925790190696716,1.0,0.2516535025802473,-0.10742098093032837,-3.0383241623018398,-0.4268606628913259,0.3993472174290293,1.385810820710314,True,-1.0331045389175415,-1.0,0.42633179399059395,-0.033104538917541504,-0.9363377582659027,-0.07764970706893111,-1.8686995006034555,-0.19750957723162754,True
3,DPLQR,0.5,1000,1000,1,800,200,51260905,51760905,3adea298d34c65375236d1230f11bc7dc55d87428ff0999b512a9e24062e09ae,1000,7000,1000,1000,52260905,52260906,0.4141353182432961,0.21631995694977896,0.8509533405303955,0.45799840880898757,0.9593799114227295,1.0,0.19901768693449037,-0.04062008857727051,-1.1489096034154478,-0.20410290765082206,0.5693124127446607,1.3494474101007983,True,-1.0736221075057983,-1.0,0.641992604209059,-0.07362210750579834,-2.082347658503801,-0.11467750099162198,-2.3319044900966315,0.1846602750850348,True
3,DPLQR,0.5,1000,1000,2,800,200,51260906,51760906,3275d9982ba0d6cbb95f2c8a36060118f87f247e94c5c12b7430798515bd1b66,1000,7000,1000,1000,52260906,52260907,0.5449843270258913,0.20248999765941075,0.9196077585220337,0.4049578102903845,1.3796334266662598,1.0,0.18539648355318167,0.37963342666625977,10.737654814431927,2.047684073562056,1.0162629960416512,1.7430038572908684,False,-0.9001262784004211,-1.0,0.424179642830696,0.09987372159957886,2.824855432215983,0.23545147271351194,-1.731503101323649,-0.06874945547719324,True
3,DPLQR,0.5,1000,1000,3,800,200,51260907,51760907,81161d503a0a95881f74401146db8ce9cd97114c7a1f88f9b112860f9dcfe7a7,1000,7000,1000,1000,52260907,52260908,0.4404900098148797,0.2118296899965831,0.7521854639053345,0.4869086077829769,0.9366318583488464,1.0,0.26749427014042465,-0.06336814165115356,-1.7923217069088158,-0.23689532346949946,0.4123527228027861,1.4609109938949068,True,-1.156855583190918,-1.0,0.6923374880212716,-0.15685558319091797,-4.43654586165075,-0.22655942499837403,-2.513812124859541,0.20010095847770537,True
3,DPLQR,0.5,1000,1000,4,800,200,51260908,51760908,47f789aa37d2146ec00a6179dd92af8e6f66fc77cac6a7793671bf8901975be8,1000,7000,1000,1000,52260908,52260909,0.39577687855767746,0.15600872039794922,0.9834306240081787,0.4815036734098966,1.308314323425293,1.0,0.477181554470256,0.30831432342529297,8.720445953238684,0.6461153423408595,0.37305566257675316,2.2435729842738326,True,-0.7982770204544067,-1.0,0.5963843554833168,0.20172297954559326,5.705587470313769,0.33824324479825535,-1.9671688781448404,0.37061483723602695,True
3,DPLQR,0.5,1000,1000,5,800,200,51260909,51760909,14c719288885fb25a1876ccb701eb87f4d2ef7e303fc8a54ad158a455864b619,1000,7000,1000,1000,52260909,52260910,0.42302513820038373,0.16449588324342454,0.7722094655036926,0.4332816152234414,1.034177541732788,1.0,0.2965971829478873,0.034177541732788086,0.9666868609416273,0.11523218593344883,0.45285774523889155,1.6154973382266846,True,-1.1000806093215942,-1.0,0.5663874351614536,-0.10008060932159424,-2.8307071006632354,-0.1766999108888519,-2.2101795835340585,0.010018364890869824,True
3,DPLQR,0.5,1000,1000,6,800,200,51260910,51760910,8fdbcd3b5d0a397ceaed44f271dac9bd8fc79e212434fba59dbcf4d62fe2a8f1,1000,7000,1000,1000,52260910,52260911,0.37080139779460514,0.18782833005700791,0.8232028484344482,0.49105251513679093,0.8526365160942078,1.0,0.2948873084986208,-0.14736348390579224,-4.168068750762414,-0.49972813226881024,0.27466801193895873,1.4306050202494567,True,-0.9645869135856628,-1.0,0.5597041464426765,0.03541308641433716,1.0016333418529202,0.06327108105132481,-2.0615868826110413,0.13241305543971538,True
3,DPLQR,0.5,1000,1000,7,800,200,51260911,51760911,e377c0725e8a57b196666b752910fe24e4faceef20032a6a3c5712b0cdaee406,1000,7000,1000,1000,52260911,52260912,0.3411568934955295,0.23446151188441686,0.8346424698829651,0.5167913190159105,0.6392339468002319,1.0,0.366315224208267,-0.36076605319976807,-10.204004905578511,-0.984851377606561,-0.07873069963668633,1.3571985932371502,True,-1.1093451976776123,-1.0,0.47310107378838595,-0.1093451976776123,-3.0927492307209277,-0.23112439124693568,-2.0366062633500754,-0.18208413200514928,True
3,DPLQR,0.5,1000,1000,8,800,200,51260912,51760912,d51450d1c937f2ad83cec6f898d798ad647b6d18988fec1554d680db53f68e5d,1000,7000,1000,1000,52260912,52260913,0.41197792427499585,0.17973633536270686,0.7714606523513794,0.43589872894098997,1.0921305418014526,1.0,0.2983717531786562,0.09213054180145264,2.6058452344879135,0.30877769366555147,0.5073326515672121,1.6769284320356932,True,-0.8557676672935486,-1.0,0.4782069674466407,0.14423233270645142,4.079506420923443,0.3016106885196004,-1.7930361006450823,0.08150076605798529,True
3,DPLQR,0.5,1000,1000,9,800,200,51260913,51760913,195127c8a1cfe345d343b39a3c8f3a65c3d3d999c9651781be6f3d436a29e75c,1000,7000,1000,1000,52260913,52260914,0.41345949397000076,0.1707259022763797,0.9899502396583557,0.47694385227796887,0.8412202000617981,1.0,0.36443974554622405,-0.1587797999382019,-4.490970930069837,-0.4356818977036162,0.12693142425625736,1.5555089758673388,True,-0.8365620970726013,-1.0,0.543013062560525,0.16343790292739868,4.622721978514892,0.30098337258540936,-1.9008481428260255,0.2277239486808229,True
3,DPLQR,0.5,1000,1000,10,800,200,51260914,51760914,ac0387c38f269d2310d397967ff6c83e1fcb5205c6c5e9522432b2bcaee9c29b,1000,7000,1000,1000,52260914,52260915,0.39516231151383224,0.20051310317856924,0.8895147442817688,0.5066556497213791,1.1271735429763794,1.0,0.36540807248916696,0.1271735429763794,3.597010985044668,0.34803156402668045,0.4109868812374108,1.843360204715348,True,-1.137797236442566,-1.0,0.618938108252233,-0.13779723644256592,-3.8974944126921764,-0.22263492036656116,-2.350893637276296,0.07529916439116402,True
3,DPLQR,0.5,1000,1000,11,800,200,51260915,51760915,5d667289a2c7639a446760d5552f046570f3b5867700141ea6b65d5d141f7aff,1000,7000,1000,1000,52260915,52260916,0.35906763547148196,0.16147283571107046,0.9151545763015747,0.5127946487094267,0.6274029016494751,1.0,0.4195659243025494,-0.3725970983505249,-10.538637395763486,-0.8880537640655602,-0.19493119912378032,1.4497370024227305,True,-1.042859673500061,-1.0,0.8368842824830935,-0.042859673500061035,-1.2122546308533813,-0.05121338086657981,-2.6831227263945694,0.5974033793944471,True
3,DPLQR,0.5,1000,1000,12,800,200,51260916,51760916,5fed88d0b1e10cc09f08395a441fefd6a4bf7529b6f3aa569fae8f91373e6106,1000,7000,1000,1000,52260916,52260917,0.4148278989427838,0.18470979801246099,0.8020128607749939,0.44579111964449714,1.0258095264434814,1.0,0.32342058831238596,0.025809526443481445,0.7300036466959698,0.07980174230142857,0.391916821492449,1.659702231394514,True,-1.1000635623931885,-1.0,0.47418195507195954,-0.10006356239318848,-2.830224940716271,-0.21102355609041115,-2.0294431164530193,-0.17068400833335773,True
3,DPLQR,0.5,1000,1000,13,800,200,51260917,51760917,46777aeb66b4e26e2712e99b056e39b22d697fcd2560e176b7180f0f11020357,1000,7000,1000,1000,52260917,52260918,0.37069262370650463,0.2241902564253126,0.9299190044403076,0.48472281999845784,0.8575440049171448,1.0,0.4071689224842066,-0.14245599508285522,-4.029264005750576,-0.34986951905294505,0.05950758122411881,1.6555804286101707,True,-0.984556257724762,-1.0,0.6888521230293917,0.015443742275238037,0.43681499558872705,0.022419532086684284,-2.3346816095363243,0.36556909408680016,True
3,DPLQR,0.5,1000,1000,14,800,200,51260918,51760918,27f214233eb5f5c300a71a4352922401de881b8e163d37ed2e9e8393c8e9d125,1000,7000,1000,1000,52260918,52260919,0.5158838804707012,0.1827154585293361,0.77021324634552,0.39385732828967973,0.8454092144966125,1.0,0.27894561054629385,-0.15459078550338745,-4.372487709536012,-0.5541968744395479,0.2986858641803404,1.3921325648128846,True,-0.6783995628356934,-1.0,0.5940370443024832,0.32160043716430664,9.096233998057576,0.5413811146103339,-1.842690775151185,0.48589164947979824,True
3,DPLQR,0.5,1000,1000,15,800,200,51260919,51760919,8ceade10cdecf2ef92ab17c73e2118616a02623087fd1486288061b714d58400,1000,7000,1000,1000,52260919,52260920,0.4421602531646128,0.1823217613356454,0.7806861400604248,0.45956690113509074,1.14622962474823,1.0,0.3997735026369489,0.14622962474822998,4.135998370793504,0.3657811830541136,0.36268795760638184,1.929771291890078,True,-0.8826006650924683,-1.0,0.5260987014955505,0.11739933490753174,3.3205546327962505,0.22315077869190417,-1.913735172337036,0.14853384215209942,True
3,DPLQR,0.5,1000,1000,16,800,200,51260920,51760920,6c78d687e9cc60dd84c7fab2c537240636b712db877876605121c96f1f66a9b8,1000,7000,1000,1000,52260920,52260921,0.2994707589355291,0.21702310655798232,0.819586992263794,0.637941448627034,1.086073398590088,1.0,0.46600439820083606,0.08607339859008789,2.434523352912951,0.18470512064350184,0.17272156147918727,1.9994252357009885,True,-1.111838459968567,-1.0,0.9518412989754902,-0.1118384599685669,-3.1632693376493557,-0.11749696098387796,-2.9774131249583498,0.7537362050212157,True
3,DPLQR,0.5,1000,1000,17,800,200,51260921,51760921,750c012785c454f9d89314a6a5e0b9f5bb454416ec2a78cf5618cd0e20ac22dc,1000,7000,1000,1000,52260921,52260922,0.41849612022397914,0.17995294715676988,1.0599290132522583,0.44333185095064176,1.2143633365631104,1.0,0.19646745765334106,0.21436333656311035,6.063110756861981,1.0910882602316045,0.8292941954284136,1.599432477697807,True,-0.8723757266998291,-1.0,0.45061865723334965,0.1276242733001709,3.6097595637822435,0.283220126933363,-1.755572065638994,0.010820612239335725,True
3,DPLQR,0.5,1000,1000,18,800,200,51260922,51760922,dc2768f799a0da2400bc3ec58c91ac1c9047e56532a560c440867ae2d32cf370,1000,7000,1000,1000,52260922,52260923,0.43235886078118824,0.19667645863124303,0.807091236114502,0.4410677695967843,0.9734418988227844,1.0,0.280615716444555,-0.026558101177215576,-0.7511765375139026,-0.09464224425385316,0.4234452010955524,1.5234385965500166,True,-0.8021568059921265,-1.0,0.47226079671079,0.19784319400787354,5.595850563782924,0.4189278368770289,-1.727770958855467,0.12345734687121401,True
3,DPLQR,0.5,1000,1000,19,800,200,51260923,51760923,dda7aa5f301a1d20bf5c3873223f9612bfa8485613c6ab33b84133600a7158da,1000,7000,1000,1000,52260923,52260924,0.34799143879765443,0.19129990892750875,0.8563516736030579,0.5347382115768434,0.8614605665206909,1.0,0.28200938006510556,-0.13853943347930908,-3.918486914998483,-0.49125824625877845,0.3087323382906161,1.4141887947507659,True,-0.7381182909011841,-1.0,0.6371980987212102,0.2618817090988159,7.407133294899821,0.4109894703458548,-1.987003615412154,0.5107670336097858,True
3,DPLQR,0.5,1000,1000,20,800,200,51260924,51760924,f9c3033b112ea8b8e4127269c62742c510b6bcd51dbaa8d32b13d7eb51e84ee9,1000,7000,1000,1000,52260924,52260925,0.3145165403391186,0.1957205789429801,0.9373893737792969,0.516847844030599,0.9114744067192078,1.0,0.30581487788928613,-0.08852559328079224,-2.5038818926964184,-0.28947444902546915,0.3120882601196925,1.510860553318723,True,-1.0276877880096436,-1.0,0.9344745953695914,-0.027687788009643555,-0.7831289063069816,-0.029629257067917223,-2.859224339401683,0.8038487633823956,True
3,DPLQR,0.5,2000,200,1,1600,400,52260905,52760905,02d4548d11743d5df9df61e96f59dda3254876f961acdf349959b06e064e9f1d,200,2600,200,200,53260905,53260906,0.47768296061470267,0.3968564524100377,0.5714548826217651,0.46038887858378,1.0565471649169922,1.0,0.1636359762252391,0.05654716491699219,2.2618865966796875,0.34556682595981847,0.7358265449404711,1.3772677848935133,True,-0.9424803853034973,-1.0,0.11904193401958646,0.057519614696502686,2.3007845878601074,0.4831878377164029,-1.1757982886318803,-0.7091624819751144,True
3,DPLQR,0.5,2000,200,2,1600,400,52260906,52760906,df0c9f4bf6fe1d0df5d4b368940c54d89f6abdb5e53bd18273b1c41b958ba5b1,200,2600,200,200,53260906,53260907,0.603697641428287,0.39793968429932225,0.6095924973487854,0.44077239006972624,1.0905368328094482,1.0,0.12953030848848215,0.09053683280944824,3.6214733123779297,0.6989625352239378,0.8366620932656603,1.3444115723532362,True,-0.9723809361457825,-1.0,0.08817666035593984,0.02761906385421753,1.1047625541687012,0.31322419949597274,-1.1452040147204454,-0.7995578575711196,True
3,DPLQR,0.5,2000,200,3,1600,400,52260907,52760907,b99bfab88ae2fb3591dce6be9f73abd90df8bc2db3962b3566c7713074dc1523,200,2600,200,200,53260907,53260908,0.4882081549110274,0.3946592945318956,0.7555220127105713,0.44271420190509025,0.9579997658729553,1.0,0.1283451675361995,-0.04200023412704468,-1.680009365081787,-0.32724437494071285,0.706447859912245,1.2095516718336656,True,-0.899147629737854,-1.0,0.11969496998652052,0.100852370262146,4.03409481048584,0.842578182470855,-1.133745460042037,-0.6645497994336711,True
3,DPLQR,0.5,2000,200,4,1600,400,52260908,52760908,537b95aa966372a3afe88ddde35e8d852b73fadb39dfb7b4a70404350d467592,200,2600,200,200,53260908,53260909,0.6020587205001602,0.40562599897384644,0.6924106478691101,0.4320996511673924,0.9135006070137024,1.0,0.08926333830775961,-0.08649939298629761,-3.4599757194519043,-0.96903605249523,0.7385476787906791,1.0884535352367257,True,-1.1551380157470703,-1.0,0.09095489677025904,-0.1551380157470703,-6.2055206298828125,-1.7056587523696496,-1.3334063376343366,-0.976869693859804,True
3,DPLQR,0.5,2000,200,5,1600,400,52260909,52760909,d312ccd5f91a489954cc480ac261b92e21e709eb5704a34d2675fe83277ba1df,200,2600,200,200,53260909,53260910,0.5229620041128265,0.4645260205635658,0.6201175451278687,0.4833756912110875,0.9622504711151123,1.0,0.15647844058607735,-0.037749528884887695,-1.5099811553955078,-0.24124428095972766,0.65555836320941,1.2689425790208146,True,-0.9197945594787598,-1.0,0.10683487496456819,0.08020544052124023,3.2082176208496094,0.7507421200037946,-1.1291870667021533,-0.7104020522553662,True
3,DPLQR,0.5,2000,200,6,1600,400,52260910,52760910,d7db8e01bf02abb74337d04a18defd4324b17d3055fac1c11e1429ade0119930,200,2600,200,200,53260910,53260911,0.5661996548236006,0.43544400426057667,0.6468537449836731,0.46506766623887286,1.0239919424057007,1.0,0.1208521092906018,0.023991942405700684,0.9596776962280273,0.19852315815199795,0.7871261607404227,1.2608577240709786,True,-0.9199485778808594,-1.0,0.09124657383740468,0.08005142211914062,3.202056884765625,0.8773087991422771,-1.0987885763148473,-0.7411085794468715,True
3,DPLQR,0.5,2000,200,7,1600,400,52260911,52760911,b86d52bdcf1e7bdc9c26844779ca7ecbda1226b8829d2acf6c1f8ba86232ac71,200,2600,200,200,53260911,53260912,0.5298605979600165,0.4261336074425624,0.5919739007949829,0.4650688643975905,0.9643797278404236,1.0,0.12826585275714106,-0.035620272159576416,-1.4248108863830566,-0.2777065867017619,0.7129832759901096,1.2157761796907376,True,-1.0169143676757812,-1.0,0.10643457109582831,-0.01691436767578125,-0.67657470703125,-0.15891798596672513,-1.2255222937335726,-0.8083064416179899,True
3,DPLQR,0.5,2000,200,8,1600,400,52260912,52760912,e47c7630e4eae27b3be6663bb1a61c4c846721917db593076dac6a16aa328477,200,2600,200,200,53260912,53260913,0.5956810117652375,0.43123881633465105,0.6543769240379333,0.4617449420599534,0.9902434349060059,1.0,0.12362400985322244,-0.00975656509399414,-0.3902626037597656,-0.07892127998095202,0.7479448279692651,1.2325420418427466,True,-0.8476742506027222,-1.0,0.09555532851736037,0.15232574939727783,6.093029975891113,1.5941104673153155,-1.0349592530276417,-0.6603892481778026,True
3,DPLQR,0.5,2000,200,9,1600,400,52260913,52760913,0ea23a904f062e8852eb5c93cadb4306ccd8446eb9dc283e07285fc527990ffa,200,2600,200,200,53260913,53260914,0.534425990422747,0.4389787247547737,0.696578860282898,0.48067388044770903,1.0145455598831177,1.0,0.11652604319782463,0.014545559883117676,0.581822395324707,0.12482668666972484,0.7861587119544229,1.2429324078118125,True,-0.9737392067909241,-1.0,0.10645346204532072,0.026260793209075928,1.050431728363037,0.24668801469224036,-1.1823841584293542,-0.7650942551524939,True
3,DPLQR,0.5,2000,200,10,1600,400,52260914,52760914,2423669b6bccabc8e6ab42876131cbdb97df8aa8ecb17cb92f4d54f9f2f8c9ac,200,2600,200,200,53260914,53260915,0.45765674140641005,0.4100841535971715,0.6458249092102051,0.4809576131263388,1.1058104038238525,1.0,0.14102092340872469,0.10581040382385254,4.232416152954102,0.7503170541379838,0.8294144728761708,1.3822063347715343,True,-0.9522998929023743,-1.0,0.11207768694389278,0.04770010709762573,1.9080042839050293,0.4255986039532105,-1.171968122782959,-0.7326316630217894,True
3,DPLQR,0.5,2000,200,11,1600,400,52260915,52760915,960117e62f2619484200a17f87869b4dccfffd31d0a35c81a5cdd61c5f3c7c27,200,2600,200,200,53260915,53260916,0.581090688669811,0.3983549934167128,0.6528487205505371,0.4256325914722792,1.0541261434555054,1.0,0.10549332513406595,0.05412614345550537,2.165045738220215,0.5130764755658169,0.8473630255833621,1.2608892613276488,True,-0.8712603449821472,-1.0,0.09787746386841299,0.12873965501785278,5.149586200714111,1.3153145773263097,-1.063096649062357,-0.6794240409019373,True
3,DPLQR,0.5,2000,200,12,1600,400,52260916,52760916,6fb247e4548abac33962fcaad398237803ac2edf8aedd6a023ba7dbd276272da,200,2600,200,200,53260916,53260917,0.651223689128991,0.37920514895365787,0.592644453048706,0.4054743835818382,0.9046738743782043,1.0,0.1123240919833993,-0.09532612562179565,-3.813045024871826,-0.8486703425644802,0.6845226994945776,1.1248250492618312,True,-0.9185289740562439,-1.0,0.08762529330836516,0.0814710259437561,3.258841037750244,0.9297660854275105,-1.0902713930753982,-0.7467865550370896,True
3,DPLQR,0.5,2000,200,13,1600,400,52260917,52760917,186d23cc2a699cfb7929426e3e2157e83ed7218e6ba788fb15af474a1a7156be,200,2600,200,200,53260917,53260918,0.49891208134999815,0.4252883516825162,0.6615095138549805,0.47735334645497174,1.0776420831680298,1.0,0.1268037378376581,0.07764208316802979,3.1056833267211914,0.6123012183397301,0.8291113239011609,1.3261728424348986,True,-0.8090294003486633,-1.0,0.11725551381367134,0.19097059965133667,7.638823986053467,1.6286705284904952,-1.038845984412198,-0.5792128162851287,True
3,DPLQR,0.5,2000,200,14,1600,400,52260918,52760918,3c511eeab683f6b7a18fc3f6f07e01b6ad266abe60d04aabc856c77cdf278b71,200,2600,200,200,53260918,53260919,0.581106489756679,0.47215152245301467,0.6448610424995422,0.49344013095827066,0.9661858677864075,1.0,0.12199552508189326,-0.03381413221359253,-1.3525652885437012,-0.27717518483480236,0.7270790323508438,1.2052927032219711,True,-0.8928797841072083,-1.0,0.10316954212990456,0.10712021589279175,4.28480863571167,1.0382930240972936,-1.095088370983309,-0.6906711972311075,True
3,DPLQR,0.5,2000,200,15,1600,400,52260919,52760919,4f27d514d77d50ae4a3957d3fcb8223dd23b7b79e3ab0c29514449346f22988b,200,2600,200,200,53260919,53260920,0.5740058018864284,0.40779292583465576,0.6405960917472839,0.4485006901022296,1.0054242610931396,1.0,0.12684665858139985,0.0054242610931396484,0.21697044372558594,0.04276234907408932,0.7568093787143474,1.254039143471932,True,-1.0421159267425537,-1.0,0.09189895031765401,-0.04211592674255371,-1.6846370697021484,-0.45828517732767987,-1.2222345595821913,-0.8619972939029161,True
3,DPLQR,0.5,2000,200,16,1600,400,52260920,52760920,00a8319980ea6a72f7666ed32f47c71be632c2d3117b0b191f5206c8562db698,200,2600,200,200,53260920,53260921,0.5703243070788784,0.4160025692903079,0.5969155430793762,0.45113156088581513,0.9122202396392822,1.0,0.11966587807829905,-0.08777976036071777,-3.511190414428711,-0.7335404358398829,0.6776794284274549,1.1467610508511095,True,-1.1103308200836182,-1.0,0.0936876415254164,-0.11033082008361816,-4.413232803344727,-1.1776454000465648,-1.2939552232699336,-0.9267064168973028,True
3,DPLQR,0.5,2000,200,17,1600,400,52260921,52760921,8fcbdb347290ff48a821e3aa7924484b657f4a3f8b7e6798a3153283f3b41894,200,2600,200,200,53260921,53260922,0.5624321821812861,0.3940975757745596,0.7248433232307434,0.44794327470649103,1.1570532321929932,1.0,0.11433057221281082,0.15705323219299316,6.282129287719727,1.3736766041952446,0.9329694283240281,1.3811370360619581,True,-1.0860159397125244,-1.0,0.10768121639845243,-0.08601593971252441,-3.4406375885009766,-0.7988017092436989,-1.297067245664955,-0.8749646337600938,True
3,DPLQR,0.5,2000,200,18,1600,400,52260922,52760922,35e938d6a78c4313233f90a92f637f9eb4db3020789b4b433356a01d4b06e224,200,2600,200,200,53260922,53260923,0.6649223202102337,0.36293182923243594,0.5968343615531921,0.390114969465558,0.9172862768173218,1.0,0.09566183990610586,-0.08271372318267822,-3.308548927307129,-0.8646470030668814,0.7297925159065178,1.1047800377281258,True,-0.9221594929695129,-1.0,0.08002638523571587,0.07784050703048706,3.1136202812194824,0.9726855311683721,-1.079008325844444,-0.7653106600945819,True
3,DPLQR,0.5,2000,200,19,1600,400,52260923,52760923,0d66fceeac55d53f5f7e7082721568fac87ecfceda39dce9a783ee89f241cd02,200,2600,200,200,53260923,53260924,0.518630945251679,0.43742465055905855,0.5940233469009399,0.4633145827226263,1.0257328748703003,1.0,0.12511516491740435,0.025732874870300293,1.0293149948120117,0.20567350798193032,0.7805116577123985,1.270954092028202,True,-0.9949290156364441,-1.0,0.12111637744538582,0.005070984363555908,0.20283937454223633,0.04186869249654145,-1.2323127533673597,-0.7575452779055285,True
3,DPLQR,0.5,2000,200,20,1600,400,52260924,52760924,e7ee072ec5f3607842b0acc4254edff20b1032497db204f5ebf0eb79977a2d8a,200,2600,200,200,53260924,53260925,0.6310798819317696,0.3971456312216245,0.7619870901107788,0.42789484456609034,0.9074613451957703,1.0,0.1095327608787408,-0.09253865480422974,-3.7015461921691895,-0.844849103243873,0.6927810787462005,1.12214161164534,True,-0.9206146597862244,-1.0,0.07446436224555904,0.07938534021377563,3.1754136085510254,1.0660850079127626,-1.0665621279192643,-0.7746671916531845,True
3,DPLQR,0.5,2000,500,1,1600,400,52260905,52760905,02d4548d11743d5df9df61e96f59dda3254876f961acdf349959b06e064e9f1d,500,6500,500,500,53260905,53260906,0.4297482390386007,0.3315734106760759,0.6307353973388672,0.4895904551332643,1.0624803304672241,1.0,0.19171981560470114,0.06248033046722412,2.499213218688965,0.3258939628653182,0.6867163967593497,1.4382442641750985,True,-1.013492226600647,-1.0,0.17669573896561377,-0.013492226600646973,-0.5396890640258789,-0.0763585283925418,-1.3598095111949406,-0.6671749420063533,True
3,DPLQR,0.5,2000,500,2,1600,400,52260906,52760906,df0c9f4bf6fe1d0df5d4b368940c54d89f6abdb5e53bd18273b1c41b958ba5b1,500,6500,500,500,53260906,53260907,0.4361318307033885,0.3237696702663715,0.6761913895606995,0.47323162756919646,1.122467041015625,1.0,0.1671297708960475,0.122467041015625,4.898681640625,0.7327661634371406,0.7948987093149413,1.4500353727163087,True,-1.0167752504348755,-1.0,0.16397551487179565,-0.01677525043487549,-0.6710100173950195,-0.10230338625855956,-1.338161353930007,-0.695389146939744,True
3,DPLQR,0.5,2000,500,3,1600,400,52260907,52760907,b99bfab88ae2fb3591dce6be9f73abd90df8bc2db3962b3566c7713074dc1523,500,6500,500,500,53260907,53260908,0.46237134760299253,0.3327617301390721,0.8523823618888855,0.4559817255171284,0.9061336517333984,1.0,0.15690009368744448,-0.09386634826660156,-3.7546539306640625,-0.5982555271992994,0.598615118935047,1.2136521845317498,True,-0.8948051333427429,-1.0,0.168354977786439,0.10519486665725708,4.207794666290283,0.6248396574926253,-1.224774826422204,-0.5648354402632817,True
3,DPLQR,0.5,2000,500,4,1600,400,52260908,52760908,537b95aa966372a3afe88ddde35e8d852b73fadb39dfb7b4a70404350d467592,500,6500,500,500,53260908,53260909,0.4796404786112346,0.34805265069007874,0.7520018815994263,0.4533129113992392,0.9512215256690979,1.0,0.12466519891711118,-0.0487784743309021,-1.951138973236084,-0.3912757911158068,0.7068822256660382,1.1955608256721575,True,-1.1121294498443604,-1.0,0.14986252109894663,-0.11212944984436035,-4.485177993774414,-0.7482154245245011,-1.4058545938306697,-0.818404305858051,True
3,DPLQR,0.5,2000,500,5,1600,400,52260909,52760909,d312ccd5f91a489954cc480ac261b92e21e709eb5704a34d2675fe83277ba1df,500,6500,500,500,53260909,53260910,0.3698357221354032,0.36390130794965303,0.6846475601196289,0.5621996175432206,0.9323434829711914,1.0,0.25076168258356835,-0.0676565170288086,-2.7062606811523438,-0.2698040479380717,0.44085961640473253,1.4238273495376503,True,-0.9071353673934937,-1.0,0.1970771638141066,0.09286463260650635,3.714585304260254,0.47120950397937067,-1.293399510644443,-0.5208712241425444,True
3,DPLQR,0.5,2000,500,6,1600,400,52260910,52760910,d7db8e01bf02abb74337d04a18defd4324b17d3055fac1c11e1429ade0119930,500,6500,500,500,53260910,53260911,0.4446439763919495,0.3634367333008693,0.7506576180458069,0.48947489135288963,1.0495834350585938,1.0,0.17796955096019879,0.04958343505859375,1.98333740234375,0.27860628287859546,0.7007695248318384,1.398397345285349,True,-0.9000542759895325,-1.0,0.17376139836061327,0.09994572401046753,3.997828960418701,0.5751894549274205,-1.2406203586796516,-0.5594881932994132,True
3,DPLQR,0.5,2000,500,7,1600,400,52260911,52760911,b86d52bdcf1e7bdc9c26844779ca7ecbda1226b8829d2acf6c1f8ba86232ac71,500,6500,500,500,53260911,53260912,0.42978998290976334,0.3655391541811136,0.6408673524856567,0.4909610509354662,0.999176025390625,1.0,0.12829251544120612,-0.000823974609375,-0.032958984375,-0.0064226241612092404,0.7477273156398123,1.2506247351414377,True,-1.0899616479873657,-1.0,0.1802753448091467,-0.08996164798736572,-3.598465919494629,-0.4990235801939861,-1.4432948311138332,-0.7366284648608984,True
3,DPLQR,0.5,2000,500,8,1600,400,52260912,52760912,e47c7630e4eae27b3be6663bb1a61c4c846721917db593076dac6a16aa328477,500,6500,500,500,53260912,53260913,0.3671012420686924,0.35380569100379944,0.7570297122001648,0.5496485163126998,0.9083337783813477,1.0,0.16930120306171204,-0.09166622161865234,-3.6666488647460938,-0.5414386901033365,0.5765095178410897,1.2401580389216056,True,-0.9034425616264343,-1.0,0.20882496100773554,0.09655743837356567,3.862297534942627,0.4623845631652668,-1.3127319642745772,-0.49415315897829154,True
3,DPLQR,0.5,2000,500,9,1600,400,52260913,52760913,0ea23a904f062e8852eb5c93cadb4306ccd8446eb9dc283e07285fc527990ffa,500,6500,500,500,53260913,53260914,0.32558281007203926,0.3588491173890921,0.7924274206161499,0.6089891138024073,0.9827694892883301,1.0,0.20354323306706126,-0.017230510711669922,-0.6892204284667969,-0.08465283002551599,0.5838320831800479,1.3817068953966123,True,-0.901839017868042,-1.0,0.23591397038471842,0.09816098213195801,3.9264392852783203,0.41608804248379727,-1.3642219032719392,-0.43945613246414494,True
3,DPLQR,0.5,2000,500,10,1600,400,52260914,52760914,2423669b6bccabc8e6ab42876131cbdb97df8aa8ecb17cb92f4d54f9f2f8c9ac,500,6500,500,500,53260914,53260915,0.3895824642597637,0.3296806216239929,0.7180474996566772,0.5331363358175534,1.0810210704803467,1.0,0.19534962364033578,0.08102107048034668,3.240842819213867,0.41474904824755165,0.6981428437518342,1.4638992972088591,True,-1.0046052932739258,-1.0,0.16614981541323617,-0.004605293273925781,-0.18421173095703125,-0.02771771525879712,-1.3302529475218465,-0.6789576390260049,True
3,DPLQR,0.5,2000,500,11,1600,400,52260915,52760915,960117e62f2619484200a17f87869b4dccfffd31d0a35c81a5cdd61c5f3c7c27,500,6500,500,500,53260915,53260916,0.42871585865448364,0.3198693004938272,0.7053946256637573,0.48545907573030833,1.0604264736175537,1.0,0.16217064178164406,0.06042647361755371,2.4170589447021484,0.37261043647416414,0.7425778563757848,1.3782750908593226,True,-0.8766233921051025,-1.0,0.17147954231559126,0.12337660789489746,4.935064315795898,0.7194829553943812,-1.2127171191290735,-0.5405296650811315,True
3,DPLQR,0.5,2000,500,12,1600,400,52260916,52760916,6fb247e4548abac33962fcaad398237803ac2edf8aedd6a023ba7dbd276272da,500,6500,500,500,53260916,53260917,0.436289997222291,0.31331061858397263,0.6476707458496094,0.4736070176396996,0.836780846118927,1.0,0.178759343876953,-0.163219153881073,-6.52876615524292,-0.913066418466064,0.4864189702200885,1.1871427220177655,True,-0.9127751588821411,-1.0,0.1764597342815797,0.08722484111785889,3.4889936447143555,0.4943045022309326,-1.2586298827955453,-0.5669204349687369,True
3,DPLQR,0.5,2000,500,13,1600,400,52260917,52760917,186d23cc2a699cfb7929426e3e2157e83ed7218e6ba788fb15af474a1a7156be,500,6500,500,500,53260917,53260918,0.441675036993695,0.3548838564982781,0.7215691804885864,0.4842356893857111,1.067381501197815,1.0,0.15027724902063314,0.06738150119781494,2.6952600479125977,0.4483812528971929,0.772843505421617,1.361919496974013,True,-0.8767310380935669,-1.0,0.18111020845479875,0.1232689619064331,4.930758476257324,0.6806295622877515,-1.231700523897514,-0.5217615522896197,True
3,DPLQR,0.5,2000,500,14,1600,400,52260918,52760918,3c511eeab683f6b7a18fc3f6f07e01b6ad266abe60d04aabc856c77cdf278b71,500,6500,500,500,53260918,53260919,0.3739248007821974,0.41008498576971203,0.6688506007194519,0.5690869447807202,0.9322073459625244,1.0,0.20188665035419048,-0.06779265403747559,-2.7117061614990234,-0.335795625508373,0.5365167823088806,1.3278979096161683,True,-0.9093418717384338,-1.0,0.21444090709367306,0.09065812826156616,3.6263251304626465,0.4227650847511313,-1.3296383264541327,-0.48904541702273485,True
3,DPLQR,0.5,2000,500,15,1600,400,52260919,52760919,4f27d514d77d50ae4a3957d3fcb8223dd23b7b79e3ab0c29514449346f22988b,500,6500,500,500,53260919,53260920,0.41863734022423754,0.34100125156916106,0.6759174466133118,0.5064374981101458,0.9805355668067932,1.0,0.19873983555764643,-0.019464433193206787,-0.7785773277282715,-0.09793926385513657,0.5910126468203933,1.370058486793193,True,-1.120834231376648,-1.0,0.16799051121935094,-0.12083423137664795,-4.833369255065918,-0.7192920034564962,-1.4500895831110476,-0.7915788796422483,True
3,DPLQR,0.5,2000,500,16,1600,400,52260920,52760920,00a8319980ea6a72f7666ed32f47c71be632c2d3117b0b191f5206c8562db698,500,6500,500,500,53260920,53260921,0.44023356954816734,0.35421238725001997,0.624299168586731,0.4779126958555343,0.9503803849220276,1.0,0.1678155143209066,-0.04961961507797241,-1.9847846031188965,-0.2956795459511979,0.621468020805985,1.27929274903807,True,-1.1268985271453857,-1.0,0.18555885019150833,-0.12689852714538574,-5.07594108581543,-0.683872135521526,-1.4905871905334054,-0.7632098637573661,True
3,DPLQR,0.5,2000,500,17,1600,400,52260921,52760921,8fcbdb347290ff48a821e3aa7924484b657f4a3f8b7e6798a3153283f3b41894,500,6500,500,500,53260921,53260922,0.41548716462391455,0.3271026095518699,0.82820063829422,0.49290146588909095,1.1118665933609009,1.0,0.16517118512062143,0.11186659336090088,4.474663734436035,0.6772766889043437,0.7881370192406848,1.4355961674811168,True,-1.0482882261276245,-1.0,0.20172452617114908,-0.04828822612762451,-1.9315290451049805,-0.23937707052366725,-1.4436610322214842,-0.6529154200337648,True
3,DPLQR,0.5,2000,500,18,1600,400,52260922,52760922,35e938d6a78c4313233f90a92f637f9eb4db3020789b4b433356a01d4b06e224,500,6500,500,500,53260922,53260923,0.4191936873041317,0.30356333003594327,0.6561303734779358,0.44825126448618346,0.9950857162475586,1.0,0.16336983469840877,-0.004914283752441406,-0.19657135009765625,-0.030080729172025488,0.6748867240784153,1.3152847084167019,True,-0.8921347856521606,-1.0,0.16952725102747307,0.10786521434783936,4.314608573913574,0.636270650848689,-1.2244020920640888,-0.5598674792402325,True
3,DPLQR,0.5,2000,500,19,1600,400,52260923,52760923,0d66fceeac55d53f5f7e7082721568fac87ecfceda39dce9a783ee89f241cd02,500,6500,500,500,53260923,53260924,0.39572270525429265,0.36619560764386105,0.6542912721633911,0.520188653052548,1.0462695360183716,1.0,0.17502735518844642,0.04626953601837158,1.8507814407348633,0.2643560257683985,0.7032222235397168,1.3893168484970264,True,-1.0252959728240967,-1.0,0.1989801732512997,-0.02529597282409668,-1.0118389129638672,-0.1271281073423804,-1.4152899460341843,-0.635301999614009,True
3,DPLQR,0.5,2000,500,20,1600,400,52260924,52760924,e7ee072ec5f3607842b0acc4254edff20b1032497db204f5ebf0eb79977a2d8a,500,6500,500,500,53260924,53260925,0.40354702419566857,0.32508376699227554,0.8259398937225342,0.49676213472088654,0.7861229777336121,1.0,0.18400245470611665,-0.21387702226638794,-8.555080890655518,-1.1623596142126804,0.4254847934426609,1.1467611620245632,True,-0.9098696112632751,-1.0,0.16441124340636612,0.09013038873672485,3.605215549468994,0.54820088255129,-1.232109726993201,-0.5876294955333492,True
3,DPLQR,0.5,2000,1000,1,1600,400,52260905,52760905,02d4548d11743d5df9df61e96f59dda3254876f961acdf349959b06e064e9f1d,1000,13000,1000,1000,53260905,53260906,0.30297635637042625,0.27000841956872207,0.7050833702087402,0.6033353979660813,1.0695230960845947,1.0,0.2704696920305405,0.06952309608459473,2.780923843383789,0.2570457915733657,0.5394122407950953,1.599633951374094,True,-0.9575707912445068,-1.0,0.3060174059043109,0.042429208755493164,1.6971683502197266,0.13864965827715178,-1.5573538854593312,-0.3577876970296825,True
3,DPLQR,0.5,2000,1000,2,1600,400,52260906,52760906,df0c9f4bf6fe1d0df5d4b368940c54d89f6abdb5e53bd18273b1c41b958ba5b1,1000,13000,1000,1000,53260906,53260907,0.35238412420576254,0.29704544292046475,0.6958742737770081,0.5373465212102196,1.1075541973114014,1.0,0.24355652248911647,0.10755419731140137,4.302167892456055,0.44159850950494467,0.6301921850329133,1.5849162095898894,True,-1.0377751588821411,-1.0,0.25287562515094103,-0.03777515888214111,-1.5110063552856445,-0.1493823647874056,-1.5334022767460365,-0.5421480410182457,True
3,DPLQR,0.5,2000,1000,3,1600,400,52260907,52760907,b99bfab88ae2fb3591dce6be9f73abd90df8bc2db3962b3566c7713074dc1523,1000,13000,1000,1000,53260907,53260908,0.38069670634230074,0.29591592917075527,0.8957618474960327,0.543074192640046,0.8946413397789001,1.0,0.22523688148706175,-0.10535866022109985,-4.214346408843994,-0.4677682425964149,0.45318516407414267,1.3360975154836576,True,-0.9237775802612305,-1.0,0.2471353258955269,0.07622241973876953,3.0488967895507812,0.3084238138055242,-1.4081539183240321,-0.4394012421984288,True
3,DPLQR,0.5,2000,1000,4,1600,400,52260908,52760908,537b95aa966372a3afe88ddde35e8d852b73fadb39dfb7b4a70404350d467592,1000,13000,1000,1000,53260908,53260909,0.40084549970590216,0.32069630462389725,0.7911506295204163,0.5019740533574282,0.9902816414833069,1.0,0.15011296106646524,-0.009718358516693115,-0.3887343406677246,-0.06474030255382235,0.6960656441803716,1.2844976387862421,True,-1.1458953619003296,-1.0,0.23510277603447327,-0.1458953619003296,-5.835814476013184,-0.6205599285605069,-1.6066883355932837,-0.6851023882073755,True
3,DPLQR,0.5,2000,1000,5,1600,400,52260909,52760909,d312ccd5f91a489954cc480ac261b92e21e709eb5704a34d2675fe83277ba1df,1000,13000,1000,1000,53260909,53260910,0.25874763125832384,0.3321845760712257,0.7564351558685303,0.7045579094401526,0.8669732213020325,1.0,0.3641170074549343,-0.13302677869796753,-5.321071147918701,-0.36534074480009526,0.15331700053185882,1.580629442072206,True,-1.028344750404358,-1.0,0.4008566834870104,-0.02834475040435791,-1.1337900161743164,-0.07071043485614331,-1.8140094130010702,-0.24268008780764572,True
3,DPLQR,0.5,2000,1000,6,1600,400,52260910,52760910,d7db8e01bf02abb74337d04a18defd4324b17d3055fac1c11e1429ade0119930,1000,13000,1000,1000,53260910,53260911,0.323119855513089,0.3032704798074869,0.7819442749023438,0.5704324486621469,0.9529591202735901,1.0,0.21244581224472495,-0.04704087972640991,-1.8816351890563965,-0.22142530949125802,0.5365729796075708,1.3693452609396095,True,-0.8551183938980103,-1.0,0.3135489269946494,0.14488160610198975,5.79526424407959,0.46207017032611974,-1.469662998198702,-0.24057378959731868,True
3,DPLQR,0.5,2000,1000,7,1600,400,52260911,52760911,b86d52bdcf1e7bdc9c26844779ca7ecbda1226b8829d2acf6c1f8ba86232ac71,1000,13000,1000,1000,53260911,53260912,0.3851146257328673,0.335048829133694,0.6606970429420471,0.5254150533555816,0.9682154059410095,1.0,0.18494476037467497,-0.03178459405899048,-1.2713837623596191,-0.17185993263393276,0.605730336477256,1.3307004754047629,True,-1.1183478832244873,-1.0,0.24753442968457948,-0.1183478832244873,-4.733915328979492,-0.4781067562007111,-1.6035064503399254,-0.6331893161090492,True
3,DPLQR,0.5,2000,1000,8,1600,400,52260912,52760912,e47c7630e4eae27b3be6663bb1a61c4c846721917db593076dac6a16aa328477,1000,13000,1000,1000,53260912,53260913,0.33937817211572796,0.30443209409713745,0.8011869192123413,0.6009618381309394,0.9083755612373352,1.0,0.2472588305797917,-0.0916244387626648,-3.664977550506592,-0.3705608351694324,0.4237571584414525,1.3929939640332178,True,-0.9563369750976562,-1.0,0.28557340662502056,0.04366302490234375,1.74652099609375,0.1528959766189875,-1.5160505670251085,-0.39662338317020385,True
3,DPLQR,0.5,2000,1000,9,1600,400,52260913,52760913,0ea23a904f062e8852eb5c93cadb4306ccd8446eb9dc283e07285fc527990ffa,1000,13000,1000,1000,53260913,53260914,0.2598549083145919,0.29585632108725035,0.8678168058395386,0.7352431415793009,0.9163605570793152,1.0,0.257227214590789,-0.08363944292068481,-3.3455777168273926,-0.32515783002876647,0.4122044806378128,1.4205166335208177,True,-0.9547114372253418,-1.0,0.3648865541482659,0.0452885627746582,1.8115425109863281,0.12411683099798715,-1.6698759417988671,-0.23954693265181648,True
3,DPLQR,0.5,2000,1000,10,1600,400,52260914,52760914,2423669b6bccabc8e6ab42876131cbdb97df8aa8ecb17cb92f4d54f9f2f8c9ac,1000,13000,1000,1000,53260914,53260915,0.2733784499220897,0.3038017348601268,0.7947033643722534,0.613552314473673,1.084344744682312,1.0,0.26880627544411917,0.08434474468231201,3.3737897872924805,0.3137752068583906,0.5574941259934849,1.611195363371139,True,-0.9919795393943787,-1.0,0.28133629786982406,0.008020460605621338,0.3208184242248535,0.028508445822132952,-1.5433885507630665,-0.44057052802569074,True
3,DPLQR,0.5,2000,1000,11,1600,400,52260915,52760915,960117e62f2619484200a17f87869b4dccfffd31d0a35c81a5cdd61c5f3c7c27,1000,13000,1000,1000,53260915,53260916,0.3201353748627469,0.28666346348248994,0.7361247539520264,0.5968760440872473,1.0884133577346802,1.0,0.1540185530102906,0.08841335773468018,3.536534309387207,0.5740435551863218,0.7865425408835375,1.390284174585823,True,-0.9078966975212097,-1.0,0.3029152806939062,0.09210330247879028,3.6841320991516113,0.3040563099616623,-1.5015997380481072,-0.31419365699431234,True
3,DPLQR,0.5,2000,1000,12,1600,400,52260916,52760916,6fb247e4548abac33962fcaad398237803ac2edf8aedd6a023ba7dbd276272da,1000,13000,1000,1000,53260916,53260917,0.31896961676773944,0.2625147390824098,0.6807787418365479,0.6006692069128378,0.8214097619056702,1.0,0.2862435899945905,-0.17859023809432983,-7.143609523773193,-0.623909999513718,0.260382634710823,1.3824368891005174,True,-0.9123676419258118,-1.0,0.29558846930946253,0.08763235807418823,3.5052943229675293,0.29646744434554606,-1.4917103960176814,-0.33302488783394213,True
3,DPLQR,0.5,2000,1000,13,1600,400,52260917,52760917,186d23cc2a699cfb7929426e3e2157e83ed7218e6ba788fb15af474a1a7156be,1000,13000,1000,1000,53260917,53260918,0.3930602916411334,0.32005659548135906,0.8026471138000488,0.528597876887623,1.088181972503662,1.0,0.18358536216943944,0.08818197250366211,3.5272789001464844,0.4803322632132015,0.7283612745628187,1.4480026704445055,True,-0.8852015137672424,-1.0,0.260272503509599,0.11479848623275757,4.591939449310303,0.44107035773959014,-1.3953262468121315,-0.3750767807223535,True
3,DPLQR,0.5,2000,1000,14,1600,400,52260918,52760918,3c511eeab683f6b7a18fc3f6f07e01b6ad266abe60d04aabc856c77cdf278b71,1000,13000,1000,1000,53260918,53260919,0.2595129146670092,0.36358291369218093,0.7032420039176941,0.6754720337360993,0.9252721071243286,1.0,0.28503575156499683,-0.07472789287567139,-2.9891157150268555,-0.26217024518986054,0.3666122997506285,1.4839319144980287,True,-0.9281527996063232,-1.0,0.38161934063419173,0.07184720039367676,2.8738880157470703,0.1882692849745978,-1.6761129630532619,-0.18019263615938463,True
3,DPLQR,0.5,2000,1000,15,1600,400,52260919,52760919,4f27d514d77d50ae4a3957d3fcb8223dd23b7b79e3ab0c29514449346f22988b,1000,13000,1000,1000,53260919,53260920,0.33099814173664704,0.31991944633997405,0.7228413224220276,0.5839518302920225,0.9523428678512573,1.0,0.2714436807910928,-0.047657132148742676,-1.906285285949707,-0.17556913467225022,0.42032302966972845,1.4843627060327862,True,-1.1575223207473755,-1.0,0.26699573255639797,-0.1575223207473755,-6.3008928298950195,-0.5899806683767943,-1.680824340583804,-0.634220300910947,True
3,DPLQR,0.5,2000,1000,16,1600,400,52260920,52760920,00a8319980ea6a72f7666ed32f47c71be632c2d3117b0b191f5206c8562db698,1000,13000,1000,1000,53260920,53260921,0.3985338125772928,0.3178626700089528,0.6694231033325195,0.5325959924678724,1.0089027881622314,1.0,0.2009308122350886,0.008902788162231445,0.3561115264892578,0.04430772992553876,0.6150856327970777,1.4027199435273852,True,-1.1459381580352783,-1.0,0.24923055019730841,-0.14593815803527832,-5.837526321411133,-0.5855548524037018,-1.634421060269105,-0.6574552558014517,True
3,DPLQR,0.5,2000,1000,17,1600,400,52260921,52760921,8fcbdb347290ff48a821e3aa7924484b657f4a3f8b7e6798a3153283f3b41894,1000,13000,1000,1000,53260921,53260922,0.3107501734328223,0.2848314012472446,0.8561160564422607,0.596428590546871,1.1882438659667969,1.0,0.21370800528358855,0.18824386596679688,7.529754638671875,0.880846113916037,0.7693838724030677,1.607103859530526,True,-1.1240965127944946,-1.0,0.37531578582552366,-0.12409651279449463,-4.963860511779785,-0.3306455989362101,-1.8597019358418696,-0.38849108974711977,True
3,DPLQR,0.5,2000,1000,18,1600,400,52260922,52760922,35e938d6a78c4313233f90a92f637f9eb4db3020789b4b433356a01d4b06e224,1000,13000,1000,1000,53260922,53260923,0.3706335333387441,0.2659710210103255,0.6758592128753662,0.5029208449555387,0.9379369020462036,1.0,0.17877316033679827,-0.06206309795379639,-2.4825239181518555,-0.3471611613112008,0.5875479463836746,1.2883258577087326,True,-0.9135804772377014,-1.0,0.2537580540697453,0.08641952276229858,3.4567809104919434,0.3405587384373078,-1.4109371240013697,-0.416223830474033,True
3,DPLQR,0.5,2000,1000,19,1600,400,52260923,52760923,0d66fceeac55d53f5f7e7082721568fac87ecfceda39dce9a783ee89f241cd02,1000,13000,1000,1000,53260923,53260924,0.3428293976523746,0.3259155463713866,0.682864785194397,0.5676286652563575,1.0691123008728027,1.0,0.2324648590864973,0.06911230087280273,2.7644920349121094,0.297302143405197,0.6134895493920893,1.5247350523535161,True,-1.0605634450912476,-1.0,0.2979752276601823,-0.06056344509124756,-2.4225378036499023,-0.20324993311294817,-1.644584159590328,-0.4765427305921669,True
3,DPLQR,0.5,2000,1000,20,1600,400,52260924,52760924,e7ee072ec5f3607842b0acc4254edff20b1032497db204f5ebf0eb79977a2d8a,1000,13000,1000,1000,53260924,53260925,0.3351677056173745,0.286508620931552,0.8390400409698486,0.5689364084909551,0.7934498190879822,1.0,0.21331997656959667,-0.20655018091201782,-8.262007236480713,-0.9682645959068434,0.3753503478286445,1.2115492903473197,True,-0.8905268907546997,-1.0,0.27395186315117026,0.10947310924530029,4.378924369812012,0.39960709880221396,-1.427462676028639,-0.35359110548076045,True
3,DPLQR,0.5,4000,200,1,3200,800,54260905,54760905,c3a056c775ee3842497d7a57ee38955574e4bc20ef6796562043c1d73971c8c3,200,5000,200,200,55260905,55260906,0.4801055283680341,0.4446744978427887,0.6657266616821289,0.48290751975851154,1.1029483079910278,1.0,0.07813721706849962,0.10294830799102783,5.823635735370962,1.3175323085896107,0.9498021766845802,1.2560944392974756,True,-0.9182103872299194,-1.0,0.060599267273468795,0.08178961277008057,4.626719185627665,1.3496798963093932,-1.036982768575435,-0.7994380058844038,True
3,DPLQR,0.5,4000,200,2,3200,800,54260906,54760906,99b2ec731bc067ce6ed8b96a3b16e990951bab24431053d661e868039557a80c,200,5000,200,200,55260906,55260907,0.4079371152495489,0.44997998237609865,0.6166495084762573,0.5176326545919793,0.9696909189224243,1.0,0.09101480104523922,-0.030309081077575684,-1.714540540918931,-0.3330126609023784,0.791305186813677,1.1480766510311717,True,-0.8297097682952881,-1.0,0.07694872441001203,0.17029023170471191,9.633070208658417,2.213035147890703,-0.9805264967952098,-0.6788930397953664,False
3,DPLQR,0.5,4000,200,3,3200,800,54260907,54760907,08944fb41319688ef827b3b760256f63c308f065b40a94df2b0aa104042cecd4,200,5000,200,200,55260907,55260908,0.4746239486283869,0.47090774655342105,0.6514292359352112,0.49504589347096895,0.923237144947052,1.0,0.08132577882260125,-0.076762855052948,-4.342362828094365,-0.9438932668618334,0.7638415474400833,1.0826327424540207,True,-0.9745461940765381,-1.0,0.0637803518449949,0.025453805923461914,1.4398847020388985,0.3990853795432515,-1.0995533866140208,-0.8495390015390553,True
3,DPLQR,0.5,4000,200,4,3200,800,54260908,54760908,b3f1dda449174935f50e2c5664fd73a7fe58ecdcf81e2d34d7b0746ca0eceb96,200,5000,200,200,55260908,55260909,0.4502998029173936,0.46806894421577455,0.6674543023109436,0.5019631081227223,0.877835214138031,1.0,0.08278007804979581,-0.122164785861969,-6.91068388041606,-1.475775195433877,0.7155892425230166,1.0400811857530454,True,-0.9931308627128601,-1.0,0.06346113503711794,0.006869137287139893,0.3885770845310386,0.10824163928240783,-1.1175124018036442,-0.868749323622076,True
3,DPLQR,0.5,4000,200,5,3200,800,54260909,54760909,4ad091b79a3d03863410bf7766342a76598a925102272dc11cc57e2db33bcbc2,200,5000,200,200,55260909,55260910,0.46776575125573905,0.4626918792724609,0.6645970344543457,0.49689368795284466,0.9499258399009705,1.0,0.08000932270782317,-0.05007416009902954,-2.8326222534595704,-0.625854068055164,0.7931104489661943,1.1067412308357465,True,-1.0276154279708862,-1.0,0.06240195802394295,-0.02761542797088623,-1.5621645106865851,-0.44254104911724873,-1.1499210182625947,-0.9053098376791778,True
3,DPLQR,0.5,4000,200,6,3200,800,54260910,54760910,5fee524eedbed726fb4a7fd2846ec7fa7c502a49644247244b1dcd435df0f42c,200,5000,200,200,55260910,55260911,0.4817114692967002,0.4538371205329895,0.6153188347816467,0.48690492082177,1.0229922533035278,1.0,0.08469453292912184,0.022992253303527832,1.3006382580546665,0.2714726973318256,0.8569940190750074,1.1889904875320483,True,-0.960062563419342,-1.0,0.07252682007780346,0.03993743658065796,2.259202578351274,0.5506574883307293,-1.1022125186850533,-0.8179126081536308,True
3,DPLQR,0.5,4000,200,7,3200,800,54260911,54760911,2004ec43f6226a470a3f16ec10af699106b7e0b5d03113c5536fa109f4309420,200,5000,200,200,55260911,55260912,0.46296590691416517,0.4533851897716522,0.6446304321289062,0.4934018192583618,0.9992841482162476,1.0,0.08293910864477026,-0.0007158517837524414,-0.040494692049266985,-0.008631052291850011,0.8367264823626432,1.1618418140698519,True,-1.110716700553894,-1.0,0.06551158715258953,-0.11071670055389404,-6.263082380180709,-1.6900323342191785,-1.2391170519430263,-0.9823163491647616,True
3,DPLQR,0.5,4000,200,8,3200,800,54260912,54760912,9e2abfb68635c02775e0c777af267309543c19fdf0df6fe7989b3bd0a5387f37,200,5000,200,200,55260912,55260913,0.462350179718871,0.45511034488677976,0.5987004041671753,0.5062948830760283,0.8955250382423401,1.0,0.07449786543993264,-0.10447496175765991,-5.909996313843724,-1.4023886609462346,0.7495119050549609,1.0415381714297192,True,-0.9245583415031433,-1.0,0.06647149244635461,0.07544165849685669,4.267624664566967,1.1349475650443894,-1.0548400726966247,-0.794276610309662,True
3,DPLQR,0.5,4000,200,9,3200,800,54260913,54760913,805396dcb118f6bac808588b15f7f8479a78e8cdc84577f1744d630d1bee00a6,200,5000,200,200,55260913,55260914,0.4802898571196476,0.4580376577377319,0.6198509931564331,0.49292995272689927,0.8196360468864441,1.0,0.07916594795046307,-0.1803639531135559,-10.202925946256633,-2.2783021966264587,0.664473640101564,0.9747984536713242,False,-0.980279266834259,-1.0,0.06215220054297975,0.019720733165740967,1.115573132117271,0.317297424603713,-1.10209534145841,-0.8584631922101079,True
3,DPLQR,0.5,4000,200,10,3200,800,54260914,54760914,cc7165bfb6b8d671e46324854ef2da93395365dc7fe39779e651ebe869c52fd2,200,5000,200,200,55260914,55260915,0.474681727973841,0.4642112565040588,0.6037612557411194,0.5026397378480623,0.9719597697257996,1.0,0.0846304170509352,-0.02804023027420044,-1.5861949578335566,-0.3313256775908867,0.8060872003093621,1.1378323391422371,True,-0.878229558467865,-1.0,0.06312068320601237,0.12177044153213501,6.888376396436214,1.9291686234558394,-1.0019438242312115,-0.7545152927045186,True
3,DPLQR,0.5,4000,200,11,3200,800,54260915,54760915,f2656714852ffcd66356cf22805f17c766330e98ff063a21ff7ecd5bbd61f291,200,5000,200,200,55260915,55260916,0.451536087877871,0.47075257539749144,0.5886715650558472,0.5018746821705995,1.029862403869629,1.0,0.08358076958087168,0.029862403869628906,1.6892726622996799,0.35728797448717464,0.8660471056909795,1.1936777020482783,True,-0.9419357776641846,-1.0,0.06226215401022547,0.05806422233581543,3.284608428638279,0.9325765107047115,-1.0639673571241126,-0.8199041982042565,True
3,DPLQR,0.5,4000,200,12,3200,800,54260916,54760916,5e835661b7802d2b33d3e71f6a89987875a8cab96e48762c043c83824aa80444,200,5000,200,200,55260916,55260917,0.4650499728988592,0.45901081800460813,0.5842005014419556,0.4978890127234364,0.9606085419654846,1.0,0.08973650605009031,-0.03939145803451538,-2.2283173677624912,-0.4389680384093329,0.784728222008847,1.1364888619221223,True,-1.020280122756958,-1.0,0.06508679557298186,-0.020280122756958008,-1.1472169859792503,-0.3115858228758227,-1.1478478979491236,-0.8927123475647926,True
3,DPLQR,0.5,4000,200,13,3200,800,54260917,54760917,21f7bc4a451237bcf344166d6828f69a4284f2b5654fab1d6a3ebbcc0eda925b,200,5000,200,200,55260917,55260918,0.4706104642383748,0.4645015227794647,0.6199595332145691,0.49602550538431706,0.9158735275268555,1.0,0.09186196874393475,-0.08412647247314453,-4.758911933045114,-0.9157921784546887,0.7358273772397992,1.0959196778139118,True,-0.9946056604385376,-1.0,0.065962654557391,0.005394339561462402,0.30514992671463453,0.08177869125580811,-1.1238900876956808,-0.8653212331813944,True
3,DPLQR,0.5,4000,200,14,3200,800,54260918,54760918,e5fcb84aadfc0f061be11c3e5d013206273325742af68ec37b6cc844dc57152f,200,5000,200,200,55260918,55260919,0.5027863889064231,0.4673248028755188,0.6662994623184204,0.4977007040781398,0.9250154495239258,1.0,0.07245719026707143,-0.07498455047607422,-4.241766730068563,-1.0348807371592403,0.7830019661794997,1.067028932868352,True,-1.0254557132720947,-1.0,0.059895461519038636,-0.025455713272094727,-1.4399925979710864,-0.4250023729093942,-1.1428486606868151,-0.9080627658573743,True
3,DPLQR,0.5,4000,200,15,3200,800,54260919,54760919,fb215bf8554ad7ed43746af15fd86b04d12edb4db6ae3e60d4b4019912c23926,200,5000,200,200,55260919,55260920,0.497887975534694,0.47659711718559267,0.621073305606842,0.49153774987001364,0.9549877047538757,1.0,0.07249526924408875,-0.04501229524612427,-2.5462799364244373,-0.6208997596045835,0.8128995879859275,1.097075821521824,True,-0.9020850658416748,-1.0,0.05859574871453231,0.0979149341583252,5.538905113822885,1.67102454199107,-1.0169306229693174,-0.7872395087140323,True
3,DPLQR,0.5,4000,200,16,3200,800,54260920,54760920,68eb806288a5f1fc4e2c948248ea1f5e2754e229e670d2bff23e384e599289d2,200,5000,200,200,55260920,55260921,0.4811371764995891,0.4264438474178314,0.6612314581871033,0.4624194202376679,1.1099605560302734,1.0,0.0743237402865304,0.10996055603027344,6.220308386563973,1.4794809250228418,0.9642887018723652,1.2556324101881817,True,-0.9912906885147095,-1.0,0.059746762930890596,0.008709311485290527,0.49267305685718515,0.1457704327072018,-1.1083921920521078,-0.8741891849773111,True
3,DPLQR,0.5,4000,200,17,3200,800,54260921,54760921,f3168020be1cd9c83fbc89536ad4f1b77beed2b47409679b4e53280ed9e7c1ff,200,5000,200,200,55260921,55260922,0.4930023107889196,0.4591687285900116,0.6155065894126892,0.4794203668522579,1.0078879594802856,1.0,0.0795135452312467,0.007887959480285645,0.4462103710587756,0.09920271391931205,0.8520442745439456,1.1637316444166257,True,-1.0642660856246948,-1.0,0.05588820754433418,-0.06426608562469482,-3.635438795642961,-1.1499042185905635,-1.1738049595720896,-0.9547272116773001,True
3,DPLQR,0.5,4000,200,18,3200,800,54260922,54760922,c91fc43cbf22639dbe5caa75431d1f8cb0b876a62ad629cd7d197d73f498e757,200,5000,200,200,55260922,55260923,0.4795227980118416,0.4535542559623718,0.640428900718689,0.4816290522743188,0.9473966360092163,1.0,0.08135816163190361,-0.05260336399078369,-2.975695631288592,-0.6465652976376487,0.7879375693622968,1.1068557026561359,True,-0.994340717792511,-1.0,0.06150078642361162,0.005659282207489014,0.32013734604510846,0.09201967221213093,-1.1148800442036797,-0.8738013913813423,True
3,DPLQR,0.5,4000,200,19,3200,800,54260923,54760923,80748d6603ea6ed84c654885d93fa056afb41f30358ca1bd66a032c483742c83,200,5000,200,200,55260923,55260924,0.49167085212414313,0.4725037324428558,0.6339684724807739,0.4908320324078588,0.9931048154830933,1.0,0.08964566712092395,-0.006895184516906738,-0.3900505383549795,-0.07691598198054295,0.8174025365560158,1.1688070944101707,True,-1.0364925861358643,-1.0,0.060540072549327105,-0.03649258613586426,-2.0643324095763047,-0.6027839842136078,-1.1551489479539874,-0.9178362243177411,True
3,DPLQR,0.5,4000,200,20,3200,800,54260924,54760924,23e1d8ea2410df2032ead620f393d7013f92963047c3830b83ef1697dd6ec3e8,200,5000,200,200,55260924,55260925,0.5233018682499346,0.4411388039588928,0.6251351237297058,0.4634915671116444,1.0452791452407837,1.0,0.0716550471399473,0.04527914524078369,2.561375251687099,0.6319044791408812,0.9048378335359671,1.1857204569456001,True,-1.0114060640335083,-1.0,0.05582409004936704,-0.0114060640335083,-0.6452244179793363,-0.20432153974066664,-1.1208192699999886,-0.9019928580670281,True
3,DPLQR,0.5,4000,500,1,3200,800,54260905,54760905,c3a056c775ee3842497d7a57ee38955574e4bc20ef6796562043c1d73971c8c3,500,12500,500,500,55260905,55260906,0.33535982650285534,0.4014133954048157,0.7027121782302856,0.5451392957157664,1.0889198780059814,1.0,0.12830233584020911,0.08891987800598145,5.030067897624802,0.6930495647150529,0.837451920626809,1.340387835385154,True,-0.9366295337677002,-1.0,0.10338097520402842,0.0633704662322998,3.5847749119849857,0.6129799618085868,-1.1392525218542242,-0.7340065456811762,True
3,DPLQR,0.5,4000,500,2,3200,800,54260906,54760906,99b2ec731bc067ce6ed8b96a3b16e990951bab24431053d661e868039557a80c,500,12500,500,500,55260906,55260907,0.3425108762538051,0.403975213766098,0.672177791595459,0.5663886326033827,0.99595046043396,1.0,0.12794841071056123,-0.004049539566040039,-0.22907655102641125,-0.03164978403053957,0.7451761835621211,1.2467247373057988,True,-0.8871449828147888,-1.0,0.10961570867360541,0.11285501718521118,6.384043835406975,1.0295514990579608,-1.1019878239548904,-0.6723021416746874,True
3,DPLQR,0.5,4000,500,3,3200,800,54260907,54760907,08944fb41319688ef827b3b760256f63c308f065b40a94df2b0aa104042cecd4,500,12500,500,500,55260907,55260908,0.3634030036068572,0.4285249710083008,0.6680459976196289,0.5530432268312798,0.9016073942184448,1.0,0.13283536487281478,-0.09839260578155518,-5.565926301340189,-0.7407109234484556,0.6412548631944908,1.1619599252423989,True,-1.0133752822875977,-1.0,0.09800970195677909,-0.013375282287597656,-0.7566202244675697,-0.13646896195537833,-1.2054707682583896,-0.8212797963168058,True
3,DPLQR,0.5,4000,500,4,3200,800,54260908,54760908,b3f1dda449174935f50e2c5664fd73a7fe58ecdcf81e2d34d7b0746ca0eceb96,500,12500,500,500,55260908,55260909,0.3327157772959493,0.4271851992607117,0.7059953808784485,0.564391048946517,0.8927903771400452,1.0,0.12440397777622755,-0.10720962285995483,-6.06469210661811,-0.8617861323759183,0.6489630611651178,1.1366176931149725,True,-1.0016885995864868,-1.0,0.10040373119334525,-0.0016885995864868164,-0.09552161746509023,-0.01681809596532939,-1.1984762966388842,-0.8049009025340893,True
3,DPLQR,0.5,4000,500,5,3200,800,54260909,54760909,4ad091b79a3d03863410bf7766342a76598a925102272dc11cc57e2db33bcbc2,500,12500,500,500,55260909,55260910,0.3725367430818341,0.4198825550079346,0.7209938764572144,0.5426340512023208,0.942517101764679,1.0,0.12312408877125627,-0.057482898235321045,-3.251723771556139,-0.4668696337896522,0.7011983221437041,1.1838358813856538,True,-1.028476595878601,-1.0,0.08899723248817262,-0.028476595878601074,-1.610879524069417,-0.31997170116930884,-1.2029079662791575,-0.8540452254780447,True
3,DPLQR,0.5,4000,500,6,3200,800,54260910,54760910,5fee524eedbed726fb4a7fd2846ec7fa7c502a49644247244b1dcd435df0f42c,500,12500,500,500,55260910,55260911,0.3838902011245947,0.4142289113998413,0.6631372570991516,0.5289457553778356,0.9965139627456665,1.0,0.12474566296936528,-0.003486037254333496,-0.19720004656065188,-0.027945157942601887,0.7520169560981387,1.2410109693931943,True,-1.05712890625,-1.0,0.10579445539931435,-0.05712890625,-3.2316989608916433,-0.5399990579314448,-1.2644822285966852,-0.8497755839033148,True
3,DPLQR,0.5,4000,500,7,3200,800,54260911,54760911,2004ec43f6226a470a3f16ec10af699106b7e0b5d03113c5536fa109f4309420,500,12500,500,500,55260911,55260912,0.3696396575590281,0.4078554677963257,0.687471330165863,0.5288847206846706,0.9980302453041077,1.0,0.1204579122987257,-0.001969754695892334,-0.1114261522191612,-0.0163522234305996,0.7619370755457209,1.2341234150624945,True,-1.1858030557632446,-1.0,0.09477658401769856,-0.18580305576324463,-10.5106080556298,-1.9604320802335289,-1.3715617470156682,-1.000044364510821,False
3,DPLQR,0.5,4000,500,8,3200,800,54260912,54760912,9e2abfb68635c02775e0c777af267309543c19fdf0df6fe7989b3bd0a5387f37,500,12500,500,500,55260912,55260913,0.3424389183882653,0.42388604283332826,0.6502069234848022,0.5881239530339509,0.9424938559532166,1.0,0.13486790342726984,-0.05750614404678345,-3.253038753229679,-0.42638865575451584,0.6781576225653416,1.2068300893410915,True,-0.9178940653800964,-1.0,0.10521670712519912,0.08210593461990356,4.64461305163145,0.7803507338640083,-1.1241150219173857,-0.7116731088428072,True
3,DPLQR,0.5,4000,500,9,3200,800,54260913,54760913,805396dcb118f6bac808588b15f7f8479a78e8cdc84577f1744d630d1bee00a6,500,12500,500,500,55260913,55260914,0.35618386576850175,0.41084426522254947,0.6777238845825195,0.5561662292318457,0.8503978252410889,1.0,0.13727596969895708,-0.14960217475891113,-8.462776980182483,-1.0897914258918375,0.5813418686883212,1.1194537817938566,True,-1.0371934175491333,-1.0,0.09662032101080933,-0.0371934175491333,-2.103977421159592,-0.3849440486227769,-1.2265657669050183,-0.8478210681932483,True
3,DPLQR,0.5,4000,500,10,3200,800,54260914,54760914,cc7165bfb6b8d671e46324854ef2da93395365dc7fe39779e651ebe869c52fd2,500,12500,500,500,55260914,55260915,0.3743524042504651,0.4209241545200348,0.6598453521728516,0.5477590157882817,1.0108720064163208,1.0,0.12948449581171487,0.0108720064163208,0.6150135569667274,0.08396376993373732,0.7570870580690322,1.2646569547636095,True,-0.883708119392395,-1.0,0.10066822708989259,0.11629188060760498,6.578462189965908,1.1551994504061456,-1.0810142188760838,-0.6864020199087061,True
3,DPLQR,0.5,4000,500,11,3200,800,54260915,54760915,f2656714852ffcd66356cf22805f17c766330e98ff063a21ff7ecd5bbd61f291,500,12500,500,500,55260915,55260916,0.3698557579633303,0.41908076524734494,0.6471386551856995,0.5347452641269378,1.0649518966674805,1.0,0.12832675891950113,0.06495189666748047,3.6742341267602687,0.5061446047135386,0.8134360709325041,1.3164677224024568,True,-0.9190523028373718,-1.0,0.08869988897623653,0.08094769716262817,4.579093246810355,0.9126020122112528,-1.0929008906634967,-0.7452037150112469,True
3,DPLQR,0.5,4000,500,12,3200,800,54260916,54760916,5e835661b7802d2b33d3e71f6a89987875a8cab96e48762c043c83824aa80444,500,12500,500,500,55260916,55260917,0.3129001086312935,0.4111181879043579,0.6202618479728699,0.6165488041314944,0.902101993560791,1.0,0.1558634083760622,-0.09789800643920898,-5.537947537424718,-0.6281012808535782,0.5966153266360505,1.2075886604855315,True,-1.0747711658477783,-1.0,0.11054327274472658,-0.07477116584777832,-4.229695872655044,-0.6763972514224774,-1.2914319991606307,-0.8581103325349261,True
3,DPLQR,0.5,4000,500,13,3200,800,54260917,54760917,21f7bc4a451237bcf344166d6828f69a4284f2b5654fab1d6a3ebbcc0eda925b,500,12500,500,500,55260917,55260918,0.3712611048159294,0.42170648217201234,0.6729069352149963,0.5399839295167156,0.9382573366165161,1.0,0.1251838451367647,-0.06174266338348389,-3.4926924773583843,-0.49321590430481954,0.6929015087022177,1.1836131645308146,True,-0.9834471344947815,-1.0,0.10346171841083929,0.016552865505218506,0.9363714757447115,0.1599902433428394,-1.1862283763586512,-0.7806658926309118,True
3,DPLQR,0.5,4000,500,14,3200,800,54260918,54760918,e5fcb84aadfc0f061be11c3e5d013206273325742af68ec37b6cc844dc57152f,500,12500,500,500,55260918,55260919,0.39598495402088474,0.41621772408485413,0.7176997065544128,0.5401715383801833,0.8608571290969849,1.0,0.11669936145714982,-0.13914287090301514,-7.871109405542908,-1.1923190424148655,0.6321305836221495,1.0895836745718201,True,-1.042121171951294,-1.0,0.09174517630828756,-0.042121171951293945,-2.382733305462764,-0.45911048020394984,-1.221938413270815,-0.8623039306317729,True
3,DPLQR,0.5,4000,500,15,3200,800,54260919,54760919,fb215bf8554ad7ed43746af15fd86b04d12edb4db6ae3e60d4b4019912c23926,500,12500,500,500,55260919,55260920,0.374982797718686,0.43167839884757997,0.6700862050056458,0.5411455483278986,1.0231059789657593,1.0,0.12256110220896996,0.023105978965759277,1.3070715530113692,0.18852620080360377,0.7828906327306457,1.2633213252008728,True,-0.9646625518798828,-1.0,0.09352131000450287,0.03533744812011719,1.9989879356450144,0.3778545030904268,-1.1479609512757138,-0.7813641524840518,True
3,DPLQR,0.5,4000,500,16,3200,800,54260920,54760920,68eb806288a5f1fc4e2c948248ea1f5e2754e229e670d2bff23e384e599289d2,500,12500,500,500,55260920,55260921,0.36031797462403964,0.38920836091041566,0.702881932258606,0.5329152660577227,1.083248496055603,1.0,0.11406269140197287,0.08324849605560303,4.709246086759877,0.7298486037141074,0.8596897289280298,1.3068072631831764,True,-1.0011240243911743,-1.0,0.09742637963299039,-0.0011240243911743164,-0.06358442153747518,-0.011537166785921508,-1.1920762196159622,-0.8101718291663865,True
3,DPLQR,0.5,4000,500,17,3200,800,54260921,54760921,f3168020be1cd9c83fbc89536ad4f1b77beed2b47409679b4e53280ed9e7c1ff,500,12500,500,500,55260921,55260922,0.37327124371438314,0.4303533113002777,0.6615064740180969,0.538928889180076,0.9747474193572998,1.0,0.12479854637986755,-0.025252580642700195,-1.4285016811930762,-0.2023467530289594,0.7301467631298079,1.2193480755847919,True,-1.095479965209961,-1.0,0.08425198322667357,-0.09547996520996094,-5.401162469393522,-1.1332666787567403,-1.260610817960314,-0.9303491124596079,True
3,DPLQR,0.5,4000,500,18,3200,800,54260922,54760922,c91fc43cbf22639dbe5caa75431d1f8cb0b876a62ad629cd7d197d73f498e757,500,12500,500,500,55260922,55260923,0.3924836827801797,0.42059425950050355,0.6521840691566467,0.5251391670689596,0.8943459391593933,1.0,0.11097550771488367,-0.10565406084060669,-5.976696230423125,-0.9520484566022555,0.6768379408721744,1.1118539374466123,True,-1.0014398097991943,-1.0,0.08599713054269995,-0.001439809799194336,-0.0814479418103325,-0.016742533036953257,-1.1699910884366758,-0.8328885311617129,True
3,DPLQR,0.5,4000,500,19,3200,800,54260923,54760923,80748d6603ea6ed84c654885d93fa056afb41f30358ca1bd66a032c483742c83,500,12500,500,500,55260923,55260924,0.3813030743215584,0.42816829442977905,0.6605427861213684,0.5432798769788377,0.9623974561691284,1.0,0.12478607756461133,-0.03760254383087158,-2.127121098613894,-0.3013360509821447,0.7178212383704685,1.2069736739677883,True,-1.0659290552139282,-1.0,0.09267070071203524,-0.06592905521392822,-3.7295105615192763,-0.7114336538664582,-1.2475602910316077,-0.8842978193962487,True
3,DPLQR,0.5,4000,500,20,3200,800,54260924,54760924,23e1d8ea2410df2032ead620f393d7013f92963047c3830b83ef1697dd6ec3e8,500,12500,500,500,55260924,55260925,0.40209027584160567,0.40288942098617553,0.6711918115615845,0.5141190982945584,1.0600147247314453,1.0,0.1141314989305361,0.06001472473144531,3.394945506291919,0.5258383995111823,0.8363210973260229,1.2837083521368677,True,-1.0402178764343262,-1.0,0.08833988730516835,-0.04021787643432617,-2.2750666521307745,-0.4552629357041665,-1.2133608739507833,-0.867074878917869,True
3,DPLQR,0.5,4000,1000,1,3200,800,54260905,54760905,c3a056c775ee3842497d7a57ee38955574e4bc20ef6796562043c1d73971c8c3,1000,25000,1000,1000,55260905,55260906,0.3044724255866027,0.37751382470130923,0.7435973882675171,0.6011236085400301,1.0999641418457031,1.0,0.15784448311386937,0.09996414184570312,5.654825805967248,0.633307796849566,0.7905946397841784,1.4093336439072277,True,-0.9393057227134705,-1.0,0.1246636018360478,0.06069427728652954,3.433386803881735,0.48686446077783024,-1.1836418924951655,-0.6949695529317754,True
3,DPLQR,0.5,4000,1000,2,3200,800,54260906,54760906,99b2ec731bc067ce6ed8b96a3b16e990951bab24431053d661e868039557a80c,1000,25000,1000,1000,55260906,55260907,0.2715748729861358,0.3841899836063385,0.6729907989501953,0.6690873890808617,1.0086206197738647,1.0,0.1703083161601012,0.008620619773864746,0.48765589601044834,0.05061772653403952,0.6748224538324055,1.342418785715324,True,-0.9053109288215637,-1.0,0.1642926961773608,0.09468907117843628,5.356422746762237,0.5763437656182566,-1.2273186962521723,-0.5833031613909552,True
3,DPLQR,0.5,4000,1000,3,3200,800,54260907,54760907,08944fb41319688ef827b3b760256f63c308f065b40a94df2b0aa104042cecd4,1000,25000,1000,1000,55260907,55260908,0.2580084503553203,0.41202477931976317,0.6951918601989746,0.7100810111537156,0.8841069936752319,1.0,0.18546776718585625,-0.11589300632476807,-6.555898453147115,-0.6248687202269078,0.5205968496978941,1.2476171376525698,True,-1.019837498664856,-1.0,0.15667311305626136,-0.019837498664855957,-1.1221783862158985,-0.12661712196739403,-1.3269111576009003,-0.7127638397288116,True
3,DPLQR,0.5,4000,1000,4,3200,800,54260908,54760908,b3f1dda449174935f50e2c5664fd73a7fe58ecdcf81e2d34d7b0746ca0eceb96,1000,25000,1000,1000,55260908,55260909,0.2729700237581041,0.39717220306396483,0.7123794555664062,0.6616245060840293,0.8682430386543274,1.0,0.15728061414843628,-0.1317569613456726,-7.453299266884714,-0.837719016161297,0.5599786994570515,1.1765073778516033,True,-0.9758508801460266,-1.0,0.1433507169260931,0.02414911985397339,1.3660805126745017,0.1684618003440044,-1.2568131224791654,-0.6948886378128878,True
3,DPLQR,0.5,4000,1000,5,3200,800,54260909,54760909,4ad091b79a3d03863410bf7766342a76598a925102272dc11cc57e2db33bcbc2,1000,25000,1000,1000,55260909,55260910,0.32012640142393267,0.38999436259269715,0.7424527406692505,0.5912472000099543,0.9362245798110962,1.0,0.12655716824958327,-0.06377542018890381,-3.6076825670876267,-0.503925783667444,0.688177088056537,1.1842720715656554,True,-1.0383610725402832,-1.0,0.11488364122846752,-0.0383610725402832,-2.170029962145865,-0.3339124015402251,-1.2635288717609003,-0.813193273319666,True
3,DPLQR,0.5,4000,1000,6,3200,800,54260910,54760910,5fee524eedbed726fb4a7fd2846ec7fa7c502a49644247244b1dcd435df0f42c,1000,25000,1000,1000,55260910,55260911,0.298916247997868,0.3893792951107025,0.6974376440048218,0.6315152275009074,1.002145767211914,1.0,0.164452015414682,0.0021457672119140625,0.12138292371137481,0.013047983671731225,0.6798257398141115,1.3244657946097167,True,-1.0208723545074463,-1.0,0.15507842985142983,-0.02087235450744629,-1.18071867292359,-0.13459224811240791,-1.32482049179527,-0.7169242172196226,True
3,DPLQR,0.5,4000,1000,7,3200,800,54260911,54760911,2004ec43f6226a470a3f16ec10af699106b7e0b5d03113c5536fa109f4309420,1000,25000,1000,1000,55260911,55260912,0.2842271029676405,0.38050087928771975,0.7127796411514282,0.6394504142315793,1.0133981704711914,1.0,0.16622947687494088,0.013398170471191406,0.7579149756538244,0.08060044898818533,0.6875943826273735,1.3392019583150092,True,-1.2076315879821777,-1.0,0.14278395355562404,-0.20763158798217773,-11.745416308058331,-1.4541661216944182,-1.4874829945214407,-0.9277801814429149,True
3,DPLQR,0.5,4000,1000,8,3200,800,54260912,54760912,9e2abfb68635c02775e0c777af267309543c19fdf0df6fe7989b3bd0a5387f37,1000,25000,1000,1000,55260912,55260913,0.26533365528663116,0.40414376378059386,0.6510416865348816,0.6994552576885369,0.9043159484863281,1.0,0.19708554442879564,-0.09568405151367188,-5.412707334137626,-0.4854950259847253,0.51803537953242,1.2905965174402363,True,-0.952747642993927,-1.0,0.1503411787690868,0.047252357006073,2.672996965283351,0.3143008282424685,-1.2474109387746348,-0.6580843472132191,True
3,DPLQR,0.5,4000,1000,9,3200,800,54260913,54760913,805396dcb118f6bac808588b15f7f8479a78e8cdc84577f1744d630d1bee00a6,1000,25000,1000,1000,55260913,55260914,0.28759257830813795,0.3903215134143829,0.6980099081993103,0.6440531520540508,0.8685328960418701,1.0,0.1525271201479818,-0.13146710395812988,-7.436902456940036,-0.8619260878365795,0.5695852338862122,1.167480558197528,True,-1.0070936679840088,-1.0,0.14302244142530318,-0.007093667984008789,-0.40127845879828167,-0.04959828620820757,-1.2874125021585925,-0.7267748338094251,True
3,DPLQR,0.5,4000,1000,10,3200,800,54260914,54760914,cc7165bfb6b8d671e46324854ef2da93395365dc7fe39779e651ebe869c52fd2,1000,25000,1000,1000,55260914,55260915,0.32229474685027154,0.40036893367767334,0.7144027352333069,0.6101878532455245,1.041237473487854,1.0,0.1496875629390373,0.041237473487854004,2.332743771380963,0.2754903124760515,0.7478552411937683,1.3346197057819396,True,-0.9147513508796692,-1.0,0.12533454195570698,0.08524864912033081,4.822391830398282,0.6801688328701719,-1.1604025391316792,-0.6691001626276591,True
3,DPLQR,0.5,4000,1000,11,3200,800,54260915,54760915,f2656714852ffcd66356cf22805f17c766330e98ff063a21ff7ecd5bbd61f291,1000,25000,1000,1000,55260915,55260916,0.30759415996065237,0.3909317243099213,0.6881369352340698,0.6015044903842894,1.0465904474258423,1.0,0.14564457775765824,0.046590447425842285,2.6355537050662727,0.3198913968727715,0.7611323204772887,1.332048574374396,True,-0.8829280734062195,-1.0,0.1237034399732168,0.11707192659378052,6.622588254482873,0.9463918434210715,-1.125382360517437,-0.6404737862950021,True
3,DPLQR,0.5,4000,1000,12,3200,800,54260916,54760916,5e835661b7802d2b33d3e71f6a89987875a8cab96e48762c043c83824aa80444,1000,25000,1000,1000,55260916,55260917,0.23233347173279215,0.39035005211830137,0.6628087162971497,0.8136831633040683,0.8609285950660706,1.0,0.2140149691154638,-0.13907140493392944,-7.867066679833743,-0.6498209237826661,0.4414669634473095,1.2803902266848315,True,-1.0779772996902466,-1.0,0.16148563607857708,-0.07797729969024658,-4.411062191167122,-0.48287452422272226,-1.3944833304247997,-0.7614712689556935,True
3,DPLQR,0.5,4000,1000,13,3200,800,54260917,54760917,21f7bc4a451237bcf344166d6828f69a4284f2b5654fab1d6a3ebbcc0eda925b,1000,25000,1000,1000,55260917,55260918,0.27569623218730294,0.39920984625816347,0.6900578737258911,0.6780551741913708,0.8812499642372131,1.0,0.15499569937096755,-0.11875003576278687,-6.71751644432093,-0.7661505205932836,0.5774639757115192,1.185035952762907,True,-0.9617537260055542,-1.0,0.15213972000824158,0.0382462739944458,2.1635359757273065,0.2513891440865933,-1.2599420978397156,-0.6635653541713928,True
3,DPLQR,0.5,4000,1000,14,3200,800,54260918,54760918,e5fcb84aadfc0f061be11c3e5d013206273325742af68ec37b6cc844dc57152f,1000,25000,1000,1000,55260918,55260919,0.2753316576717114,0.3958675670623779,0.7316386103630066,0.6714966524483507,0.8727725148200989,1.0,0.16201614921804475,-0.12722748517990112,-7.197073401921525,-0.7852765652927333,0.555226697438864,1.1903183322013338,True,-1.0487616062164307,-1.0,0.15018655667760092,-0.048761606216430664,-2.758372993374899,-0.3246735746202979,-1.343121848266612,-0.7544013641662493,True
3,DPLQR,0.5,4000,1000,15,3200,800,54260919,54760919,fb215bf8554ad7ed43746af15fd86b04d12edb4db6ae3e60d4b4019912c23926,1000,25000,1000,1000,55260919,55260920,0.29816780537560833,0.4009018886089325,0.6885371208190918,0.6434572388248679,1.0596709251403809,1.0,0.14075273157020815,0.05967092514038086,3.375497264515052,0.4239415070294157,0.783800640537139,1.3355412097436226,True,-0.9633085131645203,-1.0,0.12962438192110035,0.036691486835479736,2.075583932254773,0.2830600716600761,-1.2173676332481418,-0.7092493930808987,True
3,DPLQR,0.5,4000,1000,16,3200,800,54260920,54760920,68eb806288a5f1fc4e2c948248ea1f5e2754e229e670d2bff23e384e599289d2,1000,25000,1000,1000,55260920,55260921,0.28340972388676255,0.3592432010173798,0.7288007736206055,0.6366495162247302,1.1231932640075684,1.0,0.1638067561341684,0.12319326400756836,6.9688633901004975,0.7520646090242155,0.8021379215602626,1.444248606454874,True,-0.9945123791694641,-1.0,0.13765190269265223,0.005487620830535889,0.3104267121481985,0.03986592791810944,-1.2643051508504746,-0.7247196074884537,True
3,DPLQR,0.5,4000,1000,17,3200,800,54260921,54760921,f3168020be1cd9c83fbc89536ad4f1b77beed2b47409679b4e53280ed9e7c1ff,1000,25000,1000,1000,55260921,55260922,0.2883551087451591,0.38920218467712403,0.6870460510253906,0.6407625529062545,0.9853103756904602,1.0,0.1769673719980188,-0.014689624309539795,-0.8309706369886677,-0.0830075292619718,0.6384607001356413,1.3321600512452791,True,-1.1028385162353516,-1.0,0.12210185490021737,-0.10283851623535156,-5.817424975774396,-0.8422354952706659,-1.342153754285313,-0.86352327818539,True
3,DPLQR,0.5,4000,1000,18,3200,800,54260922,54760922,c91fc43cbf22639dbe5caa75431d1f8cb0b876a62ad629cd7d197d73f498e757,1000,25000,1000,1000,55260922,55260923,0.2932031484677029,0.39681519865989684,0.6843268275260925,0.6205353254313217,0.8891739249229431,1.0,0.17450599413965376,-0.11082607507705688,-6.269269537542108,-0.6350846320405759,0.547148461322864,1.2311993885230224,True,-1.0101293325424194,-1.0,0.12342949560950683,-0.010129332542419434,-0.5730015783710684,-0.0820657371432963,-1.2520466985669976,-0.7682119665178413,True
3,DPLQR,0.5,4000,1000,19,3200,800,54260923,54760923,80748d6603ea6ed84c654885d93fa056afb41f30358ca1bd66a032c483742c83,1000,25000,1000,1000,55260923,55260924,0.3130063187489258,0.4090714728832245,0.6839889287948608,0.6143912839486412,0.9936204552650452,1.0,0.17187551709961743,-0.006379544734954834,-0.36088154743755996,-0.03711723951502243,0.6567506319255968,1.3304902786044934,True,-1.0533907413482666,-1.0,0.12880170831152787,-0.0533907413482666,-3.020236420794905,-0.4145188914663493,-1.3058374507860946,-0.8009440319104386,True
3,DPLQR,0.5,4000,1000,20,3200,800,54260924,54760924,23e1d8ea2410df2032ead620f393d7013f92963047c3830b83ef1697dd6ec3e8,1000,25000,1000,1000,55260924,55260925,0.2881036138834696,0.37649943947792053,0.7109797596931458,0.6312390655664092,1.0588724613189697,1.0,0.15521477360430608,0.05887246131896973,3.330329329902897,0.37929676378007127,0.7546570951859916,1.363087827451948,True,-1.0883047580718994,-1.0,0.14260749180376772,-0.08830475807189941,-4.995271459494208,-0.619215420978089,-1.367810305932875,-0.8087992102109237,True
