case,case_name,replicate,n,n_train,n_validation,n_test,n_eval,tau,epoch,data_seed,init_seed,training_seed,test_seed,eval_seed,theta_error_l2,m_l2_error,q_l2_error,linear_error_mse,nonlinear_error_mse,cross_error_moment,cancellation_fraction,q_mse,decomposition_residual,max_float32_prediction_gap,optimizer_steps,learning_rate,model_instance,fit_calls,theta_hat_1,theta_true_1,theta_error_1,abs_theta_error_1,theta_hat_2,theta_true_2,theta_error_2,abs_theta_error_2,train_check_loss,validation_check_loss,test_check_loss,stopping_validation_check_loss,state_sha256
1,linear,9,1000,800,200,10000,10000,0.5,1,31260913,31760913,1031760913,2031260913,3031260913,0.9470741717016832,4.299897019413648,4.322777697348282,0.15750308713342565,18.489114377562377,0.01989477799795541,-0.002133875276373615,18.686407020691714,3.552713678800501e-15,1.0553309315319837e-07,7,0.005,1,1,0.16206635534763336,1.0,-0.8379336446523666,0.8379336446523666,-0.5586195588111877,-1.0,0.44138044118881226,0.44138044118881226,2.122672984181807,1.999808276822909,2.011651921762367,1.9884977340698242,00316502bde19cfadc04cb7d94eae0b721f2414f06b3e555bd59424cce50ac3e
1,linear,9,1000,800,200,10000,10000,0.5,2,31260913,31760913,1031760913,2031260913,3031260913,0.9336759247780126,3.348082715067527,3.325560388377427,0.15615100246590838,11.209657866933945,-0.15322848632741584,0.02696305878237186,11.059351896745023,1.7763568394002505e-15,2.241178926887244e-07,14,0.005,1,1,0.19685116410255432,1.0,-0.8031488358974457,0.8031488358974457,-0.5238669514656067,-1.0,0.4761330485343933,0.4761330485343933,1.6662227799677913,1.5685477588589163,1.573385725550901,1.5553178787231445,1ae658b38b3f621eef2cf8828ca21351ea153e270d8c9485bf43c80f1116328d
1,linear,9,1000,800,200,10000,10000,0.5,3,31260913,31760913,1031760913,2031260913,3031260913,0.9225455326548889,1.4404949260261108,1.452887789086626,0.16179854260545334,2.0750256319069704,-0.06297062341769946,0.056303596979342924,2.1108829276770242,-4.440892098500626e-16,5.169627854684222e-07,21,0.005,1,1,0.23110966384410858,1.0,-0.7688903361558914,0.7688903361558914,-0.49019816517829895,-1.0,0.509801834821701,0.509801834821701,0.8794799375078329,0.8627074847624558,0.8418672129440998,0.8668376207351685,c696290151c60c12934a6d2e4d036395916ccaa0846438ea9ab2930492653b3a
1,linear,9,1000,800,200,10000,10000,0.5,4,31260913,31760913,1031760913,2031260913,3031260913,0.9140138150970447,1.290729698475423,1.4110818413899198,0.16862508402576673,1.6659831545264563,0.07827186227407183,-0.08532814867967659,1.9911519631003667,0.0,5.293580684906374e-07,28,0.005,1,1,0.25604015588760376,1.0,-0.7439598441123962,0.7439598441123962,-0.46901506185531616,-1.0,0.5309849381446838,0.5309849381446838,0.8591899296220642,0.8552935998193738,0.8248666633742119,0.8449499607086182,b9f40ee6c8edd8bc7d579c880b7815235a5d7690aaaae93b2924e8f188c1d7dd
1,linear,9,1000,800,200,10000,10000,0.5,5,31260913,31760913,1031760913,2031260913,3031260913,0.9067287419291906,1.0778675751881186,1.035625786242431,0.17011814933683245,1.1617985096419146,-0.12969794492424702,0.19475384446905783,1.0725207691302532,2.220446049250313e-16,4.926825205586738e-07,35,0.005,1,1,0.26857084035873413,1.0,-0.7314291596412659,0.7314291596412659,-0.4641190469264984,-1.0,0.5358809530735016,0.5358809530735016,0.7485392488740246,0.7197736487905558,0.7196071317948687,0.7151001691818237,8ac6ca101ac8b6df4bb92f8ac949b6edaa1f94a63d0d2d5ec02151a1070b7022
1,linear,9,1000,800,200,10000,10000,0.5,6,31260913,31760913,1031760913,2031260913,3031260913,0.8974911507718225,0.6788271956280504,0.7291928214160724,0.17441872276843187,0.4608063615242434,-0.05175145674397168,0.16293895824846732,0.531722170804732,1.1102230246251565e-16,5.250428092296033e-07,42,0.005,1,1,0.2873806357383728,1.0,-0.7126193642616272,0.7126193642616272,-0.4544140696525574,-1.0,0.5455859303474426,0.5455859303474426,0.6598441798463321,0.6417963029389182,0.6471912103511265,0.6325298547744751,0b75ce5742c5851236d60200f227dc1e245f4eb627125de7548cae784d6fde44
1,linear,9,1000,800,200,10000,10000,0.5,7,31260913,31760913,1031760913,2031260913,3031260913,0.887860720067375,0.5645012602161235,0.6635021191343334,0.1762388866971675,0.3186616727855915,-0.0273327486935039,0.11045753806409304,0.44023506209575125,5.551115123125783e-17,5.222683938654882e-07,49,0.005,1,1,0.30261462926864624,1.0,-0.6973853707313538,0.6973853707313538,-0.450499951839447,-1.0,0.549500048160553,0.549500048160553,0.6343676257570593,0.6278341291005891,0.6328535935597569,0.6186200380325317,19b56dbd90a9bf884a423f79c1103f7cb9cbe38943cf7a17b5232733528ba4a5
1,linear,9,1000,800,200,10000,10000,0.5,8,31260913,31760913,1031760913,2031260913,3031260913,0.8783558081099581,0.643645880714393,0.6663541378818966,0.17511076938315945,0.4142800197606066,-0.07268147603572023,0.24663254796128667,0.44402783707232557,5.551115123125783e-17,5.073169493385876e-07,56,0.005,1,1,0.31356534361839294,1.0,-0.6864346563816071,0.6864346563816071,-0.45198869705200195,-1.0,0.548011302947998,0.548011302947998,0.6278678093745198,0.6311787646434651,0.6313985826776438,0.6262641549110413,5035811a488d119e00ae01b746fbe2190ef44e4ee5c808ea0e55a7cf09a35082
1,linear,9,1000,800,200,10000,10000,0.5,9,31260913,31760913,1031760913,2031260913,3031260913,0.8681161227070782,0.4710154243547061,0.6312424827135192,0.17542247334361044,0.2218555299800439,0.0005945343293366372,-0.002993039253936655,0.3984670719823276,-5.551115123125783e-17,5.426943499031722e-07,63,0.005,1,1,0.32725366950035095,1.0,-0.672746330499649,0.672746330499649,-0.4513307213783264,-1.0,0.5486692786216736,0.5486692786216736,0.6148234692364906,0.6205816447219148,0.6255246960279772,0.611382246017456,c953934de847a24b8967f6ef6eda6dbae31fa100e363836ae13ea8cba52c2099
1,linear,9,1000,800,200,10000,10000,0.5,10,31260913,31760913,1031760913,2031260913,3031260913,0.858176715855515,0.6494468568673775,0.6387340708428153,0.17179259194396662,0.4217812198949159,-0.09279629929172394,0.3126697891345389,0.4079812132554346,5.551115123125783e-17,3.2226531487822285e-07,70,0.005,1,1,0.33542564511299133,1.0,-0.6645743548870087,0.6645743548870087,-0.4570375680923462,-1.0,0.5429624319076538,0.5429624319076538,0.6151101595114609,0.6219893271164999,0.6256100322314179,0.6139520406723022,ebedeaa1c3891cea802817e30ef5aac56c36ca64ec480506d74d36c0be94cb5b
1,linear,9,1000,800,200,10000,10000,0.5,11,31260913,31760913,1031760913,2031260913,3031260913,0.8469671118421384,0.4420078845202078,0.5529621604606108,0.1707340552727497,0.19537096997802936,-0.030168937174756428,0.16481028717970175,0.30576715090126627,1.1102230246251565e-16,5.206841819926922e-07,77,0.005,1,1,0.34847915172576904,1.0,-0.651520848274231,0.651520848274231,-0.45882177352905273,-1.0,0.5411782264709473,0.5411782264709473,0.5956683443700077,0.6011154293398903,0.609935328283123,0.5894973278045654,541a219734e5fca4ccb87e8d513f23eaec697637d7af49de73d1365e2ca4d873
1,linear,9,1000,800,200,10000,10000,0.5,12,31260913,31760913,1031760913,2031260913,3031260913,0.8350059827162217,0.4749456757023935,0.5343461897271965,0.16753456233512376,0.2255733948684031,-0.05379105336377688,0.2736706412479319,0.28552585047597306,-5.551115123125783e-17,5.31767197387012e-07,84,0.005,1,1,0.3597113788127899,1.0,-0.6402886211872101,0.6402886211872101,-0.4640284776687622,-1.0,0.5359715223312378,0.5359715223312378,0.5902610748609579,0.5933182444121856,0.6059026305256426,0.581087589263916,b960a7ae17c97e3dc3f87a6563f8f57a97bc8b15718875dc9ec673dfa0099700
1,linear,9,1000,800,200,10000,10000,0.5,13,31260913,31760913,1031760913,2031260913,3031260913,0.823475969063196,0.5038225919925828,0.5615818763055198,0.16425729919484908,0.25383720420212463,-0.051360149801072806,0.2456867975243731,0.3153742037948281,0.0,3.220016164817707e-07,91,0.005,1,1,0.37024131417274475,1.0,-0.6297586858272552,0.6297586858272552,-0.46941855549812317,-1.0,0.5305814445018768,0.5305814445018768,0.5886727307016649,0.600974177497274,0.61062770866419,0.5917138457298279,e55e73b0a0da98a2ccb3537a7eaed99f56186f3b33a787b95a6492ccb5ac1c04
1,linear,9,1000,800,200,10000,10000,0.5,14,31260913,31760913,1031760913,2031260913,3031260913,0.8111467668278487,0.42856664273418027,0.5374799687880546,0.16186030916353092,0.18366936726444652,-0.02832247978978465,0.1639365977624687,0.28888471684840816,0.0,5.396389326506323e-07,98,0.005,1,1,0.3828558623790741,1.0,-0.6171441376209259,0.6171441376209259,-0.4736045300960541,-1.0,0.5263954699039459,0.5263954699039459,0.584369461196473,0.5955965346952667,0.6060244465060628,0.5835949778556824,52037354a743855eab0bb063cd638ea697d33bc59db90b00d41d48c05c954bf2
1,linear,9,1000,800,200,10000,10000,0.5,15,31260913,31760913,1031760913,2031260913,3031260913,0.7978649564629987,0.5132790233149777,0.5288941489726982,0.1577725809362993,0.26345535577517737,-0.07074945794696105,0.33592006503320526,0.27972902081755463,5.551115123125783e-17,2.94730251759745e-07,105,0.005,1,1,0.3944644331932068,1.0,-0.6055355668067932,0.6055355668067932,-0.48046639561653137,-1.0,0.5195336043834686,0.5195336043834686,0.5831635324263398,0.5935020153600049,0.6046679860885655,0.58179771900177,bf40304ad484547aa03cf63a0b6faf21cce400af523b166ada8ff698d79a3f99
1,linear,9,1000,800,200,10000,10000,0.5,16,31260913,31760913,1031760913,2031260913,3031260913,0.7846020884240639,0.4361115448895861,0.5311353611943355,0.15499833663740836,0.19019327958598145,-0.03154342215617634,0.18275891228924343,0.28210477191103717,5.551115123125783e-17,4.618645004228483e-07,112,0.005,1,1,0.40766075253486633,1.0,-0.5923392474651337,0.5923392474651337,-0.4854762852191925,-1.0,0.5145237147808075,0.5145237147808075,0.5778279480776566,0.5927915659463275,0.6047120801359371,0.5816826820373535,966cfee0981f90ef31a2e10b6e7be6a2a30043dcd2817235c08dfe158804f0ea
1,linear,9,1000,800,200,10000,10000,0.5,17,31260913,31760913,1031760913,2031260913,3031260913,0.7720586233703486,0.45776348256788174,0.5556802108094949,0.15164620393210915,0.20954740597267538,-0.026206556609749923,0.1451108540744025,0.3087804966852847,-5.551115123125783e-17,3.186045711700558e-07,119,0.005,1,1,0.41915056109428406,1.0,-0.5808494389057159,0.5808494389057159,-0.4913857579231262,-1.0,0.5086142420768738,0.5086142420768738,0.5775445163756756,0.5966131552896424,0.6091263547293637,0.5872764587402344,5d0162d3edcb757822d23979204619d21878b2a9b02b3592c1b0cb190106b715
1,linear,9,1000,800,200,10000,10000,0.5,18,31260913,31760913,1031760913,2031260913,3031260913,0.7572912072168451,0.45528474296465815,0.5165626025018626,0.14771880032819926,0.20728419717639482,-0.044083037600548346,0.24835304439916944,0.2668369223034973,-5.551115123125783e-17,5.048918669814384e-07,126,0.005,1,1,0.43262532353401184,1.0,-0.5673746764659882,0.5673746764659882,-0.49842652678489685,-1.0,0.5015734732151031,0.5015734732151031,0.5734738810325603,0.591201825161797,0.6021401349321953,0.5795496106147766,7971a0506e31000095d01fab1d4f5fa9c9e596a900652f073eccf98897f29a33
1,linear,9,1000,800,200,10000,10000,0.5,19,31260913,31760913,1031760913,2031260913,3031260913,0.7432059579402679,0.48274099387486336,0.5298813523131792,0.14447575055060027,0.23303886716729086,-0.048370185094323746,0.2562559584406333,0.2807742475292436,0.0,4.63514350457217e-07,133,0.005,1,1,0.4460526406764984,1.0,-0.5539473593235016,0.5539473593235016,-0.5045230388641357,-1.0,0.49547696113586426,0.49547696113586426,0.570532363358848,0.5948978052149166,0.6044661226853454,0.5855428576469421,9fda758468d5810d90b8e626d4a8914a3216db8644b7ecef78e5a00df1db5e3d
1,linear,9,1000,800,200,10000,10000,0.5,20,31260913,31760913,1031760913,2031260913,3031260913,0.7286589008406783,0.5026325809292825,0.5236910187749534,0.14036332054350908,0.25263951141163177,-0.059375274404796105,0.3021620689571696,0.2742522831455486,0.0,3.555171659286316e-07,140,0.005,1,1,0.4588516056537628,1.0,-0.5411483943462372,0.5411483943462372,-0.5120428204536438,-1.0,0.4879571795463562,0.4879571795463562,0.5696076068221978,0.5957832170295334,0.6033403958067547,0.5859531164169312,4fa8bdb930e9e742a0b385a40e991229ca0e68fd05f095f3afe2a6a37d509631
1,linear,9,1000,800,200,10000,10000,0.5,21,31260913,31760913,1031760913,2031260913,3031260913,0.7131773289364987,0.4466053201363269,0.5326374233429972,0.1374746031405677,0.19945631197407104,-0.02661414518458571,0.1579798349791108,0.2837026247454673,0.0,5.355420462649363e-07,147,0.005,1,1,0.4743320345878601,1.0,-0.5256679654121399,0.5256679654121399,-0.5180299878120422,-1.0,0.48197001218795776,0.48197001218795776,0.5675518874153007,0.5957154023071832,0.6045428587315007,0.5856502652168274,1be0f68b15fb16e229a02ec5377f970c62cce911379ca3a0c6d294c8e694e0c3
1,linear,9,1000,800,200,10000,10000,0.5,22,31260913,31760913,1031760913,2031260913,3031260913,0.6982656878441561,0.5038061903126588,0.5225386026676501,0.13284891188340534,0.25382067739735503,-0.056811499001450036,0.2938503599785256,0.2730465912778603,5.551115123125783e-17,3.4897703482528186e-07,154,0.005,1,1,0.48673853278160095,1.0,-0.513261467218399,0.513261467218399,-0.5265682339668274,-1.0,0.4734317660331726,0.4734317660331726,0.5664705689140244,0.5939671091204641,0.6027735488128179,0.5853212475776672,b9c0ac4cf480d37d7cc4a0622e7e6fec7883b69db76b7be66ecd74df63c52d64
1,linear,9,1000,800,200,10000,10000,0.5,23,31260913,31760913,1031760913,2031260913,3031260913,0.6823648050980157,0.4383736109059702,0.5202926511420608,0.12931465225467323,0.19217142273873897,-0.02539081608048899,0.157959041187145,0.2707044428324342,0.0,5.155109725762941e-07,161,0.005,1,1,0.501720666885376,1.0,-0.498279333114624,0.498279333114624,-0.5338032245635986,-1.0,0.46619677543640137,0.46619677543640137,0.5636179006102052,0.5898553972565732,0.602136305173791,0.5798594951629639,668fd324515bd1339ddee0189494091926a9f1be7f033a7a0d603156e0f320db
1,linear,9,1000,800,200,10000,10000,0.5,24,31260913,31760913,1031760913,2031260913,3031260913,0.6673170930385403,0.47142735046955453,0.5271417776267403,0.12455553230896248,0.2222437467707442,-0.03446041268011344,0.19873405026423496,0.2778784537194798,-5.551115123125783e-17,4.799262693921946e-07,168,0.005,1,1,0.5139082074165344,1.0,-0.4860917925834656,0.4860917925834656,-0.5428054332733154,-1.0,0.45719456672668457,0.45719456672668457,0.5614968075609391,0.5930464089588611,0.6039698133963921,0.5846314430236816,be76bd0a2321e9e55d32284fa38ecc0795a584300dba9110af9d3d07430a30a6
1,linear,9,1000,800,200,10000,10000,0.5,25,31260913,31760913,1031760913,2031260913,3031260913,0.6512950655268824,0.4678439410601998,0.5072008983831016,0.12029920003692114,0.2188779531867397,-0.04096220095151777,0.24153868008029658,0.2572527513206253,0.0,5.580136868132968e-07,175,0.005,1,1,0.5278633832931519,1.0,-0.47213661670684814,0.47213661670684814,-0.5513662099838257,-1.0,0.4486337900161743,0.4486337900161743,0.5594536714319961,0.5911941029334428,0.6003270209472809,0.5809096097946167,87a6438007faf83f2033806f2197657d564d00178cbc45bf5d297fbb84118e2d
1,linear,9,1000,800,200,10000,10000,0.5,26,31260913,31760913,1031760913,2031260913,3031260913,0.636097174359904,0.4305062972107126,0.5353585252077786,0.11714354102801176,0.1853356719380784,-0.007935231226721223,0.05246794415331154,0.28660875051264767,-5.551115123125783e-17,5.567412255658155e-07,182,0.005,1,1,0.5422195196151733,1.0,-0.45778048038482666,0.45778048038482666,-0.5583478212356567,-1.0,0.44165217876434326,0.44165217876434326,0.5613037224425432,0.5910314850235361,0.6052687024230029,0.5814684629440308,10eeaa287d3693c964ef2ad39dfe8c1b76074759804d0481d91f6e2312bf0d26
1,linear,9,1000,800,200,10000,10000,0.5,27,31260913,31760913,1031760913,2031260913,3031260913,0.6189403213875446,0.48348662326172503,0.5096969295623295,0.11186233112089969,0.23375931487302523,-0.042915342994329295,0.24833712524523785,0.2597909600052663,-5.551115123125783e-17,3.248943674094562e-07,189,0.005,1,1,0.5559172630310059,1.0,-0.44408273696899414,0.44408273696899414,-0.5688647031784058,-1.0,0.43113529682159424,0.43113529682159424,0.5571668279234012,0.5901274479567551,0.600923093751834,0.5814710855484009,17bc86564aab5b17b611ac36509af0f1773e2b2a6c72020f6cd8fdead57ef75a
1,linear,9,1000,800,200,10000,10000,0.5,28,31260913,31760913,1031760913,2031260913,3031260913,0.6032932315757819,0.473716799842311,0.4967637921090652,0.10800441491967686,0.22440760645284016,-0.04281887811096926,0.2576253285556382,0.24677426515057851,2.7755575615628914e-17,4.7358808963338106e-07,196,0.005,1,1,0.5696308016777039,1.0,-0.43036919832229614,0.43036919832229614,-0.5772174596786499,-1.0,0.4227825403213501,0.4227825403213501,0.5558659209497634,0.5893811795686009,0.5985812813286908,0.5800266265869141,1cea8f628e60c41a25959c9d28b6230dc60035e6c75e97527341b537fcbe138c
1,linear,9,1000,800,200,10000,10000,0.5,29,31260913,31760913,1031760913,2031260913,3031260913,0.5895730205675747,0.4301757607263151,0.5347631586241276,0.10489959830426919,0.18505118511646387,-0.0019895737995396174,0.013723527669540016,0.28597163582165386,5.551115123125783e-17,5.470490354042568e-07,203,0.005,1,1,0.581969141960144,1.0,-0.41803085803985596,0.41803085803985596,-0.5842518210411072,-1.0,0.4157481789588928,0.4157481789588928,0.5596236593988887,0.5928306642644605,0.6047945024093939,0.5837996006011963,0be4fbe1d7f185e9a37d05ac50a9cfc0f570198fa1ced64bbd4d192615cdc189
1,linear,9,1000,800,200,10000,10000,0.5,30,31260913,31760913,1031760913,2031260913,3031260913,0.5744384796945369,0.5552514884966347,0.5083321631953734,0.09957832252567209,0.3083042154777285,-0.07474047493225643,0.3664803857410209,0.2584015881388878,1.1102230246251565e-16,3.293818027216844e-07,210,0.005,1,1,0.592693030834198,1.0,-0.407306969165802,0.407306969165802,-0.5949313640594482,-1.0,0.40506863594055176,0.40506863594055176,0.5631436694867042,0.5963291377131815,0.6008524877517708,0.5875858068466187,527e63a5e298c60f7c63093099343716251ee1ebe6d55b69cd31eff3a8ee71e4
1,linear,9,1000,800,200,10000,10000,0.5,31,31260913,31760913,1031760913,2031260913,3031260913,0.5597333168567883,0.4256809936399777,0.5498138155371526,0.09862644186190148,0.1812043083463187,0.011232240773650919,-0.08027881685835515,0.30229523175552203,0.0,4.910314643780112e-07,217,0.005,1,1,0.6092497706413269,1.0,-0.3907502293586731,0.3907502293586731,-0.5992311835289001,-1.0,0.40076881647109985,0.40076881647109985,0.56162949081489,0.5957786359312593,0.6075365256850791,0.585594892501831,81da751dcd06526623e6d09a4edf36df5d450b310dfd2b8bedbeba93e4dbbad1
1,linear,9,1000,800,200,10000,10000,0.5,32,31260913,31760913,1031760913,2031260913,3031260913,0.5457970184595994,0.5702206869073156,0.5207027338483428,0.09304486145469522,0.3251516317770509,-0.07353257809730405,0.35166520660686423,0.27113133703713804,5.551115123125783e-17,3.2912639991167225e-07,224,0.005,1,1,0.6178649663925171,1.0,-0.3821350336074829,0.3821350336074829,-0.6102985739707947,-1.0,0.3897014260292053,0.3897014260292053,0.5622300922657653,0.5972314111828905,0.6033102180813141,0.5892605781555176,79de1183f5af4a52db8b78e4e9821df6a79339a808faa0ca06949e3c7690ebc3
1,linear,9,1000,800,200,10000,10000,0.5,33,31260913,31760913,1031760913,2031260913,3031260913,0.5324633550449246,0.4309257356867334,0.5611503065860668,0.0917901307193552,0.18569698967715245,0.018701273092564582,-0.13479020623257693,0.3148896665816368,0.0,5.57216290886231e-07,231,0.005,1,1,0.632204532623291,1.0,-0.367795467376709,0.367795467376709,-0.6149756908416748,-1.0,0.3850243091583252,0.3850243091583252,0.5652260318827786,0.5957006714185917,0.6094000634317385,0.5840285420417786,2025b910c42853c9a3bc166740c533ec1ce0a39f91425d9e3fc5f7fe63e803b1
1,linear,9,1000,800,200,10000,10000,0.5,34,31260913,31760913,1031760913,2031260913,3031260913,0.5182838855404072,0.5022858277442855,0.48084761185903774,0.08597536221232269,0.25229105275276204,-0.05352599456727248,0.316472414636832,0.2312144258305398,5.551115123125783e-17,3.2017445139587153e-07,238,0.005,1,1,0.6404364705085754,1.0,-0.35956352949142456,0.35956352949142456,-0.6267276406288147,-1.0,0.3732723593711853,0.3732723593711853,0.5516459120591355,0.5855497019680668,0.5963504867595749,0.5766698122024536,08c7e97f00e4f9863948761fc290941baba522adf9b8757fd5ecb37d027fb1e4
1,linear,9,1000,800,200,10000,10000,0.5,35,31260913,31760913,1031760913,2031260913,3031260913,0.5054508322757099,0.4513557663562179,0.47083157613187,0.08216598432048884,0.20372202782300874,-0.032102819530338354,0.2245831805932792,0.22168237308282088,2.7755575615628914e-17,4.662341837047279e-07,245,0.005,1,1,0.6499801874160767,1.0,-0.35001981258392334,0.35001981258392334,-0.6353540420532227,-1.0,0.36464595794677734,0.36464595794677734,0.5459711019853217,0.582354749696744,0.5945873863566461,0.5728534460067749,c6889407bbc5395e39a32df5333f709b40491c9a5be43049428d57fd65301e6f
1,linear,9,1000,800,200,10000,10000,0.5,36,31260913,31760913,1031760913,2031260913,3031260913,0.4936799291315126,0.42419174830142653,0.4961568035382165,0.07921961211217961,0.17993863932702078,-0.006493338870970007,0.050110994613600954,0.24617157369726037,-2.7755575615628914e-17,5.089201859931336e-07,252,0.005,1,1,0.6595112085342407,1.0,-0.3404887914657593,0.3404887914657593,-0.6425265669822693,-1.0,0.3574734330177307,0.3574734330177307,0.548565575275821,0.5842143378462636,0.5989046399955888,0.5753171443939209,0eb582b9e2b58d98caee4920887458da11c41be30e4f7d926de5e74bb043c882
1,linear,9,1000,800,200,10000,10000,0.5,37,31260913,31760913,1031760913,2031260913,3031260913,0.47947628486948274,0.512500484384009,0.4751296295881975,0.07390682148409364,0.2626567464938438,-0.055407701532659885,0.32925549170724266,0.22574816491261773,1.1102230246251565e-16,4.3469237454019094e-07,259,0.005,1,1,0.6679139137268066,1.0,-0.33208608627319336,0.33208608627319336,-0.6541440486907959,-1.0,0.3458559513092041,0.3458559513092041,0.5511508517348801,0.5873318711774403,0.5956147944468901,0.5781290531158447,ed1bf38e8524354a9a0a9cff2cca2f677ecad22558d0bbdfa0ee6c53dae1f3f1
1,linear,9,1000,800,200,10000,10000,0.5,38,31260913,31760913,1031760913,2031260913,3031260913,0.4673340562280474,0.41728858333248375,0.5152500797380668,0.07218161377221922,0.17412976177963121,0.009585634559116913,-0.07783347023774842,0.2654826446700842,-5.551115123125783e-17,5.322959175657616e-07,266,0.005,1,1,0.679742157459259,1.0,-0.32025784254074097,0.32025784254074097,-0.6596530675888062,-1.0,0.34034693241119385,0.34034693241119385,0.5532147687865183,0.5874803654870827,0.6017896299944873,0.5780520439147949,529379b066768e96d189d3299b6d97f82fe97fba26450e5ebaf855b68637e6ef
1,linear,9,1000,800,200,10000,10000,0.5,39,31260913,31760913,1031760913,2031260913,3031260913,0.45500459507569546,0.44477096662605026,0.4568243868801851,0.06794470452962416,0.1978212127534711,-0.02853869841731909,0.21476567581778758,0.20868852044845707,2.7755575615628914e-17,4.678368039634506e-07,273,0.005,1,1,0.6873441934585571,1.0,-0.31265580654144287,0.31265580654144287,-0.6694315075874329,-1.0,0.33056849241256714,0.33056849241256714,0.5430973973754704,0.5794584561264469,0.5928303127248803,0.5710535049438477,bec0121f91414cca11e44e86ebad0409dc3c99555b8da00e1c547e6ee37aa68f
1,linear,9,1000,800,200,10000,10000,0.5,40,31260913,31760913,1031760913,2031260913,3031260913,0.4426947981177898,0.4648636819533526,0.45845253182767276,0.06633647306997442,0.21609824279922774,-0.036127995964999424,0.25583254419566887,0.21017872393920328,-2.7755575615628914e-17,4.519260841107098e-07,280,0.005,1,1,0.6994499564170837,1.0,-0.30055004358291626,0.30055004358291626,-0.6749640703201294,-1.0,0.3250359296798706,0.3250359296798706,0.5434737627223893,0.5807778593122461,0.5930336674898017,0.5708235502243042,7c67be62204127efc5a73cdc1bad81b68ddda45d11ce4bc5aaa9da00dbfbb01e
1,linear,9,1000,800,200,10000,10000,0.5,41,31260913,31760913,1031760913,2031260913,3031260913,0.43050771616675376,0.473282282250373,0.47700393116754825,0.06431210641597448,0.22399611869212172,-0.030387737379400526,0.21080034999353328,0.2275327503492951,-2.7755575615628914e-17,4.735915677400726e-07,287,0.005,1,1,0.7106088995933533,1.0,-0.28939110040664673,0.28939110040664673,-0.6812686324119568,-1.0,0.3187313675880432,0.3187313675880432,0.5411998210167812,0.5844779709910226,0.5962036628625963,0.5766088962554932,a7910a575006154cc2e7757b0c3db5327fbb2ccf940a833a6925266c1a68f666
1,linear,9,1000,800,200,10000,10000,0.5,42,31260913,31760913,1031760913,2031260913,3031260913,0.41771646466744283,0.4364529806458939,0.5130509656505121,0.061860657570562035,0.19049120431468503,0.005434715734837954,-0.0430725233745991,0.26322129335492295,0.0,5.275610277521992e-07,294,0.005,1,1,0.7216513752937317,1.0,-0.2783486247062683,0.2783486247062683,-0.6885371804237366,-1.0,0.3114628195762634,0.3114628195762634,0.5467236849560622,0.5875768711947152,0.6010550746055436,0.5793617963790894,261b8644c95765ab0de6710f5ec74a00bcc726de1608afc57fc43a0a11bfb347
1,linear,9,1000,800,200,10000,10000,0.5,43,31260913,31760913,1031760913,2031260913,3031260913,0.40604015221843975,0.47385113876740675,0.45894489905960056,0.057342469722527566,0.2245349017111682,-0.03562347553043437,0.25275867551371617,0.21063042037282695,-2.7755575615628914e-17,4.42654579657642e-07,301,0.005,1,1,0.727311909198761,1.0,-0.272688090801239,0.272688090801239,-0.6991515159606934,-1.0,0.30084848403930664,0.30084848403930664,0.5409546072139111,0.5818307524713487,0.5928440902817143,0.5740776062011719,b5bb011d4e92d438cd0824ddd57d58a91240193d5ee62a57c4b6485693a7b743
1,linear,9,1000,800,200,10000,10000,0.5,44,31260913,31760913,1031760913,2031260913,3031260913,0.39381177807421514,0.44583582319963466,0.4773745208139213,0.05507138124455653,0.1987695812480959,-0.012977264685165739,0.10224720673710315,0.22788643312232099,5.551115123125783e-17,5.362767758754217e-07,308,0.005,1,1,0.7377537488937378,1.0,-0.2622462511062622,0.2622462511062622,-0.7062065005302429,-1.0,0.2937934994697571,0.2937934994697571,0.5399863140054878,0.5823231497549464,0.5953627988577432,0.5747935175895691,ff1dbbe0b13a32aeb5884bd86cfdd2818aa78aca871f469aa4a3613c6ec04f1f
1,linear,9,1000,800,200,10000,10000,0.5,45,31260913,31760913,1031760913,2031260913,3031260913,0.38005935798665513,0.4881405553666351,0.49191673435960337,0.05216940807660103,0.23828120179364692,-0.024234268163615662,0.16687359117229436,0.24198207354301657,-5.551115123125783e-17,3.386290989837448e-07,315,0.005,1,1,0.7486861944198608,1.0,-0.25131380558013916,0.25131380558013916,-0.7148921489715576,-1.0,0.2851078510284424,0.2851078510284424,0.5387482810280083,0.5855473764037176,0.5981491805046031,0.5776104927062988,5a4a10d6ac20fc7136d496889fe509e705fe28577777f88bfeaee4328c4b8854
1,linear,9,1000,800,200,10000,10000,0.5,46,31260913,31760913,1031760913,2031260913,3031260913,0.36682233995215796,0.4702811881546577,0.4788557324006496,0.04957412304739192,0.22116439593215656,-0.02071785326329295,0.1530469571997472,0.22930281245296255,-2.7755575615628914e-17,4.694544539773915e-07,322,0.005,1,1,0.7594645023345947,1.0,-0.24053549766540527,0.24053549766540527,-0.7230499982833862,-1.0,0.27695000171661377,0.27695000171661377,0.5372839455756475,0.585630017829149,0.5954948520642206,0.5768300294876099,f41b4ac3cd3017d40fd0f13ecdf38cde05fabe5ae4b78bb60d5775a7a0a54584
1,linear,9,1000,800,200,10000,10000,0.5,47,31260913,31760913,1031760913,2031260913,3031260913,0.35453773025375107,0.4440590897971379,0.47247671641639505,0.0476302300395669,0.19718847523146255,-0.010792228857705435,0.08816506766309193,0.2232342475556186,2.7755575615628914e-17,5.284345565570447e-07,329,0.005,1,1,0.7703244686126709,1.0,-0.2296755313873291,0.2296755313873291,-0.7299145460128784,-1.0,0.2700854539871216,0.2700854539871216,0.5363917909851027,0.5827968396689,0.5948567353458272,0.5750808715820312,7756b363665dbd84d92126a125acd9a77e0d34409c80fb6abecce94408db27ec
1,linear,9,1000,800,200,10000,10000,0.5,48,31260913,31760913,1031760913,2031260913,3031260913,0.3422398558089231,0.43287293531525656,0.4668903697265504,0.04520204552081569,0.1873789781284463,-0.007297203152933548,0.06274977243145953,0.21798661734339495,2.7755575615628914e-17,4.868119365397661e-07,336,0.005,1,1,0.7800727486610413,1.0,-0.21992725133895874,0.21992725133895874,-0.7377784848213196,-1.0,0.2622215151786804,0.2622215151786804,0.5362307817883698,0.5827875566103139,0.593919249251755,0.574550986289978,da1f3a74ffcebd9e7348909e29b1ead9786201fffd9eb088fc0808890f5e2935
1,linear,9,1000,800,200,10000,10000,0.5,49,31260913,31760913,1031760913,2031260913,3031260913,0.3332825673855454,0.4518425007483065,0.4499644455877718,0.042584652089026995,0.2041616454824834,-0.022139147639199747,0.17944867142562512,0.20246800229311085,-5.551115123125783e-17,4.771894683841538e-07,343,0.005,1,1,0.7851998805999756,1.0,-0.21480011940002441,0.21480011940002441,-0.7451702952384949,-1.0,0.2548297047615051,0.2548297047615051,0.5336708032809919,0.5774162144846674,0.5917610643362153,0.5691859126091003,b0f5f426fe067750b9f92d8594f40687a190c1c0c901fae7c9f1efe1da5002c4
1,linear,9,1000,800,200,10000,10000,0.5,50,31260913,31760913,1031760913,2031260913,3031260913,0.32415222776740127,0.4589191990681786,0.4492000166293298,0.039894911082302184,0.2106068312733785,-0.024360543707945288,0.1944940061403358,0.20178065493979017,5.551115123125783e-17,4.588955491158231e-07,350,0.005,1,1,0.7901910543441772,1.0,-0.20980894565582275,0.20980894565582275,-0.7529071569442749,-1.0,0.2470928430557251,0.2470928430557251,0.5335688531768653,0.5770348690755058,0.591279148252078,0.5678576231002808,cda60695532400d59626d37fea430eafd996ee2ef49f2935cf8e39031da416c1
1,linear,9,1000,800,200,10000,10000,0.5,51,31260913,31760913,1031760913,2031260913,3031260913,0.31295836516060094,0.44121718763159756,0.5108697275210973,0.03838360576491601,0.19467260666153635,0.013965833035513906,-0.11984948086222957,0.2609878784974801,-5.551115123125783e-17,5.544021597359006e-07,357,0.005,1,1,0.8002718687057495,1.0,-0.1997281312942505,0.1997281312942505,-0.7590609788894653,-1.0,0.24093902111053467,0.24093902111053467,0.5426199803305878,0.5863279610240311,0.6006192544397729,0.5783923864364624,f80a443e9f396268f8250d8f6eb0921ffe0f42b0da7f0dc9e96db68ebc4fcab7
1,linear,9,1000,800,200,10000,10000,0.5,52,31260913,31760913,1031760913,2031260913,3031260913,0.3009994499875035,0.5177847933959413,0.47414237615031757,0.034440839557414345,0.26810109227207757,-0.038865469484011365,0.2569261672191302,0.22481099286146924,8.326672684688674e-17,4.322492763719765e-07,364,0.005,1,1,0.8052796125411987,1.0,-0.19472038745880127,0.19472038745880127,-0.7704686522483826,-1.0,0.22953134775161743,0.22953134775161743,0.541547065024001,0.5853902011573605,0.5953158464345776,0.5768247842788696,38ae8a7ef3c8cc96fbfde217446bc88993dd9939fff989c0f54fa96325880e66
1,linear,9,1000,800,200,10000,10000,0.5,53,31260913,31760913,1031760913,2031260913,3031260913,0.2911654027738916,0.4455374002567207,0.5089721537556074,0.034266399884082116,0.1985035750275173,0.013141339193511155,-0.11291266580667826,0.2590526532986217,-5.551115123125783e-17,5.334443677895706e-07,371,0.005,1,1,0.8167989253997803,1.0,-0.18320107460021973,0.18320107460021973,-0.7736934423446655,-1.0,0.22630655765533447,0.22630655765533447,0.5397552826656661,0.5853946956813648,0.6003702072808286,0.5777944326400757,64bf34ec3fe3bf0b2166fd997f551a6121e764c63ad6fe35750d4b32cd2ad1f0
1,linear,9,1000,800,200,10000,10000,0.5,54,31260913,31760913,1031760913,2031260913,3031260913,0.27877733684224015,0.4124445705289342,0.4303780866453935,0.03232775325362156,0.17011052375879696,-0.008606489773934325,0.08502828517362221,0.18522529746454983,-2.7755575615628914e-17,5.269754819181571e-07,378,0.005,1,1,0.8269652724266052,1.0,-0.17303472757339478,0.17303472757339478,-0.7814232707023621,-1.0,0.21857672929763794,0.21857672929763794,0.5315965772913058,0.5742952533490793,0.5882913235057882,0.5647951364517212,8aff02ac6f287e65dc3ef226ab377072990e03f667dbd8035edc36271708fe6c
1,linear,9,1000,800,200,10000,10000,0.5,55,31260913,31760913,1031760913,2031260913,3031260913,0.2675303477206422,0.4746488522149252,0.4311809297973985,0.02990231998514639,0.2252915329089459,-0.03463842933657158,0.27146758390725684,0.18591699422094912,-2.7755575615628914e-17,4.314945769579026e-07,385,0.005,1,1,0.8342960476875305,1.0,-0.16570395231246948,0.16570395231246948,-0.789965033531189,-1.0,0.21003496646881104,0.21003496646881104,0.5384438310392116,0.5714241197465627,0.5894342893042734,0.5627094507217407,0dd3bcb714c6d80ec5f7db6e766ab97d9a9af77b5bc0fc1cf63157786b005c0b
1,linear,9,1000,800,200,10000,10000,0.5,56,31260913,31760913,1031760913,2031260913,3031260913,0.25661680640318524,0.4098893127945725,0.44385314393736053,0.029150725361733958,0.1680092487432069,-7.718036093080341e-05,0.0007829211915976738,0.19700561338307926,0.0,4.976110847820792e-07,392,0.005,1,1,0.8455836176872253,1.0,-0.15441638231277466,0.15441638231277466,-0.7950420379638672,-1.0,0.2049579620361328,0.2049579620361328,0.5314936976640835,0.5742409935517323,0.5901861210191796,0.5647367238998413,6b02174a3e618644bdc1d456cb1f64442c53059ecae44c0deca9ced43e7c8444
1,linear,9,1000,800,200,10000,10000,0.5,57,31260913,31760913,1031760913,2031260913,3031260913,0.24771522114441072,0.46940432593585335,0.4451142352974823,0.02584228156593418,0.22034042120729286,-0.02402801015438231,0.1952046986543639,0.1981266824644624,0.0,3.6713611883953945e-07,399,0.005,1,1,0.8471630811691284,1.0,-0.15283691883087158,0.15283691883087158,-0.8050546050071716,-1.0,0.19494539499282837,0.19494539499282837,0.5310751559271231,0.5726054005171032,0.5910948723162477,0.564595103263855,5558e7016411c88cccfc3a1e5b8a23a672e22aea8aae61a94827e3785899992e
1,linear,9,1000,800,200,10000,10000,0.5,58,31260913,31760913,1031760913,2031260913,3031260913,0.23844266004061712,0.45385218528468063,0.467230723255091,0.02461346549039842,0.20598180608768007,-0.006145361412301539,0.05329997766429263,0.21830454875347546,5.551115123125783e-17,5.250241379428644e-07,406,0.005,1,1,0.8548812866210938,1.0,-0.14511871337890625,0.14511871337890625,-0.8108031153678894,-1.0,0.1891968846321106,0.1891968846321106,0.5286399185600011,0.5769933290201369,0.5930074435086252,0.5680736899375916,c59429ec6441255b92fa371f2da58bd2b79621e77b470129ebf20ebd6b4048f4
1,linear,9,1000,800,200,10000,10000,0.5,59,31260913,31760913,1031760913,2031260913,3031260913,0.2280728988272239,0.47622276009386577,0.4512854596988462,0.021957936903972193,0.22678811723141962,-0.022543743999896452,0.18125910843696,0.20365856613559893,2.7755575615628914e-17,5.246585210727517e-07,413,0.005,1,1,0.8594433069229126,1.0,-0.1405566930770874,0.1405566930770874,-0.8203863501548767,-1.0,0.1796136498451233,0.1796136498451233,0.529655114860218,0.5756106899241138,0.5918670183728879,0.5671411752700806,c0bd2ad6cbe1c968041cec9b866c84b659475dc72e8cd61a68fdb682e71d2a92
1,linear,9,1000,800,200,10000,10000,0.5,60,31260913,31760913,1031760913,2031260913,3031260913,0.21918938084591494,0.42461555509092336,0.4581867483235462,0.02086275359291759,0.18029836962517298,0.004386986560607074,-0.04361664411518407,0.2099350963393047,0.0,5.511055682916322e-07,420,0.005,1,1,0.8668044805526733,1.0,-0.13319551944732666,0.13319551944732666,-0.8259226083755493,-1.0,0.17407739162445068,0.17407739162445068,0.5282481797598823,0.5751965046812412,0.5921244441626768,0.5661303997039795,5779d87671737fff0fe3ad5bb92c188d8f0e2e76d250f425d2d17b8715376077
1,linear,9,1000,800,200,10000,10000,0.5,61,31260913,31760913,1031760913,2031260913,3031260913,0.2095454962896026,0.515188901232549,0.48476119570524606,0.018183858546332917,0.26541960395320113,-0.024305022818977055,0.17140145331629714,0.23499341686157987,-5.551115123125783e-17,3.436105160403713e-07,427,0.005,1,1,0.8696588277816772,1.0,-0.13034117221832275,0.13034117221832275,-0.8359253406524658,-1.0,0.16407465934753418,0.16407465934753418,0.5338587021450497,0.5823418682879848,0.5976501265628884,0.5739992260932922,02d52ab8e488e66c7ea5c0d99e834bbc8e678a7fd829e79b8403c3411111cccb
1,linear,9,1000,800,200,10000,10000,0.5,62,31260913,31760913,1031760913,2031260913,3031260913,0.20090921327126057,0.4630453714604269,0.5087299534723079,0.01799727164863879,0.21441101603092474,0.01319893894018648,-0.11358406425148415,0.2588061655599366,5.551115123125783e-17,5.253046868602951e-07,434,0.005,1,1,0.8795556426048279,1.0,-0.12044435739517212,0.12044435739517212,-0.8391968011856079,-1.0,0.1608031988143921,0.1608031988143921,0.5347465522028891,0.5863021015879541,0.5996657351514827,0.5760836005210876,62dc7977abe7491bf702c2781f44712066f595d0dfa787265542667452402796
1,linear,9,1000,800,200,10000,10000,0.5,63,31260913,31760913,1031760913,2031260913,3031260913,0.1922880976904975,0.4734221694729888,0.4498426838086873,0.015534227189120002,0.22412855054851133,-0.018652168780714358,0.15565344737123635,0.2023584401762026,-2.7755575615628914e-17,4.442923611236438e-07,441,0.005,1,1,0.8812222480773926,1.0,-0.11877775192260742,0.11877775192260742,-0.8487830758094788,-1.0,0.15121692419052124,0.15121692419052124,0.528104001856117,0.5725970742578471,0.5918791123050223,0.5638640522956848,f1c6b508ff09b9c3680139a146cbaa0bffae42706c9cf9fab09e599cfdd0815a
1,linear,9,1000,800,200,10000,10000,0.5,64,31260913,31760913,1031760913,2031260913,3031260913,0.18445319074423033,0.42713225729526494,0.45878054352939585,0.015231722104746603,0.1824419652221484,0.006402949897116411,-0.06478302685301547,0.21047958712112785,2.7755575615628914e-17,4.974080258790536e-07,448,0.005,1,1,0.8896558880805969,1.0,-0.11034411191940308,0.11034411191940308,-0.8521921634674072,-1.0,0.14780783653259277,0.14780783653259277,0.5262607531767572,0.5709229727809061,0.5917674207352286,0.5621694922447205,48da71f0e40c5a8fe50d8d629e894632a0434d4d1b33de115b27f89a92ab24e0
1,linear,9,1000,800,200,10000,10000,0.5,65,31260913,31760913,1031760913,2031260913,3031260913,0.1752914502179619,0.4257698465165721,0.4291482294372171,0.013438558699856327,0.18127996220274536,-0.0052751590367516865,0.054182406607231,0.18416820282909832,0.0,5.536259717331404e-07,455,0.005,1,1,0.8938647508621216,1.0,-0.10613524913787842,0.10613524913787842,-0.8604922890663147,-1.0,0.1395077109336853,0.1395077109336853,0.5203548905027651,0.5706745495889181,0.5879397393163274,0.5615697503089905,959846041e0731ca24f9c2dd94d247f8b42f1867ced568b4a540c0d00b2fd786
1,linear,9,1000,800,200,10000,10000,0.5,66,31260913,31760913,1031760913,2031260913,3031260913,0.16819544127783104,0.4571223964397426,0.44854136577432524,0.01187889938285299,0.2089608853268132,-0.009825213949484586,0.088980470275332,0.20118935681069702,0.0,5.126146120915109e-07,462,0.005,1,1,0.8960768580436707,1.0,-0.10392314195632935,0.10392314195632935,-0.86775141954422,-1.0,0.13224858045578003,0.13224858045578003,0.5218190757583234,0.5739570134437405,0.5920261482036092,0.5651912689208984,9145c853f28462334ad08cd8dd7619aebc5352f02cfc86322e88d0954912f8d0
1,linear,9,1000,800,200,10000,10000,0.5,67,31260913,31760913,1031760913,2031260913,3031260913,0.15955600174461904,0.4540952373486822,0.4795977062709151,0.011159219137700838,0.206202484582756,0.006326128069933049,-0.05820830405404731,0.23001395986032294,0.0,5.216910086147664e-07,469,0.005,1,1,0.903502881526947,1.0,-0.09649711847305298,0.09649711847305298,-0.8729314208030701,-1.0,0.12706857919692993,0.12706857919692993,0.5237286032966726,0.5746214215212442,0.5959294001931774,0.5677587985992432,dcab580363743be8c74e32a5341f2b151d21e2c322e858fceebc03a743c0c34b
1,linear,9,1000,800,200,10000,10000,0.5,68,31260913,31760913,1031760913,2031260913,3031260913,0.15319276334490564,0.42055303382220416,0.41876086405285096,0.00990897760844404,0.17686485425705997,-0.005706585301606873,0.06110690394483302,0.1753606612622903,5.551115123125783e-17,5.223794659059422e-07,476,0.005,1,1,0.9056019186973572,1.0,-0.09439808130264282,0.09439808130264282,-0.8793475031852722,-1.0,0.12065249681472778,0.12065249681472778,0.5203099028180211,0.569017648432651,0.5870850044280255,0.5586001873016357,1f977f0427d46aa9635c2dcf7914c851ac7af24598bcc676a3b298f19b38931e
1,linear,9,1000,800,200,10000,10000,0.5,69,31260913,31760913,1031760913,2031260913,3031260913,0.14930861513300733,0.4274532718927884,0.4522221249041555,0.009634739926849463,0.1827162996518501,0.00607690533706501,-0.06318557311023704,0.20450485025282958,0.0,5.288847439999245e-07,483,0.005,1,1,0.9090518951416016,1.0,-0.09094810485839844,0.09094810485839844,-0.881587564945221,-1.0,0.11841243505477905,0.11841243505477905,0.5251510468764247,0.5653192865625406,0.5916461095853444,0.5580934286117554,a6266ef1cef6ff9b53bdffdc3c6d2927b9070e439de75f34720f4fcf291e90af
1,linear,9,1000,800,200,10000,10000,0.5,70,31260913,31760913,1031760913,2031260913,3031260913,0.14385229243217285,0.4247522652384341,0.4342758792328793,0.008780909509867024,0.18041448682518108,-0.00029992852577886227,0.0031705689629753543,0.18859553928349038,0.0,5.188534242250853e-07,490,0.005,1,1,0.9115729928016663,1.0,-0.08842700719833374,0.08842700719833374,-0.8865357041358948,-1.0,0.11346429586410522,0.11346429586410522,0.5251517834912133,0.5729226709624996,0.5886337236658731,0.5610831379890442,ba4f74929215a88cfd9122aa8a68f4383a0701594e7f668269760f56d9c0034e
1,linear,9,1000,800,200,10000,10000,0.5,71,31260913,31760913,1031760913,2031260913,3031260913,0.1407276191129014,0.4542826949852533,0.445929848603891,0.007456986001250734,0.20637276696306467,-0.007488161544213112,0.0700385371109956,0.19885342987588916,0.0,5.167492922453221e-07,497,0.005,1,1,0.9085819125175476,1.0,-0.09141808748245239,0.09141808748245239,-0.89300936460495,-1.0,0.10699063539505005,0.10699063539505005,0.5238773216111485,0.5667660057862284,0.591814713388973,0.5594296455383301,e27e24ebbf7344dd956715279ee78ac10ccfe46c2d70f5b0c716af390e0e9b2e
1,linear,9,1000,800,200,10000,10000,0.5,72,31260913,31760913,1031760913,2031260913,3031260913,0.13745802490028386,0.4362314960325119,0.4503113958051341,0.006981460229806107,0.19029791813076344,0.002750487415699288,-0.027884185752777405,0.2027803531919681,-2.7755575615628914e-17,5.110003300501376e-07,504,0.005,1,1,0.9099766612052917,1.0,-0.09002333879470825,0.09002333879470825,-0.8961226344108582,-1.0,0.10387736558914185,0.10387736558914185,0.515793060450968,0.5710663687535241,0.5914051621148303,0.5631582140922546,d97cef9ce61fe53b546b0ae8338818b0ebe73f73685091dec06d0244c0568eef
1,linear,9,1000,800,200,10000,10000,0.5,73,31260913,31760913,1031760913,2031260913,3031260913,0.13554861110816013,0.4507603121254462,0.45386665286477107,0.005997248956362774,0.20318485898742966,-0.0015935846805608985,0.015236338291314067,0.2059949385826706,-5.551115123125783e-17,5.338738997551218e-07,511,0.005,1,1,0.9066628217697144,1.0,-0.09333717823028564,0.09333717823028564,-0.9017065763473511,-1.0,0.09829342365264893,0.09829342365264893,0.5149003341076106,0.5768482717783159,0.5923955562397967,0.5672358870506287,034c18cb6739b97bc878ad1f4432ae481c2304a3ab55a2f1f29bd44c833212ee
1,linear,9,1000,800,200,10000,10000,0.5,74,31260913,31760913,1031760913,2031260913,3031260913,0.13184240256669222,0.4680228194059088,0.477417897528648,0.0054140136257329755,0.21904535948465592,0.0017342378851428958,-0.015452577106592908,0.22792784888067466,-2.7755575615628914e-17,5.20626834088489e-07,518,0.005,1,1,0.9075952768325806,1.0,-0.09240472316741943,0.09240472316741943,-0.9059585928916931,-1.0,0.09404140710830688,0.09404140710830688,0.5146962760851648,0.5745146469042623,0.5957729692588773,0.5664283633232117,76b59fd4faf316a7fb0ea556bf5f47c0c701c13be3e2556982cd75548c16da54
1,linear,9,1000,800,200,10000,10000,0.5,75,31260913,31760913,1031760913,2031260913,3031260913,0.12737089399326237,0.4349110941655638,0.43813015226589347,0.004807319402982806,0.1891476598282879,-0.0009984744533678587,0.010295940401481355,0.191958030324535,0.0,5.078689984117091e-07,525,0.005,1,1,0.9090911149978638,1.0,-0.09090888500213623,0.09090888500213623,-0.9107872247695923,-1.0,0.08921277523040771,0.08921277523040771,0.5130893320803943,0.569980332395386,0.5897872172793431,0.5596659779548645,b5d93a51805c798261e9a7a4933bd49653ec8f11853f3d22c70691c0369dbd64
1,linear,9,1000,800,200,10000,10000,0.5,76,31260913,31760913,1031760913,2031260913,3031260913,0.12389387229298905,0.4306168432233001,0.4362478412982157,0.004223019685527825,0.18543086566760025,0.00032914684211256837,-0.0034710266177748997,0.1903121790373532,0.0,5.24539503388155e-07,532,0.005,1,1,0.9092346429824829,1.0,-0.09076535701751709,0.09076535701751709,-0.9156712293624878,-1.0,0.08432877063751221,0.08432877063751221,0.5125013157161693,0.5669703824472395,0.5899315274071201,0.5573277473449707,77740f662e8003899b96e958dc37a202daef1d74c0ff43c1f51a9fb4604ec1e0
1,linear,9,1000,800,200,10000,10000,0.5,77,31260913,31760913,1031760913,2031260913,3031260913,0.11816130287403569,0.4458538571428777,0.4563972914919837,0.0037288441248945546,0.19878566192918157,0.0028919908135713233,-0.028560826282726572,0.20829848768121875,0.0,5.193377869971982e-07,539,0.005,1,1,0.912548840045929,1.0,-0.08745115995407104,0.08745115995407104,-0.9205368757247925,-1.0,0.07946312427520752,0.07946312427520752,0.5137936110694975,0.5710791163512106,0.592600290030897,0.5612546801567078,ac564837a1aacf214128a5fa6d2c6bc1aa03c84cd2f57b148c997a7dcbf42e29
1,linear,9,1000,800,200,10000,10000,0.5,78,31260913,31760913,1031760913,2031260913,3031260913,0.10988155403735486,0.47355374466709854,0.4794905739554723,0.003084358263226349,0.22425314908823157,0.001286851580345183,-0.01132106703673621,0.22991121051214822,-5.551115123125783e-17,4.915824973750205e-07,546,0.005,1,1,0.917445719242096,1.0,-0.08255428075790405,0.08255428075790405,-0.9274827837944031,-1.0,0.07251721620559692,0.07251721620559692,0.5112155849396806,0.572547814182411,0.5960670921933661,0.5633018016815186,d3d057e20b15ac4cb9e437cae05ac74ec298376ab592b13059c24e418010ff2d
1,linear,9,1000,800,200,10000,10000,0.5,79,31260913,31760913,1031760913,2031260913,3031260913,0.10138280845074815,0.46179606683495733,0.4669693820605859,0.0025456182347120787,0.21325560734423638,0.0011295891015484926,-0.01046879227416848,0.21806040378204544,0.0,4.845579901768815e-07,553,0.005,1,1,0.9230378270149231,1.0,-0.0769621729850769,0.0769621729850769,-0.9340053200721741,-1.0,0.06599467992782593,0.06599467992782593,0.5093479688092105,0.5665694155661728,0.594275015454595,0.5571376085281372,294f382b05ca0f16c575ac60b1859de0cec4cb0a068a326fdbba42b297ae6d20
1,linear,9,1000,800,200,10000,10000,0.5,80,31260913,31760913,1031760913,2031260913,3031260913,0.09638490938358237,0.4626570201126029,0.46936967277998787,0.0020877225013690567,0.21405151825947347,0.0020843244823752004,-0.019286867808344897,0.2203078897255929,0.0,5.280305508392757e-07,560,0.005,1,1,0.9244239926338196,1.0,-0.07557600736618042,0.07557600736618042,-0.9401809573173523,-1.0,0.059819042682647705,0.059819042682647705,0.5093249332954004,0.5737634732031957,0.59430355357358,0.5649188160896301,0acd13f96e4a12a13017dc9b19ecdcd58ecfca63e6c86f0f2e4ba4382d588107
1,linear,9,1000,800,200,10000,10000,0.5,81,31260913,31760913,1031760913,2031260913,3031260913,0.09119601298427876,0.46854028854261326,0.4746955946336251,0.0017319482476704955,0.21953000198759529,0.0020369786646525813,-0.018412371964422084,0.22533590756457092,-2.7755575615628914e-17,5.043596136289352e-07,567,0.005,1,1,0.926602303981781,1.0,-0.073397696018219,0.073397696018219,-0.9458752274513245,-1.0,0.05412477254867554,0.05412477254867554,0.5087040939326287,0.5715266246254663,0.5953382918775311,0.5637073516845703,d0fc7b8066851f93dfe5684e468b970fe41d087a0bac4946c5227830c77066c9
1,linear,9,1000,800,200,10000,10000,0.5,82,31260913,31760913,1031760913,2031260913,3031260913,0.08348707777276919,0.5569258308785061,0.5690528491546001,0.0015474565006048685,0.31016638109971445,0.00605365376532437,-0.038841097411186395,0.32382114513096805,-5.551115123125783e-17,5.20614833021682e-07,574,0.005,1,1,0.934269368648529,1.0,-0.06573063135147095,0.06573063135147095,-0.9485259652137756,-1.0,0.051474034786224365,0.051474034786224365,0.5316670827961552,0.5794199125743998,0.6103335088736298,0.5716267824172974,1de21d1571270eded84d5083a07d8d334bd2dfca83cb7aae5b308e693600cd5e
1,linear,9,1000,800,200,10000,10000,0.5,83,31260913,31760913,1031760913,2031260913,3031260913,0.07980130494267929,0.5051713453204942,0.5039594842661361,0.0012005568681566496,0.255198088132918,-0.0012117416096423948,0.009452012584834963,0.2539751617817899,5.551115123125783e-17,4.900699543952669e-07,581,0.005,1,1,0.933244526386261,1.0,-0.06675547361373901,0.06675547361373901,-0.9562740921974182,-1.0,0.04372590780258179,0.04372590780258179,0.5262007754513219,0.576585221862075,0.6009048760206361,0.5657670497894287,5a93454c83aa0b913e809c29ec8a5264baa675f75c7bbe07bac94e4e6f3a3861
1,linear,9,1000,800,200,10000,10000,0.5,84,31260913,31760913,1031760913,2031260913,3031260913,0.0757401645582783,0.4710987330419305,0.47590077630395455,0.0011985720165180072,0.2219340162737121,0.001674480298238273,-0.01500883677340994,0.2264815488867066,-5.551115123125783e-17,5.111509810973303e-07,588,0.005,1,1,0.9391123652458191,1.0,-0.06088763475418091,0.06088763475418091,-0.954952597618103,-1.0,0.04504740238189697,0.04504740238189697,0.5069154942500819,0.5677037505667241,0.5956652148654652,0.5578525066375732,76019375c9c10a1376c7754497718ececdcfba94e933235985569ffba7271028
1,linear,9,1000,800,200,10000,10000,0.5,85,31260913,31760913,1031760913,2031260913,3031260913,0.06973147617424537,0.5180677499890487,0.5261973512178593,0.001066984541484311,0.2683941935787154,0.0037112371542457104,-0.027545616627492237,0.2768836524286911,0.0,5.851783164700919e-07,595,0.005,1,1,0.9448819160461426,1.0,-0.05511808395385742,0.05511808395385742,-0.9572861194610596,-1.0,0.04271388053894043,0.04271388053894043,0.5127795174216486,0.5769714214329587,0.6031473744706274,0.5686759352684021,fc3dcfaf7010161794f1cbf94bb586b3fe3319366ee5ea497e1c0465f3f9d905
1,linear,9,1000,800,200,10000,10000,0.5,86,31260913,31760913,1031760913,2031260913,3031260913,0.064550238382995,0.47601673473371015,0.47565803483178487,0.0007698579157101145,0.22659193174654338,-0.0005556117811089767,0.004887468399455682,0.2262505661000355,-2.7755575615628914e-17,5.258141904107561e-07,602,0.005,1,1,0.9454843997955322,1.0,-0.05451560020446777,0.05451560020446777,-0.9654343724250793,-1.0,0.034565627574920654,0.034565627574920654,0.517315956510242,0.5741946504323773,0.5955601665209539,0.563064694404602,d0b468888c0344155706fc594c5367c5418a0b8b250415853e34cc7f263d636e
1,linear,9,1000,800,200,10000,10000,0.5,87,31260913,31760913,1031760913,2031260913,3031260913,0.0570382980091982,0.5209050378533008,0.5269764626452574,0.0006798726550131474,0.2713420584609487,0.002841130533073297,-0.020888981424531796,0.27770419218210846,0.0,5.567654000060429e-07,609,0.005,1,1,0.9541499018669128,1.0,-0.04585009813308716,0.04585009813308716,-0.966071605682373,-1.0,0.03392839431762695,0.03392839431762695,0.5144787626613232,0.5743934610510911,0.6028841830757008,0.5673311948776245,c916d57daaf032a1958a00ed73e8432e98edd7b946bfd8c74ee32169769c0618
1,linear,9,1000,800,200,10000,10000,0.5,88,31260913,31760913,1031760913,2031260913,3031260913,0.051531295793264306,0.46444468192939803,0.46586942960922845,0.00048321706507414326,0.2157088625724997,0.0004211229034270415,-0.0038958217538127703,0.21703432544442786,-5.551115123125783e-17,5.114575127862508e-07,616,0.005,1,1,0.9561214447021484,1.0,-0.04387855529785156,0.04387855529785156,-0.9729787707328796,-1.0,0.02702122926712036,0.02702122926712036,0.5046247053717853,0.5686748754412346,0.5939857374362739,0.5595763921737671,e66b038f093b6d67550272616962f99c98abd35ad58c7bfd46cee14985dd61ce
1,linear,9,1000,800,200,10000,10000,0.5,89,31260913,31760913,1031760913,2031260913,3031260913,0.04696098388740474,0.5269616834478626,0.527944666902573,0.0003895715752062882,0.2776886158222054,0.00032369195672852727,-0.002328064345916692,0.2787255713108687,0.0,4.22839121938523e-07,623,0.005,1,1,0.9590834975242615,1.0,-0.040916502475738525,0.040916502475738525,-0.9769527912139893,-1.0,0.023047208786010742,0.023047208786010742,0.51643000263261,0.580994254835801,0.6054184874886855,0.5707792043685913,f79df1a9e0c9c20f57bca3de8628a7f84dbfa9932c58b6ffd5da472b550c5776
1,linear,9,1000,800,200,10000,10000,0.5,90,31260913,31760913,1031760913,2031260913,3031260913,0.04137338509027104,0.5919035194281939,0.5967425082520452,0.000360878594195178,0.3503497763114823,0.0026954831246323876,-0.015371549663110915,0.35610162115494226,0.0,5.5456703762502e-07,630,0.005,1,1,0.9668445587158203,1.0,-0.03315544128417969,0.03315544128417969,-0.9752517938613892,-1.0,0.02474820613861084,0.02474820613861084,0.5194217826116508,0.5890433059052513,0.6147874940182498,0.5808570981025696,1727ea3556d08d4d02e4fb919a3e94d0cca4272178e30f6845c48d4b2169f410
1,linear,9,1000,800,200,10000,10000,0.5,91,31260913,31760913,1031760913,2031260913,3031260913,0.03868487803920676,0.47473097051569296,0.4757467360967546,0.00026459501261784173,0.22536949436677173,0.0003504337636627351,-0.0031062129364105326,0.22633495690671507,2.7755575615628914e-17,5.093378430132134e-07,637,0.005,1,1,0.96529620885849,1.0,-0.03470379114151001,0.03470379114151001,-0.9829071164131165,-1.0,0.017092883586883545,0.017092883586883545,0.5098369920049967,0.568320985038408,0.5957979629811564,0.5571335554122925,0f074b4c75c57cc1fd114544a333ad6bfa1cefd2bd031c1cd90da9d3955bf29b
1,linear,9,1000,800,200,10000,10000,0.5,92,31260913,31760913,1031760913,2031260913,3031260913,0.034423688955258484,0.5129367848762277,0.5131673381947536,0.00021005606009010503,0.26310414527916154,1.3257825318425948e-05,-0.00010069966033730695,0.26334071698988853,5.551115123125783e-17,6.246307684421026e-07,644,0.005,1,1,0.9690436720848083,1.0,-0.03095632791519165,0.03095632791519165,-0.9849435687065125,-1.0,0.015056431293487549,0.015056431293487549,0.5142648284353427,0.5650376620504409,0.601227720296097,0.557144284248352,5b63d14a1036115450539a0b0f1ba93c71212117862f85257c01ca58ffd2df2d
1,linear,9,1000,800,200,10000,10000,0.5,93,31260913,31760913,1031760913,2031260913,3031260913,0.03567735530836148,0.4914756628121173,0.4933275819987487,0.000287004945612863,0.24154832713661004,0.0007683855392546285,-0.0063546176866611116,0.24337210316073216,0.0,5.298634029315963e-07,651,0.005,1,1,0.965933084487915,1.0,-0.03406691551208496,0.03406691551208496,-0.9894019365310669,-1.0,0.010598063468933105,0.010598063468933105,0.5019717562929776,0.568022470059036,0.5993143513763193,0.5576319694519043,b02e7e553437cb3970b8000f7407ff0ddce7cb67a5477f1854d49c182c72451c
1,linear,9,1000,800,200,10000,10000,0.5,94,31260913,31760913,1031760913,2031260913,3031260913,0.036046260466858264,0.5341103936651271,0.5351385149100937,0.00031633299167821037,0.2852739126211171,0.0003914922636926167,-0.002741636100718957,0.28637323014018057,0.0,4.7212462028767277e-07,658,0.005,1,1,0.9652637839317322,1.0,-0.03473621606826782,0.03473621606826782,-0.9903704524040222,-1.0,0.009629547595977783,0.009629547595977783,0.5006255888034143,0.5752474920684315,0.6055367007909106,0.5659826993942261,1d3c97fade84fbb4ee758efc2655983ba589969d84ed105a810fd724a52a2a6e
1,linear,9,1000,800,200,10000,10000,0.5,95,31260913,31760913,1031760913,2031260913,3031260913,0.03129899855522546,0.5890449849120604,0.5854500304346508,0.00024880877828000603,0.34697399425004943,-0.00223553244619791,0.012876645351057292,0.3427517381359336,0.0,5.548060197924087e-07,665,0.005,1,1,0.9697052836418152,1.0,-0.030294716358184814,0.030294716358184814,-0.9921350479125977,-1.0,0.007864952087402344,0.007864952087402344,0.5189291518076634,0.5859832709175161,0.6126109213329574,0.5762563943862915,06b1cb126321e7d8e2716e9ed6c1eb704fccb2141a6ee712f14b2ec420185e76
1,linear,9,1000,800,200,10000,10000,0.5,96,31260913,31760913,1031760913,2031260913,3031260913,0.03319967045851241,0.5390292084057767,0.5463906731132224,0.000477817691729085,0.2905524875145583,0.0037562312294164017,-0.025813333953341518,0.2985427676651202,0.0,5.125567881236748e-07,672,0.005,1,1,0.966851532459259,1.0,-0.03314846754074097,0.03314846754074097,-0.9981568455696106,-1.0,0.0018431544303894043,0.0018431544303894043,0.5159407223166074,0.5770816750073474,0.6081596837480493,0.5694852471351624,656f73b06a9331fcd44555922f32cc91196210c8e305255482cdad94c0aaf2bd
1,linear,9,1000,800,200,10000,10000,0.5,97,31260913,31760913,1031760913,2031260913,3031260913,0.026532312797313003,0.5267017996586795,0.5245857207715405,0.00022913941170572895,0.2774147857636917,-0.001226873369000347,0.008837746896319002,0.27519017843739674,0.0,5.150100879092179e-07,679,0.005,1,1,0.973816454410553,1.0,-0.02618354558944702,0.02618354558944702,-0.995712161064148,-1.0,0.004287838935852051,0.004287838935852051,0.49878738190473987,0.5820708520619361,0.6028688685809771,0.5749516487121582,caa70acc57f4d546f6ec4e66f0770f156cc81d46d0506dc99dae01e2cc706ffc
1,linear,9,1000,800,200,10000,10000,0.5,98,31260913,31760913,1031760913,2031260913,3031260913,0.020589816955144894,0.581377032033798,0.5774659454969927,0.00018358179452177245,0.3379992533764278,-0.002357958481106923,0.013944873813095735,0.33346691820873575,5.551115123125783e-17,6.149323539261786e-07,686,0.005,1,1,0.9794424176216125,1.0,-0.02055758237838745,0.02055758237838745,-0.9988483190536499,-1.0,0.0011516809463500977,0.0011516809463500977,0.5058807885840014,0.5952271626835436,0.6126541654381766,0.5884646773338318,7c9a016387e291539097911ba9582c9b1e342d44c9b236edcbe78c963ef5b62d
1,linear,9,1000,800,200,10000,10000,0.5,99,31260913,31760913,1031760913,2031260913,3031260913,0.022028128320550393,0.5567503550443101,0.5650958391572056,0.0004692181612623523,0.30997095784196543,0.004446565714779298,-0.028646844438930258,0.3193333074327864,0.0,4.233161643441008e-07,693,0.005,1,1,0.9791898727416992,1.0,-0.02081012725830078,0.02081012725830078,-1.00722336769104,-1.0,-0.007223367691040039,0.007223367691040039,0.5178178701846828,0.5898051969193233,0.6119871376896768,0.5818620324134827,9dd727b1e0d22e1c5fa3bcb1d82ee0e621e5029c461392c4eab9840199d0ea94
1,linear,9,1000,800,200,10000,10000,0.5,100,31260913,31760913,1031760913,2031260913,3031260913,0.012284976482947818,0.5692035423394306,0.5637381027447748,0.00019835759094226626,0.323992672611756,-0.003195190858210005,0.01971177830683491,0.31780064848627826,0.0,5.660090192094458e-07,700,0.005,1,1,0.9897512197494507,1.0,-0.010248780250549316,0.010248780250549316,-1.0067737102508545,-1.0,-0.006773710250854492,0.006773710250854492,0.5045755894196623,0.5829263530774454,0.6092989491040012,0.5763778686523438,42a0cd56eb43e6ef6912fc2508bdebf5eccea197495419ed4d8c37fb5814dff3
1,linear,9,1000,800,200,10000,10000,0.5,101,31260913,31760913,1031760913,2031260913,3031260913,0.015265177809085465,0.5156046229218955,0.513008930995328,0.00038028611988687037,0.26584812717843004,-0.0015251250086738628,0.011457267012029362,0.2631781632809692,0.0,5.474797255544672e-07,707,0.005,1,1,0.9912382364273071,1.0,-0.008761763572692871,0.008761763572692871,-1.012500286102295,-1.0,-0.012500286102294922,0.012500286102294922,0.4919684784203133,0.5706715307672502,0.6012329657898272,0.5637108087539673,0a0a6df9540f2d8139f7bcf65415d2687c9bc3736b90328b6c64d82473d98aa7
1,linear,9,1000,800,200,10000,10000,0.5,102,31260913,31760913,1031760913,2031260913,3031260913,0.020755318215132674,0.5193222648773429,0.5234761893501808,0.0006996721323583169,0.2696956147973331,0.0018160169434474533,-0.013432312109194836,0.2740273208165864,0.0,5.251908081760348e-07,714,0.005,1,1,0.987754762172699,1.0,-0.012245237827301025,0.012245237827301025,-1.0167582035064697,-1.0,-0.016758203506469727,0.016758203506469727,0.4975926315730825,0.5749812998081505,0.6036806690055156,0.5653253793716431,441d1bb60c4a075a3140c0ed1f24d748466d5ad3c8bbffc230fad1b78b47cdc1
1,linear,9,1000,800,200,10000,10000,0.5,103,31260913,31760913,1031760913,2031260913,3031260913,0.019194911959503264,0.5864306975815532,0.5793784563048279,0.0006093220520530627,0.34390096306598716,-0.004415444743937464,0.025633166466566253,0.3356793956301653,0.0,5.606923032530631e-07,721,0.005,1,1,0.9905495643615723,1.0,-0.009450435638427734,0.009450435638427734,-1.0167073011398315,-1.0,-0.016707301139831543,0.016707301139831543,0.4957600940427305,0.582360279222783,0.6121914543186672,0.5754455327987671,01c6abff0855b1bd0db5b68e7a07d18b60fade04f4294835ae8da482fb3667af
1,linear,9,1000,800,200,10000,10000,0.5,104,31260913,31760913,1031760913,2031260913,3031260913,0.025099578389735706,0.526576771997906,0.5309382227510626,0.0010422733664344755,0.27728309680773466,0.0017850131019439398,-0.012826808428041776,0.281895396378057,0.0,5.871520016853538e-07,728,0.005,1,1,0.9878489971160889,1.0,-0.012151002883911133,0.012151002883911133,-1.021962285041809,-1.0,-0.021962285041809082,0.021962285041809082,0.4945154681091955,0.5741009627701764,0.6049552902987674,0.5638048648834229,6faf04605afb2f9c10d34e530223ff480b3135b591214b750546434bccb1e95c
1,linear,9,1000,800,200,10000,10000,0.5,105,31260913,31760913,1031760913,2031260913,3031260913,0.02677485895379522,0.5508074002390556,0.5456582089958786,0.0011757142245309598,0.30338879215810716,-0.0034108126690240935,0.022397965603640865,0.2977428810445899,0.0,5.187713938425986e-07,735,0.005,1,1,0.9899305105209351,1.0,-0.010069489479064941,0.010069489479064941,-1.0248092412948608,-1.0,-0.02480924129486084,0.02480924129486084,0.4893206995110283,0.5765246777037536,0.6064555326519884,0.569517195224762,65da56d7a776ce2fc797786169f546922cc5c6b2b75ddd226e3fe3b1f0c9a42e
1,linear,9,1000,800,200,10000,10000,0.5,106,31260913,31760913,1031760913,2031260913,3031260913,0.027216675724715107,0.5825932921180511,0.5709044443401821,0.0011899072190333503,0.33941494402094885,-0.007336483336305072,0.04307914763748305,0.3259318845673721,5.551115123125783e-17,5.744989959310942e-07,742,0.005,1,1,0.991852879524231,1.0,-0.008147120475769043,0.008147120475769043,-1.0259686708450317,-1.0,-0.02596867084503174,0.02596867084503174,0.49449160892874106,0.5847846844473329,0.6106968699328396,0.578055202960968,a7d00d462459eb0f3d6aef6e7a3f039b47ed26a0d1f819d99e7b4c56f1832899
1,linear,9,1000,800,200,10000,10000,0.5,107,31260913,31760913,1031760913,2031260913,3031260913,0.03397964710882298,0.542045710567802,0.5518434044756697,0.0018604804632458701,0.29381355234495343,0.0044285551275491455,-0.029955658165097668,0.30453114306329754,-5.551115123125783e-17,4.570844023277232e-07,749,0.005,1,1,0.9895147681236267,1.0,-0.010485231876373291,0.010485231876373291,-1.0323214530944824,-1.0,-0.03232145309448242,0.03232145309448242,0.4985723515775897,0.5750946457565557,0.609165144372253,0.5670337677001953,f72f3a18d9d0fbeffcbbd5573cae0ef0c22a8c258879e8bbb4a49aefb79ae5b7
1,linear,9,1000,800,200,10000,10000,0.5,108,31260913,31760913,1031760913,2031260913,3031260913,0.03077338284256155,0.6119345967197917,0.5961052535514728,0.0013557310099162636,0.3744639506626141,-0.010239104180432335,0.05448945161607664,0.3553414733116657,0.0,6.057657451208343e-07,756,0.005,1,1,0.9973199367523193,1.0,-0.002680063247680664,0.002680063247680664,-1.0306564569473267,-1.0,-0.03065645694732666,0.03065645694732666,0.5001807140593503,0.5846140177918879,0.615589846271805,0.5768136978149414,e7497c97d36e6608aae647dadc85dcf1c4ae340b645a26669bafe319ae3e3090
1,linear,9,1000,800,200,10000,10000,0.5,109,31260913,31760913,1031760913,2031260913,3031260913,0.03629127863391692,0.5530765587746822,0.5598852561764669,0.0019052392722189943,0.30589367986604454,0.002836290472762228,-0.018429502486252487,0.313471500083788,0.0,5.294323486282337e-07,763,0.005,1,1,0.9963210225105286,1.0,-0.0036789774894714355,0.0036789774894714355,-1.0361043214797974,-1.0,-0.03610432147979736,0.03610432147979736,0.49239266895898404,0.5763476247144862,0.6106923470160279,0.5666139721870422,37e337fae6e0227b51c5acdac96784bb3477c193fafdf18f2d8ca5d7f2f87100
1,linear,9,1000,800,200,10000,10000,0.5,110,31260913,31760913,1031760913,2031260913,3031260913,0.03381139183961058,0.5943722905239508,0.582901614481626,0.0014494167012210674,0.35327841974268775,-0.007476772139311334,0.04215497838717597,0.33977429216528615,0.0,5.622592293974549e-07,770,0.005,1,1,1.0017136335372925,1.0,0.0017136335372924805,0.0017136335372924805,-1.0337679386138916,-1.0,-0.0337679386138916,0.0337679386138916,0.48901334188313195,0.5826552250890422,0.6124172337670081,0.5751258730888367,43d81a8369355f950f1bf2cbd83c112351868bca0c9c70ca7ca18f8ef90c9638
1,linear,9,1000,800,200,10000,10000,0.5,111,31260913,31760913,1031760913,2031260913,3031260913,0.03793224848258391,0.5726145105482784,0.5638222682068655,0.0018509662592974092,0.32788737769044446,-0.0059213969119036565,0.03591573149167138,0.31789555012593457,0.0,6.348739152173266e-07,777,0.005,1,1,1.0013771057128906,1.0,0.001377105712890625,0.001377105712890625,-1.0379072427749634,-1.0,-0.03790724277496338,0.03790724277496338,0.48184422173604136,0.5799516213583068,0.6096656485323021,0.5722497701644897,7301a11472f6de026c12a752b2b651519e1e2a9f096ce0ad87d0438941d06981
1,linear,9,1000,800,200,10000,10000,0.5,112,31260913,31760913,1031760913,2031260913,3031260913,0.04223930034987566,0.5448020748485642,0.5483815306779921,0.0023547944586541645,0.2968093007593006,0.0007791039853914365,-0.0052085393791913666,0.3007223031887376,-5.551115123125783e-17,4.6061807879027583e-07,784,0.005,1,1,1.000412940979004,1.0,0.00041294097900390625,0.00041294097900390625,-1.0422372817993164,-1.0,-0.042237281799316406,0.042237281799316406,0.4861823708870444,0.5719320883422631,0.6084097808890276,0.5633896589279175,f4153284394cf99f3ed889b24db61d2401245e3a92b19b7183c24c74798496b6
1,linear,9,1000,800,200,10000,10000,0.5,113,31260913,31760913,1031760913,2031260913,3031260913,0.043765440289246796,0.5788832397407595,0.5658410492831825,0.0023670603504267833,0.3351058052527576,-0.008648386274645694,0.051253817157642836,0.32017609305389294,-5.551115123125783e-17,5.423556217465375e-07,791,0.005,1,1,1.0032809972763062,1.0,0.0032809972763061523,0.0032809972763061523,-1.043642282485962,-1.0,-0.043642282485961914,0.043642282485961914,0.4817814141034933,0.5773024133053282,0.610848222795987,0.5711342692375183,a9dc02f7b59475308894375fd2dce0a236bff4cbe43863493924293032ea70d4
1,linear,9,1000,800,200,10000,10000,0.5,114,31260913,31760913,1031760913,2031260913,3031260913,0.04754047117856306,0.593725562942802,0.5810302156821548,0.002646831545258797,0.3525100440917472,-0.008780382050677321,0.049445091186416774,0.33759611153565133,0.0,6.074379612641678e-07,798,0.005,1,1,1.0058109760284424,1.0,0.005810976028442383,0.005810976028442383,-1.0471839904785156,-1.0,-0.047183990478515625,0.047183990478515625,0.4817998703855247,0.5837829600615929,0.6131904727959205,0.5770819187164307,5ad1d0b197c74adfc69ab617f2c777d439590737f400e02708af1fd14e0c129f
1,linear,9,1000,800,200,10000,10000,0.5,115,31260913,31760913,1031760913,2031260913,3031260913,0.049535716719694416,0.6047042297529616,0.5911832234898428,0.0027954581158080366,0.3656672054811226,-0.009482529930544619,0.05147077773349522,0.3494976037358414,0.0,5.813426415812728e-07,805,0.005,1,1,1.0071730613708496,1.0,0.007173061370849609,0.007173061370849609,-1.049013614654541,-1.0,-0.049013614654541016,0.049013614654541016,0.4806475057269398,0.5835660917403948,0.6150866036311159,0.578534722328186,6204312e1e143f3cf68fa85e308d093f19813dd6fda95b2659c4488425c223a5
1,linear,9,1000,800,200,10000,10000,0.5,116,31260913,31760913,1031760913,2031260913,3031260913,0.05298367628187044,0.5508791604133256,0.5513499718066364,0.0033699107725683334,0.3034678493776905,-0.0014254843695400456,0.009291453365074651,0.30398679141117874,0.0,5.611715145903418e-07,812,0.005,1,1,1.0053554773330688,1.0,0.005355477333068848,0.005355477333068848,-1.052712321281433,-1.0,-0.052712321281433105,0.052712321281433105,0.48127666487533033,0.5716248267635541,0.608892366951734,0.5645022392272949,3e49647e71a5362fc9ef0001a12eaa9b41556f3cec77f938cbe29d82bb77245e
1,linear,9,1000,800,200,10000,10000,0.5,117,31260913,31760913,1031760913,2031260913,3031260913,0.05591052819933399,0.5752740469367814,0.5878535912561028,0.003827627559967978,0.33094022907902215,0.005401994056853545,-0.03227307490682413,0.34557184475269725,5.551115123125783e-17,5.194243914985464e-07,819,0.005,1,1,1.0046637058258057,1.0,0.004663705825805664,0.004663705825805664,-1.0557156801223755,-1.0,-0.05571568012237549,0.05571568012237549,0.492034611961913,0.5788244782141525,0.6162151565787473,0.5695778727531433,e299e0207dbc808334684eaeefbe1c0842b3143bf65599b266ee475423a3df64
1,linear,9,1000,800,200,10000,10000,0.5,118,31260913,31760913,1031760913,2031260913,3031260913,0.05521231530964612,0.6397740121612946,0.6188072061393399,0.0032352233306294467,0.40931078663696036,-0.014811825798807104,0.071806903671039,0.38292235836997557,0.0,6.077317404873384e-07,826,0.005,1,1,1.0109567642211914,1.0,0.010956764221191406,0.010956764221191406,-1.0541142225265503,-1.0,-0.05411422252655029,0.05411422252655029,0.48652798932082947,0.5854027129193355,0.6201788014849835,0.5793485045433044,60677089cb4971c6577c5e661d49ba011ab5bbad24c929c636b89297e60e851f
1,linear,9,1000,800,200,10000,10000,0.5,119,31260913,31760913,1031760913,2031260913,3031260913,0.058969042609219896,0.5794641272087003,0.5740442360593818,0.0034999739103217914,0.3357786747217409,-0.004875931839531739,0.028742933628101885,0.32952678495299925,5.551115123125783e-17,5.700824932119986e-07,833,0.005,1,1,1.0138622522354126,1.0,0.013862252235412598,0.013862252235412598,-1.057316541671753,-1.0,-0.05731654167175293,0.05731654167175293,0.47800406092192543,0.5848747759975539,0.6124631751138458,0.5741481184959412,d18420038438806fe4bb1f48b3b1a510e8bef94e8e1c291fa5df45aaf19c281a
1,linear,9,1000,800,200,10000,10000,0.5,120,31260913,31760913,1031760913,2031260913,3031260913,0.06176664352882366,0.5905089758466171,0.5904450617051948,0.003607625905475301,0.34870085055542066,-0.0018415527844222999,0.010454206511983827,0.34862537089205137,0.0,5.450134299422871e-07,840,0.005,1,1,1.0169870853424072,1.0,0.016987085342407227,0.016987085342407227,-1.059384822845459,-1.0,-0.059384822845458984,0.059384822845458984,0.4764939236855355,0.578857865292822,0.6159571957282372,0.5713554620742798,147230beca49154262ef040eea35212bfe726d20bc2ea811db2fc18e03536bd9
1,linear,9,1000,800,200,10000,10000,0.5,121,31260913,31760913,1031760913,2031260913,3031260913,0.06145057364765355,0.6379309392582816,0.6200829659006872,0.0033422193213880833,0.4069558832629534,-0.012897608992074322,0.0628694547249244,0.38450288460019283,0.0,5.525319437538201e-07,847,0.005,1,1,1.0193034410476685,1.0,0.019303441047668457,0.019303441047668457,-1.0583399534225464,-1.0,-0.05833995342254639,0.05833995342254639,0.48001079603521724,0.589810720577858,0.6207745294165404,0.5833854675292969,f89c75a13ef284fa8a04c80329b911377b2d909311f18d4d8bffeded8b7a2152
1,linear,9,1000,800,200,10000,10000,0.5,122,31260913,31760913,1031760913,2031260913,3031260913,0.06394169721860232,0.5991579825880387,0.5890017432238618,0.0036253277502895608,0.3589902880989684,-0.007846281164254936,0.04327602464598047,0.346923053520748,-1.1102230246251565e-16,5.604704327311083e-07,854,0.005,1,1,1.020019292831421,1.0,0.0200192928314209,0.0200192928314209,-1.0607270002365112,-1.0,-0.06072700023651123,0.06072700023651123,0.4727499105998494,0.5795858857499873,0.614735190047481,0.5746191143989563,ef5a6f622d7ec21896f75497a638871884cc34a2fa56a41d627accfde220c38b
1,linear,9,1000,800,200,10000,10000,0.5,123,31260913,31760913,1031760913,2031260913,3031260913,0.06479689527769537,0.5996972332456253,0.5917417109175314,0.003728530102744022,0.3596367715624579,-0.006603524612797332,0.036346478777886715,0.35015825243960724,0.0,5.918362582235659e-07,861,0.005,1,1,1.0202317237854004,1.0,0.02023172378540039,0.02023172378540039,-1.061557412147522,-1.0,-0.06155741214752197,0.06155741214752197,0.47051244867053144,0.5846730805709477,0.6160817697292832,0.5763399600982666,42ec957408776b7abbdc384b815e31b6c8c8a1b26f5bbb46e1beead240eac302
1,linear,9,1000,800,200,10000,10000,0.5,124,31260913,31760913,1031760913,2031260913,3031260913,0.06560687770880505,0.6571668968755461,0.6370221631718342,0.003991423509643458,0.43186833034903466,-0.015031258743277584,0.06897291438452598,0.405797236372123,5.551115123125783e-17,6.489349875238304e-07,868,0.005,1,1,1.018822193145752,1.0,0.018822193145751953,0.018822193145751953,-1.0628489255905151,-1.0,-0.06284892559051514,0.06284892559051514,0.4749471493727338,0.5934532628921017,0.6238106066593022,0.5876260995864868,d6c06fd7255a66b1ff1f97feb71f1c9c3f21274478aca97f83919765f861f8e9
1,linear,9,1000,800,200,10000,10000,0.5,125,31260913,31760913,1031760913,2031260913,3031260913,0.07234355186989387,0.5704101810718367,0.5691943285584943,0.005151415237288801,0.3253677746704055,-0.003268503122269564,0.01977799306105267,0.3239821836631552,0.0,6.079886851750871e-07,875,0.005,1,1,1.018066167831421,1.0,0.0180661678314209,0.0180661678314209,-1.0700514316558838,-1.0,-0.07005143165588379,0.07005143165588379,0.4714052022649301,0.5801582549490228,0.611333845536462,0.5727707147598267,eb94d0fb190a13bb598f103b5ef3f863f626c16e72958357d07e78a19ada2666
1,linear,9,1000,800,200,10000,10000,0.5,126,31260913,31760913,1031760913,2031260913,3031260913,0.07685216813656796,0.6040207490642042,0.6261618675574914,0.006274065247463227,0.36484106530008237,0.010481776917769864,-0.05648800630847352,0.39207868438308535,5.551115123125783e-17,5.182736799724807e-07,882,0.005,1,1,1.0151997804641724,1.0,0.015199780464172363,0.015199780464172363,-1.075334072113037,-1.0,-0.07533407211303711,0.07533407211303711,0.49710227483325425,0.5888035583882802,0.6234434466184311,0.5817934274673462,bcbaea9332975d4dcbb181cbb277b628b7f80efff56764fbdc95e05da381ba2c
1,linear,9,1000,800,200,10000,10000,0.5,127,31260913,31760913,1031760913,2031260913,3031260913,0.07730551217550205,0.6646504121769958,0.6381803968701977,0.006031025607954685,0.44176017040705046,-0.020258488532801124,0.09048185276122435,0.40727421894940297,5.551115123125783e-17,6.313422105108657e-07,889,0.005,1,1,1.018035650253296,1.0,0.0180356502532959,0.0180356502532959,-1.0751721858978271,-1.0,-0.07517218589782715,0.07517218589782715,0.47442725042851935,0.5909896795192613,0.6234904873209863,0.5855478048324585,b1f0a863a5f0cefa3ca3fbf7d202a0aec567281295dc6998924a68ac68735531
1,linear,9,1000,800,200,10000,10000,0.5,128,31260913,31760913,1031760913,2031260913,3031260913,0.08002359565687714,0.7274002095791443,0.6951058336243785,0.00613942819127286,0.5291110648957831,-0.026039186574206872,0.09729719789336737,0.48317211993864223,0.0,5.77350011354838e-07,896,0.005,1,1,1.0213247537612915,1.0,0.021324753761291504,0.021324753761291504,-1.0771299600601196,-1.0,-0.07712996006011963,0.07712996006011963,0.48542273061273933,0.6006329232081868,0.6340653954084666,0.5957551002502441,102e64290c3a95973218c0dab2a79a888e97021dc0dde190a21c4a83d9e9cdfe
1,linear,9,1000,800,200,10000,10000,0.5,129,31260913,31760913,1031760913,2031260913,3031260913,0.08568626396405904,0.6213169523161899,0.644822362284604,0.007593631644824439,0.3860347552354786,0.011083746010996978,-0.05631578605822141,0.415795878902297,0.0,4.5649880142661914e-07,903,0.005,1,1,1.0185611248016357,1.0,0.018561124801635742,0.018561124801635742,-1.0836517810821533,-1.0,-0.08365178108215332,0.08365178108215332,0.4960814263202484,0.5935509607217467,0.6268534696496632,0.5860888957977295,6119805767cc17f775b88615bc63a1d20ad3066942fdd2e41a162d1e9d2c10e4
1,linear,9,1000,800,200,10000,10000,0.5,130,31260913,31760913,1031760913,2031260913,3031260913,0.08511677866794526,0.6187266357308314,0.5999114210582395,0.006643721870033306,0.3828226497627929,-0.014786329258354962,0.07593122454379676,0.3598937131161163,0.0,5.964516098799777e-07,910,0.005,1,1,1.0249862670898438,1.0,0.02498626708984375,0.02498626708984375,-1.081366777420044,-1.0,-0.08136677742004395,0.08136677742004395,0.46568554798442746,0.584924725677302,0.6171196088236776,0.5781861543655396,3f937b9d7c8ae37801a13e78ebb419dd75fcfa8a6bbeb7ab1eb1ec19a59472e1
1,linear,9,1000,800,200,10000,10000,0.5,131,31260913,31760913,1031760913,2031260913,3031260913,0.08766699877746005,0.6337648752934735,0.6178683049243586,0.006795168240595932,0.40165791715575205,-0.013345921583123874,0.06534861437108978,0.3817612422301002,-5.551115123125783e-17,5.946127661360379e-07,917,0.005,1,1,1.0275909900665283,1.0,0.02759099006652832,0.02759099006652832,-1.0832120180130005,-1.0,-0.08321201801300049,0.08321201801300049,0.46772090474851497,0.5827239116559828,0.6204838335332883,0.5781320333480835,6fac6bf165c3bab3a465f69d856a44b343441b29a67be4962dbbcdbe9668f97b
1,linear,9,1000,800,200,10000,10000,0.5,132,31260913,31760913,1031760913,2031260913,3031260913,0.08898897709056151,0.6684291485014998,0.6416818726522664,0.006941153920666754,0.4467975265664401,-0.020991527398293748,0.09252694690150062,0.41175562569051943,5.551115123125783e-17,5.983302990841821e-07,924,0.005,1,1,1.0284433364868164,1.0,0.028443336486816406,0.028443336486816406,-1.0843209028244019,-1.0,-0.08432090282440186,0.08432090282440186,0.46855319812803325,0.5923980982924649,0.6242549817187484,0.587141752243042,26438c569197f898d8d23571efc2cc349ff2f17e6310a1bfbcc957f90463ef4c
1,linear,9,1000,800,200,10000,10000,0.5,133,31260913,31760913,1031760913,2031260913,3031260913,0.09237242031520107,0.6381791579059594,0.6520755734813756,0.008006356212251767,0.40727263758555937,0.004961779866626824,-0.02389612737812878,0.4252025535310648,0.0,5.555365749643215e-07,931,0.005,1,1,1.0258421897888184,1.0,0.02584218978881836,0.02584218978881836,-1.0886839628219604,-1.0,-0.08868396282196045,0.08868396282196045,0.48202619083930465,0.5876652695065198,0.627647920317304,0.5800278186798096,7edec5605cb2f5565e6b6c7563c8696e9b1c9becfdc97762552aa43de1d46d68
1,linear,9,1000,800,200,10000,10000,0.5,134,31260913,31760913,1031760913,2031260913,3031260913,0.09300278851298739,0.6389528677561506,0.6372582805866946,0.008078697338972521,0.4082607672138089,-0.005120674188235456,0.024598552980010777,0.4060981161763105,-5.551115123125783e-17,5.861956662300827e-07,938,0.005,1,1,1.0262788534164429,1.0,0.02627885341644287,0.02627885341644287,-1.0892128944396973,-1.0,-0.08921289443969727,0.08921289443969727,0.4705650926218339,0.5874820380627783,0.6236363241721441,0.5774835348129272,e839c4c70960147ed0772886f52a61f6a00d715181d30d42f6cec9a61c4a2553
1,linear,9,1000,800,200,10000,10000,0.5,135,31260913,31760913,1031760913,2031260913,3031260913,0.09270562320673008,0.6666220098421957,0.6432774598631896,0.007546104697757403,0.44438490400604835,-0.019062559167884054,0.08436048335146482,0.41380589036803755,-1.1102230246251565e-16,6.495048108234869e-07,945,0.005,1,1,1.029541015625,1.0,0.029541015625,0.029541015625,-1.0878729820251465,-1.0,-0.08787298202514648,0.08787298202514648,0.46595270353292073,0.5899366513775963,0.6243604464358535,0.5822700262069702,69106f20e43a903223c63cca732e423cc77c0139d9d3a642a5d8f8e57772bd4d
1,linear,9,1000,800,200,10000,10000,0.5,136,31260913,31760913,1031760913,2031260913,3031260913,0.09385064412542783,0.6871306674644562,0.6612697999350968,0.007484860761225217,0.47214855417014906,-0.02117783331258559,0.08830841494067174,0.43727774830620303,-1.1102230246251565e-16,6.281194124824196e-07,952,0.005,1,1,1.0316030979156494,1.0,0.031603097915649414,0.031603097915649414,-1.088369607925415,-1.0,-0.08836960792541504,0.08836960792541504,0.467634457614765,0.5933579473061004,0.6285131603437403,0.5888255834579468,fe4aabf9982f155520246d464ce3183136e1551d90c4a82f1c4c3f62caa51ebd
1,linear,9,1000,800,200,10000,10000,0.5,137,31260913,31760913,1031760913,2031260913,3031260913,0.09847114614656587,0.6028976823678303,0.6120319469416077,0.008397230676583687,0.3634856154045012,0.0013501289980250458,-0.0072610447739268145,0.3745831040771349,-1.1102230246251565e-16,5.93620425703989e-07,959,0.005,1,1,1.0321376323699951,1.0,0.03213763236999512,0.03213763236999512,-1.0930792093276978,-1.0,-0.09307920932769775,0.09307920932769775,0.4733434963504452,0.5882367332430352,0.6199891734262214,0.5808846354484558,fd722a50e4def2c63aed15aa8b8b6b6c4c6bf926d0a862b6fe0fccde5d3d4c4b
1,linear,9,1000,800,200,10000,10000,0.5,138,31260913,31760913,1031760913,2031260913,3031260913,0.09776018391920373,0.6477370829645007,0.632783177457668,0.007857405797571305,0.4195633286473605,-0.013503092385754673,0.06318407740930214,0.4004145496734225,0.0,5.496174679819887e-07,966,0.005,1,1,1.0346428155899048,1.0,0.034642815589904785,0.034642815589904785,-1.0914162397384644,-1.0,-0.09141623973846436,0.09141623973846436,0.4611875586579117,0.5846327040043394,0.6231511590621459,0.5797451138496399,43a5a31f89467d1461487ec78af35be2fcb936ac7f54b39a5e934b5924c8d400
1,linear,9,1000,800,200,10000,10000,0.5,139,31260913,31760913,1031760913,2031260913,3031260913,0.09906819505314403,0.6600302446500109,0.637238306320147,0.00750628987306756,0.43563992385275324,-0.018536777342025686,0.08365987011905097,0.4060726590417695,5.551115123125783e-17,5.724860017153333e-07,973,0.005,1,1,1.0387197732925415,1.0,0.038719773292541504,0.038719773292541504,-1.0911881923675537,-1.0,-0.09118819236755371,0.09118819236755371,0.4645401474920556,0.594863063696274,0.6240679436288494,0.5873928666114807,787ab7f4744c2967fbf32f19ea27b0b1be27bc7766073cf645e94c9896682afc
1,linear,9,1000,800,200,10000,10000,0.5,140,31260913,31760913,1031760913,2031260913,3031260913,0.10154671859936437,0.7062027035184009,0.6846961172318163,0.00733536195419413,0.4987222584566984,-0.018624423729283683,0.07360594121342,0.4688087729523252,5.551115123125783e-17,5.679477226294694e-07,980,0.005,1,1,1.0431398153305054,1.0,0.04313981533050537,0.04313981533050537,-1.0919276475906372,-1.0,-0.09192764759063721,0.09192764759063721,0.46130636303621386,0.5987122769863197,0.6324529123036122,0.5934541821479797,729f9362d7ec65b9e8e0b22045863313a7b4358c7ab27f26b32ab69f50a71d71
1,linear,9,1000,800,200,10000,10000,0.5,141,31260913,31760913,1031760913,2031260913,3031260913,0.10497711186817309,0.6298341101225902,0.6389987678904903,0.008152938670844606,0.39669100627391507,0.0017377402104025493,-0.008584741019849816,0.4083194253655647,-5.551115123125783e-17,5.339108053448172e-07,987,0.005,1,1,1.0426969528198242,1.0,0.04269695281982422,0.04269695281982422,-1.0959018468856812,-1.0,-0.09590184688568115,0.09590184688568115,0.4706209314727714,0.5860766773780314,0.6248991261635083,0.5787966251373291,83092f89b64fdec6a8230324536a62981992e77b16aa961e2cf42b93aa372d03
1,linear,9,1000,800,200,10000,10000,0.5,142,31260913,31760913,1031760913,2031260913,3031260913,0.10741521701418041,0.6354343978532265,0.63189147800324,0.007897589039969621,0.4037768739750926,-0.006193811520971554,0.03009082212974156,0.39928683997311915,5.551115123125783e-17,5.742715121215269e-07,994,0.005,1,1,1.0474729537963867,1.0,0.04747295379638672,0.04747295379638672,-1.0963553190231323,-1.0,-0.09635531902313232,0.09635531902313232,0.45925170393451475,0.5825936360069295,0.6230193375537149,0.5763001441955566,ac69d063cafcd36785e2208669df2bcc48cf0b0e1099758095984bd06bfcd7a5
1,linear,9,1000,800,200,10000,10000,0.5,143,31260913,31760913,1031760913,2031260913,3031260913,0.10958332477515778,0.7056421640582488,0.67758593794351,0.007333283835953362,0.4979308636968084,-0.023070722116987862,0.09132142951224118,0.45912270329878613,1.1102230246251565e-16,6.475334100031205e-07,1001,0.005,1,1,1.053623914718628,1.0,0.05362391471862793,0.05362391471862793,-1.0955666303634644,-1.0,-0.09556663036346436,0.09556663036346436,0.46511390218904053,0.5980075108328338,0.6316642166679006,0.5911178588867188,b80ff00dc9a87fbee1dca6dcf90b14f43fdccd1eafdef42c256fab4ef28f1957
1,linear,9,1000,800,200,10000,10000,0.5,144,31260913,31760913,1031760913,2031260913,3031260913,0.1123638077764738,0.6919349483985738,0.6771997801384356,0.007581060359492923,0.478773972815337,-0.013877745477642119,0.0570683740519798,0.4585995422195456,-1.1102230246251565e-16,5.717442554953323e-07,1008,0.005,1,1,1.0557286739349365,1.0,0.05572867393493652,0.05572867393493652,-1.0975701808929443,-1.0,-0.09757018089294434,0.09757018089294434,0.45619034472667563,0.5904467029976874,0.6314187892906639,0.5853524208068848,a8535f00c01e57eb066e795f075e2ed8868a791e92f8bcfc9d5cd0872a52a82f
1,linear,9,1000,800,200,10000,10000,0.5,145,31260913,31760913,1031760913,2031260913,3031260913,0.11504562205690974,0.6399306539783148,0.6459276210775082,0.00853741146712821,0.40951124190111365,-0.00041308084869641346,0.0019762333659883724,0.417222491670849,-5.551115123125783e-17,5.29482406363968e-07,1015,0.005,1,1,1.053749442100525,1.0,0.0537494421005249,0.0537494421005249,-1.1017177104949951,-1.0,-0.10171771049499512,0.10171771049499512,0.4656619574093531,0.5852964321922289,0.6265594707004842,0.5772325992584229,849cbf2eb48778050395c0351af63433ddec4b619823370032864d3f64e9237e
1,linear,9,1000,800,200,10000,10000,0.5,146,31260913,31760913,1031760913,2031260913,3031260913,0.11508328489557774,0.6776551988454351,0.6623661720686554,0.008689766672147155,0.45921656852224624,-0.01458869464675485,0.062357329018398196,0.4387289459008836,-5.551115123125783e-17,5.689007718245875e-07,1022,0.005,1,1,1.052949070930481,1.0,0.05294907093048096,0.05294907093048096,-1.1021790504455566,-1.0,-0.10217905044555664,0.10217905044555664,0.4527368708506607,0.588414524475691,0.6289511891352606,0.582397997379303,ed5d6adc55232f465f69475c12a3202a5ed0e134d10d7fb058b386833b92d001
1,linear,9,1000,800,200,10000,10000,0.5,147,31260913,31760913,1031760913,2031260913,3031260913,0.11613026440451345,0.649684067462069,0.6375711420145268,0.00890523942933615,0.4220893875140582,-0.01224883290684318,0.056839840411522846,0.40649696112970796,-5.551115123125783e-17,5.891623064968599e-07,1029,0.005,1,1,1.053118348121643,1.0,0.053118348121643066,0.053118348121643066,-1.1032699346542358,-1.0,-0.10326993465423584,0.10326993465423584,0.454185663125388,0.5874472178247714,0.6237905718528997,0.5805075168609619,ece45071daf5c2e6dd35692494328afa43e419b682091f23ba79f0e4b8ac1277
1,linear,9,1000,800,200,10000,10000,0.5,148,31260913,31760913,1031760913,2031260913,3031260913,0.1191341343050868,0.6700587697656013,0.6761616603101389,0.009203273565765956,0.44897875493979117,-0.0004937188160967588,0.002155120827008913,0.4571945908733636,0.0,5.547501356062412e-07,1036,0.005,1,1,1.0553995370864868,1.0,0.055399537086486816,0.055399537086486816,-1.1054695844650269,-1.0,-0.10546958446502686,0.10546958446502686,0.464590804636803,0.5900330144430304,0.6316911176373246,0.5861361026763916,491f5da5f1524b2f75c0a6702f064ee2478cb6e98c6aa5a15c8246dc572c92d4
1,linear,9,1000,800,200,10000,10000,0.5,149,31260913,31760913,1031760913,2031260913,3031260913,0.11937600725825147,0.6417454297236923,0.6439005672751668,0.009117322350993138,0.41183719657124657,-0.003173289192479126,0.015076636785387771,0.4146079405372815,5.551115123125783e-17,5.372265334813164e-07,1043,0.005,1,1,1.0561755895614624,1.0,0.0561755895614624,0.0561755895614624,-1.1053324937820435,-1.0,-0.10533249378204346,0.10533249378204346,0.46025593946612064,0.5899227995072985,0.6252835188840574,0.5835489630699158,74c2eaf648c884a64c42e85e09d78c0e5df31662c9aa05189917d2342186b54a
1,linear,9,1000,800,200,10000,10000,0.5,150,31260913,31760913,1031760913,2031260913,3031260913,0.11882266157090916,0.713930226846525,0.6908759803492074,0.008539769609729042,0.5096963688051306,-0.02046325909569059,0.0789727214249551,0.4773096202234784,-5.551115123125783e-17,5.827024782689705e-07,1050,0.005,1,1,1.0585931539535522,1.0,0.058593153953552246,0.058593153953552246,-1.103371500968933,-1.0,-0.1033715009689331,0.1033715009689331,0.4557953978118002,0.5926984524814342,0.632941686899689,0.5891430974006653,34d0fc63892f6530184aaf65f08a50e314452942a24b21912d985ab9c57b89db
1,linear,9,1000,800,200,10000,10000,0.5,151,31260913,31760913,1031760913,2031260913,3031260913,0.12005235713385502,0.6693604872951147,0.6559408644840551,0.009019885568854373,0.4480434619519534,-0.013402464910359112,0.058645984120391396,0.43025841770008955,5.551115123125783e-17,6.37534490977032e-07,1057,0.005,1,1,1.0575716495513916,1.0,0.0575716495513916,0.0575716495513916,-1.1053473949432373,-1.0,-0.1053473949432373,0.1053473949432373,0.4502931520067145,0.5938117886379305,0.627244421830785,0.5881428122520447,d2bd92ef6c2008696b619ba7e3941ed36532162a00dc2e4f0cb753d966b418b0
1,linear,9,1000,800,200,10000,10000,0.5,152,31260913,31760913,1031760913,2031260913,3031260913,0.1199547733167238,0.6775518736428547,0.6681751242802879,0.009134081327465697,0.45907654147694293,-0.01087631304871522,0.04645906145217348,0.44645799670697817,0.0,5.627949288822265e-07,1064,0.005,1,1,1.0568331480026245,1.0,0.05683314800262451,0.05683314800262451,-1.1056368350982666,-1.0,-0.1056368350982666,0.1056368350982666,0.45099362711691393,0.5942356684451159,0.6295966763284816,0.5901241898536682,95b820710d47c8101022266e45bab0e2a3fe2a1ea52b7b0da23059ca5aafab02
1,linear,9,1000,800,200,10000,10000,0.5,153,31260913,31760913,1031760913,2031260913,3031260913,0.1181983010409299,0.6760340734223024,0.6598798791906354,0.00893281320223245,0.45702206842795084,-0.015256713334767852,0.06548579674234092,0.43544145496064757,0.0,5.884346840900889e-07,1071,0.005,1,1,1.055651307106018,1.0,0.055651307106018066,0.055651307106018066,-1.1042773723602295,-1.0,-0.10427737236022949,0.10427737236022949,0.447813083476089,0.5885128540224518,0.6272718820367265,0.5849817991256714,f0589246530846eeea07699e8be2529eb6efbc6078977caeef606ca3a55ec045
1,linear,9,1000,800,200,10000,10000,0.5,154,31260913,31760913,1031760913,2031260913,3031260913,0.11607264718073779,0.7752834590137073,0.7385091496765318,0.008065630259431454,0.6010644418202588,-0.03186715396186809,0.10463168844403738,0.545395764155954,0.0,5.686194022302971e-07,1078,0.005,1,1,1.0577031373977661,1.0,0.05770313739776611,0.05770313739776611,-1.1007134914398193,-1.0,-0.10071349143981934,0.10071349143981934,0.47578659586984123,0.6052843962937177,0.6422819943543081,0.6005545258522034,6eedbd1ffa429fffbf05da8e868b9711e3190235aa8f81d49e78a88f20574ead
1,linear,9,1000,800,200,10000,10000,0.5,155,31260913,31760913,1031760913,2031260913,3031260913,0.11867208819970142,0.6960174845384152,0.6792772980470492,0.008676966018065562,0.48444033878318304,-0.01584982857957447,0.06428421158719125,0.46141764764209964,0.0,5.772632523104448e-07,1085,0.005,1,1,1.0576530694961548,1.0,0.057653069496154785,0.057653069496154785,-1.1037265062332153,-1.0,-0.10372650623321533,0.10372650623321533,0.44954788901459936,0.5944591860255186,0.63028141870392,0.589735746383667,106edda4a99987e98577574fee9cb244981a1e927568f637dcc3a0c925876c4e
1,linear,9,1000,800,200,10000,10000,0.5,156,31260913,31760913,1031760913,2031260913,3031260913,0.11919364409214928,0.682139310464505,0.6668921507263167,0.008534403105280627,0.4653140388809904,-0.014551650642949323,0.0614190080775698,0.4447451407003723,-5.551115123125783e-17,5.921340893166871e-07,1092,0.005,1,1,1.0590957403182983,1.0,0.05909574031829834,0.05909574031829834,-1.1035124063491821,-1.0,-0.10351240634918213,0.10351240634918213,0.44547572161615934,0.5922744021935548,0.6285716357788397,0.5882168412208557,e32d89f0bfaba5002256f5cd0da2c8665c7244f6580f8538374554bb6223ab3d
1,linear,9,1000,800,200,10000,10000,0.5,157,31260913,31760913,1031760913,2031260913,3031260913,0.12004554552344682,0.6794646463657722,0.6737640748360743,0.008526738219105885,0.46167220566096384,-0.008120457670179361,0.03454051854378724,0.45395802853971107,5.551115123125783e-17,6.439912869637965e-07,1099,0.005,1,1,1.0602219104766846,1.0,0.06022191047668457,0.06022191047668457,-1.1038472652435303,-1.0,-0.10384726524353027,0.10384726524353027,0.449793867881254,0.589757212772641,0.6309826968004769,0.5860410928726196,17f57cc91ae68c7124a2108a2c59c3545f3c11641f9ab33cb429b26db1f67e15
1,linear,9,1000,800,200,10000,10000,0.5,158,31260913,31760913,1031760913,2031260913,3031260913,0.11979554264812055,0.7370000399366297,0.7095757235233406,0.007869353680032063,0.5431690588665937,-0.02377035256647676,0.0862747569869839,0.5034977074136723,0.0,6.361718760672375e-07,1106,0.005,1,1,1.0634965896606445,1.0,0.06349658966064453,0.06349658966064453,-1.1015832424163818,-1.0,-0.10158324241638184,0.10158324241638184,0.45570706969506103,0.6007044303952095,0.6366057818368058,0.5957866907119751,d63528824ed588e2b2ad312e32d44975c2e432006ebc9ce099f3ed09e991b167
1,linear,9,1000,800,200,10000,10000,0.5,159,31260913,31760913,1031760913,2031260913,3031260913,0.12023083895038644,0.7205385176906873,0.7006762350122906,0.007892022352092704,0.5191757554758929,-0.018060295758493487,0.0685312080086507,0.49094718631099865,0.0,5.794407123005385e-07,1113,0.005,1,1,1.0639175176620483,1.0,0.06391751766204834,0.06391751766204834,-1.1018332242965698,-1.0,-0.10183322429656982,0.10183322429656982,0.4572039637736104,0.6005970284414789,0.6349902759211883,0.5957932472229004,dc6daec6168d3a6799b5ab07566a5f90a073a5a9a9722f7e690162a4ed93eba5
1,linear,9,1000,800,200,10000,10000,0.5,160,31260913,31760913,1031760913,2031260913,3031260913,0.12275700571125683,0.665959570909196,0.6760319544401394,0.0083384743514244,0.44350215008556043,0.0025892894935849228,-0.011461074341472957,0.4570192034241547,5.551115123125783e-17,5.040079305018708e-07,1120,0.005,1,1,1.0646620988845825,1.0,0.06466209888458252,0.06466209888458252,-1.1043460369110107,-1.0,-0.10434603691101074,0.10434603691101074,0.4630350551800682,0.5931833379828497,0.6313096392859595,0.5880271792411804,3b0d097ad1a0284dc5bc839f578354127d1ede033632edd1ab4a172574dbed8a
1,linear,9,1000,800,200,10000,10000,0.5,161,31260913,31760913,1031760913,2031260913,3031260913,0.12381013465648266,0.6676913730271987,0.6585803084990232,0.008137230645067944,0.44581176961494584,-0.010110488758672636,0.044544601939343544,0.43372802274266853,0.0,5.671271470220063e-07,1127,0.005,1,1,1.0670608282089233,1.0,0.06706082820892334,0.06706082820892334,-1.1040759086608887,-1.0,-0.10407590866088867,0.10407590866088867,0.44975653286149986,0.5843767977902905,0.6275593648738148,0.5807538032531738,925891522ce7487fd94b9abbfa157e089afd0fa9f8268e20049ada58f65eca33
1,linear,9,1000,800,200,10000,10000,0.5,162,31260913,31760913,1031760913,2031260913,3031260913,0.12365932011839251,0.7270211035112555,0.7020603597432576,0.008020255804795588,0.5285596849507236,-0.021845596016343474,0.08142531748609268,0.49288874872283234,1.1102230246251565e-16,6.132239214196034e-07,1134,0.005,1,1,1.067502498626709,1.0,0.06750249862670898,0.06750249862670898,-1.1036100387573242,-1.0,-0.10361003875732422,0.10361003875732422,0.44996663620139443,0.5933456246757308,0.6351964901089552,0.5906709432601929,6a23d7fcfa13614ed8aa953bd2f2b5d0e3facaeef7e512557bb9c81c6fdb1f20
1,linear,9,1000,800,200,10000,10000,0.5,163,31260913,31760913,1031760913,2031260913,3031260913,0.12365344361943702,0.7539555786825837,0.7277216113049659,0.007878669988004725,0.5684490146265897,-0.023374470527149218,0.08111520980561726,0.5295787435602959,-1.1102230246251565e-16,6.279598707692458e-07,1141,0.005,1,1,1.068260669708252,1.0,0.06826066970825195,0.06826066970825195,-1.103105068206787,-1.0,-0.10310506820678711,0.10310506820678711,0.45277842938428614,0.6057158351139285,0.6401691573963293,0.601119339466095,a8b4b47135873ec8465f034b3b4f19c1c8875c3ef6911dd863d8b3782dd76e9e
1,linear,9,1000,800,200,10000,10000,0.5,164,31260913,31760913,1031760913,2031260913,3031260913,0.12409953971627201,0.7084561885037765,0.7165724307339865,0.008777604857254172,0.5019101710292984,0.001394136300730681,-0.0054598381498772485,0.5134760484880139,-1.1102230246251565e-16,5.126422983892098e-07,1148,0.005,1,1,1.0640157461166382,1.0,0.06401574611663818,0.06401574611663818,-1.1063140630722046,-1.0,-0.10631406307220459,0.10631406307220459,0.4623806113576741,0.5981265783175419,0.6391148755406458,0.5947147607803345,07bef69e3d24f32fa79d1f545208eda98c444e2856b2e11096bbf51b30a14f38
1,linear,9,1000,800,200,10000,10000,0.5,165,31260913,31760913,1031760913,2031260913,3031260913,0.12260178079865756,0.70365933799093,0.6845478538234175,0.00824300570913298,0.4951364639418338,-0.017386852738359816,0.06908050004667655,0.4686057641742471,-5.551115123125783e-17,6.585298031325237e-07,1155,0.005,1,1,1.0649805068969727,1.0,0.06498050689697266,0.06498050689697266,-1.1039650440216064,-1.0,-0.10396504402160645,0.10396504402160645,0.4440299105462241,0.5936070158926947,0.6320613018958858,0.588951826095581,9c21a955476f7778649c7476bd6859e46dba9a368db7f72626dbe32840088ce8
1,linear,9,1000,800,200,10000,10000,0.5,166,31260913,31760913,1031760913,2031260913,3031260913,0.12102552432979767,0.7709318045868885,0.7392251034223765,0.007713053432741732,0.5943358473235965,-0.027797573613257555,0.0923432418141988,0.5464537535298232,1.1102230246251565e-16,6.391129101501747e-07,1162,0.005,1,1,1.0658950805664062,1.0,0.06589508056640625,0.06589508056640625,-1.1015136241912842,-1.0,-0.10151362419128418,0.10151362419128418,0.4638824261165758,0.6003317906302825,0.6416375454037421,0.5970789194107056,e0e3531405d98d01984cfb62d23bd23e9ae3c112e4c3e4d21e9ee382545e0b13
1,linear,9,1000,800,200,10000,10000,0.5,167,31260913,31760913,1031760913,2031260913,3031260913,0.12223829448197257,0.7050554365089906,0.7078854800640962,0.008570618084010183,0.4971031685508833,-0.002285966874658723,0.009041271013358802,0.501101852885576,-1.1102230246251565e-16,5.798593143424569e-07,1169,0.005,1,1,1.0627647638320923,1.0,0.06276476383209229,0.06276476383209229,-1.1048941612243652,-1.0,-0.10489416122436523,0.10489416122436523,0.45472300138104643,0.5940121342895682,0.6379057481889686,0.5896197557449341,2d900facb2d810a217aba2cb042a92c66ed0c83ab2a57ac14ab13c953f56c7dd
1,linear,9,1000,800,200,10000,10000,0.5,168,31260913,31760913,1031760913,2031260913,3031260913,0.12104631719026024,0.7156960769434564,0.7060730312404009,0.008221112951675966,0.5122208745522538,-0.010951431029460758,0.04208511723654143,0.49853912544500817,-1.1102230246251565e-16,5.731128442931777e-07,1176,0.005,1,1,1.063144564628601,1.0,0.06314456462860107,0.06314456462860107,-1.1032713651657104,-1.0,-0.10327136516571045,0.10327136516571045,0.4459940049922277,0.600707471328064,0.6369868866938458,0.5942279100418091,2046e6edca27c3776acbe1ad593498682e23149672b182d5bda62617a0fe9123
1,linear,9,1000,800,200,10000,10000,0.5,169,31260913,31760913,1031760913,2031260913,3031260913,0.12155664754754347,0.7712268995946194,0.7450273745763268,0.008116444236984294,0.5947909306583292,-0.023920793013609516,0.07935146926263102,0.5550657888680944,-1.1102230246251565e-16,6.417541911218905e-07,1183,0.005,1,1,1.0643539428710938,1.0,0.06435394287109375,0.06435394287109375,-1.1031241416931152,-1.0,-0.10312414169311523,0.10312414169311523,0.4549925659029234,0.6022637232173946,0.6425059024042679,0.6017493605613708,f23e8f23b431386b27ac463aa938e80ea9432f48d05d995bc6ee112e76e65afa
1,linear,9,1000,800,200,10000,10000,0.5,170,31260913,31760913,1031760913,2031260913,3031260913,0.12291601388348897,0.7003831743137139,0.7091478834615809,0.008962772181963083,0.4905365908617541,0.001695678787161286,-0.006789513311202668,0.5028907206180399,1.1102230246251565e-16,6.00838097497558e-07,1190,0.005,1,1,1.0615382194519043,1.0,0.0615382194519043,0.0615382194519043,-1.106402039527893,-1.0,-0.10640203952789307,0.10640203952789307,0.460957036412737,0.5993015219397112,0.638350487557751,0.5930831432342529,2083e2f3b54a9802ffe5b29a69aad597548d37ea8d9e6ec8d8c6c9616baf1c40
1,linear,9,1000,800,200,10000,10000,0.5,171,31260913,31760913,1031760913,2031260913,3031260913,0.12214547148904858,0.7373014057228577,0.7343601406528495,0.009058238220650022,0.5436133628809021,-0.006693392460939694,0.024221951870147924,0.5392848161796728,1.1102230246251565e-16,5.362709334377769e-07,1197,0.005,1,1,1.0600504875183105,1.0,0.06005048751831055,0.06005048751831055,-1.1063647270202637,-1.0,-0.10636472702026367,0.10636472702026367,0.44945444042176413,0.6037325156353325,0.641871602394207,0.5993489027023315,346fa5a723cde2ae137347c6f6dce701fd16817a27c9f1ce27173abde2dcdcfb
1,linear,9,1000,800,200,10000,10000,0.5,172,31260913,31760913,1031760913,2031260913,3031260913,0.12204151016758374,0.8191153058425771,0.7820683353734877,0.008566039500753467,0.6709498842655786,-0.03394252128623699,0.09990206292180709,0.6116308811938581,0.0,6.490336890152548e-07,1204,0.005,1,1,1.0625405311584473,1.0,0.06254053115844727,0.06254053115844727,-1.1047989130020142,-1.0,-0.10479891300201416,0.10479891300201416,0.46666868162281416,0.6153714977987623,0.6506970249283691,0.6123276352882385,cffff4bce7ad3bda786d1715789481e349a890842acfa98c6ed5f89fbded4e51
1,linear,9,1000,800,200,10000,10000,0.5,173,31260913,31760913,1031760913,2031260913,3031260913,0.12509929313839568,0.6800529161805783,0.6811652713702303,0.009556411651054631,0.4624719688057086,-0.004021126767941917,0.017037648304327937,0.46398612692087954,1.1102230246251565e-16,5.461194376721323e-07,1211,0.005,1,1,1.061219334602356,1.0,0.06121933460235596,0.06121933460235596,-1.1090964078903198,-1.0,-0.10909640789031982,0.10909640789031982,0.44731211425511463,0.5862431249988015,0.6314081969309077,0.5842337608337402,726b35a8a198bad1f7175a0423f75fba0f96e6bfd633df132b00f2fb2a6deab9
1,linear,9,1000,800,200,10000,10000,0.5,174,31260913,31760913,1031760913,2031260913,3031260913,0.12596022812596536,0.7127907269147786,0.7058513999203957,0.008972829493507554,0.5080706203756985,-0.009408625549811835,0.03639394543028014,0.49822619876958235,0.0,5.682669232953685e-07,1218,0.005,1,1,1.0653395652770996,1.0,0.06533956527709961,0.06533956527709961,-1.107688069343567,-1.0,-0.1076880693435669,0.1076880693435669,0.4406839747470314,0.5960192136567715,0.6365416043593265,0.5925415754318237,5c7e2961e2736cdbe5fb9e2641f4e52f04f1201726f1b2da8a30fc880ecdc1c8
1,linear,9,1000,800,200,10000,10000,0.5,175,31260913,31760913,1031760913,2031260913,3031260913,0.12597144528236676,0.728591578814927,0.7104076040062356,0.00913018387827878,0.530845688720028,-0.01764845438421324,0.06536756651474349,0.5046789638298804,1.1102230246251565e-16,6.169732955640939e-07,1225,0.005,1,1,1.0645358562469482,1.0,0.06453585624694824,0.06453585624694824,-1.1081846952438354,-1.0,-0.10818469524383545,0.10818469524383545,0.4415633047089196,0.5945743539817062,0.6356927026896201,0.5934709310531616,f5ab9ee0dfcfb4302692bbc0db0fcd7721e71d3b16c6287e2d85ae12de76e91a
1,linear,9,1000,800,200,10000,10000,0.5,176,31260913,31760913,1031760913,2031260913,3031260913,0.1274349814344261,0.7280465473264078,0.7078999553805809,0.008764606681136516,0.5300517750739033,-0.018847017463605734,0.06995710636048956,0.5011223468278284,0.0,5.993641156720741e-07,1232,0.005,1,1,1.0682744979858398,1.0,0.06827449798583984,0.06827449798583984,-1.1076023578643799,-1.0,-0.10760235786437988,0.10760235786437988,0.4391798551865152,0.5999663589509692,0.6358369501419092,0.5974467992782593,cb8eeb99846a4756dc0e4384c86e6d4b295129346dc36b0e3d0af5fe90252e77
1,linear,9,1000,800,200,10000,10000,0.5,177,31260913,31760913,1031760913,2031260913,3031260913,0.1289819237577416,0.7473007057704086,0.7253880600497382,0.009076778829406938,0.5584583448449508,-0.02067364300581752,0.07285414468084873,0.5261878376627226,-1.1102230246251565e-16,5.873486159657659e-07,1239,0.005,1,1,1.068600058555603,1.0,0.06860005855560303,0.06860005855560303,-1.1092262268066406,-1.0,-0.10922622680664062,0.10922622680664062,0.43780673265234354,0.6013723928502646,0.6397752014697713,0.599524736404419,2143c69078393171c98e092eedb06fafd066cc32aeae4caa8b782694230f7ba4
1,linear,9,1000,800,200,10000,10000,0.5,178,31260913,31760913,1031760913,2031260913,3031260913,0.12950688506143132,0.6977988559737923,0.6976405670059938,0.009715698870763494,0.4869232433983333,-0.004968290768326204,0.02000765685278947,0.48670236073244444,0.0,6.037817286141944e-07,1246,0.005,1,1,1.0660150051116943,1.0,0.06601500511169434,0.06601500511169434,-1.11141836643219,-1.0,-0.11141836643218994,0.11141836643218994,0.44245877242100967,0.5931273892918695,0.635018166587172,0.5914512872695923,097706bb31d396c60e8829dff8e175ed7d3ee53d3f38319674f664d5650658ac
1,linear,9,1000,800,200,10000,10000,0.5,179,31260913,31760913,1031760913,2031260913,3031260913,0.12932368840429004,0.795323672459108,0.7663109850373581,0.008732523467523378,0.6325397439738425,-0.02701987082621993,0.0842695753366271,0.587232525788926,0.0,6.447654694596849e-07,1253,0.005,1,1,1.0707974433898926,1.0,0.07079744338989258,0.07079744338989258,-1.108223557472229,-1.0,-0.108223557472229,0.108223557472229,0.44530510202457746,0.6081727285308124,0.6478648651635558,0.6063815355300903,d663ffbd8e9e2ff00d624baa11d77af3f53ca3060e3cd2a7db59947e4a4ba8b7
1,linear,9,1000,800,200,10000,10000,0.5,180,31260913,31760913,1031760913,2031260913,3031260913,0.13083580826726918,0.8247720236380738,0.7931409607342873,0.008482099122184398,0.6802488909760434,-0.029829203251859768,0.08662076683265112,0.6290725835945082,0.0,6.512858234941632e-07,1260,0.005,1,1,1.073967695236206,1.0,0.07396769523620605,0.07396769523620605,-1.1079202890396118,-1.0,-0.10792028903961182,0.10792028903961182,0.4529046269408953,0.612124155682499,0.6543479787736931,0.6109781265258789,e947272d0572e178f4d549564625aaa350726dd469d293cb4ee2c90717dc4e3b
1,linear,9,1000,800,200,10000,10000,0.5,181,31260913,31760913,1031760913,2031260913,3031260913,0.1341338939661672,0.7191539103313217,0.7250289430625169,0.00956276764250617,0.5171823467448307,-0.0005390730544932334,0.002046807990313248,0.5256669682783504,0.0,5.780768717045248e-07,1267,0.005,1,1,1.0725934505462646,1.0,0.07259345054626465,0.07259345054626465,-1.1127922534942627,-1.0,-0.1127922534942627,0.1127922534942627,0.45128449180402896,0.5994703107446803,0.6413571224989806,0.5964148044586182,301266d83d84c011ced89598d6dd24ec03a52750eb2d1d114ec2200724373eac
1,linear,9,1000,800,200,10000,10000,0.5,182,31260913,31760913,1031760913,2031260913,3031260913,0.13631564930108142,0.7050455906115171,0.7004727317097195,0.010021881032319591,0.4970892848407429,-0.00822455900209291,0.03243690754839991,0.4906620478688766,-5.551115123125783e-17,6.229708056082472e-07,1274,0.005,1,1,1.0730657577514648,1.0,0.07306575775146484,0.07306575775146484,-1.1150797605514526,-1.0,-0.11507976055145264,0.11507976055145264,0.4414800475139743,0.5942787235741593,0.6348513181429137,0.5919526815414429,2ed59f9aa22828ac6ed0fe34a1b989b1c9a8a17568892c372be16f5067c6fd27
1,linear,9,1000,800,200,10000,10000,0.5,183,31260913,31760913,1031760913,2031260913,3031260913,0.1368965105059191,0.7669204630439932,0.7419061507445941,0.009696701121877552,0.5881669966356129,-0.023719480622414996,0.07934745230855697,0.5504247365126603,-1.1102230246251565e-16,5.558846680742136e-07,1281,0.005,1,1,1.0753751993179321,1.0,0.07537519931793213,0.07537519931793213,-1.1142770051956177,-1.0,-0.11427700519561768,0.11427700519561768,0.4417443556213048,0.5955547280023779,0.6414135102532602,0.5948989391326904,e78211d6d1eb87fe4509169c1b201599e41b43b114c50feec55d0518f4ad91b7
1,linear,9,1000,800,200,10000,10000,0.5,184,31260913,31760913,1031760913,2031260913,3031260913,0.1399065369792687,0.7635136067719607,0.7467985247484811,0.010546539152635946,0.5829530277259283,-0.0178957651560282,0.06030590805701412,0.5577080365665077,-1.1102230246251565e-16,5.446631554661963e-07,1288,0.005,1,1,1.075039267539978,1.0,0.07503926753997803,0.07503926753997803,-1.1180802583694458,-1.0,-0.1180802583694458,0.1180802583694458,0.432572322455229,0.5996610315111294,0.6442987767255194,0.5977998971939087,a4f506749da257fc3ec34455d3c91cfe81ab01538aa6f0d73a6b5531e3ed93a0
1,linear,9,1000,800,200,10000,10000,0.5,185,31260913,31760913,1031760913,2031260913,3031260913,0.14384714957228603,0.7352120638282853,0.7440123507922621,0.011652263651700613,0.5405367787986466,0.0006826678405405097,-0.002472587422275389,0.5535543781314282,0.0,5.586151434755493e-07,1295,0.005,1,1,1.074845552444458,1.0,0.07484555244445801,0.07484555244445801,-1.1228419542312622,-1.0,-0.12284195423126221,0.12284195423126221,0.45222532968068085,0.6049238749990774,0.6446391437236605,0.6012011170387268,03603fa1fdc9d4bb6cce6e38c15c930e0131ab11dc1913470c52a3e5caef4c66
1,linear,9,1000,800,200,10000,10000,0.5,186,31260913,31760913,1031760913,2031260913,3031260913,0.14490026548065438,0.7940685272602869,0.7605237065589988,0.011017426935085445,0.6305448259853209,-0.03158297234108416,0.09845645437311105,0.5783963082382381,0.0,6.142214221682707e-07,1302,0.005,1,1,1.079073190689087,1.0,0.07907319068908691,0.07907319068908691,-1.1214228868484497,-1.0,-0.12142288684844971,0.12142288684844971,0.45042492748678953,0.6085281351922148,0.6454964743431235,0.6044487953186035,54e5411b637c690624a56b0e61b98a8c92538d8fdeca9d29066ce69e1e3b0513
1,linear,9,1000,800,200,10000,10000,0.5,187,31260913,31760913,1031760913,2031260913,3031260913,0.1468243788250228,0.7529661877924239,0.7377344963587044,0.011024244988770995,0.5669580799586558,-0.016865068914897863,0.058358424425632424,0.5442521871176312,2.220446049250313e-16,6.440075992486527e-07,1309,0.005,1,1,1.0814344882965088,1.0,0.08143448829650879,0.08143448829650879,-1.1221712827682495,-1.0,-0.12217128276824951,0.12217128276824951,0.43395071383556383,0.5981967115343189,0.6422015250956543,0.5975301265716553,f4f7fd2a5c7220f78dfe398f129222995184d0e63aede9fdd844387f21be3864
1,linear,9,1000,800,200,10000,10000,0.5,188,31260913,31760913,1031760913,2031260913,3031260913,0.14829811079289193,0.7381464485765507,0.7386276209527622,0.011163716286437423,0.5448601795461744,-0.005226566699137191,0.01879979165755359,0.5455707624343374,0.0,5.835692089561917e-07,1316,0.005,1,1,1.082627773284912,1.0,0.08262777328491211,0.08262777328491211,-1.1231461763381958,-1.0,-0.1231461763381958,0.1231461763381958,0.44083011375139064,0.6041942331061347,0.6436256697090667,0.6021050810813904,105a83977a5acd122e502b18fe6b5f7622a82d7dbdd5aab827f027720adfbd7a
1,linear,9,1000,800,200,10000,10000,0.5,189,31260913,31760913,1031760913,2031260913,3031260913,0.14826128242121628,0.7710432990523768,0.7538535548005428,0.010861866297481954,0.5945077690135729,-0.01853722661281998,0.06124267069753197,0.5682951820854151,1.1102230246251565e-16,5.85604221114977e-07,1323,0.005,1,1,1.0839565992355347,1.0,0.08395659923553467,0.08395659923553467,-1.1221994161605835,-1.0,-0.1221994161605835,0.1221994161605835,0.4300441700479328,0.6023449953686666,0.6458956694931818,0.6006474494934082,797ef5a3782c877b6165c68825b0110a65e0fc44b8198717763813dcd5917945
1,linear,9,1000,800,200,10000,10000,0.5,190,31260913,31760913,1031760913,2031260913,3031260913,0.14790519084884568,0.7812204426844434,0.7570977047694103,0.010971196635331196,0.6103053800680776,-0.02403982106814983,0.07738846745425008,0.5731969345671091,0.0,5.753533862673521e-07,1330,0.005,1,1,1.0830167531967163,1.0,0.08301675319671631,0.08301675319671631,-1.1224098205566406,-1.0,-0.12240982055664062,0.12240982055664062,0.4341372916036329,0.6041649257516063,0.6462852803554641,0.6008654832839966,89e981f3c01be9e7276c8d0899ccf7d202c8db32eca970b1ccb6c7777f973183
1,linear,9,1000,800,200,10000,10000,0.5,191,31260913,31760913,1031760913,2031260913,3031260913,0.1476948508453828,0.7721313126704665,0.7594696741079282,0.011411317039614352,0.5961867640062177,-0.015401947578114687,0.05069781508066643,0.5767941858896027,0.0,6.173995714675584e-07,1337,0.005,1,1,1.0807571411132812,1.0,0.08075714111328125,0.08075714111328125,-1.1236610412597656,-1.0,-0.12366104125976562,0.12366104125976562,0.432586063965022,0.6006967688588499,0.6469746345544614,0.5996462106704712,735815285fed182b284dade69769832e678254566eecb0119bef7634f02a41a8
1,linear,9,1000,800,200,10000,10000,0.5,192,31260913,31760913,1031760913,2031260913,3031260913,0.14739789943595968,0.7265566845577681,0.7206804126133357,0.010972303837468498,0.5278846158755761,-0.00973833129425837,0.03614440471301468,0.5193802571245278,0.0,5.242186258413994e-07,1344,0.005,1,1,1.0823832750320435,1.0,0.08238327503204346,0.08238327503204346,-1.1222257614135742,-1.0,-0.12222576141357422,0.12222576141357422,0.4353485226587278,0.5969078977086592,0.6386578798849223,0.5954320430755615,677d563ea386bed6199b8adce6aba147d235d8c5f4e50d4fd7478dbfa6a664ae
1,linear,9,1000,800,200,10000,10000,0.5,193,31260913,31760913,1031760913,2031260913,3031260913,0.1473621567746752,0.757170997530894,0.743587524188892,0.010352613315944585,0.573307919501929,-0.0153690633442538,0.05266439130311929,0.552922406129366,0.0,5.762716828172643e-07,1351,0.005,1,1,1.08519446849823,1.0,0.08519446849822998,0.08519446849822998,-1.1202393770217896,-1.0,-0.12023937702178955,0.12023937702178955,0.4307015365819754,0.5998948524116922,0.6430932997774925,0.5980789065361023,e9ac5cf392e6fc04558fec29e06751e3d397a2f8a4443c8d50a3b6a079058616
1,linear,9,1000,800,200,10000,10000,0.5,194,31260913,31760913,1031760913,2031260913,3031260913,0.14853670511447564,0.7930913891913244,0.7694866778698156,0.00980140669552894,0.6289939516094247,-0.023342805442914064,0.07308382924025716,0.5921097474191254,-2.220446049250313e-16,5.700354819282438e-07,1358,0.005,1,1,1.0892163515090942,1.0,0.08921635150909424,0.08921635150909424,-1.1187585592269897,-1.0,-0.11875855922698975,0.11875855922698975,0.4318935506811755,0.6058086894234,0.6484827337995618,0.6028329133987427,ecaa3510da3d64134ef1cd92758f36e13592a31f84c9e41ec2d4a0d065335f04
1,linear,9,1000,800,200,10000,10000,0.5,195,31260913,31760913,1031760913,2031260913,3031260913,0.150687143553392,0.75452256802502,0.7468683999444352,0.010759613703331493,0.569304305659071,-0.011125756263420774,0.038360449226526754,0.5578124068355609,0.0,6.265939092031658e-07,1365,0.005,1,1,1.0874145030975342,1.0,0.08741450309753418,0.08741450309753418,-1.1227408647537231,-1.0,-0.12274086475372314,0.12274086475372314,0.4320027993574774,0.5961014002807371,0.6443369346105992,0.5953251123428345,bd1dd8ab0c084183ab4b9adc635c7e36e42aa4749bca72f35dedccee4220f071
1,linear,9,1000,800,200,10000,10000,0.5,196,31260913,31760913,1031760913,2031260913,3031260913,0.15152890373042996,0.7826882166129345,0.7669501745464266,0.01061836619804915,0.6126008444247358,-0.017503320192995397,0.05617066962844189,0.5882125702367942,0.0,5.919137890941784e-07,1372,0.005,1,1,1.0890928506851196,1.0,0.08909285068511963,0.08909285068511963,-1.122570276260376,-1.0,-0.12257027626037598,0.12257027626037598,0.42902047526528386,0.6103192952677589,0.6489565890262741,0.6059783697128296,25c6aee11c89ddae994c5b628454a0613c4a49aa5c0b51e0d0cd17496d6f8875
1,linear,9,1000,800,200,10000,10000,0.5,197,31260913,31760913,1031760913,2031260913,3031260913,0.15372360589769576,0.7947976352340377,0.7773984746771452,0.010850984136497136,0.6317032809736184,-0.01910293833988173,0.05945937760325357,0.604348388430352,0.0,5.55198552021352e-07,1379,0.005,1,1,1.090730905532837,1.0,0.09073090553283691,0.09073090553283691,-1.1240921020507812,-1.0,-0.12409210205078125,0.12409210205078125,0.4323218583572252,0.6071013668889491,0.6499603893050021,0.6057462692260742,0e9035759fe134bd86285520f09984b1329d13410b1ad1ed86f5a09be039a0c9
1,linear,9,1000,800,200,10000,10000,0.5,198,31260913,31760913,1031760913,2031260913,3031260913,0.1546873763411998,0.8377054706608199,0.8049721589180637,0.010582542183140583,0.7017504555750659,-0.032176410562499015,0.09034092387622605,0.6479801766332084,0.0,6.464762467572882e-07,1386,0.005,1,1,1.093125581741333,1.0,0.09312558174133301,0.09312558174133301,-1.1235144138336182,-1.0,-0.12351441383361816,0.12351441383361816,0.44679529618457375,0.612628801685521,0.6555117668888885,0.6084381341934204,5ed0edee73efaea7c63bf3ed2aeba2828b8e0dc4ad83c20bfe96df5646655907
1,linear,9,1000,800,200,10000,10000,0.5,199,31260913,31760913,1031760913,2031260913,3031260913,0.15662185535929,0.7544693420557055,0.7549637083306195,0.011730825774902138,0.5692239881019691,-0.005492306490275165,0.018907861193621905,0.5699702008963208,-1.1102230246251565e-16,5.292871030349033e-07,1393,0.005,1,1,1.0903891324996948,1.0,0.09038913249969482,0.09038913249969482,-1.1279070377349854,-1.0,-0.12790703773498535,0.12790703773498535,0.4367526699660172,0.5991200878886075,0.6469788352014062,0.597217321395874,1241dc973bb6c3c6e493cb3c6899752a812a1bd96b4dfa25f5ddaf958f421bcc
1,linear,9,1000,800,200,10000,10000,0.5,200,31260913,31760913,1031760913,2031260913,3031260913,0.15958756447786954,0.73283133161995,0.7386889327690932,0.011701131756388202,0.5370417606038691,-0.0015407764823576933,0.005615659004640563,0.545661339395542,0.0,6.177317484201694e-07,1400,0.005,1,1,1.0941636562347412,1.0,0.09416365623474121,0.09416365623474121,-1.1288464069366455,-1.0,-0.1288464069366455,0.1288464069366455,0.4413003050119542,0.5976555494212654,0.6443090222013849,0.5930923819541931,b716a7ad3dc8e66dd9ea13663610adc738bc5927b9119e7f252a00082dc24391
1,linear,9,1000,800,200,10000,10000,0.5,201,31260913,31760913,1031760913,2031260913,3031260913,0.16194384417774002,0.8507774009844752,0.8184115449388842,0.010626545604127825,0.7238221860258985,-0.03232563737038748,0.08802694042004638,0.6697974568892514,0.0,5.871058679218777e-07,1407,0.005,1,1,1.101777195930481,1.0,0.10177719593048096,0.10177719593048096,-1.1259651184082031,-1.0,-0.12596511840820312,0.12596511840820312,0.4461226849666632,0.6118361715583887,0.6588040219357085,0.610643744468689,26bd5b232637ded5ffa169a339415eb1d68b5b11dc8154c11b78cd4574129b16
1,linear,9,1000,800,200,10000,10000,0.5,202,31260913,31760913,1031760913,2031260913,3031260913,0.16393348946506744,0.7620000885489185,0.7502599595778247,0.010748400944599633,0.5806441349485597,-0.014251264473720084,0.048195618337309246,0.5628900069457191,0.0,6.299633064088539e-07,1414,0.005,1,1,1.1036531925201416,1.0,0.1036531925201416,0.1036531925201416,-1.1270047426223755,-1.0,-0.1270047426223755,0.1270047426223755,0.42661746650597165,0.5992769883260314,0.6447998293487465,0.5963969826698303,55836da9eb6e107d06da3289f4b8d2f0e6dd9f8c777f59ca9340aae1d4da165e
1,linear,9,1000,800,200,10000,10000,0.5,203,31260913,31760913,1031760913,2031260913,3031260913,0.16520456034633949,0.7604047544501349,0.749625980301738,0.01036399451420042,0.57821539059037,-0.013320137380614386,0.04526199088079802,0.5619391103433417,0.0,5.709481740723277e-07,1421,0.005,1,1,1.1069225072860718,1.0,0.10692250728607178,0.10692250728607178,-1.1259369850158691,-1.0,-0.12593698501586914,0.12593698501586914,0.4241807921801018,0.5988382465410484,0.644646330226679,0.5961635112762451,e248abd42fc162e31de79871311e4e94fd469ea6d92ee796d8d79240de728f74
1,linear,9,1000,800,200,10000,10000,0.5,204,31260913,31760913,1031760913,2031260913,3031260913,0.16480571573063482,0.7765762558747143,0.7595685637242195,0.009859886662648634,0.6030706811883898,-0.017993082426482357,0.058711649802576815,0.5769444029980737,0.0,5.7699997135785e-07,1428,0.005,1,1,1.1087449789047241,1.0,0.10874497890472412,0.10874497890472412,-1.1238363981246948,-1.0,-0.12383639812469482,0.12383639812469482,0.4228381375016568,0.6031376495876773,0.6459160268611437,0.6008821129798889,4b66c00d352ac38db902a3c7accf766e6b1c5a6f416a7a54fb1c870a683349bb
1,linear,9,1000,800,200,10000,10000,0.5,205,31260913,31760913,1031760913,2031260913,3031260913,0.16308753884213908,0.7822804137554701,0.7676708330098806,0.010095502867969588,0.6119626457454295,-0.016369820379657615,0.05263115808754156,0.5893185078540839,1.1102230246251565e-16,5.581454445291456e-07,1435,0.005,1,1,1.105573296546936,1.0,0.10557329654693604,0.10557329654693604,-1.1243053674697876,-1.0,-0.1243053674697876,0.1243053674697876,0.424084582940706,0.5998386341378146,0.6473709901024564,0.5975662469863892,f9740f63ea4f85fc8a746ee87add125f3381036afa8bb041fe3f90e3df145536
1,linear,9,1000,800,200,10000,10000,0.5,206,31260913,31760913,1031760913,2031260913,3031260913,0.1595411067187358,0.7553985666772504,0.7582002365575756,0.010587185026498629,0.5706269945380442,-0.003173290424289554,0.010919521704260712,0.5748675987159637,0.0,5.792001882554132e-07,1442,0.005,1,1,1.0990285873413086,1.0,0.0990285873413086,0.0990285873413086,-1.125086784362793,-1.0,-0.12508678436279297,0.12508678436279297,0.4355180394181859,0.6010646720891203,0.6461841914973319,0.5967442989349365,dc3242d872a658b363105c61a75d4c35b0f4c933625d9caf468da5ecc5026558
1,linear,9,1000,800,200,10000,10000,0.5,207,31260913,31760913,1031760913,2031260913,3031260913,0.16012808649415022,0.7894324153304382,0.7679552701520875,0.010497225667461836,0.6232035383744494,-0.021972733543772743,0.06934734748818933,0.5897552969543658,0.0,5.896156611839842e-07,1449,0.005,1,1,1.1001490354537964,1.0,0.10014903545379639,0.10014903545379639,-1.1249446868896484,-1.0,-0.12494468688964844,0.12494468688964844,0.42668613507638303,0.5990704398176725,0.647591956976216,0.596509575843811,0e71906cb156cb070074927d8ab05a4e47cb8b622f6f82f44b9650f0b133176d
1,linear,9,1000,800,200,10000,10000,0.5,208,31260913,31760913,1031760913,2031260913,3031260913,0.1609685967647947,0.856057568070033,0.8231145450857609,0.010308150345184109,0.7328345598499791,-0.03281257793171221,0.08830760897350393,0.677517554331739,2.220446049250313e-16,6.169689523716215e-07,1456,0.005,1,1,1.1020281314849854,1.0,0.10202813148498535,0.10202813148498535,-1.1245036125183105,-1.0,-0.12450361251831055,0.12450361251831055,0.4445749797722972,0.6170168568412053,0.6599919898980401,0.614656388759613,c8ec3732a7ba5365217421cfcf8b8e55b9f61eeb5381b46150e8972a9b109906
1,linear,9,1000,800,200,10000,10000,0.5,209,31260913,31760913,1031760913,2031260913,3031260913,0.1629628233707214,0.7669010120524528,0.7604130112723604,0.01112760815000699,0.5881371622870764,-0.010518411362392227,0.03510438751378779,0.5782279477122989,0.0,5.682421448938157e-07,1463,0.005,1,1,1.1007940769195557,1.0,0.10079407691955566,0.10079407691955566,-1.1280524730682373,-1.0,-0.1280524730682373,0.1280524730682373,0.4231881478810765,0.6024910718245896,0.6462468971655976,0.6015760898590088,21ac97a0acb9433d1b74693db59ad1482ba509a33c1c722a9f0df61f52884794
1,linear,9,1000,800,200,10000,10000,0.5,210,31260913,31760913,1031760913,2031260913,3031260913,0.16625095008712204,0.7394748902140802,0.7336982962657892,0.01115695903710093,0.546823113257126,-0.009833441175452543,0.035246567623896434,0.5383131899433218,0.0,5.890159329169364e-07,1470,0.005,1,1,1.104669213294983,1.0,0.10466921329498291,0.10466921329498291,-1.129165530204773,-1.0,-0.12916553020477295,0.12916553020477295,0.4268296312914663,0.5970508267540725,0.6410364258043925,0.5944569110870361,dbae85996858bbdfed608ea05322cdeb58d0e0d9943f43560ccb1846d6d02921
1,linear,9,1000,800,200,10000,10000,0.5,211,31260913,31760913,1031760913,2031260913,3031260913,0.16793227411848777,0.7607835870801052,0.7512895993705689,0.010852992047814775,0.578791666370472,-0.01260429814794842,0.042752182922369784,0.56443606212239,1.1102230246251565e-16,6.401923009491384e-07,1477,0.005,1,1,1.1080496311187744,1.0,0.10804963111877441,0.10804963111877441,-1.1285555362701416,-1.0,-0.1285555362701416,0.1285555362701416,0.4241150244496471,0.5980472456272085,0.6450374522331316,0.5962762832641602,c84b64ad1e6248c1c1137b4dd199ffdd51dc3e7f7133b70ca366e7ee45d76dbb
1,linear,9,1000,800,200,10000,10000,0.5,212,31260913,31760913,1031760913,2031260913,3031260913,0.16580452162849066,0.7899067801725635,0.7701796164780116,0.010648705912297246,0.6239527213625866,-0.020712392818333484,0.06527685545012714,0.593176641638217,1.1102230246251565e-16,6.536470706919317e-07,1484,0.005,1,1,1.1063721179962158,1.0,0.10637211799621582,0.10637211799621582,-1.127185344696045,-1.0,-0.12718534469604492,0.12718534469604492,0.4291790563140235,0.6049794633203426,0.6486520693103257,0.5991685390472412,56bfe383848b7d2de12df60735ccb0c797278dccf97978681b1bfab32bf68ab5
1,linear,9,1000,800,200,10000,10000,0.5,213,31260913,31760913,1031760913,2031260913,3031260913,0.16399409126966066,0.8024530502985405,0.792416262183845,0.011351640666003726,0.6439308979334321,-0.01367950301300981,0.04175146507717912,0.6279235325734162,0.0,5.425787730217735e-07,1491,0.005,1,1,1.1010710000991821,1.0,0.10107100009918213,0.10107100009918213,-1.1291460990905762,-1.0,-0.12914609909057617,0.12914609909057617,0.4265619092864354,0.6019058062170423,0.6531194123161539,0.6019455790519714,deb57a62a5fbd8f6c0424ca7d43a4cc43b364888151d8457a81514f155f2093e
1,linear,9,1000,800,200,10000,10000,0.5,214,31260913,31760913,1031760913,2031260913,3031260913,0.1622252299996696,0.8529600904354154,0.8235790004541922,0.011043580678825847,0.727540915875592,-0.030151063282645725,0.08164553527268424,0.6782823699891264,0.0,5.557219324714424e-07,1498,0.005,1,1,1.1002651453018188,1.0,0.10026514530181885,0.10026514530181885,-1.1275300979614258,-1.0,-0.12753009796142578,0.12753009796142578,0.43020968846540775,0.6181754882239054,0.660808483477559,0.614223301410675,bca7c00ab5c720622d35bbf44fb25fafecd26fb59f724a843e2d220f62f4b5fe
1,linear,9,1000,800,200,10000,10000,0.5,215,31260913,31760913,1031760913,2031260913,3031260913,0.16174845509020352,0.7890467077605888,0.7713422994711463,0.011409973731825038,0.622594707027824,-0.01951786890310674,0.06157010979704724,0.5949689429534356,0.0,5.685687529677352e-07,1505,0.005,1,1,1.0980759859085083,1.0,0.0980759859085083,0.0980759859085083,-1.1286221742630005,-1.0,-0.1286221742630005,0.1286221742630005,0.4250988309040845,0.5990376085434002,0.6480838559760561,0.5985532999038696,00f2f212a5174ecfa0143d64de2b88e03a087419a7926cb54c636029d12cd158
1,linear,9,1000,800,200,10000,10000,0.5,216,31260913,31760913,1031760913,2031260913,3031260913,0.1622424843377478,0.748324598932171,0.74374013188909,0.011715852182051867,0.5599897053669946,-0.009278086883322623,0.03245757107241925,0.5531493837824011,-1.1102230246251565e-16,5.666967624051722e-07,1512,0.005,1,1,1.0973526239395142,1.0,0.09735262393951416,0.09735262393951416,-1.1297886371612549,-1.0,-0.12978863716125488,0.12978863716125488,0.42932526546198774,0.5940089742558642,0.6440319154486884,0.5899689197540283,f515e3820eb40c817db6d1df4fe10feadece35f9df96e34f27176b3489adb9d7
1,linear,9,1000,800,200,10000,10000,0.5,217,31260913,31760913,1031760913,2031260913,3031260913,0.16352576156353713,0.7901531691006499,0.793305587990546,0.011988785851934589,0.6243420306398003,-0.0034985302773545323,0.010995947977634911,0.6293337559370259,0.0,5.041027311136759e-07,1519,0.005,1,1,1.0977510213851929,1.0,0.09775102138519287,0.09775102138519287,-1.131093144416809,-1.0,-0.13109314441680908,0.13109314441680908,0.43517864534414535,0.604140033238704,0.6540118433924479,0.6059705018997192,17234198d88cba1bd73662aaa751350b5466a5c8b73bca25a9fb4e04cd53a204
1,linear,9,1000,800,200,10000,10000,0.5,218,31260913,31760913,1031760913,2031260913,3031260913,0.1637474019880577,0.9259177416343436,0.8872685302973706,0.01126109728987797,0.857323664273243,-0.040669658353532374,0.0936458021214706,0.7872454448560561,-2.220446049250313e-16,6.140368462581591e-07,1526,0.005,1,1,1.1011652946472168,1.0,0.1011652946472168,0.1011652946472168,-1.1287586688995361,-1.0,-0.12875866889953613,0.12875866889953613,0.46208030013317414,0.6285706540315874,0.6738900068699786,0.6252108812332153,36c1085c4fc49cc0b6d705f941801928c771d25189cad558a93c401c9ef1720f
1,linear,9,1000,800,200,10000,10000,0.5,219,31260913,31760913,1031760913,2031260913,3031260913,0.16412767855539898,0.7878143270609747,0.7808810122249404,0.013158915739263526,0.6206514139225363,-0.012017587204176184,0.03792171456274229,0.6097751552534475,0.0,5.39333736782055e-07,1533,0.005,1,1,1.093570590019226,1.0,0.09357059001922607,0.09357059001922607,-1.1348422765731812,-1.0,-0.13484227657318115,0.13484227657318115,0.4249173581148132,0.6026711626344743,0.6506116296979301,0.6013698577880859,b0279dfcedfd88d02f638b12de35fb11d5593faf037ffc738a37f37c8a44c8c6
1,linear,9,1000,800,200,10000,10000,0.5,220,31260913,31760913,1031760913,2031260913,3031260913,0.16472777141445075,0.7897183591558442,0.7823237253564364,0.013552394749554804,0.623655086787799,-0.012588535140890528,0.0395115735631945,0.6120304112555728,0.0,5.661193949180188e-07,1540,0.005,1,1,1.092690348625183,1.0,0.0926903486251831,0.0926903486251831,-1.1361753940582275,-1.0,-0.13617539405822754,0.13617539405822754,0.4274340470873469,0.6036450460289374,0.652101159331393,0.599284291267395,865c50de996f8b698080754301a97a93c9f3494669a040623a4888c8ce533327
1,linear,9,1000,800,200,10000,10000,0.5,221,31260913,31760913,1031760913,2031260913,3031260913,0.16484752248533102,0.8342214129663813,0.810392297735171,0.012991097508892364,0.6959253658516258,-0.026090393566014017,0.0736063976913054,0.65673567622849,-1.1102230246251565e-16,6.178715530325007e-07,1547,0.005,1,1,1.095154047012329,1.0,0.0951540470123291,0.0951540470123291,-1.1346120834350586,-1.0,-0.1346120834350586,0.1346120834350586,0.4208612191662132,0.605946137994121,0.6568377481568037,0.6060669422149658,1f1482feec590051d7a48b00e5c851211e5dd551a73f0932746d51e27ceceebb
1,linear,9,1000,800,200,10000,10000,0.5,222,31260913,31760913,1031760913,2031260913,3031260913,0.16398902242917446,0.7921905411381571,0.7715295807800095,0.012667996152438885,0.6275658534687661,-0.02248797780131389,0.07024926224884524,0.5952578940185773,1.1102230246251565e-16,5.99323479733016e-07,1554,0.005,1,1,1.0954453945159912,1.0,0.09544539451599121,0.09544539451599121,-1.1333513259887695,-1.0,-0.13335132598876953,0.13335132598876953,0.4211777653076327,0.6083281059949606,0.6489610744591646,0.6038059592247009,a292bccea2425921edeb5054455bf2e608cf97ca3f1d50fcebb89694edf529a5
1,linear,9,1000,800,200,10000,10000,0.5,223,31260913,31760913,1031760913,2031260913,3031260913,0.16427369308153145,0.8007641986996974,0.7821033165275154,0.012692417614055233,0.6412233019191684,-0.021115060904942383,0.06458037411920507,0.611685597723339,0.0,5.908586899749935e-07,1561,0.005,1,1,1.0956931114196777,1.0,0.09569311141967773,0.09569311141967773,-1.1335240602493286,-1.0,-0.1335240602493286,0.1335240602493286,0.41949976427442237,0.6108409218463801,0.6510034608358887,0.6100225448608398,0c54c9e5e4773cb074c62224684990095619979bb69b7e7c6ff2abb33a72aa1d
1,linear,9,1000,800,200,10000,10000,0.5,224,31260913,31760913,1031760913,2031260913,3031260913,0.16578420166016528,0.7763717881962832,0.7794551918802809,0.013280469385701014,0.6027531535070944,-0.0042416133718349595,0.013770720344506592,0.6075503961491254,0.0,5.880958937609648e-07,1568,0.005,1,1,1.0951123237609863,1.0,0.09511232376098633,0.09511232376098633,-1.135786771774292,-1.0,-0.135786771774292,0.135786771774292,0.4284162871870197,0.6056282058798463,0.6518684361697918,0.6015952229499817,10332962627208232b2c7a148b4c0a4a8007364eb29294521a8239be2e4584eb
1,linear,9,1000,800,200,10000,10000,0.5,225,31260913,31760913,1031760913,2031260913,3031260913,0.1659691960192011,0.8078391642410323,0.7920136776790653,0.013154940137882539,0.6526041152816495,-0.019236694894406842,0.05778875927503449,0.6272856656307183,-1.1102230246251565e-16,6.442699778119731e-07,1575,0.005,1,1,1.0958573818206787,1.0,0.09585738182067871,0.09585738182067871,-1.135488510131836,-1.0,-0.13548851013183594,0.13548851013183594,0.4143331673745999,0.6055033189763754,0.6529203579935865,0.6034256219863892,52ab6019dc0a9b554c808fa881e3b0c2caf101ae549972dd51b6989b465a44be
1,linear,9,1000,800,200,10000,10000,0.5,226,31260913,31760913,1031760913,2031260913,3031260913,0.16736069454563263,0.866339445354348,0.8320547677147027,0.012914858456917432,0.7505440345768795,-0.03557187827851454,0.09318609974444253,0.6923151364767678,0.0,6.115847455134826e-07,1582,0.005,1,1,1.0985593795776367,1.0,0.09855937957763672,0.09855937957763672,-1.1352614164352417,-1.0,-0.1352614164352417,0.1352614164352417,0.43454430811580425,0.6113612227047437,0.6606558306852179,0.6096369028091431,2ac8ed39cbcff75e5ac546a4447e84e026b2e04787bfef6eddd0eb4898d5a577
1,linear,9,1000,800,200,10000,10000,0.5,227,31260913,31760913,1031760913,2031260913,3031260913,0.17036112662167202,0.7964077383520906,0.7780987085284865,0.01375146467061389,0.634265285707092,-0.021289575082003662,0.06570686658823163,0.6054376002136986,1.1102230246251565e-16,6.187859717954325e-07,1589,0.005,1,1,1.098832130432129,1.0,0.0988321304321289,0.0988321304321289,-1.1387628316879272,-1.0,-0.13876283168792725,0.13876283168792725,0.4159394895345485,0.5973216992901036,0.6510743152410338,0.5935965776443481,25730b866b63da6cba0b317d23aa5e723e5739d786811e60af98a1a71dfdafea
1,linear,9,1000,800,200,10000,10000,0.5,228,31260913,31760913,1031760913,2031260913,3031260913,0.17346382828296097,0.7747738368400644,0.7895990701182466,0.014632664878398597,0.6002744982518747,0.004279764200663215,-0.013920033648254998,0.6234666915315996,-2.220446049250313e-16,6.090530586533305e-07,1596,0.005,1,1,1.099151611328125,1.0,0.099151611328125,0.099151611328125,-1.142332911491394,-1.0,-0.14233291149139404,0.14233291149139404,0.4417510872199465,0.5995353800538485,0.6543925098411478,0.5988820791244507,fc4b072cc34ec977cb69d13f1c635c0c32f64ab25ea176e2dc6cc731e751f83d
1,linear,9,1000,800,200,10000,10000,0.5,229,31260913,31760913,1031760913,2031260913,3031260913,0.17373015895604382,0.8330075376125846,0.804032910227785,0.013434145546809396,0.6939015577193816,-0.030433391268414756,0.0860507708797552,0.6464689207293614,-1.1102230246251565e-16,5.51184101027502e-07,1603,0.005,1,1,1.1042438745498657,1.0,0.10424387454986572,0.10424387454986572,-1.1389797925949097,-1.0,-0.13897979259490967,0.13897979259490967,0.42287833540627773,0.6117609147550113,0.6555980561420622,0.6096826791763306,8fb08ac9a9e7d33f90862a926dfd682071e4cc756a058a89888922d684ff79a6
1,linear,9,1000,800,200,10000,10000,0.5,230,31260913,31760913,1031760913,2031260913,3031260913,0.17468710787762243,0.849170207292185,0.8249653706851396,0.013069885004224435,0.7210900409526523,-0.02679603156360342,0.07299780501824168,0.6805678628296699,0.0,5.928135813348945e-07,1610,0.005,1,1,1.106887936592102,1.0,0.10688793659210205,0.10688793659210205,-1.1381685733795166,-1.0,-0.1381685733795166,0.1381685733795166,0.41753078712798297,0.6133722571438353,0.6603887357901731,0.612916111946106,fd127abb0985ee77c7795de61079b78b6c583dad04b90178000c630f7eeccb2a
1,linear,9,1000,800,200,10000,10000,0.5,231,31260913,31760913,1031760913,2031260913,3031260913,0.17819091764577802,0.7892749915091388,0.786063129776129,0.01364970563992865,0.6229550122217512,-0.009354736934118152,0.029389467817769865,0.6178952439934435,0.0,6.492383164413695e-07,1617,0.005,1,1,1.1088316440582275,1.0,0.10883164405822754,0.10883164405822754,-1.1410945653915405,-1.0,-0.14109456539154053,0.14109456539154053,0.41878683713940007,0.5992650183349862,0.6531868006120689,0.5956472158432007,a73ac7d15cf170263dc1730a1524f83740a36ec8c05814dbc645ae96c3b54015
1,linear,9,1000,800,200,10000,10000,0.5,232,31260913,31760913,1031760913,2031260913,3031260913,0.18050113124905137,0.773477850519044,0.7800455463525714,0.013997990634122905,0.5982679852435607,-0.0018974607466010005,0.006198158386576976,0.6084710543844816,0.0,5.696947216193848e-07,1624,0.005,1,1,1.110273838043213,1.0,0.11027383804321289,0.11027383804321289,-1.142899751663208,-1.0,-0.142899751663208,0.142899751663208,0.42870763148476554,0.6007728193651656,0.6518980324940586,0.5963057279586792,40b4d9f077b5014099ec9b640d55f180cd5d9d3ad86ace59a28bed218d127f63
1,linear,9,1000,800,200,10000,10000,0.5,233,31260913,31760913,1031760913,2031260913,3031260913,0.18316786620425818,0.8506506114277758,0.8193012314410608,0.013663253213349963,0.7236064627224487,-0.03300760404748003,0.08954010542962361,0.6712545078408386,1.1102230246251565e-16,5.666568760887003e-07,1631,0.005,1,1,1.114843487739563,1.0,0.11484348773956299,0.11484348773956299,-1.1426935195922852,-1.0,-0.14269351959228516,0.14269351959228516,0.42445544677074565,0.615606949928611,0.6588606454651856,0.6138113737106323,a2b30df20cffce1df92e8cdee8ae0cd032f1dec28f71e1acfab03f60869a3ca9
1,linear,9,1000,800,200,10000,10000,0.5,234,31260913,31760913,1031760913,2031260913,3031260913,0.18585316529790327,0.7998394177471102,0.783537744301856,0.014759186008265293,0.6397430941820363,-0.020285441722330565,0.061987382890193794,0.6139313967456407,1.1102230246251565e-16,6.505155294433962e-07,1638,0.005,1,1,1.113853931427002,1.0,0.11385393142700195,0.11385393142700195,-1.1468968391418457,-1.0,-0.1468968391418457,0.1468968391418457,0.4124165450887139,0.6079804233279819,0.6511518761290679,0.6064035892486572,9f4317c2268af5e703b4149957ffdb181a17f6ac6b010b0cb63c3d5bda0cd620
1,linear,9,1000,800,200,10000,10000,0.5,235,31260913,31760913,1031760913,2031260913,3031260913,0.18708741862298472,0.7696012022625149,0.7771092421649767,0.015359933851402064,0.5922860105239084,-0.0018735850585430644,0.0061666997891978055,0.6038987742582244,0.0,5.933379121358939e-07,1645,0.005,1,1,1.1130821704864502,1.0,0.1130821704864502,0.1130821704864502,-1.1490440368652344,-1.0,-0.14904403686523438,0.14904403686523438,0.4270301575178462,0.5975291067646696,0.6511184492980168,0.5955774188041687,25b5d389e2fedd36886f41251b440c21f92019125ff9cf576c3eefd04105499a
1,linear,9,1000,800,200,10000,10000,0.5,236,31260913,31760913,1031760913,2031260913,3031260913,0.18827330190730537,0.8287629327404561,0.8103596004316681,0.014773268611331195,0.6868479986845617,-0.02246929264206011,0.06404963386773792,0.6566826820117727,0.0,5.482856568761463e-07,1652,0.005,1,1,1.116750955581665,1.0,0.11675095558166504,0.11675095558166504,-1.1477025747299194,-1.0,-0.14770257472991943,0.14770257472991943,0.40960563149849294,0.6032738819115082,0.6573006331775465,0.599385142326355,e56b470702c33c728701ffcb07f1b5e8d2902f102454d865a79f37c75546bf4b
1,linear,9,1000,800,200,10000,10000,0.5,237,31260913,31760913,1031760913,2031260913,3031260913,0.1881368107875452,0.8675822704147672,0.8345191120848056,0.014772952010655075,0.7526989959380422,-0.035524899756942556,0.09257641234156812,0.6964221484348122,0.0,5.912608198599401e-07,1659,0.005,1,1,1.1165858507156372,1.0,0.11658585071563721,0.11658585071563721,-1.1476590633392334,-1.0,-0.1476590633392334,0.1476590633392334,0.42397522183060404,0.6090083658153532,0.6618068021692373,0.6094081401824951,044499831f52192a3d030d6394aad448526ddb71c65139fa369b618450b6fadd
1,linear,9,1000,800,200,10000,10000,0.5,238,31260913,31760913,1031760913,2031260913,3031260913,0.1886793460208003,0.7739470873069382,0.7897456430129042,0.015962002799211547,0.5989940939508933,0.0043710419538803376,-0.01421578540965849,0.6236981806578655,0.0,6.196682846848489e-07,1666,0.005,1,1,1.1127822399139404,1.0,0.11278223991394043,0.11278223991394043,-1.151261568069458,-1.0,-0.151261568069458,0.151261568069458,0.44068638474983624,0.5937593657358304,0.6538782576650309,0.5902466773986816,e8257bea1e3904367f5382b0c21d4688aec1dfe224730cddf866b0a562514e0e
1,linear,9,1000,800,200,10000,10000,0.5,239,31260913,31760913,1031760913,2031260913,3031260913,0.18983266111063937,0.8423227203705281,0.8205734118450277,0.015148273621019025,0.709507565252407,-0.025657557323218276,0.07081308380294393,0.6733407242269895,1.1102230246251565e-16,6.06795229174395e-07,1673,0.005,1,1,1.11722993850708,1.0,0.11722993850708008,0.11722993850708008,-1.1493103504180908,-1.0,-0.14931035041809082,0.14931035041809082,0.40979829724847805,0.6018595768027278,0.6592845336109445,0.6005785465240479,1cfb595ab9566c3127b22f36b7191b84007875ef8d652fe7b7f8fce841bce3e3
1,linear,9,1000,800,200,10000,10000,0.5,240,31260913,31760913,1031760913,2031260913,3031260913,0.1913694218323735,0.8782974385096661,0.8434627527748887,0.015190842466623314,0.7714063904926408,-0.037583908820335535,0.09556074505612178,0.711429415318593,0.0,5.764209713987611e-07,1680,0.005,1,1,1.118942379951477,1.0,0.11894237995147705,0.11894237995147705,-1.1499165296554565,-1.0,-0.14991652965545654,0.14991652965545654,0.4223743721563508,0.6180030245715427,0.6636019683214945,0.6138957738876343,85f1ea12c793d587cc34cc247832e7b21c36cd4d7db14a6e986009eaaba3fa05
1,linear,9,1000,800,200,10000,10000,0.5,241,31260913,31760913,1031760913,2031260913,3031260913,0.19172747905319734,0.7918059812368781,0.7947489940430601,0.01626471075205634,0.6269567119224952,-0.005797729571047835,0.018027165659192573,0.6316259635324559,0.0,5.472766311243049e-07,1687,0.005,1,1,1.115397572517395,1.0,0.11539757251739502,0.11539757251739502,-1.1531105041503906,-1.0,-0.15311050415039062,0.15311050415039062,0.4213343107637422,0.6018422506950514,0.65432626140884,0.6004214286804199,c1e0e029ed38bd8baa9899f51b74a1a2e60f7e67ff6fd2c2ec2ec771c849b8b0
1,linear,9,1000,800,200,10000,10000,0.5,242,31260913,31760913,1031760913,2031260913,3031260913,0.19197041960519826,0.8185639071407769,0.7974249620349139,0.015750612872763865,0.6700468700735743,-0.02495545643497717,0.0727779178417599,0.6358865700763838,-1.1102230246251565e-16,6.529041680636283e-07,1694,0.005,1,1,1.1175870895385742,1.0,0.11758708953857422,0.11758708953857422,-1.151742935180664,-1.0,-0.15174293518066406,0.15174293518066406,0.4064273667376096,0.6031955162218722,0.6534032726857592,0.601136326789856,dc194df23a3f031b803b02ec4ed84e4ccb47f4bc504005e1b48c1afb0d1ad58c
1,linear,9,1000,800,200,10000,10000,0.5,243,31260913,31760913,1031760913,2031260913,3031260913,0.19320198246930162,0.8035498964704855,0.7947081236951903,0.016404672596055447,0.645692436117728,-0.015268053423326803,0.046120284237419915,0.6315610018671299,1.1102230246251565e-16,6.143325883556372e-07,1701,0.005,1,1,1.1166894435882568,1.0,0.11668944358825684,0.11668944358825684,-1.153982400894165,-1.0,-0.15398240089416504,0.15398240089416504,0.40936044488274176,0.5971979128439946,0.6533993077968433,0.5952571630477905,2e54fc5e54e5482c69befca1c9f07d218a57b4b8cd05a9fae0ca3287010a0f18
1,linear,9,1000,800,200,10000,10000,0.5,244,31260913,31760913,1031760913,2031260913,3031260913,0.19452851246418298,0.775961968718522,0.7770411356021356,0.01723373819777223,0.6021169768975245,-0.007778894338720109,0.02511951354580484,0.6037929264178565,0.0,6.232230393976579e-07,1708,0.005,1,1,1.1153230667114258,1.0,0.11532306671142578,0.11532306671142578,-1.15665864944458,-1.0,-0.15665864944458008,0.15665864944458008,0.41469031379974025,0.5957135008464101,0.6500960999856213,0.5917770862579346,0cb664260b7d1b0aeafd6b033e8f64a5ca46c81be6370101d20434b78e348f9c
1,linear,9,1000,800,200,10000,10000,0.5,245,31260913,31760913,1031760913,2031260913,3031260913,0.19326625578812529,0.8630599796745195,0.8360559144856254,0.017266687461306815,0.7448725285157821,-0.0315748619153468,0.0828585152251134,0.6989894921463954,1.1102230246251565e-16,5.834647183178276e-07,1715,0.005,1,1,1.1136568784713745,1.0,0.11365687847137451,0.11365687847137451,-1.1563136577606201,-1.0,-0.15631365776062012,0.15631365776062012,0.4073567707791247,0.60774565504142,0.6623326983074345,0.6058489084243774,ebcf48a3f94acc26e8a6e4dfbcc5a1482135983a8c8d9ab10b5b6b006ce6d989
1,linear,9,1000,800,200,10000,10000,0.5,246,31260913,31760913,1031760913,2031260913,3031260913,0.19231493997061894,0.8893793998098701,0.853090505214224,0.017182548790944996,0.7909957168061649,-0.040207427755225025,0.09950138346152725,0.7277634100866599,0.0,5.808155538744586e-07,1722,0.005,1,1,1.1127904653549194,1.0,0.11279046535491943,0.11279046535491943,-1.1557669639587402,-1.0,-0.15576696395874023,0.15576696395874023,0.41811331313441175,0.6140722196719546,0.6660769090653671,0.6112362146377563,26397388a7a871bf1651c81dafdf2c4df93a3620bf9b75fd831ffbea42899683
1,linear,9,1000,800,200,10000,10000,0.5,247,31260913,31760913,1031760913,2031260913,3031260913,0.19296684752983298,0.859001458559452,0.839402021097168,0.017505089924115372,0.7378835058072658,-0.025396421354685367,0.06724067982545086,0.7045957530220105,1.1102230246251565e-16,5.900733484054399e-07,1729,0.005,1,1,1.1124376058578491,1.0,0.11243760585784912,0.11243760585784912,-1.1568247079849243,-1.0,-0.15682470798492432,0.15682470798492432,0.4042151128578604,0.6028326480648454,0.6622438520919984,0.601435661315918,bc072fb526923a9de292de221fe1733e47042bc4b2d94ea54089c17b4237c131
1,linear,9,1000,800,200,10000,10000,0.5,248,31260913,31760913,1031760913,2031260913,3031260913,0.19435105854032136,0.802039036876549,0.7991291255965921,0.018079542440451565,0.6432666166738623,-0.011369399868770008,0.03438259892216235,0.6386073593767738,0.0,5.721341977960037e-07,1736,0.005,1,1,1.112106204032898,1.0,0.11210620403289795,0.11210620403289795,-1.158759355545044,-1.0,-0.15875935554504395,0.15875935554504395,0.4117307489960051,0.6014219559309599,0.6548529962147963,0.5990585088729858,c4403d7101c92bed8883e0dadb04506136880b6bd654eae4c2e13810bfd7bf83
1,linear,9,1000,800,200,10000,10000,0.5,249,31260913,31760913,1031760913,2031260913,3031260913,0.19406896834660428,0.8085150412377636,0.803015373002834,0.01769939877571525,0.6536965719077026,-0.013281140702268652,0.039562765587495864,0.6448336892788805,0.0,5.690400968205722e-07,1743,0.005,1,1,1.113101840019226,1.0,0.11310184001922607,0.11310184001922607,-1.1577045917510986,-1.0,-0.15770459175109863,0.15770459175109863,0.4057151055731633,0.5976586652661297,0.6553023453904243,0.5963627099990845,b4e8a70e50751a65cc6e559834b5bbd4b3740a8d4e14b962cbcb19fd4dda3ecf
1,linear,9,1000,800,200,10000,10000,0.5,250,31260913,31760913,1031760913,2031260913,3031260913,0.1946772177547151,0.8574639178093585,0.8370948162948507,0.01656344266856974,0.7352443703449743,-0.025540040772917008,0.06794300439773934,0.7007277314677098,-1.1102230246251565e-16,6.406989836449384e-07,1750,0.005,1,1,1.1179158687591553,1.0,0.11791586875915527,0.11791586875915527,-1.1549034118652344,-1.0,-0.15490341186523438,0.15490341186523438,0.4022938446550521,0.6002380449416413,0.6632598902389294,0.5970251560211182,02f1030b89411074e97833b4fdd3dfe4d6af8f2c90808561930794b5ca4d682e
1,linear,9,1000,800,200,10000,10000,0.5,251,31260913,31760913,1031760913,2031260913,3031260913,0.19631968489224205,0.8511259661729529,0.8268271571633092,0.01682453981369218,0.7244154102938425,-0.028798401142387558,0.07770331628296522,0.6836431478227596,1.1102230246251565e-16,5.43841011335644e-07,1757,0.005,1,1,1.1189810037612915,1.0,0.1189810037612915,0.1189810037612915,-1.1561567783355713,-1.0,-0.1561567783355713,0.1561567783355713,0.4039360063927427,0.6052441214172548,0.6601457441395723,0.6006401777267456,7fe5e054ac08cc170f43f89dbc8034d3b9a444b5cf00d98fe67428d1b0feed06
1,linear,9,1000,800,200,10000,10000,0.5,252,31260913,31760913,1031760913,2031260913,3031260913,0.19852700559094172,0.7943142416440595,0.7884487466886797,0.01763063221963764,0.6309351144785773,-0.013457160271632613,0.04149821460705165,0.6216514261549498,1.1102230246251565e-16,5.059499983417481e-07,1764,0.005,1,1,1.118813157081604,1.0,0.118813157081604,0.118813157081604,-1.1590484380722046,-1.0,-0.1590484380722046,0.1590484380722046,0.4015620258955639,0.5914870815174024,0.6523048444293005,0.5902726650238037,04fe41bd04abba63b603870d5c3281c9e3583fe3d04958103cdfaa4cb2a9e820
1,linear,9,1000,800,200,10000,10000,0.5,253,31260913,31760913,1031760913,2031260913,3031260913,0.1995736659544201,0.8262404090994685,0.8115801621011304,0.017763554475179247,0.6826732136288571,-0.020887204293969713,0.05964051359127772,0.658662359516097,0.0,6.472146587555017e-07,1771,0.005,1,1,1.1196269989013672,1.0,0.11962699890136719,0.11962699890136719,-1.159746766090393,-1.0,-0.15974676609039307,0.15974676609039307,0.39751134974516356,0.6019076404341873,0.6571749749897114,0.599050760269165,2d13da24a16a8780fde6f37a8a3f1a756f3168d5504bece230c19806ec497a42
1,linear,9,1000,800,200,10000,10000,0.5,254,31260913,31760913,1031760913,2031260913,3031260913,0.20207359216251058,0.8071308744355232,0.8110400592012171,0.019243880435850725,0.6514602484670524,-0.006459075636894756,0.01926058110738074,0.6577859776291137,1.1102230246251565e-16,6.041264519751621e-07,1778,0.005,1,1,1.117582082748413,1.0,0.11758208274841309,0.11758208274841309,-1.164341688156128,-1.0,-0.16434168815612793,0.16434168815612793,0.4115589642067984,0.5964629837895025,0.6575651904646462,0.5949321985244751,0053e918db9ce947b84ed6ffb38af0c39fe5fed323d47e69d909b151341f9dd0
1,linear,9,1000,800,200,10000,10000,0.5,255,31260913,31760913,1031760913,2031260913,3031260913,0.2052209053838213,0.8081531512183318,0.8119861649282298,0.02003004340264826,0.6531115158241199,-0.006910013595956767,0.020530640253126668,0.6593215320348546,0.0,5.346930720406817e-07,1785,0.005,1,1,1.1188045740127563,1.0,0.11880457401275635,0.11880457401275635,-1.1673352718353271,-1.0,-0.16733527183532715,0.16733527183532715,0.41452644414419487,0.6008395176989376,0.6581627857576937,0.5983098745346069,d403b6b32cae99fdadc06f854b5ee67210bbed6cbeda37ec907456f2d54b8e83
1,linear,9,1000,800,200,10000,10000,0.5,256,31260913,31760913,1031760913,2031260913,3031260913,0.2067333590048067,0.9123987710891384,0.8744852506372761,0.019308288894266654,0.83247151748497,-0.04352767639854851,0.10220405807359267,0.7647244535821396,0.0,5.518246037894414e-07,1792,0.005,1,1,1.1230829954147339,1.0,0.12308299541473389,0.12308299541473389,-1.1661001443862915,-1.0,-0.1661001443862915,0.1661001443862915,0.4125348445919759,0.6134697274558921,0.670590632380731,0.6116237640380859,5e3882a8d1bacf9d16bc41b72962582d6715d6c190c731912f8dd5becb6b4cc9
1,linear,9,1000,800,200,10000,10000,0.5,257,31260913,31760913,1031760913,2031260913,3031260913,0.208984344402658,0.8915397411930465,0.856248692111712,0.020288937083386895,0.7948431101265643,-0.04098511223346691,0.10056066958415265,0.7331618227430173,0.0,6.583075613519895e-07,1799,0.005,1,1,1.1225714683532715,1.0,0.12257146835327148,0.12257146835327148,-1.1692651510238647,-1.0,-0.16926515102386475,0.16926515102386475,0.40757790946325406,0.6064848587178402,0.6668821995022892,0.6036943197250366,e73d44d4ec8c7a5c196e22c75a351f8b5f0fa1fc587b9fbd4ec4b06b4d83dd45
1,linear,9,1000,800,200,10000,10000,0.5,258,31260913,31760913,1031760913,2031260913,3031260913,0.20912265032540012,0.8749111249373142,0.8492647122081167,0.021145610307301284,0.7654694765390765,-0.032682267722221194,0.08309595955818194,0.7212505514019354,0.0,5.918185319586655e-07,1806,0.005,1,1,1.1199299097061157,1.0,0.11992990970611572,0.11992990970611572,-1.1713157892227173,-1.0,-0.17131578922271729,0.17131578922271729,0.4005349533179831,0.6058660438629966,0.6644452958549035,0.6047178506851196,6e7bc17de6faaeb6cedfcce6ec4d2baa047e54ecea47058bb96608b3dbc6f000
1,linear,9,1000,800,200,10000,10000,0.5,259,31260913,31760913,1031760913,2031260913,3031260913,0.2102673013704273,0.793015291187639,0.7975723136075039,0.021881489467808928,0.628873252057416,-0.0073165730459991436,0.02248642254638274,0.6361215954332265,0.0,6.037995063934432e-07,1813,0.005,1,1,1.1189579963684082,1.0,0.1189579963684082,0.1189579963684082,-1.173382043838501,-1.0,-0.17338204383850098,0.17338204383850098,0.4092443136008564,0.5915999569969589,0.6540478781636009,0.588737964630127,27a0550c1d3aaaa00e28cbfa42c644f25253cb98e85444440fe789ae6d20cb10
1,linear,9,1000,800,200,10000,10000,0.5,260,31260913,31760913,1031760913,2031260913,3031260913,0.2084721450734587,0.8612794416561068,0.8336427743092006,0.020707586963019733,0.7418022766194552,-0.033774794212267055,0.08858847819642372,0.6949602751579408,-1.1102230246251565e-16,6.308592901405063e-07,1820,0.005,1,1,1.1205623149871826,1.0,0.12056231498718262,0.12056231498718262,-1.1700745820999146,-1.0,-0.17007458209991455,0.17007458209991455,0.3973245326540443,0.5988681344214949,0.6609657863359311,0.596399188041687,ad3f3f65a784eea4db7b183fe74793818b8e884796b5ccf262785c869e753831
1,linear,9,1000,800,200,10000,10000,0.5,261,31260913,31760913,1031760913,2031260913,3031260913,0.20867494982341503,0.8935593640896857,0.8665777444818906,0.02087689121039092,0.7984483371523635,-0.03418412056571677,0.08344456970774938,0.7509569872313209,0.0,5.80544604389388e-07,1827,0.005,1,1,1.1202565431594849,1.0,0.12025654315948486,0.12025654315948486,-1.170539140701294,-1.0,-0.17053914070129395,0.17053914070129395,0.39988348584651634,0.6080793624768448,0.6684906958563098,0.6060506105422974,68992f1a257dfb73994b14beffff7ddef191c3a3f28394c2fd9c96a1dde74652
1,linear,9,1000,800,200,10000,10000,0.5,262,31260913,31760913,1031760913,2031260913,3031260913,0.20791780915749655,0.8838016806111246,0.8488044626605992,0.021098004355989377,0.7811054106510484,-0.04086719958724468,0.1018873737576551,0.7204690158325485,0.0,5.650016774438882e-07,1834,0.005,1,1,1.1185990571975708,1.0,0.1185990571975708,0.1185990571975708,-1.1707749366760254,-1.0,-0.1707749366760254,0.1707749366760254,0.40190223878747594,0.6008602154552475,0.6642080622524804,0.5995098948478699,46197dc410a7027a323e39b4902646d123074c69bfe2518247eec0d696db7ac5
1,linear,9,1000,800,200,10000,10000,0.5,263,31260913,31760913,1031760913,2031260913,3031260913,0.20799905493702153,0.8339022476058744,0.8234858186145958,0.022052278260053744,0.695392958562129,-0.01965817168141592,0.05480048001569813,0.6781288934593509,0.0,5.499719453183616e-07,1841,0.005,1,1,1.1155978441238403,1.0,0.11559784412384033,0.11559784412384033,-1.1729183197021484,-1.0,-0.17291831970214844,0.17291831970214844,0.3964012000767376,0.6030531923970898,0.6600941249796544,0.6002181768417358,3270fbcc79cf54239aeaf4d2321dd49ef7676a6217b5a63e8520cba775ece99a
1,linear,9,1000,800,200,10000,10000,0.5,264,31260913,31760913,1031760913,2031260913,3031260913,0.2094974473629361,0.849540884029467,0.846752300639526,0.021860165155994076,0.7217197136375684,-0.013295210077616056,0.03576000496190715,0.7169894586383303,0.0,5.930863427039412e-07,1848,0.005,1,1,1.118074655532837,1.0,0.11807465553283691,0.11807465553283691,-1.1730536222457886,-1.0,-0.17305362224578857,0.17305362224578857,0.39899221264239726,0.6091987813317626,0.6639962556239436,0.609565258026123,6c44ecc7819b98e24fa1c516d7ddd26f8c1e79ff77906918d578416e86c2129b
1,linear,9,1000,800,200,10000,10000,0.5,265,31260913,31760913,1031760913,2031260913,3031260913,0.21152192848469564,0.9083349497927148,0.8753580871103095,0.020551316660270356,0.8250723810149336,-0.03968595850289195,0.0938619828465,0.7662517806694201,1.1102230246251565e-16,6.433786339243852e-07,1855,0.005,1,1,1.1248228549957275,1.0,0.12482285499572754,0.12482285499572754,-1.1707652807235718,-1.0,-0.17076528072357178,0.17076528072357178,0.40419314541061213,0.6102200035384036,0.6692851185782985,0.6108945608139038,ec76fd4ddd843ef8ed69571bef913ce046da934911fda83cc1d1af7ec14df084
1,linear,9,1000,800,200,10000,10000,0.5,266,31260913,31760913,1031760913,2031260913,3031260913,0.213743450503495,0.8584237054006797,0.834482007492537,0.021159336683978805,0.7368912579938329,-0.03084518692451861,0.0813802855405146,0.6963602208287745,-1.1102230246251565e-16,5.653454220322374e-07,1862,0.005,1,1,1.1255701780319214,1.0,0.1255701780319214,0.1255701780319214,-1.1729693412780762,-1.0,-0.17296934127807617,0.17296934127807617,0.39335473157236267,0.599480341214178,0.6621159932314644,0.600082516670227,30bc0bce19ed712f8c8adc13f0cd1b30e8cb57e3e8a0b0796b11f904b5a208f0
1,linear,9,1000,800,200,10000,10000,0.5,267,31260913,31760913,1031760913,2031260913,3031260913,0.21364978398872497,0.889084678136281,0.8588634623665562,0.020896557585327675,0.7904715648966945,-0.036860837746876735,0.09086094640769789,0.7376464469882689,2.220446049250313e-16,6.342640990197879e-07,1869,0.005,1,1,1.1263067722320557,1.0,0.12630677223205566,0.12630677223205566,-1.172316074371338,-1.0,-0.1723160743713379,0.1723160743713379,0.39839767993569625,0.6074964436610273,0.6679007253158592,0.6059504747390747,583b5092bd533378f44c9eea6e35e968437ea833fe974ea6aa968a8f3da286d9
1,linear,9,1000,800,200,10000,10000,0.5,268,31260913,31760913,1031760913,2031260913,3031260913,0.2145764380988267,0.8469971808333123,0.8377195487825343,0.021660877096133426,0.7174042243395788,-0.018645529511649685,0.050457069276925046,0.7017740424124128,-1.1102230246251565e-16,6.175070250691306e-07,1876,0.005,1,1,1.124979019165039,1.0,0.12497901916503906,0.12497901916503906,-1.1744227409362793,-1.0,-0.1744227409362793,0.1744227409362793,0.3934130594083797,0.5999545265786201,0.6622603672093643,0.6010324954986572,42adf823bcc3f3cc75456615b6af20d901fbb51426fa61115aa7eda556637022
1,linear,9,1000,800,200,10000,10000,0.5,269,31260913,31760913,1031760913,2031260913,3031260913,0.21669025090536273,0.827306978156658,0.8164321399977622,0.022046560234594278,0.684436836106701,-0.019960978559984903,0.05650799060065085,0.6665614392213256,1.1102230246251565e-16,6.051890668601345e-07,1883,0.005,1,1,1.126347303390503,1.0,0.12634730339050293,0.12634730339050293,-1.1760426759719849,-1.0,-0.17604267597198486,0.17604267597198486,0.3916307522157527,0.5952946482907764,0.6569733724291211,0.5951664447784424,fa803647127df6a9cfff43fd223e1e022fc9d8f7f1523a705403f22ac34d1cf3
1,linear,9,1000,800,200,10000,10000,0.5,270,31260913,31760913,1031760913,2031260913,3031260913,0.21605067847387238,0.9364490697941469,0.9032348124001969,0.021614893047039885,0.876936860318323,-0.04135931351687193,0.09205772146560977,0.8158331263316189,-1.1102230246251565e-16,5.764765624860502e-07,1890,0.005,1,1,1.1269375085830688,1.0,0.12693750858306885,0.12693750858306885,-1.1748278141021729,-1.0,-0.17482781410217285,0.17482781410217285,0.40225772475767063,0.6087529313873916,0.6764169191174435,0.6092320084571838,267b4617131e29fc6802be606f281583d6250b5e5b9d0533c623e153f53b3a55
1,linear,9,1000,800,200,10000,10000,0.5,271,31260913,31760913,1031760913,2031260913,3031260913,0.2176796331278171,0.8526331515297766,0.8305764834981386,0.02231388499280141,0.726983291087599,-0.02971994057013335,0.07932751255142691,0.6898572949401338,1.1102230246251565e-16,6.548983151333232e-07,1897,0.005,1,1,1.1267170906066895,1.0,0.12671709060668945,0.12671709060668945,-1.1769949197769165,-1.0,-0.1769949197769165,0.1769949197769165,0.38778323830901534,0.5956332186557227,0.6610221961293069,0.5935019254684448,83005db6e3a1476d7bb7c0bc99f868dc69b1732b819dd6946fd8d1e179f98087
1,linear,9,1000,800,200,10000,10000,0.5,272,31260913,31760913,1031760913,2031260913,3031260913,0.21931538198396977,0.8412372111665263,0.8284174679960079,0.022787212284695255,0.7076800454512348,-0.022095878227506548,0.06049792921859994,0.6862755012809169,-1.1102230246251565e-16,6.339034026581203e-07,1904,0.005,1,1,1.1272411346435547,1.0,0.1272411346435547,0.1272411346435547,-1.1786307096481323,-1.0,-0.17863070964813232,0.17863070964813232,0.3880500890121721,0.5960079206107399,0.6604143816941623,0.5950129628181458,8c0afb7c1e049bd89c529857461ef94f75c3c31c9d28005ea979dbe036ae8f5a
1,linear,9,1000,800,200,10000,10000,0.5,273,31260913,31760913,1031760913,2031260913,3031260913,0.2193036526144097,0.8479506098209735,0.8493042794014558,0.023024710271508285,0.7190202366957609,-0.010363593978821601,0.027932523551780827,0.721317759009626,0.0,5.608688464775469e-07,1911,0.005,1,1,1.126484751701355,1.0,0.12648475170135498,0.12648475170135498,-1.1791527271270752,-1.0,-0.1791527271270752,0.1791527271270752,0.39643614573079544,0.599131717950299,0.6652348372314496,0.5981647968292236,20e2700e08788c7f6d747dfca71445ef7fb68b711a49fa3004317e060987b0f8
1,linear,9,1000,800,200,10000,10000,0.5,274,31260913,31760913,1031760913,2031260913,3031260913,0.21890593171484518,0.8502297875656253,0.8400005055841763,0.022286749673463717,0.7228906916638883,-0.019788295977840223,0.053110292609842416,0.7056008493816717,1.1102230246251565e-16,6.552479518973087e-07,1918,0.005,1,1,1.128309726715088,1.0,0.1283097267150879,0.1283097267150879,-1.1773595809936523,-1.0,-0.17735958099365234,0.17735958099365234,0.3934797039605331,0.5970480157854824,0.6638139687680524,0.5939983129501343,277af41e007b838d89b497980f26350f587a9e1559d46a59299f7f2308776767
1,linear,9,1000,800,200,10000,10000,0.5,275,31260913,31760913,1031760913,2031260913,3031260913,0.21969016077014278,0.9112111277564692,0.8883489647466256,0.0219369757425681,0.8303057193472163,-0.03153940596169147,0.07401508078251998,0.7891638831664015,0.0,5.729897800677008e-07,1925,0.005,1,1,1.130376935005188,1.0,0.130376935005188,0.130376935005188,-1.1768208742141724,-1.0,-0.17682087421417236,0.17682087421417236,0.39354549571084874,0.6038395733617534,0.6745560536206662,0.6039246916770935,c06b087349939b718cebc9ddae22dc43bc0c19d1db673cbbdeae1b175b22d7a4
1,linear,9,1000,800,200,10000,10000,0.5,276,31260913,31760913,1031760913,2031260913,3031260913,0.22130815239380833,0.8599069716708253,0.8526685079049132,0.022345325006230286,0.7394399999280895,-0.017370870280764315,0.045605683680666885,0.727043584372791,-1.1102230246251565e-16,6.397202234609267e-07,1932,0.005,1,1,1.131073236465454,1.0,0.1310732364654541,0.1310732364654541,-1.1783174276351929,-1.0,-0.17831742763519287,0.17831742763519287,0.3874234787535359,0.6033862243923754,0.6662245496242105,0.6019214987754822,0391b55f6f44adf88411402c189251eb8c797b551990686fd4682bffb45fc9c8
1,linear,9,1000,800,200,10000,10000,0.5,277,31260913,31760913,1031760913,2031260913,3031260913,0.22213161983267335,0.8773385926526369,0.8638935202215459,0.022561473119787658,0.7697230061577096,-0.022986232498361407,0.05802519953268071,0.7463120142807744,0.0,6.413108302183446e-07,1939,0.005,1,1,1.1314060688018799,1.0,0.13140606880187988,0.13140606880187988,-1.179094672203064,-1.0,-0.17909467220306396,0.17909467220306396,0.38472746970651966,0.6026287740502135,0.6683443572945372,0.6018370389938354,fb4a8dc972cb8db53990470bbf55ab46b96207aa1f5ae63d1a34b0d3880d25d1
1,linear,9,1000,800,200,10000,10000,0.5,278,31260913,31760913,1031760913,2031260913,3031260913,0.22195746361042898,0.844378268247735,0.8332801895471895,0.022311058823396786,0.712974659889044,-0.020464922210320285,0.055665224250938596,0.6943558742918001,0.0,6.383938657705812e-07,1946,0.005,1,1,1.13197660446167,1.0,0.13197660446166992,0.13197660446166992,-1.1784580945968628,-1.0,-0.1784580945968628,0.1784580945968628,0.39161940773791826,0.5892740130694273,0.661836770816561,0.5883795619010925,2859c9dca7483ce0cdace61fdfbd17edf5b254b89ee99e30f1a157ed6a70fced
1,linear,9,1000,800,200,10000,10000,0.5,279,31260913,31760913,1031760913,2031260913,3031260913,0.22261534447651365,0.9322468497571598,0.9014477215940745,0.021383157350413035,0.8690841888821483,-0.03892967573270675,0.08743650375819526,0.812607994767148,1.1102230246251565e-16,6.071700191512264e-07,1953,0.005,1,1,1.1357123851776123,1.0,0.1357123851776123,0.1357123851776123,-1.176464557647705,-1.0,-0.17646455764770508,0.17646455764770508,0.3907447861981676,0.6125962657231174,0.6781874522732074,0.6102349758148193,2f760314f36c087a65a122ed0b9c460ee6fdaadecbd2d74fb853007232e78b87
1,linear,9,1000,800,200,10000,10000,0.5,280,31260913,31760913,1031760913,2031260913,3031260913,0.22589609002657332,0.8907361133913404,0.8626519582823992,0.021624041061996956,0.7934108236995109,-0.035433231816524906,0.0869489965362236,0.7441684011284582,1.1102230246251565e-16,5.851354671904119e-07,1960,0.005,1,1,1.1389521360397339,1.0,0.1389521360397339,0.1389521360397339,-1.1781048774719238,-1.0,-0.17810487747192383,0.17810487747192383,0.3889739793878995,0.604616891711503,0.6686305011101629,0.6033807992935181,3c7825a5992db017d8692eefe9670a58a7481b924d817d117dfd3ee980f9c3a9
1,linear,9,1000,800,200,10000,10000,0.5,281,31260913,31760913,1031760913,2031260913,3031260913,0.22883264046531648,0.892534785604191,0.8680146577003927,0.02209448972040689,0.7966183435135191,-0.03263169362559805,0.07971462593716151,0.7534494459827299,0.0,6.239109886507777e-07,1967,0.005,1,1,1.1410560607910156,1.0,0.14105606079101562,0.14105606079101562,-1.1801875829696655,-1.0,-0.18018758296966553,0.18018758296966553,0.3865570087196879,0.6038123721660811,0.6692874328572396,0.6007702350616455,00cebf4c4de9a04736c3b99332905c099824eacb328cc4de041597c9e9c7c923
1,linear,9,1000,800,200,10000,10000,0.5,282,31260913,31760913,1031760913,2031260913,3031260913,0.2303217547882805,0.9127087341270805,0.888135090807142,0.022197948099090464,0.8330372333518579,-0.033225620963968965,0.07769937833380539,0.7887839395230105,1.1102230246251565e-16,6.28037581051899e-07,1974,0.005,1,1,1.1425487995147705,1.0,0.1425487995147705,0.1425487995147705,-1.1809086799621582,-1.0,-0.1809086799621582,0.1809086799621582,0.3889654390137182,0.6077987525713336,0.6748522893236258,0.607519805431366,aab1cbf35c7f2e92398e04104a6a9ceb727bfd37d02c7b831cef69c0e3a99049
1,linear,9,1000,800,200,10000,10000,0.5,283,31260913,31760913,1031760913,2031260913,3031260913,0.23222346553693335,0.8539643972953854,0.840622274527369,0.02274147952783178,0.729255191848071,-0.02267543147216781,0.06030726553796932,0.7066458084315673,2.220446049250313e-16,6.484820396224222e-07,1981,0.005,1,1,1.1431851387023926,1.0,0.14318513870239258,0.14318513870239258,-1.182827115058899,-1.0,-0.18282711505889893,0.18282711505889893,0.3873242412296747,0.6006464534068726,0.6646321105173728,0.5986781120300293,5d4badec3fc8bca3368236478d40e6692432c36267ce787c6b3b6ccac9ede403
1,linear,9,1000,800,200,10000,10000,0.5,284,31260913,31760913,1031760913,2031260913,3031260913,0.23136608968861877,0.8819095162025865,0.887568646267328,0.022971600228496612,0.7777643947686802,-0.006478946580179773,0.016182478671269464,0.7877781018368172,-1.1102230246251565e-16,5.73771343326257e-07,1988,0.005,1,1,1.141432285308838,1.0,0.1414322853088379,0.1414322853088379,-1.1831042766571045,-1.0,-0.1831042766571045,0.1831042766571045,0.3986659752142736,0.6049652138152785,0.6747159554012998,0.6044820547103882,3ce1c7d4faf78fbf5d21c2f147e682add93747c6f91f11c6decebfe6752b14e8
1,linear,9,1000,800,200,10000,10000,0.5,285,31260913,31760913,1031760913,2031260913,3031260913,0.2327873931176026,0.866460944023857,0.8587083588350743,0.02301878659865901,0.7507545675187135,-0.0181966542920729,0.047033551091532365,0.7373800455332268,1.1102230246251565e-16,6.355160948601224e-07,1995,0.005,1,1,1.143021821975708,1.0,0.143021821975708,0.143021821975708,-1.183670163154602,-1.0,-0.18367016315460205,0.18367016315460205,0.3818476894597995,0.59103520239728,0.6683718259833582,0.588941752910614,0fda6005da38f90d920de67ce30d48d65c38c3d59b6cd622ef49a4e7d115a0a3
1,linear,9,1000,800,200,10000,10000,0.5,286,31260913,31760913,1031760913,2031260913,3031260913,0.23281464742911076,0.927934278612581,0.8972733749131988,0.022744055770108778,0.8610620254242513,-0.03935328593311911,0.08905411893056399,0.8050995093281219,1.1102230246251565e-16,5.709073960247224e-07,2002,0.005,1,1,1.1438978910446167,1.0,0.1438978910446167,0.1438978910446167,-1.1830192804336548,-1.0,-0.18301928043365479,0.18301928043365479,0.3871186710537378,0.6041089968025175,0.6766253112722425,0.6019779443740845,814cef58de274ae4a146bea36bf0a38909342ed7e7e3b5b6a30f03265ae885ba
1,linear,9,1000,800,200,10000,10000,0.5,287,31260913,31760913,1031760913,2031260913,3031260913,0.23392626485645596,0.9662933295723584,0.9280482343686463,0.02251829907551862,0.9337227987760344,-0.047483786268395695,0.09931341870806537,0.8612735253147618,1.1102230246251565e-16,5.753594258806061e-07,2009,0.005,1,1,1.1459473371505737,1.0,0.14594733715057373,0.14594733715057373,-1.1828137636184692,-1.0,-0.18281376361846924,0.18281376361846924,0.3983865340268401,0.6088535362617044,0.6834305658374124,0.6071062088012695,d8024ade5a489b6c295b0b31362adbe4a950f28d7c33ed1625947e97e13e2fa9
1,linear,9,1000,800,200,10000,10000,0.5,288,31260913,31760913,1031760913,2031260913,3031260913,0.23773557560455055,0.9070144475110357,0.8835206233035283,0.022815448714588887,0.8226752079937493,-0.032440982452841424,0.07673883134117784,0.7806086918026552,0.0,5.444467632287342e-07,2016,0.005,1,1,1.149671196937561,1.0,0.14967119693756104,0.14967119693756104,-1.1847071647644043,-1.0,-0.1847071647644043,0.1847071647644043,0.37989590756217617,0.5982026356208378,0.6728811434374329,0.5965651273727417,c665c5e27a82c6d312ee80044d467e05721be794dc72e12338dd61419ffec71c
1,linear,9,1000,800,200,10000,10000,0.5,289,31260913,31760913,1031760913,2031260913,3031260913,0.24074124889531162,0.884972117281122,0.8696572162724792,0.023384346866873167,0.7831756483650321,-0.025128160708553712,0.06230946453358071,0.7563036738147977,-1.1102230246251565e-16,6.597074264647063e-07,2023,0.005,1,1,1.1515986919403076,1.0,0.15159869194030762,0.15159869194030762,-1.187013864517212,-1.0,-0.18701386451721191,0.18701386451721191,0.3774768122021288,0.6069440436328457,0.670899056116185,0.6066762208938599,8f3a09110e159d198d444f40f541fae6f775feb635715fcb3a6be70924dbb929
1,linear,9,1000,800,200,10000,10000,0.5,290,31260913,31760913,1031760913,2031260913,3031260913,0.24211033101236157,0.8630618071782702,0.8868042670982701,0.024596555844321247,0.7448756830098217,0.008474784644778464,-0.022027525404681687,0.7864218081437,1.1102230246251565e-16,5.572354240257482e-07,2030,0.005,1,1,1.1496433019638062,1.0,0.14964330196380615,0.14964330196380615,-1.1903268098831177,-1.0,-0.19032680988311768,0.19032680988311768,0.41623076917443524,0.61356731571214,0.6761072276163664,0.6147465705871582,786785020d8326544e46c1b963e954e069048b5283dc7acb36766e342d3f76b8
1,linear,9,1000,800,200,10000,10000,0.5,291,31260913,31760913,1031760913,2031260913,3031260913,0.24047131492547041,0.8791500509760319,0.8679836971687879,0.023899278784281462,0.7729048121311595,-0.02170419618232147,0.0544781243715396,0.753395698550798,0.0,5.640616294044776e-07,2037,0.005,1,1,1.1497212648391724,1.0,0.14972126483917236,0.14972126483917236,-1.1881754398345947,-1.0,-0.18817543983459473,0.18817543983459473,0.3817626613309544,0.5946601136051696,0.6703198595084496,0.5927671194076538,831ec99ce22e4995fd8f890199a970edaea74b0365e92c426268bf6085822652
1,linear,9,1000,800,200,10000,10000,0.5,292,31260913,31760913,1031760913,2031260913,3031260913,0.23855463718571432,0.8947550351402839,0.8864529068287547,0.023645257823301482,0.8005865729088907,-0.0192165373535218,0.04662896199107263,0.7857987560251487,1.1102230246251565e-16,5.338971256207969e-07,2044,0.005,1,1,1.1481496095657349,1.0,0.14814960956573486,0.14814960956573486,-1.1869759559631348,-1.0,-0.18697595596313477,0.18697595596313477,0.38331303160282276,0.6021807330624347,0.6741784292047694,0.6022717952728271,72eab1c21a607dbd21dcc56053773c60418b9924c60d8f2f39d248312c0f40d0
1,linear,9,1000,800,200,10000,10000,0.5,293,31260913,31760913,1031760913,2031260913,3031260913,0.23757120921949498,0.8928155391012585,0.8712536062414363,0.023409019866161288,0.7971195868606709,-0.030722880169062154,0.07488557965484882,0.7590828463887077,-1.1102230246251565e-16,6.537834202902104e-07,2051,0.005,1,1,1.147665023803711,1.0,0.14766502380371094,0.14766502380371094,-1.1861051321029663,-1.0,-0.1861051321029663,0.1861051321029663,0.3803879588230701,0.6046918218234856,0.6705862245025496,0.6031208038330078,50e9ef1bc2d69b7d23b4878e4690bdd4b038ee1fa4cfd7b280879a479f0a235a
1,linear,9,1000,800,200,10000,10000,0.5,294,31260913,31760913,1031760913,2031260913,3031260913,0.2367409736406905,0.9259123598023806,0.8999050348203418,0.023770654602955573,0.8573136980348132,-0.03562764047138398,0.0808722578371136,0.8098290716950006,-1.1102230246251565e-16,5.824963924538906e-07,2058,0.005,1,1,1.1455612182617188,1.0,0.14556121826171875,0.14556121826171875,-1.1867035627365112,-1.0,-0.18670356273651123,0.18670356273651123,0.3819869704223735,0.6060151335666439,0.6758396610306439,0.6106255650520325,a1290b3e2e3950b8a4502c1b9fa2ab2e4aacb22d75a86d404f4e6d928ac16859
1,linear,9,1000,800,200,10000,10000,0.5,295,31260913,31760913,1031760913,2031260913,3031260913,0.23779896161746159,0.9033827315666001,0.8930343739488522,0.023915708760556327,0.8161003596927319,-0.021252837699534944,0.05060102657004537,0.7975103930542183,0.0,5.810363106206751e-07,2065,0.005,1,1,1.14641535282135,1.0,0.1464153528213501,0.1464153528213501,-1.187379002571106,-1.0,-0.18737900257110596,0.18737900257110596,0.3776671777889976,0.6059893588295625,0.6773728134991632,0.6046951413154602,62cb1d7c571724c385f81758af25fe919948f533363e426103137f9e03c29ca4
1,linear,9,1000,800,200,10000,10000,0.5,296,31260913,31760913,1031760913,2031260913,3031260913,0.23636635601481648,0.8908168167097603,0.8835705021685116,0.023465259570270736,0.7935546009329107,-0.018161514100432867,0.044457950114572875,0.7806968323023159,1.1102230246251565e-16,6.22025886798383e-07,2072,0.005,1,1,1.146026611328125,1.0,0.146026611328125,0.146026611328125,-1.1858636140823364,-1.0,-0.18586361408233643,0.18586361408233643,0.37736600425282496,0.6009710204292299,0.6747853349661617,0.599407434463501,35e85d63f57915d2d0fe6017efdfd66998d25bd98c81f727942ca76eab4c48cd
1,linear,9,1000,800,200,10000,10000,0.5,297,31260913,31760913,1031760913,2031260913,3031260913,0.2364993105250637,0.8929165833174169,0.8788024821103544,0.022669151375627063,0.7973000247632495,-0.023837686787778405,0.05814288507777045,0.7722938025633197,0.0,5.599785328769258e-07,2079,0.005,1,1,1.1486152410507202,1.0,0.14861524105072021,0.14861524105072021,-1.1839712858200073,-1.0,-0.18397128582000732,0.18397128582000732,0.37507920713009485,0.6016798572776804,0.671410437578346,0.6007289290428162,2aa3ccabaeedd8ef7045d0b9c357e72b52614604d9aaa18de2d25a0d19811671
1,linear,9,1000,800,200,10000,10000,0.5,298,31260913,31760913,1031760913,2031260913,3031260913,0.23540106557314502,0.9053470373139384,0.8899232555435821,0.0226638833337496,0.8196532579731258,-0.02517687027479381,0.059780025931162425,0.7919634007572878,0.0,6.024304557428195e-07,2086,0.005,1,1,1.1472947597503662,1.0,0.1472947597503662,0.1472947597503662,-1.1836243867874146,-1.0,-0.18362438678741455,0.18362438678741455,0.3759403535527058,0.6115648772644318,0.6735093588564034,0.6119657158851624,8e1b174906b458f59f5bd5abc9f731cbc71c14b5b87a911ba1532bead59e273e
1,linear,9,1000,800,200,10000,10000,0.5,299,31260913,31760913,1031760913,2031260913,3031260913,0.23540386816685746,0.894850949336987,0.8834796215332162,0.022727731130572026,0.8007582215293069,-0.02147485549770197,0.0521559728574305,0.780536241664475,0.0,6.439647695088979e-07,2093,0.005,1,1,1.1471021175384521,1.0,0.14710211753845215,0.14710211753845215,-1.1837823390960693,-1.0,-0.18378233909606934,0.18378233909606934,0.37519938264847325,0.6034143420016992,0.6732308931746608,0.6015638709068298,42b260bc8d4094f142f72963ea37c56542b133fe83071c01df913937e922a362
1,linear,9,1000,800,200,10000,10000,0.5,300,31260913,31760913,1031760913,2031260913,3031260913,0.237544242031635,0.904425708748783,0.9094042395640654,0.02326638668227171,0.8179858626457386,-0.007118089195457168,0.01692260365697227,0.827016070937096,-1.1102230246251565e-16,5.363493613685932e-07,2100,0.005,1,1,1.1480644941329956,1.0,0.1480644941329956,0.1480644941329956,-1.1857529878616333,-1.0,-0.1857529878616333,0.1857529878616333,0.3895018748148918,0.6064753213406078,0.6797955779700741,0.606781542301178,e3b86cd0db2e88403040d4e6d62c8025cb8da12b3c1a84a2c6b7a8e628b42bcd
1,linear,9,1000,800,200,10000,10000,0.5,301,31260913,31760913,1031760913,2031260913,3031260913,0.2388964174908393,0.8849268766413261,0.888196996738933,0.02294898244812814,0.7830955770021727,-0.008575327217120367,0.02127755126334081,0.7888939050160602,0.0,5.383233823152977e-07,2107,0.005,1,1,1.150675654411316,1.0,0.15067565441131592,0.15067565441131592,-1.1853870153427124,-1.0,-0.1853870153427124,0.1853870153427124,0.38908329591091134,0.6125139522391712,0.6756684049952257,0.6096400618553162,f495a9d2f8fd1bda456f3331a46e6f9804aab9b5ff198fa2d177d402a7e694c7
1,linear,9,1000,800,200,10000,10000,0.5,302,31260913,31760913,1031760913,2031260913,3031260913,0.23901681939548738,0.9246171833713076,0.9023902066142178,0.022364583211546083,0.8549169357854902,-0.03148671700189278,0.07178246964073833,0.8143080849932507,-1.1102230246251565e-16,5.613211655486339e-07,2114,0.005,1,1,1.1526135206222534,1.0,0.15261352062225342,0.15261352062225342,-1.183951497077942,-1.0,-0.1839514970779419,0.1839514970779419,0.37978809256300716,0.6138295011811404,0.6770565102275108,0.6137750744819641,ce73d4abab750d97bef5c661655ca9bf351288deeaacbc767c9c5b640b5b61f8
1,linear,9,1000,800,200,10000,10000,0.5,303,31260913,31760913,1031760913,2031260913,3031260913,0.24085059586560512,0.9702419543501933,0.9311939842649366,0.022298266829431267,0.9413694499812827,-0.04827274023975347,0.10018544649293325,0.867122236331207,0.0,6.430154630976403e-07,2121,0.005,1,1,1.1550462245941162,1.0,0.1550462245941162,0.1550462245941162,-1.184308648109436,-1.0,-0.18430864810943604,0.18430864810943604,0.39630437118261613,0.6184988213369117,0.6828371365334241,0.6194431781768799,3ef7a6e639622fae61a1782549ce63111230802b94b75d1d3448825e382b19af
1,linear,9,1000,800,200,10000,10000,0.5,304,31260913,31760913,1031760913,2031260913,3031260913,0.24255128158615857,0.9140968406897114,0.890169525355865,0.022507005684991158,0.8355730341589116,-0.03283912798580833,0.07654094364386389,0.7924017838722861,0.0,5.822182043146995e-07,2128,0.005,1,1,1.1564699411392212,1.0,0.1564699411392212,0.1564699411392212,-1.1853328943252563,-1.0,-0.18533289432525635,0.18533289432525635,0.37651850599507214,0.6028658134476327,0.6738503086882656,0.6037827134132385,125a2699982a1d8c6037cdd9ffcdd4926fc39c81e067f084a93e66baf73e8a3b
1,linear,9,1000,800,200,10000,10000,0.5,305,31260913,31760913,1031760913,2031260913,3031260913,0.24301559961280314,0.9006597159784827,0.9031446972695821,0.022520065709386666,0.8111879239864412,-0.009018822744831265,0.021635447557895458,0.8156703442061652,-1.1102230246251565e-16,5.821319071230846e-07,2135,0.005,1,1,1.1569938659667969,1.0,0.15699386596679688,0.15699386596679688,-1.1854979991912842,-1.0,-0.18549799919128418,0.18549799919128418,0.3841149192008794,0.6136149790917246,0.6790665965521685,0.615068793296814,4a8c0f979eda58c2e2956f6bd44236d70eeea09fd4dcfe833aeb51282a53424e
1,linear,9,1000,800,200,10000,10000,0.5,306,31260913,31760913,1031760913,2031260913,3031260913,0.24405698173797352,0.9839976212317296,0.957194091227117,0.021709171414656874,0.9682513185897025,-0.03686998086212651,0.07448778256183568,0.9162205282801064,0.0,5.537245311160177e-07,2142,0.005,1,1,1.160767674446106,1.0,0.16076767444610596,0.16076767444610596,-1.1836234331130981,-1.0,-0.18362343311309814,0.18362343311309814,0.3831780660016922,0.6290114154700707,0.6918369675342265,0.6271470785140991,2c0ab44b0e20945c3dcd85dad581f3c6406b7e41058dc0630a8d34269e47c99c
1,linear,9,1000,800,200,10000,10000,0.5,307,31260913,31760913,1031760913,2031260913,3031260913,0.24527905553813187,0.8797058772015934,0.8682479403290718,0.02247878134954493,0.773882430383025,-0.02125336292344727,0.05337618811747067,0.7538544858856754,0.0,6.517058999122582e-07,2149,0.005,1,1,1.1598694324493408,1.0,0.15986943244934082,0.15986943244934082,-1.1860203742980957,-1.0,-0.1860203742980957,0.1860203742980957,0.3733639855668003,0.5992845898694711,0.6700088432007433,0.5998873710632324,cfe97cac42143c4ff4a9798ab59a14731f4281ec0dd1c91e5a9b87ce610f8032
1,linear,9,1000,800,200,10000,10000,0.5,308,31260913,31760913,1031760913,2031260913,3031260913,0.2445007835483718,0.9330360722081534,0.9172058516830781,0.02217713469066224,0.8705563120416185,-0.025733436185300138,0.057650883988929924,0.8412665743616806,1.1102230246251565e-16,6.327510053694141e-07,2156,0.005,1,1,1.159853219985962,1.0,0.15985321998596191,0.15985321998596191,-1.1850069761276245,-1.0,-0.1850069761276245,0.1850069761276245,0.3728329832746574,0.6186499971265428,0.6812287805896534,0.6188977360725403,a6217dd803f2af26f477f686a862434e1c55ec9d91258641c727d909601e94f8
1,linear,9,1000,800,200,10000,10000,0.5,309,31260913,31760913,1031760913,2031260913,3031260913,0.24590331437986218,0.8974855735824183,0.8970848746400384,0.022441572849408824,0.8054803547885624,-0.011580327665018889,0.027974443672622872,0.8047612723079334,-1.1102230246251565e-16,5.867492625100112e-07,2163,0.005,1,1,1.1607416868209839,1.0,0.1607416868209839,0.1607416868209839,-1.1860928535461426,-1.0,-0.18609285354614258,0.18609285354614258,0.37607465278942576,0.6141485127270547,0.6776255700453959,0.6137198805809021,39e69d4df823a35236448c79ed418b22c82ec64b4b46d86211db84c9a96c8e56
1,linear,9,1000,800,200,10000,10000,0.5,310,31260913,31760913,1031760913,2031260913,3031260913,0.24494704637700804,0.9096067179778452,0.8997524019106031,0.02258096370963182,0.8273843813904271,-0.020205480178079726,0.047544244702591054,0.8095543847438995,0.0,6.313613543085239e-07,2170,0.005,1,1,1.1591529846191406,1.0,0.15915298461914062,0.15915298461914062,-1.1861971616744995,-1.0,-0.1861971616744995,0.1861971616744995,0.3709121047856138,0.6071351496846575,0.6763596212057448,0.6103850603103638,0ac8703063fe78f0a8ea0b2b5886f345faecfff715e9b17ee3183c2e5534e735
1,linear,9,1000,800,200,10000,10000,0.5,311,31260913,31760913,1031760913,2031260913,3031260913,0.24560581872536594,0.9002643319578546,0.893514423951529,0.02313760592032172,0.8104758673955222,-0.017622723753205644,0.04228032371671769,0.7983680258094327,-1.1102230246251565e-16,6.323955865639164e-07,2177,0.005,1,1,1.1582581996917725,1.0,0.15825819969177246,0.15825819969177246,-1.187820553779602,-1.0,-0.18782055377960205,0.18782055377960205,0.36775648641185976,0.6056263247304099,0.675187991228984,0.6059980392456055,d895eca1da80b89d0f4f631dcc342ebc5ca780924d064cb0c6a34fc8c18ac023
1,linear,9,1000,800,200,10000,10000,0.5,312,31260913,31760913,1031760913,2031260913,3031260913,0.24792474596522024,0.9067297865635091,0.9105041143724728,0.02372522669807993,0.8221589058415067,-0.00843319512519272,0.01993936238022068,0.8290177422892011,-2.220446049250313e-16,6.56896954609465e-07,2184,0.005,1,1,1.1593072414398193,1.0,0.15930724143981934,0.15930724143981934,-1.1899681091308594,-1.0,-0.18996810913085938,0.18996810913085938,0.3830462537462755,0.6100279887861491,0.6813570429096353,0.6079742312431335,098d3a97c8778e1d60256b47fe57b67de97bfcf7e59b00c0ea166989528474ce
1,linear,9,1000,800,200,10000,10000,0.5,313,31260913,31760913,1031760913,2031260913,3031260913,0.24653564576199222,0.9635601604265268,0.9406197858981246,0.02339789697407528,0.928448182761194,-0.0335402490561177,0.0704741024209419,0.8847655816230338,-1.1102230246251565e-16,5.830939144857439e-07,2191,0.005,1,1,1.1586018800735474,1.0,0.15860188007354736,0.15860188007354736,-1.1887465715408325,-1.0,-0.18874657154083252,0.18874657154083252,0.3850518760793629,0.6195520200713922,0.685679356519679,0.623898446559906,40f95490fec60c41e718f1640ff093ef6b76d98be8fa7a574c2222dffade072f
1,linear,9,1000,800,200,10000,10000,0.5,314,31260913,31760913,1031760913,2031260913,3031260913,0.24548695595885944,0.9374170718195559,0.921776837921744,0.023431806096753483,0.8787507665387504,-0.026255016853247246,0.05820333411351472,0.8496725389290092,-1.1102230246251565e-16,6.416806037634615e-07,2198,0.005,1,1,1.1572256088256836,1.0,0.1572256088256836,0.1572256088256836,-1.1885310411453247,-1.0,-0.1885310411453247,0.1885310411453247,0.3773263035196232,0.619935166083868,0.6837991943778369,0.6171560287475586,6c56e5d417b0e63d90bc021c8c07860193e29179f1bd05b349c0dfa494caf6ec
1,linear,9,1000,800,200,10000,10000,0.5,315,31260913,31760913,1031760913,2031260913,3031260913,0.24483015176738906,0.9498548144663406,0.9421300687985996,0.023279396371019973,0.9022241685648862,-0.018947249200725973,0.04094473520917907,0.8876090665344541,0.0,6.06114195278451e-07,2205,0.005,1,1,1.1568870544433594,1.0,0.15688705444335938,0.15688705444335938,-1.1879581212997437,-1.0,-0.18795812129974365,0.18795812129974365,0.3776139781905988,0.6202418486687665,0.6873431618399168,0.6215591430664062,96ee58f09c0fe476a4fce491c6b13730430ded9bc6b5fdf311f13662f4a75e12
1,linear,9,1000,800,200,10000,10000,0.5,316,31260913,31760913,1031760913,2031260913,3031260913,0.24433117625767053,0.9202525473130024,0.9116238252619542,0.02342959084664875,0.8468647508360698,-0.01961817144874039,0.0450839917235554,0.8310579987852379,1.1102230246251565e-16,5.782181400348918e-07,2212,0.005,1,1,1.1558276414871216,1.0,0.15582764148712158,0.15582764148712158,-1.18818998336792,-1.0,-0.18818998336791992,0.18818998336791992,0.3725801988181307,0.6109162456883256,0.6811374415244161,0.6082625985145569,2245b57f1e2c3a1679ba00c23b71a7a0caaaaa869643fdfdba8881f3c8231617
1,linear,9,1000,800,200,10000,10000,0.5,317,31260913,31760913,1031760913,2031260913,3031260913,0.24387594330707246,0.9406305403208944,0.9271670219462068,0.02381653361127933,0.8847858133843778,-0.024481830205529694,0.05388898738040947,0.859638686584598,2.220446049250313e-16,6.056860399894504e-07,2219,0.005,1,1,1.1541125774383545,1.0,0.1541125774383545,0.1541125774383545,-1.1890100240707397,-1.0,-0.18901002407073975,0.18901002407073975,0.3665324074961272,0.6085312753421797,0.6824776222166441,0.6092526316642761,75bcf64e62a0eda2668fdcf0352724fe232c535d6f72ad4efbde133250cb0a3f
1,linear,9,1000,800,200,10000,10000,0.5,318,31260913,31760913,1031760913,2031260913,3031260913,0.24521272859584917,0.9195120572488175,0.907379403641562,0.02477143280220052,0.8455024234259526,-0.023468237037618273,0.053932993320819196,0.8233373821529167,1.1102230246251565e-16,5.912965903576151e-07,2226,0.005,1,1,1.1529072523117065,1.0,0.15290725231170654,0.15290725231170654,-1.1916993856430054,-1.0,-0.19169938564300537,0.19169938564300537,0.3617930336065569,0.6063651230756161,0.6775836761561511,0.605268657207489,b0507ae99ed564b7df4f7518adbe9106d0c9a416ad04f8e79ffff65c25b7048a
1,linear,9,1000,800,200,10000,10000,0.5,319,31260913,31760913,1031760913,2031260913,3031260913,0.24475855438153646,0.9342662770847706,0.9276674811091686,0.02439703883453156,0.8728534764978373,-0.018341779912469627,0.040884412099056355,0.8605669555074297,0.0,5.622721097608974e-07,2233,0.005,1,1,1.1534589529037476,1.0,0.15345895290374756,0.15345895290374756,-1.1906753778457642,-1.0,-0.19067537784576416,0.19067537784576416,0.36667291967805965,0.610877749934145,0.6836814950297211,0.6101847887039185,e9f3b8d319e5428bd4130bab405e4dd76d032eb5204956287e0a6c21571ea30f
1,linear,9,1000,800,200,10000,10000,0.5,320,31260913,31760913,1031760913,2031260913,3031260913,0.24319528669966595,0.9773026002445471,0.9488845201993561,0.023115121152371267,0.9551203724447529,-0.038926830461581075,0.07958580672316655,0.9003818326739623,3.3306690738754696e-16,6.474116460708501e-07,2240,0.005,1,1,1.1553974151611328,1.0,0.1553974151611328,0.1553974151611328,-1.1870710849761963,-1.0,-0.1870710849761963,0.1870710849761963,0.3676312652940457,0.6127174345758789,0.6878516543900836,0.614112377166748,82514f811c6cb853318b95daff780ec22e3862092d3061faa58c6290f2d1b4e6
1,linear,9,1000,800,200,10000,10000,0.5,321,31260913,31760913,1031760913,2031260913,3031260913,0.24258379244098252,0.9631066556124458,0.9366975349888638,0.023183417718220054,0.9275744300849903,-0.036677787874498415,0.07715484644012122,0.8774022720542136,1.1102230246251565e-16,5.958405200345851e-07,2247,0.005,1,1,1.1544471979141235,1.0,0.15444719791412354,0.15444719791412354,-1.1870640516281128,-1.0,-0.1870640516281128,0.1870640516281128,0.36637834618244286,0.6111862033172752,0.6851114538793588,0.6114059686660767,c271ad06e93774face8ef9083110c485953a45623ab2429796751630caf5eac6
1,linear,9,1000,800,200,10000,10000,0.5,322,31260913,31760913,1031760913,2031260913,3031260913,0.24266652010914702,0.9648158751414403,0.9446030572780139,0.023011643458722232,0.9308696729249434,-0.030803190282347417,0.06458495360644616,0.8922749358189707,-1.1102230246251565e-16,6.473678126894811e-07,2254,0.005,1,1,1.1550688743591309,1.0,0.15506887435913086,0.15506887435913086,-1.1866565942764282,-1.0,-0.18665659427642822,0.18665659427642822,0.36200227602922846,0.6150885522492159,0.6865649655998912,0.6144916415214539,70e939d08ffcce2c15b106aa0f17162a0838721b739f694fe0f89e7e5b0f301c
1,linear,9,1000,800,200,10000,10000,0.5,323,31260913,31760913,1031760913,2031260913,3031260913,0.24257272026146623,0.9692797190901011,0.9478172921498631,0.023124025535356123,0.9395031738393854,-0.03213479003822125,0.06676476637912136,0.8983576192982989,-1.1102230246251565e-16,6.503712395300454e-07,2261,0.005,1,1,1.154613733291626,1.0,0.15461373329162598,0.15461373329162598,-1.1869120597839355,-1.0,-0.18691205978393555,0.18691205978393555,0.36461149984478425,0.6133150188772314,0.6866613853078702,0.615348219871521,6c4e107a72a6ec0afee7f16f8f0a78f6bf4ddba2ab4db6e74d4cbf3412003ca5
1,linear,9,1000,800,200,10000,10000,0.5,324,31260913,31760913,1031760913,2031260913,3031260913,0.2436754542244944,0.9134815941839727,0.9031276212406997,0.02401741882579405,0.8344486229128921,-0.021413270745400736,0.04988728663519775,0.8156395002478847,0.0,5.697253069314456e-07,2268,0.005,1,1,1.1532686948776245,1.0,0.1532686948776245,0.1532686948776245,-1.1894371509552002,-1.0,-0.1894371509552002,0.1894371509552002,0.3681262502041567,0.5979814531233266,0.6780428968067115,0.5946875810623169,36b67612a04c7e47fc2dc2408882de676712505cfc350468fdf7562e1f6d6347
1,linear,9,1000,800,200,10000,10000,0.5,325,31260913,31760913,1031760913,2031260913,3031260913,0.24485963467997834,0.9380012725814056,0.9222643777931722,0.024531667508452468,0.8798463873643364,-0.026903236163280997,0.059495552812955516,0.850571582546227,1.1102230246251565e-16,6.193752462024804e-07,2275,0.005,1,1,1.153183937072754,1.0,0.1531839370727539,0.1531839370727539,-1.191025972366333,-1.0,-0.191025972366333,0.191025972366333,0.3633028475068272,0.6074714239010138,0.6810581685602493,0.608361542224884,6b00d082ecb375c609189ad5c41b030533078d1f137bc0dedfe011e50e010159
1,linear,9,1000,800,200,10000,10000,0.5,326,31260913,31760913,1031760913,2031260913,3031260913,0.2453228309759643,0.9962507053028877,0.9618399843485541,0.02465882378424347,0.9925154678165014,-0.04601906805455893,0.09048413518618903,0.9251361554916268,-3.3306690738754696e-16,6.581396778670978e-07,2282,0.005,1,1,1.1533727645874023,1.0,0.15337276458740234,0.15337276458740234,-1.1914682388305664,-1.0,-0.1914682388305664,0.1914682388305664,0.3783584015323125,0.6164455581965648,0.691169376200797,0.6159607172012329,54826e1b7767013c48a3e92ff0dc95f06f131127472db341e444e78709202c69
1,linear,9,1000,800,200,10000,10000,0.5,327,31260913,31760913,1031760913,2031260913,3031260913,0.24626925252373227,0.9588988762873335,0.9354694749989934,0.026003492582489424,0.9194870549451108,-0.035193704436353945,0.07444538610858314,0.8751031386548922,-2.220446049250313e-16,5.494655930249337e-07,2289,0.005,1,1,1.1506081819534302,1.0,0.15060818195343018,0.15060818195343018,-1.1948479413986206,-1.0,-0.1948479413986206,0.1948479413986206,0.36804049592484467,0.60851669928585,0.6831119256853438,0.6102046966552734,5c3b88a6a7684ddf4a8ba54ebd958ba132431e776f302f51a017eae99f46a7d7
1,linear,9,1000,800,200,10000,10000,0.5,328,31260913,31760913,1031760913,2031260913,3031260913,0.24730842416703386,0.9440624185646369,0.925794010635372,0.025901495471593802,0.8912538501461117,-0.03003039774468911,0.06548595696067952,0.8570945501283274,1.1102230246251565e-16,5.916004539585629e-07,2296,0.005,1,1,1.1521700620651245,1.0,0.1521700620651245,0.1521700620651245,-1.1949505805969238,-1.0,-0.19495058059692383,0.19495058059692383,0.36188877541788317,0.6027909623364048,0.6832147858463009,0.5986834168434143,1e3586e8769b700de8d4825da825adb754ff315392ac801593c6d01098638c5e
1,linear,9,1000,800,200,10000,10000,0.5,329,31260913,31760913,1031760913,2031260913,3031260913,0.24778076362683835,0.9583197658488911,0.9427488936034764,0.026259770756659542,0.9183767736166736,-0.027930533991377127,0.05913498510669222,0.8887754763905789,0.0,6.452683223301392e-07,2303,0.005,1,1,1.1517157554626465,1.0,0.15171575546264648,0.15171575546264648,-1.1959021091461182,-1.0,-0.19590210914611816,0.19590210914611816,0.3595262658425996,0.6094033441448203,0.6867085982804654,0.6079039573669434,bbb61b854c6e3cde41056eb8aa1df936eb16f35e97895757640e59746563b008
1,linear,9,1000,800,200,10000,10000,0.5,330,31260913,31760913,1031760913,2031260913,3031260913,0.24891319155940445,0.9588896119020595,0.9338402273234517,0.027102414056691077,0.9194692878136822,-0.037257065851428794,0.0787200077454479,0.872057570167516,2.220446049250313e-16,5.842207695394563e-07,2310,0.005,1,1,1.1506973505020142,1.0,0.15069735050201416,0.15069735050201416,-1.1981112957000732,-1.0,-0.19811129570007324,0.19811129570007324,0.3597801301131733,0.609940274367249,0.6838568385256142,0.610599160194397,fc68db51779406947cf558f03a407fb7ed9f5336779b3ca5a24b841ae0abab6f
1,linear,9,1000,800,200,10000,10000,0.5,331,31260913,31760913,1031760913,2031260913,3031260913,0.24978440625017065,0.9480918303360014,0.9268664765327234,0.027224546131291584,0.8988781187498693,-0.03351059978048769,0.07236908185506156,0.8590814653201855,0.0,6.373888332689148e-07,2317,0.005,1,1,1.151416540145874,1.0,0.15141654014587402,0.15141654014587402,-1.1986587047576904,-1.0,-0.19865870475769043,0.19865870475769043,0.3608690231888032,0.6054315530375313,0.6823804518123526,0.6029785871505737,a33d6d3b865f4eb32f1d4673f9dc57f26625445bb988c224bfba64a60869fbd8
1,linear,9,1000,800,200,10000,10000,0.5,332,31260913,31760913,1031760913,2031260913,3031260913,0.24846470077995753,0.9843509984124148,0.9571405155946849,0.02666560842010897,0.9689468880755179,-0.03974726495138383,0.0798448494595777,0.9161179665928594,1.1102230246251565e-16,6.537991712463054e-07,2324,0.005,1,1,1.1513903141021729,1.0,0.15139031410217285,0.15139031410217285,-1.197016954421997,-1.0,-0.19701695442199707,0.19701695442199707,0.36277579720918773,0.6041857827705042,0.688009413459877,0.6066476702690125,69d179a5fafa12252997b45dac303d779b23ccf98fe47fa3523e2ce258317e56
1,linear,9,1000,800,200,10000,10000,0.5,333,31260913,31760913,1031760913,2031260913,3031260913,0.24847675166532207,0.961306661994418,0.9360573959415773,0.02590607807362087,0.9241104983948503,-0.03690656398577219,0.07769667372113909,0.8762034484969269,1.1102230246251565e-16,5.828909728222698e-07,2331,0.005,1,1,1.1535812616348267,1.0,0.15358126163482666,0.15358126163482666,-1.195329189300537,-1.0,-0.1953291893005371,0.1953291893005371,0.3590099343747963,0.6052292370457463,0.6846774767110488,0.6042084097862244,3f76023cb40ef2e5fad44fa6ed26d78fd1156db39d233361b9862bf178d1ba1d
1,linear,9,1000,800,200,10000,10000,0.5,334,31260913,31760913,1031760913,2031260913,3031260913,0.24945111818928564,0.9339009995760919,0.9372261840087156,0.027477990532119752,0.8721710770092235,-0.010628073774902231,0.02362715453915328,0.8783929199915388,0.0,5.800710347614313e-07,2338,0.005,1,1,1.1502944231033325,1.0,0.15029442310333252,0.15029442310333252,-1.1990915536880493,-1.0,-0.19909155368804932,0.19909155368804932,0.3675917193431383,0.6148935227612604,0.6861963981594259,0.6132974028587341,2b2239a12a652aaaad3ff42ff7d8dd519e67c22eae985a7cd0a6dbcc6837af44
1,linear,9,1000,800,200,10000,10000,0.5,335,31260913,31760913,1031760913,2031260913,3031260913,0.2501957975521484,0.921535570624955,0.9231695433263558,0.027800436429982357,0.8492278079270614,-0.012393119315825773,0.028261619612744093,0.8522420057253923,1.1102230246251565e-16,5.777966727293915e-07,2345,0.005,1,1,1.1502995491027832,1.0,0.1502995491027832,0.1502995491027832,-1.2000199556350708,-1.0,-0.2000199556350708,0.2000199556350708,0.36651366205987573,0.6139387329420692,0.6821804929236414,0.6127506494522095,3ff4f5bec4d3865a0ba398ea43ddc8b83f45c00d996b1e1f20611a5d9fa499d7
1,linear,9,1000,800,200,10000,10000,0.5,336,31260913,31760913,1031760913,2031260913,3031260913,0.2511805075198068,0.9404347865371441,0.9284633729260462,0.027264793253818913,0.8844175877291637,-0.02481907305888625,0.05444675377432685,0.8620442348652103,2.220446049250313e-16,6.542907105000495e-07,2352,0.005,1,1,1.153008222579956,1.0,0.15300822257995605,0.15300822257995605,-1.1991987228393555,-1.0,-0.19919872283935547,0.19919872283935547,0.35432133912675534,0.6149030729998833,0.6832159089513914,0.6151265501976013,94dbad66d12b4ae9fa9c93dd7de82ed75e840cc77f87d5ea33ed9cf93c9a6ac3
1,linear,9,1000,800,200,10000,10000,0.5,337,31260913,31760913,1031760913,2031260913,3031260913,0.2523952844402478,0.945999780795735,0.9332817523465116,0.027957463719716007,0.8949155852655786,-0.025929109861159715,0.05619214883275431,0.8710148292629754,2.220446049250313e-16,6.072635301279661e-07,2359,0.005,1,1,1.152550220489502,1.0,0.15255022048950195,0.15255022048950195,-1.201076626777649,-1.0,-0.20107662677764893,0.20107662677764893,0.3570926777416943,0.6089929806742255,0.683623076087908,0.6081669926643372,284c3d8b9cd7547336311d19d8f91f286d422ee66018ab9e1d09179609cbe06a
1,linear,9,1000,800,200,10000,10000,0.5,338,31260913,31760913,1031760913,2031260913,3031260913,0.2538136097352379,0.9444787172531037,0.9338798034820566,0.028376643340776747,0.8920400473440683,-0.02414260166658009,0.052460156168216705,0.8721314873516847,-1.1102230246251565e-16,5.572909014261995e-07,2366,0.005,1,1,1.1531189680099487,1.0,0.15311896800994873,0.15311896800994873,-1.2024251222610474,-1.0,-0.20242512226104736,0.20242512226104736,0.3581453030077361,0.6069444568744271,0.6834313001512734,0.6057087779045105,562435402bc75cf6b208c3fbcf1aaeba3316c68d897aa6794ee357e76ce4340e
1,linear,9,1000,800,200,10000,10000,0.5,339,31260913,31760913,1031760913,2031260913,3031260913,0.25574682086245437,0.9435976795903754,0.9334644481441486,0.028750577365613275,0.8903765809283408,-0.023885641172446914,0.05197461734627112,0.87135587594906,-2.220446049250313e-16,6.169137005684888e-07,2373,0.005,1,1,1.1544501781463623,1.0,0.1544501781463623,0.1544501781463623,-1.203842043876648,-1.0,-0.20384204387664795,0.20384204387664795,0.3623512050757973,0.608602066392844,0.6846395698545878,0.6065199971199036,a81e479f700bfafe7cb212a89c77448d27bd40f7c33a259e931c1d39c75ad84f
1,linear,9,1000,800,200,10000,10000,0.5,340,31260913,31760913,1031760913,2031260913,3031260913,0.2559425038972458,1.0318391546689007,0.9941353255177262,0.02853535803947671,1.0646920411078318,-0.052461176852536456,0.09597486651625257,0.9883050454422355,0.0,5.923456711798281e-07,2380,0.005,1,1,1.1552821397781372,1.0,0.1552821397781372,0.1552821397781372,-1.2034552097320557,-1.0,-0.20345520973205566,0.20345520973205566,0.3817704841343494,0.6179882331786812,0.6997652285822593,0.6202766299247742,e0b8820453ae06b56dc7037ba0b231e23bff8f000c37407fd4a1d0d9eb6b646c
1,linear,9,1000,800,200,10000,10000,0.5,341,31260913,31760913,1031760913,2031260913,3031260913,0.25643990625692475,0.946636335357689,0.9290392392370167,0.029605542765777856,0.8961203514194349,-0.031305993071558944,0.06763555663334499,0.8631139080420948,-1.1102230246251565e-16,5.845780837177017e-07,2387,0.005,1,1,1.1529592275619507,1.0,0.15295922756195068,0.15295922756195068,-1.2058273553848267,-1.0,-0.20582735538482666,0.20582735538482666,0.3663380843015678,0.6106259857489909,0.6849926376704814,0.6072818040847778,c04d4dd28c771b50205604f3a73104c136d2e26117ad582c524a04081d35e8ce
1,linear,9,1000,800,200,10000,10000,0.5,342,31260913,31760913,1031760913,2031260913,3031260913,0.2559702688062595,0.9947647175690221,0.9737784596101768,0.030039077559512895,0.9895568433201762,-0.03567571623946024,0.06998010782287137,0.9482444884007688,1.1102230246251565e-16,5.571416359373416e-07,2394,0.005,1,1,1.151206612586975,1.0,0.1512066125869751,0.1512066125869751,-1.2065365314483643,-1.0,-0.20653653144836426,0.20653653144836426,0.36057889625104417,0.6247127179696783,0.6932803647874148,0.6255965232849121,7171618de333128f5ce5889f592e4bfbe5669a376122c521623461892f99a5c1
1,linear,9,1000,800,200,10000,10000,0.5,343,31260913,31760913,1031760913,2031260913,3031260913,0.2551273263759217,0.9390078977233319,0.9214498296253272,0.03041996013738109,0.8817358319867914,-0.03154300180381391,0.0691614350885357,0.8490697885165446,-1.1102230246251565e-16,5.643425051715667e-07,2401,0.005,1,1,1.1491414308547974,1.0,0.14914143085479736,0.14914143085479736,-1.206994652748108,-1.0,-0.2069946527481079,0.2069946527481079,0.35798859272758443,0.6105893511951624,0.680532386872443,0.6099052429199219,3548765dd30b6d3328d5f071966055b5fb97a360d7ccb4f5b664e947b0426d81
1,linear,9,1000,800,200,10000,10000,0.5,344,31260913,31760913,1031760913,2031260913,3031260913,0.2581112205258807,0.9173524620001653,0.9188956293179803,0.03133843153533877,0.8415355395377646,-0.014252396746708224,0.03265625329435922,0.844369177579687,1.1102230246251565e-16,5.611031959062984e-07,2408,0.005,1,1,1.150344967842102,1.0,0.15034496784210205,0.15034496784210205,-1.2098041772842407,-1.0,-0.20980417728424072,0.20980417728424072,0.3680383188884913,0.6020318466543418,0.6793863521143961,0.5997079610824585,acdf8c6c548797c6affbe1e3742e77dccb032819d4d5deec803aa41e29d39d1f
1,linear,9,1000,800,200,10000,10000,0.5,345,31260913,31760913,1031760913,2031260913,3031260913,0.2614675555794166,0.9635585160596556,0.9461813360105105,0.03117055870903848,0.9284450138710856,-0.03217822598274487,0.06706482658722822,0.8952591206146344,1.1102230246251565e-16,6.507203238470538e-07,2415,0.005,1,1,1.1549122333526611,1.0,0.15491223335266113,0.15491223335266113,-1.2106359004974365,-1.0,-0.21063590049743652,0.21063590049743652,0.3553848213320703,0.614808300980133,0.6862248038977334,0.6148842573165894,28e14609c1788d7d9c4540e59368b8ac2df9969b7dac6f820ea93d939c20bb6a
1,linear,9,1000,800,200,10000,10000,0.5,346,31260913,31760913,1031760913,2031260913,3031260913,0.2623711354086048,0.9560826052699087,0.952419486308367,0.031649190103211274,0.914093948099696,-0.019320130151506788,0.040857034793228796,0.9071028778998937,0.0,5.439260259976209e-07,2422,0.005,1,1,1.1547526121139526,1.0,0.15475261211395264,0.15475261211395264,-1.211873173713684,-1.0,-0.21187317371368408,0.21187317371368408,0.3640677581873465,0.6246320607023257,0.6870467275192321,0.6253648996353149,5f14b9f26981b2935188f900ecb76b6751cc57886c28169632b8175068732c53
1,linear,9,1000,800,200,10000,10000,0.5,347,31260913,31760913,1031760913,2031260913,3031260913,0.2625922829161709,0.9246378593360178,0.919202452422991,0.03144808442455249,0.8549551709174935,-0.02073505340080254,0.04678469596279017,0.8449331485404411,2.220446049250313e-16,5.840306158688691e-07,2429,0.005,1,1,1.1555553674697876,1.0,0.1555553674697876,0.1555553674697876,-1.2115590572357178,-1.0,-0.21155905723571777,0.21155905723571777,0.36698906822779975,0.6116346101366852,0.680605960252217,0.6094889640808105,0d991e31c847e555aba560aa9965b7e6d659ce902d1055649a1139353ebf0b0a
1,linear,9,1000,800,200,10000,10000,0.5,348,31260913,31760913,1031760913,2031260913,3031260913,0.260478620569322,1.0350709241362026,0.99732720869704,0.02965620912724836,1.0713718179921725,-0.05318323295599584,0.09660650164399026,0.9946615612074291,0.0,6.199519333449643e-07,2436,0.005,1,1,1.1577622890472412,1.0,0.1577622890472412,0.1577622890472412,-1.2072683572769165,-1.0,-0.2072683572769165,0.2072683572769165,0.3699764093868954,0.6175353134569308,0.6982881655418617,0.6179299354553223,62a40c925f41b91357e8f4733de05e346132094ae3e11b96b501b44e2eacf41d
1,linear,9,1000,800,200,10000,10000,0.5,349,31260913,31760913,1031760913,2031260913,3031260913,0.2584972270016152,1.0259006885160633,0.9851053118800247,0.02926325077164149,1.0524722226977326,-0.055651498987566654,0.10289299066634011,0.9704324754942407,0.0,5.654772881058534e-07,2443,0.005,1,1,1.1564081907272339,1.0,0.1564081907272339,0.1564081907272339,-1.2058088779449463,-1.0,-0.2058088779449463,0.2058088779449463,0.37275448949206824,0.6145111648299139,0.6958316053174942,0.6153053641319275,7fa1bf5148318146ac083b6a27e95f7366ed179479b7336aa607d82a7dd0de90
1,linear,9,1000,800,200,10000,10000,0.5,350,31260913,31760913,1031760913,2031260913,3031260913,0.2571832116197085,0.9861701470679972,0.9603757683816223,0.02919290798637328,0.9725315589681153,-0.03970142522994864,0.07926615858880165,0.9223216164945914,2.220446049250313e-16,6.568054402578127e-07,2450,0.005,1,1,1.1549937725067139,1.0,0.15499377250671387,0.15499377250671387,-1.2052319049835205,-1.0,-0.2052319049835205,0.2052319049835205,0.36013490510577845,0.6120343591665433,0.6892517368872303,0.6116824746131897,918e8d57a1cca217a497dc78439372e51b3e2fad94e955bed18313fd440f35ad
1,linear,9,1000,800,200,10000,10000,0.5,351,31260913,31760913,1031760913,2031260913,3031260913,0.25906627646163244,0.9588765226362662,0.958734566346406,0.029611583837069588,0.9194441856630179,-0.014941900396328332,0.0314879291112659,0.919171968707431,1.1102230246251565e-16,6.385522759444484e-07,2457,0.005,1,1,1.1561567783355713,1.0,0.1561567783355713,0.1561567783355713,-1.206713318824768,-1.0,-0.20671331882476807,0.20671331882476807,0.3665952903182811,0.6241502876989052,0.6908359370601577,0.6228983402252197,503fea9d38d73b04e60559af1f1fd8282e056e7962b364590584ee1bdeb578d6
1,linear,9,1000,800,200,10000,10000,0.5,352,31260913,31760913,1031760913,2031260913,3031260913,0.25971491962366355,0.96026100532503,0.959862545512782,0.028802288456664958,0.9221011983478373,-0.014783690263112286,0.031093986862520965,0.9213361062782777,-1.1102230246251565e-16,5.940986120833713e-07,2464,0.005,1,1,1.1591542959213257,1.0,0.15915429592132568,0.15915429592132568,-1.2052358388900757,-1.0,-0.20523583889007568,0.20523583889007568,0.3599066985661289,0.6176588127570645,0.6905838654477119,0.6154904365539551,edc08d36792e55fb7eebee5ab7a590185769a45f6c1c8a034113f365fad7f854
1,linear,9,1000,800,200,10000,10000,0.5,353,31260913,31760913,1031760913,2031260913,3031260913,0.25988657167222806,0.9406203285885852,0.9437831652823101,0.029024154985554697,0.8847666025540981,-0.011532047234678154,0.025240017234859666,0.8907266630702964,-1.1102230246251565e-16,6.447113953811368e-07,2471,0.005,1,1,1.158757209777832,1.0,0.15875720977783203,0.15875720977783203,-1.2057600021362305,-1.0,-0.20576000213623047,0.20576000213623047,0.3587835152230872,0.6153916160204045,0.6862160311758706,0.6143890619277954,976aa9083d511f4550e4df25aba906bc5627124e8842d796b0772de6cec4c327
1,linear,9,1000,800,200,10000,10000,0.5,354,31260913,31760913,1031760913,2031260913,3031260913,0.26055825467595234,0.9962839052624471,0.9757698231262729,0.028137938446416662,0.9925816198849927,-0.03429640530376565,0.06720044702548986,0.952126747723878,-2.220446049250313e-16,5.776468814389091e-07,2478,0.005,1,1,1.1620088815689087,1.0,0.1620088815689087,0.1620088815689087,-1.2040679454803467,-1.0,-0.20406794548034668,0.20406794548034668,0.3503391311040432,0.6089240730952604,0.6933277795210898,0.609114944934845,9d907aa77cc8a897339e5aa18caea60b626ad1a76f68f16a61440fb02e874588
1,linear,9,1000,800,200,10000,10000,0.5,355,31260913,31760913,1031760913,2031260913,3031260913,0.262319045094411,1.0221687688901817,0.992612488083801,0.02802549865304395,1.0448289920944698,-0.0437874696238,0.08162797471871695,0.985279551499914,2.220446049250313e-16,6.263042582332901e-07,2485,0.005,1,1,1.1644632816314697,1.0,0.16446328163146973,0.16446328163146973,-1.2043602466583252,-1.0,-0.2043602466583252,0.2043602466583252,0.3608471488079641,0.6111203331146339,0.6978346354922579,0.6091250777244568,15b76162eccc51fbf9bcde26719b072a34c972abec2774042b4ad90acc0edc56
1,linear,9,1000,800,200,10000,10000,0.5,356,31260913,31760913,1031760913,2031260913,3031260913,0.2630992100806762,0.9791719683353544,0.9544792818264577,0.027996887312712573,0.9587777435737321,-0.03787196572524723,0.0767590988658188,0.9110306994359504,1.1102230246251565e-16,5.845304649199079e-07,2492,0.005,1,1,1.1654917001724243,1.0,0.16549170017242432,0.16549170017242432,-1.2045328617095947,-1.0,-0.20453286170959473,0.20453286170959473,0.35448345761833816,0.6058738533975117,0.6883611658163087,0.606965959072113,818416637440c77619094f36665b97dba00a837d13a089a4444b73ea2923b1df
1,linear,9,1000,800,200,10000,10000,0.5,357,31260913,31760913,1031760913,2031260913,3031260913,0.26360114176718796,0.9691312189720506,0.9767116129491422,0.029173466633204134,0.9392153195862527,-0.0072116056748709415,0.01489402970685917,0.953965574869715,1.1102230246251565e-16,5.634603592596932e-07,2499,0.005,1,1,1.1628814935684204,1.0,0.1628814935684204,0.1628814935684204,-1.2072563171386719,-1.0,-0.20725631713867188,0.20725631713867188,0.37016651179988697,0.6188946373011924,0.6942528152195949,0.6193901896476746,b736b1ffb4f6b4c41ea24fcb53504daaec4505189960498f665b0ce4348dd383
1,linear,9,1000,800,200,10000,10000,0.5,358,31260913,31760913,1031760913,2031260913,3031260913,0.26414005238726995,0.967624355801868,0.9679956024490577,0.02945526946301163,0.93629689394098,-0.014368338521638714,0.029755747004478993,0.9370154863607142,0.0,5.782840464263472e-07,2506,0.005,1,1,1.162774920463562,1.0,0.162774920463562,0.162774920463562,-1.2080247402191162,-1.0,-0.2080247402191162,0.2080247402191162,0.35857370139938516,0.6136356647720881,0.6915128098187895,0.6137964725494385,e9efe9f73738f3fb100d15e7d7ab0dc4311f51bee11bd84054e6c97e71819e0c
1,linear,9,1000,800,200,10000,10000,0.5,359,31260913,31760913,1031760913,2031260913,3031260913,0.26529427437952985,0.9966364372662175,0.9695157383750932,0.029043467297563984,0.9932841880866992,-0.041183444213630384,0.08056799402174195,0.9399607669570023,0.0,5.809600374107049e-07,2513,0.005,1,1,1.1652973890304565,1.0,0.16529738903045654,0.16529738903045654,-1.2075037956237793,-1.0,-0.2075037956237793,0.2075037956237793,0.3513363028166344,0.6084802787915082,0.6916133762806826,0.6087666749954224,82fc71916f1da720811c9e7ab8ef035bdcc47be817dc400f6a01a8f689d774c3
1,linear,9,1000,800,200,10000,10000,0.5,360,31260913,31760913,1031760913,2031260913,3031260913,0.26566333563611366,1.017790042660287,0.9902365352607466,0.028979364414445503,1.035896570938429,-0.04215376979383319,0.07917123186723989,0.9805683957652079,-2.220446049250313e-16,6.433808508177208e-07,2520,0.005,1,1,1.1659209728240967,1.0,0.16592097282409668,0.16592097282409668,-1.2074782848358154,-1.0,-0.20747828483581543,0.20747828483581543,0.3550364277825551,0.6067725394535871,0.6968193969909576,0.6101169586181641,0f40f3a1772ce7c6695d89f90301041e06cb6960d11119ce36a85c971d0d6867
1,linear,9,1000,800,200,10000,10000,0.5,361,31260913,31760913,1031760913,2031260913,3031260913,0.2654927538283525,0.9838002252345287,0.9757063631482348,0.029315954707518927,0.9678628831715094,-0.022587965395536716,0.04530373998626103,0.9520029070879551,2.220446049250313e-16,6.4677782063427e-07,2527,0.005,1,1,1.1648004055023193,1.0,0.16480040550231934,0.16480040550231934,-1.208151936531067,-1.0,-0.2081519365310669,0.2081519365310669,0.3460900378666089,0.607552431361828,0.6937688072360938,0.6071207523345947,5b1961fa1b721bcbef2e95f927b6fcfabedec054959fe0b88de3eed1e929b39f
1,linear,9,1000,800,200,10000,10000,0.5,362,31260913,31760913,1031760913,2031260913,3031260913,0.2635777686553104,0.9958890267657828,0.9803257554487412,0.029008223868378594,0.991794953632498,-0.029882295352365723,0.058546634671579605,0.9610385867961453,2.220446049250313e-16,6.269899586186511e-07,2534,0.005,1,1,1.1633021831512451,1.0,0.16330218315124512,0.16330218315124512,-1.2068952322006226,-1.0,-0.20689523220062256,0.20689523220062256,0.3483755555803905,0.6163479676365681,0.6943343707718542,0.6185060143470764,fcf20f7e5c274185aafec6d1bc4c6c6639a38282493896b616398efd1f8f64bd
1,linear,9,1000,800,200,10000,10000,0.5,363,31260913,31760913,1031760913,2031260913,3031260913,0.26160198660348205,1.0192129437204376,0.9931561691824805,0.028275998629105556,1.03879502464728,-0.04035592344558273,0.0756386830216268,0.9863591763852199,0.0,6.238939302960489e-07,2541,0.005,1,1,1.1628994941711426,1.0,0.16289949417114258,0.16289949417114258,-1.20469331741333,-1.0,-0.20469331741333008,0.20469331741333008,0.3465533346299515,0.6133823192799821,0.6978365293706258,0.6154812574386597,06789e73642a116417b0c95418f515f5cb98cc8991b8f8683dd3ac2d7cb5d40c
1,linear,9,1000,800,200,10000,10000,0.5,364,31260913,31760913,1031760913,2031260913,3031260913,0.26233058307749757,1.0170467045935756,0.9926443240465653,0.02789914086130059,1.0343839993246517,-0.03847019306204487,0.07242926411372899,0.9853427540618627,1.1102230246251565e-16,6.475000642325313e-07,2548,0.005,1,1,1.1648266315460205,1.0,0.1648266315460205,0.1648266315460205,-1.2040821313858032,-1.0,-0.20408213138580322,0.20408213138580322,0.34479160016226146,0.6199274513310542,0.6973946779846812,0.6196603775024414,4e662cdea0ea5168f2783a117b2f9f7fb552848be387abcfcbb99d7da4f3947d
1,linear,9,1000,800,200,10000,10000,0.5,365,31260913,31760913,1031760913,2031260913,3031260913,0.26348590433666597,0.9638832001443416,0.9657016837799297,0.028787265500204683,0.929070823520497,-0.012639173482655168,0.026390492761985754,0.9325797420553914,0.0,5.58702360820007e-07,2555,0.005,1,1,1.1637924909591675,1.0,0.16379249095916748,0.16379249095916748,-1.2063900232315063,-1.0,-0.20639002323150635,0.20639002323150635,0.35711362921450374,0.6130458528834093,0.6905877078877324,0.6126041412353516,4ec96ea7fe1c30efb7299633b583859e03a187f6d86bcb372ec87c5e27c9bcc1
1,linear,9,1000,800,200,10000,10000,0.5,366,31260913,31760913,1031760913,2031260913,3031260913,0.2643877013608086,1.0023877319555745,0.9820872695158417,0.02793332194105254,1.004781165175041,-0.034109541085506054,0.06605802767570085,0.9644954049450815,2.220446049250313e-16,6.518231678853681e-07,2562,0.005,1,1,1.1672346591949463,1.0,0.1672346591949463,0.1672346591949463,-1.2047765254974365,-1.0,-0.20477652549743652,0.20477652549743652,0.3510556589123338,0.6114723368857256,0.694560656649758,0.609695553779602,ecced5cfe50443199db30e4fa6577f9242f50d15792ee577acfae8d9658cea7e
1,linear,9,1000,800,200,10000,10000,0.5,367,31260913,31760913,1031760913,2031260913,3031260913,0.26578003406192535,1.0111676547595256,0.996225961772046,0.028907769021854154,1.022460026031879,-0.029450814072547554,0.0560238086254913,0.9924661669086381,0.0,5.978401595996274e-07,2569,0.005,1,1,1.1662577390670776,1.0,0.16625773906707764,0.16625773906707764,-1.2073581218719482,-1.0,-0.20735812187194824,0.20735812187194824,0.3484839969143041,0.6143964698705695,0.6974837333023339,0.6128387451171875,3b6cdb99010b3a7ebcf523c41708c86c6cdc750d29d31932de57bf9731f87b27
1,linear,9,1000,800,200,10000,10000,0.5,368,31260913,31760913,1031760913,2031260913,3031260913,0.2655265284625239,1.0152662568009672,0.9937021981696919,0.029157176864380966,1.0307655721986473,-0.03623934520787545,0.06838110652858623,0.9874440586472775,1.1102230246251565e-16,5.743034154903626e-07,2576,0.005,1,1,1.1652716398239136,1.0,0.16527163982391357,0.16527163982391357,-1.2078211307525635,-1.0,-0.20782113075256348,0.20782113075256348,0.33974938261554954,0.6161170558420609,0.697277788792647,0.6160672903060913,c8bf84a4c3aa3956f6c73799547a9bee5b33110f121f4c8335797dff783ac033
1,linear,9,1000,800,200,10000,10000,0.5,369,31260913,31760913,1031760913,2031260913,3031260913,0.264451688368048,0.9928385456599744,0.9782489180184901,0.029403216431622064,0.9857283777482131,-0.029080324287744246,0.05729370350499117,0.9569709456043467,1.1102230246251565e-16,5.913092540055231e-07,2583,0.005,1,1,1.1632956266403198,1.0,0.16329562664031982,0.16329562664031982,-1.208012580871582,-1.0,-0.20801258087158203,0.20801258087158203,0.3420539924513751,0.6109934275534115,0.6939232706886682,0.6092517375946045,a06c3ee9081457df49771451b1aa7460f62bde19f9dbf6623015532c1f93e6a0
1,linear,9,1000,800,200,10000,10000,0.5,370,31260913,31760913,1031760913,2031260913,3031260913,0.26377612125396505,0.9749615289818655,0.9712992451573726,0.030640243073470127,0.950549982994657,-0.018884001212422605,0.03849202878446005,0.9434222236432819,0.0,5.484557004109547e-07,2590,0.005,1,1,1.1591497659683228,1.0,0.15914976596832275,0.15914976596832275,-1.2103549242019653,-1.0,-0.21035492420196533,0.21035492420196533,0.3492762876841444,0.6144198787719388,0.6925688800230666,0.6151103377342224,f240caf1a49a14f4fe6d1fa51d6302c0ce252e8ac27ec832679b8287bde3c7c6
1,linear,9,1000,800,200,10000,10000,0.5,371,31260913,31760913,1031760913,2031260913,3031260913,0.2618074259703928,1.062264421654928,1.0264513030298188,0.029399685212130794,1.1284057015138786,-0.05210155461719835,0.09000053932125641,1.0536022774916127,0.0,6.527637381736895e-07,2597,0.005,1,1,1.1600799560546875,1.0,0.1600799560546875,0.1600799560546875,-1.2071654796600342,-1.0,-0.20716547966003418,0.20716547966003418,0.35899973017434433,0.6241337622023996,0.7051069896332202,0.6241403818130493,37fa461da4dbd83fa562e162366f0d5660d90a845f2a25ca149abd5a97c159ed
1,linear,9,1000,800,200,10000,10000,0.5,372,31260913,31760913,1031760913,2031260913,3031260913,0.2602772633949686,1.028730276336583,0.9955931282737233,0.029162850426305443,1.0582859814515424,-0.0481215774059948,0.08850361689735163,0.9912056770658583,0.0,6.566449908262939e-07,2604,0.005,1,1,1.15885591506958,1.0,0.15885591506958008,0.15885591506958008,-1.2061772346496582,-1.0,-0.2061772346496582,0.2061772346496582,0.3513570175887219,0.617195411392875,0.6969387357138869,0.6189908981323242,0cfbda3ea3c6b1b012d5524c3a56f944cdae50fbe8b599417f286c8c194bba24
1,linear,9,1000,800,200,10000,10000,0.5,373,31260913,31760913,1031760913,2031260913,3031260913,0.2586498792081839,1.010822183677249,0.9831336983687459,0.029221087109038105,1.0217614870140421,-0.042215352627436024,0.08033501918461342,0.9665518688682081,-1.1102230246251565e-16,6.616968626360631e-07,2611,0.005,1,1,1.1567096710205078,1.0,0.1567096710205078,0.1567096710205078,-1.2057713270187378,-1.0,-0.2057713270187378,0.2057713270187378,0.34423415452587547,0.6085339067139083,0.6932941371248206,0.6079050302505493,01f9dd32e7d6da158111a7750cc334036584e9d2387040d6b6146522586b1992
1,linear,9,1000,800,200,10000,10000,0.5,374,31260913,31760913,1031760913,2031260913,3031260913,0.257112149729945,0.9971294682065074,0.9862221474244366,0.029848410074595585,0.9942671763657923,-0.025740731184960463,0.050269191340852205,0.9726341240704671,1.1102230246251565e-16,5.798154187885984e-07,2618,0.005,1,1,1.1531230211257935,1.0,0.15312302112579346,0.15312302112579346,-1.20654296875,-1.0,-0.20654296875,0.20654296875,0.3417541407406186,0.6182210737202238,0.69489262469602,0.6184656023979187,e9cee40d989fe4eae0148e2d8b50dd539b425d7ad017938ad9d2edad564b213b
1,linear,9,1000,800,200,10000,10000,0.5,375,31260913,31760913,1031760913,2031260913,3031260913,0.2546818582365335,0.9952822762490021,0.9878189947756363,0.030152041379322755,0.990586809415395,-0.02247624217758468,0.04403916273018379,0.9757863664395485,2.220446049250313e-16,6.325897992098817e-07,2625,0.005,1,1,1.1493191719055176,1.0,0.14931917190551758,0.14931917190551758,-1.2063168287277222,-1.0,-0.20631682872772217,0.20631682872772217,0.34575369895068647,0.6207280532408562,0.6945387000609816,0.6219874024391174,213d38a0988820b825a87aa3659249ea59ef9c0c01caa0bdbc5a2995d37b8ad0
1,linear,9,1000,800,200,10000,10000,0.5,376,31260913,31760913,1031760913,2031260913,3031260913,0.2537165350803088,1.0007702525798186,0.9916510185211462,0.029667536551296576,1.001541098448674,-0.023918446232971742,0.04638915040305578,0.9833717425340268,-2.220446049250313e-16,6.048160265947899e-07,2632,0.005,1,1,1.149451732635498,1.0,0.14945173263549805,0.14945173263549805,-1.205027461051941,-1.0,-0.20502746105194092,0.20502746105194092,0.347299605656616,0.6099561519245816,0.6958517576241567,0.6078312397003174,963bcda27276dbf74cc081deb52dde71941521bc27cfc70db6459d692ed31ffe
1,linear,9,1000,800,200,10000,10000,0.5,377,31260913,31760913,1031760913,2031260913,3031260913,0.2513805269341304,1.0110566837811723,0.998402911443745,0.028783903096767136,1.0222356178185816,-0.027105573668000982,0.051579581784350355,0.9968083735793467,-1.1102230246251565e-16,5.782052667768767e-07,2639,0.005,1,1,1.1490134000778198,1.0,0.14901340007781982,0.14901340007781982,-1.2024528980255127,-1.0,-0.2024528980255127,0.2024528980255127,0.3414395630037821,0.6231199869703801,0.6997880366982406,0.6221005916595459,7e410ddb01b70e2981db9155613c3341b8d0ec3b70d764c5c185d1c21f678c1e
1,linear,9,1000,800,200,10000,10000,0.5,378,31260913,31760913,1031760913,2031260913,3031260913,0.24976912122916733,1.0098722489207912,1.0041819094006388,0.028866456165920748,1.0198419591403363,-0.020163554069372126,0.03845407126533587,1.0083813071675125,-2.220446049250313e-16,5.477101652218153e-07,2646,0.005,1,1,1.1468082666397095,1.0,0.14680826663970947,0.14680826663970947,-1.2020691633224487,-1.0,-0.20206916332244873,0.20206916332244873,0.3480221992630325,0.6251316142551065,0.7003366008581703,0.6255698204040527,2e100b84d718bb372291eb88774934b00bfad338bba56593a4237b7c3926f67b
1,linear,9,1000,800,200,10000,10000,0.5,379,31260913,31760913,1031760913,2031260913,3031260913,0.2482303115873953,1.0146412869309591,0.9906991519795337,0.028510995186439014,1.029496941144913,-0.03826156329919236,0.0723275544262258,0.9814848097329674,-1.1102230246251565e-16,6.46593415254415e-07,2653,0.005,1,1,1.1459062099456787,1.0,0.1459062099456787,0.1459062099456787,-1.2008224725723267,-1.0,-0.20082247257232666,0.20082247257232666,0.3393577583217843,0.6139762998101456,0.6956467986647312,0.6127969026565552,b935098555ae156687d4ec6242c4b574aa1ab878797734a382b4617e99a9703c
1,linear,9,1000,800,200,10000,10000,0.5,380,31260913,31760913,1031760913,2031260913,3031260913,0.2516647060498321,1.0095588381528393,0.9930656788582366,0.029478899018090886,1.0192090476925106,-0.03125425209221546,0.0596063913774351,0.9861794425261704,-3.3306690738754696e-16,5.882885503183388e-07,2660,0.005,1,1,1.1474486589431763,1.0,0.14744865894317627,0.14744865894317627,-1.2039461135864258,-1.0,-0.20394611358642578,0.20394611358642578,0.3365295715764908,0.6097097128577308,0.6968649704518606,0.6094330549240112,84cc86c355ee282ad26798b60f4bbbc965949f263e9d9e41035c423185ad888a
1,linear,9,1000,800,200,10000,10000,0.5,381,31260913,31760913,1031760913,2031260913,3031260913,0.25310449074044633,1.003392196590711,0.9975764216996404,0.03020365740313025,1.0067959001791322,-0.020920420225601612,0.040347982933333214,0.995158717131059,-4.440892098500626e-16,6.504887952729632e-07,2667,0.005,1,1,1.1472406387329102,1.0,0.14724063873291016,0.14724063873291016,-1.2058690786361694,-1.0,-0.20586907863616943,0.20586907863616943,0.34134633441745765,0.61643814916425,0.6993799922505258,0.617167592048645,5949df82c31c4188e914e8ff5c6ebb659d78a015a41775e49d5bf7eeda87b3f6
1,linear,9,1000,800,200,10000,10000,0.5,382,31260913,31760913,1031760913,2031260913,3031260913,0.25505681214631,0.9728668279816278,0.9728776399238369,0.0304949675262666,0.9464698649870341,-0.015236965124762853,0.03119245364352542,0.946490902263775,0.0,5.559317024506072e-07,2674,0.005,1,1,1.1488522291183472,1.0,0.14885222911834717,0.14885222911834717,-1.207115888595581,-1.0,-0.20711588859558105,0.20711588859558105,0.3476541179640691,0.6207672243339674,0.6939641687129496,0.6235171556472778,609fa5741142eab42dd1c2a66d52b74efef9cd2615c3b5e2e7a1b23e5508d228
1,linear,9,1000,800,200,10000,10000,0.5,383,31260913,31760913,1031760913,2031260913,3031260913,0.25339365891304727,0.9981236005198095,0.9878767330785837,0.030291091168969785,0.9962507219146283,-0.025320686662791383,0.04933201227669691,0.9759004397580153,-1.1102230246251565e-16,5.671575831200926e-07,2681,0.005,1,1,1.147359013557434,1.0,0.14735901355743408,0.14735901355743408,-1.2061399221420288,-1.0,-0.2061399221420288,0.2061399221420288,0.34266165096112333,0.6181404366838379,0.6974153878804684,0.6184051036834717,52d5c783213eba3a8d3ab96298fbae7117f264e3e1be70f44d9c64dd0bb40246
1,linear,9,1000,800,200,10000,10000,0.5,384,31260913,31760913,1031760913,2031260913,3031260913,0.25058788253549996,1.0135551598376304,1.0018778564575916,0.030457881950597083,1.0272940620334845,-0.026996352362011474,0.05104477002486652,1.0037592392600585,-2.220446049250313e-16,6.50436170701596e-07,2688,0.005,1,1,1.1434504985809326,1.0,0.14345049858093262,0.14345049858093262,-1.2054659128189087,-1.0,-0.2054659128189087,0.2054659128189087,0.34187407592851904,0.6277033412708363,0.6986531854563813,0.629939615726471,70bc5fd8f15030e70d5191e00a86fca4f36492620353b9455b9725c1ed6b082e
1,linear,9,1000,800,200,10000,10000,0.5,385,31260913,31760913,1031760913,2031260913,3031260913,0.24853165540885852,1.0562969140487168,1.0217440717254127,0.030083375727278053,1.1157631706288424,-0.050942799125047476,0.08891731495294805,1.0439609481060255,0.0,6.286348526174379e-07,2695,0.005,1,1,1.1419355869293213,1.0,0.1419355869293213,0.1419355869293213,-1.2040153741836548,-1.0,-0.20401537418365479,0.20401537418365479,0.3441304708552589,0.6156316369929903,0.7034313187145833,0.6169114112854004,5666344769471570ff5f09e1dd3e9bdc9eee938d399b07450214920f7f03e7d5
1,linear,9,1000,800,200,10000,10000,0.5,386,31260913,31760913,1031760913,2031260913,3031260913,0.24733335335372508,1.0337835701066973,1.0164037334775653,0.030727969141243316,1.0687084698225489,-0.03317994476832943,0.06035809546134598,1.0330765494271335,0.0,5.835104701645832e-07,2702,0.005,1,1,1.1386927366256714,1.0,0.1386927366256714,0.1386927366256714,-1.2047879695892334,-1.0,-0.2047879695892334,0.2047879695892334,0.3393601700530206,0.6103816304815708,0.7024946141110657,0.6100877523422241,b25e6ae9558deb2e7f994adf28f550b592fffc990daf1d1a2ca1b9547710c6b3
1,linear,9,1000,800,200,10000,10000,0.5,387,31260913,31760913,1031760913,2031260913,3031260913,0.24820413092807736,1.0018668385121736,0.9947374364160443,0.03196006205096152,1.0037371621103777,-0.023097328376887726,0.04460247230186583,0.9895025674075638,1.1102230246251565e-16,5.74085790461254e-07,2709,0.005,1,1,1.1364332437515259,1.0,0.13643324375152588,0.13643324375152588,-1.207343339920044,-1.0,-0.20734333992004395,0.20734333992004395,0.3383596297823205,0.6221178688548749,0.6969000172678946,0.6219613552093506,9d9624be4c882a537987def2360e4765e1c79f2a3725e5b9b5ca9340271cdddf
1,linear,9,1000,800,200,10000,10000,0.5,388,31260913,31760913,1031760913,2031260913,3031260913,0.24978907280742613,1.0180052157617354,0.9967405988773753,0.03201808865777159,1.0363346193180973,-0.03743044326272011,0.07007132192071076,0.9934918214504287,-1.1102230246251565e-16,5.547085741852698e-07,2716,0.005,1,1,1.1382468938827515,1.0,0.13824689388275146,0.13824689388275146,-1.208044171333313,-1.0,-0.208044171333313,0.208044171333313,0.3349832237865615,0.618647184892621,0.6970278774060241,0.6185930371284485,1f9c9f99e455b90021d7dd906dcb95e3c126b19188ea0ec243bfc12b65a091dd
1,linear,9,1000,800,200,10000,10000,0.5,389,31260913,31760913,1031760913,2031260913,3031260913,0.2517523208569701,1.0294598230929946,1.0277601112485537,0.03195918065706518,1.0597875273626596,-0.017727930873042693,0.03247627081046788,1.0562908462736393,0.0,5.312555995118373e-07,2723,0.005,1,1,1.1408401727676392,1.0,0.14084017276763916,0.14084017276763916,-1.2086702585220337,-1.0,-0.2086702585220337,0.2086702585220337,0.34421056800197364,0.6228007882225289,0.7058641644165645,0.623426079750061,92f4b1153bfad001823071eff5dd972013280af021e1d6b3614a9ef26c2dd652
1,linear,9,1000,800,200,10000,10000,0.5,390,31260913,31760913,1031760913,2031260913,3031260913,0.2528231239144475,1.014821777582589,1.0231424459974143,0.03188523682932906,1.0298632402558858,-0.0074640061418213945,0.014059838658421435,1.0468204648015718,-2.220446049250313e-16,5.991224405477169e-07,2730,0.005,1,1,1.1423639059066772,1.0,0.14236390590667725,0.14236390590667725,-1.2089307308197021,-1.0,-0.20893073081970215,0.20893073081970215,0.3594100941474762,0.6353576571116498,0.7056311697259873,0.6365078091621399,1bcaa480585f3ce288a596859556e084a9dfd4a50fd6ba195e010deacdf2e86b
1,linear,9,1000,800,200,10000,10000,0.5,391,31260913,31760913,1031760913,2031260913,3031260913,0.252106431521622,1.0405282046529631,1.0097748829784903,0.029854632312528703,1.0826989446783186,-0.04645413134831182,0.08350902340174489,1.019645314294224,2.220446049250313e-16,6.528097369340458e-07,2737,0.005,1,1,1.1469635963439941,1.0,0.14696359634399414,0.14696359634399414,-1.204839825630188,-1.0,-0.204839825630188,0.204839825630188,0.34568163320915174,0.6240341560816275,0.7000235146412289,0.623896598815918,8f8f872295f92d2dadfdd2b75930ef6bb6b0614dea6767327ab37e8f23987df4
1,linear,9,1000,800,200,10000,10000,0.5,392,31260913,31760913,1031760913,2031260913,3031260913,0.2505498359782677,1.0830687264103458,1.0409925569454452,0.029054429065920123,1.1730378661281287,-0.0592133957891163,0.0985172203928946,1.0836655036158163,2.220446049250313e-16,5.683537978029563e-07,2744,0.005,1,1,1.1472471952438354,1.0,0.14724719524383545,0.14724719524383545,-1.202715277671814,-1.0,-0.20271527767181396,0.20271527767181396,0.3640181497868317,0.6149791338914623,0.7079670203453124,0.6150118708610535,44f43b8943c415a926db525032618c9e6053e05490460c60c4e5104480a6d4f8
1,linear,9,1000,800,200,10000,10000,0.5,393,31260913,31760913,1031760913,2031260913,3031260913,0.24824637115734885,1.1204961669212616,1.0733095086633226,0.028283947069084565,1.2555116600852398,-0.06590115288361076,0.1026661136965377,1.1519933013871029,0.0,5.935045610527823e-07,2751,0.005,1,1,1.1465591192245483,1.0,0.14655911922454834,0.14655911922454834,-1.2003663778305054,-1.0,-0.20036637783050537,0.20036637783050537,0.3727884213917511,0.6341500152245283,0.7178497501669989,0.6333441734313965,72a0f77bf04af09e047dbdabd77b8789ff62be6261d0354bd7ac4988540da0d3
1,linear,9,1000,800,200,10000,10000,0.5,394,31260913,31760913,1031760913,2031260913,3031260913,0.24982330758388216,1.023958359454599,1.053315818877982,0.030517905885629523,1.0484907218969537,0.015232793258005247,-0.02823479417270166,1.1094742142985938,2.220446049250313e-16,6.144777735528351e-07,2758,0.005,1,1,1.1423437595367432,1.0,0.14234375953674316,0.14234375953674316,-1.205304503440857,-1.0,-0.20530450344085693,0.20530450344085693,0.3923537219466266,0.651819821999006,0.7142743608642084,0.6515017747879028,d8b26b1bcaf4ffed9dde87c02fd7f431645b121b107d893ce3f53b666d993881
1,linear,9,1000,800,200,10000,10000,0.5,395,31260913,31760913,1031760913,2031260913,3031260913,0.2495840878214531,1.018406445053985,1.009990685989452,0.029969101285523755,1.037151687327495,-0.02351980141378745,0.04408086069498676,1.0200811857854442,2.220446049250313e-16,5.632150479328857e-07,2765,0.005,1,1,1.143546223640442,1.0,0.1435462236404419,0.1435462236404419,-1.20417320728302,-1.0,-0.20417320728302002,0.20417320728302002,0.3468771417789353,0.6088589504220776,0.7009079010777635,0.6049636602401733,549d94aa4cb168b7d297361e0b23593f87c5a292a93a66febcf7a1b0fa25cfdd
1,linear,9,1000,800,200,10000,10000,0.5,396,31260913,31760913,1031760913,2031260913,3031260913,0.25004857515769785,1.085425045801904,1.0490871666036312,0.029816763889962437,1.1781475300540654,-0.05369020540579629,0.08889369607192062,1.1005838831324353,0.0,5.925546808782656e-07,2772,0.005,1,1,1.1445354223251343,1.0,0.14453542232513428,0.14453542232513428,-1.2040436267852783,-1.0,-0.20404362678527832,0.20404362678527832,0.3492094977371702,0.621900307774401,0.7102082679397463,0.6201461553573608,2e944bb7aeb3c165fe8f46244d8c6390c1ee3c79f81dc98684a7e21ab4d88c48
1,linear,9,1000,800,200,10000,10000,0.5,397,31260913,31760913,1031760913,2031260913,3031260913,0.25080167561378097,1.0405627386569374,1.0246503098518212,0.03105405509778938,1.0827708130812257,-0.03195830534979109,0.05738479407815614,1.0499082574794332,2.220446049250313e-16,5.791029575874518e-07,2779,0.005,1,1,1.142098307609558,1.0,0.1420983076095581,0.1420983076095581,-1.206662893295288,-1.0,-0.20666289329528809,0.20666289329528809,0.33940143792107164,0.6132920017578128,0.7041452948738929,0.6099134683609009,b418a5f48c4a8776add563b60c1fc1441596b762146e4dbb8cd54e8da51a9a25
1,linear,9,1000,800,200,10000,10000,0.5,398,31260913,31760913,1031760913,2031260913,3031260913,0.25080430702078405,1.011019253830028,0.9962835776595103,0.03113608955139703,1.0221599316150267,-0.030357527026195118,0.05764291598211315,0.9925809671140334,-1.1102230246251565e-16,5.74046657320082e-07,2786,0.005,1,1,1.141879916191101,1.0,0.14187991619110107,0.14187991619110107,-1.2068160772323608,-1.0,-0.20681607723236084,0.20681607723236084,0.33979483617900924,0.6210253582483072,0.697985275787485,0.6215702891349792,977249b3303f53a82ac746b55fb61117a1efd39cb2ba55b4f5891d003ec27d57
1,linear,9,1000,800,200,10000,10000,0.5,399,31260913,31760913,1031760913,2031260913,3031260913,0.25067770485667473,1.054462214988941,1.0319496692590102,0.03151760985018957,1.111890562839384,-0.03924402640289663,0.06864394944910207,1.0649201198837805,2.220446049250313e-16,5.854263189775111e-07,2793,0.005,1,1,1.140694499015808,1.0,0.1406944990158081,0.1406944990158081,-1.2074713706970215,-1.0,-0.20747137069702148,0.20747137069702148,0.3453821359876261,0.6320628221832227,0.7070163545774781,0.6356098651885986,114780c5bc81dbe1b71729df6c82eb0e6b5ef4ecb8a6b070141b4449f7379706
1,linear,9,1000,800,200,10000,10000,0.5,400,31260913,31760913,1031760913,2031260913,3031260913,0.2527885595813126,1.084419950217141,1.0463562371077098,0.031754279015432894,1.1759666284289465,-0.05642976625508688,0.09344835533980472,1.0948613749342058,2.220446049250313e-16,5.75212363074229e-07,2800,0.005,1,1,1.1426714658737183,1.0,0.14267146587371826,0.14267146587371826,-1.208678960800171,-1.0,-0.2086789608001709,0.2086789608001709,0.3534673447319545,0.6120476222403277,0.7094484562391448,0.6097161769866943,2e2eecb075116d4a57bb76a54b88220f06fcf2a3321828cf1ba8d37ce1ea159b
1,linear,9,1000,800,200,10000,10000,0.5,401,31260913,31760913,1031760913,2031260913,3031260913,0.2540759428472106,1.041470007780103,1.0257739867655076,0.03253219812462545,1.0846597771054876,-0.03248985165265455,0.05816341752000585,1.052212271924804,0.0,5.45043361555031e-07,2807,0.005,1,1,1.1421922445297241,1.0,0.14219224452972412,0.14219224452972412,-1.2105610370635986,-1.0,-0.21056103706359863,0.21056103706359863,0.34666905565933476,0.6282013072016087,0.7058221964303392,0.6314764022827148,3bbc0c058eef57169aa0d48991db0a209b56e6365ea895f022ce33e6422b195b
1,linear,9,1000,800,200,10000,10000,0.5,402,31260913,31760913,1031760913,2031260913,3031260913,0.2520448259720401,1.0505907708924418,1.0300596694453859,0.032002537989909124,1.103740967884375,-0.03736029162817326,0.06579001585294326,1.0610229226179377,0.0,6.466923849757222e-07,2814,0.005,1,1,1.1410865783691406,1.0,0.14108657836914062,0.14108657836914062,-1.2088568210601807,-1.0,-0.20885682106018066,0.20885682106018066,0.3350145313551495,0.6192376796967038,0.7053861091333116,0.6169185638427734,3fc73b4a055a4f99aaa0f2649ffd4c1b7dcf71b75f3f3e0a25d901523fd51caf
1,linear,9,1000,800,200,10000,10000,0.5,403,31260913,31760913,1031760913,2031260913,3031260913,0.2528790066984299,1.0061579828736955,0.9935283016780005,0.03256696955676825,1.0123538865004635,-0.028911184911029897,0.055336602276500814,0.987098486235172,0.0,6.204134059828448e-07,2821,0.005,1,1,1.1406159400939941,1.0,0.14061594009399414,0.14061594009399414,-1.2101783752441406,-1.0,-0.21017837524414062,0.21017837524414062,0.33552611061651005,0.6213989540271168,0.6979096333841577,0.6242527961730957,4d2a05a9a47160f1dbe3ceaf3fbba81b6c58dfaf9d3cbb0abc6ef145d7b92e0c
1,linear,9,1000,800,200,10000,10000,0.5,404,31260913,31760913,1031760913,2031260913,3031260913,0.2538086645513667,1.0499433307054191,1.0392032076536495,0.03192376627335301,1.1023809976927892,-0.027180728584254212,0.04792491303521587,1.079943306797634,4.440892098500626e-16,6.334981428324227e-07,2828,0.005,1,1,1.1434800624847412,1.0,0.1434800624847412,0.1434800624847412,-1.2093616724014282,-1.0,-0.20936167240142822,0.20936167240142822,0.33228585227035895,0.6253859181213426,0.7086576048937333,0.627461850643158,2cd09e71b15d68a92d68e23f45af8dc0af1114f48999ed3fb7c2c1704dae5393
1,linear,9,1000,800,200,10000,10000,0.5,405,31260913,31760913,1031760913,2031260913,3031260913,0.2551734414468987,1.0299894018912739,1.0154680426726428,0.03136008537581963,1.0608781680083441,-0.03053145384737768,0.05590621597948943,1.0311753456894084,0.0,6.464522002147532e-07,2835,0.005,1,1,1.1466708183288574,1.0,0.14667081832885742,0.14667081832885742,-1.2088088989257812,-1.0,-0.20880889892578125,0.20880889892578125,0.33110621622810554,0.6185181349217159,0.7030165805132446,0.6213866472244263,c4dc21a940493d2eb5e108dd8a74201bf74a5f681790aca2c3b934d53a2e3fa9
1,linear,9,1000,800,200,10000,10000,0.5,406,31260913,31760913,1031760913,2031260913,3031260913,0.2538724900620244,0.9926635517012824,0.9879597282732543,0.0318859673958552,0.9853809268762045,-0.020601234791148563,0.04050310672085811,0.9760644246897625,-1.1102230246251565e-16,6.635020231016142e-07,2842,0.005,1,1,1.1436598300933838,1.0,0.1436598300933838,0.1436598300933838,-1.2093157768249512,-1.0,-0.20931577682495117,0.20931577682495117,0.337252899545883,0.6179564470900384,0.6954829116191945,0.6181293725967407,ed125ae1f51f393722d9d3740b5806d2b81ba5be69a4e782c7cd6235392fc4e5
1,linear,9,1000,800,200,10000,10000,0.5,407,31260913,31760913,1031760913,2031260913,3031260913,0.2535204624017002,1.0167613856458475,1.0144766391712654,0.03218757319549548,1.033803715340464,-0.018414218555866665,0.0345485347842887,1.029162851424226,-2.220446049250313e-16,6.423895388962819e-07,2849,0.005,1,1,1.1424202919006348,1.0,0.14242029190063477,0.14242029190063477,-1.2097357511520386,-1.0,-0.20973575115203857,0.20973575115203857,0.3453464130584645,0.6361904946337148,0.7026801839750225,0.637702226638794,42943175212129cf08365a3e3e185432248f0966b2146f1383249e4dc1c7b504
1,linear,9,1000,800,200,10000,10000,0.5,408,31260913,31760913,1031760913,2031260913,3031260913,0.25119438693317936,1.0719707549509232,1.0482650885146407,0.032009156230799495,1.1491212994700524,-0.041135379951122146,0.06965425326656824,1.0988596957986074,-2.220446049250313e-16,5.50735421711579e-07,2856,0.005,1,1,1.1400147676467896,1.0,0.14001476764678955,0.14001476764678955,-1.2085533142089844,-1.0,-0.20855331420898438,0.20855331420898438,0.3302712106539285,0.6172777645759941,0.7103917202106662,0.6206304430961609,3ebf3816b3dfd4ad80dbe001041266c58f718aef61623aa031320d6d5a1f51f4
1,linear,9,1000,800,200,10000,10000,0.5,409,31260913,31760913,1031760913,2031260913,3031260913,0.2527335260769742,1.086957957584111,1.0527760369704844,0.032013122741785374,1.181477601555422,-0.052576670138964346,0.08665360037162888,1.1083373840192787,0.0,6.292380216876836e-07,2863,0.005,1,1,1.141911268234253,1.0,0.14191126823425293,0.14191126823425293,-1.2091301679611206,-1.0,-0.2091301679611206,0.2091301679611206,0.34105476144730673,0.6278564746039001,0.7135508585164929,0.6255724430084229,b8ca07e2dfe96c37e3aa5f8fc6542d42db98a66966b5f9b0043e200fbb0e8f33
1,linear,9,1000,800,200,10000,10000,0.5,410,31260913,31760913,1031760913,2031260913,3031260913,0.2548430964704838,1.0858331127696905,1.0525503853074827,0.03204419862125044,1.1790335487871155,-0.051607716898717806,0.08522610048637295,1.1078623136109302,-2.220446049250313e-16,5.842303636427459e-07,2870,0.005,1,1,1.1444379091262817,1.0,0.14443790912628174,0.14443790912628174,-1.209958791732788,-1.0,-0.20995879173278809,0.20995879173278809,0.3468517875831637,0.6285510308126215,0.7110409145873869,0.6297919750213623,1a1874ab9573162587eeead2e1286e05f73452d7b4f5f70e9cb5b10679892867
1,linear,9,1000,800,200,10000,10000,0.5,411,31260913,31760913,1031760913,2031260913,3031260913,0.2549843077697988,1.0592042657718033,1.0314011103858531,0.031688674730274285,1.1219136766291846,-0.044907050427144005,0.07785533788869872,1.0637882505051708,0.0,6.342647527191048e-07,2877,0.005,1,1,1.145559549331665,1.0,0.14555954933166504,0.14555954933166504,-1.2093547582626343,-1.0,-0.20935475826263428,0.20935475826263428,0.33395958059221215,0.6244561405329861,0.705400650417416,0.6270065307617188,bab00372442ffd9d48250402ee78b196025e7cc7e241863f53be341454d610e7
1,linear,9,1000,800,200,10000,10000,0.5,412,31260913,31760913,1031760913,2031260913,3031260913,0.2539722323234063,1.048905104717229,1.036653503080023,0.03209415256540517,1.1002019187018615,-0.028822792909591635,0.05091034693308286,1.0746504854480834,0.0,5.657787998103458e-07,2884,0.005,1,1,1.1432281732559204,1.0,0.1432281732559204,0.1432281732559204,-1.209732174873352,-1.0,-0.20973217487335205,0.20973217487335205,0.32605496137433343,0.632236349590007,0.7076502214876448,0.6329330205917358,2dce339001ff2911bcc13a2734ece9b8b354e037316d0c0e39df1b96fa3a1337
1,linear,9,1000,800,200,10000,10000,0.5,413,31260913,31760913,1031760913,2031260913,3031260913,0.25479107583936167,1.0309075872133302,1.0283355360358772,0.03213351511769751,1.0627704533740099,-0.018714996908756214,0.03418564083667938,1.057473974674195,0.0,5.750991611819245e-07,2891,0.005,1,1,1.1441360712051392,1.0,0.14413607120513916,0.14413607120513916,-1.2101030349731445,-1.0,-0.21010303497314453,0.21010303497314453,0.3318186002077536,0.6300164361438051,0.7063520046877599,0.6298045516014099,4fc562e9205f54d7d2861e0b92d351de386d85569da58b50b48e60141b243a76
1,linear,9,1000,800,200,10000,10000,0.5,414,31260913,31760913,1031760913,2031260913,3031260913,0.25514538554852145,1.027304797037103,1.0198431371493117,0.03179751450534177,1.0553551460154436,-0.023536318065117585,0.043299012033586604,1.04008002439055,-2.220446049250313e-16,5.64794676805036e-07,2898,0.005,1,1,1.1454681158065796,1.0,0.1454681158065796,0.1454681158065796,-1.2096143960952759,-1.0,-0.20961439609527588,0.20961439609527588,0.3319768163392904,0.6246343703287898,0.7038427123130967,0.6250741481781006,5dca0721d53d1a794a98e255d575ae8fe9cad4da1293e6b222dcb1b0733bea87
1,linear,9,1000,800,200,10000,10000,0.5,415,31260913,31760913,1031760913,2031260913,3031260913,0.2556728570370143,1.0071938840815569,1.0079858283485899,0.032479327416953675,1.0144395201312926,-0.015441708698326676,0.029499342254634613,1.016035430151593,2.220446049250313e-16,5.810208634215996e-07,2905,0.005,1,1,1.144309163093567,1.0,0.1443091630935669,0.1443091630935669,-1.2110532522201538,-1.0,-0.2110532522201538,0.2110532522201538,0.3402218129569774,0.6199924630125833,0.7014867461421702,0.6217833757400513,4c30f6e67386fdec2459753a6c51657a37fed11b12acd28aa0fa0d35d203641b
1,linear,9,1000,800,200,10000,10000,0.5,416,31260913,31760913,1031760913,2031260913,3031260913,0.25580790017137234,1.04300314753378,1.0316001685253602,0.032457210065832943,1.087855565765372,-0.02805693406482672,0.050087680280197035,1.0641989077015515,0.0,5.474597024601735e-07,2912,0.005,1,1,1.144534707069397,1.0,0.14453470706939697,0.14453470706939697,-1.2110625505447388,-1.0,-0.21106255054473877,0.21106255054473877,0.3325161160371883,0.6375842080793024,0.7078985405575615,0.641919732093811,96f6f3b12925c51588430c52a743644f0fb556527fc5e6de87921674c0cb0741
1,linear,9,1000,800,200,10000,10000,0.5,417,31260913,31760913,1031760913,2031260913,3031260913,0.256819612230692,1.0669991377306376,1.0496040584385136,0.03201718758852083,1.1384871599179243,-0.034417834007923365,0.058808553904553265,1.1016686794905985,0.0,6.14458240733029e-07,2919,0.005,1,1,1.1469500064849854,1.0,0.14695000648498535,0.14695000648498535,-1.2106229066848755,-1.0,-0.2106229066848755,0.2106229066848755,0.3300251136000888,0.626296978433545,0.7100296520515184,0.6253881454467773,a7e0ddc492e7cc1ea9262ee1c9db2e4de2810afa3b51262635d452f2a779e425
1,linear,9,1000,800,200,10000,10000,0.5,418,31260913,31760913,1031760913,2031260913,3031260913,0.25766545212404757,1.0203312820117065,1.0182023253550205,0.032163743827644614,1.0410759250516526,-0.018251846760463125,0.0340126204606696,1.0367359753583711,2.220446049250313e-16,5.334486541386241e-07,2926,0.005,1,1,1.147605061531067,1.0,0.1476050615310669,0.1476050615310669,-1.2111971378326416,-1.0,-0.2111971378326416,0.2111971378326416,0.336533773952017,0.6291479288693197,0.7035191853932147,0.6308609247207642,31b531f6f8cbebc10da953ca1ba66b637787e6eec286f87f12d7d64e6239ffe1
1,linear,9,1000,800,200,10000,10000,0.5,419,31260913,31760913,1031760913,2031260913,3031260913,0.2572557885948769,1.0274004287365257,1.0238777973756776,0.0312685387165542,1.055551640967997,-0.019247217862840928,0.0354193236795206,1.0483257439588693,0.0,6.39375489441818e-07,2933,0.005,1,1,1.1494793891906738,1.0,0.14947938919067383,0.14947938919067383,-1.209371566772461,-1.0,-0.20937156677246094,0.20937156677246094,0.3385347518147563,0.627174350347535,0.7042791294634004,0.6257356405258179,7feb4a2c93bd2e70da9a9bcb33fa7452f594f8fc904d48dae46e2c823ba0ce25
1,linear,9,1000,800,200,10000,10000,0.5,420,31260913,31760913,1031760913,2031260913,3031260913,0.2572985186403972,1.0651435711887984,1.0460373004090355,0.03018719862214399,1.1345308272448267,-0.035261996009973984,0.060550270927122174,1.0941940338470226,-2.220446049250313e-16,6.526670652817756e-07,2940,0.005,1,1,1.1524348258972168,1.0,0.1524348258972168,0.1524348258972168,-1.2072827816009521,-1.0,-0.20728278160095215,0.20728278160095215,0.3293676275615779,0.6363822361550452,0.7092671505907432,0.6371228098869324,be968c7d7fde02fc799541c50a05668f970c1f7b3c3be5396d1ccf60f4f31b9a
1,linear,9,1000,800,200,10000,10000,0.5,421,31260913,31760913,1031760913,2031260913,3031260913,0.2556649167622985,1.0600344174051066,1.0353460543701047,0.030080907441485887,1.1236729660833837,-0.04090621061256297,0.07090976949457882,1.071941452299744,2.220446049250313e-16,6.110479038312633e-07,2947,0.005,1,1,1.1507186889648438,1.0,0.15071868896484375,0.15071868896484375,-1.2065149545669556,-1.0,-0.20651495456695557,0.20651495456695557,0.33494077739273054,0.6286086719082326,0.7062270272023818,0.6309685111045837,5662ca399142e6d4ff222267d55230279ed2b3736168e98baa2b26aff79cfa13
1,linear,9,1000,800,200,10000,10000,0.5,422,31260913,31760913,1031760913,2031260913,3031260913,0.2537322682268698,1.062210230401839,1.0439136002929488,0.02962009892828779,1.128290573570328,-0.03407753381101453,0.058860384691817015,1.0897556048765866,0.0,6.45794939302391e-07,2954,0.005,1,1,1.1496005058288574,1.0,0.14960050582885742,0.14960050582885742,-1.2049384117126465,-1.0,-0.20493841171264648,0.20493841171264648,0.3259147332333147,0.6273607087740808,0.7101075676524153,0.6262507438659668,416924f47f481f26aefcb584bf8785f1ed1a7b3a903930c935102cc479360772
1,linear,9,1000,800,200,10000,10000,0.5,423,31260913,31760913,1031760913,2031260913,3031260913,0.2528207089267423,1.0722979546806997,1.0650828186813825,0.029609575774454697,1.1498229036124117,-0.02251553436829402,0.03818028545389699,1.1344014106502787,2.220446049250313e-16,6.069535789521296e-07,2961,0.005,1,1,1.148510456085205,1.0,0.14851045608520508,0.14851045608520508,-1.2046043872833252,-1.0,-0.2046043872833252,0.2046043872833252,0.333335204976923,0.6290163519948773,0.7156430112384417,0.6339279413223267,8e9f776b38db83bca9cbe3cf461a132a88fa24f339bc242bb29767b46fd748b4
1,linear,9,1000,800,200,10000,10000,0.5,424,31260913,31760913,1031760913,2031260913,3031260913,0.25339866330464456,1.059676019921785,1.0408115438268382,0.029726048825047535,1.122913267197275,-0.034675323129558136,0.0601668234764371,1.0832886697632065,2.220446049250313e-16,6.44273242755844e-07,2968,0.005,1,1,1.1489019393920898,1.0,0.14890193939208984,0.14890193939208984,-1.2050343751907349,-1.0,-0.20503437519073486,0.20503437519073486,0.3302344810068364,0.6203770442904015,0.7078001325367287,0.6210984587669373,2c2cbc8a0067ebdf2b7b23c9823d29cfd30fe65c424355fae225dee66f16ea08
1,linear,9,1000,800,200,10000,10000,0.5,425,31260913,31760913,1031760913,2031260913,3031260913,0.25370959239360724,1.0653226602250692,1.0436652635700587,0.03109622608730544,1.1349123703890183,-0.03838570704678175,0.06584120762536967,1.0892371823827602,2.220446049250313e-16,6.372586369707278e-07,2975,0.005,1,1,1.1455740928649902,1.0,0.14557409286499023,0.14557409286499023,-1.2077901363372803,-1.0,-0.20779013633728027,0.20779013633728027,0.3198635675220602,0.6218482338795082,0.7085977572275124,0.6195477247238159,66b619e796ec7a826554f00297cd6f8e58bf7dbc8993e03f6111815518d28945
1,linear,9,1000,800,200,10000,10000,0.5,426,31260913,31760913,1031760913,2031260913,3031260913,0.25367019186454776,1.0728770426983214,1.0463275203681033,0.032311341972449864,1.151065148749096,-0.04428760542094098,0.07484956101153789,1.0948012798796638,0.0,6.503902767462932e-07,2982,0.005,1,1,1.1422762870788574,1.0,0.14227628707885742,0.14227628707885742,-1.2100143432617188,-1.0,-0.21001434326171875,0.21001434326171875,0.32520059974605225,0.6192060554943565,0.7092349902405282,0.616365909576416,b9fe232a1e928b4e8a1454c866f0328ea3a7819244f54bce70bdcf66840b89c6
1,linear,9,1000,800,200,10000,10000,0.5,427,31260913,31760913,1031760913,2031260913,3031260913,0.2525003715596271,1.0855078810149166,1.0569156570981009,0.03282484528858525,1.1783273597454944,-0.047040749407484546,0.07767933577953715,1.1170707062191105,0.0,5.855018940792434e-07,2989,0.005,1,1,1.1394609212875366,1.0,0.13946092128753662,0.13946092128753662,-1.210492491722107,-1.0,-0.21049249172210693,0.21049249172210693,0.32604494449886734,0.6289121005111046,0.7127633140112688,0.6299190521240234,87f122188d215439b7e41364d03f104ea94e369bd0b6bb546c72f7ad5eaeb662
1,linear,9,1000,800,200,10000,10000,0.5,428,31260913,31760913,1031760913,2031260913,3031260913,0.24947411130213282,1.0762806953619843,1.054596349579617,0.03277340019857025,1.1583801352088767,-0.03949003743039677,0.06630553703874753,1.1121734605466533,0.0,5.763532264779769e-07,2996,0.005,1,1,1.1358321905136108,1.0,0.13583219051361084,0.13583219051361084,-1.2092533111572266,-1.0,-0.20925331115722656,0.20925331115722656,0.32317127839092236,0.6208955082347467,0.7122419077991488,0.6228857040405273,37646d46f356ef90e86643687858dd9dcc7510dd38815a4c8e46011d045ff86e
1,linear,9,1000,800,200,10000,10000,0.5,429,31260913,31760913,1031760913,2031260913,3031260913,0.2488776362692632,1.0660108234139904,1.0527948653058794,0.03200551890218854,1.136379075635774,-0.030003783061768843,0.05135942942423652,1.1083770284144248,0.0,5.742714108691871e-07,3003,0.005,1,1,1.1371482610702515,1.0,0.13714826107025146,0.13714826107025146,-1.2076786756515503,-1.0,-0.2076786756515503,0.2076786756515503,0.32825783225786104,0.6276281427307975,0.714096683539729,0.6275836229324341,b2f45355b336b59ba1a42fbac7a813be637f8735de39948bd1bd4fc6a466f82b
1,linear,9,1000,800,200,10000,10000,0.5,430,31260913,31760913,1031760913,2031260913,3031260913,0.24984718528680794,1.0699748715123936,1.0510800838885415,0.03180394559136911,1.1448462256679632,-0.035940414256094406,0.06108937921222328,1.1047693427471434,0.0,6.42870803702067e-07,3010,0.005,1,1,1.1388945579528809,1.0,0.13889455795288086,0.13889455795288086,-1.2076822519302368,-1.0,-0.20768225193023682,0.20768225193023682,0.32730596530499495,0.6265496859156952,0.7115494013757995,0.6256164312362671,00decc7b022c54a0900c972ca379d86dde9a77748d3ead86d83cd21f4147b2a8
1,linear,9,1000,800,200,10000,10000,0.5,431,31260913,31760913,1031760913,2031260913,3031260913,0.25157250799022424,1.0624625970876111,1.0386360227198592,0.031478300855796774,1.1288267702101518,-0.0407701416873104,0.07027486598822791,1.0787647876913278,0.0,6.598227173526539e-07,3017,0.005,1,1,1.1419076919555664,1.0,0.1419076919555664,0.1419076919555664,-1.2077280282974243,-1.0,-0.20772802829742432,0.20772802829742432,0.3228470028981965,0.6265106515410827,0.7086464167373522,0.6236715316772461,79fd4ba54a652a1888accdaec692945d24abf99edaf242b892e2d5f8a3df60e7
1,linear,9,1000,800,200,10000,10000,0.5,432,31260913,31760913,1031760913,2031260913,3031260913,0.2530061017213734,1.1141387212163802,1.0770142085996839,0.030966599352580476,1.2413050901136713,-0.056156041970324054,0.0882768082246377,1.1599596055256036,0.0,5.843858179588324e-07,3024,0.005,1,1,1.1450556516647339,1.0,0.1450556516647339,0.1450556516647339,-1.2072943449020386,-1.0,-0.20729434490203857,0.20729434490203857,0.33566018509521656,0.6239768016739073,0.7171025196655633,0.6245396733283997,a32a61c83ced01dbfbeb204f79041b66b5e6a111caac11ee9f4e24eb3a418672
1,linear,9,1000,800,200,10000,10000,0.5,433,31260913,31760913,1031760913,2031260913,3031260913,0.2534568626307946,1.0597293935595031,1.039903962134503,0.032778004994703736,1.1230263875739923,-0.03720207105282912,0.06437433754711741,1.0814002504630378,0.0,6.592454937504044e-07,3031,0.005,1,1,1.140772819519043,1.0,0.14077281951904297,0.14077281951904297,-1.2107685804367065,-1.0,-0.21076858043670654,0.21076858043670654,0.3255848822029228,0.6316243802932721,0.7094521440059977,0.6325846314430237,8db5ceb854b13a8d80f788c5fab536a0ad7372e591c34d27b936db99a6b763a9
1,linear,9,1000,800,200,10000,10000,0.5,434,31260913,31760913,1031760913,2031260913,3031260913,0.2530777306655121,1.0638068447245117,1.0491704998218654,0.0334374928277714,1.1316850028827212,-0.03218187900701491,0.055242052445979725,1.1007587376964627,-2.220446049250313e-16,5.502070319352015e-07,3038,0.005,1,1,1.1385575532913208,1.0,0.1385575532913208,0.1385575532913208,-1.2117785215377808,-1.0,-0.21177852153778076,0.21177852153778076,0.32429919290980086,0.6320369197345191,0.7100155962035963,0.6304850578308105,086317a02470b3ded4d100875682b0fae4cea83c7fbe020c874d82b49c15eab8
1,linear,9,1000,800,200,10000,10000,0.5,435,31260913,31760913,1031760913,2031260913,3031260913,0.2530889714654222,1.0596665075482705,1.0387701481136795,0.03335098121538581,1.1228931072195487,-0.038600333911409455,0.06676848651162919,1.0790434206121158,2.220446049250313e-16,6.413707644981059e-07,3045,0.005,1,1,1.1387999057769775,1.0,0.13879990577697754,0.13879990577697754,-1.2116332054138184,-1.0,-0.21163320541381836,0.21163320541381836,0.3208818417420383,0.6292993288803698,0.7073824541283992,0.6300033330917358,a7c1435061662ddde37f541768e11b4f77a51dce2103473e16154b305b315f1c
1,linear,9,1000,800,200,10000,10000,0.5,436,31260913,31760913,1031760913,2031260913,3031260913,0.25582865149632217,1.073755273888943,1.0559535025274618,0.033372655967988794,1.152950388204319,-0.03564262233614682,0.06008923540891767,1.1150377995000142,0.0,6.572647723857017e-07,3052,0.005,1,1,1.1421470642089844,1.0,0.14214706420898438,0.14214706420898438,-1.2127028703689575,-1.0,-0.21270287036895752,0.21270287036895752,0.31719239418587813,0.6349888762202548,0.7129486729962259,0.635593056678772,3a5e502d2a320b0737814630e381512d1ebb753e91e1886fccf75f6bdb53092a
1,linear,9,1000,800,200,10000,10000,0.5,437,31260913,31760913,1031760913,2031260913,3031260913,0.2589223818301036,1.079315821559266,1.0555677242437513,0.0333690263625799,1.1649226426681534,-0.04203422428280038,0.07015691649897018,1.1142232204651321,-4.440892098500626e-16,5.47543924867e-07,3059,0.005,1,1,1.1459895372390747,1.0,0.1459895372390747,0.1459895372390747,-1.2138407230377197,-1.0,-0.21384072303771973,0.21384072303771973,0.32399277831960577,0.6318129348794901,0.7128353274373294,0.6333116292953491,ee54ba2cc8be3c73c2ba2ecdc43afe59a1d9aba40e48358a6deb1368387101c7
1,linear,9,1000,800,200,10000,10000,0.5,438,31260913,31760913,1031760913,2031260913,3031260913,0.2613926927867042,1.1028902837215278,1.0759163641084448,0.03290058099274233,1.216366977927352,-0.04583576818187957,0.07338022644484811,1.1575960225563355,4.440892098500626e-16,6.475297382735334e-07,3066,0.005,1,1,1.1502633094787598,1.0,0.15026330947875977,0.15026330947875977,-1.2138856649398804,-1.0,-0.21388566493988037,0.21388566493988037,0.3216761429248679,0.6240710741359327,0.7173709095743136,0.6206042766571045,24de88e3cb49eb9e56f90f4a7637eea7d729829eddcea6ddca13df97a8306e8c
1,linear,9,1000,800,200,10000,10000,0.5,439,31260913,31760913,1031760913,2031260913,3031260913,0.2635800586040772,1.0849644282573367,1.065570543200975,0.033149496559608964,1.1771478105837696,-0.03742836230287882,0.0618498646274272,1.1354405825376208,0.0,6.138139525546649e-07,3073,0.005,1,1,1.1523094177246094,1.0,0.15230941772460938,0.15230941772460938,-1.2151192426681519,-1.0,-0.21511924266815186,0.21511924266815186,0.31998668032196037,0.6281939612318648,0.7156816651119122,0.6287192702293396,e28ea386190b223f62be5bfadf1b0103d9cf421e5e384ac78bbee78b35173eb0
1,linear,9,1000,800,200,10000,10000,0.5,440,31260913,31760913,1031760913,2031260913,3031260913,0.26290582917545197,1.1318120228315138,1.0974274523477932,0.03237454966631436,1.2809984550259632,-0.054512995762854906,0.08301220684161582,1.2043470131665677,0.0,6.40788712757967e-07,3080,0.005,1,1,1.1535015106201172,1.0,0.1535015106201172,0.1535015106201172,-1.2134402990341187,-1.0,-0.21344029903411865,0.21344029903411865,0.329692791096264,0.6335035021399661,0.7231811711126984,0.629798173904419,126cf236ba48dd6248e75d47bca54cf6660a2799fcde15a423da1df5fd76f948
1,linear,9,1000,800,200,10000,10000,0.5,441,31260913,31760913,1031760913,2031260913,3031260913,0.2628653052455614,1.1236396076424247,1.1042316055933319,0.03289329842814301,1.262565967862822,-0.0380659137498688,0.058768214084963834,1.2193274387912276,2.220446049250313e-16,5.948216443840693e-07,3087,0.005,1,1,1.152096152305603,1.0,0.15209615230560303,0.15209615230560303,-1.2143943309783936,-1.0,-0.21439433097839355,0.21439433097839355,0.33770700627254263,0.6464299527076892,0.725676604717858,0.6470088958740234,e8b3e3744b944aa843a485ba20272811b460056a4c338731e32420e94676e676
1,linear,9,1000,800,200,10000,10000,0.5,442,31260913,31760913,1031760913,2031260913,3031260913,0.261255505779995,1.0792563760746743,1.0598431303540397,0.033222587088887486,1.1647943252978386,-0.037374725714038194,0.062394320693819116,1.12326746095865,2.220446049250313e-16,6.270008867659271e-07,3094,0.005,1,1,1.1492540836334229,1.0,0.14925408363342285,0.14925408363342285,-1.2144240140914917,-1.0,-0.2144240140914917,0.2144240140914917,0.335016412714117,0.6313595211087832,0.7144808525531081,0.6252154111862183,d9b4fba00331244136bd55587fa7415746a7d40240c42b2d33be7ce9f82803b8
1,linear,9,1000,800,200,10000,10000,0.5,443,31260913,31760913,1031760913,2031260913,3031260913,0.2595110477661827,1.0548861959732687,1.0609427841036172,0.0341111491083375,1.1127848864549534,-0.010648222210878206,0.01856876627121376,1.1255995911415346,2.220446049250313e-16,5.648903176336262e-07,3101,0.005,1,1,1.1447869539260864,1.0,0.14478695392608643,0.14478695392608643,-1.2153664827346802,-1.0,-0.21536648273468018,0.21536648273468018,0.3486653160967012,0.6406960242035296,0.7149405040485021,0.640967607498169,d30be522fce6e648b2fcbed2e891afd5d0b2d0d38ae06bdfe8f1f1d9ed031580
1,linear,9,1000,800,200,10000,10000,0.5,444,31260913,31760913,1031760913,2031260913,3031260913,0.2564456965014634,1.0964649807711937,1.0891041033235687,0.03193260780082092,1.202235454057574,-0.024010156991079987,0.03890905579735355,1.1861477478762346,-2.220446049250313e-16,6.337391820210314e-07,3108,0.005,1,1,1.1467132568359375,1.0,0.1467132568359375,0.1467132568359375,-1.2103321552276611,-1.0,-0.21033215522766113,0.21033215522766113,0.32627484301568443,0.6414218497002827,0.7205960441408877,0.6418802738189697,2075881e36780cdef3a831c537bd23116715a449ef16e96df5b8797cccc5a093
1,linear,9,1000,800,200,10000,10000,0.5,445,31260913,31760913,1031760913,2031260913,3031260913,0.2584392790762423,1.1219252506493784,1.088469906235307,0.03088655760084164,1.2587162680446706,-0.0524180444328072,0.08129331510508947,1.1847667367798977,-2.220446049250313e-16,5.825309958851221e-07,3115,0.005,1,1,1.1519545316696167,1.0,0.1519545316696167,0.1519545316696167,-1.2090470790863037,-1.0,-0.2090470790863037,0.2090470790863037,0.3305410202463511,0.6245085386851593,0.7198985903906269,0.622499406337738,aa75e2537778e2133a172e7d3ebd4d913df169b38e377432aab5f4e6ca70fe80
1,linear,9,1000,800,200,10000,10000,0.5,446,31260913,31760913,1031760913,2031260913,3031260913,0.25752366160614043,1.1349896651589872,1.0986127537908337,0.030617803233430458,1.2882015400177098,-0.055934680229630614,0.08482538645777062,1.206949982791879,0.0,6.457356924727264e-07,3122,0.005,1,1,1.1515512466430664,1.0,0.1515512466430664,0.1515512466430664,-1.2082082033157349,-1.0,-0.20820820331573486,0.20820820331573486,0.34180949881693307,0.6285210939378875,0.7230227712650283,0.6280770301818848,d8b7e877f67dd11147db4e633fc2cdcb331f58aee8f754fb24b8fe38f8e91e17
1,linear,9,1000,800,200,10000,10000,0.5,447,31260913,31760913,1031760913,2031260913,3031260913,0.2573720906504873,1.1400671022973945,1.1039714703392365,0.03047955850006173,1.2997529977407776,-0.055739774458931746,0.08380455612430528,1.2187530073229755,-2.220446049250313e-16,6.353104478051819e-07,3129,0.005,1,1,1.1517369747161865,1.0,0.15173697471618652,0.15173697471618652,-1.2078852653503418,-1.0,-0.2078852653503418,0.2078852653503418,0.3357569946799214,0.6327805486899177,0.7240596604248598,0.6291204690933228,cc689dd4670269bda471a41488cf7a8667e9ade4ac99548ea6bd6e88dcd4fead
1,linear,9,1000,800,200,10000,10000,0.5,448,31260913,31760913,1031760913,2031260913,3031260913,0.25612965640591395,1.1079624453549413,1.0842626911934874,0.030539031042121807,1.227580780316901,-0.04124711392243955,0.0655694530044549,1.1756255835141438,0.0,6.417895299648535e-07,3136,0.005,1,1,1.1500515937805176,1.0,0.15005159378051758,0.15005159378051758,-1.2075738906860352,-1.0,-0.20757389068603516,0.20757389068603516,0.33002002753525095,0.6322681209241462,0.718513202355634,0.6314747333526611,77f8ddad387b4e9691f35f0ea03a12692b847833bcf9f9fcaca29f914f0100ea
1,linear,9,1000,800,200,10000,10000,0.5,449,31260913,31760913,1031760913,2031260913,3031260913,0.25576021896704376,1.0622624116466193,1.0697253990296074,0.030640580261296537,1.1284014311972916,-0.007364791064767806,0.012708410897892538,1.1443124293290525,0.0,6.544471382596839e-07,3143,0.005,1,1,1.1493241786956787,1.0,0.1493241786956787,0.1493241786956787,-1.207642912864685,-1.0,-0.20764291286468506,0.20764291286468506,0.3422649964480374,0.6388947002521232,0.7173585885566054,0.6378292441368103,bfeb7a8c05946ae3df9708954064925dc2bc0561392d8ccdaeeb1a4c8c1fc1c1
1,linear,9,1000,800,200,10000,10000,0.5,450,31260913,31760913,1031760913,2031260913,3031260913,0.2541201680186635,1.0779521625126867,1.0644271715712879,0.03022304291982345,1.1619808646657774,-0.029599352003174283,0.04965484815951928,1.133005203579252,-2.220446049250313e-16,5.339284925298671e-07,3150,0.005,1,1,1.1484366655349731,1.0,0.14843666553497314,0.14843666553497314,-1.2062610387802124,-1.0,-0.2062610387802124,0.2062610387802124,0.32024945143896055,0.6326788603588354,0.7155481791809096,0.6329580545425415,f0fd02da12abab31d2d668437cd7109c3cba4ef2f58538e5cca59190c1ad7d05
1,linear,9,1000,800,200,10000,10000,0.5,451,31260913,31760913,1031760913,2031260913,3031260913,0.2525632934291758,1.1004451071000905,1.0754996148834746,0.029869124570712682,1.2109794337405295,-0.042074568348370235,0.06781579922312593,1.156699421614502,0.0,5.796642632560634e-07,3157,0.005,1,1,1.147485613822937,1.0,0.147485613822937,0.147485613822937,-1.2050273418426514,-1.0,-0.20502734184265137,0.20502734184265137,0.3192837557728698,0.632916917622414,0.7172636856767806,0.6301144361495972,32cb0d0527bf950369ecc7b02547f557818eba47cd2e6542f959566b4bab8cbc
1,linear,9,1000,800,200,10000,10000,0.5,452,31260913,31760913,1031760913,2031260913,3031260913,0.25340662043645906,1.134417592744939,1.108377727870619,0.029076670999322426,1.2869032747292222,-0.043739379044454366,0.06647423342038794,1.2285011876396361,2.220446049250313e-16,6.220251158595147e-07,3164,0.005,1,1,1.1506896018981934,1.0,0.15068960189819336,0.15068960189819336,-1.203734040260315,-1.0,-0.20373404026031494,0.20373404026031494,0.3249134677526724,0.6293975730951328,0.7249682145355697,0.6270706057548523,981b36e90c0b2ccb88ecf5cdd8a9630b88d00f638cf1c43b51f4fedb8492014f
1,linear,9,1000,800,200,10000,10000,0.5,453,31260913,31760913,1031760913,2031260913,3031260913,0.2550606819805211,1.1138496963508713,1.090041841404222,0.029860645965538196,1.240661146060928,-0.04116528800727956,0.06480060124214233,1.188191216011907,0.0,5.592069776128028e-07,3171,0.005,1,1,1.150575041770935,1.0,0.15057504177093506,0.15057504177093506,-1.20587158203125,-1.0,-0.20587158203125,0.20587158203125,0.3197590569282071,0.6338059267374082,0.7220312852620453,0.6306488513946533,0a0fa104c288e3a27b0f662e40999037beeac2835006010208abcb35e11321bc
1,linear,9,1000,800,200,10000,10000,0.5,454,31260913,31760913,1031760913,2031260913,3031260913,0.2547634766320988,1.1230680407829425,1.088033518107754,0.029370021634457216,1.2612818242280373,-0.053417454668278956,0.08277593192853966,1.1838169365259366,0.0,6.025960566091726e-07,3178,0.005,1,1,1.1515480279922485,1.0,0.15154802799224854,0.15154802799224854,-1.204786777496338,-1.0,-0.2047867774963379,0.2047867774963379,0.3320931340573759,0.6316853591311082,0.7216228509268576,0.6291952133178711,82068627cfe855abc8ca12fc1ffa4e325c1f3ffc750b72e0a12117c5a15fd440
1,linear,9,1000,800,200,10000,10000,0.5,455,31260913,31760913,1031760913,2031260913,3031260913,0.25528137108322535,1.1526100305199167,1.124081890559427,0.028909386399502888,1.3285098824551231,-0.046929586085485156,0.06914530707241805,1.2635600966836558,0.0,5.411688928091962e-07,3185,0.005,1,1,1.1534444093704224,1.0,0.15344440937042236,0.15344440937042236,-1.2040181159973145,-1.0,-0.20401811599731445,0.20401811599731445,0.32924500272278395,0.6405925241980737,0.7308227950231226,0.6412671804428101,e4ac477a13c1f61b13c1d6bc7b87a153b74632bb62c2177c6ab662de22bfbc9d
1,linear,9,1000,800,200,10000,10000,0.5,456,31260913,31760913,1031760913,2031260913,3031260913,0.25446885928482466,1.104837899493787,1.072250002366541,0.02962204142349824,1.2206667841578434,-0.05028437900314731,0.0804364207282534,1.1497200675750472,2.220446049250313e-16,5.668239477785164e-07,3192,0.005,1,1,1.1504987478256226,1.0,0.15049874782562256,0.15049874782562256,-1.2051938772201538,-1.0,-0.2051938772201538,0.2051938772201538,0.3326509178052848,0.6291706082509351,0.717903909401016,0.6254441142082214,73d0cc29543774631223ad8788f6f8b550d336a52c2655026dc7391ab9023d73
1,linear,9,1000,800,200,10000,10000,0.5,457,31260913,31760913,1031760913,2031260913,3031260913,0.2571428935660538,1.0981811192076003,1.0826766605944846,0.029928784488947143,1.2060017705840578,-0.03187090183848998,0.051573936266358276,1.172188751396025,0.0,6.248219701632252e-07,3199,0.005,1,1,1.1529428958892822,1.0,0.15294289588928223,0.15294289588928223,-1.2067146301269531,-1.0,-0.20671463012695312,0.20671463012695312,0.3186417992290834,0.6308178997394989,0.7198766562181866,0.62981778383255,7bbd4786410f93c41648bb3c9a8d530089ef6cfacdf8daaf951a772f7edf764a
1,linear,9,1000,800,200,10000,10000,0.5,458,31260913,31760913,1031760913,2031260913,3031260913,0.26087948224075785,1.0866535359462859,1.0760566808324783,0.030404144180350194,1.180815907184566,-0.026661035500353033,0.044023438136297166,1.1578979803642102,0.0,6.249784476608511e-07,3206,0.005,1,1,1.1562376022338867,1.0,0.15623760223388672,0.15623760223388672,-1.2089208364486694,-1.0,-0.20892083644866943,0.20892083644866943,0.31584653799120566,0.6331082821698744,0.7180457746923071,0.6325848698616028,201b8514a0f27deb3f08c80f40db939e8c5189d748198cb9b37ac0800628e27c
1,linear,9,1000,800,200,10000,10000,0.5,459,31260913,31760913,1031760913,2031260913,3031260913,0.2625359595358739,1.0691699602582216,1.0661605724913183,0.031063434684231946,1.143124403918567,-0.018744736133891684,0.03192800251822843,1.1366983663350156,0.0,6.523034983274556e-07,3213,0.005,1,1,1.156506061553955,1.0,0.15650606155395508,0.15650606155395508,-1.2107865810394287,-1.0,-0.2107865810394287,0.2107865810394287,0.3221249291460781,0.635714718353889,0.7170877336809481,0.6332216262817383,f35c921ce002d52e6af8004e5ce93edcf14a478b007afd477a0a8fbe4d5ba772
1,linear,9,1000,800,200,10000,10000,0.5,460,31260913,31760913,1031760913,2031260913,3031260913,0.26212847680013435,1.0989631337855577,1.0803211493797318,0.030350293571998088,1.2077199694197733,-0.03548823859731333,0.057328311095295556,1.1670937857971446,-2.220446049250313e-16,5.749566760471225e-07,3220,0.005,1,1,1.1579099893569946,1.0,0.15790998935699463,0.15790998935699463,-1.2092266082763672,-1.0,-0.2092266082763672,0.2092266082763672,0.3097026115881899,0.6281693866779929,0.7189936034252771,0.6264668703079224,60f137b8023be5c3dc9b304761ba7b11c18736776798847cc290dd08340d5482
1,linear,9,1000,800,200,10000,10000,0.5,461,31260913,31760913,1031760913,2031260913,3031260913,0.25958574488061487,1.136472527193004,1.108197819906083,0.030145078583910117,1.2915698050644535,-0.046806237801884414,0.07082652753774543,1.2281024080445948,0.0,5.662933002525961e-07,3227,0.005,1,1,1.1553503274917603,1.0,0.15535032749176025,0.15535032749176025,-1.207968831062317,-1.0,-0.2079688310623169,0.2079688310623169,0.3217694356815727,0.6353688380179117,0.726084746020719,0.6357975006103516,4afd9261175a5310709f4d4be89af39eb86788b4c09f389c1bb1e5be27c62587
1,linear,9,1000,800,200,10000,10000,0.5,462,31260913,31760913,1031760913,2031260913,3031260913,0.2578523589273153,1.1100652736301977,1.0826466070539844,0.030338733522159538,1.2322449117196859,-0.04522998473817042,0.07164671411454361,1.1721236757655047,2.220446049250313e-16,6.294949379537229e-07,3234,0.005,1,1,1.152705192565918,1.0,0.15270519256591797,0.15270519256591797,-1.2077714204788208,-1.0,-0.2077714204788208,0.2077714204788208,0.3204966976441142,0.6215521617218622,0.7197378193984305,0.6173535585403442,72a377a9f8dae3380433e4d6c19ed489e130b7c52d4eff241c13adeabc5e6227
1,linear,9,1000,800,200,10000,10000,0.5,463,31260913,31760913,1031760913,2031260913,3031260913,0.25756868436157293,1.140662737463572,1.1146638804045932,0.030281067551798713,1.30111148063789,-0.04445849095553176,0.06678494785926589,1.2424755662786253,0.0,6.361272717470001e-07,3241,0.005,1,1,1.152512788772583,1.0,0.152512788772583,0.152512788772583,-1.2075607776641846,-1.0,-0.20756077766418457,0.20756077766418457,0.31690871924367764,0.6376538079943274,0.7276283479866177,0.6372603178024292,48eb1e570c69411271188db4c721d76fc456a0575c5b5b028bdf665abe6ee7a3
1,linear,9,1000,800,200,10000,10000,0.5,464,31260913,31760913,1031760913,2031260913,3031260913,0.25899266018328065,1.1253518958165298,1.1029847340662502,0.031195777417519083,1.2664168894178578,-0.04051867162609006,0.062451103725593496,1.2165753235831966,-2.220446049250313e-16,6.461046595518383e-07,3248,0.005,1,1,1.151808261871338,1.0,0.1518082618713379,0.1518082618713379,-1.209836721420288,-1.0,-0.20983672142028809,0.20983672142028809,0.31755079613900217,0.6366057020737289,0.7248779538085548,0.6355551481246948,c57dc1ada655ff1ac12e2c540070b7260ecda66cb460c491afdcbe6eaf2a2b01
1,linear,9,1000,800,200,10000,10000,0.5,465,31260913,31760913,1031760913,2031260913,3031260913,0.2585999528233834,1.0858472353439705,1.0779947228301578,0.031245658133194257,1.179064218504144,-0.024118627093834645,0.03985529253193335,1.162072622449669,-2.220446049250313e-16,6.287382419145615e-07,3255,0.005,1,1,1.1511929035186768,1.0,0.15119290351867676,0.15119290351867676,-1.209796667098999,-1.0,-0.20979666709899902,0.20979666709899902,0.3167146634548746,0.6370612589450402,0.7186090360548376,0.6375043988227844,aeb11bb2eea9376a0ced970e0ef3e0457e9ef34568326cdbcd9b6cb84ea7083d
1,linear,9,1000,800,200,10000,10000,0.5,466,31260913,31760913,1031760913,2031260913,3031260913,0.2576194194385374,1.1322477426790691,1.1178941380360925,0.030543584954646825,1.2819849508018477,-0.03142061595051824,0.047877992888601874,1.2496873038554581,0.0,5.925486501467958e-07,3262,0.005,1,1,1.151868224143982,1.0,0.15186822414398193,0.15186822414398193,-1.208095669746399,-1.0,-0.20809566974639893,0.20809566974639893,0.31422314982223054,0.6369240945408483,0.7284161000466387,0.6347854137420654,a5ea0290b3d39abec4e96cabcb78b7ba808ce127dbed5bfaff94a4918e3e191b
1,linear,9,1000,800,200,10000,10000,0.5,467,31260913,31760913,1031760913,2031260913,3031260913,0.2588566038583597,1.0863299694359623,1.082463393651568,0.03143551596770903,1.1801128024947385,-0.019910659933389165,0.03286812359024591,1.1717269985956693,0.0,6.223241442171457e-07,3269,0.005,1,1,1.1510028839111328,1.0,0.1510028839111328,0.1510028839111328,-1.2102495431900024,-1.0,-0.21024954319000244,0.21024954319000244,0.32397249786070614,0.6435190099871348,0.7212583504000035,0.6426703929901123,db26017c4482e0cf3c3afc3fd0a6c0ace1e565ac129abf60eb1835288b7923ed
1,linear,9,1000,800,200,10000,10000,0.5,468,31260913,31760913,1031760913,2031260913,3031260913,0.25856068067096566,1.0771053213329953,1.0835177957154365,0.03251581551250951,1.1601558732438553,-0.009330437562163044,0.015646279944637867,1.1740108136320384,-4.440892098500626e-16,6.498661857534671e-07,3276,0.005,1,1,1.147780179977417,1.0,0.147780179977417,0.147780179977417,-1.2121665477752686,-1.0,-0.21216654777526855,0.21216654777526855,0.33334928551983095,0.6363254954646755,0.7203096321098277,0.6329301595687866,8812b71e810021b158167484de7b135ddbbe4449110d542a85eaacf274480def
1,linear,9,1000,800,200,10000,10000,0.5,469,31260913,31760913,1031760913,2031260913,3031260913,0.25717052630149456,1.1039834796572436,1.1041643593313326,0.03279134385079177,1.2187795233561156,-0.016195967394667644,0.02588102331082808,1.2191789324175721,0.0,5.965584595202245e-07,3283,0.005,1,1,1.145337700843811,1.0,0.14533770084381104,0.14533770084381104,-1.2121641635894775,-1.0,-0.21216416358947754,0.21216416358947754,0.32716001857816907,0.6377472415540741,0.7263240202720005,0.6354215145111084,ae0884cdc9e7b8f6d9ff592a067b8d26f8d1183316f92cad8016e0628e3d1a12
1,linear,9,1000,800,200,10000,10000,0.5,470,31260913,31760913,1031760913,2031260913,3031260913,0.25655040321206785,1.1379485299221772,1.11211522584512,0.03166484185660062,1.2949268567520444,-0.04489571152605153,0.06768580200394593,1.2368002755565422,2.220446049250313e-16,6.395406408898907e-07,3290,0.005,1,1,1.1475543975830078,1.0,0.1475543975830078,0.1475543975830078,-1.2098709344863892,-1.0,-0.20987093448638916,0.20987093448638916,0.31668232950514946,0.6383552273639924,0.7266495938211259,0.6350056529045105,d572599d1d2c9c29b69e515eda5f67b2d003698c20b4bf7135d88a0a1269d833
1,linear,9,1000,800,200,10000,10000,0.5,471,31260913,31760913,1031760913,2031260913,3031260913,0.25624812064243696,1.1548095569984025,1.1294522651079921,0.03220327868800025,1.3335851129348466,-0.04506298623263643,0.06598824021207565,1.275662419157574,0.0,6.035332518194991e-07,3297,0.005,1,1,1.1457512378692627,1.0,0.1457512378692627,0.1457512378692627,-1.2107597589492798,-1.0,-0.21075975894927979,0.21075975894927979,0.31795655899509767,0.6343897495172539,0.73059821421725,0.6352823972702026,92f8063024013922dd85f8e5a9ab63f1dd64ee32cdb2e639af6b99132c49b059
1,linear,9,1000,800,200,10000,10000,0.5,472,31260913,31760913,1031760913,2031260913,3031260913,0.2568427935270016,1.141098651334007,1.1148661118726875,0.032625558706883134,1.3021061320762892,-0.04590262169052429,0.06878179638274759,1.2429264474021238,0.0,5.601559127654809e-07,3304,0.005,1,1,1.1453694105148315,1.0,0.14536941051483154,0.14536941051483154,-1.211745023727417,-1.0,-0.211745023727417,0.211745023727417,0.31509782195213754,0.6317709503903548,0.7269928362978273,0.6298124194145203,e61fcb6709b4f88fdb4779089d331fa9edcc0594fee63db1e16e816baf621ca0
1,linear,9,1000,800,200,10000,10000,0.5,473,31260913,31760913,1031760913,2031260913,3031260913,0.2579047502952523,1.1261084201347507,1.1145875445629136,0.033326091302015234,1.2681201738983843,-0.029570435352807158,0.04544242223977467,1.242305394494785,-2.220446049250313e-16,6.550562048346364e-07,3311,0.005,1,1,1.1448423862457275,1.0,0.14484238624572754,0.14484238624572754,-1.213390588760376,-1.0,-0.21339058876037598,0.21339058876037598,0.31652833255439583,0.6463176619575504,0.7272638884329051,0.6455232501029968,41a5a78937fc5c4cbd8a75e4d75775ffe00558ea365322d6385811e7ebcd6bf6
1,linear,9,1000,800,200,10000,10000,0.5,474,31260913,31760913,1031760913,2031260913,3031260913,0.2582089484642103,1.116271484821376,1.1076656973505152,0.03299024118020379,1.2460620278253194,-0.02606448595925997,0.04075593561086504,1.226923297087003,-4.440892098500626e-16,6.360069342292718e-07,3318,0.005,1,1,1.1460988521575928,1.0,0.14609885215759277,0.14609885215759277,-1.2129013538360596,-1.0,-0.21290135383605957,0.21290135383605957,0.32138278584140695,0.654741354467952,0.7282185510579475,0.6553955078125,fc5f81e82b9b18f129907cab17848eac904acc74130debc177302dfb8830fcf5
1,linear,9,1000,800,200,10000,10000,0.5,475,31260913,31760913,1031760913,2031260913,3031260913,0.2574096410843163,1.1574905591705806,1.1340559572313396,0.032065013329727686,1.3397843945690233,-0.04288324688343061,0.06251888383159268,1.28608291413189,0.0,5.676487617733983e-07,3325,0.005,1,1,1.1475509405136108,1.0,0.14755094051361084,0.14755094051361084,-1.2109228372573853,-1.0,-0.21092283725738525,0.21092283725738525,0.3156825788840426,0.6486515465310955,0.7329055458161157,0.6441528797149658,72d5d0a19f3b35324102dcaebc9ae5df7e1a5a60cf68218838488bac6f9bea8d
1,linear,9,1000,800,200,10000,10000,0.5,476,31260913,31760913,1031760913,2031260913,3031260913,0.2567179770140592,1.0977691495988002,1.1078405218362923,0.03370259806136304,1.205097105810873,-0.005744541024863919,0.009274366157672869,1.2273106218225083,0.0,5.386585879563199e-07,3332,0.005,1,1,1.1423860788345337,1.0,0.1423860788345337,0.1423860788345337,-1.2136125564575195,-1.0,-0.21361255645751953,0.21361255645751953,0.34494594109663523,0.6443524118011144,0.7256690706255986,0.6427512764930725,29c0f5c8bf2db3e33a79f76fe45a5421678aa5560118809302aac978ddc9b60a
1,linear,9,1000,800,200,10000,10000,0.5,477,31260913,31760913,1031760913,2031260913,3031260913,0.25673846281825485,1.104561678725663,1.0996089347706424,0.03314589832369586,1.2200565021092544,-0.02203129550276175,0.03515999569606711,1.209139809427427,2.220446049250313e-16,6.396393157359626e-07,3339,0.005,1,1,1.1438705921173096,1.0,0.14387059211730957,0.14387059211730957,-1.2126402854919434,-1.0,-0.21264028549194336,0.21264028549194336,0.32897244249918906,0.652131631407551,0.7243998351025601,0.6504898071289062,83c01c2a0f2b301910ce411ce08b671754f5cbed4e24ac5dceffc0520a7d1dd7
1,linear,9,1000,800,200,10000,10000,0.5,478,31260913,31760913,1031760913,2031260913,3031260913,0.2572451659531778,1.1439557326407557,1.1212884105482293,0.03315310469243081,1.3086347182416482,-0.0422500616521524,0.06297577147445631,1.2572876996297742,0.0,5.472346007451279e-07,3346,0.005,1,1,1.1444791555404663,1.0,0.1444791555404663,0.1444791555404663,-1.212839961051941,-1.0,-0.21283996105194092,0.21283996105194092,0.3135113562313297,0.6366156206700273,0.7279030729355903,0.6350266933441162,946b8ab7d249d055e7fb0b8ed5f6a759075de6351dee3937c26fd1452f2cba24
1,linear,9,1000,800,200,10000,10000,0.5,479,31260913,31760913,1031760913,2031260913,3031260913,0.2572076830911256,1.14866456740391,1.1193746688614428,0.03354269856544776,1.3194302884092115,-0.049986668842997406,0.07389159920298341,1.2529996492886646,2.220446049250313e-16,6.508393024518e-07,3353,0.005,1,1,1.1434118747711182,1.0,0.14341187477111816,0.14341187477111816,-1.2135154008865356,-1.0,-0.21351540088653564,0.21351540088653564,0.3206721820456348,0.6481179638720951,0.7287016552894058,0.64839768409729,fa3d79d496019cc95ecb4fc46d3fab6edc6a277d6418d8fc40f401d414381c85
1,linear,9,1000,800,200,10000,10000,0.5,480,31260913,31760913,1031760913,2031260913,3031260913,0.2560347402358742,1.1180355133168935,1.0987290103490364,0.0346736803144555,1.2500034090377696,-0.03873582558482608,0.0603043767276303,1.207205438182573,0.0,6.53634900871225e-07,3360,0.005,1,1,1.1390039920806885,1.0,0.13900399208068848,0.13900399208068848,-1.2150155305862427,-1.0,-0.21501553058624268,0.21501553058624268,0.31048685636752105,0.6327181551446078,0.7224366270583523,0.6315547823905945,9c7ba8a3ae39e116476af0fc419911ff2d29d0035485f01ce0becf13beb2b0c7
1,linear,9,1000,800,200,10000,10000,0.5,481,31260913,31760913,1031760913,2031260913,3031260913,0.256588738006692,1.1263517613324092,1.1215090958809033,0.035586234720702443,1.2686682902566204,-0.023235936416860954,0.03563098455382389,1.257782652143601,0.0,5.937083518148256e-07,3367,0.005,1,1,1.1373320817947388,1.0,0.13733208179473877,0.13733208179473877,-1.2167433500289917,-1.0,-0.2167433500289917,0.2167433500289917,0.31774758760683086,0.6476148022516839,0.728459809342715,0.6509138345718384,0d65afab0a2af88ee0e9600ffba74e0a43ed7e6952d567d0d1930399d7043b5b
1,linear,9,1000,800,200,10000,10000,0.5,482,31260913,31760913,1031760913,2031260913,3031260913,0.25849748961971214,1.1337536868776676,1.1064077056894852,0.03506741853589503,1.2853974225087044,-0.04816341491776433,0.07294918186486964,1.2241380112090707,0.0,5.571657002434449e-07,3374,0.005,1,1,1.1410537958145142,1.0,0.14105379581451416,0.14105379581451416,-1.2166212797164917,-1.0,-0.2166212797164917,0.2166212797164917,0.3144444849110811,0.6428527394021734,0.7241970666811619,0.6458742022514343,2e49f6527fe06a6525d01c7e26e99cc53e4a277129bcbbbdff2859b9b9fc07d2
1,linear,9,1000,800,200,10000,10000,0.5,483,31260913,31760913,1031760913,2031260913,3031260913,0.2605903205611174,1.1658925095485506,1.137431467648992,0.03481771428279834,1.3593053438214173,-0.0501863572530377,0.0719970263188719,1.2937503435981401,-2.220446049250313e-16,6.135850441069124e-07,3381,0.005,1,1,1.1443002223968506,1.0,0.14430022239685059,0.14430022239685059,-1.2169902324676514,-1.0,-0.21699023246765137,0.21699023246765137,0.31727767715064537,0.650973757345059,0.7309917439550673,0.652366042137146,3802fd83bb9e0518704e2c3a2508e9c53c8d5f6d29897c7f7c3fe43b9d9824b5
1,linear,9,1000,800,200,10000,10000,0.5,484,31260913,31760913,1031760913,2031260913,3031260913,0.26285489632655545,1.1305964404545905,1.1166229735302011,0.03556484214715153,1.2782483111685903,-0.03348314415015667,0.050970937633945036,1.2468468650154283,-2.220446049250313e-16,5.852399667105601e-07,3388,0.005,1,1,1.1451987028121948,1.0,0.14519870281219482,0.14519870281219482,-1.2191119194030762,-1.0,-0.21911191940307617,0.21911191940307617,0.31212822397841844,0.6491839677764892,0.7282795032792689,0.6505383253097534,24d9fcb5b5016bd94e1d60d9d103da2a78d2fe42e0de0ad5c6bc16c1593b218f
1,linear,9,1000,800,200,10000,10000,0.5,485,31260913,31760913,1031760913,2031260913,3031260913,0.2635937459190285,1.1226189234807864,1.12124947716598,0.036363414473809155,1.2602732473571598,-0.019718135892992844,0.03041428099857834,1.2572003900449833,0.0,5.412374850521928e-07,3395,0.005,1,1,1.144088625907898,1.0,0.14408862590789795,0.14408862590789795,-1.2207263708114624,-1.0,-0.2207263708114624,0.2207263708114624,0.3233192836540651,0.6380289324316412,0.7284039673680958,0.6341656446456909,7dbe8d64dbf4d66a2689bbb44ada8b7c500f11a87cf13cf48d50651705132098
1,linear,9,1000,800,200,10000,10000,0.5,486,31260913,31760913,1031760913,2031260913,3031260913,0.2641536367260632,1.135283596512615,1.1242399979714064,0.036777511263851356,1.2888688445106178,-0.030865391367860626,0.046566554094026755,1.263915573038748,0.0,6.37587239893378e-07,3402,0.005,1,1,1.1437397003173828,1.0,0.1437397003173828,0.1437397003173828,-1.2216213941574097,-1.0,-0.22162139415740967,0.22162139415740967,0.3146051932082849,0.6503386734135045,0.7302330977322578,0.6492742300033569,ec8ed2f5a763841423c693de5905dd03976fa5624b9e7618f23ec791fc5fe7b1
1,linear,9,1000,800,200,10000,10000,0.5,487,31260913,31760913,1031760913,2031260913,3031260913,0.2634684468307427,1.173713256607037,1.153021453372348,0.03733002075041679,1.3776028087350962,-0.04273717877431577,0.06040877401912504,1.3294584719368816,2.220446049250313e-16,6.440677520203053e-07,3409,0.005,1,1,1.1414923667907715,1.0,0.14149236679077148,0.14149236679077148,-1.222251057624817,-1.0,-0.2222510576248169,0.2222510576248169,0.32315746261202705,0.6499607134188178,0.7352945730640135,0.653005838394165,f8d00b67c151502f2f70516bcb6c73eb1bfb130cd506f61e55f8d40064a1998a
1,linear,9,1000,800,200,10000,10000,0.5,488,31260913,31760913,1031760913,2031260913,3031260913,0.26317652004108444,1.1277901278485452,1.1107101066698144,0.03830093094515654,1.2719105724726378,-0.0382672811796618,0.05841389894660282,1.2336769410584707,0.0,6.327189367993924e-07,3416,0.005,1,1,1.1386895179748535,1.0,0.13868951797485352,0.13868951797485352,-1.2236673831939697,-1.0,-0.22366738319396973,0.22366738319396973,0.31824493971374024,0.6488625693271234,0.7254214247956069,0.6497540473937988,2cb7784aec49373649a6a03efbddcfa64c3854b6e85dcea743d43e6d325269bd
1,linear,9,1000,800,200,10000,10000,0.5,489,31260913,31760913,1031760913,2031260913,3031260913,0.2638741677246966,1.1159626675398042,1.1018336835642868,0.0377547700762329,1.2453726753425558,-0.03454498959097202,0.0538449858808798,1.2140374662368447,2.220446049250313e-16,6.347638930037647e-07,3423,0.005,1,1,1.1409327983856201,1.0,0.14093279838562012,0.14093279838562012,-1.2230863571166992,-1.0,-0.22308635711669922,0.22308635711669922,0.3207499044144145,0.6332802473607224,0.7241438793879128,0.6354641914367676,aa385268fe027502609434c1d59b53a60cac150c821dae79cc0c00eb1a4535ba
1,linear,9,1000,800,200,10000,10000,0.5,490,31260913,31760913,1031760913,2031260913,3031260913,0.2628381644806436,1.1097787110607384,1.099754353989253,0.037564380101591334,1.231608787523634,-0.029856764253453134,0.04704915769582289,1.209459639118319,2.220446049250313e-16,5.946618664154357e-07,3430,0.005,1,1,1.1401139497756958,1.0,0.1401139497756958,0.1401139497756958,-1.2223780155181885,-1.0,-0.22237801551818848,0.22237801551818848,0.3156911366228271,0.6412631677474403,0.7245816544738484,0.6372818350791931,2b9b72d81aa36526795014f45a7aa29fa91bb2bf007a1892d7442d35781d1d9c
1,linear,9,1000,800,200,10000,10000,0.5,491,31260913,31760913,1031760913,2031260913,3031260913,0.2605259612150477,1.1319640982940764,1.1326550998707139,0.03646180085821564,1.2813427198267215,-0.017448472710900092,0.02648112438077104,1.282907575263137,0.0,5.998584100552762e-07,3437,0.005,1,1,1.1400115489959717,1.0,0.14001154899597168,0.14001154899597168,-1.219705581665039,-1.0,-0.21970558166503906,0.21970558166503906,0.3337377498895182,0.6597380518351771,0.7341728910405237,0.6628217697143555,508d4258cf3133a1ad08d47456b40bdd5f4af5be1dc5a8c7ca8b055cb56bd0ea
1,linear,9,1000,800,200,10000,10000,0.5,492,31260913,31760913,1031760913,2031260913,3031260913,0.2595729182488079,1.1452392759619323,1.1181770977974486,0.03431519066950969,1.3115729992058107,-0.04778408391829787,0.07100750906020577,1.2503200220387247,2.220446049250313e-16,5.769743793848647e-07,3444,0.005,1,1,1.1443349123001099,1.0,0.14433491230010986,0.14433491230010986,-1.215744137763977,-1.0,-0.21574413776397705,0.21574413776397705,0.3169859910018146,0.6334474152215409,0.7277193141668875,0.6319342255592346,70ff8c127769a9aade3af09a2f0bf36667e38c6d77c31c9a48fb3fdba65cc6c0
1,linear,9,1000,800,200,10000,10000,0.5,493,31260913,31760913,1031760913,2031260913,3031260913,0.25882445344901817,1.1588689330975313,1.130279556668371,0.03435108185380487,1.3429772040986103,-0.049898204864982885,0.0724565165384352,1.2775318762224492,-2.220446049250313e-16,6.304168955750811e-07,3451,0.005,1,1,1.143312931060791,1.0,0.14331293106079102,0.14331293106079102,-1.2155261039733887,-1.0,-0.21552610397338867,0.21552610397338867,0.3143901915318685,0.6397201051785436,0.7313981487473264,0.6383543014526367,c646987553d9052787dd93aeaf9c4259b06845adec9882176e257d60a3ecf3b0
1,linear,9,1000,800,200,10000,10000,0.5,494,31260913,31760913,1031760913,2031260913,3031260913,0.2601195265804574,1.1786535303081034,1.1448525757721444,0.03387507801168041,1.389224144507755,-0.056205901133660925,0.07899083949206966,1.3106874202521135,0.0,5.837922856244404e-07,3458,0.005,1,1,1.1461533308029175,1.0,0.14615333080291748,0.14615333080291748,-1.2151775360107422,-1.0,-0.2151775360107422,0.2151775360107422,0.3142865260265381,0.6463396508308434,0.734891346683902,0.6456942558288574,a87831671bc2b75a4bdbb6368336f79f3e684538257a824d3edc60b1941568bc
1,linear,9,1000,800,200,10000,10000,0.5,495,31260913,31760913,1031760913,2031260913,3031260913,0.260167468286141,1.1616468553571713,1.1274715893352891,0.034398077922664166,1.349423416561205,-0.05631465486281313,0.08139005657491552,1.2711921847582428,0.0,5.740234012563405e-07,3465,0.005,1,1,1.1448580026626587,1.0,0.1448580026626587,0.1448580026626587,-1.2161093950271606,-1.0,-0.21610939502716064,0.21610939502716064,0.31551603350482893,0.6441957140112156,0.7302243984156431,0.6439124941825867,19735926916844e32067d386e67e759b3c95c1bc52b7e65d6b5cf2467aae8a47
1,linear,9,1000,800,200,10000,10000,0.5,496,31260913,31760913,1031760913,2031260913,3031260913,0.2618989016633871,1.1920519839040207,1.1630639652912822,0.03455130730326289,1.4209879323295114,-0.05141072613684673,0.07064148425131764,1.3527177873590808,0.0,6.520527602305037e-07,3472,0.005,1,1,1.1466090679168701,1.0,0.14660906791687012,0.14660906791687012,-1.2170180082321167,-1.0,-0.2170180082321167,0.2170180082321167,0.31981232885101657,0.6524567339716998,0.7395982864120549,0.6540188789367676,2e38fd477873c7a9ea4fb21516d1b80fb174d606b35b9f80750f3ebf001610c6
1,linear,9,1000,800,200,10000,10000,0.5,497,31260913,31760913,1031760913,2031260913,3031260913,0.26203229082245055,1.1289668182430246,1.116225041210634,0.03485603813301965,1.2745660766937785,-0.03173188610055827,0.0484670080660056,1.2459583426256817,2.220446049250313e-16,6.427792520469211e-07,3479,0.005,1,1,1.1459910869598389,1.0,0.14599108695983887,0.14599108695983887,-1.217594861984253,-1.0,-0.21759486198425293,0.21759486198425293,0.31855682915327066,0.6462989209528134,0.7272437871708584,0.6453955769538879,cadc8fc4e5376457c06ae6a6d46c416c78b548a036edecc9e32249d3e020834a
1,linear,9,1000,800,200,10000,10000,0.5,498,31260913,31760913,1031760913,2031260913,3031260913,0.2605529536280073,1.1400581427186751,1.1437146576305415,0.03502031810076797,1.2997325687791552,-0.01333483440048826,0.019980978549009702,1.3080832180789466,-2.220446049250313e-16,6.132597683006225e-07,3486,0.005,1,1,1.1437325477600098,1.0,0.14373254776000977,0.14373254776000977,-1.2173218727111816,-1.0,-0.21732187271118164,0.21732187271118164,0.32950855352734393,0.661072791566072,0.7357203278832846,0.6628037691116333,30f6d2d15508182a4d2b02d712a5c3bb01fde9cdef23f5b18cc5c63ac8916c9d
1,linear,9,1000,800,200,10000,10000,0.5,499,31260913,31760913,1031760913,2031260913,3031260913,0.2592100120907901,1.1626717433503129,1.1448207046913907,0.03435045770099393,1.3518055827852558,-0.03777079729807865,0.054497179530854305,1.3106144458900923,0.0,5.861083405278578e-07,3493,0.005,1,1,1.1437932252883911,1.0,0.1437932252883911,0.1437932252883911,-1.2156695127487183,-1.0,-0.21566951274871826,0.21566951274871826,0.32404068650067336,0.654147190066305,0.7349001680710102,0.651840329170227,c91dfc968c782283aa1141976c72d1f7e53a5cf7eae6c1707316bd90603f5392
1,linear,9,1000,800,200,10000,10000,0.5,500,31260913,31760913,1031760913,2031260913,3031260913,0.2586729264314988,1.1411364441112857,1.1222107951008955,0.03501733188329727,1.3021923840789493,-0.038926323660631215,0.05822022259630399,1.2593570686409843,0.0,5.865581780284401e-07,3500,0.005,1,1,1.1414015293121338,1.0,0.1414015293121338,0.1414015293121338,-1.2166039943695068,-1.0,-0.21660399436950684,0.21660399436950684,0.30667526778394455,0.6355450051664272,0.7293744263743854,0.6338534355163574,d795f03a7191c6cc2c0db743d7af1646379641394dfaa1b29749248d67f40891
1,linear,9,1000,800,200,10000,10000,0.5,501,31260913,31760913,1031760913,2031260913,3031260913,0.25699617069837166,1.1390411636949023,1.1208302033342719,0.035250380784652556,1.2974147725914371,-0.03820240433487242,0.05733233774154425,1.256260344706345,2.220446049250313e-16,6.558602620998499e-07,3507,0.005,1,1,1.1387088298797607,1.0,0.13870882987976074,0.13870882987976074,-1.2163490056991577,-1.0,-0.21634900569915771,0.21634900569915771,0.30348411741021597,0.6368423745575938,0.7297494037303479,0.633322536945343,62cfb0f9275d8bbe3eac952e4a05cea6999397275e58b6a727f215a3037dce4f
1,linear,9,1000,800,200,10000,10000,0.5,502,31260913,31760913,1031760913,2031260913,3031260913,0.25475601398070563,1.2115828171631735,1.1779474835084134,0.03394415877038152,1.467932922845052,-0.057158403855814756,0.07611595456844528,1.3875602739038038,-2.220446049250313e-16,6.603176778696707e-07,3514,0.005,1,1,1.1393146514892578,1.0,0.1393146514892578,0.1393146514892578,-1.21328866481781,-1.0,-0.21328866481781006,0.21328866481781006,0.314044655681584,0.6394367709891523,0.743540692180787,0.6353778839111328,2d9d7a6f48c65dadf2465823fc6cfce005bb4ca8531204dfaa73902402aac09f
1,linear,9,1000,800,200,10000,10000,0.5,503,31260913,31760913,1031760913,2031260913,3031260913,0.2558861061237609,1.1883541983501145,1.1516070879140146,0.0338747484647195,1.412185700736343,-0.05993078213363285,0.08288834974602086,1.326198884933797,2.220446049250313e-16,5.739687214401101e-07,3521,0.005,1,1,1.1409024000167847,1.0,0.14090240001678467,0.14090240001678467,-1.2135982513427734,-1.0,-0.21359825134277344,0.21359825134277344,0.3216964400075515,0.6466468766560824,0.7377662537526755,0.6470040082931519,a164bdfa23eedafb9105668a129a322120691ac391dc1b6f2696b859027525dc
1,linear,9,1000,800,200,10000,10000,0.5,504,31260913,31760913,1031760913,2031260913,3031260913,0.2581954718635795,1.2200129312293722,1.175288065128541,0.03400559847740762,1.4884315523668845,-0.07056755740535145,0.0927034096168989,1.3813020360335893,0.0,5.932534143937573e-07,3528,0.005,1,1,1.1434293985366821,1.0,0.14342939853668213,0.14342939853668213,-1.2146925926208496,-1.0,-0.2146925926208496,0.2146925926208496,0.32924990332977516,0.6515250278318743,0.7425371246626018,0.6464998722076416,332004c06a70eb43aba5debe9f6aeafc4bfc5c3a0be578603cb2a3f4358ee371
1,linear,9,1000,800,200,10000,10000,0.5,505,31260913,31760913,1031760913,2031260913,3031260913,0.2618381535517051,1.1900045001039703,1.1540185638002058,0.035298511592693316,1.4161107102677002,-0.05982518813245181,0.08243738186501091,1.3317588455954898,0.0,6.493662567663705e-07,3535,0.005,1,1,1.144615888595581,1.0,0.14461588859558105,0.14461588859558105,-1.218278408050537,-1.0,-0.2182784080505371,0.2182784080505371,0.3149825586516136,0.643642288437417,0.7371826997056323,0.6419728398323059,24003c52f15e1f154e259a1344663becbbcfaf07552dc68a0b7b31aa30ed7f36
1,linear,9,1000,800,200,10000,10000,0.5,506,31260913,31760913,1031760913,2031260913,3031260913,0.26447084364938395,1.150046683148499,1.1191019334498848,0.03636877457503848,1.3226073734208639,-0.05329350527231593,0.07843184790389217,1.2523891374512706,0.0,5.665603861615409e-07,3542,0.005,1,1,1.1451667547225952,1.0,0.14516675472259521,0.14516675472259521,-1.2210688591003418,-1.0,-0.2210688591003418,0.2210688591003418,0.3142231824773398,0.6332892308363235,0.7284810952065012,0.6299289464950562,c772d4cebf8fbf0f5bbce9c6563fd54fd758e5cfea617d1291db75b13b32e756
1,linear,9,1000,800,200,10000,10000,0.5,507,31260913,31760913,1031760913,2031260913,3031260913,0.2646526975612339,1.1348993660656135,1.1501845075557489,0.03772941881990824,1.2879965710961314,-0.0014007942473894851,0.002113248526534808,1.3229244014212607,0.0,6.250244357630663e-07,3549,0.005,1,1,1.1419703960418701,1.0,0.14197039604187012,0.14197039604187012,-1.2233505249023438,-1.0,-0.22335052490234375,0.22335052490234375,0.34432998487035504,0.6569837372073566,0.7380809994892846,0.6520416736602783,e7cbacd9475bb3c9fa97080921d0cb007abb1a0ae8e37b198a58d969cf2c5850
1,linear,9,1000,800,200,10000,10000,0.5,508,31260913,31760913,1031760913,2031260913,3031260913,0.2633883998781911,1.1788289523230542,1.170577013775429,0.03685054225742191,1.3896376988350696,-0.028118847956545165,0.03942387626695056,1.3702505451794011,0.0,6.410198913897602e-07,3556,0.005,1,1,1.1426010131835938,1.0,0.14260101318359375,0.14260101318359375,-1.22144615650177,-1.0,-0.22144615650177002,0.22144615650177002,0.3177044489778513,0.6629658758255775,0.7419355505411255,0.6609832644462585,4e202aabb0108a9ad22eff470165cdc5b310afb94728e323d0c2bba3df82e06c
1,linear,9,1000,800,200,10000,10000,0.5,509,31260913,31760913,1031760913,2031260913,3031260913,0.26403680988567574,1.14408538201165,1.1229866601131873,0.03692843345570491,1.3089313613327433,-0.04238037799813866,0.06297889001848117,1.261099038792171,0.0,6.400150258656367e-07,3563,0.005,1,1,1.1432135105133057,1.0,0.14321351051330566,0.14321351051330566,-1.221822738647461,-1.0,-0.22182273864746094,0.22182273864746094,0.3099487316948401,0.6359355312278501,0.7283650017461557,0.6349592208862305,d1ba50b510d268c3e284c64b2a6832c4525e7e1c60370495de87451addc178fa
1,linear,9,1000,800,200,10000,10000,0.5,510,31260913,31760913,1031760913,2031260913,3031260913,0.26538631547492025,1.2282094133478498,1.1929783335036124,0.036348300726349037,1.5084983630362694,-0.06082467977678091,0.07874526476127633,1.4231973042090564,-2.220446049250313e-16,6.546538653395828e-07,3570,0.005,1,1,1.1463568210601807,1.0,0.14635682106018066,0.14635682106018066,-1.2213810682296753,-1.0,-0.2213810682296753,0.2213810682296753,0.323035879037648,0.6534578531806174,0.7484719238623943,0.6517850160598755,5a87ba18372aeb9b368944f72076e540eb8363d6f2f06f27a23d45f98b3dc2eb
1,linear,9,1000,800,200,10000,10000,0.5,511,31260913,31760913,1031760913,2031260913,3031260913,0.2685332200784826,1.1916464518175696,1.167182021211242,0.03727405211593702,1.420021266129403,-0.04749072380328986,0.06517652696568213,1.3623138706387603,2.220446049250313e-16,6.339555156387178e-07,3577,0.005,1,1,1.1479461193084717,1.0,0.14794611930847168,0.14794611930847168,-1.2241027355194092,-1.0,-0.22410273551940918,0.22410273551940918,0.3084474401721166,0.6470790858667047,0.7417402425242724,0.6469173431396484,197220a486f999eaca6ad6c34d33e3b6fa50e2d6a4162888729869f6c8507a8d
1,linear,9,1000,800,200,10000,10000,0.5,512,31260913,31760913,1031760913,2031260913,3031260913,0.2699267843269812,1.1238970094629317,1.113666742850131,0.03768983063696641,1.2631444878797211,-0.030290352193133946,0.0465706535597452,1.2402536141304197,0.0,6.197116633188671e-07,3584,0.005,1,1,1.1486446857452393,1.0,0.14864468574523926,0.14864468574523926,-1.2253113985061646,-1.0,-0.22531139850616455,0.22531139850616455,0.3062103537506163,0.6416162527323224,0.7273223906274289,0.641076922416687,023430463daabb3fdcfbb6773843a227605f4eb216f29696bb8d0b3a1b0785fd
1,linear,9,1000,800,200,10000,10000,0.5,513,31260913,31760913,1031760913,2031260913,3031260913,0.26884950301985133,1.1816125921286442,1.1532505698702855,0.036780507015491404,1.3962083178769737,-0.051500973993163335,0.07187910065806423,1.3299868769061385,0.0,6.362178570640253e-07,3591,0.005,1,1,1.149571180343628,1.0,0.14957118034362793,0.14957118034362793,-1.2234021425247192,-1.0,-0.22340214252471924,0.22340214252471924,0.3045193246694936,0.6487162842839923,0.7378569643464453,0.6489084959030151,1d69ebf54769e86fa0351f71f5f53f15a584646266b546929a7eb92e5c2a83a2
1,linear,9,1000,800,200,10000,10000,0.5,514,31260913,31760913,1031760913,2031260913,3031260913,0.267331474571568,1.1913923819472898,1.1589461612666467,0.03616999975274481,1.419415807762037,-0.056214801400042654,0.0772401065053278,1.3431562047146963,0.0,6.33469657174146e-07,3598,0.005,1,1,1.1492207050323486,1.0,0.14922070503234863,0.14922070503234863,-1.2218091487884521,-1.0,-0.22180914878845215,0.22180914878845215,0.3060568933302575,0.6487747816947446,0.738954388578779,0.647067129611969,5500451913ff93446ee53f6d3cabeaaf7d609f55cc0c68e79b707d5f891afff7
1,linear,9,1000,800,200,10000,10000,0.5,515,31260913,31760913,1031760913,2031260913,3031260913,0.2655970150300355,1.2004315632575209,1.1676765366974444,0.035414747893210696,1.4410359380648952,-0.05649109580218387,0.07652283457814966,1.3634684943537383,2.220446049250313e-16,5.907098739044159e-07,3605,0.005,1,1,1.1489819288253784,1.0,0.14898192882537842,0.14898192882537842,-1.2198776006698608,-1.0,-0.21987760066986084,0.21987760066986084,0.3087245258146912,0.6554402711261577,0.7402468679042529,0.6568646430969238,bbad47a9489b1c80b8aa3b9b3916e3c5fa0d55eb611b92f5efa2491c6d1dd769
1,linear,9,1000,800,200,10000,10000,0.5,516,31260913,31760913,1031760913,2031260913,3031260913,0.26490110849484344,1.1926829431076278,1.1618336032697616,0.03545179145248278,1.4224926027798728,-0.05404353627277878,0.07413662206401783,1.349857321686798,0.0,5.659593771412119e-07,3612,0.005,1,1,1.148025631904602,1.0,0.14802563190460205,0.14802563190460205,-1.2196838855743408,-1.0,-0.21968388557434082,0.21968388557434082,0.3043555861918951,0.6381012579384189,0.7383515709530443,0.6362731456756592,50fd95221b235fb07ab3a8013d271d307fed938730993e669cb2c3cf1897d765
1,linear,9,1000,800,200,10000,10000,0.5,517,31260913,31760913,1031760913,2031260913,3031260913,0.26407228204134653,1.1967777485914473,1.1643322044680844,0.03602054826255508,1.4322769795236134,-0.056314022712329555,0.0767065552405271,1.3556694823615092,-2.220446049250313e-16,5.996826164533786e-07,3619,0.005,1,1,1.1455527544021606,1.0,0.14555275440216064,0.14555275440216064,-1.2203373908996582,-1.0,-0.2203373908996582,0.2203373908996582,0.3024590932196514,0.6440379823605401,0.7399040572178099,0.6427669525146484,b3b5091843527698a2841a56982c4c1f4f283121c81f233542888cf0143443ce
1,linear,9,1000,800,200,10000,10000,0.5,518,31260913,31760913,1031760913,2031260913,3031260913,0.26366503280508385,1.217079831492887,1.1858910590143383,0.03671409446806626,1.4812833162267542,-0.055829903422335896,0.07355731047891753,1.4063376038501487,0.0,5.872077650792562e-07,3626,0.005,1,1,1.143290638923645,1.0,0.14329063892364502,0.14329063892364502,-1.221330165863037,-1.0,-0.2213301658630371,0.2213301658630371,0.30141912640217083,0.6520986722358137,0.7446719463583701,0.6526955366134644,10be49e5fe08611269d85e97578ce54f1b21620a15b51993748f224cefc63c5e
1,linear,9,1000,800,200,10000,10000,0.5,519,31260913,31760913,1031760913,2031260913,3031260913,0.2645665784560508,1.1823651180219457,1.1585868253249652,0.036677118576469714,1.3979872723150493,-0.04617047953746888,0.06436415349903256,1.3423234318165813,2.220446049250313e-16,6.620272543500505e-07,3633,0.005,1,1,1.1445074081420898,1.0,0.14450740814208984,0.14450740814208984,-1.2216147184371948,-1.0,-0.22161471843719482,0.22161471843719482,0.3031279153872896,0.659098336996826,0.7383377114637776,0.6600194573402405,0a289bc11073850a3850631ad6364fce6c36428e0c16e849eb8dd6ebf4078c77
1,linear,9,1000,800,200,10000,10000,0.5,520,31260913,31760913,1031760913,2031260913,3031260913,0.26532309709774304,1.1432617167981696,1.1461304323377572,0.03649515652875506,1.307047353096298,-0.014963770847159498,0.022275098465377903,1.3136149679307343,2.220446049250313e-16,5.354919245803558e-07,3640,0.005,1,1,1.1459077596664429,1.0,0.14590775966644287,0.14590775966644287,-1.2216016054153442,-1.0,-0.22160160541534424,0.22160160541534424,0.3274712103730523,0.6489155596305599,0.7365615789146249,0.6456719040870667,213a695fb3ec075c459354c966a97ae36fc303b17b299dda71aa16e06baecf11
1,linear,9,1000,800,200,10000,10000,0.5,521,31260913,31760913,1031760913,2031260913,3031260913,0.26633717026411646,1.1591399343835893,1.15057536323236,0.03588381686094873,1.3436053874827918,-0.027832768933231368,0.040352282345655834,1.3238236664772776,-2.220446049250313e-16,6.282204161323079e-07,3647,0.005,1,1,1.1487102508544922,1.0,0.1487102508544922,0.1487102508544922,-1.220954179763794,-1.0,-0.22095417976379395,0.22095417976379395,0.30906003021187006,0.6445515284980877,0.7383096065889602,0.646377444267273,90ab14a9d95f4db284fafd0bd66895380f121e5b8c4567dfb281baaff39fb86a
1,linear,9,1000,800,200,10000,10000,0.5,522,31260913,31760913,1031760913,2031260913,3031260913,0.2662392751821972,1.1580644695487852,1.1461218970868041,0.03601980713686898,1.341113315631309,-0.03176885989316143,0.04613767451806371,1.3135954029818548,-2.220446049250313e-16,5.672423100122614e-07,3654,0.005,1,1,1.1482452154159546,1.0,0.1482452154159546,0.1482452154159546,-1.2211486101150513,-1.0,-0.22114861011505127,0.22114861011505127,0.3173952320588227,0.6496727350071092,0.7371312159777271,0.6490007638931274,0263c28c69868e7b8b61d414c6218b6ced33cf0e3e560aee662d660d5a76ccba
1,linear,9,1000,800,200,10000,10000,0.5,523,31260913,31760913,1031760913,2031260913,3031260913,0.265637711137978,1.168307615300672,1.1553646148894992,0.03553742023012005,1.3649426839695427,-0.03280635543045104,0.04685015564601541,1.3348673933387607,2.220446049250313e-16,5.956838737830594e-07,3661,0.005,1,1,1.1487208604812622,1.0,0.1487208604812622,0.1487208604812622,-1.22010338306427,-1.0,-0.22010338306427002,0.22010338306427002,0.3114094063526197,0.6479439677126916,0.7410407633188789,0.6505084037780762,6863febde9427a3187cf8ebfc8419fe8a2f74b67a7073ef16a28fabf19e14d3e
1,linear,9,1000,800,200,10000,10000,0.5,524,31260913,31760913,1031760913,2031260913,3031260913,0.2659519463562767,1.1616170493821554,1.1520100433031357,0.03571473553375422,1.3493541694153046,-0.028970882538883056,0.04183312820808517,1.3271271398712927,0.0,6.201439024522415e-07,3668,0.005,1,1,1.148660659790039,1.0,0.14866065979003906,0.14866065979003906,-1.2205231189727783,-1.0,-0.22052311897277832,0.22052311897277832,0.30857843882235253,0.6506907839780913,0.7381971078601655,0.6500899791717529,3327fd632a7be553adb4853650acce7cc4b7f2c58a734b7e2ba66e6987ced93d
1,linear,9,1000,800,200,10000,10000,0.5,525,31260913,31760913,1031760913,2031260913,3031260913,0.26488030293461273,1.1599813919957007,1.1494638252194094,0.03541109026338854,1.3455568297762834,-0.02985041727581761,0.043231152357196066,1.3212670854880368,0.0,5.687575068691331e-07,3675,0.005,1,1,1.1481033563613892,1.0,0.14810335636138916,0.14810335636138916,-1.2196063995361328,-1.0,-0.2196063995361328,0.2196063995361328,0.3099308998849642,0.6382734146318833,0.7372494568030142,0.6372690796852112,c3b928fc4e3c22965235459a65a21847f8d33bc0547b7d6b762bb48003abedbb
1,linear,9,1000,800,200,10000,10000,0.5,526,31260913,31760913,1031760913,2031260913,3031260913,0.26138499069904503,1.1818277988360781,1.1657164470053896,0.035211050935360734,1.3967169461017295,-0.03651658110911066,0.05100337612599217,1.358894834818869,0.0,6.295313177417938e-07,3682,0.005,1,1,1.1442768573760986,1.0,0.14427685737609863,0.14427685737609863,-1.2179594039916992,-1.0,-0.21795940399169922,0.21795940399169922,0.30935159430461134,0.6498574439146109,0.7423834626128091,0.6499489545822144,75a00c09921f427346fa069d0d4836420d487f39f74b4f5417289d08d31781de
1,linear,9,1000,800,200,10000,10000,0.5,527,31260913,31760913,1031760913,2031260913,3031260913,0.26099649733681596,1.1447482761509657,1.1343861706526643,0.03544530880288958,1.3104486157506077,-0.02953097019274063,0.04388305742971175,1.2868319841680158,-2.220446049250313e-16,6.026680505755166e-07,3689,0.005,1,1,1.1431936025619507,1.0,0.14319360256195068,0.14319360256195068,-1.2182080745697021,-1.0,-0.21820807456970215,0.21820807456970215,0.30064874492129434,0.6432966582377712,0.7332179386232603,0.6419284343719482,ccf0028b8083db0efd0a96721b1ece87935ff60ed1d89107e3e82fc16f4c325f
1,linear,9,1000,800,200,10000,10000,0.5,528,31260913,31760913,1031760913,2031260913,3031260913,0.26147266952310066,1.1844693577327132,1.1641587646457618,0.03547744695089164,1.4029676594077463,-0.04158973852854584,0.057825965474384323,1.3552656293015461,0.0,6.320777945489908e-07,3696,0.005,1,1,1.1437036991119385,1.0,0.14370369911193848,0.14370369911193848,-1.218442678451538,-1.0,-0.21844267845153809,0.21844267845153809,0.29399793276973907,0.6528513063026182,0.7403133453059872,0.6503342390060425,f7bb09caaa1d1f1121161bf4bdae94ad6b6a2ec69642b2ee7f67086e964e3ac0
1,linear,9,1000,800,200,10000,10000,0.5,529,31260913,31760913,1031760913,2031260913,3031260913,0.261201508151885,1.1978169624407145,1.1726249411399425,0.0364494143729606,1.4347654755107,-0.048082818650103276,0.06536477978945078,1.375049252583454,0.0,5.676664383003072e-07,3703,0.005,1,1,1.1408871412277222,1.0,0.14088714122772217,0.14088714122772217,-1.2199478149414062,-1.0,-0.21994781494140625,0.21994781494140625,0.3008020185088656,0.6575806580356681,0.7423003351807081,0.6571394205093384,e5fb9b1ee559c614260346997af978c37fcd6babbdd9dbdb6cc159f8ae842c2e
1,linear,9,1000,800,200,10000,10000,0.5,530,31260913,31760913,1031760913,2031260913,3031260913,0.26125593985879014,1.1874999207651726,1.1710176490056712,0.037209554067017286,1.4101560618172913,-0.03804164080076953,0.05256673280514119,1.3712823342827694,0.0,6.48476312647972e-07,3710,0.005,1,1,1.1390273571014404,1.0,0.13902735710144043,0.13902735710144043,-1.2211923599243164,-1.0,-0.2211923599243164,0.2211923599243164,0.3090809271978802,0.6553626865734608,0.7432595724400226,0.6524459719657898,90b176af17d4241cbedb939c7291b86236cc2da74d1ecaf69569f8c6398de996
1,linear,9,1000,800,200,10000,10000,0.5,531,31260913,31760913,1031760913,2031260913,3031260913,0.26039111886974226,1.181536278340852,1.1546747883262627,0.038008883731087066,1.3960279770355513,-0.05038149698516951,0.07026527471300213,1.3332738667962993,0.0,5.977191523953707e-07,3717,0.005,1,1,1.135921835899353,1.0,0.13592183589935303,0.13592183589935303,-1.222100853919983,-1.0,-0.2221008539199829,0.2221008539199829,0.29746669006409304,0.6440267012255461,0.7374040949468558,0.6425095796585083,3282b03c71fac2bcb0b318389d4fda0ad78ba66bb7e391279ac78b11be5ef8d4
1,linear,9,1000,800,200,10000,10000,0.5,532,31260913,31760913,1031760913,2031260913,3031260913,0.260109740805216,1.2348589478421337,1.2025723804061454,0.0377224069018629,1.5248766210657814,-0.058209348925970426,0.0745032447660984,1.4461803301157032,-2.220446049250313e-16,6.215862917713366e-07,3724,0.005,1,1,1.13629150390625,1.0,0.13629150390625,0.13629150390625,-1.2215439081192017,-1.0,-0.22154390811920166,0.22154390811920166,0.315290601172166,0.6654828441908179,0.7507788795410686,0.6660476922988892,d51669c9e51ac4e3be754881baccf44e56ffd92afda912097846713ef1cb3f58
1,linear,9,1000,800,200,10000,10000,0.5,533,31260913,31760913,1031760913,2031260913,3031260913,0.2617494633512703,1.1542338718722964,1.1309757534984821,0.038105526116762524,1.332255830977313,-0.045627601046307927,0.06659207195255958,1.2791061550014593,-2.220446049250313e-16,5.628518788824977e-07,3731,0.005,1,1,1.1373869180679321,1.0,0.13738691806793213,0.13738691806793213,-1.222795009613037,-1.0,-0.2227950096130371,0.2227950096130371,0.311993204561057,0.6470738133250077,0.7311301204264229,0.6445363759994507,b1de75ad37c49262dffcf5711330b5c33af6edd6da039cd56142f99e3ab7633b
1,linear,9,1000,800,200,10000,10000,0.5,534,31260913,31760913,1031760913,2031260913,3031260913,0.26285933930076666,1.1724217168485025,1.1683404271172129,0.03832677598617523,1.3745726821379902,-0.023940052243867017,0.03388783555151335,1.3650193536364312,-2.220446049250313e-16,5.723221594422512e-07,3738,0.005,1,1,1.1382263898849487,1.0,0.13822638988494873,0.13822638988494873,-1.223581075668335,-1.0,-0.22358107566833496,0.22358107566833496,0.31123888780858683,0.6630043954359438,0.7420011499252593,0.6690062284469604,d0f8fc6f383b475926983ba9ddffa536012f5b2c2cdb69a99bb2b939f0461479
1,linear,9,1000,800,200,10000,10000,0.5,535,31260913,31760913,1031760913,2031260913,3031260913,0.2621248849237171,1.2079214506309206,1.1858973666950074,0.037911155504163636,1.4590742308943074,-0.045316411032159026,0.06054355833250145,1.406352564334153,0.0,5.925191572941912e-07,3745,0.005,1,1,1.1383472681045532,1.0,0.13834726810455322,0.13834726810455322,-1.2226420640945435,-1.0,-0.22264206409454346,0.22264206409454346,0.30165690638766607,0.6526226768300029,0.7455276326104975,0.6550600528717041,cc3037ea33fc454f9e1b3f83f694729876e520a241b7ba98492924f2a47e8ada
1,linear,9,1000,800,200,10000,10000,0.5,536,31260913,31760913,1031760913,2031260913,3031260913,0.26173644470819785,1.1690535933068307,1.158966902092298,0.03860277074510242,1.3666863040236126,-0.031042397311648533,0.04417937614260261,1.343204280145418,0.0,6.422191400901056e-07,3752,0.005,1,1,1.1361219882965088,1.0,0.1361219882965088,0.1361219882965088,-1.2235548496246338,-1.0,-0.2235548496246338,0.2235548496246338,0.3100408380209454,0.6583732567027859,0.7405034013588333,0.6546868085861206,0699f7c5e245818e3fd6519dfa67f1e092da1d9b016a47b7b2a65409f8d9a09d
1,linear,9,1000,800,200,10000,10000,0.5,537,31260913,31760913,1031760913,2031260913,3031260913,0.261586559872017,1.197409299434349,1.2050556205339487,0.03765258850989498,1.4337890303718588,-0.009641285150647053,0.01310454322744263,1.4521590485804599,2.220446049250313e-16,6.221856825305849e-07,3759,0.005,1,1,1.1383228302001953,1.0,0.1383228302001953,0.1383228302001953,-1.2220232486724854,-1.0,-0.22202324867248535,0.22202324867248535,0.32975733616244574,0.6713068030835981,0.7557683555718718,0.6713319420814514,385921861849b4db7a87fa76b07df2596f9d0707c87470a733261cd29327f21f
1,linear,9,1000,800,200,10000,10000,0.5,538,31260913,31760913,1031760913,2031260913,3031260913,0.2601759414105197,1.1671882236208901,1.1596617097776425,0.037751653504267915,1.362328349359289,-0.027632360869576097,0.03947254558748094,1.344815281124405,2.220446049250313e-16,6.242272831968876e-07,3766,0.005,1,1,1.136300802230835,1.0,0.13630080223083496,0.13630080223083496,-1.2216159105300903,-1.0,-0.22161591053009033,0.22161591053009033,0.3070956907559827,0.6494868197191309,0.7403002090248856,0.6475837230682373,08432ea88100951ab7efd1a1b5595790b2936a6400aa710b9b3e6f2e339739d9
1,linear,9,1000,800,200,10000,10000,0.5,539,31260913,31760913,1031760913,2031260913,3031260913,0.2599734594133001,1.1787384111237997,1.1649071282296612,0.03839504861643081,1.38942424185866,-0.035405336537407066,0.04959358200802335,1.3570086174002765,-2.220446049250313e-16,5.99681129642704e-07,3773,0.005,1,1,1.134421706199646,1.0,0.134421706199646,0.134421706199646,-1.2225241661071777,-1.0,-0.22252416610717773,0.22252416610717773,0.297811854779618,0.6610732929053307,0.7414237692206818,0.6633889079093933,4d2736322372857037391e6b99903d5f1498950ad9a0a73537d011289864b842
1,linear,9,1000,800,200,10000,10000,0.5,540,31260913,31760913,1031760913,2031260913,3031260913,0.25883587090760846,1.183647212812032,1.165839813718682,0.03863358817499901,1.4010207243976915,-0.040235920660539624,0.05589664172732861,1.3591824712516114,0.0,5.611334561450576e-07,3780,0.005,1,1,1.1323829889297485,1.0,0.13238298892974854,0.13238298892974854,-1.2224202156066895,-1.0,-0.22242021560668945,0.22242021560668945,0.2958090679056745,0.6563856615979884,0.7418661934612403,0.6571346521377563,7de1c48139342d424c66373f62d15eced0f48ffd7b6f93fc5fcb81ea404716d3
1,linear,9,1000,800,200,10000,10000,0.5,541,31260913,31760913,1031760913,2031260913,3031260913,0.2579500066370089,1.1650194047907474,1.1530097046458323,0.03962552062653185,1.3572702135389874,-0.033732177579024906,0.04829591322243662,1.3294313790074694,0.0,5.89449332011327e-07,3787,0.005,1,1,1.1287583112716675,1.0,0.12875831127166748,0.12875831127166748,-1.2235162258148193,-1.0,-0.22351622581481934,0.22351622581481934,0.2963727983215953,0.6448174522625066,0.7383034516451518,0.6414476037025452,f579ff163a1d0b416899c79affc7844b8a3f96b758d652b833d46088801e03c8
1,linear,9,1000,800,200,10000,10000,0.5,542,31260913,31760913,1031760913,2031260913,3031260913,0.2582440264531763,1.168699781321237,1.1553236155695175,0.03947039792993437,1.365859178860307,-0.035278460048809655,0.050206671276904744,1.3347726566926224,2.220446049250313e-16,5.843912909142546e-07,3794,0.005,1,1,1.1295229196548462,1.0,0.1295229196548462,0.1295229196548462,-1.2234139442443848,-1.0,-0.22341394424438477,0.22341394424438477,0.29944823157715367,0.6540656995081061,0.7394918015799794,0.6525517106056213,6063d9416b2c63258c78484897b3e783c99f48af6056f3865cdad4a59ef01c3a
1,linear,9,1000,800,200,10000,10000,0.5,543,31260913,31760913,1031760913,2031260913,3031260913,0.2610661225344683,1.1792297620772698,1.1653791290906752,0.039543713100187276,1.3905828317688145,-0.03600901517443078,0.050357802676446614,1.3581085145201404,2.220446049250313e-16,5.990062206251423e-07,3801,0.005,1,1,1.1329196691513062,1.0,0.13291966915130615,0.13291966915130615,-1.224695086479187,-1.0,-0.224695086479187,0.224695086479187,0.29761134797601496,0.6549655276908846,0.7410246669773686,0.6565007567405701,64a1ab63bc43ff7081efdf0754cc246927d17eea603ecef990552f8654c45cdf
1,linear,9,1000,800,200,10000,10000,0.5,544,31260913,31760913,1031760913,2031260913,3031260913,0.26484020909501144,1.1847845462808957,1.178471628365592,0.04011434275058552,1.4037144211060277,-0.027516692496981545,0.03811628246480097,1.3887953788626501,0.0,5.655263599635418e-07,3808,0.005,1,1,1.1362746953964233,1.0,0.13627469539642334,0.13627469539642334,-1.227089285850525,-1.0,-0.2270892858505249,0.2270892858505249,0.3051017017543435,0.6669054946193973,0.7464005817702181,0.6697817444801331,413cfeafba810ad58963e5aa3dca5f9d85ac054cc4535202fa39db1b64c6269a
1,linear,9,1000,800,200,10000,10000,0.5,545,31260913,31760913,1031760913,2031260913,3031260913,0.26608170169917494,1.1856589026087432,1.1687208140704353,0.04031648909319052,1.4057870333353693,-0.040097590593549365,0.05545604442787084,1.365908341241461,-2.220446049250313e-16,6.360237918556777e-07,3815,0.005,1,1,1.1373436450958252,1.0,0.1373436450958252,0.1373436450958252,-1.2278951406478882,-1.0,-0.22789514064788818,0.22789514064788818,0.29357851114568867,0.6515250227015983,0.7422668246417501,0.6511036157608032,446f2039fda0a2dcc81199bd9283fafb582156416e93674d0a16579445e3daa3
1,linear,9,1000,800,200,10000,10000,0.5,546,31260913,31760913,1031760913,2031260913,3031260913,0.2678903647227881,1.2003907860130052,1.1858904176495804,0.04092274385135799,1.4409380391449205,-0.0377623501615912,0.05096612393673966,1.4063360826730962,2.220446049250313e-16,5.97883168751423e-07,3822,0.005,1,1,1.1381396055221558,1.0,0.13813960552215576,0.13813960552215576,-1.2295271158218384,-1.0,-0.22952711582183838,0.22952711582183838,0.297930018644186,0.6555653706549829,0.7462223666152102,0.6565201282501221,b75dd6771ec8cb55ec89b0926189c1516a0e04d6a68dd6d50d2c5a4a021a81c8
1,linear,9,1000,800,200,10000,10000,0.5,547,31260913,31760913,1031760913,2031260913,3031260913,0.2689060656327627,1.175699610078199,1.1735693711588244,0.041749584708826046,1.382269573138029,-0.023377044462368043,0.032832485902387146,1.3772650689221189,-2.220446049250313e-16,5.815796502162129e-07,3829,0.005,1,1,1.1374086141586304,1.0,0.13740861415863037,0.13740861415863037,-1.2311478853225708,-1.0,-0.2311478853225708,0.2311478853225708,0.31021659745381913,0.6552405219616895,0.7437536105915548,0.6524156332015991,3df2126dd8d2df4ad79b565a6f243a643efda2fa74626d25efbe268eabfb92c4
1,linear,9,1000,800,200,10000,10000,0.5,548,31260913,31760913,1031760913,2031260913,3031260913,0.27098862905359783,1.1912894380003378,1.1875188514381985,0.041833158273718946,1.4191705250911608,-0.025401330421891105,0.0347724385791945,1.410201022521098,2.220446049250313e-16,5.955897570686375e-07,3836,0.005,1,1,1.1398378610610962,1.0,0.1398378610610962,0.1398378610610962,-1.2321211099624634,-1.0,-0.23212110996246338,0.23212110996246338,0.30905609861139205,0.6761277801224247,0.7481658211302015,0.681560754776001,327299c09766a2095490dd8686571d5b69e34307bd84618039cfd8d6728c3d6e
1,linear,9,1000,800,200,10000,10000,0.5,549,31260913,31760913,1031760913,2031260913,3031260913,0.2712963396476374,1.2041751009779729,1.1844572157011706,0.041400334242957956,1.4500376738153111,-0.044249556115849846,0.05933810976623718,1.4029388958265694,0.0,6.385483608539744e-07,3843,0.005,1,1,1.1412725448608398,1.0,0.14127254486083984,0.14127254486083984,-1.2316112518310547,-1.0,-0.2316112518310547,0.2316112518310547,0.29857721318651825,0.6638200336603571,0.7451075571000482,0.6628351211547852,7a2f0f95a78ea5b8b75c418ba17181b024f20e205e11e95bf5f30f8b6ced907f
1,linear,9,1000,800,200,10000,10000,0.5,550,31260913,31760913,1031760913,2031260913,3031260913,0.2685430212779204,1.1586128382101892,1.1355222663874691,0.04163221609414741,1.3423837088654702,-0.04730255374894149,0.06835550501389162,1.2894108174617345,0.0,5.709103909623536e-07,3850,0.005,1,1,1.1372345685958862,1.0,0.13723456859588623,0.13723456859588623,-1.2308290004730225,-1.0,-0.23082900047302246,0.23082900047302246,0.3025989198700648,0.6530446785539277,0.733093276634679,0.6490054130554199,8cb7140406b5b1a5d1fc2749dc6847d89df77c535028da9856dcf1beb42a2dfb
1,linear,9,1000,800,200,10000,10000,0.5,551,31260913,31760913,1031760913,2031260913,3031260913,0.26878963224868246,1.2415246698710922,1.2116975933392722,0.041196133041263724,1.5413835058985246,-0.0571842906178019,0.07226718859609638,1.4682110577041843,-2.220446049250313e-16,6.341066463022571e-07,3857,0.005,1,1,1.1386077404022217,1.0,0.13860774040222168,0.13860774040222168,-1.230294942855835,-1.0,-0.23029494285583496,0.23029494285583496,0.3043814763049705,0.6561077919430367,0.7522815135195535,0.6560972332954407,005e6605d3f52e09aa489b298c1d9c78e6b68dfb304e54eaddc5667254aac2ac
1,linear,9,1000,800,200,10000,10000,0.5,552,31260913,31760913,1031760913,2031260913,3031260913,0.26938929113689636,1.2362220429611683,1.1989702763416614,0.04142900680037463,1.5282449395030846,-0.06607211137632953,0.08418577824003208,1.4375297235508,-2.220446049250313e-16,6.359694300073215e-07,3864,0.005,1,1,1.1387982368469238,1.0,0.13879823684692383,0.13879823684692383,-1.2308801412582397,-1.0,-0.23088014125823975,0.23088014125823975,0.30783199649552045,0.6675482159854118,0.7510238472827307,0.667499303817749,ceba50083a2a1ecd091592b028a40429e2ccdc7d009d68584f266fda684ced80
1,linear,9,1000,800,200,10000,10000,0.5,553,31260913,31760913,1031760913,2031260913,3031260913,0.2704606415951672,1.2473703216446463,1.206685572921662,0.04222509462882732,1.5559327193198687,-0.07103387102570828,0.08889468912985411,1.4560900718972793,-2.220446049250313e-16,5.655114225788793e-07,3871,0.005,1,1,1.1382237672805786,1.0,0.1382237672805786,0.1382237672805786,-1.2324718236923218,-1.0,-0.23247182369232178,0.23247182369232178,0.30320357174570456,0.6610559774942669,0.7512773818703689,0.6588532328605652,6985d90ad3892b98c85903a2c1ebe78a97c5c2e3b978c2f884fb5cb60af750d4
1,linear,9,1000,800,200,10000,10000,0.5,554,31260913,31760913,1031760913,2031260913,3031260913,0.26879412400441466,1.2420399384399399,1.203105697885652,0.04279524790171707,1.5426632086798897,-0.0689975681483424,0.08703800198853202,1.4474633202849219,-2.220446049250313e-16,5.612635689544732e-07,3878,0.005,1,1,1.1347321271896362,1.0,0.13473212718963623,0.13473212718963623,-1.232588768005371,-1.0,-0.2325887680053711,0.2325887680053711,0.3019548106249375,0.667373006240841,0.751215197757736,0.6705134510993958,6ffc1718ce32253f59b601867818c62cfc877eae4481561d78841426d94308e0
1,linear,9,1000,800,200,10000,10000,0.5,555,31260913,31760913,1031760913,2031260913,3031260913,0.2677323811653971,1.266038622968102,1.21859514360897,0.0432070123422389,1.6028537948469679,-0.08054334158092048,0.09786192737126802,1.484974124027366,0.0,6.526517299931811e-07,3885,0.005,1,1,1.1323833465576172,1.0,0.1323833465576172,0.1323833465576172,-1.2327128648757935,-1.0,-0.23271286487579346,0.23271286487579346,0.315377774318607,0.6616221387593433,0.7558313861399635,0.6611534357070923,1c6ccc8b24e0978d103b56aa8a49953e66e419433d30119efcd9aa1eb9fc050e
1,linear,9,1000,800,200,10000,10000,0.5,556,31260913,31760913,1031760913,2031260913,3031260913,0.2689801285922467,1.2440145630241344,1.2162720767440043,0.043956677430437636,1.547572233016128,-0.056105572889696316,0.07050525129820445,1.479317764667173,0.0,5.740156634459481e-07,3892,0.005,1,1,1.1321669816970825,1.0,0.13216698169708252,0.13216698169708252,-1.2342694997787476,-1.0,-0.23426949977874756,0.23426949977874756,0.2979414791188801,0.669171317241036,0.7534985809931548,0.6704593896865845,f23b26ef714119cec51eb8b5efeee1a4d3d1a46dc8762ecd2011adc43b22220f
1,linear,9,1000,800,200,10000,10000,0.5,557,31260913,31760913,1031760913,2031260913,3031260913,0.271696082827737,1.1869035978043803,1.1715746311823902,0.04489986136077832,1.4087401504809822,-0.04052644770580339,0.05575857485438423,1.3725871164301537,0.0,6.316183434051936e-07,3899,0.005,1,1,1.1333799362182617,1.0,0.13337993621826172,0.13337993621826172,-1.2367035150527954,-1.0,-0.2367035150527954,0.2367035150527954,0.29146848226468136,0.6561910692020803,0.7429756637527715,0.6559065580368042,8a730c1ab89ecd183e840d37e8e55517655721435ac00d0089bb8861921cb287
1,linear,9,1000,800,200,10000,10000,0.5,558,31260913,31760913,1031760913,2031260913,3031260913,0.27291310126488405,1.2225518632096675,1.2098570760428633,0.04434282328051631,1.4946330582374292,-0.03761086853347917,0.048877788125415274,1.463754144450987,-2.220446049250313e-16,5.969800671579151e-07,3906,0.005,1,1,1.1362587213516235,1.0,0.13625872135162354,0.13625872135162354,-1.2364637851715088,-1.0,-0.2364637851715088,0.2364637851715088,0.29953169195480156,0.6693987545601223,0.7542900299394137,0.6697938442230225,b0856ae3e9c06747bdbf0ea091698945a3c264720ec35e12c9dbc79d07d85e7c
1,linear,9,1000,800,200,10000,10000,0.5,559,31260913,31760913,1031760913,2031260913,3031260913,0.2738345231734014,1.173724469465731,1.1590137640141849,0.044855968637544846,1.3776291302226116,-0.03958609684291402,0.05565766119396896,1.3433129051743284,0.0,5.527702739982487e-07,3913,0.005,1,1,1.1362131834030151,1.0,0.13621318340301514,0.13621318340301514,-1.2375527620315552,-1.0,-0.23755276203155518,0.23755276203155518,0.30024613992670746,0.6588896414590764,0.7409894184533679,0.6592692136764526,14ede35d14c6479b04174d940bef09e374dfa3b7a142b9f1899e57b04b677806
1,linear,9,1000,800,200,10000,10000,0.5,560,31260913,31760913,1031760913,2031260913,3031260913,0.2730877987413154,1.2458780887833525,1.2181823884742848,0.04490559813419994,1.5522122121104591,-0.05657473932787302,0.0708460439987285,1.4839683315889132,2.220446049250313e-16,6.511697137057126e-07,3920,0.005,1,1,1.135143518447876,1.0,0.13514351844787598,0.13514351844787598,-1.2373039722442627,-1.0,-0.2373039722442627,0.2373039722442627,0.2969804590798028,0.6614790000715983,0.7552772176426155,0.6616153717041016,1d9ff8c8797217a93a8d4b63ca937abc34298bdc67f3df466d95c739490f7b53
1,linear,9,1000,800,200,10000,10000,0.5,561,31260913,31760913,1031760913,2031260913,3031260913,0.27222760898570014,1.2251640805795783,1.189823985880751,0.04453547708457756,1.5010270243424035,-0.06494069202491176,0.08403502539037219,1.4156811173771573,-2.220446049250313e-16,5.863625460733601e-07,3927,0.005,1,1,1.134926676750183,1.0,0.1349266767501831,0.1349266767501831,-1.236437439918518,-1.0,-0.23643743991851807,0.23643743991851807,0.30106719270385385,0.6605418399613779,0.7479839573145809,0.6603377461433411,84a76ee15d11d1d0ac241e62dd4c8db257bbacd9c41a2c18a4a7ddf22a12f105
1,linear,9,1000,800,200,10000,10000,0.5,562,31260913,31760913,1031760913,2031260913,3031260913,0.2722316215552683,1.1916596333593854,1.1783615071057958,0.044767745401016364,1.4200526817782246,-0.038142292875299286,0.05207777303972844,1.3885358414286426,0.0,6.34646047714682e-07,3934,0.005,1,1,1.1343786716461182,1.0,0.13437867164611816,0.13437867164611816,-1.2367539405822754,-1.0,-0.2367539405822754,0.2367539405822754,0.29683055225816474,0.656710570599314,0.7441778647852332,0.6550401449203491,25f166e7ff15bb2b6da58c3f0afa2f179219a3ea4edd4c462951d83a6d6278c6
1,linear,9,1000,800,200,10000,10000,0.5,563,31260913,31760913,1031760913,2031260913,3031260913,0.27220365862723866,1.2250137833923043,1.207127898396385,0.043766374347649004,1.5006587695011273,-0.043633690380951544,0.056504765614232934,1.457157763086873,-2.220446049250313e-16,5.69326617849697e-07,3941,0.005,1,1,1.1367312669754028,1.0,0.13673126697540283,0.13673126697540283,-1.2353707551956177,-1.0,-0.23537075519561768,0.23537075519561768,0.2910239209158295,0.6578445349497827,0.7518532222687989,0.6590954065322876,0d1f39ff380b9e3e7d6fe1b1c356aa8b32c2500fd1b7faffccaffe370b85a015
1,linear,9,1000,800,200,10000,10000,0.5,564,31260913,31760913,1031760913,2031260913,3031260913,0.2742411466032913,1.1804214696586273,1.176146956469501,0.04439358650786938,1.3933948460310337,-0.027233384663216408,0.037882325447738695,1.3833216632124703,2.220446049250313e-16,6.651314610195413e-07,3948,0.005,1,1,1.137826919555664,1.0,0.13782691955566406,0.13782691955566406,-1.2370905876159668,-1.0,-0.2370905876159668,0.2370905876159668,0.30615886327173997,0.6740445414636586,0.7452212695816214,0.6738576889038086,26f1a3c3a36d73062305554414a1cd05542722f961f411fc8671172f705ed4ed
1,linear,9,1000,800,200,10000,10000,0.5,565,31260913,31760913,1031760913,2031260913,3031260913,0.2733795742535292,1.213776610121827,1.2119485531167646,0.044502248368487034,1.4732536592788334,-0.024468306122750687,0.03224274206341797,1.468819295401819,0.0,5.847221409283065e-07,3955,0.005,1,1,1.136473298072815,1.0,0.13647329807281494,0.13647329807281494,-1.236878514289856,-1.0,-0.23687851428985596,0.23687851428985596,0.31199810385608306,0.6743044236869877,0.754465785418641,0.6796096563339233,c1d4059c934bfc59f2bb9205db9a1636d2ea3c8b65fc242846c821aa2c269784
1,linear,9,1000,800,200,10000,10000,0.5,566,31260913,31760913,1031760913,2031260913,3031260913,0.27227430594382734,1.202469289750679,1.1889880439813418,0.04459821215345958,1.4459323927935026,-0.0384190181081925,0.051550794033591245,1.413692568730577,-2.220446049250313e-16,5.970286789391821e-07,3962,0.005,1,1,1.1348367929458618,1.0,0.13483679294586182,0.13483679294586182,-1.2365424633026123,-1.0,-0.2365424633026123,0.2365424633026123,0.30732316243979574,0.6605107767434022,0.7487063343199925,0.656603991985321,ba09228f6f76ab45f94d7f4f796cb399c5198a52ee8bf395aba523efeb2433a2
1,linear,9,1000,800,200,10000,10000,0.5,567,31260913,31760913,1031760913,2031260913,3031260913,0.2698914683542138,1.206343770363484,1.1921514595188878,0.04521612188280064,1.4552652922947864,-0.039628155872286214,0.052820588776178054,1.4212251024330145,-2.220446049250313e-16,6.186168395316827e-07,3969,0.005,1,1,1.1303131580352783,1.0,0.13031315803527832,0.13031315803527832,-1.236346960067749,-1.0,-0.23634696006774902,0.23634696006774902,0.2969482572479547,0.6608763078516893,0.7487950535528362,0.6624993085861206,f67399c2065d40b1cd323ddc4f5e9a1f5d45a6b587e568924f18185fee14f5c6
1,linear,9,1000,800,200,10000,10000,0.5,568,31260913,31760913,1031760913,2031260913,3031260913,0.2690158374714821,1.2226106373911634,1.20755466078461,0.04384757170282587,1.494776770662027,-0.040218041791109126,0.052277922146083206,1.4581882587826345,-2.220446049250313e-16,5.927652253490123e-07,3976,0.005,1,1,1.1324752569198608,1.0,0.13247525691986084,0.13247525691986084,-1.2341363430023193,-1.0,-0.23413634300231934,0.23413634300231934,0.29266765508275894,0.670105596068019,0.753505013284598,0.6726189851760864,c49d9b0d62917d70d79bcc33e322518f7cb267cf3bcf2d56cd6d42c0c79830c7
1,linear,9,1000,800,200,10000,10000,0.5,569,31260913,31760913,1031760913,2031260913,3031260913,0.26818255517289336,1.1997057119634815,1.1845840299175374,0.04308473802976491,1.439293795317804,-0.03956960470594785,0.05338664020800425,1.4032393239356733,0.0,6.442377138426991e-07,3983,0.005,1,1,1.1332533359527588,1.0,0.1332533359527588,0.1332533359527588,-1.2327346801757812,-1.0,-0.23273468017578125,0.23273468017578125,0.29644666677287224,0.6575577973496383,0.7456531104845169,0.6570420861244202,5444f637ce4e2b5001d02429d6b4be490a8d984e344ea221ebf4683a1283b0c2
1,linear,9,1000,800,200,10000,10000,0.5,570,31260913,31760913,1031760913,2031260913,3031260913,0.2669680335243464,1.2215638928937305,1.1925414575248932,0.04195116469516218,1.4922183444216854,-0.05600719060062565,0.07301304095512427,1.4221551279155964,0.0,5.871796204814927e-07,3990,0.005,1,1,1.134461522102356,1.0,0.13446152210235596,0.13446152210235596,-1.2306339740753174,-1.0,-0.23063397407531738,0.23063397407531738,0.2938986953691234,0.6680418658975316,0.7491432201319809,0.671045184135437,c38d3c189ac011482bd4d2cc0f399cdaa501370c7ae8b36c0d4edb29ddbc5e91
1,linear,9,1000,800,200,10000,10000,0.5,571,31260913,31760913,1031760913,2031260913,3031260913,0.26859569931452965,1.2281763178767031,1.2053392491909574,0.042660771004868925,1.5084170677931767,-0.04911756657891258,0.06333346444685786,1.4528427056402209,2.220446049250313e-16,5.919226619965912e-07,3997,0.005,1,1,1.1348053216934204,1.0,0.1348053216934204,0.1348053216934204,-1.2323169708251953,-1.0,-0.2323169708251953,0.2323169708251953,0.3042765461071379,0.6607932354831132,0.7518486098297036,0.6639151573181152,2f8115d8152749002968d3c0512984f4dee436b04f414f1a0d67115f0af683dd
1,linear,9,1000,800,200,10000,10000,0.5,572,31260913,31760913,1031760913,2031260913,3031260913,0.2702967577083207,1.2225733577373978,1.200752475106982,0.043301834429170336,1.4946856150492955,-0.048090471501461056,0.06253688418298682,1.4418065064755436,0.0,5.844396842036303e-07,4004,0.005,1,1,1.1354209184646606,1.0,0.13542091846466064,0.13542091846466064,-1.2339262962341309,-1.0,-0.23392629623413086,0.23392629623413086,0.3052988005181789,0.657632580359913,0.7517206569372633,0.6544674634933472,bd56d193221e603c4df467b9a4132365c4d76fba2f7cdb7e71ead64cf53908b2
1,linear,9,1000,800,200,10000,10000,0.5,573,31260913,31760913,1031760913,2031260913,3031260913,0.2709299754743399,1.233483296042621,1.217555420299923,0.04345280944211262,1.5214810416161684,-0.04124632477827952,0.05271318624795142,1.482441201501722,0.0,6.031411778906204e-07,4011,0.005,1,1,1.1358633041381836,1.0,0.1358633041381836,0.1358633041381836,-1.234401822090149,-1.0,-0.23440182209014893,0.23440182209014893,0.30577133534009193,0.6661797374793653,0.7545527684479512,0.6698418855667114,429a212600edc446073d8fdf08deec385f79b01a964cdf5166c140c604ed58b8
1,linear,9,1000,800,200,10000,10000,0.5,574,31260913,31760913,1031760913,2031260913,3031260913,0.2707577510148906,1.23567278822705,1.2054008776885423,0.042902806673292784,1.5268872395648119,-0.058399385152898206,0.07440407115951381,1.452991275932308,-2.220446049250313e-16,5.789884287565883e-07,4018,0.005,1,1,1.136966347694397,1.0,0.13696634769439697,0.13696634769439697,-1.2335593700408936,-1.0,-0.23355937004089355,0.23355937004089355,0.29381351439185943,0.6695026348962938,0.7530987552201573,0.668540894985199,1ecef85d53bcaffbec0a7b4233898a672ab918731be31966db2116d1a03419b4
1,linear,9,1000,800,200,10000,10000,0.5,575,31260913,31760913,1031760913,2031260913,3031260913,0.2714094229394411,1.210515077124656,1.193243482223807,0.04365659339930864,1.4653467519461116,-0.042586668737911795,0.056443438471189655,1.4238300078695965,-2.220446049250313e-16,5.639003539670284e-07,4025,0.005,1,1,1.1359843015670776,1.0,0.13598430156707764,0.13598430156707764,-1.234885811805725,-1.0,-0.2348858118057251,0.2348858118057251,0.2956039072579465,0.6559705602809894,0.7476357798303589,0.6551052331924438,c8df45d3648d90e5508fc0a4db175e74dfa41ca9bc0c329f159a3ab9e9986097
1,linear,9,1000,800,200,10000,10000,0.5,576,31260913,31760913,1031760913,2031260913,3031260913,0.272159568682977,1.213715681054546,1.2156252515861123,0.0443801913298744,1.4731057544377002,-0.019870596736887926,0.026188837916171912,1.4777447522937988,0.0,6.595744626025635e-07,4032,0.005,1,1,1.1352100372314453,1.0,0.1352100372314453,0.1352100372314453,-1.2361971139907837,-1.0,-0.2361971139907837,0.2361971139907837,0.3140553899199745,0.6752879166492434,0.754581835577704,0.6827685236930847,3cb2684147d99446b20b52d20af41f93eed4a09242b47a270c5a19a9576021c2
1,linear,9,1000,800,200,10000,10000,0.5,577,31260913,31760913,1031760913,2031260913,3031260913,0.27137392673488825,1.1789376208733549,1.184230044117016,0.04398287830008857,1.3898939139105264,-0.015737997410612638,0.02195167324850734,1.4024007973893897,0.0,6.346063692319603e-07,4039,0.005,1,1,1.1351580619812012,1.0,0.13515806198120117,0.13515806198120117,-1.235321283340454,-1.0,-0.2353212833404541,0.2353212833404541,0.3131455133267764,0.6613198786768305,0.7469044851538615,0.6611055135726929,b4ceae527acf6862ada03af4130ecd388c4b353619a1d67d46b2747f28f567a3
1,linear,9,1000,800,200,10000,10000,0.5,578,31260913,31760913,1031760913,2031260913,3031260913,0.2698986591743435,1.2247159792998443,1.2134125361667547,0.04296273374829533,1.499929229952377,-0.03526099038701824,0.04570765966327766,1.4723699829266357,-2.220446049250313e-16,6.489818105137601e-07,4046,0.005,1,1,1.1357314586639404,1.0,0.13573145866394043,0.13573145866394043,-1.2332857847213745,-1.0,-0.2332857847213745,0.2332857847213745,0.2987109065299721,0.6611035280491684,0.7540197997844736,0.6626145839691162,3df7334dd99024a6565bb0efed85bdc6d6a8753f64336f6d7525f78e411880f0
1,linear,9,1000,800,200,10000,10000,0.5,579,31260913,31760913,1031760913,2031260913,3031260913,0.2693538764663578,1.2175857609108742,1.2191500644388447,0.042704247240559844,1.4825150851729125,-0.01944622639611677,0.02549958026737768,1.486326879621239,2.220446049250313e-16,5.862982010995665e-07,4053,0.005,1,1,1.135663390159607,1.0,0.13566339015960693,0.13566339015960693,-1.2326949834823608,-1.0,-0.23269498348236084,0.23269498348236084,0.3059167112074361,0.6628840202116425,0.7572830487105755,0.6649918556213379,6c962b8c9c9f85f44781db563b52f40a8f5aa96e5bc4c497046235aa6c745775
1,linear,9,1000,800,200,10000,10000,0.5,580,31260913,31760913,1031760913,2031260913,3031260913,0.26802153840380877,1.2199664006546376,1.2031327194254176,0.041845309237196725,1.4883180187262315,-0.04131749370571385,0.05400403074710384,1.4475283405520007,2.220446049250313e-16,5.627202170899182e-07,4060,0.005,1,1,1.136055827140808,1.0,0.1360558271408081,0.1360558271408081,-1.230920672416687,-1.0,-0.230920672416687,0.230920672416687,0.2898402859949206,0.6574658170061284,0.7507524404302163,0.6588318943977356,0aa0230459dc00b0989ac15717f4094d4472fe001b82848589d7fc753c39f992
1,linear,9,1000,800,200,10000,10000,0.5,581,31260913,31760913,1031760913,2031260913,3031260913,0.2674848539298178,1.208858900877101,1.1956702006217863,0.041780194868165546,1.4613398422297923,-0.03674640422150733,0.04889350592711523,1.429627228654943,-2.220446049250313e-16,6.282136268964678e-07,4067,0.005,1,1,1.1355340480804443,1.0,0.13553404808044434,0.13553404808044434,-1.2306050062179565,-1.0,-0.23060500621795654,0.23060500621795654,0.2918503220078415,0.6665583746503111,0.7494374922256819,0.671852707862854,1229158654b5750fa067e9b7cfea94339e9ce2729e0b9ececd42a7aa3dce494c
1,linear,9,1000,800,200,10000,10000,0.5,582,31260913,31760913,1031760913,2031260913,3031260913,0.26761927016878295,1.2202956902800397,1.2156790910986868,0.04121573149166543,1.4891215717160384,-0.026230825336587327,0.03428110297201214,1.4778756525345291,0.0,5.491529382339877e-07,4074,0.005,1,1,1.137081265449524,1.0,0.13708126544952393,0.13708126544952393,-1.2298451662063599,-1.0,-0.22984516620635986,0.22984516620635986,0.29821150863253965,0.6678395541507957,0.7554085000174428,0.6687257289886475,391cc27b7200f17678228942e0fdb3ea846dc4ca7ce57b02b188cf8cae9b45c2
1,linear,9,1000,800,200,10000,10000,0.5,583,31260913,31760913,1031760913,2031260913,3031260913,0.2679363781083968,1.2137439685736147,1.1987726847838962,0.04034258798725597,1.4731744212488276,-0.03823052972604647,0.050518797598901835,1.4370559497839903,-2.220446049250313e-16,5.942406211545403e-07,4081,0.005,1,1,1.1396175622940063,1.0,0.13961756229400635,0.13961756229400635,-1.2286850214004517,-1.0,-0.22868502140045166,0.22868502140045166,0.2925625008987336,0.6655015722401731,0.7504149203810591,0.6655164957046509,fa51c0959eabe9d8e65cacebca7a48f977dfa04f5cdf471bb85351fe02933436
1,linear,9,1000,800,200,10000,10000,0.5,584,31260913,31760913,1031760913,2031260913,3031260913,0.26880357531140386,1.2197065746231348,1.217414905085755,0.04053222749821945,1.4876841281789008,-0.023058652276081313,0.030177209124115825,1.4820990511249577,0.0,6.079263759062314e-07,4088,0.005,1,1,1.1402451992034912,1.0,0.1402451992034912,0.1402451992034912,-1.2293177843093872,-1.0,-0.2293177843093872,0.2293177843093872,0.30556366545867186,0.671599192031134,0.7564892000308127,0.6742070913314819,ca24736217eb62944566c4238a418553f197bc892f81e0154ca25c1d2b8fee18
1,linear,9,1000,800,200,10000,10000,0.5,585,31260913,31760913,1031760913,2031260913,3031260913,0.2697917765374138,1.2377425947804084,1.216838578206009,0.039292924445052564,1.5320067309337384,-0.04530176498418492,0.05766152220438703,1.4806961254104212,0.0,5.489692576077232e-07,4095,0.005,1,1,1.144520878791809,1.0,0.14452087879180908,0.14452087879180908,-1.2278186082839966,-1.0,-0.22781860828399658,0.22781860828399658,0.29982019986894093,0.6639825264624364,0.7558506990260235,0.6644293069839478,86cc008ee80518e3e4083a747e31a5be472b9a4628a7baf62b47d39af4285337
1,linear,9,1000,800,200,10000,10000,0.5,586,31260913,31760913,1031760913,2031260913,3031260913,0.27172725436469564,1.2382386781513104,1.216191964847778,0.038538188616203645,1.5332350240699044,-0.046325158662904584,0.05894636489412671,1.4791228953602988,-2.220446049250313e-16,5.96590252754936e-07,4102,0.005,1,1,1.1487900018692017,1.0,0.14879000186920166,0.14879000186920166,-1.227370262145996,-1.0,-0.2273702621459961,0.2273702621459961,0.2960750530677655,0.6691371450281364,0.7542442086777651,0.6732315421104431,727a281abdc5f39180360e18daee94d496c3ae246701aa443f0f7aa35412f25d
1,linear,9,1000,800,200,10000,10000,0.5,587,31260913,31760913,1031760913,2031260913,3031260913,0.2732012525845402,1.2494776025709233,1.2226713968441725,0.03865001398688948,1.561194279326382,-0.0524594743261958,0.06558072500612222,1.49492534466088,0.0,6.411212858381532e-07,4109,0.005,1,1,1.1503493785858154,1.0,0.15034937858581543,0.15034937858581543,-1.22810959815979,-1.0,-0.22810959815979004,0.22810959815979004,0.2889523328059941,0.6705801828193934,0.7560634323290409,0.672033429145813,c13551f1d2e02b6f0500ee81be6079710668fbde516916f93ee22be1aa0ff488
1,linear,9,1000,800,200,10000,10000,0.5,588,31260913,31760913,1031760913,2031260913,3031260913,0.2734572559731061,1.2904024738116155,1.251851179011199,0.038432332763976854,1.6651385444191371,-0.06821975139569242,0.0800903000977512,1.5671313743917292,2.220446049250313e-16,6.649448831552718e-07,4116,0.005,1,1,1.1512010097503662,1.0,0.1512010097503662,0.1512010097503662,-1.2278532981872559,-1.0,-0.22785329818725586,0.22785329818725586,0.3073809484200898,0.6786508718314999,0.7648036941498739,0.6764199137687683,c43215edf8e8fcc4a0b40975c3fc0fb9c3a7f38927911f43f9035e5f5b15c6c8
1,linear,9,1000,800,200,10000,10000,0.5,589,31260913,31760913,1031760913,2031260913,3031260913,0.27317295182481177,1.2169644999346387,1.198230335013749,0.038860085565888686,1.4810025941011653,-0.04205337195994624,0.05533838355601782,1.4357559357471614,0.0,5.566192804451475e-07,4123,0.005,1,1,1.1497999429702759,1.0,0.14979994297027588,0.14979994297027588,-1.2284369468688965,-1.0,-0.22843694686889648,0.22843694686889648,0.2934854142801725,0.6558820127889227,0.7483524673821619,0.6578298807144165,b784bec90bb8323c17bd5a82fb27741c49f0188fa255d5bae239983b4362ef4f
1,linear,9,1000,800,200,10000,10000,0.5,590,31260913,31760913,1031760913,2031260913,3031260913,0.27397773440694995,1.2617614904405678,1.2336355904084992,0.038740728188752835,1.5920420587588033,-0.05446300851251492,0.06679370048350453,1.5218567699225263,0.0,5.963498903582831e-07,4130,0.005,1,1,1.1510926485061646,1.0,0.15109264850616455,0.15109264850616455,-1.2285493612289429,-1.0,-0.22854936122894287,0.22854936122894287,0.29747597492952815,0.6648544829681293,0.7602794918753558,0.6632760763168335,93a79d0211ffa63ee8e01fec9a30d82f8d2f99c7fa5e7169739a8a3025cb707a
1,linear,9,1000,800,200,10000,10000,0.5,591,31260913,31760913,1031760913,2031260913,3031260913,0.27414679514774526,1.2888368776701442,1.271676293806436,0.03887065075479634,1.6611004972425265,-0.04140527588402451,0.04871291601954848,1.6171605962292734,-4.440892098500626e-16,5.613908715673688e-07,4137,0.005,1,1,1.1509853601455688,1.0,0.15098536014556885,0.15098536014556885,-1.2288228273391724,-1.0,-0.22882282733917236,0.22882282733917236,0.30605894718780713,0.6814413616944255,0.7711186087964075,0.6858373880386353,38fa64f34ca7b8b893455bb128377e67dcbd90910e1b610a5f836301324d4fc4
1,linear,9,1000,800,200,10000,10000,0.5,592,31260913,31760913,1031760913,2031260913,3031260913,0.2755738061013118,1.2167494857656096,1.1997812443367635,0.039249861120680865,1.4804793111108756,-0.0401270689846421,0.052808184139440946,1.4394750342622724,2.220446049250313e-16,6.478064751291868e-07,4144,0.005,1,1,1.1518356800079346,1.0,0.15183568000793457,0.15183568000793457,-1.2299714088439941,-1.0,-0.22997140884399414,0.22997140884399414,0.296964182952239,0.6614972643618084,0.7512512215084396,0.6579776406288147,86b7fa095a362c03304f33a615a3175dcf64c06c3c24924f815724b1ddaf2ecb
1,linear,9,1000,800,200,10000,10000,0.5,593,31260913,31760913,1031760913,2031260913,3031260913,0.2753429944168439,1.2529051920674164,1.2321553981539688,0.0393804205347986,1.5697714203094895,-0.04547245782216148,0.056517298949616886,1.5182069251999653,2.220446049250313e-16,6.413099047364312e-07,4151,0.005,1,1,1.1512315273284912,1.0,0.1512315273284912,0.1512315273284912,-1.230093002319336,-1.0,-0.23009300231933594,0.23009300231933594,0.28606476276326726,0.6630772745642564,0.7580199155959336,0.6637063026428223,47a475fab1dbc4d21d8662872086efdf214845e0bb6d0c534d65a47f3c5e9e2b
1,linear,9,1000,800,200,10000,10000,0.5,594,31260913,31760913,1031760913,2031260913,3031260913,0.2753850563342259,1.2403423440421193,1.2203688316781318,0.04028442146804283,1.5384491304238992,-0.044716733280246876,0.05664886671555018,1.4893000853314482,-2.220446049250313e-16,6.433653148008034e-07,4158,0.005,1,1,1.149094820022583,1.0,0.149094820022583,0.149094820022583,-1.2315332889556885,-1.0,-0.23153328895568848,0.23153328895568848,0.2884505973653313,0.6739949339304525,0.7568044838351369,0.6771474480628967,f0fdcfc46cd775e2d048cab801c5aab1fd64485559f0272598eb0171b6a20480
1,linear,9,1000,800,200,10000,10000,0.5,595,31260913,31760913,1031760913,2031260913,3031260913,0.2770965601243406,1.202494580611038,1.1959783930634853,0.04091879148206155,1.4459932163989164,-0.028273845603130666,0.038030287539911896,1.4303643166747164,-2.220446049250313e-16,5.813794210496326e-07,4165,0.005,1,1,1.1497045755386353,1.0,0.14970457553863525,0.14970457553863525,-1.2331759929656982,-1.0,-0.23317599296569824,0.23317599296569824,0.29761657415341936,0.6644006284663715,0.7497370350514249,0.6634829044342041,eb9a85f39a1013480e921055d84dd43e311c4966692ea940d2ae70f6fa9516eb
1,linear,9,1000,800,200,10000,10000,0.5,596,31260913,31760913,1031760913,2031260913,3031260913,0.28006617167505204,1.2370582682702893,1.2372560281774367,0.04180879531023188,1.530313159095887,-0.020659737572356226,0.026282614417353647,1.5308024792614061,-4.440892098500626e-16,6.020456879696212e-07,4172,0.005,1,1,1.1512893438339233,1.0,0.15128934383392334,0.15128934383392334,-1.235687494277954,-1.0,-0.2356874942779541,0.2356874942779541,0.3061857268371006,0.6825361499851013,0.7603247985661938,0.6830164194107056,15084b091349422db810c17467a82a2a42f52035ad0f783a3c01898d63144a73
1,linear,9,1000,800,200,10000,10000,0.5,597,31260913,31760913,1031760913,2031260913,3031260913,0.2826659263695266,1.20752957461392,1.2071602822398508,0.04240523952727842,1.458127673567275,-0.02164848303857861,0.0288543927956007,1.4572359470173963,0.0,5.940514586910695e-07,4179,0.005,1,1,1.1531249284744263,1.0,0.15312492847442627,0.15312492847442627,-1.237597942352295,-1.0,-0.23759794235229492,0.23759794235229492,0.3002712980747048,0.6553727087789665,0.7521407210948022,0.654859721660614,7dfd5eeeb9c07ae2a81e6f263f7353d96e2523a6cbc5ac46f5c199db10896659
1,linear,9,1000,800,200,10000,10000,0.5,598,31260913,31760913,1031760913,2031260913,3031260913,0.2825107603534425,1.243822048894797,1.2431819204744885,0.042578877411867305,1.547093289316851,-0.022085439667040508,0.02778615632742527,1.5455012873946372,-2.220446049250313e-16,6.064715378784058e-07,4186,0.005,1,1,1.1525228023529053,1.0,0.15252280235290527,0.15252280235290527,-1.2378005981445312,-1.0,-0.23780059814453125,0.23780059814453125,0.29902024936724314,0.670233014442747,0.7621310107989255,0.6712232828140259,8143acad3912bb498baea3286361b1dd7a0d06c448939192c49648fc513bdb97
1,linear,9,1000,800,200,10000,10000,0.5,599,31260913,31760913,1031760913,2031260913,3031260913,0.28266090059300136,1.217933641626027,1.2229529258480059,0.04252186682679532,1.4833623554044355,-0.015135181695516264,0.0198379162389985,1.4956138588401982,0.0,5.983990085667301e-07,4193,0.005,1,1,1.1528443098068237,1.0,0.15284430980682373,0.15284430980682373,-1.2377725839614868,-1.0,-0.23777258396148682,0.23777258396148682,0.30753161249681044,0.6693603863079322,0.7572601685445547,0.6707465648651123,289189352cbb432351ff8777771f9d1872ee374c4ec8cbbf0495d6b8acadcb6f
1,linear,9,1000,800,200,10000,10000,0.5,600,31260913,31760913,1031760913,2031260913,3031260913,0.2820357036647755,1.2075528391121242,1.200918887608679,0.04282102751064324,1.4581838592477518,-0.02939935607156425,0.03917289854406241,1.4422061746152666,0.0,5.646128116154614e-07,4200,0.005,1,1,1.1513599157333374,1.0,0.1513599157333374,0.1513599157333374,-1.2379796504974365,-1.0,-0.23797965049743652,0.23797965049743652,0.294954501087879,0.6652892795325502,0.7511183883065348,0.6653896570205688,c56ff0c568fdfaaff443dabfea43c12745696a0e82b34cb6b2b0962b7c821ca6
1,linear,9,1000,800,200,10000,10000,0.5,601,31260913,31760913,1031760913,2031260913,3031260913,0.28028712806345113,1.253792889287549,1.243253799821546,0.042467096719763696,1.5719966092280202,-0.03439184758853545,0.042604671089023265,1.545680010770713,-2.220446049250313e-16,5.821346427126173e-07,4207,0.005,1,1,1.150006890296936,1.0,0.15000689029693604,0.15000689029693604,-1.2367674112319946,-1.0,-0.23676741123199463,0.23676741123199463,0.29357558750953977,0.6708170717977074,0.7614946887714161,0.673990786075592,4bd945fb9570d9b295bf89050db3aecf111b64498c58ba1799894c2fc9ebf3ad
1,linear,9,1000,800,200,10000,10000,0.5,602,31260913,31760913,1031760913,2031260913,3031260913,0.279393159704325,1.254375119031213,1.2255326907608166,0.04164114963340764,1.5734569392445696,-0.056583856377265054,0.07006863145578279,1.5019303761234473,0.0,6.438084003690392e-07,4214,0.005,1,1,1.1508471965789795,1.0,0.1508471965789795,0.1508471965789795,-1.2351715564727783,-1.0,-0.23517155647277832,0.23517155647277832,0.28794814337170704,0.6574534208963805,0.7562722456763418,0.6572928428649902,b1519c9084655e515c0c9f0cf82168e593fb9789f37983ee23fb746034e6b3d9
1,linear,9,1000,800,200,10000,10000,0.5,603,31260913,31760913,1031760913,2031260913,3031260913,0.2786459320419545,1.2821016629741973,1.2462051363178466,0.04081270805069943,1.6437846742012021,-0.06578507023345945,0.07810183124649123,1.5530272417849824,-2.220446049250313e-16,5.835977212598209e-07,4221,0.005,1,1,1.1518911123275757,1.0,0.15189111232757568,0.15189111232757568,-1.2336078882217407,-1.0,-0.23360788822174072,0.23360788822174072,0.2891125150846834,0.6687701508793096,0.7614228909816425,0.6666371822357178,10b159ac039425d6718b17e5bc68279d5fee06b16e92e7357cc997fdedd7ed3f
1,linear,9,1000,800,200,10000,10000,0.5,604,31260913,31760913,1031760913,2031260913,3031260913,0.27640273917548014,1.2825894850322683,1.2517420470889173,0.04119642110642401,1.6450357871153392,-0.059687027885705006,0.07079336712308289,1.5668581524503533,2.220446049250313e-16,6.301480386383673e-07,4228,0.005,1,1,1.1481719017028809,1.0,0.14817190170288086,0.14817190170288086,-1.2333314418792725,-1.0,-0.23333144187927246,0.23333144187927246,0.2920869155679562,0.6729748181343882,0.7627222522080195,0.6757709980010986,9143ad8e8801e4aff339ac12d35641359b4d0e61ea68f189893a43e18b675f7e
1,linear,9,1000,800,200,10000,10000,0.5,605,31260913,31760913,1031760913,2031260913,3031260913,0.27512986801294737,1.2866986411636727,1.2545398975564535,0.040841625178449595,1.6555933931724416,-0.06128233189496732,0.07224836935344571,1.5738703545609565,0.0,6.42760106472906e-07,4235,0.005,1,1,1.1474323272705078,1.0,0.1474323272705078,0.1474323272705078,-1.2322932481765747,-1.0,-0.2322932481765747,0.2322932481765747,0.28701508682394355,0.6709927291449023,0.7637176604892182,0.6729216575622559,a511bfbf5d1dc29b13117801436bbdbee880f6e4444d47a0486cc89bc9f37f12
1,linear,9,1000,800,200,10000,10000,0.5,606,31260913,31760913,1031760913,2031260913,3031260913,0.27427855119584466,1.2950770408337426,1.2596126668592933,0.04024748123495318,1.6772245416946834,-0.06542397620862785,0.07618636616511361,1.5866240705123809,0.0,6.445017604050918e-07,4242,0.005,1,1,1.1478025913238525,1.0,0.14780259132385254,0.14780259132385254,-1.2310478687286377,-1.0,-0.2310478687286377,0.2310478687286377,0.29455038808097944,0.6765585134174527,0.7665640650758022,0.6738573908805847,9e827b7a0080a72213437c3992bbfdf908898294821b484316f0686bc4bc7c43
1,linear,9,1000,800,200,10000,10000,0.5,607,31260913,31760913,1031760913,2031260913,3031260913,0.2729345010725106,1.245632458235211,1.21489516670683,0.04018407010821127,1.5516002210090944,-0.05790701251484481,0.07275736145655604,1.4759702660876162,0.0,6.278557904693116e-07,4249,0.005,1,1,1.1462762355804443,1.0,0.14627623558044434,0.14627623558044434,-1.2304267883300781,-1.0,-0.23042678833007812,0.23042678833007812,0.2899760679400811,0.6623147335379762,0.7538705375002281,0.6618342399597168,92aa41f5f6de582b3feec80a5ab58014725d391f5719dcddfc2a1e35f494cb9f
1,linear,9,1000,800,200,10000,10000,0.5,608,31260913,31760913,1031760913,2031260913,3031260913,0.27206131807756445,1.3149885371273544,1.274926883549442,0.03898257038662188,1.7291948527763394,-0.0713694323829344,0.08072655090829847,1.6254385583970925,0.0,5.641647522480753e-07,4256,0.005,1,1,1.1481157541275024,1.0,0.14811575412750244,0.14811575412750244,-1.2282084226608276,-1.0,-0.22820842266082764,0.22820842266082764,0.3065877660315541,0.6746440748426575,0.7700831440329906,0.6762796640396118,51ef1645c30906c2af02e6edb154d404c06778e62eb32a37083c5467901b7a90
1,linear,9,1000,800,200,10000,10000,0.5,609,31260913,31760913,1031760913,2031260913,3031260913,0.2754001626521629,1.234985040394464,1.2179373924141623,0.041485435849557016,1.525188049998116,-0.04165099700353199,0.05317125409956889,1.4833714918406091,0.0,6.08160272363989e-07,4263,0.005,1,1,1.146223545074463,1.0,0.1462235450744629,0.1462235450744629,-1.233375072479248,-1.0,-0.23337507247924805,0.23337507247924805,0.28950654161368633,0.6649532837630345,0.7555910410428216,0.664037823677063,ea8dfea42d5e9837b122e6ddb7f301dded7b650aae13e94f13835efd8750925b
1,linear,9,1000,800,200,10000,10000,0.5,610,31260913,31760913,1031760913,2031260913,3031260913,0.27605884933154373,1.2294668041225036,1.2155995819615142,0.0419501976400993,1.5115886224392026,-0.03792823820714699,0.04882818210517701,1.477682343665008,0.0,5.856531934966824e-07,4270,0.005,1,1,1.1459370851516724,1.0,0.14593708515167236,0.14593708515167236,-1.234330654144287,-1.0,-0.2343306541442871,0.2343306541442871,0.2853112283042139,0.6681433500616782,0.7553889942753023,0.669248104095459,fbe0c89b5a07cc35f81b1eaa5dc7c9d539a478708b817260beec7fd31d15040c
1,linear,9,1000,800,200,10000,10000,0.5,611,31260913,31760913,1031760913,2031260913,3031260913,0.27766651432788275,1.2207250732890234,1.2304070866786985,0.04338925574767454,1.4901697045564914,-0.009828680677501594,0.012818132112184554,1.5139015989491624,-2.220446049250313e-16,6.331573469964269e-07,4277,0.005,1,1,1.1445379257202148,1.0,0.14453792572021484,0.14453792572021484,-1.2370811700820923,-1.0,-0.23708117008209229,0.23708117008209229,0.3107953411497141,0.6676305631782344,0.7596770950667864,0.6687188148498535,b8a285ca9d4686eb221e2f3e514d70ff866f81903a7d213c44c767843c2d23f2
1,linear,9,1000,800,200,10000,10000,0.5,612,31260913,31760913,1031760913,2031260913,3031260913,0.27939595059808037,1.204951476636043,1.2029225869302058,0.043456895459755694,1.4519080610473805,-0.024171103180138626,0.032328032130159494,1.4470227501468587,-2.220446049250313e-16,6.157166314579854e-07,4284,0.005,1,1,1.1465544700622559,1.0,0.14655447006225586,0.14655447006225586,-1.2378736734390259,-1.0,-0.23787367343902588,0.23787367343902588,0.2917384188104797,0.6574061727601834,0.751834735302762,0.6564436554908752,ed558eeb21c03c831dbe897f700df8ce06dbfb538f1120d20581883a7b182272
1,linear,9,1000,800,200,10000,10000,0.5,613,31260913,31760913,1031760913,2031260913,3031260913,0.2801749130643236,1.2261686494564341,1.217857381661407,0.04366831394786625,1.5034895569098157,-0.03199063439525214,0.04135406605599702,1.4831766020671775,0.0,5.732772336841663e-07,4291,0.005,1,1,1.1470364332199097,1.0,0.14703643321990967,0.14703643321990967,-1.2384916543960571,-1.0,-0.23849165439605713,0.23849165439605713,0.29303165738572984,0.6530273956489403,0.754886945208254,0.6497794389724731,b764de68166ed379cef1abefc2e296c33106dc1394d95ff0f39a1149f9940ffb
1,linear,9,1000,800,200,10000,10000,0.5,614,31260913,31760913,1031760913,2031260913,3031260913,0.2798161894381823,1.2266443102601532,1.2262349672710264,0.043877801188655995,1.504656263893607,-0.02244093506204363,0.02898345676477126,1.5036521949581754,-4.440892098500626e-16,5.449858129225049e-07,4298,0.005,1,1,1.1460932493209839,1.0,0.1460932493209839,0.1460932493209839,-1.2386500835418701,-1.0,-0.23865008354187012,0.23865008354187012,0.29994712455296635,0.6717917143472621,0.7591627943571547,0.6713609099388123,cbbb1debb51f2ec8b82e0e6eb11075e377695c05d4c318fdb7ba12f56131693d
1,linear,9,1000,800,200,10000,10000,0.5,615,31260913,31760913,1031760913,2031260913,3031260913,0.277958959476927,1.2343107078708437,1.2281236844822683,0.0431888208873855,1.5235229235646235,-0.029211980032853514,0.03729081643295019,1.508287784386302,2.220446049250313e-16,6.508801924098861e-07,4305,0.005,1,1,1.1453800201416016,1.0,0.14538002014160156,0.14538002014160156,-1.2369089126586914,-1.0,-0.2369089126586914,0.2369089126586914,0.2896925997528809,0.6657829639570516,0.7577197270272132,0.668475866317749,354cf269394b41a41f10f95619b32852c0d660aa0f0799c15fdd24ac59b87225
1,linear,9,1000,800,200,10000,10000,0.5,616,31260913,31760913,1031760913,2031260913,3031260913,0.27651491283986146,1.288560012801549,1.2633489602625594,0.04175215698085417,1.660386906591128,-0.05304423408774626,0.06232655747460678,1.5960505953964899,2.220446049250313e-16,6.681608226699609e-07,4312,0.005,1,1,1.146982192993164,1.0,0.14698219299316406,0.14698219299316406,-1.2342151403427124,-1.0,-0.2342151403427124,0.2342151403427124,0.29282728561015287,0.668022320115407,0.7671259916112245,0.6662052869796753,d907dda2773091cffc231ea69459f32c9904af64a6e74439095e9f73fe65647c
1,linear,9,1000,800,200,10000,10000,0.5,617,31260913,31760913,1031760913,2031260913,3031260913,0.27741383989734947,1.2751684504100669,1.236738369831128,0.04130189114013791,1.6260545769212114,-0.06891733632439655,0.08266658947204897,1.5295217954125562,0.0,6.564259482644275e-07,4319,0.005,1,1,1.1491835117340088,1.0,0.1491835117340088,0.1491835117340088,-1.2338861227035522,-1.0,-0.23388612270355225,0.23388612270355225,0.2984379497263971,0.6730448644038531,0.7594012456516228,0.6755091547966003,f33b6a799e4f05a575e63a971d35b1b59bc41881a8e6980e6b02308ee2ca6efd
1,linear,9,1000,800,200,10000,10000,0.5,618,31260913,31760913,1031760913,2031260913,3031260913,0.27992157967227294,1.262276403286699,1.2371826993807495,0.04106542194622113,1.5933417182944056,-0.05189305429679414,0.06350076797774408,1.5306210316470383,-2.220446049250313e-16,5.936158764541233e-07,4326,0.005,1,1,1.1528767347335815,1.0,0.15287673473358154,0.15287673473358154,-1.2344883680343628,-1.0,-0.2344883680343628,0.2344883680343628,0.2826307832731289,0.6660121797015452,0.7613461670570756,0.6639934778213501,947c0e1de5abb5dde23f805407a2bb90d1b080c41e2d9a7a6609092a69e1570f
1,linear,9,1000,800,200,10000,10000,0.5,619,31260913,31760913,1031760913,2031260913,3031260913,0.2819448827179065,1.2565484471976003,1.2374818070982234,0.040318911836814485,1.5789140001547006,-0.04393584454621521,0.0542674796452574,1.5313612228990847,0.0,5.851925699573712e-07,4333,0.005,1,1,1.157171368598938,1.0,0.157171368598938,0.157171368598938,-1.2340728044509888,-1.0,-0.23407280445098877,0.23407280445098877,0.2791437602464873,0.6643735589076476,0.7613331134707467,0.6634010672569275,e942459639e4884673e53246e14f3cdfaf84462e09db7d2a0102f44add5ffb91
1,linear,9,1000,800,200,10000,10000,0.5,620,31260913,31760913,1031760913,2031260913,3031260913,0.2818771539711209,1.2373921348483645,1.2238101353153046,0.040778487737121734,1.531139295384593,-0.03710326791062535,0.047207644457003275,1.4977112473004643,2.220446049250313e-16,5.737896611179849e-07,4340,0.005,1,1,1.1559921503067017,1.0,0.15599215030670166,0.15599215030670166,-1.2347790002822876,-1.0,-0.2347790002822876,0.2347790002822876,0.2824493088386857,0.66754043849755,0.7564620428015533,0.6700903177261353,31cd5baf48c219eeb05020deba31bc7a94dc689650d3eaac295712c8f79f478b
1,linear,9,1000,800,200,10000,10000,0.5,621,31260913,31760913,1031760913,2031260913,3031260913,0.28152221520822607,1.3437629095253465,1.298890198098303,0.04052519204886977,1.8056987570160243,-0.07955410117452273,0.08618033713062448,1.6871157467158489,2.220446049250313e-16,6.661480309588796e-07,4347,0.005,1,1,1.1561548709869385,1.0,0.15615487098693848,0.15615487098693848,-1.2342443466186523,-1.0,-0.23424434661865234,0.23424434661865234,0.31576780882564776,0.6831369873670553,0.777397841184369,0.6820330619812012,c15e7c75ca4b911956ce6908c30699cb487d4aa1dcadc82db5732a7dbf75f98c
1,linear,9,1000,800,200,10000,10000,0.5,622,31260913,31760913,1031760913,2031260913,3031260913,0.2812624882472328,1.2655225173990172,1.2420503410338124,0.041265335104140925,1.6015472420439458,-0.05006176374293861,0.060946409151365934,1.5426890496622094,-2.220446049250313e-16,6.23775667563109e-07,4354,0.005,1,1,1.1540706157684326,1.0,0.15407061576843262,0.15407061576843262,-1.2353100776672363,-1.0,-0.23531007766723633,0.23531007766723633,0.2875133066591895,0.6723033635311986,0.7623807108460842,0.671591579914093,088700632a241185d703f44ff255a3792eed89a63498e9d2e650d4fd18354e7f
1,linear,9,1000,800,200,10000,10000,0.5,623,31260913,31760913,1031760913,2031260913,3031260913,0.28110768646478823,1.2895105549819519,1.2514727130127614,0.04029383734378755,1.6628374714098617,-0.0684736786690636,0.08040915966622986,1.5661839514155216,-4.440892098500626e-16,6.168473944967445e-07,4361,0.005,1,1,1.1561927795410156,1.0,0.15619277954101562,0.15619277954101562,-1.2337206602096558,-1.0,-0.23372066020965576,0.23372066020965576,0.298684440583176,0.6728046898810294,0.7634481371001631,0.6755280494689941,d5aed4d0b53da8437ea332792614891e0e774acc14e4f11691727e3859569297
1,linear,9,1000,800,200,10000,10000,0.5,624,31260913,31760913,1031760913,2031260913,3031260913,0.28074409948337553,1.2616121169866197,1.2368270486236264,0.04120071384089972,1.59166513372746,-0.05156234968066478,0.06315564718001873,1.5297411482070304,2.220446049250313e-16,5.85292916355229e-07,4368,0.005,1,1,1.1535788774490356,1.0,0.15357887744903564,0.15357887744903564,-1.2350122928619385,-1.0,-0.23501229286193848,0.23501229286193848,0.2837841512589581,0.6683340123643811,0.7587528144947201,0.6679139137268066,1ecac7530c89a041cb0ca0cff7cc58bbc19b6a9e7a7e97a8a03eb482d0f5f2aa
1,linear,9,1000,800,200,10000,10000,0.5,625,31260913,31760913,1031760913,2031260913,3031260913,0.2812927967694774,1.2596700664670346,1.244538974240023,0.042118774569189735,1.5867686763530633,-0.040005096259922185,0.049119533995147256,1.5488772584024089,2.220446049250313e-16,6.346088206043987e-07,4375,0.005,1,1,1.1520867347717285,1.0,0.15208673477172852,0.15208673477172852,-1.2366331815719604,-1.0,-0.23663318157196045,0.23663318157196045,0.28122401669141595,0.6733021588466815,0.7624370421758838,0.6723958253860474,495dd3dee58b0ddd178ea896304a98058e9d5a343ec461f3b44b7de4808f4e3a
1,linear,9,1000,800,200,10000,10000,0.5,626,31260913,31760913,1031760913,2031260913,3031260913,0.2812104931580943,1.2438589635625297,1.2312598522262042,0.04244271446761013,1.5471851212348504,-0.036813505999183226,0.04631713810285065,1.5160008237040943,2.220446049250313e-16,6.163225769739711e-07,4382,0.005,1,1,1.151219129562378,1.0,0.15121912956237793,0.15121912956237793,-1.2370909452438354,-1.0,-0.23709094524383545,0.23709094524383545,0.2836837796916747,0.6712125394547975,0.7582374331565098,0.6723291873931885,3902f3e6efe04887d11791be87bf5f311da941b9b178ed9d0e8ddf77b548bdf2
1,linear,9,1000,800,200,10000,10000,0.5,627,31260913,31760913,1031760913,2031260913,3031260913,0.2818006395888695,1.2749294105054412,1.2486843626646722,0.04277652637465517,1.6254450017717519,-0.05450444529156412,0.06534437348033154,1.5592126375632789,2.220446049250313e-16,5.930738620207876e-07,4389,0.005,1,1,1.1511706113815308,1.0,0.15117061138153076,0.15117061138153076,-1.2378214597702026,-1.0,-0.23782145977020264,0.23782145977020264,0.28216782264938295,0.6794606756178903,0.7644489292234105,0.677176296710968,67b7d5b1e59615e64433d10e6d3397ae1367e0c9af36fee5c3caaa67a39b3821
1,linear,9,1000,800,200,10000,10000,0.5,628,31260913,31760913,1031760913,2031260913,3031260913,0.2811821566734829,1.2947146916824783,1.2680962060327914,0.04273329199824435,1.6762861328584548,-0.055475718550969666,0.0645434458142836,1.6080679877547597,-2.220446049250313e-16,5.919445147384295e-07,4396,0.005,1,1,1.1504987478256226,1.0,0.15049874782562256,0.15049874782562256,-1.2375153303146362,-1.0,-0.23751533031463623,0.23751533031463623,0.2937287517178582,0.6770044853928794,0.7680067462237543,0.6812300682067871,31148f4af8f81c4c5d09c7b9ecf20625670645157d206ca93ad56c7c8e4a4f7e
1,linear,9,1000,800,200,10000,10000,0.5,629,31260913,31760913,1031760913,2031260913,3031260913,0.2821805648513281,1.3122690349037935,1.273790155601638,0.0423133232464207,1.7220500199673334,-0.0709109913530545,0.08038139267152476,1.6225413605076449,-4.440892098500626e-16,6.44301955787796e-07,4403,0.005,1,1,1.152735710144043,1.0,0.15273571014404297,0.15273571014404297,-1.2372713088989258,-1.0,-0.23727130889892578,0.23727130889892578,0.30034559352163187,0.6695968407051461,0.7675717495542576,0.6664159893989563,dec6c86c29eb9bb31dc65621841094210a879e64c3a4dc8f5862aae2ef444d98
1,linear,9,1000,800,200,10000,10000,0.5,630,31260913,31760913,1031760913,2031260913,3031260913,0.2827689086901531,1.2719475843364274,1.2449936458542783,0.04323040731290626,1.6178506572992732,-0.055535943197325764,0.06686722807269133,1.550009178217528,2.220446049250313e-16,5.556739495204965e-07,4410,0.005,1,1,1.151316523551941,1.0,0.15131652355194092,0.15131652355194092,-1.2388756275177002,-1.0,-0.2388756275177002,0.2388756275177002,0.29133316527191955,0.6676661460943066,0.7623840531703578,0.6708048582077026,d9267e3992a2c546e7e5d528f055914c0f5fdd5b8aac5a1fb94fff30bf21a2a4
1,linear,9,1000,800,200,10000,10000,0.5,631,31260913,31760913,1031760913,2031260913,3031260913,0.28132940131878076,1.2969749535204467,1.2598878599712167,0.04295755983496919,1.682144030059365,-0.06889208509574121,0.0798701775006317,1.587317419702852,0.0,6.084647594661874e-07,4417,0.005,1,1,1.1501551866531372,1.0,0.1501551866531372,0.1501551866531372,-1.237906813621521,-1.0,-0.237906813621521,0.237906813621521,0.2961746867667113,0.6720844248544253,0.7672060983932418,0.6721783876419067,0892c8d1c56b6c94d66a935608c9301c093768da05c1c4e82e5959e3a33cb173
1,linear,9,1000,800,200,10000,10000,0.5,632,31260913,31760913,1031760913,2031260913,3031260913,0.28136617801896263,1.2840102374105165,1.258983004816004,0.04309422948822731,1.6486822897750109,-0.05336915642385186,0.06309244254920136,1.5850382064155346,2.220446049250313e-16,6.435961630302245e-07,4424,0.005,1,1,1.1498799324035645,1.0,0.14987993240356445,0.14987993240356445,-1.2381237745285034,-1.0,-0.23812377452850342,0.23812377452850342,0.28525510576989893,0.6673487920161114,0.7661208829607014,0.6671226024627686,54f718f19f87bbc901c753a45f91b85da40676950e83acbe22e3254693d14170
1,linear,9,1000,800,200,10000,10000,0.5,633,31260913,31760913,1031760913,2031260913,3031260913,0.28124111083163195,1.2605279088747008,1.2516011692035005,0.042937933054506376,1.588930609052026,-0.03268152767748146,0.04005411812803722,1.5665054867515695,0.0,6.085596169214114e-07,4431,0.005,1,1,1.1500908136367798,1.0,0.15009081363677979,0.15009081363677979,-1.2378430366516113,-1.0,-0.23784303665161133,0.23784303665161133,0.28822988717261105,0.6748624013179778,0.7650754598727519,0.6745694875717163,e8b81e210090cd5591b56dc78e9bdf8f47c54e6f321982c3e22a8e316d00af91
1,linear,9,1000,800,200,10000,10000,0.5,634,31260913,31760913,1031760913,2031260913,3031260913,0.28109600866013135,1.235452199768565,1.2233072098539544,0.042358595070680405,1.5263421379129862,-0.036110101651500005,0.04603822882496987,1.4964805296806667,0.0,5.818586199524134e-07,4438,0.005,1,1,1.151274561882019,1.0,0.15127456188201904,0.15127456188201904,-1.2369197607040405,-1.0,-0.23691976070404053,0.23691976070404053,0.2784322164223632,0.6639963671373701,0.7562194838202745,0.6642236709594727,0816bda5f2369b03f0b3944ffa682f7ebb47be9a18109535b1b2d87752512330
1,linear,9,1000,800,200,10000,10000,0.5,635,31260913,31760913,1031760913,2031260913,3031260913,0.28190290662024725,1.266930623921493,1.2488292960438268,0.04183060029618474,1.6051132058301034,-0.04368459773448416,0.05304928750086864,1.5595746106573198,0.0,6.033120261150771e-07,4445,0.005,1,1,1.1535288095474243,1.0,0.15352880954742432,0.15352880954742432,-1.236427903175354,-1.0,-0.236427903175354,0.236427903175354,0.28136684925172056,0.6762975739808897,0.7642188815523948,0.6794869303703308,48e953fcdac37be6634e310a3207ac6e0dd5ae790155336da7cda28e60e57bde
1,linear,9,1000,800,200,10000,10000,0.5,636,31260913,31760913,1031760913,2031260913,3031260913,0.28181071161257715,1.2795048344678948,1.2505101189237853,0.041195480808975914,1.637132621426715,-0.05727627235245573,0.06825396330569493,1.5637755575307795,0.0,5.865388938985916e-07,4452,0.005,1,1,1.1549185514450073,1.0,0.15491855144500732,0.15491855144500732,-1.2354092597961426,-1.0,-0.23540925979614258,0.23540925979614258,0.29030234111629305,0.6645699489327361,0.7637098287435624,0.6643753051757812,325e185a166afe0f16f5f947a56ba31fb15a842f6daa5f80fdc81d48b2e1fa35
1,linear,9,1000,800,200,10000,10000,0.5,637,31260913,31760913,1031760913,2031260913,3031260913,0.2830436031475604,1.262091594935905,1.255851806315789,0.042475126214558324,1.5928751940078565,-0.029093280397892305,0.03558048699184587,1.5771637594266303,0.0,5.614779468032793e-07,4459,0.005,1,1,1.15343177318573,1.0,0.15343177318572998,0.15343177318572998,-1.237849473953247,-1.0,-0.23784947395324707,0.23784947395324707,0.28241591869791405,0.6703310171395535,0.7657875625616388,0.6719484329223633,613befdfadc99ec081bed42b0c2afb481ca848e5bca5bd420928f5076d0f8c68
1,linear,9,1000,800,200,10000,10000,0.5,638,31260913,31760913,1031760913,2031260913,3031260913,0.28330917139641726,1.264544340870437,1.2547274693115904,0.04302538382677283,1.5990723900274482,-0.03387837580457644,0.04126231256627236,1.574341022245068,-2.220446049250313e-16,6.489542005994053e-07,4466,0.005,1,1,1.1524722576141357,1.0,0.15247225761413574,0.15247225761413574,-1.2387808561325073,-1.0,-0.23878085613250732,0.23878085613250732,0.279786234416251,0.6682522765984644,0.7658348417177205,0.6664314270019531,a068dd868f5f38c4e0bf9ad3f22ae56e25740b811eaea39e75343536336670a8
1,linear,9,1000,800,200,10000,10000,0.5,639,31260913,31760913,1031760913,2031260913,3031260913,0.2849809368663699,1.2725331642746778,1.257758160009963,0.043583623942065365,1.619340654178924,-0.040484344524670965,0.0486905447918723,1.5819555890716475,2.220446049250313e-16,6.038000890384865e-07,4473,0.005,1,1,1.153257966041565,1.0,0.15325796604156494,0.15325796604156494,-1.2402626276016235,-1.0,-0.24026262760162354,0.24026262760162354,0.27714359750755785,0.6751678288390195,0.7664656432824413,0.6751827597618103,9d61fdc6bd842649196b934175901f6881b0694657b3fe279ba89c78bdc44677
1,linear,9,1000,800,200,10000,10000,0.5,640,31260913,31760913,1031760913,2031260913,3031260913,0.2842054521848274,1.2844679554403378,1.2663338212021666,0.04387881943910519,1.6498579285530817,-0.04506770063585321,0.05321688944787671,1.6036013467204808,4.440892098500626e-16,5.614294842359868e-07,4480,0.005,1,1,1.15160071849823,1.0,0.15160071849822998,0.15160071849822998,-1.240395426750183,-1.0,-0.2403954267501831,0.2403954267501831,0.2822408553849871,0.6769550324789418,0.7692961088866433,0.6795580387115479,aa1e4d8d1ab01f1e9b8a44bf58fdc179fad34cca0b7c0bb2ba109ffd3c68c90a
1,linear,9,1000,800,200,10000,10000,0.5,641,31260913,31760913,1031760913,2031260913,3031260913,0.28382189031418753,1.2973977927036215,1.2681650010314556,0.04352685529182094,1.6832410325122291,-0.05926270898146902,0.0686400406215963,1.6082424698411117,-2.220446049250313e-16,5.966512688360126e-07,4487,0.005,1,1,1.151940941810608,1.0,0.1519409418106079,0.1519409418106079,-1.2397265434265137,-1.0,-0.23972654342651367,0.23972654342651367,0.28318526934824695,0.6700812210078765,0.7688863508234637,0.6682208776473999,ae819eaed9537f149a19aea613a43cb35ae222f708a7694303045b3fc3051c48
1,linear,9,1000,800,200,10000,10000,0.5,642,31260913,31760913,1031760913,2031260913,3031260913,0.28293256966789354,1.3192321401144083,1.285035592377817,0.04285282202337049,1.740373439510842,-0.0659548939282029,0.07397254667106361,1.6513164736778068,0.0,6.251590445316424e-07,4494,0.005,1,1,1.1524062156677246,1.0,0.1524062156677246,0.1524062156677246,-1.2383761405944824,-1.0,-0.23837614059448242,0.23837614059448242,0.2868136438689942,0.6818990608448936,0.7739445243228367,0.6839710474014282,18453aab7792a20a5d093136b6b3731af16871bc5788fa96d24e68edf8e808bf
1,linear,9,1000,800,200,10000,10000,0.5,643,31260913,31760913,1031760913,2031260913,3031260913,0.28192079903010314,1.2593072610419418,1.2339401024757315,0.04300658854572937,1.5858547777129575,-0.053126594880433836,0.06523157339345546,1.522608176497819,-2.220446049250313e-16,6.224031618984327e-07,4501,0.005,1,1,1.150780200958252,1.0,0.15078020095825195,0.15078020095825195,-1.2382113933563232,-1.0,-0.23821139335632324,0.23821139335632324,0.2815446962481567,0.6550018079678308,0.7598150630517951,0.6520040035247803,6774f0313a4d4cd03ff41cef215e2916860cd0487884052f24c7c53647265cec
1,linear,9,1000,800,200,10000,10000,0.5,644,31260913,31760913,1031760913,2031260913,3031260913,0.281519715375158,1.2700956180622813,1.267236838016321,0.04358450926108193,1.6131428790210085,-0.0254190923282433,0.03068590826472798,1.6058892036256034,-4.440892098500626e-16,5.801843148134367e-07,4508,0.005,1,1,1.1489218473434448,1.0,0.14892184734344482,0.14892184734344482,-1.2389050722122192,-1.0,-0.23890507221221924,0.23890507221221924,0.29421104614508115,0.6766805946417997,0.7703492733378593,0.673740029335022,74833ae888002cfbfeeee93265fc8f113d849e474cca1b4b33aed98aae0dc9b0
1,linear,9,1000,800,200,10000,10000,0.5,645,31260913,31760913,1031760913,2031260913,3031260913,0.28016327513360456,1.2630580851994087,1.258602086976198,0.04395831739670885,1.5953157265875968,-0.027597415321732235,0.03367028889770727,1.5840792133408412,0.0,6.480201477643277e-07,4515,0.005,1,1,1.14634108543396,1.0,0.14634108543395996,0.14634108543395996,-1.2389053106307983,-1.0,-0.23890531063079834,0.23890531063079834,0.28553018799762364,0.6742584272369372,0.7675059421167514,0.6749941110610962,dd95f3678a77e4f877e3ad50c7b7a21181cca77f006375d39d8684bc2ba84d89
1,linear,9,1000,800,200,10000,10000,0.5,646,31260913,31760913,1031760913,2031260913,3031260913,0.27892389276819884,1.2625508871758444,1.2669340992687004,0.043732142053942775,1.5940347427085115,-0.01632243643633061,0.01993255155931188,1.6051220118897933,2.220446049250313e-16,5.840057557549017e-07,4522,0.005,1,1,1.1453124284744263,1.0,0.14531242847442627,0.14531242847442627,-1.2380815744400024,-1.0,-0.23808157444000244,0.23808157444000244,0.29758068499305884,0.6864467133035731,0.7692539006147181,0.6869802474975586,27811c2421c8115a87d690543953989cf6de277fe28d8a4428ec831739fe2f48
1,linear,9,1000,800,200,10000,10000,0.5,647,31260913,31760913,1031760913,2031260913,3031260913,0.2777971125356793,1.3021788216161538,1.2785318981717797,0.042275044840843,1.695669683465635,-0.05165045683187207,0.05943854944363197,1.634643814642734,0.0,5.79532654754189e-07,4529,0.005,1,1,1.1473432779312134,1.0,0.14734327793121338,0.14734327793121338,-1.235502004623413,-1.0,-0.23550200462341309,0.23550200462341309,0.2815218293717081,0.6800062165780763,0.7729737797993986,0.678044319152832,4d9a81db5200566c95b1f6fbbcb4583c577d645e25c4ebc369e16c74ccd90ce6
1,linear,9,1000,800,200,10000,10000,0.5,648,31260913,31760913,1031760913,2031260913,3031260913,0.2788837210890279,1.325631716080426,1.286722985134311,0.04171405794183233,1.7572994466783356,-0.07167873207360793,0.07968670817592526,1.6556560404729521,2.220446049250313e-16,5.666336164722452e-07,4536,0.005,1,1,1.150037407875061,1.0,0.15003740787506104,0.15003740787506104,-1.235084891319275,-1.0,-0.2350848913192749,0.2350848913192749,0.30952192712712995,0.6846631307720671,0.7739312391067047,0.6850095391273499,e4ca7f439689f7a6625339221d9b6967d56647f4e89ef9bdc128e5645ae70f7b
1,linear,9,1000,800,200,10000,10000,0.5,649,31260913,31760913,1031760913,2031260913,3031260913,0.28050707742360403,1.3675822328501124,1.325423213549491,0.04058815525013866,1.8702811636072991,-0.07706131192078922,0.08065576348974647,1.7567466950158597,4.440892098500626e-16,5.680029406818221e-07,4543,0.005,1,1,1.1547437906265259,1.0,0.15474379062652588,0.15474379062652588,-1.2339627742767334,-1.0,-0.2339627742767334,0.2339627742767334,0.31062540316338405,0.6934757028875422,0.7848944934243481,0.69005286693573,4706e171eb7995e9964930ad09068a224b78532f9e6022ed33ff386a91569101
1,linear,9,1000,800,200,10000,10000,0.5,650,31260913,31760913,1031760913,2031260913,3031260913,0.28110859612664124,1.2815674630509022,1.2703268957264697,0.04147749303599823,1.6424151623507253,-0.035081116690336964,0.041666690068530784,1.6137304220060493,-2.220446049250313e-16,6.571676589572917e-07,4550,0.005,1,1,1.1533753871917725,1.0,0.15337538719177246,0.15337538719177246,-1.2355802059173584,-1.0,-0.2355802059173584,0.2355802059173584,0.28956196789936894,0.6807857918983828,0.7702351211920554,0.6832054853439331,4729088d1ebc365bad32464ed5599d365269d0aadfa2da3006ab2663367b183f
1,linear,9,1000,800,200,10000,10000,0.5,651,31260913,31760913,1031760913,2031260913,3031260913,0.2807867663231697,1.2527012718885846,1.242881369854912,0.04120229819042175,1.5692604765912777,-0.03285433762463863,0.04080111398922845,1.5447540995324223,2.220446049250313e-16,5.736436179404336e-07,4557,0.005,1,1,1.1536282300949097,1.0,0.15362823009490967,0.15362823009490967,-1.235031008720398,-1.0,-0.23503100872039795,0.23503100872039795,0.2820269373335495,0.6575521053589177,0.7609409889333171,0.6540951728820801,e4cb159766f743dbf9a779c34baaea71c49334befe1d4850b46354cd4a2099d7
1,linear,9,1000,800,200,10000,10000,0.5,652,31260913,31760913,1031760913,2031260913,3031260913,0.28120472263347907,1.2936797886335627,1.2748130766385275,0.040345724355631205,1.6736073955189794,-0.04440236975301075,0.051812817092989266,1.6251483803685884,-6.661338147750939e-16,6.284221765184839e-07,4564,0.005,1,1,1.156189203262329,1.0,0.1561892032623291,0.1561892032623291,-1.233839750289917,-1.0,-0.233839750289917,0.233839750289917,0.2750113257012849,0.6694060468770693,0.7700515807870862,0.6672469973564148,34702f71509a013e2aef08b141544eaf55d0b4cadfd54412b91604b8052cff54
1,linear,9,1000,800,200,10000,10000,0.5,653,31260913,31760913,1031760913,2031260913,3031260913,0.28222883846185026,1.2449996578688995,1.2527831556676514,0.04151893356527676,1.5500241480936772,-0.011038723267177497,0.013871724107739793,1.5694656351245988,-2.220446049250313e-16,6.043946854106252e-07,4571,0.005,1,1,1.1546720266342163,1.0,0.1546720266342163,0.1546720266342163,-1.2360713481903076,-1.0,-0.23607134819030762,0.23607134819030762,0.29650707879113464,0.672404962262035,0.765750168549991,0.6705483198165894,9db813ca8adae70f68900e47bd3a533cb78da810259ecbe34d3cf0b6cca2449e
1,linear,9,1000,800,200,10000,10000,0.5,654,31260913,31760913,1031760913,2031260913,3031260913,0.28253311820120114,1.2570307523669566,1.263104695451937,0.04064657653816675,1.5801263123962368,-0.012669708630836407,0.01563415666357334,1.5954334716727305,-2.220446049250313e-16,6.141532686854134e-07,4578,0.005,1,1,1.1571202278137207,1.0,0.1571202278137207,0.1571202278137207,-1.234815239906311,-1.0,-0.23481523990631104,0.23481523990631104,0.3050640543431926,0.6790573138839474,0.7675846852041078,0.6769694089889526,6b366c97d1f9f91f9dd39675ae7237a7edca21f5ba552c7fe6ba89207e585d9e
1,linear,9,1000,800,200,10000,10000,0.5,655,31260913,31760913,1031760913,2031260913,3031260913,0.2814306251587721,1.2618578277012449,1.2654946267128468,0.04030755898159614,1.5922851773309046,-0.01555804303670649,0.01905930694246145,1.6014766502390876,-2.220446049250313e-16,6.168893076363702e-07,4585,0.005,1,1,1.1565606594085693,1.0,0.15656065940856934,0.15656065940856934,-1.233863115310669,-1.0,-0.23386311531066895,0.23386311531066895,0.2912024132039258,0.667993784607342,0.7681479963106598,0.67105633020401,6728111a520470e9b2fd55a2c0136cd0966582d6e1caf2ed131b98c0b0a97044
1,linear,9,1000,800,200,10000,10000,0.5,656,31260913,31760913,1031760913,2031260913,3031260913,0.2807423131304721,1.2894561309980137,1.2686986030942904,0.03942034378277508,1.6626971137683668,-0.04626065602886894,0.05435659663044022,1.6095961454934036,-4.440892098500626e-16,6.421733047545786e-07,4592,0.005,1,1,1.157834529876709,1.0,0.15783452987670898,0.15783452987670898,-1.2321734428405762,-1.0,-0.23217344284057617,0.23217344284057617,0.2847877859904743,0.6737014333959024,0.7700556646804826,0.6743466854095459,92f514ebfee6b4567ba2120af76147efbeb485f2e94a893dc3da5491f5f11a30
1,linear,9,1000,800,200,10000,10000,0.5,657,31260913,31760913,1031760913,2031260913,3031260913,0.2810908614135123,1.3311470347290038,1.2975459128988702,0.03918740492783923,1.7719524280678196,-0.06375721845754828,0.07040562776656804,1.6836253960805625,2.220446049250313e-16,6.002536530047564e-07,4599,0.005,1,1,1.158826470375061,1.0,0.15882647037506104,0.15882647037506104,-1.2319185733795166,-1.0,-0.2319185733795166,0.2319185733795166,0.2934383529318996,0.6779398332780597,0.7757443903721021,0.6816545724868774,ff2d86aaeafe5cd24e9fc794cdf312788a4774bd29f7adab20aae56cc9fb3341
1,linear,9,1000,800,200,10000,10000,0.5,658,31260913,31760913,1031760913,2031260913,3031260913,0.2820882244852712,1.2977533224356634,1.2654592719780835,0.0387394479621873,1.6841636858928029,-0.06075798240984463,0.0705297717741088,1.601387169035301,2.220446049250313e-16,6.572601076726414e-07,4606,0.005,1,1,1.1611382961273193,1.0,0.16113829612731934,0.16113829612731934,-1.231534481048584,-1.0,-0.23153448104858398,0.23153448104858398,0.2899993636176134,0.666632299276297,0.7684099039824301,0.6650415658950806,ea8abf72b9fb5f4e840a2d5e1baa755c8e0fd9173135d545a03eb73ca8afbfc8
1,linear,9,1000,800,200,10000,10000,0.5,659,31260913,31760913,1031760913,2031260913,3031260913,0.2824210165673293,1.334156894977776,1.3072251911316635,0.037987437013518574,1.7799746204167401,-0.05456217855052248,0.06002565161084569,1.708837700329214,2.220446049250313e-16,6.607894285082239e-07,4613,0.005,1,1,1.163367748260498,1.0,0.16336774826049805,0.16336774826049805,-1.2303749322891235,-1.0,-0.23037493228912354,0.23037493228912354,0.2790904501061551,0.6648603617663076,0.7785214886311215,0.6657841801643372,6a8519056ee34a85f5706667bd4eee2ce539e7cd06885e2d6d100a751784120d
1,linear,9,1000,800,200,10000,10000,0.5,660,31260913,31760913,1031760913,2031260913,3031260913,0.28363674388609483,1.2700596823165367,1.2516584250731249,0.03833928493356664,1.6130515966459822,-0.0423710342615066,0.05131557250816218,1.5666488130565355,-2.220446049250313e-16,5.867076033894136e-07,4620,0.005,1,1,1.1640127897262573,1.0,0.16401278972625732,0.16401278972625732,-1.231407880783081,-1.0,-0.23140788078308105,0.23140788078308105,0.271077810969012,0.6685016599585661,0.7647885507202904,0.6692460775375366,e5f193669685d018b620dff6a8a7f79e1602af5a8833c05c0eaee9f0f15cfdee
1,linear,9,1000,800,200,10000,10000,0.5,661,31260913,31760913,1031760913,2031260913,3031260913,0.2836030440265481,1.3256199402231237,1.3031381867980172,0.03895113334757896,1.757268225917158,-0.049025112686756356,0.05458699955981352,1.6981691338912241,0.0,5.802863327630803e-07,4627,0.005,1,1,1.1624971628189087,1.0,0.1624971628189087,0.1624971628189087,-1.232433557510376,-1.0,-0.23243355751037598,0.23243355751037598,0.2853588517675877,0.6840380902048478,0.7772335788442651,0.6897175908088684,0b88bfc3d2fbaa65edce29e525bfc4e380d2a4473a633201f72700a3017b58d9
1,linear,9,1000,800,200,10000,10000,0.5,662,31260913,31760913,1031760913,2031260913,3031260913,0.2822215664838348,1.3140248227938933,1.2842554652797717,0.03886646796943485,1.7266612349185226,-0.058107801393497256,0.06582485372327783,1.6493121001009632,2.220446049250313e-16,5.813895267436919e-07,4634,0.005,1,1,1.1609965562820435,1.0,0.16099655628204346,0.16099655628204346,-1.2317954301834106,-1.0,-0.23179543018341064,0.23179543018341064,0.2872562236732354,0.6701506922400413,0.7740385127839083,0.6653119325637817,910d214228fb86592cbe47d28dce9c3dcacc106c8e987bba193c2c945235a91d
1,linear,9,1000,800,200,10000,10000,0.5,663,31260913,31760913,1031760913,2031260913,3031260913,0.2813323299211803,1.3033515529743138,1.2760105547743226,0.03934963546070977,1.6987252706405558,-0.054935985102895574,0.06321474973265029,1.6282029358954744,0.0,5.95178489604109e-07,4641,0.005,1,1,1.158734679222107,1.0,0.15873467922210693,0.15873467922210693,-1.2322739362716675,-1.0,-0.23227393627166748,0.23227393627166748,0.28324190737888616,0.6786390898037931,0.7705922827380794,0.6810511350631714,bf9075cc38cd787351dc6e4a1f8dd6a55fc907275607ddef350d3a8a4f1589b0
1,linear,9,1000,800,200,10000,10000,0.5,664,31260913,31760913,1031760913,2031260913,3031260913,0.2827006054357874,1.2997429403178618,1.284431808013735,0.03961417906409351,1.6893317109061208,-0.0395904102663913,0.045797165193033715,1.649765069437432,2.220446049250313e-16,6.281902589222454e-07,4648,0.005,1,1,1.1597919464111328,1.0,0.1597919464111328,0.1597919464111328,-1.233208417892456,-1.0,-0.23320841789245605,0.23320841789245605,0.2756702006572595,0.6760868155466562,0.7716689288980771,0.6783644556999207,cb7bc11043f809d70abdd43be17dedff03ed5f863e7c05f9f30ad62d60fd192c
1,linear,9,1000,800,200,10000,10000,0.5,665,31260913,31760913,1031760913,2031260913,3031260913,0.2827737127767299,1.2696964434242677,1.2593508342431052,0.039867383591906586,1.6121290584442347,-0.03301595916366816,0.03997098095801572,1.5859645237088051,2.220446049250313e-16,6.623483503886973e-07,4655,0.005,1,1,1.1592764854431152,1.0,0.15927648544311523,0.15927648544311523,-1.2336492538452148,-1.0,-0.23364925384521484,0.23364925384521484,0.27716532697566965,0.6736760621766729,0.7669284763026396,0.6738101243972778,37b789bceba480754c1226ce3baa2aa4e8c7015dfe9aa019289417841978575e
1,linear,9,1000,800,200,10000,10000,0.5,666,31260913,31760913,1031760913,2031260913,3031260913,0.281613317402124,1.320280732002009,1.2999158885580937,0.03926362811994761,1.7431412112957605,-0.04631176104496474,0.051965479470024604,1.6897813173257785,-2.220446049250313e-16,5.880345241848772e-07,4662,0.005,1,1,1.159289002418518,1.0,0.15928900241851807,0.15928900241851807,-1.2322349548339844,-1.0,-0.23223495483398438,0.23223495483398438,0.2802740084128339,0.6716986115673004,0.7761254107970772,0.6753668785095215,5a070dfdbce5f4777442e466048e59572092f0a969aae73d0b1490864814ff02
1,linear,9,1000,800,200,10000,10000,0.5,667,31260913,31760913,1031760913,2031260913,3031260913,0.28164699277742383,1.3100041957234587,1.2794465530666603,0.03868327142204872,1.716110992813066,-0.058905391040478115,0.06713652106237535,1.6369834821541585,0.0,6.268965151434713e-07,4669,0.005,1,1,1.1607294082641602,1.0,0.16072940826416016,0.16072940826416016,-1.2312813997268677,-1.0,-0.23128139972686768,0.23128139972686768,0.2853357619350557,0.6705221773199339,0.7721230026450309,0.6701177358627319,990dee8be6485db97d0fcca8943c30e9e6f5bc8f554d04a0e57890012b0f993a
1,linear,9,1000,800,200,10000,10000,0.5,668,31260913,31760913,1031760913,2031260913,3031260913,0.28174784027767086,1.3199542365962689,1.2839123910935573,0.038187835456236635,1.742279186708439,-0.06601799708055019,0.07415806780884501,1.6484310280035757,4.440892098500626e-16,6.500555418398335e-07,4676,0.005,1,1,1.1620526313781738,1.0,0.16205263137817383,0.16205263137817383,-1.2304794788360596,-1.0,-0.23047947883605957,0.23047947883605957,0.2898303908149154,0.6646142341776371,0.7722131382789479,0.6664658784866333,6f7a1424aeb773184a642aa35fd424c696e94d5379b944165e4fa2db12875c62
1,linear,9,1000,800,200,10000,10000,0.5,669,31260913,31760913,1031760913,2031260913,3031260913,0.2818692406459554,1.3134398738481177,1.2875406926840667,0.038710463378603115,1.7251243022141594,-0.05303686513769835,0.06013813331304255,1.657761035317366,2.220446049250313e-16,6.063070934203552e-07,4683,0.005,1,1,1.160938024520874,1.0,0.16093802452087402,0.16093802452087402,-1.2314070463180542,-1.0,-0.2314070463180542,0.2314070463180542,0.2810875333709951,0.6755820721757018,0.7736435145612154,0.6794099807739258,0cdc779e196b22ad18c61c544676e2d2a342d49b32f266557054c0b9e2983da5
1,linear,9,1000,800,200,10000,10000,0.5,670,31260913,31760913,1031760913,2031260913,3031260913,0.2811437998311657,1.3046953478358667,1.2753353257071272,0.03886816093112693,1.7022299506645533,-0.05730895929958808,0.06583082127068142,1.6264801929965043,2.220446049250313e-16,5.514369050274581e-07,4690,0.005,1,1,1.1596616506576538,1.0,0.1596616506576538,0.1596616506576538,-1.231408715248108,-1.0,-0.2314087152481079,0.2314087152481079,0.27566796482367506,0.6699889263113366,0.7687685754589374,0.6723992824554443,2fe0f3e2dff22fdcfa3065003d401c8ffd45cd253238393b4de2da1bda3dc781
1,linear,9,1000,800,200,10000,10000,0.5,671,31260913,31760913,1031760913,2031260913,3031260913,0.27970733385125446,1.3124840863130505,1.287448307425026,0.03887369599296546,1.722614476825003,-0.05198251426320214,0.059021133454495237,1.6575231442915643,2.220446049250313e-16,6.457395471670679e-07,4697,0.005,1,1,1.1578726768493652,1.0,0.15787267684936523,0.15787267684936523,-1.2308948040008545,-1.0,-0.2308948040008545,0.2308948040008545,0.27877927389762724,0.6788867493160348,0.7731851876604899,0.683763325214386,ac64c31fe8d88321b9d5604e0cb0e1e5af786ac89f5abfd9562a7155d10f773a
1,linear,9,1000,800,200,10000,10000,0.5,672,31260913,31760913,1031760913,2031260913,3031260913,0.279983013603764,1.364468156353734,1.325542595351173,0.03865079850030903,1.861773349703358,-0.07168048805667192,0.07543630523157294,1.7570631720903236,4.440892098500626e-16,5.963732778724307e-07,4704,0.005,1,1,1.1587530374526978,1.0,0.15875303745269775,0.15875303745269775,-1.2306251525878906,-1.0,-0.23062515258789062,0.23062515258789062,0.29719515070530816,0.6839548851057401,0.7829709917849667,0.6869891881942749,adf29cf613db37e708acf11bccb1a65da54ec1d135d62b9af929583c75a6633e
1,linear,9,1000,800,200,10000,10000,0.5,673,31260913,31760913,1031760913,2031260913,3031260913,0.2811766121306308,1.3631420049940333,1.3195730576005764,0.03890268814392388,1.858156125779153,-0.07789287978887156,0.0821196256196093,1.741273054345334,4.440892098500626e-16,6.412084516682626e-07,4711,0.005,1,1,1.159618854522705,1.0,0.15961885452270508,0.15961885452270508,-1.2314780950546265,-1.0,-0.23147809505462646,0.23147809505462646,0.30784460654471507,0.6797203076157197,0.7804786146204766,0.6830509901046753,6de8421272af3b11bdde5939344fad3d2d3f624e6ea60545b8cd09a80d9fb952
1,linear,9,1000,800,200,10000,10000,0.5,674,31260913,31760913,1031760913,2031260913,3031260913,0.2819811765574193,1.321735718993591,1.2927222832908813,0.039627180402233744,1.746985310863505,-0.05774079477447467,0.0646371779630487,1.6711309017167897,4.440892098500626e-16,6.66674486282659e-07,4718,0.005,1,1,1.1588709354400635,1.0,0.15887093544006348,0.15887093544006348,-1.2329665422439575,-1.0,-0.23296654224395752,0.23296654224395752,0.2804427835473411,0.6757869697508166,0.7741649251790134,0.6747604608535767,5741ff8cf843a7ffaee330cc49df6efcd3e3de1b76283813117228b5196cec4a
1,linear,9,1000,800,200,10000,10000,0.5,675,31260913,31760913,1031760913,2031260913,3031260913,0.2807560134964424,1.2980128184171669,1.280592621307089,0.04053906342692221,1.684837276775277,-0.04272943922801893,0.04953057281753546,1.6399174617461616,2.220446049250313e-16,5.67597044920376e-07,4725,0.005,1,1,1.1551703214645386,1.0,0.15517032146453857,0.15517032146453857,-1.2339788675308228,-1.0,-0.23397886753082275,0.23397886753082275,0.27736193100525736,0.6656117861182557,0.7700344932247456,0.6650992035865784,02306eb80d4b3fbdae43280c305c0a2704dcf4ce10c14d31322ae7b19f74ecf0
1,linear,9,1000,800,200,10000,10000,0.5,676,31260913,31760913,1031760913,2031260913,3031260913,0.2804477832941975,1.2815382705382599,1.2689619519099213,0.042218112950242935,1.6423403388541944,-0.03714700820469975,0.04410296141984178,1.6102644353950377,-2.220446049250313e-16,6.195858865964965e-07,4732,0.005,1,1,1.1507964134216309,1.0,0.15079641342163086,0.15079641342163086,-1.2364559173583984,-1.0,-0.23645591735839844,0.23645591735839844,0.27130598897095387,0.6687459520442514,0.7676587731928918,0.6709952354431152,3b7865b6fcb8bea714b55d3af9e949a2984bb2e56bf7e0ff8eedf4f337aaab8b
1,linear,9,1000,800,200,10000,10000,0.5,677,31260913,31760913,1031760913,2031260913,3031260913,0.2799095076039062,1.3017336244294528,1.26872653932476,0.043269453561436015,1.6945104289702395,-0.06405642547234698,0.073722139514041,1.6096670315869817,2.220446049250313e-16,5.997382555023023e-07,4739,0.005,1,1,1.1476410627365112,1.0,0.14764106273651123,0.14764106273651123,-1.2378054857254028,-1.0,-0.23780548572540283,0.23780548572540283,0.2883566357898602,0.6698705050615007,0.7680312563032005,0.6720888614654541,98ea9f1b28ee5a4391e277463a0b2c8d38302e4774ececfa763d1b4f8cdf2c3f
1,linear,9,1000,800,200,10000,10000,0.5,678,31260913,31760913,1031760913,2031260913,3031260913,0.2792553441210081,1.3515127024212157,1.3191242186602508,0.04355717004461641,1.8265865848058973,-0.06502752529724824,0.06954280934670297,1.7400887042560171,-2.220446049250313e-16,6.276048853948168e-07,4746,0.005,1,1,1.146141529083252,1.0,0.14614152908325195,0.14614152908325195,-1.2379626035690308,-1.0,-0.23796260356903076,0.23796260356903076,0.28135176475033896,0.6722764290832758,0.7805440917090606,0.672457754611969,42f6ba6990bedc2772bb2723faddd1048ffe9449c7f769cd55419dc7668935cf
1,linear,9,1000,800,200,10000,10000,0.5,679,31260913,31760913,1031760913,2031260913,3031260913,0.27827994988756455,1.3082711820253494,1.286030311992995,0.04339898051889116,1.711573485718005,-0.05054925143604844,0.05760688832279949,1.6538739633647999,4.440892098500626e-16,6.424309404451378e-07,4753,0.005,1,1,1.145287275314331,1.0,0.14528727531433105,0.14528727531433105,-1.2373422384262085,-1.0,-0.2373422384262085,0.2373422384262085,0.2815633438923578,0.6865831175044725,0.7735989108944575,0.6904318332672119,36be07c8aede0cfa5df1757fab1af365d569b0d73cb7c23250d0fb0184dadd79
1,linear,9,1000,800,200,10000,10000,0.5,680,31260913,31760913,1031760913,2031260913,3031260913,0.27613743432810445,1.2841303172655607,1.2673600169565393,0.04368989401720561,1.6489906717205494,-0.04323957657883761,0.05109006088220979,1.6062014125800796,-2.220446049250313e-16,5.858265375024985e-07,4760,0.005,1,1,1.1418975591659546,1.0,0.1418975591659546,0.1418975591659546,-1.236890196800232,-1.0,-0.23689019680023193,0.23689019680023193,0.27387660721400825,0.665976739320114,0.7664388000898822,0.6657100319862366,83930fde84bcc76c2c61be101371f11a90e61f10a1903ab423d4fa39b4ada431
1,linear,9,1000,800,200,10000,10000,0.5,681,31260913,31760913,1031760913,2031260913,3031260913,0.2767093836884781,1.3133960235215054,1.2966756266792665,0.04352301803718723,1.725009114602103,-0.04358222590761078,0.049286326330492305,1.6813676808240685,-2.220446049250313e-16,6.54836620483934e-07,4767,0.005,1,1,1.143014907836914,1.0,0.14301490783691406,0.14301490783691406,-1.236885666847229,-1.0,-0.236885666847229,0.236885666847229,0.2783811999126292,0.6853234328324379,0.7764864900458256,0.6852107048034668,15f97e893361d6c18fcb6b63e8ac2c5d965af96c37fb946dee96a9490fced721
1,linear,9,1000,800,200,10000,10000,0.5,682,31260913,31760913,1031760913,2031260913,3031260913,0.27718789618715456,1.286948408170606,1.2667098672754713,0.0437221304321215,1.6562362052928565,-0.0477022239359681,0.056121638905490726,1.604553887853042,2.220446049250313e-16,6.561466587839959e-07,4774,0.005,1,1,1.1431477069854736,1.0,0.14314770698547363,0.14314770698547363,-1.237364411354065,-1.0,-0.23736441135406494,0.23736441135406494,0.27708782313133545,0.6745034675694199,0.7663197410225284,0.67579185962677,3d47794a13ceb5efdd9b908680d9eef42ebdcc069996501651bc52d94be8fffd
1,linear,9,1000,800,200,10000,10000,0.5,683,31260913,31760913,1031760913,2031260913,3031260913,0.27853240816616487,1.2967586379528961,1.2874649551132538,0.043922544053349194,1.6815829651054504,-0.033969749257013876,0.039373678121230056,1.6575660106447723,4.440892098500626e-16,5.3879923633815e-07,4781,0.005,1,1,1.1443709135055542,1.0,0.1443709135055542,0.1443709135055542,-1.2381960153579712,-1.0,-0.2381960153579712,0.2381960153579712,0.27435306138701776,0.6745739497226642,0.7728905871346513,0.6772570610046387,8e9d93919a3fbdcdc2fcb8b7179b443ac09798caf80ed0cd6913a16d44fb0462
1,linear,9,1000,800,200,10000,10000,0.5,684,31260913,31760913,1031760913,2031260913,3031260913,0.2803341182342804,1.2925695500838943,1.287344906236061,0.043914767708226804,1.670736041804081,-0.02869695095018766,0.03347264736468393,1.6572569076119326,0.0,6.574126807379344e-07,4788,0.005,1,1,1.146658182144165,1.0,0.14665818214416504,0.14665818214416504,-1.2389112710952759,-1.0,-0.23891127109527588,0.23891127109527588,0.27697739864193716,0.6662921450897572,0.7718523421009349,0.6684867143630981,038690ba44f8075b284a5b29297e44576be1350fc8efd9eb5f7f0f8f39d3a2d2
1,linear,9,1000,800,200,10000,10000,0.5,685,31260913,31760913,1031760913,2031260913,3031260913,0.2801364967848939,1.303429532299138,1.2878190279053918,0.04341361235945325,1.69892854566955,-0.041932154696907614,0.04813308855976107,1.6584778486351883,2.220446049250313e-16,6.359844721970376e-07,4795,0.005,1,1,1.1475868225097656,1.0,0.14758682250976562,0.14758682250976562,-1.2381062507629395,-1.0,-0.23810625076293945,0.23810625076293945,0.2668125481448444,0.6790571446376998,0.7734647983306265,0.6839076280593872,cd60e6701c037791890b3420aec7cf12d59dec74e19519f606c4e10dd426a917
1,linear,9,1000,800,200,10000,10000,0.5,686,31260913,31760913,1031760913,2031260913,3031260913,0.27906585672766526,1.3037023061168695,1.2864230679136655,0.04354271562596965,1.6996397029744439,-0.04414905447000339,0.050653395765028766,1.654884309660407,2.220446049250313e-16,6.350685879397133e-07,4802,0.005,1,1,1.145937204360962,1.0,0.14593720436096191,0.14593720436096191,-1.237865686416626,-1.0,-0.23786568641662598,0.23786568641662598,0.27064378167576875,0.6758540180709519,0.7734741236264555,0.6740057468414307,5e66eaba8d015ba79e06df8add872a534c0f3505993a39574eacb32912a52f7d
1,linear,9,1000,800,200,10000,10000,0.5,687,31260913,31760913,1031760913,2031260913,3031260913,0.2787903256624925,1.301096375244231,1.2956256152946615,0.04274647246758034,1.6928517776736771,-0.028476257566793766,0.032814342333516565,1.67864573500767,0.0,6.20018887786955e-07,4809,0.005,1,1,1.1474709510803223,1.0,0.14747095108032227,0.14747095108032227,-1.236593246459961,-1.0,-0.23659324645996094,0.23659324645996094,0.2744230903990397,0.686995545329616,0.7753120342153774,0.6900158524513245,61d74b3eb4de0e8187381da213c847968d50de2751270cacdb41f9eb9877f506
1,linear,9,1000,800,200,10000,10000,0.5,688,31260913,31760913,1031760913,2031260913,3031260913,0.27765628131864756,1.328952774944934,1.3124963168335322,0.042203641499933976,1.7661154780338402,-0.042836268916093045,0.047376891007088626,1.722646581701588,-2.220446049250313e-16,6.437750723620184e-07,4816,0.005,1,1,1.147336483001709,1.0,0.14733648300170898,0.14733648300170898,-1.2353401184082031,-1.0,-0.23534011840820312,0.23534011840820312,0.27449492797609254,0.6813350726754837,0.779447512079854,0.6828316450119019,1f8e2ed1918b0498d7af541d76ca2d9db3c9a0696314ac582acf50088bc08fb1
1,linear,9,1000,800,200,10000,10000,0.5,689,31260913,31760913,1031760913,2031260913,3031260913,0.27822534093782497,1.3155772446990153,1.2973004625278128,0.04242970943566339,1.7307434867698526,-0.045092353065319446,0.05086063015368648,1.682988490074877,0.0,6.209133864842897e-07,4823,0.005,1,1,1.1475129127502441,1.0,0.14751291275024414,0.14751291275024414,-1.2359009981155396,-1.0,-0.23590099811553955,0.23590099811553955,0.2723013484520202,0.6750542431496293,0.7768768204008826,0.6784482002258301,4d385394a1158fb4ead4ca12d318cbc3d729260cb324471e823613a0097e0dfa
1,linear,9,1000,800,200,10000,10000,0.5,690,31260913,31760913,1031760913,2031260913,3031260913,0.2785382283927271,1.331047779424523,1.3018092424720906,0.04377905872701526,1.7716881911109537,-0.06037997302610522,0.06651728146734033,1.6947073037857583,-2.220446049250313e-16,5.884324796312512e-07,4830,0.005,1,1,1.1447161436080933,1.0,0.14471614360809326,0.14471614360809326,-1.2379932403564453,-1.0,-0.2379932403564453,0.2379932403564453,0.2699943068920969,0.6722030607479006,0.7759959217126653,0.6737228631973267,bbc108a91c546d6419ffb0246355d98e889bd4ac6d5dfb74954a66662c71cdf6
1,linear,9,1000,800,200,10000,10000,0.5,691,31260913,31760913,1031760913,2031260913,3031260913,0.279985646720521,1.2970563880508983,1.29290045679513,0.04559287159564209,1.6823552737836427,-0.02817827709911447,0.03261472536020962,1.671591591181056,0.0,6.432999377636861e-07,4837,0.005,1,1,1.1422960758209229,1.0,0.14229607582092285,0.14229607582092285,-1.2411302328109741,-1.0,-0.24113023281097412,0.24113023281097412,0.2705260679572834,0.6821767125171746,0.7743015826282604,0.6832863092422485,0a4fdbbfda2410bd62cdcfb51cd42f880e8144c94f5a2efd5631cb63aaaf2cce
1,linear,9,1000,800,200,10000,10000,0.5,692,31260913,31760913,1031760913,2031260913,3031260913,0.27921389180154677,1.3251708552394028,1.315295274780891,0.04564402472246262,1.7560777955759301,-0.03586008021872667,0.03980645604079735,1.7300016598609396,2.220446049250313e-16,6.652537738460751e-07,4844,0.005,1,1,1.1411983966827393,1.0,0.14119839668273926,0.14119839668273926,-1.2408804893493652,-1.0,-0.24088048934936523,0.24088048934936523,0.27324862195474425,0.6843068093524934,0.7804979800837275,0.6831210851669312,61d34f7b31bd8c4b9ba9446c4c4a59c1cf873519ffb12d35046039d3bc936401
1,linear,9,1000,800,200,10000,10000,0.5,693,31260913,31760913,1031760913,2031260913,3031260913,0.2802665664521093,1.2965395857363646,1.2827689054885534,0.04575708070411348,1.681014897381424,-0.04063795659861835,0.047068121459410556,1.645496064888301,2.220446049250313e-16,5.945667016504785e-07,4851,0.005,1,1,1.1422697305679321,1.0,0.14226973056793213,0.14226973056793213,-1.2414718866348267,-1.0,-0.24147188663482666,0.24147188663482666,0.2677570673048809,0.676253522380343,0.7735101571893832,0.6774306297302246,765d21b90622f30ca89996297b692c34371a2ff3608177ab036c8e33f83dcc6b
1,linear,9,1000,800,200,10000,10000,0.5,694,31260913,31760913,1031760913,2031260913,3031260913,0.2811998730318501,1.3549455924663585,1.3209476194149283,0.0448368409697207,1.835877558544011,-0.06790589313788274,0.07221287097651845,1.7449026132379666,4.440892098500626e-16,6.490871502506934e-07,4858,0.005,1,1,1.1455926895141602,1.0,0.14559268951416016,0.14559268951416016,-1.240574598312378,-1.0,-0.24057459831237793,0.24057459831237793,0.2739670228500911,0.6827760461195334,0.7833411331923932,0.6839755773544312,68c306d40413bf50ddeb4cf74e1ed104cea4ba263dd9e56713a18f55c1664464
1,linear,9,1000,800,200,10000,10000,0.5,695,31260913,31760913,1031760913,2031260913,3031260913,0.28162812910580803,1.3643698081987639,1.3291536956403598,0.04436906587690116,1.8615049735243319,-0.06961224638340331,0.07305020682822601,1.7666495466344263,0.0,6.415253075431337e-07,4865,0.005,1,1,1.1472232341766357,1.0,0.14722323417663574,0.14722323417663574,-1.2400827407836914,-1.0,-0.2400827407836914,0.2400827407836914,0.28797160066001765,0.6774966318437875,0.783720635236466,0.6814322471618652,01dca4b64f83f82902a38541b1edf99b023b3f9a3d1c36ec5ad44b8ed914799e
1,linear,9,1000,800,200,10000,10000,0.5,696,31260913,31760913,1031760913,2031260913,3031260913,0.2813525756504349,1.325664650185588,1.2935014634564768,0.04441711696252648,1.7573867647516774,-0.06432892287507834,0.07140502196485109,1.673146035964047,-2.220446049250313e-16,6.519600717069807e-07,4872,0.005,1,1,1.1467642784118652,1.0,0.14676427841186523,0.14676427841186523,-1.24004065990448,-1.0,-0.24004065990447998,0.24004065990447998,0.2774560723139903,0.6825829442518255,0.7762584667030389,0.6859025955200195,2cc9a80e7c4dc0ddfac2004d4ed05c36773d7a47ab45ac615a9f873fc93cf8c4
1,linear,9,1000,800,200,10000,10000,0.5,697,31260913,31760913,1031760913,2031260913,3031260913,0.2822537999250731,1.310101674507538,1.2900304226730248,0.044796576371631036,1.7163663975474548,-0.048492241248571405,0.055068431447502494,1.664178491421943,0.0,6.665876384204239e-07,4879,0.005,1,1,1.1470146179199219,1.0,0.14701461791992188,0.14701461791992188,-1.2409437894821167,-1.0,-0.2409437894821167,0.2409437894821167,0.27347672814347695,0.6664424095180156,0.7733514348724161,0.6693366765975952,f365ad1034520fad36ed9d6f17eb005c8c24f5813e46875fcd6c9975890288b2
1,linear,9,1000,800,200,10000,10000,0.5,698,31260913,31760913,1031760913,2031260913,3031260913,0.2831872222309798,1.3216987050323812,1.3102335709345614,0.045477554017510025,1.7468874668842735,-0.03782650524892555,0.04220848410653996,1.7167120104039322,-4.440892098500626e-16,6.654807318540179e-07,4886,0.005,1,1,1.1466107368469238,1.0,0.14661073684692383,0.14661073684692383,-1.242281436920166,-1.0,-0.24228143692016602,0.24228143692016602,0.27426848997804965,0.6883619435148626,0.7801533860939046,0.6929025053977966,7ded098c242906489d7c30e5079937cd1e7564cb9e8213352efb602a3e7797d3
1,linear,9,1000,800,200,10000,10000,0.5,699,31260913,31760913,1031760913,2031260913,3031260913,0.2844220400938787,1.3076041713685875,1.3051898766396688,0.04687658581573596,1.7098286689805307,-0.0265923203567963,0.03027522150820951,1.703520614082674,-2.220446049250313e-16,5.90057220861695e-07,4893,0.005,1,1,1.1449466943740845,1.0,0.14494669437408447,0.14494669437408447,-1.2447168827056885,-1.0,-0.24471688270568848,0.24471688270568848,0.28905299272367624,0.6816324247784267,0.7789691571110104,0.6823225021362305,5af767cdaaa5665507c59265aaa6156ebbd4215b29d65bdb4d700db9c3f6144e
1,linear,9,1000,800,200,10000,10000,0.5,700,31260913,31760913,1031760913,2031260913,3031260913,0.2842550907892033,1.3050942800697494,1.2869157085191654,0.04717858418482969,1.7032710798707775,-0.04714881161111084,0.05387051405051205,1.6561520408333854,-2.220446049250313e-16,5.469319379614035e-07,4900,0.005,1,1,1.1440423727035522,1.0,0.14404237270355225,0.14404237270355225,-1.2450566291809082,-1.0,-0.2450566291809082,0.2450566291809082,0.28897885567276965,0.6877078314172971,0.7748490668981418,0.6938052177429199,8971b305c1ebdc5c30a6739ee057539042828c2a66d82e4fe0c5f00c9af37098
1,linear,9,1000,800,200,10000,10000,0.5,701,31260913,31760913,1031760913,2031260913,3031260913,0.2860790876459819,1.3459592503802218,1.338679820431991,0.04839010610819183,1.8116063036840888,-0.03396637408022701,0.03652305337946355,1.7920636616318273,4.440892098500626e-16,5.96689336163081e-07,4907,0.005,1,1,1.1435917615890503,1.0,0.1435917615890503,0.1435917615890503,-1.2474321126937866,-1.0,-0.24743211269378662,0.24743211269378662,0.2832629838239768,0.6890062707711369,0.7853790048346811,0.6911941170692444,871111167186504b43bc7edd88b6c8d2e8bfdd0ab2391bf8d7b9534bb624bec4
1,linear,9,1000,800,200,10000,10000,0.5,702,31260913,31760913,1031760913,2031260913,3031260913,0.28617753065269913,1.3201418516211034,1.303366693820772,0.048823805559797526,1.7427745084015955,-0.046416787700051525,0.0518160653962881,1.69876473856129,0.0,6.552494760114769e-07,4914,0.005,1,1,1.1427319049835205,1.0,0.1427319049835205,0.1427319049835205,-1.2480427026748657,-1.0,-0.24804270267486572,0.24804270267486572,0.2897308783988622,0.6839357098900624,0.7788091134664444,0.6815429925918579,64c92819d688d4929ba7819d9b6a61dc60dc051ede7378ca5a0d959efad001eb
1,linear,9,1000,800,200,10000,10000,0.5,703,31260913,31760913,1031760913,2031260913,3031260913,0.2845385905890541,1.3114702542606123,1.2973474663851579,0.04831198382469113,1.7199542278103952,-0.04257788154954928,0.048157773155862345,1.683110448535988,4.440892098500626e-16,6.410759869623917e-07,4921,0.005,1,1,1.1418099403381348,1.0,0.14180994033813477,0.14180994033813477,-1.2466822862625122,-1.0,-0.2466822862625122,0.2466822862625122,0.27642398725418127,0.6766418269855836,0.7739258594196204,0.6777502298355103,e6b5a8cb7bc9de953e1a36fe01c9509ecb85f94c18455a7878771e7144f9f6cc
1,linear,9,1000,800,200,10000,10000,0.5,704,31260913,31760913,1031760913,2031260913,3031260913,0.28223993539815134,1.308155682163577,1.3077300336789337,0.0475871478408868,1.711271288776853,-0.024350297815917653,0.027688752328178197,1.7101578409859048,4.440892098500626e-16,5.821622899304657e-07,4928,0.005,1,1,1.1405433416366577,1.0,0.14054334163665771,0.14054334163665771,-1.2447589635849,-1.0,-0.2447589635848999,0.2447589635848999,0.2896827191453201,0.6963802308647021,0.7804647723139803,0.701421856880188,f801d26d887195ff227ce3856451e8540bedaea00f71918b3856f73aa4c547d1
1,linear,9,1000,800,200,10000,10000,0.5,705,31260913,31760913,1031760913,2031260913,3031260913,0.28171676819600355,1.2777282925638744,1.278870094388868,0.047259194297313414,1.6325895896181941,-0.022170032796657593,0.026395272013689408,1.6355087183221924,0.0,5.624887773336695e-07,4935,0.005,1,1,1.1406325101852417,1.0,0.1406325101852417,0.1406325101852417,-1.2441041469573975,-1.0,-0.24410414695739746,0.24410414695739746,0.2919683148621721,0.6785575650986163,0.7712877136913927,0.6802008152008057,c2718e7078b605c7c5f8821fe58987e69833b9ba0ccb4a8d968b06edac2ff6cb
1,linear,9,1000,800,200,10000,10000,0.5,706,31260913,31760913,1031760913,2031260913,3031260913,0.28045046958192654,1.3357962989019156,1.3158979820817853,0.046398332167858596,1.7843517521600558,-0.049581292540500276,0.054165003694321326,1.7315874992469145,6.661338147750939e-16,5.397556339659104e-07,4942,0.005,1,1,1.141013264656067,1.0,0.1410132646560669,0.1410132646560669,-1.2424205541610718,-1.0,-0.24242055416107178,0.24242055416107178,0.27423633008045195,0.6809314024382712,0.7816750372807313,0.6842824220657349,f70af4e421397a17cbf6a3df62bf515906ef5a18026f73b67f19a2a4a4608e01
1,linear,9,1000,800,200,10000,10000,0.5,707,31260913,31760913,1031760913,2031260913,3031260913,0.281129284082763,1.322454399416297,1.30705231890523,0.047089993921883885,1.7488856385355185,-0.04379493405093163,0.048770076007109045,1.7083857643555396,4.440892098500626e-16,6.159400847138841e-07,4949,0.005,1,1,1.140275239944458,1.0,0.140275239944458,0.140275239944458,-1.2436319589614868,-1.0,-0.24363195896148682,0.24363195896148682,0.26148368671395006,0.6779271614308061,0.7780049532873834,0.6776984930038452,2584242625756c3e7e9d58b5675bbed1714653d65f0f65a1264b70ba978cdedd
1,linear,9,1000,800,200,10000,10000,0.5,708,31260913,31760913,1031760913,2031260913,3031260913,0.28072942422960795,1.3227776194670906,1.3024970009682413,0.04784180801347444,1.7497406305630232,-0.05054200052261759,0.056233304729703205,1.6964984375312626,2.220446049250313e-16,6.482499816939935e-07,4956,0.005,1,1,1.1380298137664795,1.0,0.1380298137664795,0.1380298137664795,-1.2444519996643066,-1.0,-0.24445199966430664,0.24445199966430664,0.2623275693816083,0.6709107705536193,0.7772436459067158,0.6684672832489014,480f77e72599fbff549d93f6d702f971871a0ea4611b065b73f929771eb0916f
1,linear,9,1000,800,200,10000,10000,0.5,709,31260913,31760913,1031760913,2031260913,3031260913,0.2825032964742267,1.2904106355256197,1.2923945519214048,0.04908128057106072,1.665159608277634,-0.021978605506283274,0.02564237692526909,1.6702836778361285,2.220446049250313e-16,5.430079195178905e-07,4963,0.005,1,1,1.1374527215957642,1.0,0.13745272159576416,0.13745272159576416,-1.2468093633651733,-1.0,-0.24680936336517334,0.24680936336517334,0.28680746318031564,0.6883669705132545,0.7763663156442281,0.691554069519043,1857b060dfb24ba379fa5a4012c6a32fdf7ed519527595da256aab1969a6e033
1,linear,9,1000,800,200,10000,10000,0.5,710,31260913,31760913,1031760913,2031260913,3031260913,0.28421175494851697,1.326069513323473,1.306963360586121,0.04890896029423311,1.7584603541659523,-0.04960804427280907,0.05489530432536497,1.708153225914567,-2.220446049250313e-16,5.863697030150661e-07,4970,0.005,1,1,1.1400316953659058,1.0,0.14003169536590576,0.14003169536590576,-1.247320532798767,-1.0,-0.2473205327987671,0.2473205327987671,0.26434558377829426,0.677650795776398,0.7783848237767482,0.6773809194564819,3648ef44591314ed687713f1542d57553f2eb2868194883c9fdd2c3fe97fbc1c
1,linear,9,1000,800,200,10000,10000,0.5,711,31260913,31760913,1031760913,2031260913,3031260913,0.28447218117412704,1.3643370461307789,1.329043995697798,0.04836263117971956,1.8614155754448591,-0.07171013206210505,0.07509786404867246,1.7663579425003686,0.0,5.98435621057547e-07,4977,0.005,1,1,1.141609787940979,1.0,0.141609787940979,0.141609787940979,-1.2467206716537476,-1.0,-0.24672067165374756,0.24672067165374756,0.2769841949348221,0.6853111187218823,0.7848966568741498,0.6856117248535156,0cc92ae75f49ac0ca6548ac2f9da8425712d9dc41aa65649f03203220b61d008
1,linear,9,1000,800,200,10000,10000,0.5,712,31260913,31760913,1031760913,2031260913,3031260913,0.28618208210639506,1.2963747107396073,1.2867767859146202,0.04862355555704352,1.6805873906452002,-0.03670822471674164,0.042456618491065634,1.6557944967687603,-2.220446049250313e-16,6.265917100733986e-07,4984,0.005,1,1,1.1431922912597656,1.0,0.14319229125976562,0.14319229125976562,-1.2477824687957764,-1.0,-0.24778246879577637,0.24778246879577637,0.2683987089434285,0.6781014427133605,0.7718488760346334,0.6785205602645874,d5239930e626a60ca7d1298956f7683f924df817bbd5e70c9c7918a0a3507291
1,linear,9,1000,800,200,10000,10000,0.5,713,31260913,31760913,1031760913,2031260913,3031260913,0.28623128627346794,1.3294114589763173,1.3102367783281574,0.048474234978109675,1.7673348272575407,-0.04954432347595085,0.05456997049563258,1.716720415283749,2.220446049250313e-16,6.41968243897395e-07,4991,0.005,1,1,1.1435940265655518,1.0,0.14359402656555176,0.14359402656555176,-1.2476067543029785,-1.0,-0.24760675430297852,0.24760675430297852,0.26418550951003833,0.6749106844344271,0.7777926035172592,0.6740714311599731,39cde94ebab8b782d6e7976b23de7adb2ee59482d1adb703c622a5285f3a80f0
1,linear,9,1000,800,200,10000,10000,0.5,714,31260913,31760913,1031760913,2031260913,3031260913,0.28726728339513363,1.3243197073069675,1.3171892753446608,0.04930459310434622,1.753822687161612,-0.03406984659148283,0.037789730058831544,1.7349875870829925,-2.220446049250313e-16,5.547437922359677e-07,4998,0.005,1,1,1.1430307626724243,1.0,0.14303076267242432,0.14303076267242432,-1.2491278648376465,-1.0,-0.24912786483764648,0.24912786483764648,0.2716404306809157,0.6886584408961696,0.7818120313137613,0.6899522542953491,c1844a11d1f88c85298dce5e88c735cd9160c81138283ad9b36f7abf28e13771
1,linear,9,1000,800,200,10000,10000,0.5,715,31260913,31760913,1031760913,2031260913,3031260913,0.28799312638220537,1.3511687691896812,1.3251911510625045,0.048768434509129245,1.8256570428335581,-0.05914694524416086,0.06310941241367629,1.7561315868543657,0.0,5.745855702343761e-07,5005,0.005,1,1,1.1451655626296997,1.0,0.1451655626296997,0.1451655626296997,-1.2487307786941528,-1.0,-0.24873077869415283,0.24873077869415283,0.263437561997214,0.6824031410810167,0.7826307625097203,0.6828883290290833,7d58362e71a68c06ecd92f0534a6d251bedbb2814e6a5b6ef6e082eafee4604a
1,linear,9,1000,800,200,10000,10000,0.5,716,31260913,31760913,1031760913,2031260913,3031260913,0.290044278877384,1.334838208141884,1.3118624598136552,0.0489324396368159,1.7817930419154355,-0.05487118404195858,0.05994474277534382,1.7209831134683344,2.220446049250313e-16,6.3471753364297e-07,5012,0.005,1,1,1.1473972797393799,1.0,0.14739727973937988,0.14739727973937988,-1.249799370765686,-1.0,-0.24979937076568604,0.24979937076568604,0.26335869897794134,0.6827586990548664,0.7794411833614484,0.6824083924293518,b76c0bdac861d44ab5711275d7caa11c0c2368b0693dd32a27891b3318a120a3
1,linear,9,1000,800,200,10000,10000,0.5,717,31260913,31760913,1031760913,2031260913,3031260913,0.2909606629333632,1.3436253535624605,1.3251301082533347,0.04889764994906613,1.8053290907358468,-0.049128468442708934,0.05299078841303076,1.7559698037994946,-4.440892098500626e-16,5.895645731612831e-07,5019,0.005,1,1,1.148635745048523,1.0,0.14863574504852295,0.14863574504852295,-1.2501310110092163,-1.0,-0.2501310110092163,0.2501310110092163,0.2613827603823999,0.690161473764481,0.7843036308519786,0.6931817531585693,c962ad841617271121cdaa794cff6b2dfe5127f6394109daa6b41fd931f94532
1,linear,9,1000,800,200,10000,10000,0.5,718,31260913,31760913,1031760913,2031260913,3031260913,0.2908212929908621,1.331269885415775,1.3137384185987298,0.04779595381024892,1.7722795078149305,-0.04708341456144417,0.05173787082366631,1.7259086325022912,2.220446049250313e-16,5.753363989668969e-07,5026,0.005,1,1,1.150938630104065,1.0,0.15093863010406494,0.15093863010406494,-1.2485851049423218,-1.0,-0.24858510494232178,0.24858510494232178,0.2647126887536303,0.6805555341940713,0.7803738836441361,0.6834390163421631,df1ff91fc90120ce09a61d9398e579c616dbf713482609b1cf1c179c50df8c1a
1,linear,9,1000,800,200,10000,10000,0.5,719,31260913,31760913,1031760913,2031260913,3031260913,0.2910302602916376,1.3441697060801283,1.3257549684874057,0.04708672761274386,1.8067921987435387,-0.04812634494362046,0.051919620272301896,1.7576262364690418,2.220446049250313e-16,6.50449742067849e-07,5033,0.005,1,1,1.1528034210205078,1.0,0.1528034210205078,0.1528034210205078,-1.2476887702941895,-1.0,-0.24768877029418945,0.24768877029418945,0.2643810249599069,0.6947517380112022,0.7839635570740051,0.6976292133331299,b0a7f8efff480618f73bbf9ce160d0ba76ca6358e3a6fdccc447f3103e3a5bde
1,linear,9,1000,800,200,10000,10000,0.5,720,31260913,31760913,1031760913,2031260913,3031260913,0.2908396578467005,1.3381579010176077,1.320095133427325,0.04696379170919401,1.7906665680558493,-0.04748959923326795,0.051685692915238834,1.7426511612985072,-4.440892098500626e-16,5.873074417905855e-07,5040,0.005,1,1,1.1528420448303223,1.0,0.15284204483032227,0.15284204483032227,-1.2474409341812134,-1.0,-0.24744093418121338,0.24744093418121338,0.2602316519935448,0.6677530067051792,0.7802959522532356,0.6667943596839905,d7ccd02e2cf51b3bb6ca7933077ce0bf333a74d484343acebb50d523f4bdfdde
1,linear,9,1000,800,200,10000,10000,0.5,721,31260913,31760913,1031760913,2031260913,3031260913,0.28931269114055763,1.3372746195853105,1.3291648545475954,0.04730441310055358,1.788303408187037,-0.03446430536153015,0.037550837343191416,1.7666792105645301,-2.220446049250313e-16,5.636830113786573e-07,5047,0.005,1,1,1.1501487493515015,1.0,0.15014874935150146,0.15014874935150146,-1.2472997903823853,-1.0,-0.24729979038238525,0.24729979038238525,0.2669877607410778,0.6881783374586261,0.7848059140666345,0.6905511021614075,b2f941b9da709fdbc510415a5ecf9a7625c483b4274642df36cea67e3cbb073b
1,linear,9,1000,800,200,10000,10000,0.5,722,31260913,31760913,1031760913,2031260913,3031260913,0.28876517652392103,1.3426743066319804,1.3192768429714254,0.04709485899384529,1.8027742936896691,-0.05468888214143188,0.05912729780060109,1.740491388400651,2.220446049250313e-16,6.555793223839146e-07,5054,0.005,1,1,1.1499342918395996,1.0,0.1499342918395996,0.1499342918395996,-1.2467894554138184,-1.0,-0.24678945541381836,0.24678945541381836,0.26229476572064164,0.678010322935082,0.7808720512605425,0.6791689991950989,34c5bd7d0323a2d9cab24dbaad9104b26d77c8fed8303d4b3f9eeee556b33526
1,linear,9,1000,800,200,10000,10000,0.5,723,31260913,31760913,1031760913,2031260913,3031260913,0.2892627444233478,1.3996719045084618,1.3616003138028454,0.04550658398370251,1.9590814402703447,-0.07531630485301972,0.0751439237805949,1.8539554145480073,-4.440892098500626e-16,6.471884717029752e-07,5061,0.005,1,1,1.1541788578033447,1.0,0.15417885780334473,0.15417885780334473,-1.2447484731674194,-1.0,-0.24474847316741943,0.24474847316741943,0.2767622989788816,0.6923539825920025,0.7935799949622863,0.6940417885780334,53a39053673cb5794dc3754a64f0123a558d8f37cfe28a1a8ffe58fbb0f7e2e4
1,linear,9,1000,800,200,10000,10000,0.5,724,31260913,31760913,1031760913,2031260913,3031260913,0.2917886782888955,1.324970121591591,1.3036595120607313,0.045941439171858146,1.7555458231104355,-0.050979569447935115,0.05659720222872894,1.6995281233864237,2.220446049250313e-16,5.747084141916048e-07,5068,0.005,1,1,1.156349539756775,1.0,0.1563495397567749,0.1563495397567749,-1.2463644742965698,-1.0,-0.24636447429656982,0.24636447429656982,0.2701596985204571,0.6780461427793196,0.7780909445206441,0.677132248878479,5e6acc4a36c86dea9223ec31d2ec7bc98ab450ed7bca0801b22d4af9742f1d64
1,linear,9,1000,800,200,10000,10000,0.5,725,31260913,31760913,1031760913,2031260913,3031260913,0.2930374476941418,1.3492657685524405,1.3359092236793106,0.04474459175776148,1.820518114187408,-0.04030462601685554,0.04321603159532673,1.7846534539114582,-2.220446049250313e-16,5.677841237172743e-07,5075,0.005,1,1,1.1606305837631226,1.0,0.16063058376312256,0.16063058376312256,-1.2450892925262451,-1.0,-0.24508929252624512,0.24508929252624512,0.2696386174366443,0.6939106579752868,0.7853784905240802,0.6968414187431335,649f6c2b7e6ab08d7d37c3417da8916cc861027f3386f5c50c5a6207e5d79f3c
1,linear,9,1000,800,200,10000,10000,0.5,726,31260913,31760913,1031760913,2031260913,3031260913,0.29502383030495605,1.3234729097962372,1.307987729041681,0.04563144390161177,1.7515805429645188,-0.04319004377125809,0.04806338271376687,1.7108318993236142,0.0,6.295486727481148e-07,5082,0.005,1,1,1.1610898971557617,1.0,0.16108989715576172,0.16108989715576172,-1.247162103652954,-1.0,-0.2471621036529541,0.2471621036529541,0.2614280365762104,0.6800033928565082,0.7786282894764835,0.679340124130249,6eead12682f57198c58c1bdeb9df44f7df41ed1955d23b3ae32fafe78660553b
1,linear,9,1000,800,200,10000,10000,0.5,727,31260913,31760913,1031760913,2031260913,3031260913,0.296095520581177,1.3512918368353672,1.327683812113109,0.046373141466676496,1.8259896282979007,-0.05480923240868982,0.05854552685383858,1.7627443049471971,-4.440892098500626e-16,6.504000911178309e-07,5089,0.005,1,1,1.1607532501220703,1.0,0.1607532501220703,0.1607532501220703,-1.248658299446106,-1.0,-0.24865829944610596,0.24865829944610596,0.26521448841463124,0.6901558657822315,0.7843393193036747,0.6915281414985657,f1bfdd4e36113e7552e19a6206d2f26d267ce92b5ebd2df45629a405cf7cea84
1,linear,9,1000,800,200,10000,10000,0.5,728,31260913,31760913,1031760913,2031260913,3031260913,0.2949974781966455,1.3208868417254278,1.3041905199539487,0.048270466414083085,1.7447420486433756,-0.04604980135985386,0.0513658448818782,1.700912912337751,0.0,5.854330620280734e-07,5096,0.005,1,1,1.155129075050354,1.0,0.155129075050354,0.155129075050354,-1.250915288925171,-1.0,-0.2509152889251709,0.2509152889251709,0.2717183991938635,0.6865109868632382,0.7784155564958359,0.6894422769546509,1458b553e8c4454e630906bd0dad4efc82157e71f1dd31af213571898180219c
1,linear,9,1000,800,200,10000,10000,0.5,729,31260913,31760913,1031760913,2031260913,3031260913,0.29566119311751915,1.3547731524321966,1.3547260296718626,0.049668897837081734,1.835410294551072,-0.024898288458832723,0.02641617239145246,1.8352826154704882,-2.220446049250313e-16,6.422555678398112e-07,5103,0.005,1,1,1.1528544425964355,1.0,0.15285444259643555,0.15285444259643555,-1.2530831098556519,-1.0,-0.25308310985565186,0.25308310985565186,0.288388552557293,0.6983930082009746,0.7931505276693752,0.697721540927887,9d097ff9aae4da4d0b3523e6e20d20e9ffb0926edab15d057ece2138794ee8e0
1,linear,9,1000,800,200,10000,10000,0.5,730,31260913,31760913,1031760913,2031260913,3031260913,0.2978610594548473,1.3014733598492414,1.3020650722528984,0.050288624277733764,1.693832906397273,-0.02437403914703067,0.02794993206419219,1.6953734523809454,-2.220446049250313e-16,6.04808283455327e-07,5110,0.005,1,1,1.154260516166687,1.0,0.154260516166687,0.154260516166687,-1.2548036575317383,-1.0,-0.2548036575317383,0.2548036575317383,0.2896250322813723,0.6892603849440753,0.7792070210760198,0.6884755492210388,24771f4b8ef806603698bac8f8e3f7cea4892df7f7b6c3d94ebfde9fcd9b0ef0
1,linear,9,1000,800,200,10000,10000,0.5,731,31260913,31760913,1031760913,2031260913,3031260913,0.29575211168899146,1.3508551860665798,1.3364132849429173,0.048631486792145656,1.8248097337229738,-0.04372037617160016,0.046673870194421,1.786000468171919,0.0,6.338131264271851e-07,5117,0.005,1,1,1.1552727222442627,1.0,0.1552727222442627,0.1552727222442627,-1.251713514328003,-1.0,-0.25171351432800293,0.25171351432800293,0.2777495573495327,0.6850038513604215,0.784424672145391,0.689051628112793,0d325665fb2f0eaf8857ac01586ecf041bd2c9008e49676dbb26f26563ff0e81
1,linear,9,1000,800,200,10000,10000,0.5,732,31260913,31760913,1031760913,2031260913,3031260913,0.2962534987735333,1.3337287741934845,1.324756592758791,0.04811192344654676,1.7788324431116547,-0.03598216825016018,0.039390546213454045,1.7549800300578813,2.220446049250313e-16,6.557654845806837e-07,5124,0.005,1,1,1.1570591926574707,1.0,0.1570591926574707,0.1570591926574707,-1.2511942386627197,-1.0,-0.2511942386627197,0.2511942386627197,0.2724308289078026,0.6859406908529199,0.7839585906776326,0.6845386028289795,ac4db2d4437512be206c5f64e55e0f82c5ba25c49fd29a1a4d3591af67184099
1,linear,9,1000,800,200,10000,10000,0.5,733,31260913,31760913,1031760913,2031260913,3031260913,0.29867257860530205,1.3286668121408647,1.3090339788474439,0.04810867198511152,1.7653554976845676,-0.049947105946254566,0.055084745297562056,1.7135699577771701,0.0,6.488673669480249e-07,5131,0.005,1,1,1.1600959300994873,1.0,0.1600959300994873,0.1600959300994873,-1.2521400451660156,-1.0,-0.2521400451660156,0.2521400451660156,0.2618933795051576,0.6750276906730934,0.7773488896259088,0.6774023771286011,3d097a4eb40266b17eed0dc507270aa159eeba1282136e665763e44410bd32f2
1,linear,9,1000,800,200,10000,10000,0.5,734,31260913,31760913,1031760913,2031260913,3031260913,0.30089426413246334,1.3403579782725823,1.3257741022918668,0.04896100350577028,1.7965595099189642,-0.043921771558464356,0.04759824801617477,1.7576769703078055,-4.440892098500626e-16,6.525138456225932e-07,5138,0.005,1,1,1.160991907119751,1.0,0.16099190711975098,0.16099190711975098,-1.2542026042938232,-1.0,-0.25420260429382324,0.25420260429382324,0.2671793353513231,0.6902086913317396,0.7827121253454797,0.6900139451026917,fb20360c63feec4ddfcba2d3d83b9d971f3fdea79ea856d72024fc0971a9222a
1,linear,9,1000,800,200,10000,10000,0.5,735,31260913,31760913,1031760913,2031260913,3031260913,0.30082665630129357,1.3441970282928257,1.3336308457990798,0.04929028968070819,1.8068656508712637,-0.03879235384260156,0.04179859352880204,1.7785712328667687,0.0,5.772336084675089e-07,5145,0.005,1,1,1.160183072090149,1.0,0.16018307209014893,0.16018307209014893,-1.2546331882476807,-1.0,-0.25463318824768066,0.25463318824768066,0.265906544822091,0.6888667141118303,0.7857835106213562,0.6903471946716309,a653649eb62ba36f9e7690fb4c411b843ad25ad3035b2317618c5c40025a2b39
1,linear,9,1000,800,200,10000,10000,0.5,736,31260913,31760913,1031760913,2031260913,3031260913,0.3008283730302803,1.3208039806814242,1.3051629989086768,0.04933759575978723,1.744523155383896,-0.04520514871169629,0.05039984144017373,1.7034504537202906,0.0,5.935926612465892e-07,5152,0.005,1,1,1.1600812673568726,1.0,0.16008126735687256,0.16008126735687256,-1.2546992301940918,-1.0,-0.2546992301940918,0.2546992301940918,0.27105609630567096,0.6786879334769926,0.777324495321202,0.6763837337493896,33d267e0ca3d55b285ef1aa546eadc8eb031c34df9f30802af061c81c394e4c3
1,linear,9,1000,800,200,10000,10000,0.5,737,31260913,31760913,1031760913,2031260913,3031260913,0.3006483889878355,1.3730197029717364,1.3445484015827578,0.04865980207655502,1.8851831047485954,-0.06301625131320075,0.06517204793708552,1.807810404198749,2.220446049250313e-16,6.603246482939085e-07,5159,0.005,1,1,1.1613478660583496,1.0,0.1613478660583496,0.1613478660583496,-1.253685474395752,-1.0,-0.25368547439575195,0.25368547439575195,0.26681939039093316,0.6854054041084922,0.789222727057574,0.6849251985549927,d1e9a38366df75e6072367a2608880ca0aaf4133286217575bd4709df5887139
1,linear,9,1000,800,200,10000,10000,0.5,738,31260913,31760913,1031760913,2031260913,3031260913,0.3012922902690228,1.3446510638994695,1.3256366404732296,0.048556919696604285,1.8080864836459754,-0.049665450388714255,0.05350025783012486,1.7573125025651508,-2.220446049250313e-16,5.393489974636623e-07,5166,0.005,1,1,1.1623793840408325,1.0,0.16237938404083252,0.16237938404083252,-1.2537912130355835,-1.0,-0.2537912130355835,0.2537912130355835,0.2652419936683078,0.6860313532526752,0.7835578113517461,0.6886839866638184,2a085214a99b304cdc3926ff44ffba5532abd52e92a84c50ed27bea8613e9552
1,linear,9,1000,800,200,10000,10000,0.5,739,31260913,31760913,1031760913,2031260913,3031260913,0.30063753500583595,1.4058720973116898,1.3582927340675108,0.047684930395964976,1.9764763539995693,-0.08960106648747039,0.08853154852650741,1.8449591514205939,4.440892098500626e-16,6.131473391235431e-07,5173,0.005,1,1,1.1634889841079712,1.0,0.1634889841079712,0.1634889841079712,-1.2522979974746704,-1.0,-0.2522979974746704,0.2522979974746704,0.2973672672076681,0.6922099220473483,0.7930550235795394,0.6928701400756836,b7e7d462ce3f889cbf2e5576b7b26ee3d89c5db23f8d3c4120bae803a2b41e88
1,linear,9,1000,800,200,10000,10000,0.5,740,31260913,31760913,1031760913,2031260913,3031260913,0.29869282375370837,1.3650403233266182,1.3308610421851879,0.049100179864198526,1.8633350843076384,-0.07062207528279617,0.07385565054760526,1.7711911136062444,-2.220446049250313e-16,5.685977377822837e-07,5180,0.005,1,1,1.1579266786575317,1.0,0.15792667865753174,0.15792667865753174,-1.2535282373428345,-1.0,-0.2535282373428345,0.2535282373428345,0.27773811339050464,0.6946091789843168,0.7856011208428344,0.6961310505867004,57a2ed4d43f3c1955356357e70f16ed854fe04e7756094124847c496bd1557b1
1,linear,9,1000,800,200,10000,10000,0.5,741,31260913,31760913,1031760913,2031260913,3031260913,0.29796714849849076,1.3359840307283575,1.3264653844512775,0.05015079352401781,1.784853330361189,-0.03774685386886565,0.041140892685238455,1.7595104161474755,0.0,6.237557741428645e-07,5187,0.005,1,1,1.1546976566314697,1.0,0.15469765663146973,0.15469765663146973,-1.2546626329421997,-1.0,-0.2546626329421997,0.2546626329421997,0.27527478735468747,0.6856353057723865,0.7856469493044982,0.6868324875831604,071e6ee6adb9eff8e9f3be0a84b37faa3d010d90a08b33f11ffe71bfa1b53e39
1,linear,9,1000,800,200,10000,10000,0.5,742,31260913,31760913,1031760913,2031260913,3031260913,0.2983325682301617,1.3416647431860693,1.3212487836356497,0.050836609222864065,1.8000642831085416,-0.05260127203636089,0.0568385614316756,1.7456983482586839,0.0,5.841995651678644e-07,5194,0.005,1,1,1.1536513566970825,1.0,0.15365135669708252,0.15365135669708252,-1.2557216882705688,-1.0,-0.25572168827056885,0.25572168827056885,0.27220906521457316,0.6757990386473083,0.7819623945934638,0.674373209476471,7239742db33b7432f22c842c5c538e3cb540ea657b7f32bd4d3c71e11676e3f0
1,linear,9,1000,800,200,10000,10000,0.5,743,31260913,31760913,1031760913,2031260913,3031260913,0.29816224591041635,1.3573500387130384,1.332475370791798,0.05115033363213261,1.842399127594287,-0.05902942372983995,0.06234790792484248,1.7754906137667397,0.0,6.27270759778753e-07,5201,0.005,1,1,1.1527481079101562,1.0,0.15274810791015625,0.15274810791015625,-1.2560639381408691,-1.0,-0.25606393814086914,0.25606393814086914,0.2734239054260488,0.6919666232383418,0.785153879482689,0.6958889365196228,a68efe2626b30b2e690e78a695481123431bc043c16c3f5894243a6479b3a9fe
1,linear,9,1000,800,200,10000,10000,0.5,744,31260913,31760913,1031760913,2031260913,3031260913,0.297807458979796,1.3471391451124501,1.3155947909869707,0.05146252905184439,1.814783876294303,-0.06772837563704812,0.0725824579680688,1.7307896540720513,2.220446049250313e-16,6.647446220142683e-07,5208,0.005,1,1,1.1516149044036865,1.0,0.15161490440368652,0.15161490440368652,-1.2563244104385376,-1.0,-0.2563244104385376,0.2563244104385376,0.2691136133452821,0.6723599689953109,0.7801711547883986,0.674808919429779,4bf009346555718f05963be2441c52fffa83d5554f22181982074906ed2da936
1,linear,9,1000,800,200,10000,10000,0.5,745,31260913,31760913,1031760913,2031260913,3031260913,0.2971070893225086,1.3760847384067632,1.3491447679072552,0.05191567358764792,1.8936092072760098,-0.06266663804606785,0.06442131751946434,1.8201916047715214,-4.440892098500626e-16,6.023845422475915e-07,5215,0.005,1,1,1.1497339010238647,1.0,0.14973390102386475,0.14973390102386475,-1.2566171884536743,-1.0,-0.2566171884536743,0.2566171884536743,0.26767566822053096,0.6793120923871799,0.7880315908257342,0.6825978755950928,fca1f57bc9b9d44720fc64ffb7affe4500244a93529fa1bc52d60de6bf48062e
1,linear,9,1000,800,200,10000,10000,0.5,746,31260913,31760913,1031760913,2031260913,3031260913,0.29718303649686956,1.3725541288762029,1.3373549805818004,0.05112875198868021,1.8839048366951123,-0.07325762229842242,0.07571715832411174,1.7885183440869477,0.0,6.174288778026948e-07,5222,0.005,1,1,1.1515566110610962,1.0,0.1515566110610962,0.1515566110610962,-1.2556332349777222,-1.0,-0.25563323497772217,0.25563323497772217,0.2710751969055053,0.6929663296842599,0.7887247494879118,0.6952406764030457,4ab17d419e3c7ab98743df2742075531dd69034ad3a8c38821e4f8b194dea26f
1,linear,9,1000,800,200,10000,10000,0.5,747,31260913,31760913,1031760913,2031260913,3031260913,0.2970520103572342,1.3722600023681761,1.3401156538209276,0.05076252070771918,1.883097514099507,-0.068975034595667,0.07133405040095643,1.795909965615892,-2.220446049250313e-16,6.007468762447843e-07,5229,0.005,1,1,1.1521960496902466,1.0,0.15219604969024658,0.15219604969024658,-1.2551004886627197,-1.0,-0.2551004886627197,0.2551004886627197,0.2681438649141787,0.6877627017975082,0.7870315529226127,0.6879709362983704,4dec1687fa6ffa15e3e6312ae7d958c4058d4626417f9d0e48217d124fd754e9
1,linear,9,1000,800,200,10000,10000,0.5,748,31260913,31760913,1031760913,2031260913,3031260913,0.2975502416103531,1.3450692607516663,1.327404959339174,0.050497462789453586,1.8092113162190344,-0.04885242646512701,0.05253771667537419,1.7620039260782339,-2.220446049250313e-16,6.374746082116189e-07,5236,0.005,1,1,1.1534087657928467,1.0,0.15340876579284668,0.15340876579284668,-1.2549546957015991,-1.0,-0.2549546957015991,0.2549546957015991,0.26700252853294726,0.6874520214052131,0.7835673752314362,0.6888924241065979,daf5e5617ca7ff62d7dea6a75756fdfc499aaeae602fafca821e8da69e33ff1c
1,linear,9,1000,800,200,10000,10000,0.5,749,31260913,31760913,1031760913,2031260913,3031260913,0.29982612814987136,1.3370921364079134,1.3183332494697917,0.05182073788553423,1.7878153812438777,-0.05081678123591579,0.055246557411543204,1.73800255665758,-2.220446049250313e-16,6.43969380931253e-07,5243,0.005,1,1,1.1533870697021484,1.0,0.15338706970214844,0.15338706970214844,-1.257620096206665,-1.0,-0.25762009620666504,0.25762009620666504,0.2637449231719939,0.6782509922700257,0.7780131523788709,0.6810512542724609,210af66a6f572ff09fb37bc5a6f7264223ed6016ae3efbb6b4b1cf81d4c260d4
1,linear,9,1000,800,200,10000,10000,0.5,750,31260913,31760913,1031760913,2031260913,3031260913,0.2989383474508257,1.343618758242081,1.3287229716324518,0.053368685438037654,1.805311367499992,-0.04658765879712824,0.05012983135369293,1.7655047353437732,-2.220446049250313e-16,5.85360275806579e-07,5250,0.005,1,1,1.1488929986953735,1.0,0.14889299869537354,0.14889299869537354,-1.259220004081726,-1.0,-0.2592200040817261,0.2592200040817261,0.2631741729545848,0.6903807557234625,0.7850227687645791,0.6932307481765747,ddfe1e3e3cd67fe126455bcec7eba43c746f3da8b19cab6a2044c37cff6708d8
1,linear,9,1000,800,200,10000,10000,0.5,751,31260913,31760913,1031760913,2031260913,3031260913,0.29689790269193106,1.3580068514512638,1.3270861733542112,0.05327183483429922,1.8441826085885746,-0.0681483659574753,0.07183135931795069,1.7611577115079236,2.220446049250313e-16,5.741767186151492e-07,5257,0.005,1,1,1.146502137184143,1.0,0.14650213718414307,0.14650213718414307,-1.2582353353500366,-1.0,-0.2582353353500366,0.2582353353500366,0.2630746275608749,0.6792462018135009,0.7831741697012718,0.6833921670913696,d3ddd2ce8f2340b140ed8b30ba32a5540c03ada5ce071a5ed77c35beb07fdae5
1,linear,9,1000,800,200,10000,10000,0.5,752,31260913,31760913,1031760913,2031260913,3031260913,0.2958992899156276,1.3985635932624696,1.352067898972201,0.05188765439282256,1.9559801243992303,-0.08989008768047572,0.08953785565955368,1.828087603431102,6.661338147750939e-16,5.943763135007885e-07,5264,0.005,1,1,1.1482607126235962,1.0,0.1482607126235962,0.1482607126235962,-1.256076455116272,-1.0,-0.256076455116272,0.256076455116272,0.28315883400774544,0.6888759822445831,0.7902925035097059,0.6943575143814087,a12c627ee2227c1c60a6e2ba87b0f1ae33207fc8e3fc73e23d6c9f4c6e268ca8
1,linear,9,1000,800,200,10000,10000,0.5,753,31260913,31760913,1031760913,2031260913,3031260913,0.2948505798496742,1.393701296984913,1.358656225614802,0.051424457996126556,1.9424033052174288,-0.07394051190584798,0.07416940747848173,1.8459467394018596,2.220446049250313e-16,6.608635327864931e-07,5271,0.005,1,1,1.147947072982788,1.0,0.14794707298278809,0.14794707298278809,-1.2550461292266846,-1.0,-0.25504612922668457,0.25504612922668457,0.2695343745714402,0.6905948008900133,0.7917281726872992,0.6913515329360962,adf0bd5671438e5f374aeb9ef5440af1c1dc4972e992bd0c45239c88da8c9bf5
1,linear,9,1000,800,200,10000,10000,0.5,754,31260913,31760913,1031760913,2031260913,3031260913,0.29531402778710386,1.3812598005820513,1.34258278835653,0.05143831710561327,1.9078786367039684,-0.07839420510919351,0.08002197394022278,1.8025285435911949,2.220446049250313e-16,6.614878564903393e-07,5278,0.005,1,1,1.148505449295044,1.0,0.14850544929504395,0.14850544929504395,-1.2552577257156372,-1.0,-0.2552577257156372,0.2552577257156372,0.27376921729240344,0.6851091445736937,0.7865270244519196,0.6860455274581909,6ca97e6ce9f81457ab24426df7053fa92aa03fbf6f072cf6e148e9085434718c
1,linear,9,1000,800,200,10000,10000,0.5,755,31260913,31760913,1031760913,2031260913,3031260913,0.29612881212036996,1.4366746178809175,1.3975239787236693,0.05138332706796284,2.0640339576632805,-0.08117200681180398,0.0767432576047204,1.953073271107635,-2.220446049250313e-16,5.960756777056986e-07,5285,0.005,1,1,1.1496609449386597,1.0,0.14966094493865967,0.14966094493865967,-1.2555266618728638,-1.0,-0.25552666187286377,0.25552666187286377,0.2758256455231429,0.6954301431684548,0.8012151653039239,0.6963839530944824,9744c1bb17809a96ad8ef4211c4bd428d3d90eef845db55d301b21d4e8457680
1,linear,9,1000,800,200,10000,10000,0.5,756,31260913,31760913,1031760913,2031260913,3031260913,0.2968281038268303,1.456792030301739,1.3962205798544511,0.05186924197541399,2.122243019550663,-0.1123401769584887,0.1033434923729593,1.9494319076091,6.661338147750939e-16,5.73011888604924e-07,5292,0.005,1,1,1.1494814157485962,1.0,0.1494814157485962,0.1494814157485962,-1.2564414739608765,-1.0,-0.25644147396087646,0.25644147396087646,0.31844231248832616,0.7008025325970845,0.8010355376127156,0.707304835319519,bc304646eecd5a774fadd357bd93c8469831da6bfe4b39f36a830ef675b1f85a
1,linear,9,1000,800,200,10000,10000,0.5,757,31260913,31760913,1031760913,2031260913,3031260913,0.2987871341908762,1.3871656431092148,1.3459764056115673,0.05287098974615476,1.9242285214226016,-0.0827235133528609,0.08368168914670274,1.8116524844630344,-2.220446049250313e-16,6.065472319960463e-07,5299,0.005,1,1,1.1497825384140015,1.0,0.14978253841400146,0.14978253841400146,-1.2585322856903076,-1.0,-0.2585322856903076,0.2585322856903076,0.27854001923639077,0.67707650405821,0.7877194025231409,0.6787595748901367,73ea541bf138a6f52e6d5d17e7c36a161f046d2b34a158a233ffcf44b9b30d3a
1,linear,9,1000,800,200,10000,10000,0.5,758,31260913,31760913,1031760913,2031260913,3031260913,0.30052988490211496,1.374653850748407,1.3414094591781545,0.05258552243667481,1.8896732093774233,-0.07143969732073477,0.07356352287216548,1.7993793371726285,-2.220446049250313e-16,5.964948961434402e-07,5306,0.005,1,1,1.152614951133728,1.0,0.15261495113372803,0.15261495113372803,-1.2588955163955688,-1.0,-0.25889551639556885,0.25889551639556885,0.2653436364524125,0.6863527835226882,0.7870378629536908,0.6859794855117798,d9d662bcdaec86cca657e08b7d2d3c806d261c1e52c424398138fc2e9bea8291
1,linear,9,1000,800,200,10000,10000,0.5,759,31260913,31760913,1031760913,2031260913,3031260913,0.30223151036121965,1.3329937080134477,1.321194949029792,0.05365264030322334,1.7768722256034408,-0.04248438628241487,0.04641771010455215,1.7455560933418346,2.220446049250313e-16,6.34966013990379e-07,5313,0.005,1,1,1.1524658203125,1.0,0.1524658203125,0.1524658203125,-1.260956048965454,-1.0,-0.2609560489654541,0.2609560489654541,0.2659104504485764,0.6914351387149418,0.7814463938550165,0.6916618943214417,d9541393c17c205d4927e6aff62df543168fedaf102f1bd613fedceb7dcb01b4
1,linear,9,1000,800,200,10000,10000,0.5,760,31260913,31760913,1031760913,2031260913,3031260913,0.3012078820839456,1.3606287934540218,1.3536941658205963,0.05298525793377601,1.851310713576147,-0.03590403846660157,0.03770846444435119,1.83248789457672,2.220446049250313e-16,6.47757417482353e-07,5320,0.005,1,1,1.1526081562042236,1.0,0.15260815620422363,0.15260815620422363,-1.2596862316131592,-1.0,-0.2596862316131592,0.2596862316131592,0.26567910504090536,0.6910069842919745,0.7915096301304823,0.6869945526123047,29083f8ba384bd95f24d720c467e7b07bd2caac19cdd9e6f6bc907884aed3475
1,linear,9,1000,800,200,10000,10000,0.5,761,31260913,31760913,1031760913,2031260913,3031260913,0.30117768282289803,1.3290127001886904,1.3201679963773139,0.05360477715820782,1.7662747572628341,-0.03851799788107548,0.042330272034548935,1.7428435386588914,4.440892098500626e-16,6.493563553533477e-07,5327,0.005,1,1,1.1512305736541748,1.0,0.1512305736541748,0.1512305736541748,-1.2604559659957886,-1.0,-0.2604559659957886,0.2604559659957886,0.2645260123490703,0.6905334434631141,0.7823687590931911,0.6935602426528931,3f7074efbca28641e0fa664412a8934cdfcd8d7ba61fa2a758c3208b25b1f8d5
1,linear,9,1000,800,200,10000,10000,0.5,762,31260913,31760913,1031760913,2031260913,3031260913,0.30041334981166223,1.3481814623841089,1.3353822578969912,0.05354518080508085,1.817593255516154,-0.04394633080758419,0.04697282676100138,1.7832457747060664,-2.220446049250313e-16,5.808568293019789e-07,5334,0.005,1,1,1.1503876447677612,1.0,0.15038764476776123,0.15038764476776123,-1.2600610256195068,-1.0,-0.26006102561950684,0.26006102561950684,0.25852639154609935,0.685726423415897,0.7861466199998131,0.6837896108627319,870aa66fc61adb3151623b454194d6597d3037b87c4031fcf506bf1b3dc24e59
1,linear,9,1000,800,200,10000,10000,0.5,763,31260913,31760913,1031760913,2031260913,3031260913,0.30028052654556325,1.3264981015723785,1.3280689810919786,0.054493658015363315,1.7595972134751239,-0.0251618264759005,0.0277404256548925,1.7637672185386861,0.0,6.48490017240988e-07,5341,0.005,1,1,1.1481690406799316,1.0,0.14816904067993164,0.14816904067993164,-1.261178731918335,-1.0,-0.26117873191833496,0.26117873191833496,0.27805544188999193,0.6989309372781637,0.78516648932865,0.7002809047698975,6456c4acc75d1a07382270285ca869832a4cce068e481b3e1bffc2c398a3dedf
1,linear,9,1000,800,200,10000,10000,0.5,764,31260913,31760913,1031760913,2031260913,3031260913,0.29920957615978744,1.306888835582805,1.3110589454803725,0.05569255105983741,1.7079584285709797,-0.02238771055335552,0.025387914969482128,1.7188755585241062,2.220446049250313e-16,6.285629439162221e-07,5348,0.005,1,1,1.144211769104004,1.0,0.1442117691040039,0.1442117691040039,-1.2621628046035767,-1.0,-0.26216280460357666,0.26216280460357666,0.2785748584565478,0.6883663752819738,0.7792551274786048,0.6922145485877991,1e805375fa82821b574f334dc20cbdc0062d38d4171d263f5740981663f2c61e
1,linear,9,1000,800,200,10000,10000,0.5,765,31260913,31760913,1031760913,2031260913,3031260913,0.2994269221416162,1.3789795873471495,1.3816243455352892,0.05477475845217732,1.901584702320115,-0.023736814298237888,0.024266311763450205,1.9088858321758162,-2.220446049250313e-16,5.611083029322117e-07,5355,0.005,1,1,1.1464711427688599,1.0,0.14647114276885986,0.14647114276885986,-1.261156439781189,-1.0,-0.26115643978118896,0.26115643978118896,0.2939150745938314,0.7027846534965182,0.7999398514317156,0.7021708488464355,f5ca307a111d510a2c21c5e9f9392988aae1655a4d9adb3a3cef6753828a1d81
1,linear,9,1000,800,200,10000,10000,0.5,766,31260913,31760913,1031760913,2031260913,3031260913,0.3008773678246019,1.347904917313591,1.3391399236165336,0.055201530721423024,1.8168476661181587,-0.039376730907943226,0.04206805138926856,1.7932957350236953,0.0,6.496748863327184e-07,5362,0.005,1,1,1.147406816482544,1.0,0.14740681648254395,0.14740681648254395,-1.2622945308685303,-1.0,-0.2622945308685303,0.2622945308685303,0.27681663997908856,0.6853431225334538,0.7874195791875657,0.6889851689338684,26cc90fc014e5f0d6d6970ac49b724cbea8a41da09d9cbe82c919db83152f1ec
1,linear,9,1000,800,200,10000,10000,0.5,767,31260913,31760913,1031760913,2031260913,3031260913,0.30308288796325733,1.3741114180075913,1.3458271388304057,0.055454454301329816,1.8881821890988333,-0.06619297789386373,0.06811250252831921,1.811250687612436,2.220446049250313e-16,5.758272099143369e-07,5369,0.005,1,1,1.1496824026107788,1.0,0.1496824026107788,0.1496824026107788,-1.2635420560836792,-1.0,-0.2635420560836792,0.2635420560836792,0.2610819742184988,0.6791128621284748,0.7881172991084415,0.6799712181091309,9de5963dd9c19000b92fa059940e650652d874204115e6b85ba735c837251e20
1,linear,9,1000,800,200,10000,10000,0.5,768,31260913,31760913,1031760913,2031260913,3031260913,0.3046701657681392,1.3454187996444578,1.3276513608822225,0.054756261667613805,1.8101517464367338,-0.051124936025965406,0.05482837309271161,1.7626581360524172,2.220446049250313e-16,6.009293507247548e-07,5376,0.005,1,1,1.1531955003738403,1.0,0.15319550037384033,0.15319550037384033,-1.2633534669876099,-1.0,-0.26335346698760986,0.26335346698760986,0.25632941044553653,0.6809925684965933,0.7847917927429604,0.6840027570724487,f7a7c62ee717127278df6829e3b3feaeb55b6da8ab7d571868bd193627646d5e
1,linear,9,1000,800,200,10000,10000,0.5,769,31260913,31760913,1031760913,2031260913,3031260913,0.3072271409021631,1.3413178682382791,1.3347366512117773,0.05506250338889479,1.7991336236552815,-0.03633709947807365,0.03919445084377303,1.7815219280880294,4.440892098500626e-16,6.209380334354364e-07,5383,0.005,1,1,1.155788540840149,1.0,0.15578854084014893,0.15578854084014893,-1.264798879623413,-1.0,-0.2647988796234131,0.2647988796234131,0.26220310515958145,0.6798895132458079,0.7857072508846161,0.6825208067893982,bfe1ea5e2c94544f12148fbd9f5a4bcb4bf3b109684a3330b749c25ffd5548da
1,linear,9,1000,800,200,10000,10000,0.5,770,31260913,31760913,1031760913,2031260913,3031260913,0.30798085452115764,1.3506799448558984,1.3605519310241236,0.05582972053236471,1.824336313435933,-0.014532238477413006,0.015458462938766225,1.8511015570134717,0.0,6.154699629945526e-07,5390,0.005,1,1,1.1551201343536377,1.0,0.1551201343536377,0.1551201343536377,-1.2660638093948364,-1.0,-0.2660638093948364,0.2660638093948364,0.28904035469274647,0.6897319942693747,0.7924386533997744,0.6887261867523193,9eaea6e5a06032be5bac40b931e8a6b9a223386949641615b7a775ec49dda732
1,linear,9,1000,800,200,10000,10000,0.5,771,31260913,31760913,1031760913,2031260913,3031260913,0.3080007468458367,1.3592268745495613,1.3383516000059956,0.054736776065841604,1.8474976964977687,-0.055524733662500624,0.05837843279926564,1.7911850052386085,-6.661338147750939e-16,6.635215132888561e-07,5397,0.005,1,1,1.1574592590332031,1.0,0.15745925903320312,0.15745925903320312,-1.2647093534469604,-1.0,-0.26470935344696045,0.26470935344696045,0.26976869754837707,0.664976274505442,0.787311625388464,0.6632696390151978,662d9b922183099deef64ccde0044552a52d8a7a9126d90e64a1ae0dffe98171
1,linear,9,1000,800,200,10000,10000,0.5,772,31260913,31760913,1031760913,2031260913,3031260913,0.30962630646956485,1.377414969804061,1.364040297282834,0.055638378949705566,1.8972719990403224,-0.04615222268929257,0.04726506982547075,1.8606059326114424,-4.440892098500626e-16,6.265717509279511e-07,5404,0.005,1,1,1.1576106548309326,1.0,0.15761065483093262,0.15761065483093262,-1.2665095329284668,-1.0,-0.2665095329284668,0.2665095329284668,0.2656187488127413,0.685743566186731,0.7922403233360547,0.6910385489463806,7a428f80b9683d9757db51769ce27749a57e7f2e79a8ae291af624cf4f5bb9c9
1,linear,9,1000,800,200,10000,10000,0.5,773,31260913,31760913,1031760913,2031260913,3031260913,0.3110003193559454,1.367974766882398,1.3413814420681334,0.055028253055726985,1.871354962826951,-0.06353952137894664,0.065967685821881,1.799304173124785,4.440892098500626e-16,6.513952381936861e-07,5411,0.005,1,1,1.1606330871582031,1.0,0.16063308715820312,0.16063308715820312,-1.2663047313690186,-1.0,-0.26630473136901855,0.26630473136901855,0.26574521858702205,0.6879251419987267,0.7889648567948608,0.6897568702697754,466f1b5d7ed37490a97f8a382eeeffd66196b0640c5d004b68349e8ed3a8a495
1,linear,9,1000,800,200,10000,10000,0.5,774,31260913,31760913,1031760913,2031260913,3031260913,0.3110383247412238,1.3901037979112134,1.3610870667679968,0.055496408482764534,1.9323885689671798,-0.06766348706341735,0.06807585733679215,1.8525580033231097,2.220446049250313e-16,6.634213729483918e-07,5418,0.005,1,1,1.1596958637237549,1.0,0.15969586372375488,0.15969586372375488,-1.2669121026992798,-1.0,-0.2669121026992798,0.2669121026992798,0.2608425695594473,0.683139725750274,0.7918136035204307,0.6851723194122314,40b3bfd2738ccb2f199f51828c0f5db848ee4144a7ee94c99699468c973b41d6
1,linear,9,1000,800,200,10000,10000,0.5,775,31260913,31760913,1031760913,2031260913,3031260913,0.3114594205651095,1.3838127112997725,1.3511738105439821,0.056493305386590885,1.9149376199548271,-0.07288012952073643,0.0739362750009766,1.8256706662999451,0.0,6.292268643903753e-07,5425,0.005,1,1,1.1581370830535889,1.0,0.15813708305358887,0.15813708305358887,-1.2683274745941162,-1.0,-0.2683274745941162,0.2683274745941162,0.2610277512467035,0.684833630084083,0.7905904921795078,0.6869171857833862,9b707825340109ddaaf14abb2bcbd55225e96e4ec00da4d799b30a54814ad2ac
1,linear,9,1000,800,200,10000,10000,0.5,776,31260913,31760913,1031760913,2031260913,3031260913,0.31296595615804496,1.3905293460831,1.3672244591371432,0.05752451165742143,1.933571862318294,-0.06089682615643092,0.06116913972861632,1.8693027216628535,-2.220446049250313e-16,6.597853285938982e-07,5432,0.005,1,1,1.157895565032959,1.0,0.15789556503295898,0.15789556503295898,-1.2702159881591797,-1.0,-0.2702159881591797,0.2702159881591797,0.26034172508516074,0.687550894663966,0.7946382910781012,0.6867214441299438,6f44415d50f5c81ef33c1e68d1a9879165fc053667422a1037cf655b108c0722
1,linear,9,1000,800,200,10000,10000,0.5,777,31260913,31760913,1031760913,2031260913,3031260913,0.31334741641203784,1.3902528882434981,1.362050512077659,0.05791673065994328,1.9328030932693885,-0.06776911323915942,0.06808503378983294,1.8551815974510129,0.0,5.810806911199506e-07,5439,0.005,1,1,1.1575647592544556,1.0,0.15756475925445557,0.15756475925445557,-1.270850419998169,-1.0,-0.27085041999816895,0.27085041999816895,0.26018969096584554,0.6916475042560095,0.7922455453316058,0.6939510703086853,350287026de5565f71b273a785c47fa21e3bb9294427876cd304aae1268fb12d
1,linear,9,1000,800,200,10000,10000,0.5,778,31260913,31760913,1031760913,2031260913,3031260913,0.31424362101114567,1.3965057701123644,1.3567061452060538,0.058242530912434747,1.950228365957128,-0.08390966621484613,0.08355577005933139,1.84065156443987,-2.220446049250313e-16,5.942571732475699e-07,5446,0.005,1,1,1.1580277681350708,1.0,0.1580277681350708,0.1580277681350708,-1.2716178894042969,-1.0,-0.2716178894042969,0.2716178894042969,0.2661610467741602,0.6787422591761119,0.7890817891841277,0.6820375919342041,1165ce42d91d798344725724d8d836385df39bfd211aa06ed7fd755e66ec1976
1,linear,9,1000,800,200,10000,10000,0.5,779,31260913,31760913,1031760913,2031260913,3031260913,0.3154477351498448,1.3852903015302769,1.3532542488216968,0.05769213474623275,1.9190292195138456,-0.07271214615305212,0.07356843289657237,1.8312970619539746,4.440892098500626e-16,6.582857690062838e-07,5453,0.005,1,1,1.1606941223144531,1.0,0.16069412231445312,0.16069412231445312,-1.2714492082595825,-1.0,-0.2714492082595825,0.2714492082595825,0.2610142559659259,0.675197381514421,0.788804282899817,0.6770251989364624,04711278c85c6ccbcc217dfeb60ce8977427c5aab9b88f68b749954aa52fe037
1,linear,9,1000,800,200,10000,10000,0.5,780,31260913,31760913,1031760913,2031260913,3031260913,0.31564759787804586,1.3910540056632201,1.3655941836411252,0.05705358488559399,1.9350312466716904,-0.06361867858140673,0.06387145524487903,1.864847474394471,0.0,5.888427434541654e-07,5460,0.005,1,1,1.1622692346572876,1.0,0.1622692346572876,0.1622692346572876,-1.2707436084747314,-1.0,-0.27074360847473145,0.27074360847473145,0.2580614330071442,0.6854950615507994,0.7933532803080856,0.6846181750297546,30aed470302d588d919fc1ee5db756496cd95e06ef3a22692e291d83eb310a69
1,linear,9,1000,800,200,10000,10000,0.5,781,31260913,31760913,1031760913,2031260913,3031260913,0.31432217099388504,1.3989531774789656,1.3585151063696344,0.05597905460830373,1.9570699927784942,-0.08374287657614955,0.08320003597017052,1.845563294234499,0.0,5.991042293373994e-07,5467,0.005,1,1,1.1628304719924927,1.0,0.16283047199249268,0.16283047199249268,-1.2688580751419067,-1.0,-0.26885807514190674,0.26885807514190674,0.2757288900469873,0.6834016343590981,0.7904583609812289,0.6879624724388123,cb72f5556a21c3282d3a8b0b746a06de193fd343c59880937ebf6be19c45cba2
1,linear,9,1000,800,200,10000,10000,0.5,782,31260913,31760913,1031760913,2031260913,3031260913,0.3137142188708976,1.3984583735203904,1.3533667240110114,0.055774701971016416,1.955685822469296,-0.0899295173900076,0.08941713376655049,1.831601489660297,2.220446049250313e-16,6.011402966521473e-07,5474,0.005,1,1,1.1624904870986938,1.0,0.16249048709869385,0.16249048709869385,-1.2683532238006592,-1.0,-0.2683532238006592,0.2683532238006592,0.27651975735612694,0.6858281124554847,0.7926273468709203,0.6873574256896973,507d141521abec7e820083a39cfab95df55a3c9efeca39be51096119cf2a20bf
1,linear,9,1000,800,200,10000,10000,0.5,783,31260913,31760913,1031760913,2031260913,3031260913,0.311995546837421,1.3927236817330997,1.3587010074249493,0.05597905655082243,1.9396792536602006,-0.07479494131672536,0.074957662776266,1.8460684275775723,0.0,6.413120559045637e-07,5481,0.005,1,1,1.1598927974700928,1.0,0.15989279747009277,0.15989279747009277,-1.2679095268249512,-1.0,-0.26790952682495117,0.26790952682495117,0.2681165975851252,0.6967240438288416,0.7935987254251479,0.6978486776351929,0f983a9953b30d4d5b98a466cdcd0a0655a008c06f4e3c4ff2106c81539bbc91
1,linear,9,1000,800,200,10000,10000,0.5,784,31260913,31760913,1031760913,2031260913,3031260913,0.3096265760130097,1.4071782374032842,1.377446932613311,0.056866307338843805,1.9801505918214137,-0.06982842349721932,0.06855949356728996,1.8973600521658192,0.0,5.83523812380804e-07,5488,0.005,1,1,1.155028223991394,1.0,0.15502822399139404,0.15502822399139404,-1.2680202722549438,-1.0,-0.26802027225494385,0.26802027225494385,0.2755682236222091,0.6861041926580254,0.7970379161598969,0.6900309324264526,eb67b61164a0fc2e80868dce473ebe5f7459369e48b3b8867aacad4394d67e2d
1,linear,9,1000,800,200,10000,10000,0.5,785,31260913,31760913,1031760913,2031260913,3031260913,0.30892745257528675,1.399883757901833,1.3638897352045263,0.05695482374397422,1.9596745356373577,-0.07821707479252957,0.07757208773011741,1.8601952097962726,0.0,6.337997131566908e-07,5495,0.005,1,1,1.1539525985717773,1.0,0.15395259857177734,0.15395259857177734,-1.2678334712982178,-1.0,-0.2678334712982178,0.2678334712982178,0.27091344500188536,0.6813602237793331,0.7921580448865875,0.6864641904830933,cb2aa00150f758288262ef0859a43b35a6bed569dc91bd09cf497d8e27323501
1,linear,9,1000,800,200,10000,10000,0.5,786,31260913,31760913,1031760913,2031260913,3031260913,0.3080998056743023,1.438957549876104,1.3797309848250556,0.05563671022304133,2.0705988303454403,-0.11128897504108161,0.10468169957438185,1.903657590486318,-6.661338147750939e-16,6.001671035704703e-07,5502,0.005,1,1,1.1556791067123413,1.0,0.1556791067123413,0.1556791067123413,-1.265874981880188,-1.0,-0.265874981880188,0.265874981880188,0.3025598360248656,0.687985724367229,0.7987920372229428,0.6890998482704163,972221b4a440910a9b181732c6fa311f3425f0e173a82a7b3ebcd73ac9b81516
1,linear,9,1000,800,200,10000,10000,0.5,787,31260913,31760913,1031760913,2031260913,3031260913,0.30654647791976464,1.3821982341573233,1.3585346213605591,0.05616693304015004,1.9104719585076229,-0.06051128705624753,0.06153777118546078,1.8456163174352775,-2.220446049250313e-16,5.988315958660451e-07,5509,0.005,1,1,1.1525825262069702,1.0,0.15258252620697021,0.15258252620697021,-1.2658746242523193,-1.0,-0.26587462425231934,0.26587462425231934,0.2763173843528693,0.6804707265883033,0.7930870354355449,0.6829384565353394,0eaa148c6641dc670c353305b4d257ae37c5e60f6127ad12eacb6bd72b861418
1,linear,9,1000,800,200,10000,10000,0.5,788,31260913,31760913,1031760913,2031260913,3031260913,0.30607148209841056,1.3701282186758543,1.3533002454653003,0.05568326778916705,1.8772513356118696,-0.05075652451229759,0.052517580701375494,1.8314215543764418,4.440892098500626e-16,5.790579393760709e-07,5516,0.005,1,1,1.1530033349990845,1.0,0.15300333499908447,0.15300333499908447,-1.2650843858718872,-1.0,-0.2650843858718872,0.2650843858718872,0.2771061266223693,0.693968433851495,0.7916002394973731,0.6944530010223389,bebe0f9db80d5ea5e8fec2aece7e4b5bb3ab5bd4e5f757ce8f5051e33240eaf2
1,linear,9,1000,800,200,10000,10000,0.5,789,31260913,31760913,1031760913,2031260913,3031260913,0.3064818757745001,1.3676112937985985,1.3460433694067298,0.0547167290669179,1.8703606509254764,-0.05662231383428617,0.05882601335693828,1.8118327523238218,-2.220446049250313e-16,6.366444456062936e-07,5523,0.005,1,1,1.15557861328125,1.0,0.15557861328125,0.15557861328125,-1.2640576362609863,-1.0,-0.26405763626098633,0.26405763626098633,0.2676608469914,0.6873236067975637,0.7878188793490898,0.6941568851470947,14aeef14ced55f5572a63fb7d8299a384e8b21537fb8a13872e5f1798d8b1c25
1,linear,9,1000,800,200,10000,10000,0.5,790,31260913,31760913,1031760913,2031260913,3031260913,0.3079522618976259,1.3510802230208847,1.328610223684728,0.054604202492852257,1.8254177690381634,-0.05740842252571667,0.06107207617256251,1.7652051264795825,0.0,5.529167523832257e-07,5530,0.005,1,1,1.1576792001724243,1.0,0.15767920017242432,0.15767920017242432,-1.2645219564437866,-1.0,-0.2645219564437866,0.2645219564437866,0.26320843703326097,0.6873777733914023,0.7829452653979859,0.6903079748153687,4a4fe8d2029a5e023b6be4f36f3a7c7747ef15624f0fa3f525d0260d71c0e77d
1,linear,9,1000,800,200,10000,10000,0.5,791,31260913,31760913,1031760913,2031260913,3031260913,0.3081676762385678,1.3460148459160313,1.3304805341021588,0.053970845321917545,1.8117559654263575,-0.04777417956175476,0.051212406110618384,1.7701784516247656,0.0,5.844017518796818e-07,5537,0.005,1,1,1.1592966318130493,1.0,0.15929663181304932,0.15929663181304932,-1.2638027667999268,-1.0,-0.26380276679992676,0.26380276679992676,0.2627872024901964,0.6801164172980898,0.7837351945200852,0.6802331805229187,e5727955ff78945ac4a954334a89478873ba6d317550244f0efba149f3ec77cb
1,linear,9,1000,800,200,10000,10000,0.5,792,31260913,31760913,1031760913,2031260913,3031260913,0.30829796362017936,1.4266865318443192,1.3930343445298552,0.05265329653837672,2.0354344601459715,-0.07377153582231263,0.07065942088511994,1.9405446850397232,2.220446049250313e-16,6.352100836437558e-07,5544,0.005,1,1,1.1622686386108398,1.0,0.16226863861083984,0.16226863861083984,-1.2621383666992188,-1.0,-0.26213836669921875,0.26213836669921875,0.2671251345227099,0.6869421113280748,0.8006196741477002,0.6889317035675049,d04a8008fac93c6f4049d1bea8ef4fb9897aea2077a9309833ead5830b0a569b
1,linear,9,1000,800,200,10000,10000,0.5,793,31260913,31760913,1031760913,2031260913,3031260913,0.30887033115145224,1.375485906014528,1.3618743015706791,0.054349610946809186,1.8919614776446065,-0.045804737656395596,0.04706825946261797,1.8547016132786251,6.661338147750939e-16,5.516921390835705e-07,5551,0.005,1,1,1.1593791246414185,1.0,0.15937912464141846,0.15937912464141846,-1.264573574066162,-1.0,-0.2645735740661621,0.2645735740661621,0.2588919602390762,0.684659065307409,0.791155463664493,0.6865830421447754,06932469e7b52afb005a614b0719b02b1916d45fe82808b01ce5009855e3c039
1,linear,9,1000,800,200,10000,10000,0.5,794,31260913,31760913,1031760913,2031260913,3031260913,0.30869498988004745,1.4008008517856907,1.366381677263649,0.0541904472950464,1.9622430263635164,-0.07471729284837013,0.07410836392514858,1.8669988879618225,0.0,5.797987920885816e-07,5558,0.005,1,1,1.15949547290802,1.0,0.15949547290802002,0.15949547290802002,-1.264298677444458,-1.0,-0.264298677444458,0.264298677444458,0.26320616972009214,0.6941297810027142,0.7936204696258464,0.6992048025131226,addf8473e5285fd17878cc79a502405202f95caf81b0f040ea7a7d2aea899a01
1,linear,9,1000,800,200,10000,10000,0.5,795,31260913,31760913,1031760913,2031260913,3031260913,0.30972901448215856,1.3660684832957897,1.3510873561188552,0.05478530508422678,1.8661431010540592,-0.04774568113702371,0.04971104699628929,1.8254370438642384,-2.220446049250313e-16,6.482569805399407e-07,5565,0.005,1,1,1.1595408916473389,1.0,0.15954089164733887,0.15954089164733887,-1.2654783725738525,-1.0,-0.26547837257385254,0.26547837257385254,0.2546054177821466,0.6859230084595254,0.7881844489531599,0.6881563663482666,211e833a85b4c73276f8109f3c2cad6e5a2e9269689827af65fe432fa8308b67
1,linear,9,1000,800,200,10000,10000,0.5,796,31260913,31760913,1031760913,2031260913,3031260913,0.30965019121023535,1.403187195858769,1.3662959678398539,0.05425325056876262,1.9689343066219953,-0.07821144272765741,0.07731506893632321,1.866764671735443,-2.220446049250313e-16,6.544561284016481e-07,5572,0.005,1,1,1.160567045211792,1.0,0.160567045211792,0.160567045211792,-1.264766812324524,-1.0,-0.2647668123245239,0.2647668123245239,0.26402346057008175,0.6912011361858393,0.7940983597499289,0.690813422203064,672baba32b69255a91e83fc1af3bcfb97194faa775cf4c231733399c441f0d3a
1,linear,9,1000,800,200,10000,10000,0.5,797,31260913,31760913,1031760913,2031260913,3031260913,0.3088230890871663,1.4001391627466957,1.3685832704175431,0.05531466797796901,1.960389675057018,-0.07134208748410495,0.07078626161680761,1.8730201680667777,6.661338147750939e-16,6.333346558307085e-07,5579,0.005,1,1,1.1572766304016113,1.0,0.15727663040161133,0.15727663040161133,-1.265773892402649,-1.0,-0.2657738924026489,0.2657738924026489,0.2580836728721601,0.6845955384180137,0.7931871896765066,0.6863390803337097,7fdcba034e28a31826e223ee07cc5f85ceb4f5805e38a080a741c1348918b5d1
1,linear,9,1000,800,200,10000,10000,0.5,798,31260913,31760913,1031760913,2031260913,3031260913,0.3093081117191995,1.438420348562112,1.3914860986855717,0.05559603625165862,2.0690530991575478,-0.09420778628700713,0.0886807941292036,1.9362335628351923,2.220446049250313e-16,6.266215528683006e-07,5586,0.005,1,1,1.157296895980835,1.0,0.15729689598083496,0.15729689598083496,-1.2663253545761108,-1.0,-0.26632535457611084,0.26632535457611084,0.28017389368834583,0.6865860764846599,0.7990645535773008,0.6850295066833496,be99475a7a0093d37747de332b193e9f9adc0ad9cb418a0fed504b09a0e4714d
1,linear,9,1000,800,200,10000,10000,0.5,799,31260913,31760913,1031760913,2031260913,3031260913,0.30925089322699206,1.443576121660946,1.4047690841030875,0.05665637729561545,2.083912019029658,-0.08359610833672318,0.07810645852777526,1.9733761796518272,0.0,5.715028805752809e-07,5593,0.005,1,1,1.1549915075302124,1.0,0.1549915075302124,0.1549915075302124,-1.2676074504852295,-1.0,-0.2676074504852295,0.2676074504852295,0.27034928306567757,0.6971559358684913,0.8046476322335433,0.7009682655334473,8ccc6002b88d42b71eba3c898b3332c1ba2e6e751308138f60f7e2c39bc2eef3
1,linear,9,1000,800,200,10000,10000,0.5,800,31260913,31760913,1031760913,2031260913,3031260913,0.3106778077451406,1.4285348599866334,1.3841758844198429,0.057061558808618705,2.0407118461970306,-0.09091526299809767,0.08667786785851911,1.915942879009454,2.220446049250313e-16,5.716153914647748e-07,5600,0.005,1,1,1.15595543384552,1.0,0.15595543384552002,0.15595543384552002,-1.26869797706604,-1.0,-0.26869797706604004,0.26869797706604004,0.2705274211193876,0.6891827257427203,0.7983707200054254,0.6930396556854248,2f16d6bc3e23bfa67c73be7ee01505218c437d06a2444f96a09e67f396e0b2a3
1,linear,9,1000,800,200,10000,10000,0.5,801,31260913,31760913,1031760913,2031260913,3031260913,0.31267749125157235,1.4189685099977862,1.3771169233385716,0.056646563649042095,2.0134716323653374,-0.08683358773444343,0.08389239600098684,1.8964510205454932,2.220446049250313e-16,5.822073028127761e-07,5607,0.005,1,1,1.1593595743179321,1.0,0.15935957431793213,0.15935957431793213,-1.2690199613571167,-1.0,-0.2690199613571167,0.2690199613571167,0.26671820470431934,0.6828171138427411,0.795845615433478,0.6864854693412781,0aa9af9a9443cb6102040b07a11a245570662954252fa1b6505dd15619f17b41
1,linear,9,1000,800,200,10000,10000,0.5,802,31260913,31760913,1031760913,2031260913,3031260913,0.3132644194851906,1.3822235134357492,1.357173433820891,0.05743362142136946,1.9105418410946666,-0.06302786652342401,0.06405350851564333,1.8419197294691882,2.220446049250313e-16,6.051613450352988e-07,5614,0.005,1,1,1.1584633588790894,1.0,0.15846335887908936,0.15846335887908936,-1.270229458808899,-1.0,-0.2702294588088989,0.2702294588088989,0.26098868618438487,0.6821352033076845,0.7919539578714688,0.6863129138946533,854c278a678c2749e758ab60c3eff153dd98a25f2c06448a33e36e14e32734aa
1,linear,9,1000,800,200,10000,10000,0.5,803,31260913,31760913,1031760913,2031260913,3031260913,0.3142217828550099,1.398924141090313,1.3765972359943983,0.05785980063890699,1.95698875252527,-0.05991430150837969,0.05947275929427899,1.8950199501474174,0.0,6.403997154791341e-07,5621,0.005,1,1,1.1587929725646973,1.0,0.15879297256469727,0.15879297256469727,-1.2711459398269653,-1.0,-0.27114593982696533,0.27114593982696533,0.2648632235989433,0.6955384353910284,0.7983899438062384,0.696297287940979,9b85133aa3dae829ec1b453ca74ea7933032495253c4484c233caee6bb706e16
1,linear,9,1000,800,200,10000,10000,0.5,804,31260913,31760913,1031760913,2031260913,3031260913,0.3156521411707187,1.3535981107077044,1.3445150095704697,0.05834528373115895,1.8322278453114669,-0.04142625904117271,0.04382402183209989,1.8077206109602801,-2.220446049250313e-16,5.753929350760245e-07,5628,0.005,1,1,1.159603476524353,1.0,0.15960347652435303,0.15960347652435303,-1.2723288536071777,-1.0,-0.27232885360717773,0.27232885360717773,0.26198857148302396,0.6815786329992946,0.787020899915739,0.6847485303878784,41297069e85c790ddbcabac4f900a0e921eba612e6cc7fb7c4b1c49d7c0ed5e8
1,linear,9,1000,800,200,10000,10000,0.5,805,31260913,31760913,1031760913,2031260913,3031260913,0.3151616403740062,1.3603943294364178,1.3643767206888497,0.058986707631789224,1.8506727315627607,-0.024067801618445225,0.02520638091218659,1.8615238359576594,0.0,6.466022508533342e-07,5635,0.005,1,1,1.1576571464538574,1.0,0.15765714645385742,0.15765714645385742,-1.2728939056396484,-1.0,-0.27289390563964844,0.27289390563964844,0.27752626397466357,0.6898470612851199,0.792224153171277,0.691985547542572,fbc06664a1bac6057872233e6a911089d0370577d8c4247048957a2d7ddc03ef
1,linear,9,1000,800,200,10000,10000,0.5,806,31260913,31760913,1031760913,2031260913,3031260913,0.3151413806639298,1.3400752010128987,1.3455638380612123,0.05929837422187206,1.7958015443697608,-0.022278938146806284,0.02401912470970314,1.8105420422980205,2.220446049250313e-16,5.861331864309705e-07,5642,0.005,1,1,1.1569889783859253,1.0,0.1569889783859253,0.1569889783859253,-1.273255467414856,-1.0,-0.27325546741485596,0.27325546741485596,0.2899169017416741,0.6997884840167284,0.7917838690595649,0.7005561590194702,cb536e5cdeb77848b517607609d82fa88497fabd3543dbb62532630766dd1fd6
1,linear,9,1000,800,200,10000,10000,0.5,807,31260913,31760913,1031760913,2031260913,3031260913,0.31417568715517435,1.3648012891493682,1.3450397663473554,0.0590218509018953,1.8626825588637774,-0.05628621835496224,0.05857947566642221,1.8091319730557482,0.0,5.611166482566432e-07,5649,0.005,1,1,1.1563295125961304,1.0,0.15632951259613037,0.15632951259613037,-1.2725205421447754,-1.0,-0.2725205421447754,0.2725205421447754,0.2636046034466241,0.678356035835894,0.786227495630197,0.6790174245834351,009ec655b4b938cacc5869c72ee6bf7221fa382a9245344b4f8f5d9739f49446
1,linear,9,1000,800,200,10000,10000,0.5,808,31260913,31760913,1031760913,2031260913,3031260913,0.3135957381615957,1.4011441937927622,1.3822159041002149,0.058503778905747095,1.9632050517991695,-0.055594012578671366,0.05499705173596852,1.9105208055475742,2.220446049250313e-16,6.162591681402318e-07,5656,0.005,1,1,1.156662940979004,1.0,0.1566629409790039,0.1566629409790039,-1.2716597318649292,-1.0,-0.2716597318649292,0.2716597318649292,0.26462933308108394,0.6925533121124218,0.7968037551801482,0.6944531798362732,2f73f854eeac1da6116d24a6079fdc1a5ddbe7b81c8edd16ee59288f73c4842d
1,linear,9,1000,800,200,10000,10000,0.5,809,31260913,31760913,1031760913,2031260913,3031260913,0.3147987221799423,1.3844322806027063,1.3736166364568718,0.059049354009201485,1.9166527395748107,-0.04443971481646128,0.044986250670864696,1.8868226639510897,0.0,5.9891268300305e-07,5663,0.005,1,1,1.1570661067962646,1.0,0.15706610679626465,0.15706610679626465,-1.2728158235549927,-1.0,-0.2728158235549927,0.2728158235549927,0.26660541847820945,0.6933984854518627,0.7936537207787668,0.6959261298179626,0afa54e849b369112b3fe2a046d90121d4342a915a1c16159cdacf28f68d4fd9
1,linear,9,1000,800,200,10000,10000,0.5,810,31260913,31760913,1031760913,2031260913,3031260913,0.31689651805711755,1.3464037600562695,1.3425971613642214,0.05997284805801064,1.8128030850936607,-0.03510439772420316,0.037489159383980765,1.802567137703265,0.0,5.945051029243587e-07,5670,0.005,1,1,1.1578384637832642,1.0,0.15783846378326416,0.15783846378326416,-1.2747915983200073,-1.0,-0.2747915983200073,0.2747915983200073,0.26618347669586123,0.6838577514429264,0.7876459574006838,0.6854065656661987,3f5dd65d7c89df9864de7e0a60fc146a176abe4997cca40d158d2f75037df4c9
1,linear,9,1000,800,200,10000,10000,0.5,811,31260913,31760913,1031760913,2031260913,3031260913,0.3160268500172016,1.3698914282429455,1.3723656379097853,0.05873526463780411,1.8766025251734972,-0.02597517284788476,0.026843037928192766,1.8833874441155316,-2.220446049250313e-16,6.005141752751797e-07,5677,0.005,1,1,1.159274935722351,1.0,0.15927493572235107,0.15927493572235107,-1.272955060005188,-1.0,-0.272955060005188,0.272955060005188,0.2733757754461954,0.692557138017784,0.7953786947083284,0.6934216618537903,2a0f70eebeb060023838c273dd451c4afb429af8a9676029cc2c5dda32222e61
1,linear,9,1000,800,200,10000,10000,0.5,812,31260913,31760913,1031760913,2031260913,3031260913,0.3147025815834682,1.342618012790785,1.33196699220308,0.057035472462185044,1.8026231282702763,-0.04276126620697089,0.0459882971961935,1.7741360683185197,0.0,6.586234526650969e-07,5684,0.005,1,1,1.1611123085021973,1.0,0.16111230850219727,0.16111230850219727,-1.2703341245651245,-1.0,-0.2703341245651245,0.2703341245651245,0.26064775139116203,0.6734710828519127,0.7828477241616986,0.6732193827629089,1eb91463986e9eb0b764897464419af5082462e87f5b606af04311cdc1a095f2
1,linear,9,1000,800,200,10000,10000,0.5,813,31260913,31760913,1031760913,2031260913,3031260913,0.3135342403609444,1.3830459209832529,1.3581283786135203,0.05575918978765599,1.9128160195484138,-0.062031258270340076,0.06302147662548388,1.8445126927953897,0.0,6.058891912630315e-07,5691,0.005,1,1,1.162295937538147,1.0,0.16229593753814697,0.16229593753814697,-1.2682605981826782,-1.0,-0.2682605981826782,0.2682605981826782,0.25512534327264136,0.6832081813069263,0.7902615770772489,0.6865746974945068,1a01dc26bca752a8ca1cd384ff65b83bd78338187dd640d2d43b34ab3f6e61c2
1,linear,9,1000,800,200,10000,10000,0.5,814,31260913,31760913,1031760913,2031260913,3031260913,0.31347250447610703,1.3880739271994942,1.358375551943245,0.05637717082166653,1.9267492273710267,-0.06897112903778897,0.06955797583113742,1.8451841401171154,2.220446049250313e-16,5.936709417397878e-07,5698,0.005,1,1,1.160927414894104,1.0,0.160927414894104,0.160927414894104,-1.2690118551254272,-1.0,-0.26901185512542725,0.26901185512542725,0.2538569137567056,0.6882085680378269,0.7907269013279623,0.6906055212020874,0c610d3f31e80d336538f248d2c27c4260177e33d0833dc8d5fc463273291686
1,linear,9,1000,800,200,10000,10000,0.5,815,31260913,31760913,1031760913,2031260913,3031260913,0.314531906203583,1.399258416016278,1.3684867981276658,0.05618097610565151,1.9579241147923832,-0.07067448712416169,0.07017954270961091,1.872756116649711,-2.220446049250313e-16,5.86398174462488e-07,5705,0.005,1,1,1.162674069404602,1.0,0.16267406940460205,0.16267406940460205,-1.2691978216171265,-1.0,-0.26919782161712646,0.26919782161712646,0.26055886129777917,0.6906342527545302,0.7944831904086637,0.692018449306488,8bfda4c399054767edf75f73d2f0e7dcdaf13ccc206718a01576a0f39e2a4f30
1,linear,9,1000,800,200,10000,10000,0.5,816,31260913,31760913,1031760913,2031260913,3031260913,0.3159127964328925,1.3842588955276862,1.3735965867422677,0.05685351740724456,1.9161726898475295,-0.04312931207238296,0.04371894495247698,1.8867675831100081,-2.220446049250313e-16,6.027032206645799e-07,5712,0.005,1,1,1.163018822669983,1.0,0.1630188226699829,0.1630188226699829,-1.2706025838851929,-1.0,-0.27060258388519287,0.27060258388519287,0.2570197949206683,0.6972029595923636,0.7939578328046313,0.7003016471862793,5640e99f1c4b687cecf6802f3a03ab46598ed941f8e95fbf08244f2ac89075a2
1,linear,9,1000,800,200,10000,10000,0.5,817,31260913,31760913,1031760913,2031260913,3031260913,0.31678079335629455,1.3907920304086496,1.3731478196246734,0.05584206089985055,1.9343024718482145,-0.05230479910403524,0.052563819605414126,1.8855349345399948,2.220446049250313e-16,6.044735769705767e-07,5719,0.005,1,1,1.1662110090255737,1.0,0.16621100902557373,0.16621100902557373,-1.2696738243103027,-1.0,-0.26967382431030273,0.26967382431030273,0.25601770059415,0.6885097264262876,0.7936535552800859,0.6922948956489563,0c3e01db4c5fb820469d566dccf5191b2295bc9912d1117c235650956fae1542
1,linear,9,1000,800,200,10000,10000,0.5,818,31260913,31760913,1031760913,2031260913,3031260913,0.3184005523144772,1.3456660801100502,1.3395278317965755,0.056154469956469236,1.8108171991587483,-0.03631842847879145,0.03890624488801507,1.7943348121576346,-2.220446049250313e-16,6.590237084935779e-07,5726,0.005,1,1,1.1675987243652344,1.0,0.16759872436523438,0.16759872436523438,-1.2707204818725586,-1.0,-0.2707204818725586,0.2707204818725586,0.2601555557324493,0.6835455281518074,0.7852454126538639,0.6836371421813965,1506bfcc928a13804f038d2bc964a9b196dcacdbd165d2a3a2cb93f16cebc717
1,linear,9,1000,800,200,10000,10000,0.5,819,31260913,31760913,1031760913,2031260913,3031260913,0.3190172576198265,1.3514692628439675,1.349003219059635,0.05611934495048963,1.8264691684120167,-0.03138941416462448,0.03334707923885034,1.819809685033258,6.661338147750939e-16,5.880891595921867e-07,5733,0.005,1,1,1.1684457063674927,1.0,0.16844570636749268,0.16844570636749268,-1.270920753479004,-1.0,-0.2709207534790039,0.2709207534790039,0.26124661294216783,0.6994477977608388,0.7878163202825648,0.6999025940895081,946d84aa68a168e7234dd79141308174d3e52ce1227c892cf22e2929db3674de
1,linear,9,1000,800,200,10000,10000,0.5,820,31260913,31760913,1031760913,2031260913,3031260913,0.31971156833194897,1.3709607616833925,1.3625417088522753,0.05629697713738113,1.8795334100755081,-0.03965523942540503,0.04096974578697325,1.8565199083620787,-4.440892098500626e-16,6.08826892900538e-07,5740,0.005,1,1,1.1689503192901611,1.0,0.16895031929016113,0.16895031929016113,-1.2714245319366455,-1.0,-0.2714245319366455,0.2714245319366455,0.25741492316677467,0.6916871043052805,0.7911213284138927,0.6915303468704224,b1185e15f4abf26730e916f700d19a2047ce0c9593cd7969179aaef7d7cf6baf
1,linear,9,1000,800,200,10000,10000,0.5,821,31260913,31760913,1031760913,2031260913,3031260913,0.3196668152116389,1.3961870954385454,1.373139884934873,0.05613632065272318,1.9493384054691218,-0.05998079126144431,0.059817050277601064,1.8855131435989565,2.220446049250313e-16,6.35676380866812e-07,5747,0.005,1,1,1.1692256927490234,1.0,0.16922569274902344,0.16922569274902344,-1.271200180053711,-1.0,-0.27120018005371094,0.27120018005371094,0.25574882568895596,0.6802684299211356,0.7942410551516318,0.6816591024398804,1fdf5d293912d78ff8fcf77f44937e61ac84c99ab80d7a4399f1937afd19560b
1,linear,9,1000,800,200,10000,10000,0.5,822,31260913,31760913,1031760913,2031260913,3031260913,0.32101418408146415,1.3905594764397855,1.3749234313251255,0.05681796303676913,1.9336556575164905,-0.050029589273200975,0.0502690302012594,1.8904144420068574,-2.220446049250313e-16,6.630511091287872e-07,5754,0.005,1,1,1.1695127487182617,1.0,0.16951274871826172,0.16951274871826172,-1.272608757019043,-1.0,-0.27260875701904297,0.27260875701904297,0.251081518639387,0.695993458080211,0.7946767022393758,0.6995108127593994,cfcd268f369e13dabf0b77293db88bc74a579535c1d256c95bb96af3bfd089d9
1,linear,9,1000,800,200,10000,10000,0.5,823,31260913,31760913,1031760913,2031260913,3031260913,0.319860001516765,1.3755427208939837,1.3537088437293363,0.056787704264990954,1.892117777004424,-0.058188923839199165,0.05971446475823748,1.8325276335910166,0.0,5.984023623284429e-07,5761,0.005,1,1,1.1681255102157593,1.0,0.16812551021575928,0.16812551021575928,-1.2721107006072998,-1.0,-0.2721107006072998,0.2721107006072998,0.24702576882649147,0.6927473924112462,0.7889300771990885,0.6965959072113037,191c1bf2e8575a6e64c59f09bf72300da86aa25e2b571de080c7e7e76af8e899
1,linear,9,1000,800,200,10000,10000,0.5,824,31260913,31760913,1031760913,2031260913,3031260913,0.3180515875461389,1.4223909614581192,1.382958473629234,0.05659032036667136,2.023196047237753,-0.08360611391076168,0.0803987517305081,1.9125741397829006,-2.220446049250313e-16,6.531878753435194e-07,5768,0.005,1,1,1.1662588119506836,1.0,0.1662588119506836,0.1662588119506836,-1.2711361646652222,-1.0,-0.27113616466522217,0.27113616466522217,0.2575952576925753,0.6897947967551008,0.7971316831113182,0.6934768557548523,79ed38ca634ca3ef4f9402540ca898e93a117ca12e48ee2747cce8de6d5e53d8
1,linear,9,1000,800,200,10000,10000,0.5,825,31260913,31760913,1031760913,2031260913,3031260913,0.3159149691412416,1.4194191026505225,1.3782055709273775,0.05736553578847233,2.0147505889692146,-0.08633276451121419,0.08332811417247182,1.8994505957352583,0.0,6.3932858118676e-07,5775,0.005,1,1,1.1619610786437988,1.0,0.16196107864379883,0.16196107864379883,-1.2712395191192627,-1.0,-0.2712395191192627,0.2712395191192627,0.2636260691936883,0.6901806737481155,0.7978797274790813,0.68950355052948,663278f5117c698d5ed7ebcee1a90972ac15b3501f7e8aa1fc0439b427dceaf1
1,linear,9,1000,800,200,10000,10000,0.5,826,31260913,31760913,1031760913,2031260913,3031260913,0.31570270019150065,1.3788776025160723,1.3728404461994481,0.05852007039239819,1.9013034427204711,-0.03756631119588469,0.03833642258553838,1.8846908907211,0.0,6.664991794025354e-07,5782,0.005,1,1,1.1593070030212402,1.0,0.15930700302124023,0.15930700302124023,-1.272560954093933,-1.0,-0.2725609540939331,0.2725609540939331,0.2572984768168881,0.694156584944042,0.7942215966456877,0.6964442729949951,227d53edd41d70ee51f16d63fe28fb17106b8e165e7d1aaae5fa5db49adc96cf
1,linear,9,1000,800,200,10000,10000,0.5,827,31260913,31760913,1031760913,2031260913,3031260913,0.3165030425140822,1.3829325214295316,1.3799123754155094,0.05947619580579449,1.9125023588274417,-0.033910195404180936,0.034392052920157457,1.904158163824874,-4.440892098500626e-16,5.711264012830952e-07,5789,0.005,1,1,1.1583563089370728,1.0,0.15835630893707275,0.15835630893707275,-1.2740391492843628,-1.0,-0.2740391492843628,0.2740391492843628,0.2663434874391683,0.6970718424089074,0.7975646785726531,0.6964147686958313,2949f137841a3d966323511998131a1c64dea92955b0a950375bc13d01cef3f6
1,linear,9,1000,800,200,10000,10000,0.5,828,31260913,31760913,1031760913,2031260913,3031260913,0.31821678856546803,1.3985109050414455,1.3730512427455392,0.05965349512567085,1.955832751519843,-0.06510826572022196,0.06460799802388657,1.88526971520507,0.0,6.567405144153327e-07,5796,0.005,1,1,1.1601712703704834,1.0,0.1601712703704834,0.1601712703704834,-1.2749674320220947,-1.0,-0.2749674320220947,0.2749674320220947,0.25289478294179246,0.6904596058725742,0.7935799711665351,0.6927443742752075,97aa845fc062f629b34d7667d71433bb3d5c11eb4f3759aa3fe03a2cb3f1744a
1,linear,9,1000,800,200,10000,10000,0.5,829,31260913,31760913,1031760913,2031260913,3031260913,0.32035714140054866,1.3950228902720245,1.3796505393790743,0.06044553335341516,1.9460888643829133,-0.05154939346367903,0.05138151982027766,1.9034356108089705,0.0,5.590785345788163e-07,5803,0.005,1,1,1.1612752676010132,1.0,0.16127526760101318,0.16127526760101318,-1.276801347732544,-1.0,-0.27680134773254395,0.27680134773254395,0.25581146456214915,0.6915761677025287,0.7968296995365998,0.6956381797790527,08e872130276f857731a641b22fb4489789879ad81954aac076bf825b54344cf
1,linear,9,1000,800,200,10000,10000,0.5,830,31260913,31760913,1031760913,2031260913,3031260913,0.32244713215945736,1.4023728000730815,1.3816104991215497,0.06051534201657829,1.9666494703848152,-0.0591586205592478,0.05836587158314778,1.9088475712828978,-2.220446049250313e-16,5.520720751661656e-07,5810,0.005,1,1,1.1637850999832153,1.0,0.16378509998321533,0.16378509998321533,-1.2777527570724487,-1.0,-0.27775275707244873,0.27775275707244873,0.2738823136423789,0.687587443863497,0.7974689391792289,0.6882823705673218,80f9d06e39e573e5db39fb8ba27ceb3669af0d5e94acb46cd3ec60ebf3c5de68
1,linear,9,1000,800,200,10000,10000,0.5,831,31260913,31760913,1031760913,2031260913,3031260913,0.3225833625871885,1.4295076403302653,1.3930244219573882,0.060688882027532955,2.0434920937626035,-0.08183196781021031,0.07778035135925677,1.9405170401697156,-4.440892098500626e-16,6.398347860425702e-07,5817,0.005,1,1,1.163606882095337,1.0,0.16360688209533691,0.16360688209533691,-1.2780158519744873,-1.0,-0.2780158519744873,0.2780158519744873,0.25998148367117324,0.684676133384335,0.8010386663729254,0.6877002716064453,961219019611494f2e5d25a27bd5aff010ad934fe2d986c7aa197f2171b88fa2
1,linear,9,1000,800,200,10000,10000,0.5,832,31260913,31760913,1031760913,2031260913,3031260913,0.32384066249720134,1.404492694913068,1.3855470314020972,0.06051887726373194,1.9725997300641724,-0.0566890155503698,0.05576557643616796,1.9197405762271642,-6.661338147750939e-16,6.335255235967452e-07,5824,0.005,1,1,1.1655423641204834,1.0,0.1655423641204834,0.1655423641204834,-1.2783316373825073,-1.0,-0.2783316373825073,0.2783316373825073,0.24529636857166293,0.6938278926546825,0.7976200755356645,0.6967369318008423,db1b61fb2d4a570516865278b76f9313d3518c6b6c03095ecc7723ffee613c61
1,linear,9,1000,800,200,10000,10000,0.5,833,31260913,31760913,1031760913,2031260913,3031260913,0.32450977629707506,1.4008596932714785,1.3767941894677342,0.060120400773819575,1.962407880232661,-0.06348302042718237,0.06277590382626543,1.8955622401521155,-4.440892098500626e-16,5.998195842238374e-07,5831,0.005,1,1,1.1671918630599976,1.0,0.16719186305999756,0.16719186305999756,-1.2781249284744263,-1.0,-0.27812492847442627,0.27812492847442627,0.2507841675459362,0.6899107200748292,0.7967907595252768,0.6902060508728027,f240cfc7f71a6799e8662dd8e28cc6312465ce460016377b3ec274bef7bd9645
1,linear,9,1000,800,200,10000,10000,0.5,834,31260913,31760913,1031760913,2031260913,3031260913,0.3275328537344256,1.4356130949285397,1.4083037188756307,0.06010886586689969,2.0609849583303004,-0.06888722979913445,0.0649544390854159,1.983319364598931,0.0,5.945306593702071e-07,5838,0.005,1,1,1.1710258722305298,1.0,0.17102587223052979,0.17102587223052979,-1.2793347835540771,-1.0,-0.27933478355407715,0.27933478355407715,0.25906970406370605,0.6967193341579306,0.8033025268138233,0.6998430490493774,d708c43c7a7a8c78062754a3be5bca2c1b10c1fe6d318565b1325d7c6133e51c
1,linear,9,1000,800,200,10000,10000,0.5,835,31260913,31760913,1031760913,2031260913,3031260913,0.331671225477867,1.4196099272974567,1.3915181676622494,0.06041018912676384,2.0152923456814906,-0.069689861937075,0.06714821682627342,1.9363228109341042,0.0,5.942792071778058e-07,5845,0.005,1,1,1.1756232976913452,1.0,0.17562329769134521,0.17562329769134521,-1.2813578844070435,-1.0,-0.28135788440704346,0.28135788440704346,0.27337884587487915,0.7019852023926301,0.801460450085282,0.7097141742706299,037a3b5159eec1a2e418edc98730b98cbe5a42ffaa50470f880a37844216aadd
1,linear,9,1000,800,200,10000,10000,0.5,836,31260913,31760913,1031760913,2031260913,3031260913,0.3325169424128338,1.439823189091297,1.4043568390239944,0.059743967951817266,2.0730908158450325,-0.08030832624169208,0.07530665464741534,1.9722181313134652,-6.661338147750939e-16,6.259084042170571e-07,5852,0.005,1,1,1.178009033203125,1.0,0.178009033203125,0.178009033203125,-1.2808563709259033,-1.0,-0.2808563709259033,0.2808563709259033,0.2718116105201439,0.6973439482623358,0.8022344088982438,0.7002549171447754,8e60e59cc00772b480689f677f01c79b45a5dd40aee6db654172b2d6e0e853ac
1,linear,9,1000,800,200,10000,10000,0.5,837,31260913,31760913,1031760913,2031260913,3031260913,0.332688357636451,1.4182358339442493,1.3794056061085649,0.05941402381428963,2.01139288068354,-0.08402353916704633,0.08115053024455897,1.9027598261637373,2.220446049250313e-16,6.380787720416947e-07,5859,0.005,1,1,1.1788809299468994,1.0,0.17888092994689941,0.17888092994689941,-1.2805051803588867,-1.0,-0.2805051803588867,0.2805051803588867,0.2616493284610353,0.6883358129750624,0.7961298095712597,0.6913379430770874,8e4c8cd1c1b06ea03bd5239a68a857f8ada3e2f18e4ce1fd70cbe19c95005532
1,linear,9,1000,800,200,10000,10000,0.5,838,31260913,31760913,1031760913,2031260913,3031260913,0.3318110833870938,1.4600527375226453,1.4179535121919666,0.058268763547613615,2.1317539963473706,-0.08971529857872525,0.08193092804480924,2.0105921627375336,0.0,5.956500519488372e-07,5866,0.005,1,1,1.180076003074646,1.0,0.180076003074646,0.180076003074646,-1.2786955833435059,-1.0,-0.27869558334350586,0.27869558334350586,0.27275172925092905,0.7022135528217077,0.8068717582246009,0.7072703838348389,ccf1e10d0d841fd78e066c08a49a81b6a5719fa87dfe22ab677f7c3f3aa158d6
1,linear,9,1000,800,200,10000,10000,0.5,839,31260913,31760913,1031760913,2031260913,3031260913,0.3306020959426922,1.431954891003291,1.3859699477333285,0.058016697651242746,2.050494809868247,-0.09379940574978235,0.08897215444665085,1.9209126960199254,2.220446049250313e-16,5.855828550949127e-07,5873,0.005,1,1,1.1790741682052612,1.0,0.17907416820526123,0.17907416820526123,-1.2779031991958618,-1.0,-0.2779031991958618,0.2779031991958618,0.2759783388541365,0.6981377334067272,0.800474084349884,0.6984443664550781,fe8dd06818f983f2ea1a0c8d3234cf716f264c79c1adf8339ac79a2fa91822aa
1,linear,9,1000,800,200,10000,10000,0.5,840,31260913,31760913,1031760913,2031260913,3031260913,0.3291936866821265,1.419091395262984,1.3802137727514494,0.05828625204105284,2.0138203881094427,-0.0835582908288529,0.08065057001389091,1.90499005849279,2.220446049250313e-16,5.980023534135626e-07,5880,0.005,1,1,1.1767724752426147,1.0,0.17677247524261475,0.17677247524261475,-1.2777048349380493,-1.0,-0.2777048349380493,0.2777048349380493,0.2609988274853585,0.6896216317816415,0.796092425828392,0.6931922435760498,7b2b6da11e0858c9c7f5a53d39738ea3dcf6df11a69eefeb2fbbeedcf66b1834
1,linear,9,1000,800,200,10000,10000,0.5,841,31260913,31760913,1031760913,2031260913,3031260913,0.3276786983283246,1.444841952031903,1.4028540571604882,0.05878471999433807,2.0875682663513597,-0.08917674032702802,0.08309606191929975,1.9679995056916422,4.440892098500626e-16,6.572359243506298e-07,5887,0.005,1,1,1.1738715171813965,1.0,0.17387151718139648,0.17387151718139648,-1.2777445316314697,-1.0,-0.2777445316314697,0.2777445316314697,0.2687141013759411,0.7030160473630204,0.8049238294410503,0.7011162042617798,8001d6315a6f33a0ab328f9bbecb26d75f74c5f962f1583339828f279b7f2edc
1,linear,9,1000,800,200,10000,10000,0.5,842,31260913,31760913,1031760913,2031260913,3031260913,0.32661208144346787,1.445821865532899,1.4091358063155315,0.058805188995737924,2.090400866853032,-0.08177116760412345,0.07609430224858564,1.9856637206405228,2.220446049250313e-16,6.274944368556135e-07,5894,0.005,1,1,1.172492265701294,1.0,0.17249226570129395,0.17249226570129395,-1.2773479223251343,-1.0,-0.2773479223251343,0.2773479223251343,0.25862171780559984,0.6998202377852748,0.8041874180196517,0.7045167088508606,34b04023ba7441b6b8cd4a098bdc5a4240ba5b3ff9fc6690f337e6685fbe2a51
1,linear,9,1000,800,200,10000,10000,0.5,843,31260913,31760913,1031760913,2031260913,3031260913,0.32456448917150404,1.4373241905099214,1.3902123843470784,0.05835589620634912,2.0659008286250007,-0.09578312561968053,0.09018036709031484,1.9326904735919885,-4.440892098500626e-16,6.502737406322012e-07,5901,0.005,1,1,1.1708307266235352,1.0,0.17083072662353516,0.17083072662353516,-1.27596914768219,-1.0,-0.27596914768218994,0.27596914768218994,0.2745331514820349,0.6960816648299353,0.7982534952839512,0.6992711424827576,5ca9a9137a2f3f7c9ea1cb51a702602971cf94e2d419a8bdae13e33eeaaff23b
1,linear,9,1000,800,200,10000,10000,0.5,844,31260913,31760913,1031760913,2031260913,3031260913,0.3223092960472559,1.3943795368346343,1.3750133545623677,0.05878154138763764,1.9442942927431694,-0.05620705445297572,0.05612074540090051,1.8906617252248554,-2.220446049250313e-16,5.680521724116261e-07,5908,0.005,1,1,1.1671279668807983,1.0,0.16712796688079834,0.16712796688079834,-1.2755930423736572,-1.0,-0.2755930423736572,0.2755930423736572,0.25340216989115083,0.6950356464113716,0.7947900827831551,0.696073055267334,028bff9e8c6de1ea65014a8607825658b61d05c26955fa8ef730e0dd5ac21832
1,linear,9,1000,800,200,10000,10000,0.5,845,31260913,31760913,1031760913,2031260913,3031260913,0.3192429751011436,1.386301575007577,1.3701647534871704,0.05890160125043451,1.9218320568684881,-0.05169110321018238,0.052193895931745574,1.8773514516985583,4.440892098500626e-16,6.435197441589935e-07,5915,0.005,1,1,1.1630101203918457,1.0,0.1630101203918457,0.1630101203918457,-1.2744882106781006,-1.0,-0.2744882106781006,0.2744882106781006,0.2512614290426737,0.6990529930055979,0.7925876736434624,0.7018082141876221,8d84f68cf6895d5025f598b1448d3baa61b77e1fe1cd1d3d8e6e3842f7d71b89
1,linear,9,1000,800,200,10000,10000,0.5,846,31260913,31760913,1031760913,2031260913,3031260913,0.3194230399509454,1.4016917635273287,1.3769252569144006,0.05794558889155387,1.9647397999403526,-0.06338111285155892,0.06267026320703419,1.8959231631287883,-2.220446049250313e-16,5.332639343436085e-07,5922,0.005,1,1,1.1651960611343384,1.0,0.16519606113433838,0.16519606113433838,-1.2733886241912842,-1.0,-0.2733886241912842,0.2733886241912842,0.2461665360146157,0.6984709339596882,0.7951706680598197,0.697464108467102,5f2968b1ed0333bc6508dde0fad062b8ce6bc4daa7d70c593172da6f8b221abc
1,linear,9,1000,800,200,10000,10000,0.5,847,31260913,31760913,1031760913,2031260913,3031260913,0.32167624207834244,1.3944097858241362,1.379970392284001,0.058496095155337026,1.9443786508021135,-0.04927823118849529,0.04920750165526543,1.9043182835804597,0.0,6.547298045944672e-07,5929,0.005,1,1,1.1669113636016846,1.0,0.16691136360168457,0.16691136360168457,-1.2749840021133423,-1.0,-0.2749840021133423,0.2749840021133423,0.24602221626093487,0.6988923697787978,0.7966287780971953,0.7020457983016968,844eeafa4b793ed716f132ba183a4d25c17651d4d430d3a4b58d2b21e1b04d7e
1,linear,9,1000,800,200,10000,10000,0.5,848,31260913,31760913,1031760913,2031260913,3031260913,0.3226207207330403,1.436082009921701,1.4010779404434628,0.05778918600528724,2.062331539220753,-0.07855066501437229,0.0741001812583078,1.9630193951972954,-2.220446049250313e-16,5.977385288957748e-07,5936,0.005,1,1,1.1695419549942017,1.0,0.16954195499420166,0.16954195499420166,-1.2744807004928589,-1.0,-0.2744807004928589,0.2744807004928589,0.25159757255190496,0.6968245755923042,0.8027447073281799,0.6986249685287476,29b6c2358a6196cc75be55cfd9bf277a4da4006261afb9a99e10282ac3f97712
1,linear,9,1000,800,200,10000,10000,0.5,849,31260913,31760913,1031760913,2031260913,3031260913,0.3233600520665505,1.434441790099024,1.4004343549829161,0.05753090964636933,2.057623249182493,-0.07696888810622297,0.07277851383545474,1.9612163826164164,2.220446049250313e-16,5.92145427802393e-07,5943,0.005,1,1,1.1709972620010376,1.0,0.1709972620010376,0.1709972620010376,-1.2744479179382324,-1.0,-0.2744479179382324,0.2744479179382324,0.25871233461240595,0.6996926248073834,0.8013570929697191,0.7048653364181519,42d71d040d47bf5c4150439717d84452886479568b7333931f7b0c4fc3b1dab7
1,linear,9,1000,800,200,10000,10000,0.5,850,31260913,31760913,1031760913,2031260913,3031260913,0.32314583525071877,1.462277856702546,1.424039469205144,0.05758874951146071,2.1382565302025918,-0.08397843492999237,0.07648848095611564,2.027888409854068,0.0,6.651975432703239e-07,5950,0.005,1,1,1.1706104278564453,1.0,0.1706104278564453,0.1706104278564453,-1.274436354637146,-1.0,-0.274436354637146,0.274436354637146,0.25886016611250806,0.7050230630654525,0.8077796054305332,0.7092779874801636,dd25bc340cb384f7c4d546585476e3c946382c22017d6c7eea63ebba1dbeb4a5
1,linear,9,1000,800,200,10000,10000,0.5,851,31260913,31760913,1031760913,2031260913,3031260913,0.32411141458835924,1.4345137738481137,1.3956418300000113,0.0573680839193727,2.0578297673599573,-0.08369086681677469,0.07913289696862745,1.9478161176457804,0.0,6.480206415915291e-07,5957,0.005,1,1,1.172271490097046,1.0,0.1722714900970459,0.1722714900970459,-1.2745373249053955,-1.0,-0.2745373249053955,0.2745373249053955,0.2573273963874632,0.6970985208025435,0.8008719289565474,0.6991019248962402,4859e652a99482b098603e238bfe72a510ed2d6f15ab08c099196cf7f769b085
1,linear,9,1000,800,200,10000,10000,0.5,852,31260913,31760913,1031760913,2031260913,3031260913,0.3255803910474709,1.4295349573957732,1.4005671422181727,0.05844677265725501,2.043570194416535,-0.07021432360630551,0.06680661926725606,1.9615883198611792,0.0,6.263531044936599e-07,5964,0.005,1,1,1.1719220876693726,1.0,0.17192208766937256,0.17192208766937256,-1.2764875888824463,-1.0,-0.2764875888824463,0.2764875888824463,0.2491822954111189,0.7070458999915978,0.8016799003263326,0.7106317281723022,7c82db93cb4356d27a06cd6e7f77143dc2f72528344d094db94b8a9f2e23275a
1,linear,9,1000,800,200,10000,10000,0.5,853,31260913,31760913,1031760913,2031260913,3031260913,0.3279137998846414,1.4004035549529004,1.3880740078381912,0.05981201266310456,1.9611301167247213,-0.047096339075923185,0.046608300545636486,1.9267494512359793,-4.440892098500626e-16,5.762264940756268e-07,5971,0.005,1,1,1.1721006631851196,1.0,0.17210066318511963,0.17210066318511963,-1.2791215181350708,-1.0,-0.2791215181350708,0.2791215181350708,0.24819928290839235,0.696665376919544,0.7982015371251844,0.6959140300750732,eed6777aa8cbac78d8b7743e0bb2ac6962ec921e427b22e4894f42922374bb67
1,linear,9,1000,800,200,10000,10000,0.5,854,31260913,31760913,1031760913,2031260913,3031260913,0.32870567736667816,1.3892552100896156,1.3752161143349586,0.05987794930460331,1.930030038761142,-0.049344313469601664,0.049594567955441926,1.8912193611265422,2.220446049250313e-16,5.671276284147098e-07,5978,0.005,1,1,1.1729635000228882,1.0,0.17296350002288818,0.17296350002288818,-1.2795193195343018,-1.0,-0.27951931953430176,0.27951931953430176,0.25423334580149354,0.699414817787941,0.796148164117098,0.6999268531799316,3bb8f29512f1bbcff9038d113175ad668850f9c37f8165e6d25e23547dd98c48
1,linear,9,1000,800,200,10000,10000,0.5,855,31260913,31760913,1031760913,2031260913,3031260913,0.33013965182526667,1.393764992315292,1.3922264483656308,0.059921610862132844,1.9425808538036458,-0.03210399056849986,0.03206387121611665,1.9382944835287788,0.0,5.844242600971938e-07,5985,0.005,1,1,1.1746762990951538,1.0,0.1746762990951538,0.1746762990951538,-1.2801434993743896,-1.0,-0.28014349937438965,0.28014349937438965,0.2649888088974759,0.6968206089200061,0.799558644355728,0.6976407766342163,dd55406cdab9c1ea06ca906d825264f17f7c39572ff64483c128726e48db5571
1,linear,9,1000,800,200,10000,10000,0.5,856,31260913,31760913,1031760913,2031260913,3031260913,0.3309084672453417,1.3750025885980133,1.3700693008936493,0.059838060009843354,1.8906321186512374,-0.03669014470493412,0.03762184636949479,1.8770898892512127,2.220446049250313e-16,6.709022066786474e-07,5992,0.005,1,1,1.175807237625122,1.0,0.17580723762512207,0.17580723762512207,-1.2803430557250977,-1.0,-0.28034305572509766,0.28034305572509766,0.2593755913037702,0.699994048167876,0.7936228541697985,0.699997067451477,e664eef6d5462ca4b34462a28bbf6b9dc8fb179495984d3ee3062a8e90cbb6d5
1,linear,9,1000,800,200,10000,10000,0.5,857,31260913,31760913,1031760913,2031260913,3031260913,0.3324887205779495,1.4116045529447252,1.3914158911235808,0.05967975127051679,1.9926274138942772,-0.058134491546782976,0.056652817408172865,1.9360381820712282,0.0,5.362677075737565e-07,5999,0.005,1,1,1.178101658821106,1.0,0.17810165882110596,0.17810165882110596,-1.2807642221450806,-1.0,-0.28076422214508057,0.28076422214508057,0.25296301804944926,0.69457685880704,0.7996557938568376,0.6958305835723877,7e1ca059a31300495551f25e00c46ecfb3ac4984471bd38534fb40088f5af831
1,linear,9,1000,800,200,10000,10000,0.5,858,31260913,31760913,1031760913,2031260913,3031260913,0.33626659212754645,1.4045052298662326,1.3846338978460384,0.061106950381472805,1.9726349407215988,-0.058265430019379144,0.057298745995517486,1.9172110310643133,-2.220446049250313e-16,5.947355514734909e-07,6006,0.005,1,1,1.18000066280365,1.0,0.1800006628036499,0.1800006628036499,-1.2840334177017212,-1.0,-0.2840334177017212,0.2840334177017212,0.26045078858197607,0.6974948702863341,0.7986934975204111,0.7036203145980835,8a4a841b62653e91cf4fc34baa42e3a2165e5a761dc1b2b424a0dacf42301b8a
1,linear,9,1000,800,200,10000,10000,0.5,859,31260913,31760913,1031760913,2031260913,3031260913,0.33820430994082085,1.4006005525901122,1.3912990416445048,0.06104249068059008,1.9616819079157275,-0.043505687657699944,0.04301692083003596,1.9357130232809177,0.0,6.59645312595103e-07,6013,0.005,1,1,1.1825494766235352,1.0,0.18254947662353516,0.18254947662353516,-1.2847065925598145,-1.0,-0.28470659255981445,0.28470659255981445,0.2502509755332337,0.7063318641347734,0.8000863231280402,0.7060022354125977,05539f5061d64ae4cacedf4a4b19186a4035f8dc081c63e6f3c057e16c74fd24
1,linear,9,1000,800,200,10000,10000,0.5,860,31260913,31760913,1031760913,2031260913,3031260913,0.3395415418078473,1.4471927448923594,1.4067066758302538,0.06059063258889234,2.094366840869082,-0.08806690081628607,0.08173423550207572,1.9788236718254026,6.661338147750939e-16,6.559765743929802e-07,6020,0.005,1,1,1.1851048469543457,1.0,0.1851048469543457,0.1851048469543457,-1.2846482992172241,-1.0,-0.2846482992172241,0.2846482992172241,0.26719238935951517,0.6995694700644745,0.8059080453048045,0.6995253562927246,19a6747fb4ef6dc1ed62b3839063d5f0a1e8183001fcc24ead30baa85c63c014
1,linear,9,1000,800,200,10000,10000,0.5,861,31260913,31760913,1031760913,2031260913,3031260913,0.3406822287469445,1.4401804460344632,1.4175822741197581,0.06120247639932336,2.074119717140025,-0.06289134482040169,0.05890571924994397,2.0095395038985453,0.0,6.587123237977721e-07,6027,0.005,1,1,1.1853275299072266,1.0,0.18532752990722656,0.18532752990722656,-1.2858637571334839,-1.0,-0.2858637571334839,0.2858637571334839,0.27358304660522464,0.7014134401962011,0.8068355216521778,0.7083206176757812,cf813fe7c3788a6165568b0a904d015076ab124fa4584921ede325fbe70ca383
1,linear,9,1000,800,200,10000,10000,0.5,862,31260913,31760913,1031760913,2031260913,3031260913,0.3395320716313171,1.430340290700724,1.407608168945691,0.05995966301850427,2.045873347201832,-0.06223612646884748,0.05910832071374513,1.981360757282641,-2.220446049250313e-16,6.56648916574909e-07,6034,0.005,1,1,1.1863336563110352,1.0,0.18633365631103516,0.18633365631103516,-1.2838340997695923,-1.0,-0.2838340997695923,0.2838340997695923,0.25654525366168096,0.7011043378459005,0.8043971381967054,0.7023067474365234,9d4455f47974fe6df817fd0279eab4361b58b84c71f29e316dbb1d443ceb43ae
1,linear,9,1000,800,200,10000,10000,0.5,863,31260913,31760913,1031760913,2031260913,3031260913,0.33610541989593756,1.3826723615476042,1.3708465934261733,0.06012851123252119,1.9117828593876285,-0.046345493956002966,0.04700565618365261,1.8792203827081444,6.661338147750939e-16,6.370515777121e-07,6041,0.005,1,1,1.1817302703857422,1.0,0.1817302703857422,0.1817302703857422,-1.2827383279800415,-1.0,-0.2827383279800415,0.2827383279800415,0.2573787137958753,0.687231977776052,0.7940660291583773,0.6868305206298828,741a65a4b9d57a9bf4447d331e5536a9613d93c29ca9e21fa776354cb1ef12aa
1,linear,9,1000,800,200,10000,10000,0.5,864,31260913,31760913,1031760913,2031260913,3031260913,0.33336366007756996,1.461919915848086,1.4306474674575813,0.05867238643921156,2.137209840353275,-0.07456502532484777,0.0679135013846025,2.046752176142791,4.440892098500626e-16,6.343909273454074e-07,6048,0.005,1,1,1.181204080581665,1.0,0.18120408058166504,0.18120408058166504,-1.2798149585723877,-1.0,-0.2798149585723877,0.2798149585723877,0.25994215186301983,0.6926648865130245,0.8101999808637654,0.6957771182060242,0ce621eb994b9fcb895eb1dc4093633eb63dcd93c2ca0ac4579fa5972e4b9023
1,linear,9,1000,800,200,10000,10000,0.5,865,31260913,31760913,1031760913,2031260913,3031260913,0.3330319599785553,1.402045557030396,1.3924087696408463,0.060432663435950065,1.9657317439886735,-0.043681112825944536,0.04311704683576576,1.938802181772735,6.661338147750939e-16,6.015231637235274e-07,6055,0.005,1,1,1.1772843599319458,1.0,0.1772843599319458,0.1772843599319458,-1.2819229364395142,-1.0,-0.28192293643951416,0.28192293643951416,0.2584632235868455,0.7060285809437162,0.8020356067025463,0.7056788802146912,c829b4392a3438c691440e9bf54b84e694ed139075ea68f94328a3b0dc053100
1,linear,9,1000,800,200,10000,10000,0.5,866,31260913,31760913,1031760913,2031260913,3031260913,0.333995720244541,1.3688468873711135,1.377062553521651,0.06015578841700761,1.873741801065586,-0.018798156585511636,0.019440694985861175,1.89630127631157,-2.220446049250313e-16,6.557690159780805e-07,6062,0.005,1,1,1.1790401935577393,1.0,0.17904019355773926,0.17904019355773926,-1.2819534540176392,-1.0,-0.28195345401763916,0.28195345401763916,0.2794015952558132,0.6977677723226798,0.79604929072339,0.695556640625,24841fa73a8d3f17196772638aeb8cca2b076964f26715fc279bfc21e222ded3
1,linear,9,1000,800,200,10000,10000,0.5,867,31260913,31760913,1031760913,2031260913,3031260913,0.3358918069611475,1.3934351964986635,1.3806626817419827,0.060066390773610236,1.9416616468412689,-0.0477492984299578,0.04770807775351198,1.9062294407549634,-2.220446049250313e-16,6.597742618907887e-07,6069,0.005,1,1,1.181586503982544,1.0,0.18158650398254395,0.18158650398254395,-1.2825767993927002,-1.0,-0.2825767993927002,0.2825767993927002,0.25380256356701525,0.6881136514066509,0.7970858994551195,0.6870554685592651,e37c74b3c3d8f93eba68d29389c27d94c31dcfab48504d9889efdfa662a32d8b
1,linear,9,1000,800,200,10000,10000,0.5,868,31260913,31760913,1031760913,2031260913,3031260913,0.3365224961192142,1.397189711574526,1.3918600467843176,0.060828542543962,1.9521390901297069,-0.0378466214196127,0.03760281169483483,1.937274389834443,-4.440892098500626e-16,5.795204476299887e-07,6076,0.005,1,1,1.180869221687317,1.0,0.1808692216873169,0.1808692216873169,-1.2837846279144287,-1.0,-0.2837846279144287,0.2837846279144287,0.2596762048022531,0.6961217583197322,0.8005214444088359,0.6993727684020996,c4c8db60190981be2226df4b213324a6e13755c2deb5b3d66694085d711e1dc2
1,linear,9,1000,800,200,10000,10000,0.5,869,31260913,31760913,1031760913,2031260913,3031260913,0.334362813992645,1.4360507928544977,1.4093195502163,0.06037753960605012,2.0622418796580315,-0.06821891232110378,0.06427804410152384,1.9861815946218744,4.440892098500626e-16,6.396793921226163e-07,6083,0.005,1,1,1.1790597438812256,1.0,0.17905974388122559,0.17905974388122559,-1.2823758125305176,-1.0,-0.2823758125305176,0.2823758125305176,0.25523372954069723,0.6972321257018271,0.8068142456703294,0.6954892873764038,2ba0bc7fb212961e69e568a870239d574aa34412fb577c43150b3974afb993f3
1,linear,9,1000,800,200,10000,10000,0.5,870,31260913,31760913,1031760913,2031260913,3031260913,0.33381097482791555,1.412322142627303,1.3973063208939265,0.06116216610832757,1.994653834555376,-0.05167552312679144,0.05027251768651321,1.952464954410121,4.440892098500626e-16,5.994119227636929e-07,6090,0.005,1,1,1.1768156290054321,1.0,0.17681562900543213,0.17681562900543213,-1.283136010169983,-1.0,-0.2831360101699829,0.2831360101699829,0.24367423707179384,0.6985071836760229,0.8024985024163344,0.7008135318756104,b4c57533ab961abdc821cfe02cc3c3627afc1737db53c8117b5bf22f32920497
1,linear,9,1000,800,200,10000,10000,0.5,871,31260913,31760913,1031760913,2031260913,3031260913,0.33354552859107,1.4448518582456573,1.4148709099825645,0.05976866727090992,2.087596892275929,-0.07275293381597428,0.06776017571160767,2.00185969191489,-8.881784197001252e-16,6.501912217515837e-07,6097,0.005,1,1,1.179246187210083,1.0,0.179246187210083,0.179246187210083,-1.2812888622283936,-1.0,-0.28128886222839355,0.28128886222839355,0.24938156220640756,0.6980142134339343,0.8075241443050866,0.6990659236907959,a5cd97202887d3f175171ac39a326cf6c4c09143bba60a5ac275ea075c98ebeb
1,linear,9,1000,800,200,10000,10000,0.5,872,31260913,31760913,1031760913,2031260913,3031260913,0.3368499626410277,1.4043694899803383,1.3842845134507413,0.06016917426107552,1.9722536643876352,-0.05808961223457743,0.05716292016596236,1.9162436141795558,-2.220446049250313e-16,6.555812799291516e-07,6104,0.005,1,1,1.1825790405273438,1.0,0.18257904052734375,0.18257904052734375,-1.283077359199524,-1.0,-0.2830773591995239,0.2830773591995239,0.2601657310492716,0.7028636036873905,0.8008536709528724,0.7029997110366821,19659c3c0ae2753d1d197dd76f2c7c5ecb52063d56ef5b602a99edf3f45d0f53
1,linear,9,1000,800,200,10000,10000,0.5,873,31260913,31760913,1031760913,2031260913,3031260913,0.33911070441354113,1.4163444451999203,1.4014841090048147,0.061002319708142315,2.0060315874486703,-0.0514380996818967,0.0497699621702378,1.9641577077930192,0.0,6.194190564912105e-07,6111,0.005,1,1,1.1837596893310547,1.0,0.1837596893310547,0.1837596893310547,-1.285006046295166,-1.0,-0.285006046295166,0.285006046295166,0.24878331171996315,0.7043836088910438,0.800896843397155,0.7102627754211426,7abc6e56a7a55a50c2f56d5c8bda85e827210408301ed935e9424fd3b4545874
1,linear,9,1000,800,200,10000,10000,0.5,874,31260913,31760913,1031760913,2031260913,3031260913,0.34028538607156217,1.4133244021649352,1.4082296207562557,0.06162715672845534,1.9974858657548713,-0.0380011788540095,0.03691024090380372,1.9831106647753076,0.0,5.899570147960276e-07,6118,0.005,1,1,1.1840025186538696,1.0,0.18400251865386963,0.18400251865386963,-1.2862467765808105,-1.0,-0.28624677658081055,0.28624677658081055,0.25510554504478805,0.7097478828060746,0.8068566710527022,0.7141534686088562,00d0910291e1305df0b156ccadb334b8fd5a44174cac7974389fd31f5dd9da99
1,linear,9,1000,800,200,10000,10000,0.5,875,31260913,31760913,1031760913,2031260913,3031260913,0.3410150543179139,1.452732365280011,1.4177875754286158,0.0600392973929949,2.1104313251320552,-0.0801745067426484,0.07387753228318397,2.010121609039753,0.0,6.595855328583866e-07,6125,0.005,1,1,1.188021183013916,1.0,0.18802118301391602,0.18802118301391602,-1.2844983339309692,-1.0,-0.28449833393096924,0.28449833393096924,0.26320907493630497,0.7042760798006111,0.8113423020415919,0.7013658285140991,03e29c9bc53ca894319e9b1c3bb1b3b2b5b6090e190bef2612a0d5860d845467
1,linear,9,1000,800,200,10000,10000,0.5,876,31260913,31760913,1031760913,2031260913,3031260913,0.34210992625009606,1.427128317659877,1.3872448874740435,0.06058266051942025,2.036695235066711,-0.08641475888162976,0.08240658909674842,1.9244483778228714,-2.220446049250313e-16,5.846872355164123e-07,6132,0.005,1,1,1.1883171796798706,1.0,0.1883171796798706,0.1883171796798706,-1.2856148481369019,-1.0,-0.28561484813690186,0.28561484813690186,0.2706287651673955,0.697653693697296,0.7981627319032515,0.706477165222168,b5ac67a5e98e24ba27e02cf434bf7246482923552ff399746e368046808211b5
1,linear,9,1000,800,200,10000,10000,0.5,877,31260913,31760913,1031760913,2031260913,3031260913,0.3438228854329712,1.4335607936800074,1.408685758136946,0.06066017544849508,2.0550965491764526,-0.0656805797235426,0.06208708114604769,1.9843955651778626,0.0,6.505160534686638e-07,6139,0.005,1,1,1.1902942657470703,1.0,0.1902942657470703,0.1902942657470703,-1.2863603830337524,-1.0,-0.28636038303375244,0.28636038303375244,0.2544524284332158,0.7053352840899705,0.807857378283515,0.7068204879760742,bf948dab702b8e071d136835d3a208cd80841928185a07d5338cf419ff76d0f1
1,linear,9,1000,800,200,10000,10000,0.5,878,31260913,31760913,1031760913,2031260913,3031260913,0.3459646942785463,1.4286666072547738,1.4102155199216957,0.06253742587007251,2.041088274684866,-0.057458943963460275,0.05462848637787849,1.9887078126280182,2.220446049250313e-16,6.510208532262141e-07,6146,0.005,1,1,1.189314842224121,1.0,0.1893148422241211,0.1893148422241211,-1.2895711660385132,-1.0,-0.2895711660385132,0.2895711660385132,0.25953864436304314,0.6872348679779315,0.8060043997049997,0.6833462119102478,9cfaae5a83ef45b26a0c6fcff988f42c5e2ec81770b0b5543b044587aa23d7ef
1,linear,9,1000,800,200,10000,10000,0.5,879,31260913,31760913,1031760913,2031260913,3031260913,0.34568512722526507,1.4490827496870455,1.4288635967654457,0.06253002102617002,2.0998408154405688,-0.060359829152626276,0.05582745395443158,2.0416511781614863,0.0,6.32012213230837e-07,6153,0.005,1,1,1.188981056213379,1.0,0.1889810562133789,0.1889810562133789,-1.2894552946090698,-1.0,-0.2894552946090698,0.2894552946090698,0.24938147336171226,0.7098019036352542,0.8125981433518946,0.7118157148361206,9538b69dbc2d29352a17e050eba23537c20e61e87c63208ea7f4616a567598c7
1,linear,9,1000,800,200,10000,10000,0.5,880,31260913,31760913,1031760913,2031260913,3031260913,0.3426359386423249,1.4440874987620427,1.416554457880264,0.06258486905785628,2.0853887040808123,-0.0706735204991101,0.06580483240847357,2.0066265321404484,0.0,5.933809763547515e-07,6160,0.005,1,1,1.1850730180740356,1.0,0.18507301807403564,0.18507301807403564,-1.2883528470993042,-1.0,-0.2883528470993042,0.2883528470993042,0.25841231121810077,0.7103152262573359,0.8060306150594133,0.7165760397911072,ad6f21154f77a17311bc4243ee27acdcf9f792854d49c088f0ab3f9c3f054888
1,linear,9,1000,800,200,10000,10000,0.5,881,31260913,31760913,1031760913,2031260913,3031260913,0.341864428514607,1.4431331217886845,1.4085796602960081,0.06294674974785242,2.082633207203554,-0.0807416487758942,0.07526323921352968,1.9840966593996179,0.0,6.551762545825568e-07,6167,0.005,1,1,1.1834073066711426,1.0,0.18340730667114258,0.18340730667114258,-1.2885013818740845,-1.0,-0.2885013818740845,0.2885013818740845,0.2559718512402462,0.710921350144389,0.8082105609932817,0.7115325927734375,4c4edb09f0778291a64d8b2cb778a6e390adbf5bf58717f021ab9195aa3906db
1,linear,9,1000,800,200,10000,10000,0.5,882,31260913,31760913,1031760913,2031260913,3031260913,0.34249664840737065,1.440650224555596,1.4203312650740534,0.06446910675406341,2.0754730695120895,-0.061300636859646304,0.057291862873235046,2.0173409025468607,4.440892098500626e-16,6.288911258423013e-07,6174,0.005,1,1,1.1812570095062256,1.0,0.18125700950622559,0.18125700950622559,-1.2906025648117065,-1.0,-0.29060256481170654,0.29060256481170654,0.24693693476710732,0.7078438650289476,0.8081373998760126,0.7129200100898743,4744fd2d9850c1a0096b3a28fa9c12049fd8bc0442e321e9ce9d0d7732fe11a0
1,linear,9,1000,800,200,10000,10000,0.5,883,31260913,31760913,1031760913,2031260913,3031260913,0.34104811325309603,1.4114444447603203,1.4023398117811343,0.06562291286666706,1.9921754206447688,-0.04562069290254459,0.04433932340172251,1.9665569477063474,6.661338147750939e-16,6.494005813095782e-07,6181,0.005,1,1,1.1772146224975586,1.0,0.1772146224975586,0.1772146224975586,-1.291391134262085,-1.0,-0.29139113426208496,0.29139113426208496,0.24586510971866118,0.7079227143235187,0.8050483841378178,0.7093686461448669,254ebe70f34e3dd09f1f492114806a3ae1248a762d3c27e94c8d0efa17f822ba
1,linear,9,1000,800,200,10000,10000,0.5,884,31260913,31760913,1031760913,2031260913,3031260913,0.34029020478029715,1.4138731317279076,1.398633042390395,0.06590172524086449,1.9990372326220816,-0.054382285298366875,0.052672051240341154,1.9561743872662125,2.220446049250313e-16,6.462274999563533e-07,6188,0.005,1,1,1.175722360610962,1.0,0.17572236061096191,0.17572236061096191,-1.2914087772369385,-1.0,-0.2914087772369385,0.2914087772369385,0.24498221726555677,0.705536058691689,0.8038803629037214,0.7062238454818726,bb506761f724058734b641a9a811705913bfc4e38fa01f5e7e6e11cadb7514a9
1,linear,9,1000,800,200,10000,10000,0.5,885,31260913,31760913,1031760913,2031260913,3031260913,0.3403552480169662,1.408031707154279,1.4263577375343375,0.06624159647326729,1.9825532883517931,-0.007149244700493226,0.006978975546499059,2.034496395424074,0.0,6.485366199626696e-07,6195,0.005,1,1,1.1751506328582764,1.0,0.17515063285827637,0.17515063285827637,-1.2918286323547363,-1.0,-0.29182863235473633,0.29182863235473633,0.2920866048604722,0.7267552696451088,0.8126202184615142,0.7239291667938232,f73b7b4332ebcee847fc095be33dba96b0dd3d998b3a32b85ff47fa880296276
1,linear,9,1000,800,200,10000,10000,0.5,886,31260913,31760913,1031760913,2031260913,3031260913,0.3400037418932111,1.3755936902440677,1.386155434687443,0.06666127437967563,1.8922580006392924,-0.01874619295271709,0.019139321555285194,1.921426889113534,0.0,6.262110012755784e-07,6202,0.005,1,1,1.1738996505737305,1.0,0.17389965057373047,0.17389965057373047,-1.292166829109192,-1.0,-0.2921668291091919,0.2921668291091919,0.2830508177881977,0.7163726294021534,0.8018779741731852,0.7177945971488953,d75b8507a712640245bac72b179acc2b60a87f4f526a0a6f2f7de97d8abc3366
1,linear,9,1000,800,200,10000,10000,0.5,887,31260913,31760913,1031760913,2031260913,3031260913,0.3382338832082438,1.4197551482239759,1.416083515315976,0.06608188097679299,2.0157046809084838,-0.03824701976781237,0.0367444198824837,2.0052925223496523,4.440892098500626e-16,5.552038757627997e-07,6209,0.005,1,1,1.1727765798568726,1.0,0.17277657985687256,0.17277657985687256,-1.2907755374908447,-1.0,-0.2907755374908447,0.2907755374908447,0.27491783315048823,0.7123606789597828,0.8086669513369051,0.7141871452331543,5e92dc062710965e969cecbe15b0070de6ff8426fbc412d671bd42ffa5883316
1,linear,9,1000,800,200,10000,10000,0.5,888,31260913,31760913,1031760913,2031260913,3031260913,0.33672869224518814,1.4780480390021675,1.4395307759372877,0.06467556063383222,2.1846260055981532,-0.08852635568068763,0.07871452810926227,2.07224885487061,0.0,5.797414637243037e-07,6216,0.005,1,1,1.173599123954773,1.0,0.17359912395477295,0.17359912395477295,-1.2885299921035767,-1.0,-0.28852999210357666,0.28852999210357666,0.2577828965552695,0.7041392486317775,0.8161721029532293,0.7101418972015381,76954934a76c5c2b48c9ccba05485f7908cb1a06ccc873a02e59dbbeb7dcbc18
1,linear,9,1000,800,200,10000,10000,0.5,889,31260913,31760913,1031760913,2031260913,3031260913,0.339652436512282,1.442644069392999,1.409350859479415,0.06576549453797499,2.0812219109547923,-0.08035878018870092,0.07485724413949911,1.9862698451153658,4.440892098500626e-16,5.947706380737827e-07,6223,0.005,1,1,1.1751798391342163,1.0,0.1751798391342163,0.1751798391342163,-1.2909910678863525,-1.0,-0.29099106788635254,0.29099106788635254,0.25179063784356864,0.6983360887424811,0.8067418264203732,0.698966383934021,a885d6e9fda7fe52ee3c0b677fe8ae0c87fa9e564cf7c2b148923965d577407a
1,linear,9,1000,800,200,10000,10000,0.5,890,31260913,31760913,1031760913,2031260913,3031260913,0.34093237346762323,1.4400140961646484,1.4173574979368595,0.06710885465245933,2.073640597152889,-0.0659235874237569,0.06158926012398309,2.008902276957835,4.440892098500626e-16,5.935854421323938e-07,6230,0.005,1,1,1.1742156744003296,1.0,0.1742156744003296,0.1742156744003296,-1.2930593490600586,-1.0,-0.2930593490600586,0.2930593490600586,0.2533505996754753,0.7041261822074786,0.8089367255548258,0.7054927945137024,265567b0200b888be7171821f3482b53dcee15aa9cf0e0bea35ab6627a1f7fab
1,linear,9,1000,800,200,10000,10000,0.5,891,31260913,31760913,1031760913,2031260913,3031260913,0.3409376735843289,1.4572585641324187,1.416986277302008,0.06611035078149642,2.123602522737279,-0.09093138172828587,0.08305324668632287,2.0078501100622037,4.440892098500626e-16,6.476812934863574e-07,6237,0.005,1,1,1.176138162612915,1.0,0.17613816261291504,0.17613816261291504,-1.2919141054153442,-1.0,-0.29191410541534424,0.29191410541534424,0.2593691707938946,0.695418143152404,0.8072405753665551,0.7010562419891357,693dcb71525d12f24a12f025c9ea8de517f5f971d64ac34f87aea31ee6a7da70
1,linear,9,1000,800,200,10000,10000,0.5,892,31260913,31760913,1031760913,2031260913,3031260913,0.3428095858170592,1.4042298768962487,1.380310317786005,0.06576463548418904,1.9718615471680538,-0.06618480463287034,0.06496265624808763,1.9052565733865023,0.0,6.177552833719346e-07,6244,0.005,1,1,1.1791603565216064,1.0,0.17916035652160645,0.17916035652160645,-1.2922669649124146,-1.0,-0.29226696491241455,0.29226696491241455,0.256889766546024,0.7026280608395706,0.7993046587175764,0.703799307346344,f66dc0fca67fbcc2f46e17e62d025338116070bc2b4cd52847b30ec5a4ef665a
1,linear,9,1000,800,200,10000,10000,0.5,893,31260913,31760913,1031760913,2031260913,3031260913,0.3430800228043778,1.4300476356558027,1.4133665574821292,0.06559058020506411,2.0450362402447513,-0.05651089732046529,0.05354892373481895,1.9976050258088849,0.0,6.043580071946053e-07,6251,0.005,1,1,1.179834246635437,1.0,0.179834246635437,0.179834246635437,-1.2921704053878784,-1.0,-0.2921704053878784,0.2921704053878784,0.24663724329951997,0.707924271547491,0.8069936295698646,0.7075134515762329,6082a9b1cbca99964b3092769b81f305e4663fe8e9c0660ac89f84aaefae00a0
1,linear,9,1000,800,200,10000,10000,0.5,894,31260913,31760913,1031760913,2031260913,3031260913,0.3435256733725425,1.417418298829385,1.4068422648625662,0.0658740066290857,2.0090746338563883,-0.04787174114091964,0.04614257934569323,1.9792051582036352,4.440892098500626e-16,5.885735649968638e-07,6258,0.005,1,1,1.1798516511917114,1.0,0.17985165119171143,0.17985165119171143,-1.2926828861236572,-1.0,-0.2926828861236572,0.2926828861236572,0.25932522133782376,0.7074288698654282,0.8065743238179482,0.709898829460144,87b412cf048a5180e75dd1630f582c39144b8acc4d361ac0402f850fd1d95b32
1,linear,9,1000,800,200,10000,10000,0.5,895,31260913,31760913,1031760913,2031260913,3031260913,0.3438642121637147,1.4580156435771303,1.4197089291620004,0.065130212666644,2.1258096169156335,-0.08768319301998206,0.08004162582292335,2.015573443542314,0.0,6.60815828723571e-07,6265,0.005,1,1,1.1817021369934082,1.0,0.1817021369934082,0.1817021369934082,-1.2919365167617798,-1.0,-0.2919365167617798,0.2919365167617798,0.2661351261321208,0.718205536342592,0.8121699538567808,0.7196067571640015,fe776eb49668f3dbac6075911ab1340df0d0c5b80de9626009fc6b3653a8aa1b
1,linear,9,1000,800,200,10000,10000,0.5,896,31260913,31760913,1031760913,2031260913,3031260913,0.34453263257869765,1.467331845177299,1.4428791368243463,0.06423186796713917,2.153062743871417,-0.06769720417779279,0.0610628861102576,2.0819002034829706,0.0,6.480008636344792e-07,6272,0.005,1,1,1.1842644214630127,1.0,0.1842644214630127,0.1842644214630127,-1.2911174297332764,-1.0,-0.29111742973327637,0.29111742973327637,0.2628103008630984,0.7133063465036951,0.8148191685933817,0.716220498085022,f24f28d92977fb63f8e6db9a1b7eab94bebca9e075ef3d10acad50820f6597cb
1,linear,9,1000,800,200,10000,10000,0.5,897,31260913,31760913,1031760913,2031260913,3031260913,0.34441438840702826,1.4248703956609823,1.3985136625743915,0.06334918425238237,2.030255644431084,-0.06888218213811342,0.06580246777652782,1.9558404644072391,-4.440892098500626e-16,6.597229020854911e-07,6279,0.005,1,1,1.1858158111572266,1.0,0.18581581115722656,0.18581581115722656,-1.2899892330169678,-1.0,-0.2899892330169678,0.2899892330169678,0.24779445061882427,0.6959852496628807,0.8047139193828987,0.6977393627166748,bdd80fe87f39ea7200d1a2e88ca0884aa9500374c75514af65451a36743377bb
1,linear,9,1000,800,200,10000,10000,0.5,898,31260913,31760913,1031760913,2031260913,3031260913,0.34439920769096094,1.421010634113063,1.411562088798816,0.06347643283573483,2.0192712222624096,-0.04512006228203405,0.043327440241345876,1.9925075305340765,0.0,5.801722409159993e-07,6286,0.005,1,1,1.1855515241622925,1.0,0.18555152416229248,0.18555152416229248,-1.2901403903961182,-1.0,-0.29014039039611816,0.29014039039611816,0.2594528071968875,0.7065828100982157,0.8059580736961256,0.7078046798706055,ccfd70527a8aada4c9a1cb6b605ec3de6e523efd70d7552c2c9915dbc8eb6697
1,linear,9,1000,800,200,10000,10000,0.5,899,31260913,31760913,1031760913,2031260913,3031260913,0.34478534448339976,1.3844174214636318,1.3760412337607604,0.06455203694777457,1.9166115968520112,-0.04383707839497517,0.0442538694402517,1.8934894770098356,2.220446049250313e-16,6.384393405056699e-07,6293,0.005,1,1,1.1839659214019775,1.0,0.18396592140197754,0.18396592140197754,-1.291604995727539,-1.0,-0.29160499572753906,0.29160499572753906,0.26765459966708094,0.7151183019682853,0.7989151955166981,0.7174094915390015,128fa1a1d3f131ea125305cc2debdbeeb5f0d67e17b058e90ac2cc8bbbdf49c9
1,linear,9,1000,800,200,10000,10000,0.5,900,31260913,31760913,1031760913,2031260913,3031260913,0.3472233865058879,1.4254718984097,1.416939545599114,0.06477333888103391,2.031970133155754,-0.04451289807708192,0.04245907872920844,2.0077176758826236,-4.440892098500626e-16,6.390148019619346e-07,6300,0.005,1,1,1.1865923404693604,1.0,0.18659234046936035,0.18659234046936035,-1.292826533317566,-1.0,-0.2928265333175659,0.2928265333175659,0.26628717892099535,0.7091129041137583,0.8083778791612621,0.7113075256347656,47d5e4f172db66424f2256fac38242422c99f419aff2c44297cfb04778a76780
1,linear,9,1000,800,200,10000,10000,0.5,901,31260913,31760913,1031760913,2031260913,3031260913,0.34764129026321716,1.4095436749582446,1.3992333288242869,0.06458831462305402,1.9868133716147935,-0.04677388887257643,0.04560188205592932,1.9578539084926947,-2.220446049250313e-16,5.613992595243644e-07,6307,0.005,1,1,1.1874679327011108,1.0,0.18746793270111084,0.18746793270111084,-1.292763113975525,-1.0,-0.2927631139755249,0.2927631139755249,0.24587189348529118,0.69158465303238,0.8037517130924625,0.6929116249084473,a821038b7b8c953f977af544f4bc02e3c3b6e3e4783fd6fda88ab21ee99d2752
1,linear,9,1000,800,200,10000,10000,0.5,902,31260913,31760913,1031760913,2031260913,3031260913,0.348554858034505,1.437368871941952,1.4284334049606906,0.06485412465183724,2.0660292740276796,-0.04523070313596202,0.042452536975032006,2.0404219924075924,-4.440892098500626e-16,6.303481523417531e-07,6314,0.005,1,1,1.1881017684936523,1.0,0.18810176849365234,0.18810176849365234,-1.2934420108795166,-1.0,-0.2934420108795166,0.2934420108795166,0.2561267830042521,0.7100122451651248,0.8135996825973956,0.7111939191818237,78d22291133e2f3cf67835af1b2e917ad813a43a4d2481d627c6a1c40ba6671b
1,linear,9,1000,800,200,10000,10000,0.5,903,31260913,31760913,1031760913,2031260913,3031260913,0.349611374670853,1.462272071253433,1.4231172626846664,0.0649834040740333,2.138239610367805,-0.0889801355453701,0.08077269977856709,2.025262743351098,0.0,6.614373511126814e-07,6321,0.005,1,1,1.1891746520996094,1.0,0.18917465209960938,0.18917465209960938,-1.2940086126327515,-1.0,-0.29400861263275146,0.29400861263275146,0.24965734102529843,0.7029011432791056,0.8109821006427339,0.7051713466644287,2ea7963a67526265039a3c0c3f9d77329d29a17d8c3eca5f74b6ed933b58b52b
1,linear,9,1000,800,200,10000,10000,0.5,904,31260913,31760913,1031760913,2031260913,3031260913,0.3496838448668188,1.4532370880151213,1.4135249265279328,0.06598091986000008,2.111898033982669,-0.08991311796343568,0.08256943555544459,1.998052717915798,4.440892098500626e-16,6.295858359095519e-07,6328,0.005,1,1,1.1873717308044434,1.0,0.18737173080444336,0.18737173080444336,-1.2952467203140259,-1.0,-0.2952467203140259,0.2952467203140259,0.2546406670242429,0.7038884382436902,0.8089945457039778,0.711513102054596,bcac889c20c3b24632e2ea3a3ee840155afc4715fec40f2881ace27fb69d3b80
1,linear,9,1000,800,200,10000,10000,0.5,905,31260913,31760913,1031760913,2031260913,3031260913,0.3516392588008571,1.4273841526310467,1.4013286651393075,0.06850109764891717,2.0374255191822512,-0.0711022945450276,0.06752589950357976,1.9637220277411136,2.220446049250313e-16,6.471321114531747e-07,6335,0.005,1,1,1.185075283050537,1.0,0.1850752830505371,0.1850752830505371,-1.2989938259124756,-1.0,-0.2989938259124756,0.2989938259124756,0.24970641557907677,0.6999173717635333,0.8045133863251159,0.6995346546173096,43322cf3066946ddd9fa84ea40db35539825d57d91210dd5e9d8aa70837bd981
1,linear,9,1000,800,200,10000,10000,0.5,906,31260913,31760913,1031760913,2031260913,3031260913,0.352379753831733,1.456916809675256,1.4253981771137099,0.06936683875229745,2.122606590314326,-0.08010673287376814,0.0730909707312272,2.0317599633190873,0.0,5.770562605533769e-07,6342,0.005,1,1,1.1843875646591187,1.0,0.18438756465911865,0.18438756465911865,-1.3002877235412598,-1.0,-0.30028772354125977,0.30028772354125977,0.25034203651770404,0.7089011688175089,0.8114201547875173,0.7117291688919067,39e5227ed94ea2476fbdacf030f85a07477bffabdbf90b8e00731894000e85bd
1,linear,9,1000,800,200,10000,10000,0.5,907,31260913,31760913,1031760913,2031260913,3031260913,0.35295703289521807,1.4659609137582228,1.4328330226707373,0.06908390666287707,2.1490414006668437,-0.0825574182369799,0.07443891286409444,2.0530104708557615,4.440892098500626e-16,5.716889006635029e-07,6349,0.005,1,1,1.1856411695480347,1.0,0.18564116954803467,0.18564116954803467,-1.3001933097839355,-1.0,-0.30019330978393555,0.30019330978393555,0.25165576834972536,0.7178367795851224,0.813990495808635,0.7234196662902832,a6eb62d5b0bf5a5f454bbd81d2a48d819de3d36c73bf797cbc811a306fe72308
1,linear,9,1000,800,200,10000,10000,0.5,908,31260913,31760913,1031760913,2031260913,3031260913,0.3526156840401832,1.5029876903467745,1.4493987472919518,0.06720099509845195,2.2589719973339317,-0.11270813189045198,0.09690434224549888,2.100756728651479,-4.440892098500626e-16,6.378967505327182e-07,6356,0.005,1,1,1.1887378692626953,1.0,0.1887378692626953,0.1887378692626953,-1.2978520393371582,-1.0,-0.2978520393371582,0.2978520393371582,0.26835071651928777,0.7154791706064788,0.8188337347472174,0.7208743095397949,651d503762027ccef44f3a6b90993f8ebe0a47b41c980c02b47481ff572c2071
1,linear,9,1000,800,200,10000,10000,0.5,909,31260913,31760913,1031760913,2031260913,3031260913,0.3529405148320538,1.4452841367200915,1.4080054420595192,0.0663583107932465,2.08884623585474,-0.08636261088938232,0.08014330799710223,1.9824793248692218,2.220446049250313e-16,5.793586392854877e-07,6363,0.005,1,1,1.1907285451889038,1.0,0.1907285451889038,0.1907285451889038,-1.2969673871994019,-1.0,-0.29696738719940186,0.29696738719940186,0.25598667537164116,0.7096048479878752,0.8067284059801502,0.7140147686004639,e0127a28e1dae35f705d94030824e8ba7affb788f8f6628000e4a25bb2881b2a
1,linear,9,1000,800,200,10000,10000,0.5,910,31260913,31760913,1031760913,2031260913,3031260913,0.3520035465305567,1.4385480419644339,1.4103904669652898,0.06673990977092545,2.0694204690397067,-0.07347955475203198,0.06879591577570951,1.9892012693065682,0.0,5.67121752226285e-07,6370,0.005,1,1,1.188839316368103,1.0,0.18883931636810303,0.18883931636810303,-1.297062635421753,-1.0,-0.29706263542175293,0.29706263542175293,0.24779264674517795,0.7060407455991518,0.8068744641861203,0.7091549038887024,1084f7321aee4d36eacecdf176728b8d727178d24cd3b861c90be76908592724
1,linear,9,1000,800,200,10000,10000,0.5,911,31260913,31760913,1031760913,2031260913,3031260913,0.3519616074387886,1.450943702602581,1.4206806769460074,0.06675238414084034,2.105237628122087,-0.07682821320758094,0.07074453636878014,2.018333585847766,8.881784197001252e-16,6.529012601674822e-07,6377,0.005,1,1,1.1887633800506592,1.0,0.18876338005065918,0.18876338005065918,-1.2970612049102783,-1.0,-0.2970612049102783,0.2970612049102783,0.24533629946038193,0.70634397226827,0.8106851371247756,0.709020733833313,1c4617e50f45b1c0c2b64c5876b8f69f3bc5551c8ce3889beace97ae2dab3728
1,linear,9,1000,800,200,10000,10000,0.5,912,31260913,31760913,1031760913,2031260913,3031260913,0.3508943795985279,1.4543976407844925,1.4273470145919618,0.06644183218022892,2.1152724975194976,-0.07219741481757055,0.06618411387297182,2.037319500064586,4.440892098500626e-16,5.815483952176237e-07,6384,0.005,1,1,1.1880141496658325,1.0,0.18801414966583252,0.18801414966583252,-1.2962727546691895,-1.0,-0.29627275466918945,0.29627275466918945,0.23676694951478455,0.7066813769921501,0.8114149868301395,0.7094144821166992,32fa0e47cf88f1174666cd697ca5aea24046b6ac8988db2ccfd9afecac1ac63d
1,linear,9,1000,800,200,10000,10000,0.5,913,31260913,31760913,1031760913,2031260913,3031260913,0.34944630926844084,1.4448597279907018,1.417238254344721,0.0659903104445802,2.087619633569365,-0.07252283721793638,0.06735002075888147,2.0085642695780725,0.0,6.470266846747563e-07,6391,0.005,1,1,1.1870567798614502,1.0,0.1870567798614502,0.1870567798614502,-1.2951651811599731,-1.0,-0.29516518115997314,0.29516518115997314,0.241761761975744,0.7040401154997779,0.8079556796432911,0.7060283422470093,8656d9fc50e2e7e6a7472c4165d7aad3ebe145bc8d2f90062c3ae197dd45219a
1,linear,9,1000,800,200,10000,10000,0.5,914,31260913,31760913,1031760913,2031260913,3031260913,0.3473073542270988,1.4731814298513064,1.438663957715482,0.0656701314773078,2.1702635252587394,-0.08308983675323636,0.07432227383215705,2.0697539832295746,4.440892098500626e-16,8.682697902884229e-07,6398,0.005,1,1,1.1849873065948486,1.0,0.18498730659484863,0.18498730659484863,-1.2939423322677612,-1.0,-0.29394233226776123,0.29394233226776123,0.24801982644189452,0.7088498433162695,0.8146176995578742,0.7163804769515991,69761d2dc4dfe5cbb1c1d5f54754f6d8bda9f5b229481f935d2c28e7a061338b
1,linear,9,1000,800,200,10000,10000,0.5,915,31260913,31760913,1031760913,2031260913,3031260913,0.3472152048914487,1.438262226038041,1.417958961194576,0.06642423695674678,2.068598230847901,-0.062207426086323514,0.05827332220094972,2.0106076156320007,0.0,6.526598550493645e-07,6405,0.005,1,1,1.1834378242492676,1.0,0.18343782424926758,0.18343782424926758,-1.294803261756897,-1.0,-0.294803261756897,0.294803261756897,0.250037966845437,0.7060401188379095,0.8097109662989151,0.705622673034668,6e0091480ee2b33d4844cdb52fb02a8806d3c8b1e8756b423c4d8a29efdc946f
1,linear,9,1000,800,200,10000,10000,0.5,916,31260913,31760913,1031760913,2031260913,3031260913,0.3483985074479257,1.431069081560898,1.4107022394321271,0.06686308951644394,2.047958716199552,-0.06237049868858917,0.058984164547587446,1.9900808083388184,4.440892098500626e-16,5.876919182412621e-07,6412,0.005,1,1,1.1840907335281372,1.0,0.1840907335281372,0.1840907335281372,-1.295790672302246,-1.0,-0.2957906723022461,0.2957906723022461,0.23747324495557337,0.7151789365485639,0.806646075263692,0.7236828207969666,8c2f4c3bda987e0174bcc2ee0cd74c9f526b5829c849693781195443eef7e677
1,linear,9,1000,800,200,10000,10000,0.5,917,31260913,31760913,1031760913,2031260913,3031260913,0.34838010631260863,1.45295836169317,1.4185530966152329,0.06695537931151932,2.111088000814101,-0.08287524610447697,0.07610063863805787,2.0122928879166664,4.440892098500626e-16,6.66547364858161e-07,6419,0.005,1,1,1.1838929653167725,1.0,0.18389296531677246,0.18389296531677246,-1.2958920001983643,-1.0,-0.29589200019836426,0.29589200019836426,0.24553268649930624,0.6978182178944548,0.8089806316559031,0.7039189338684082,b7705b367dd2042a77dcd1eb072d06f93516f608170213cd0f9adad8017868ae
1,linear,9,1000,800,200,10000,10000,0.5,918,31260913,31760913,1031760913,2031260913,3031260913,0.346867473820985,1.4805955801449269,1.4397575205493385,0.06650495658936018,2.1921632719446924,-0.09288325527783682,0.08224603693843163,2.072901717978379,0.0,6.434281836220634e-07,6426,0.005,1,1,1.1828479766845703,1.0,0.1828479766845703,0.1828479766845703,-1.2947603464126587,-1.0,-0.2947603464126587,0.2947603464126587,0.25188795362511934,0.7033503486785893,0.817317928452848,0.7056281566619873,9674f667dc75c92a52c18b144352132694f60c0d23f2efab9b9ddadd91f90563
1,linear,9,1000,800,200,10000,10000,0.5,919,31260913,31760913,1031760913,2031260913,3031260913,0.34626339995661026,1.5178083472231694,1.4598274181492057,0.0651720464382214,2.3037421789003294,-0.11890906727918732,0.10039119695200746,2.131096090780176,0.0,6.522872659786572e-07,6433,0.005,1,1,1.1846296787261963,1.0,0.1846296787261963,0.1846296787261963,-1.2929338216781616,-1.0,-0.2929338216781616,0.2929338216781616,0.2850487833161621,0.713332934000685,0.8197230113107191,0.7246642112731934,eb12916dcc4af59c5164c1f438fdf1dc2a64a4b4b8980053a2adfd68add15ac2
1,linear,9,1000,800,200,10000,10000,0.5,920,31260913,31760913,1031760913,2031260913,3031260913,0.3464617486278857,1.4297846183063316,1.4042271317386767,0.06533511198271123,2.044284054745382,-0.06888266460853151,0.06530341181471615,1.9718538375110308,4.440892098500626e-16,6.567755086450688e-07,6440,0.005,1,1,1.1845667362213135,1.0,0.18456673622131348,0.18456673622131348,-1.2932078838348389,-1.0,-0.29320788383483887,0.29320788383483887,0.24883167725694286,0.7092728052582905,0.8058286143230533,0.7127392292022705,5e83672cf1eee224df42ae8aadf0eda55043ea3cb5593ac95f97d3c7e3934bcf
1,linear,9,1000,800,200,10000,10000,0.5,921,31260913,31760913,1031760913,2031260913,3031260913,0.3441876613575855,1.440193770722415,1.428587385817202,0.06608030456732995,2.0741580972276483,-0.049688241439475506,0.04643243612281968,2.0408619189160273,0.0,6.080345933412445e-07,6447,0.005,1,1,1.180289626121521,1.0,0.180289626121521,0.180289626121521,-1.2931907176971436,-1.0,-0.29319071769714355,0.29319071769714355,0.24848395323292574,0.7096547231355546,0.8115348240046134,0.7117898464202881,0a6e7c24ecb37a9921009e597b42d06a35c80dfc15e2c29317301f0cf277f4f1
1,linear,9,1000,800,200,10000,10000,0.5,922,31260913,31760913,1031760913,2031260913,3031260913,0.3439133240555075,1.3918556979829158,1.390316360325544,0.06768636700077003,1.9372622840075095,-0.03598453460970601,0.035895716921836934,1.9329795817888678,2.220446049250313e-16,5.653835994934298e-07,6454,0.005,1,1,1.1768816709518433,1.0,0.17688167095184326,0.17688167095184326,-1.294939398765564,-1.0,-0.29493939876556396,0.29493939876556396,0.254951768347495,0.6976463176667455,0.8028124248171449,0.6997801065444946,76f4238e5d41b5c08aa28cf71c891821136977a6b0b60385ee021ec4becfd951
1,linear,9,1000,800,200,10000,10000,0.5,923,31260913,31760913,1031760913,2031260913,3031260913,0.3440806259506877,1.4260580214847938,1.4343431909531412,0.06808639005739531,2.0336414806411245,-0.022193740632440014,0.021119518793899623,2.0573403894336395,-4.440892098500626e-16,5.979197013061821e-07,6461,0.005,1,1,1.1763325929641724,1.0,0.17633259296417236,0.17633259296417236,-1.2954628467559814,-1.0,-0.29546284675598145,0.29546284675598145,0.275874172560002,0.7186323174425148,0.8124294451027974,0.7218371629714966,34088ede9124f0aadeb2575550519e85a527bb92e0f3a5d5c24ed45cd172b4c4
1,linear,9,1000,800,200,10000,10000,0.5,924,31260913,31760913,1031760913,2031260913,3031260913,0.3434253789031077,1.3930045792447392,1.4054674734349784,0.06807730275062376,1.9404617577968128,-0.01660012083186745,0.01652954742870971,1.9753388188837016,-2.220446049250313e-16,6.712126605634694e-07,6468,0.005,1,1,1.1755211353302002,1.0,0.1755211353302002,0.1755211353302002,-1.295183539390564,-1.0,-0.29518353939056396,0.29518353939056396,0.28031245184571246,0.7062356716519702,0.8031395559401433,0.7077966928482056,83b104e8b2a357837c65143e5b5d0ec995e649b16bd5f75c0fcbf96ee7057421
1,linear,9,1000,800,200,10000,10000,0.5,925,31260913,31760913,1031760913,2031260913,3031260913,0.34197471756128456,1.432053123938069,1.4187671836754143,0.06687117202737757,2.050776149780782,-0.052373500166946266,0.04946385512600559,2.012900321474267,0.0,6.036709052636979e-07,6475,0.005,1,1,1.1759884357452393,1.0,0.17598843574523926,0.17598843574523926,-1.2932145595550537,-1.0,-0.2932145595550537,0.2932145595550537,0.25882621895958596,0.7069224195415182,0.8123307276576224,0.707598090171814,acf7256d1f0dab95ce1dab1b13146cbd355145115cbe516fccf299c722ef484b
1,linear,9,1000,800,200,10000,10000,0.5,926,31260913,31760913,1031760913,2031260913,3031260913,0.34202794144050913,1.492834846025842,1.4394631741687527,0.06635869262931265,2.2285558775089997,-0.11143017017516577,0.09711051698839489,2.0720542297879807,-4.440892098500626e-16,6.247315962326638e-07,6482,0.005,1,1,1.177037000656128,1.0,0.17703700065612793,0.17703700065612793,-1.2926448583602905,-1.0,-0.2926448583602905,0.2926448583602905,0.26261976269610543,0.7144020042412434,0.8167792201766702,0.7210935950279236,682d5502834dc281729befe9d63c71cec2a279d2fd57d0cdc29f2036ea836e0b
1,linear,9,1000,800,200,10000,10000,0.5,927,31260913,31760913,1031760913,2031260913,3031260913,0.34114573363465306,1.5432071116877117,1.4702530786967256,0.0664697060204425,2.3814881895635294,-0.14315689008338606,0.11696025519199978,2.1616441154172,0.0,6.028439294425425e-07,6489,0.005,1,1,1.1757107973098755,1.0,0.1757107973098755,0.1757107973098755,-1.2924143075942993,-1.0,-0.2924143075942993,0.2924143075942993,0.31044320598194963,0.7231652468019619,0.8255397704009781,0.734595775604248,af52faa0edee9ba0e44cabb49aef2dc9cca5d5e4894c391c33b308996c878386
1,linear,9,1000,800,200,10000,10000,0.5,928,31260913,31760913,1031760913,2031260913,3031260913,0.34068859874026647,1.470598477054446,1.4310351847832188,0.06804771468089965,2.1626598807148563,-0.09142294765410713,0.08196766608300138,2.0478617000875414,-4.440892098500626e-16,5.898318882202602e-07,6496,0.005,1,1,1.1721099615097046,1.0,0.1721099615097046,0.1721099615097046,-1.2940185070037842,-1.0,-0.2940185070037842,0.2940185070037842,0.25895251142888176,0.7109300629698976,0.8147119349121276,0.7183008193969727,0956110122b9f2a294579e6a7ee34e08136dba0e24a379843ff685f406128672
1,linear,9,1000,800,200,10000,10000,0.5,929,31260913,31760913,1031760913,2031260913,3031260913,0.3421325004035778,1.4339106134373143,1.4221577240256922,0.06811105578345532,2.056099647328175,-0.05083905555284704,0.04786630203715283,2.0225325920059367,4.440892098500626e-16,5.950633372719949e-07,6503,0.005,1,1,1.173819899559021,1.0,0.173819899559021,0.173819899559021,-1.2946884632110596,-1.0,-0.29468846321105957,0.29468846321105957,0.2553564857618363,0.7047007788761712,0.8106597269338235,0.7020314931869507,f737f0f24cd1dadc0646f2c74575b4f720e345d74bdebcccf5ab417bde595365
1,linear,9,1000,800,200,10000,10000,0.5,930,31260913,31760913,1031760913,2031260913,3031260913,0.34265387879987863,1.4275512419139493,1.4307930779140678,0.06667265287699098,2.037902548290059,-0.02870318468011924,0.027276938989115207,2.0471688318068115,4.440892098500626e-16,5.785587866569131e-07,6510,0.005,1,1,1.1772254705429077,1.0,0.17722547054290771,0.17722547054290771,-1.2932623624801636,-1.0,-0.2932623624801636,0.2932623624801636,0.27266224392673566,0.7160383023482602,0.8133973136361629,0.7144680619239807,e27768b11a68dc8b517a87ae1f2ef7d0789ffa51b8e496b8430a5b5a3aca448f
1,linear,9,1000,800,200,10000,10000,0.5,931,31260913,31760913,1031760913,2031260913,3031260913,0.3422726064563148,1.4033083207767767,1.401527774909761,0.06652521899059814,1.969274243161337,-0.03575967915421488,0.035130846450283686,1.9642801038435054,-2.220446049250313e-16,5.811267573818668e-07,6517,0.005,1,1,1.177026629447937,1.0,0.177026629447937,0.177026629447937,-1.2929370403289795,-1.0,-0.2929370403289795,0.2929370403289795,0.26692580514473774,0.7082031477808388,0.8060898950095594,0.7119293212890625,1a2045e73cf96d97a7499e962c7d323913242358fc1a16fb7f0db3df4d691b51
1,linear,9,1000,800,200,10000,10000,0.5,932,31260913,31760913,1031760913,2031260913,3031260913,0.3419543805137825,1.459981726884768,1.4285445631622895,0.06608928054527032,2.1315466428374292,-0.07844817722108169,0.07139324251701414,2.0407395689405368,4.440892098500626e-16,5.894630152880609e-07,6524,0.005,1,1,1.177460789680481,1.0,0.17746078968048096,0.17746078968048096,-1.2923020124435425,-1.0,-0.2923020124435425,0.2923020124435425,0.25199999031169545,0.7090026166458842,0.8131839370487367,0.7140625715255737,5d776a0c4f941ad6cf41164bf6566522c7be033c420ba9099f3f860fe8c4820e
1,linear,9,1000,800,200,10000,10000,0.5,933,31260913,31760913,1031760913,2031260913,3031260913,0.3428946560641484,1.4385928544314457,1.401231689895007,0.06802319197388905,2.0695494008212147,-0.0870611720145433,0.08145797930605159,1.963450248766017,0.0,6.395078813170585e-07,6531,0.005,1,1,1.174952507019043,1.0,0.17495250701904297,0.17495250701904297,-1.2949039936065674,-1.0,-0.2949039936065674,0.2949039936065674,0.245809795864598,0.6938835837297259,0.8037531387379706,0.6975208520889282,3e7e458f7e09f510395b1c92b8629a3eeafb44c2d7cf5c8381db60f0baa8a404
1,linear,9,1000,800,200,10000,10000,0.5,934,31260913,31760913,1031760913,2031260913,3031260913,0.34525069142399606,1.4654625864022695,1.4427861304121468,0.06944174253384537,2.1475805921448288,-0.06769525828450892,0.06106862995976122,2.0816318181096563,0.0,5.684420560925219e-07,6538,0.005,1,1,1.1752463579177856,1.0,0.17524635791778564,0.17524635791778564,-1.2974672317504883,-1.0,-0.2974672317504883,0.2974672317504883,0.2431463280088745,0.7093702740722617,0.8168113144317456,0.7137600779533386,92803e8fc69c22b13aa29e46df204b9c12fb9873722251a3758ca4098626ce02
1,linear,9,1000,800,200,10000,10000,0.5,935,31260913,31760913,1031760913,2031260913,3031260913,0.3474785146689606,1.472326673416714,1.4259860692288824,0.06915135883427363,2.167745833254327,-0.10173046122688083,0.0909567606295707,2.033436269634839,0.0,6.266432919233011e-07,6545,0.005,1,1,1.1786129474639893,1.0,0.17861294746398926,0.17861294746398926,-1.298058271408081,-1.0,-0.29805827140808105,0.29805827140808105,0.25549503765468645,0.703731701232555,0.8112510603296991,0.7074637413024902,63300e2272627399e602163420a9074485ff7a4012c1a3e27794857501dcf830
1,linear,9,1000,800,200,10000,10000,0.5,936,31260913,31760913,1031760913,2031260913,3031260913,0.3486479915999761,1.4508368840271153,1.4172806988736661,0.0691232319187131,2.104927664053509,-0.08268315828619718,0.07606368226188356,2.008684579399828,0.0,6.513012262843176e-07,6552,0.005,1,1,1.1801424026489258,1.0,0.18014240264892578,0.18014240264892578,-1.2985031604766846,-1.0,-0.29850316047668457,0.29850316047668457,0.2432499904699187,0.7159980874889662,0.8106559091093752,0.7218787670135498,a98432e26858ed9f5fb56abde5f45bf743ca44a12600a4590a0f58df303d4eb3
1,linear,9,1000,800,200,10000,10000,0.5,937,31260913,31760913,1031760913,2031260913,3031260913,0.3484738996470443,1.4884376972878695,1.447898794083932,0.06937676945905363,2.2154467787076153,-0.09420631512848197,0.08246266124495492,2.096410917909705,0.0,5.697340696997344e-07,6559,0.005,1,1,1.1794463396072388,1.0,0.17944633960723877,0.17944633960723877,-1.298719048500061,-1.0,-0.29871904850006104,0.29871904850006104,0.25019634741799746,0.7061760907882113,0.8177445101365515,0.7080632448196411,9a5ac9d11f32182dc5b8aead3481c1478fcda5e307a684cfa4476143d4c1a844
1,linear,9,1000,800,200,10000,10000,0.5,938,31260913,31760913,1031760913,2031260913,3031260913,0.34958059766832866,1.5052875689482856,1.4501413133048078,0.06879661959955133,2.26589066523024,-0.11588872813819967,0.09927558940438436,2.1029098285533925,4.440892098500626e-16,6.009171187315587e-07,6566,0.005,1,1,1.1819316148757935,1.0,0.18193161487579346,0.18193161487579346,-1.2985087633132935,-1.0,-0.29850876331329346,0.29850876331329346,0.27436157161582575,0.7182580827482847,0.8209137188660522,0.728110671043396,0ff59fa6cc25eecfc805cc384003f866e8917d3ba58922ec2ee52536ab6ff9f9
1,linear,9,1000,800,200,10000,10000,0.5,939,31260913,31760913,1031760913,2031260913,3031260913,0.35020036777326796,1.4963330801030221,1.4485765334197465,0.06910378374062964,2.2390126866105975,-0.10487124858842826,0.09087171287545116,2.09837397317437,-8.881784197001252e-16,6.539579118225447e-07,6573,0.005,1,1,1.182136058807373,1.0,0.18213605880737305,0.18213605880737305,-1.299109935760498,-1.0,-0.29910993576049805,0.29910993576049805,0.26375368117857406,0.7163011658914483,0.8194031737615943,0.724376916885376,db6c80259d34935bfa60d7bb283c0428ad8d8ad4dfde5420165cc576a1997e72
1,linear,9,1000,800,200,10000,10000,0.5,940,31260913,31760913,1031760913,2031260913,3031260913,0.3503883430343444,1.5283417872078642,1.4700057832830746,0.06818916415990246,2.335828618525728,-0.12155038989997238,0.10112270447865263,2.160917002885686,0.0,5.829087239561659e-07,6580,0.005,1,1,1.1840888261795044,1.0,0.1840888261795044,0.1840888261795044,-1.2981330156326294,-1.0,-0.2981330156326294,0.2981330156326294,0.27427651003736464,0.7124567175261531,0.8252181730162669,0.7142946720123291,7c7be31df58d5d21d08bf20a75871a9f210656383026dc2d8d01a52593fad193
1,linear,9,1000,800,200,10000,10000,0.5,941,31260913,31760913,1031760913,2031260913,3031260913,0.35166615605344975,1.4074882002792166,1.3900004720465107,0.07072833221049209,1.9810230339252284,-0.05982502692309918,0.058316059061068355,1.9321013122895223,4.440892098500626e-16,5.679320373985774e-07,6587,0.005,1,1,1.1809512376785278,1.0,0.18095123767852783,0.18095123767852783,-1.3015389442443848,-1.0,-0.30153894424438477,0.30153894424438477,0.25368080310640606,0.7031744536147153,0.8008228768180854,0.708282470703125,cc3cfb7ecd9eae4af5bafe81c42c53e893fd16a8f0deb1ff5f6c4d26117edb9d
1,linear,9,1000,800,200,10000,10000,0.5,942,31260913,31760913,1031760913,2031260913,3031260913,0.3513567523643161,1.418149231630536,1.4048439270643638,0.07051935514963825,2.0111472431742796,-0.054040069457147115,0.05192000438558049,1.9735864594096237,2.220446049250313e-16,5.713332242862634e-07,6594,0.005,1,1,1.1809495687484741,1.0,0.18094956874847412,0.18094956874847412,-1.301179051399231,-1.0,-0.30117905139923096,0.30117905139923096,0.25317773759160034,0.70678093529799,0.8061157356320958,0.7067956924438477,67487869aa1e69a9b96480eedee4a61900ab0a0a5f7ad745254e7010fcfbbd62
1,linear,9,1000,800,200,10000,10000,0.5,943,31260913,31760913,1031760913,2031260913,3031260913,0.35115358828757626,1.438154106456546,1.4297110495893453,0.07084315988174232,2.068287233917826,-0.047528354240850834,0.044437080019633556,2.044073685317867,0.0,6.359125954702449e-07,6601,0.005,1,1,1.1800898313522339,1.0,0.1800898313522339,0.1800898313522339,-1.3014572858810425,-1.0,-0.3014572858810425,0.3014572858810425,0.2553877107305198,0.7126753914295619,0.8130933114169288,0.7107393145561218,f94142184313b1e2b2520e493acd59ce983097875412b49fdcc7c986f9d8d3fa
1,linear,9,1000,800,200,10000,10000,0.5,944,31260913,31760913,1031760913,2031260913,3031260913,0.3504846127651959,1.4494386066776856,1.4206830556724386,0.07121929254001254,2.1008722745277506,-0.07687561119649285,0.07078487146862952,2.0183403446747774,0.0,6.354567165800518e-07,6608,0.005,1,1,1.1785430908203125,1.0,0.1785430908203125,0.1785430908203125,-1.3015987873077393,-1.0,-0.30159878730773926,0.30159878730773926,0.2521776305953638,0.7110832252578391,0.8128812444795797,0.7193841338157654,84f36c38456eae17fba3330fea3a3bcefc50981e6a497863b1e47b69d8484226
1,linear,9,1000,800,200,10000,10000,0.5,945,31260913,31760913,1031760913,2031260913,3031260913,0.35015419219491817,1.4447017765841683,1.4378391869151979,0.07276040742216741,2.0871632232654522,-0.04627105162933094,0.042845081161133815,2.0673815274289575,0.0,6.269922643298287e-07,6615,0.005,1,1,1.1752586364746094,1.0,0.17525863647460938,0.17525863647460938,-1.3031375408172607,-1.0,-0.30313754081726074,0.30313754081726074,0.26075451677427347,0.7191414028315015,0.8143333628040488,0.7224860191345215,7211385dc08582d72cc788775ae4b5320822ce433fe8a56cd3bfcce9071a2a3c
1,linear,9,1000,800,200,10000,10000,0.5,946,31260913,31760913,1031760913,2031260913,3031260913,0.3481657015638772,1.4336639463859209,1.416560287956456,0.07357937514690807,2.0553923111668526,-0.06116431844924148,0.05745902478876582,2.0066430494152776,-4.440892098500626e-16,6.056645389662663e-07,6622,0.005,1,1,1.1712020635604858,1.0,0.17120206356048584,0.17120206356048584,-1.303165316581726,-1.0,-0.3031653165817261,0.3031653165817261,0.2552482936161877,0.707950059454895,0.8112699474182962,0.7103798389434814,998a1bd54f4624f16c0cac9784b3a5a49a70933f8ada86a398f71f62906b938e
1,linear,9,1000,800,200,10000,10000,0.5,947,31260913,31760913,1031760913,2031260913,3031260913,0.3465647009259482,1.4214872656325153,1.4095625236684015,0.07311592608118726,2.020626046355405,-0.05343773215307954,0.051045193587910334,1.986866508130433,0.0,6.511800787478705e-07,6629,0.005,1,1,1.1700193881988525,1.0,0.17001938819885254,0.17001938819885254,-1.3019942045211792,-1.0,-0.3019942045211792,0.3019942045211792,0.2532743008281361,0.7022307243445957,0.8057406775075275,0.7083996534347534,7d4b1f4c84d4d8af30bc4f74ef596a5432aff950ad451ec9c3bf110f7e055739
1,linear,9,1000,800,200,10000,10000,0.5,948,31260913,31760913,1031760913,2031260913,3031260913,0.3441675110032592,1.4753859350639014,1.4480094778493824,0.07235039668770936,2.1767636573843827,-0.07619130306522577,0.06775228043885013,2.096731447941641,0.0,5.933549811487637e-07,6636,0.005,1,1,1.168387532234192,1.0,0.1683875322341919,0.1683875322341919,-1.3001614809036255,-1.0,-0.3001614809036255,0.3001614809036255,0.2593311040871113,0.7252346518226619,0.8188210110505756,0.7291682958602905,384b51d263015f9d6d2625b7f720c6015c614434b92c0c2b014d55cfffad7209
1,linear,9,1000,800,200,10000,10000,0.5,949,31260913,31760913,1031760913,2031260913,3031260913,0.3436388462161186,1.4242329459033836,1.406842792123859,0.07360642005125421,2.02843948419663,-0.061419631248514045,0.05843795430384771,1.9792066417508556,-4.440892098500626e-16,6.604834048573593e-07,6643,0.005,1,1,1.1653506755828857,1.0,0.16535067558288574,0.16535067558288574,-1.3012421131134033,-1.0,-0.3012421131134033,0.3012421131134033,0.2488688188545045,0.705957004760181,0.8054721977225642,0.7110065817832947,30b99cfff456b402260f6f79011f5e5e57fc0147d6d7c3cce55bbeb19db4e29a
1,linear,9,1000,800,200,10000,10000,0.5,950,31260913,31760913,1031760913,2031260913,3031260913,0.34377722591181464,1.4547407182882834,1.4302729347502323,0.07292802825879179,2.116270557445911,-0.07175895891283018,0.06555728601453575,2.0456806678790422,0.0,6.470636044753064e-07,6650,0.005,1,1,1.166802167892456,1.0,0.16680216789245605,0.16680216789245605,-1.3005990982055664,-1.0,-0.3005990982055664,0.3005990982055664,0.24809536151942665,0.7120501134172131,0.8147371059425637,0.7117279767990112,23f3439f0f381de623855aeac1af211298d89aecad43f9e4f4731ccc220cc7ac
1,linear,9,1000,800,200,10000,10000,0.5,951,31260913,31760913,1031760913,2031260913,3031260913,0.34404265918075655,1.5011075323488743,1.459798567349255,0.07186252366238699,2.2533238236745268,-0.09708724505098822,0.08350921650833219,2.1310118572349372,0.0,6.098255358466531e-07,6657,0.005,1,1,1.1691454648971558,1.0,0.16914546489715576,0.16914546489715576,-1.2995916604995728,-1.0,-0.29959166049957275,0.29959166049957275,0.2572188007180421,0.7117508710680134,0.8193503847101454,0.7164844274520874,43c7698cbf3f9899417fa919eee78f0b3ecab42b4a2a87732dbb0f48b44dbf49
1,linear,9,1000,800,200,10000,10000,0.5,952,31260913,31760913,1031760913,2031260913,3031260913,0.34406443650726093,1.464388778244224,1.4273418936334563,0.07180377173196614,2.144434493847611,-0.0894666921292182,0.08073743109549769,2.0373048813211407,0.0,6.277680100197358e-07,6664,0.005,1,1,1.1692838668823242,1.0,0.16928386688232422,0.16928386688232422,-1.299538493156433,-1.0,-0.2995384931564331,0.2995384931564331,0.2541646606431625,0.7149875143107393,0.8148284670822504,0.7244752645492554,ed2c52401ffee30ebbd407766556e0f722908da3421996ea58b6a627fedd4a18
1,linear,9,1000,800,200,10000,10000,0.5,953,31260913,31760913,1031760913,2031260913,3031260913,0.3432759258429761,1.447698171743791,1.4133739336338016,0.07219291736182493,2.095829996470315,-0.08519851877832663,0.07859558885171743,1.997625876275486,-6.661338147750939e-16,6.62405438944802e-07,6671,0.005,1,1,1.1675426959991455,1.0,0.1675426959991455,0.1675426959991455,-1.2996127605438232,-1.0,-0.29961276054382324,0.29961276054382324,0.25134117405773343,0.7073258573516538,0.80865024479374,0.7103585600852966,c2bf48fc28d53edc44de6eb2d0423e8495a49fc9c9484cc3bb88a2924cb57dc8
1,linear,9,1000,800,200,10000,10000,0.5,954,31260913,31760913,1031760913,2031260913,3031260913,0.34166328867552764,1.482163025446562,1.4343313584629624,0.07182841563626298,2.196807234000906,-0.10566460188348044,0.09315255351856941,2.0573064458702075,-8.881784197001252e-16,6.021248832865922e-07,6678,0.005,1,1,1.1661649942398071,1.0,0.16616499423980713,0.16616499423980713,-1.2985347509384155,-1.0,-0.2985347509384155,0.2985347509384155,0.25667119456073656,0.7025279127706483,0.8163481919335615,0.7103070020675659,bcfe2b2d37e71c1804e90e33fc51bea5960bb34e495c166cfa7176c88ea46603
1,linear,9,1000,800,200,10000,10000,0.5,955,31260913,31760913,1031760913,2031260913,3031260913,0.3423838745146824,1.4621270427985105,1.4279787121433571,0.07259019507901134,2.1378154892827173,-0.08564124101356381,0.07748916103452146,2.0391232023346006,-4.440892098500626e-16,6.316399066008671e-07,6685,0.005,1,1,1.1656506061553955,1.0,0.1656506061553955,0.1656506061553955,-1.299644112586975,-1.0,-0.2996441125869751,0.2996441125869751,0.2469986029148177,0.6975438189574823,0.812760389521521,0.7009220123291016,01d17b86c0a09b7ed315b11de65489904cc0f1200b7368101baecf7573187154
1,linear,9,1000,800,200,10000,10000,0.5,956,31260913,31760913,1031760913,2031260913,3031260913,0.3429273552360615,1.4675468200739503,1.4324039231521286,0.07264720085165594,2.1536936691091637,-0.0872799354496052,0.07840662373605098,2.051780999061609,-4.440892098500626e-16,6.548237507786325e-07,6692,0.005,1,1,1.1662404537200928,1.0,0.16624045372009277,0.16624045372009277,-1.2999387979507446,-1.0,-0.29993879795074463,0.29993879795074463,0.2596634092957979,0.7050751767068607,0.8149219080938281,0.7017470598220825,a004536ee329ba8d57166ee8f5e0d52bd246ab35a272909cbfa5ec86c199b9b6
1,linear,9,1000,800,200,10000,10000,0.5,957,31260913,31760913,1031760913,2031260913,3031260913,0.3452784787279826,1.476169932054186,1.4454036749008539,0.07295122443331398,2.17907766830086,-0.08141855465864034,0.07230684732449466,2.089191783416893,0.0,5.928589477122159e-07,6699,0.005,1,1,1.1686819791793823,1.0,0.16868197917938232,0.16868197917938232,-1.3012700080871582,-1.0,-0.3012700080871582,0.3012700080871582,0.2607175283446256,0.714833019639341,0.8167920424107223,0.7249817848205566,9f8e9da108a6ff352070fef4dd79a0501c757388f5a42fa5d190be05140b10a7
1,linear,9,1000,800,200,10000,10000,0.5,958,31260913,31760913,1031760913,2031260913,3031260913,0.34605424845314847,1.4556910658321536,1.417600917589528,0.07427013377436678,2.119036479143551,-0.09185712568362285,0.08376131740324125,2.009592361550672,0.0,5.508053106950683e-07,6706,0.005,1,1,1.1672114133834839,1.0,0.1672114133834839,0.1672114133834839,-1.302975058555603,-1.0,-0.302975058555603,0.302975058555603,0.2523845916909473,0.7075062565280623,0.8093354108255936,0.7124277353286743,f92df157fcf90914718c71fe221a78db673c0d7d935a95ac5543b9b030dc4f57
1,linear,9,1000,800,200,10000,10000,0.5,959,31260913,31760913,1031760913,2031260913,3031260913,0.3460884445717607,1.5092496272563782,1.4603324666853859,0.07349950927599093,2.2778344373735164,-0.10938151669704194,0.09303784079917973,2.1325709132554236,0.0,6.378349706182007e-07,6713,0.005,1,1,1.1686935424804688,1.0,0.16869354248046875,0.16869354248046875,-1.3021914958953857,-1.0,-0.30219149589538574,0.30219149589538574,0.27083754534347976,0.7101090500982198,0.8215306531237496,0.7152000665664673,7b9c8022087a5250b0eb49ef3be3b668a50a5bef84b27cdaa10c186cfc49a351
1,linear,9,1000,800,200,10000,10000,0.5,960,31260913,31760913,1031760913,2031260913,3031260913,0.34821700437723035,1.4987411131238524,1.462440807290393,0.07374498085009631,2.2462249241677243,-0.09061839509482261,0.07812031949106386,2.138733114828176,4.440892098500626e-16,6.641603693680054e-07,6720,0.005,1,1,1.170959711074829,1.0,0.1709597110748291,0.1709597110748291,-1.303360939025879,-1.0,-0.3033609390258789,0.3033609390258789,0.25153398363380874,0.7203946746292993,0.8220798984947014,0.7247859835624695,7242a1a23f368f22ef3a18a99c3f256e8df68d4da9833feb6b782f6bf322e8ab
1,linear,9,1000,800,200,10000,10000,0.5,961,31260913,31760913,1031760913,2031260913,3031260913,0.34800342832200654,1.4912804472045098,1.4421081420650055,0.07341289389444476,2.223917372214483,-0.10882718634937312,0.0947423084567616,2.0796758934101818,0.0,6.525938953672039e-07,6727,0.005,1,1,1.17130446434021,1.0,0.17130446434020996,0.17130446434020996,-1.3029210567474365,-1.0,-0.3029210567474365,0.3029210567474365,0.2665122443581866,0.7110037078965284,0.8172172977272503,0.711371123790741,b8a536b67a40afe80c9cfb80c5fe6ffe29a9a3f09e6407cd45a3589f288045f8
1,linear,9,1000,800,200,10000,10000,0.5,962,31260913,31760913,1031760913,2031260913,3031260913,0.34498294203551483,1.4861316244992173,1.446517605510271,0.07366259153264612,2.208587205336683,-0.09491830690908007,0.08317959501127707,2.0924131830511685,-4.440892098500626e-16,6.135577983457097e-07,6734,0.005,1,1,1.1669714450836182,1.0,0.16697144508361816,0.16697144508361816,-1.3018836975097656,-1.0,-0.3018836975097656,0.3018836975097656,0.26830344581260257,0.7207098408099799,0.8186160629392151,0.7302107810974121,994ef62cc7febe286c24d8a71735fc510c70a216f0b598176c57daf0385275c8
1,linear,9,1000,800,200,10000,10000,0.5,963,31260913,31760913,1031760913,2031260913,3031260913,0.34323676575228024,1.474537088375461,1.4375578573279377,0.0735677786042422,2.174259624994782,-0.090627405216866,0.08063555508911525,2.0665725931652914,-4.440892098500626e-16,5.858117830825904e-07,6741,0.005,1,1,1.16490638256073,1.0,0.16490638256072998,0.16490638256072998,-1.3010271787643433,-1.0,-0.30102717876434326,0.30102717876434326,0.25285522723551895,0.7173743573442879,0.8182769218525048,0.7194623947143555,44006282e0a1d0ab1c41f9f9cf9a589cb8ba6048c081693495fc6d7cd80f151c
1,linear,9,1000,800,200,10000,10000,0.5,964,31260913,31760913,1031760913,2031260913,3031260913,0.34281055112667846,1.4923813452234793,1.4449483951265805,0.07318520752651411,2.2272020795710414,-0.10625571125933753,0.09238071506941987,2.0878758645788804,-4.440892098500626e-16,5.85069487968326e-07,6748,0.005,1,1,1.165077805519104,1.0,0.165077805519104,0.165077805519104,-1.3004469871520996,-1.0,-0.3004469871520996,0.3004469871520996,0.255850313700634,0.7075349953601724,0.8181999996333134,0.7137760519981384,55f574e1d71ac0a488d08577173f6a0396b5e2feab40e12cdb54eb7780cae0e7
1,linear,9,1000,800,200,10000,10000,0.5,965,31260913,31760913,1031760913,2031260913,3031260913,0.34467409517902065,1.4694299609017425,1.4334278442306192,0.07466763366681706,2.1592244099956965,-0.08958832952343673,0.08020828918532227,2.0547153846156405,4.440892098500626e-16,5.936997009570177e-07,6755,0.005,1,1,1.164694905281067,1.0,0.1646949052810669,0.1646949052810669,-1.3027801513671875,-1.0,-0.3027801513671875,0.3027801513671875,0.2425301199659315,0.7162178188139641,0.8166487938738898,0.7226872444152832,6c583d63d9544493912322e4102fea297d19abe0497734d9a9e933e66cf18318
1,linear,9,1000,800,200,10000,10000,0.5,966,31260913,31760913,1031760913,2031260913,3031260913,0.3471469927284117,1.5072270823276441,1.455766662513027,0.07427482990039368,2.2717334777019027,-0.11337586595898967,0.09665427491590073,2.119256575684317,0.0,5.759251457959635e-07,6762,0.005,1,1,1.1686044931411743,1.0,0.16860449314117432,0.16860449314117432,-1.303452730178833,-1.0,-0.303452730178833,0.303452730178833,0.25923155361570016,0.7153351017957948,0.8217237656731755,0.71953284740448,59bb2bf212a76c90576d447727e63a45a699423678f6aa2b37bac4d84c11eac9
1,linear,9,1000,800,200,10000,10000,0.5,967,31260913,31760913,1031760913,2031260913,3031260913,0.34871506134022734,1.5020092018285751,1.452008103745549,0.07271123974739362,2.2560316423777134,-0.11020767439118104,0.09464992914169247,2.108327533342745,4.440892098500626e-16,6.530237364188451e-07,6769,0.005,1,1,1.173518180847168,1.0,0.17351818084716797,0.17351818084716797,-1.3024791479110718,-1.0,-0.3024791479110718,0.3024791479110718,0.2608358752721713,0.7158141010878897,0.8229158076402888,0.7210862040519714,6f1beb9e13232f7d9f0a0227ff9136eca062a275c5e268f7901e4f3803d08fb0
1,linear,9,1000,800,200,10000,10000,0.5,968,31260913,31760913,1031760913,2031260913,3031260913,0.34940357742141553,1.457458640171681,1.4197558047716512,0.07108774272332095,2.124185687811085,-0.08978344267580371,0.08179704762695304,2.015706545182799,4.440892098500626e-16,6.657118092334713e-07,6776,0.005,1,1,1.1774189472198486,1.0,0.17741894721984863,0.17741894721984863,-1.3010072708129883,-1.0,-0.3010072708129883,0.3010072708129883,0.25260934175280203,0.7172924992136732,0.811282631632372,0.7235469818115234,08fdd9af7215aeaeffbe370b5419f871c398423b555cd60290e7ce476b52a62a
1,linear,9,1000,800,200,10000,10000,0.5,969,31260913,31760913,1031760913,2031260913,3031260913,0.35019813816715395,1.4470857104642842,1.4379192345314902,0.07086772299513296,2.0940570534299225,-0.048656525694714244,0.044949853430991595,2.067611725035627,0.0,6.380912402903505e-07,6783,0.005,1,1,1.1788356304168701,1.0,0.17883563041687012,0.17883563041687012,-1.301092267036438,-1.0,-0.301092267036438,0.301092267036438,0.26023409535720016,0.7246106193252106,0.8190149743204215,0.7282077074050903,47ae0fdc3b2a0d1936906e2d03c79e28d8f577e4e5ba74307b69d704b75bb30a
1,linear,9,1000,800,200,10000,10000,0.5,970,31260913,31760913,1031760913,2031260913,3031260913,0.3508915290434927,1.4698732022134497,1.4409293600584483,0.0708702138499981,2.160527230585221,-0.07756001187838449,0.06951698548531361,2.0762774206784496,0.0,5.925557537977966e-07,6790,0.005,1,1,1.1797081232070923,1.0,0.17970812320709229,0.17970812320709229,-1.301379919052124,-1.0,-0.301379919052124,0.301379919052124,0.26515200617937,0.712129466044248,0.8159754836992426,0.7134701013565063,e9fcbeefa71defb8f09f7d200dffdf9677366ee3ab467f9d964ba3f64ab544b2
1,linear,9,1000,800,200,10000,10000,0.5,971,31260913,31760913,1031760913,2031260913,3031260913,0.3498051399321915,1.44988549496079,1.4238875362684553,0.0726538147451299,2.102167948497695,-0.07368302365108627,0.06776005730347232,2.027455715940652,-4.440892098500626e-16,6.367963081288508e-07,6797,0.005,1,1,1.1750125885009766,1.0,0.17501258850097656,0.17501258850097656,-1.302876591682434,-1.0,-0.3028765916824341,0.3028765916824341,0.2609244683054996,0.7127030584566725,0.8124377647743654,0.7210927605628967,13a524a6fbcf105a5e541a2476e264f7e69791ec4e80889403205aafd2a290b1
1,linear,9,1000,800,200,10000,10000,0.5,972,31260913,31760913,1031760913,2031260913,3031260913,0.34805181968418447,1.47973017485903,1.4551093660969208,0.0736849478621369,2.1896013903883356,-0.0729715354737448,0.06448281354461939,2.117343267302983,0.0,6.018573852628606e-07,6804,0.005,1,1,1.1708601713180542,1.0,0.1708601713180542,0.1708601713180542,-1.303227424621582,-1.0,-0.30322742462158203,0.30322742462158203,0.2673049804690751,0.7180450275877939,0.8196527900498836,0.713799774646759,2c5473b71694f941bf2116b7288cc040c2cf44276ce917cbea27b838820afaa6
1,linear,9,1000,800,200,10000,10000,0.5,973,31260913,31760913,1031760913,2031260913,3031260913,0.3488165333317559,1.4194180626054178,1.3917847447968998,0.07486778825324779,2.014747636450518,-0.07627532442719696,0.07300417438104442,1.9370647758493718,0.0,6.01105890396525e-07,6811,0.005,1,1,1.169643521308899,1.0,0.16964352130889893,0.16964352130889893,-1.3047852516174316,-1.0,-0.30478525161743164,0.30478525161743164,0.2535941931017551,0.7020744813783582,0.803616397080973,0.7059248685836792,c5e7b42c4d71b356109c9c714cd62adcbdda16dfd05dee4f86c32fa5d3470b2d
1,linear,9,1000,800,200,10000,10000,0.5,974,31260913,31760913,1031760913,2031260913,3031260913,0.35118883227052117,1.4506793174568526,1.4444933305480072,0.07508750583818173,2.10447048209708,-0.04649850296879359,0.0426678282717704,2.0865609819976743,-4.440892098500626e-16,5.736928088140303e-07,6818,0.005,1,1,1.1722742319107056,1.0,0.17227423191070557,0.17227423191070557,-1.306031346321106,-1.0,-0.30603134632110596,0.30603134632110596,0.27010558110277266,0.7176680750811658,0.8189846114892861,0.7214990258216858,c086461a0ed1d372d4bc8ba92e9b8f95a8f1c4852fa95624866573836e77e681
1,linear,9,1000,800,200,10000,10000,0.5,975,31260913,31760913,1031760913,2031260913,3031260913,0.3530647665218812,1.4266058447281371,1.4130399588516853,0.07473890769448212,2.0352042362124814,-0.05663060929769542,0.05367974910720391,1.9966819253115726,-2.220446049250313e-16,6.026964438632376e-07,6825,0.005,1,1,1.175310492515564,1.0,0.17531049251556396,0.17531049251556396,-1.3064652681350708,-1.0,-0.3064652681350708,0.3064652681350708,0.2792524456620275,0.7052472164012877,0.809229706782439,0.7039893865585327,2c1e5a1612cc20555635b3c0c0f409ddbde8d6303d22f9b1a37478946635d050
1,linear,9,1000,800,200,10000,10000,0.5,976,31260913,31760913,1031760913,2031260913,3031260913,0.35283968150670564,1.4803648490194943,1.466581850381704,0.07465599076568091,2.1914800862125103,-0.05763687655458382,0.05086797491123345,2.150862323869023,-4.440892098500626e-16,5.76615786229695e-07,6832,0.005,1,1,1.1751760244369507,1.0,0.17517602443695068,0.17517602443695068,-1.306282877922058,-1.0,-0.3062828779220581,0.3062828779220581,0.26719661925404947,0.7259232306423697,0.8256351007686895,0.7331885695457458,3b52be3f2476e0835202afbc6c0a2549cacfb68e05f7fd604ee79034adbdb26b
1,linear,9,1000,800,200,10000,10000,0.5,977,31260913,31760913,1031760913,2031260913,3031260913,0.3549481072364874,1.3794912680747646,1.3789121862308849,0.07746859769827318,1.902996158694522,-0.03953296952837834,0.03992292152715044,1.9013988173360383,-2.220446049250313e-16,5.864083814088872e-07,6839,0.005,1,1,1.1727246046066284,1.0,0.17272460460662842,0.17272460460662842,-1.3100876808166504,-1.0,-0.3100876808166504,0.3100876808166504,0.26556214216723645,0.6983816142202594,0.8002762872428445,0.6970568895339966,b3878b298dd81465284e1ce4e21afbb0cfc750d8ea3f60763ea0d2e3d121df5b
1,linear,9,1000,800,200,10000,10000,0.5,978,31260913,31760913,1031760913,2031260913,3031260913,0.3548907857561724,1.4677091603039283,1.4312520577022003,0.07755239767669754,2.154170179240062,-0.0916200621199887,0.08210703522708146,2.0484824526767826,4.440892098500626e-16,5.967598362133231e-07,6846,0.005,1,1,1.1724985837936401,1.0,0.17249858379364014,0.17249858379364014,-1.3101478815078735,-1.0,-0.31014788150787354,0.31014788150787354,0.24537074306742707,0.7053930969435592,0.8133479600890218,0.7098503708839417,25bad950609cacbc0f387c82b09e4a1095e58e0db82f2a2d4305780d79c699cb
1,linear,9,1000,800,200,10000,10000,0.5,979,31260913,31760913,1031760913,2031260913,3031260913,0.3543696234828895,1.467454029726468,1.4435006612059404,0.07914309082335808,2.1534213293604494,-0.07443513064090994,0.06668128361087264,2.0836941589019875,0.0,6.657726050462998e-07,6853,0.005,1,1,1.168935775756836,1.0,0.16893577575683594,0.16893577575683594,-1.3115100860595703,-1.0,-0.3115100860595703,0.3115100860595703,0.24457382430388805,0.7252453549258975,0.8201717117462937,0.7327855825424194,45714d40e0cd338a5f5865c38a07bde7e2cd97141b42b0509fdcf3d11ee0d9f5
1,linear,9,1000,800,200,10000,10000,0.5,980,31260913,31760913,1031760913,2031260913,3031260913,0.3550668517516114,1.4628956146134962,1.428306303105759,0.0803312227513321,2.140063579255399,-0.09016795325754517,0.08121794662467584,2.0400588954916405,0.0,5.781915284330807e-07,6860,0.005,1,1,1.1676799058914185,1.0,0.16767990589141846,0.16767990589141846,-1.3129791021347046,-1.0,-0.3129791021347046,0.3129791021347046,0.24660275724937045,0.7158630438864901,0.8138402185080839,0.718477189540863,6485a61fd76e779971cdc141054db6bd89019174dffc2033af7bc636d065d1e4
1,linear,9,1000,800,200,10000,10000,0.5,981,31260913,31760913,1031760913,2031260913,3031260913,0.3549021305583819,1.4697610023212855,1.441475442495016,0.08037741739305508,2.16019740394447,-0.0813616850106614,0.07262572464515336,2.0778514513162025,0.0,6.157305918463862e-07,6867,0.005,1,1,1.1673834323883057,1.0,0.16738343238830566,0.16738343238830566,-1.3129509687423706,-1.0,-0.3129509687423706,0.3129509687423706,0.24118165140389713,0.7146089710717931,0.8172572066692805,0.7179211378097534,44ee0958f09182be36101b22994027cd0313a4856f93a2a02884b47cb260b21f
1,linear,9,1000,800,200,10000,10000,0.5,982,31260913,31760913,1031760913,2031260913,3031260913,0.3553581570383136,1.4341517137941469,1.4252272392690706,0.08055144057340662,2.0567911381786885,-0.05303494759877933,0.04962699768021673,2.0312726835545365,0.0,6.684154865155278e-07,6874,0.005,1,1,1.1676576137542725,1.0,0.16765761375427246,0.16765761375427246,-1.3133214712142944,-1.0,-0.31332147121429443,0.31332147121429443,0.24541422328697998,0.7101498604156271,0.8115547887977701,0.7107240557670593,aad97792bbc9fe776cb5aaf7944f917a78c9a287eb1ba182cd7cb6eb2269a84b
1,linear,9,1000,800,200,10000,10000,0.5,983,31260913,31760913,1031760913,2031260913,3031260913,0.35447018220672205,1.4773296816675818,1.4435412535070502,0.0784891247202884,2.1825029883360387,-0.08859038123981082,0.07836416653400666,2.0838113505767057,0.0,5.695663940485929e-07,6881,0.005,1,1,1.170254111289978,1.0,0.17025411128997803,0.17025411128997803,-1.310906171798706,-1.0,-0.31090617179870605,0.31090617179870605,0.23775755145376093,0.7183779295929225,0.8186011012907453,0.7213016152381897,1b79480cbc377a3889b4db58a231612f4e7caccb0148945e5f0f87ea24afa894
1,linear,9,1000,800,200,10000,10000,0.5,984,31260913,31760913,1031760913,2031260913,3031260913,0.35356037101955856,1.4820813914902078,1.4462296260569265,0.07911631573720729,2.1965652510015508,-0.09205071772700053,0.08089947123746044,2.0915801312847573,0.0,6.248068284975261e-07,6888,0.005,1,1,1.1679413318634033,1.0,0.16794133186340332,0.16794133186340332,-1.31112802028656,-1.0,-0.31112802028656006,0.31112802028656006,0.24316423372626278,0.704722297717625,0.81769149883725,0.7058408260345459,26ed998187330f3312996a540b0dcb6252f3647c318aaae85fd914cf2acac97e
1,linear,9,1000,800,200,10000,10000,0.5,985,31260913,31760913,1031760913,2031260913,3031260913,0.3522268416473831,1.4450137264795104,1.4213141161840115,0.0810858474809697,2.0880646697142016,-0.07450835016561683,0.0686981835285088,2.020133816863938,0.0,6.381743737904344e-07,6895,0.005,1,1,1.162630319595337,1.0,0.16263031959533691,0.16263031959533691,-1.312434196472168,-1.0,-0.31243419647216797,0.31243419647216797,0.23456048693914502,0.7045130255192512,0.8127104989647044,0.7068732976913452,c4141794d656750bdf397f56bcc4c361f2b72ce8a4a7dce8b13ac04b35f060d5
1,linear,9,1000,800,200,10000,10000,0.5,986,31260913,31760913,1031760913,2031260913,3031260913,0.35112909756782307,1.4550109783429284,1.4290467589352025,0.08143630211353808,2.1170569470984453,-0.07815930499438849,0.07110261086533107,2.042174639223207,4.440892098500626e-16,6.439048441109207e-07,6902,0.005,1,1,1.1605632305145264,1.0,0.16056323051452637,0.16056323051452637,-1.3122676610946655,-1.0,-0.3122676610946655,0.3122676610946655,0.23642150479706886,0.7161213772044533,0.8125800610089963,0.7242327928543091,3fb3a49dd35ada83a95a7c6e24a0b194b78e6dd8ae20b5527d6f0f46c4e15ecb
1,linear,9,1000,800,200,10000,10000,0.5,987,31260913,31760913,1031760913,2031260913,3031260913,0.3519366367774603,1.4440159439462057,1.4125886567849766,0.08187602653082432,2.0851820463708512,-0.08582567981204577,0.07920939534133091,1.9954067132775843,2.220446049250313e-16,6.430965768799979e-07,6909,0.005,1,1,1.1608147621154785,1.0,0.16081476211547852,0.16081476211547852,-1.3130463361740112,-1.0,-0.31304633617401123,0.31304633617401123,0.23273936889905625,0.699958096461495,0.8085210708288086,0.7007138729095459,ba4efe300ca360a6e7b830e903f684ecd87eb5b1073ea051ccd3e8db0c1fd231
1,linear,9,1000,800,200,10000,10000,0.5,988,31260913,31760913,1031760913,2031260913,3031260913,0.3502377044529439,1.4714929880979883,1.4360324915769458,0.08101244166570336,2.1652916140215464,-0.09205736941127937,0.08196340934185306,2.062189316864691,0.0,6.663928378003448e-07,6916,0.005,1,1,1.1601755619049072,1.0,0.16017556190490723,0.16017556190490723,-1.3114646673202515,-1.0,-0.31146466732025146,0.31146466732025146,0.23138320200273355,0.7101994049667348,0.8167097596092753,0.7155623435974121,431d729e4d331d066a9be8a48554e1f156af5c25798887e178dd355757e82275
1,linear,9,1000,800,200,10000,10000,0.5,989,31260913,31760913,1031760913,2031260913,3031260913,0.3491809440465738,1.4555829889247378,1.423408484750177,0.08090636500339049,2.1187218376470733,-0.08676824409583485,0.07889355482102166,2.0260917144587944,4.440892098500626e-16,6.674309727117134e-07,6923,0.005,1,1,1.158991813659668,1.0,0.15899181365966797,0.15899181365966797,-1.3108841180801392,-1.0,-0.31088411808013916,0.31088411808013916,0.23412355657420242,0.7102498274964688,0.8126298423628844,0.717231273651123,e6f8e238a420ab3aa6f1a82829b520efcfe6a4ad5883eaae7b2af1affb6ed8a5
1,linear,9,1000,800,200,10000,10000,0.5,990,31260913,31760913,1031760913,2031260913,3031260913,0.3490836327831178,1.4865345929573135,1.4466335378570108,0.07945849255308973,2.2097850960587655,-0.09824749787958202,0.08583402689720498,2.092748592852691,0.0,5.69023530516688e-07,6930,0.005,1,1,1.1615217924118042,1.0,0.1615217924118042,0.1615217924118042,-1.3094674348831177,-1.0,-0.3094674348831177,0.3094674348831177,0.235195584075147,0.7245806275006197,0.821671883392872,0.7296009063720703,9ce0334160fdb65556a20e5d0ad413d0deb73e9a88c3a02dc267f33b933eae3a
1,linear,9,1000,800,200,10000,10000,0.5,991,31260913,31760913,1031760913,2031260913,3031260913,0.34984300064895796,1.4772252396590997,1.4384976373932492,0.08063072943031786,2.182194408685884,-0.09677484266512114,0.08553453029577533,2.0692754527859596,0.0,5.929921869096688e-07,6937,0.005,1,1,1.1603597402572632,1.0,0.16035974025726318,0.16035974025726318,-1.310925841331482,-1.0,-0.31092584133148193,0.31092584133148193,0.23996496409928192,0.7047675227997167,0.8161604939366353,0.7074902057647705,b7ae621e146c3b3771cab8c86f27c5103fcc28ead137711b9874c9096be9b231
1,linear,9,1000,800,200,10000,10000,0.5,992,31260913,31760913,1031760913,2031260913,3031260913,0.34917972867074387,1.4918231208460468,1.4436409488081365,0.08108677911218294,2.225536223890839,-0.11126190696368278,0.09647168767399743,2.0840991890756566,4.440892098500626e-16,5.881225852988337e-07,6944,0.005,1,1,1.15865957736969,1.0,0.15865957736968994,0.15865957736968994,-1.3110524415969849,-1.0,-0.31105244159698486,0.31105244159698486,0.23766599749611386,0.7092718830984935,0.8181581595837986,0.715945839881897,be2b51af1c19ca6c45a72dad92bc1ed00ed3b36b0cf91fcb5f4b443d78a745b5
1,linear,9,1000,800,200,10000,10000,0.5,993,31260913,31760913,1031760913,2031260913,3031260913,0.34804925266555603,1.4965386695188037,1.4575859050206947,0.0807352848518824,2.239627989365111,-0.09790330185099798,0.08438618464519133,2.124556670514998,4.440892098500626e-16,5.8826148219282e-07,6951,0.005,1,1,1.157828450202942,1.0,0.1578284502029419,0.1578284502029419,-1.3102071285247803,-1.0,-0.3102071285247803,0.3102071285247803,0.23378896520522555,0.7196643083555304,0.8225501919518791,0.7264969348907471,99ed30231389302446c6d7ee7a6fcf9aedaf4d388ac48430baf86293cd136175
1,linear,9,1000,800,200,10000,10000,0.5,994,31260913,31760913,1031760913,2031260913,3031260913,0.35007709330252357,1.5128492855382523,1.4608629043598698,0.08010472288357888,2.2887129607536005,-0.1173486291512128,0.09907780574402918,2.134120425334754,4.440892098500626e-16,5.89176064380581e-07,6958,0.005,1,1,1.1616274118423462,1.0,0.1616274118423462,0.1616274118423462,-1.3105326890945435,-1.0,-0.31053268909454346,0.31053268909454346,0.2506454022033062,0.7244381964638219,0.824142588919261,0.7286373376846313,8a1e37e87f888907e2ff77569059fb4dbfc09e866d6dd1e2d9717ff996ab42af
1,linear,9,1000,800,200,10000,10000,0.5,995,31260913,31760913,1031760913,2031260913,3031260913,0.35024564436878086,1.5152865847652173,1.470124008107533,0.07935882682174476,2.296093433969436,-0.10709383078851108,0.0901671084333573,2.161264599214158,-8.881784197001252e-16,6.496135487310539e-07,6965,0.005,1,1,1.163212537765503,1.0,0.16321253776550293,0.16321253776550293,-1.309893012046814,-1.0,-0.30989301204681396,0.30989301204681396,0.23622439479121596,0.7205233206604211,0.8265702499578983,0.7228567600250244,cf3e6fd527be4296e67f56d3ef6d3481c8ee7bf64fbe38e230ea80e834d48b78
1,linear,9,1000,800,200,10000,10000,0.5,996,31260913,31760913,1031760913,2031260913,3031260913,0.3516996416280642,1.4517468058707843,1.426525509478085,0.0790643332630204,2.1075687883560246,-0.07582904621366747,0.06935689893649968,2.03497502919171,0.0,6.256429934126118e-07,6972,0.005,1,1,1.1656336784362793,1.0,0.1656336784362793,0.1656336784362793,-1.3102549314498901,-1.0,-0.31025493144989014,0.31025493144989014,0.234758969827208,0.7168509456855615,0.8138011746505567,0.7218947410583496,7cf4893b1d8836c94740172113eec5d3a6f12932e6c79647340a8c0b67eae58a
1,linear,9,1000,800,200,10000,10000,0.5,997,31260913,31760913,1031760913,2031260913,3031260913,0.3510911946799955,1.4678169026732206,1.4504966437118658,0.07804368958960384,2.1544864597732065,-0.06429481797171145,0.057598163223069515,2.1039405134193876,4.440892098500626e-16,6.468296938066942e-07,6979,0.005,1,1,1.1667160987854004,1.0,0.1667160987854004,0.1667160987854004,-1.3089834451675415,-1.0,-0.3089834451675415,0.3089834451675415,0.2360611195069764,0.7197513480077548,0.8189241777506091,0.7198804616928101,3c4d4ea5f286ecfcfc05e6a22d0a3f07507b5967d31f3e4b75608f64ea5a5116
1,linear,9,1000,800,200,10000,10000,0.5,998,31260913,31760913,1031760913,2031260913,3031260913,0.350740329517388,1.4594292133180622,1.4293921180767617,0.07740572992850214,2.1299336286861776,-0.08208876569735424,0.07437802019610879,2.043161827219971,0.0,5.838772878519194e-07,6986,0.005,1,1,1.1674343347549438,1.0,0.16743433475494385,0.16743433475494385,-1.3081955909729004,-1.0,-0.3081955909729004,0.3081955909729004,0.23847328154531003,0.7169243868196638,0.8148083670093762,0.7147700786590576,20e734b54e71712f8ce63046801aa4e35c0e0176fa731a61168c4ba208b2c80c
1,linear,9,1000,800,200,10000,10000,0.5,999,31260913,31760913,1031760913,2031260913,3031260913,0.3497813523836311,1.4772062160793262,1.4487225792922296,0.07727862524678478,2.182138204823401,-0.08030985915952774,0.07108901561739099,2.0987971117511304,0.0,6.579142919349579e-07,6993,0.005,1,1,1.1664323806762695,1.0,0.16643238067626953,0.16643238067626953,-1.307647943496704,-1.0,-0.3076479434967041,0.3076479434967041,0.23573691673808603,0.7172972518521417,0.8192982770019985,0.7186670303344727,810f3bd12144cf9ba6aca7c29233a604239ea79224d25146f74c6fdfbe017a6c
1,linear,9,1000,800,200,10000,10000,0.5,1000,31260913,31760913,1031760913,2031260913,3031260913,0.3475459526591581,1.4853182750795617,1.441814107356848,0.07617887228599307,2.2061703782853246,-0.10176066519904668,0.08917186111947938,2.0788279201732243,0.0,6.054159005230986e-07,7000,0.005,1,1,1.1655820608139038,1.0,0.1655820608139038,0.1655820608139038,-1.3055663108825684,-1.0,-0.30556631088256836,0.30556631088256836,0.2401387672597388,0.7117038602268556,0.8171546385104278,0.7175530791282654,2bea76f4c9ecb083d61967d8edfdc06d8e07b16c2dc58646ed499920af80b480
